9675
 Lattice="188.0 0.0 0.0 0.0 188.0 0.0 0.0 0.0 1.0"Properties=species:S:1:pos:R:3:aspherical_shape:R:3:orientation:R:4:Color:R:1
cell 73.02735209618504 28.718999626420295 0.0 2.23606797749979 0.4472135954999579 1 0 0 0.9813872756652431 0.1920390980044226 2.755113660013058
cell 70.86618126541771 1.7530601458594879 0.0 2.23606797749979 0.4472135954999579 1 0 0 0.8272498780363974 0.5618341741908955 1.9483899939099494
cell 159.52326210319225 102.95858449549362 0.0 1.0 1.0 1 0 0 0.0 1.0 0
cell 17.031793134032377 35.12539704935225 0.0 1.0 1.0 1 0 0 0.0 1.0 0
cell 55.807219115703695 17.543713048255874 0.0 1.0 1.0 1 0 0 0.0 1.0 0
cell 37.988314597221255 26.111048048374418 0.0 1.0 1.0 1 0 0 0.0 1.0 0
cell 138.30596295375122 10.063941895294064 0.0 1.0 1.0 1 0 0 0.0 1.0 0
cell 31.76289749757487 7.853989498682613 0.0 2.23606797749979 0.4472135954999579 1 0 0 0.23955575974739596 0.9708826077193101 0.4838165237760272
cell 89.44482413169331 137.25910919446804 0.0 2.23606797749979 0.4472135954999579 1 0 0 0.9996903107526308 0.02488538903269314 3.0918167370629375
cell 133.76377074134678 74.91494849462872 0.0 1.0 1.0 1 0 0 0.0 1.0 0
cell 184.31189258473376 87.4486704993611 0.0 2.23606797749979 0.4472135954999579 1 0 0 0.20806579945715686 -0.9781148312423518 5.863991178387135
cell 175.08031747083012 88.40974923096614 0.0 2.23606797749979 0.4472135954999579 1 0 0 0.47539174726884703 -0.8797742248035416 5.292366787642939
cell 131.9620861979901 170.64161300657406 0.0 1.0 1.0 1 0 0 0.0 1.0 0
cell 86.22207579533173 78.5357688597829 0.0 2.23606797749979 0.4472135954999579 1 0 0 -0.13354994905058598 -0.9910420834195619 0.2679003197497334
cell 110.84952196860381 100.07218070053597 0.0 1.0 1.0 1 0 0 0.0 1.0 0
cell 59.12460591052309 53.94551288202816 0.0 2.23606797749979 0.4472135954999579 1 0 0 -0.10893419195645168 -0.9940489634936475 0.21830159621549416
cell 107.49653619769242 143.42831716854192 0.0 2.23606797749979 0.4472135954999579 1 0 0 0.7995217232418086 0.6006371733954274 1.8529970262921445
cell 131.92809042013178 15.370930447330785 0.0 1.0 1.0 1 0 0 0.0 1.0 0
cell 139.6722949251519 105.4703983057968 0.0 2.23606797749979 0.4472135954999579 1 0 0 0.3157245874514897 0.9488508759961107 0.642440408943055
cell 38.19585277427767 11.783705075333037 0.0 2.23606797749979 0.4472135954999579 1 0 0 -0.37236412961346066 -0.9280867173800139 0.7631100769788359
cell 181.23708040429844 111.32226608562512 0.0 2.23606797749979 0.4472135954999579 1 0 0 0.933207911739732 -0.35933688019234605 3.876707083873335
cell 139.21278857319336 176.3535528971693 0.0 2.23606797749979 0.4472135954999579 1 0 0 0.9401259292796593 0.3408272833798036 2.445999197317236
cell 137.2915228340478 156.21778337469073 0.0 1.0 1.0 1 0 0 0.0 1.0 0
cell 25.229192687596843 147.2102220707173 0.0 2.23606797749979 0.4472135954999579 1 0 0 0.961102402417236 0.2761922737294027 2.5819326357303978
cell 92.22692947749107 12.913362941448932 0.0 1.0 1.0 1 0 0 0.0 1.0 0
cell 113.28864175529408 44.753199723244755 0.0 1.0 1.0 1 0 0 0.0 1.0 0
cell 182.34613031333248 29.84616476061488 0.0 2.23606797749979 0.4472135954999579 1 0 0 -0.3572712808382837 0.9340006594688102 5.5524958748171
cell 93.08133271662177 26.625920959653033 0.0 1.0 1.0 1 0 0 0.0 1.0 0
cell 1.4326948555533425 181.59331948744705 0.0 2.23606797749979 0.4472135954999579 1 0 0 0.07325324663156993 -0.9973133719438111 6.1365474699382325
cell 93.71790205940621 129.1252381532598 0.0 2.23606797749979 0.4472135954999579 1 0 0 0.9622458494348853 0.27218178713010166 2.590273258980655
cell 46.211848839717874 41.81397726643061 0.0 2.23606797749979 0.4472135954999579 1 0 0 0.989169137428643 0.14678016745689623 2.846967868464602
cell 153.6336133366595 4.698327411898662 0.0 1.0 1.0 1 0 0 0.0 1.0 0
cell 115.68310030114101 38.21913293140067 0.0 1.0 1.0 1 0 0 0.0 1.0 0
cell 112.35708657477325 115.61643407418602 0.0 1.0 1.0 1 0 0 0.0 1.0 0
cell 15.886288290491327 165.24868323614143 0.0 2.23606797749979 0.4472135954999579 1 0 0 0.9957047946787985 -0.09258488998563275 3.327028003963632
cell 116.40747086532616 175.61976991691142 0.0 2.23606797749979 0.4472135954999579 1 0 0 0.9929397692042344 0.11861962203885852 2.9037935067029537
cell 72.17946599018862 93.14015022059425 0.0 1.0 1.0 1 0 0 0.0 1.0 0
cell 13.05999222138435 184.2136721548513 0.0 2.23606797749979 0.4472135954999579 1 0 0 0.9877602399872585 0.15597983299232449 2.8283539528951613
cell 187.45844854653149 45.01623475039135 0.0 2.23606797749979 0.4472135954999579 1 0 0 -0.443020319882042 0.896511570573193 5.3652556086369065
cell 139.7811618316579 88.35718903568366 0.0 1.0 1.0 1 0 0 0.0 1.0 0
cell 27.591168456131243 88.15445421798246 0.0 2.23606797749979 0.4472135954999579 1 0 0 0.9286938614047283 0.3708472890411568 2.3817502545524656
cell 95.31986916038046 105.46089374299083 0.0 1.0 1.0 1 0 0 0.0 1.0 0
cell 64.15683178012401 179.9318893850004 0.0 2.23606797749979 0.4472135954999579 1 0 0 0.535893514597555 0.8442855802465656 1.1311314012117655
cell 104.3869435772675 102.64070154243694 0.0 1.0 1.0 1 0 0 0.0 1.0 0
cell 109.50421502729662 59.50555989840369 0.0 1.0 1.0 1 0 0 0.0 1.0 0
cell 91.32628136604653 63.026586019008676 0.0 1.0 1.0 1 0 0 0.0 1.0 0
cell 119.01548723298563 11.6603815709569 0.0 1.0 1.0 1 0 0 0.0 1.0 0
cell 67.5645088539408 38.40322670972622 0.0 1.0 1.0 1 0 0 0.0 1.0 0
cell 87.65051183121976 63.25605527274667 0.0 1.0 1.0 1 0 0 0.0 1.0 0
cell 69.70355601181713 123.41580680025896 0.0 2.23606797749979 0.4472135954999579 1 0 0 0.9337682165834352 -0.3578783560074441 3.873582193595289
cell 25.88320786054312 21.992432729397237 0.0 1.0 1.0 1 0 0 0.0 1.0 0
cell 160.30602268779953 180.5815664746369 0.0 2.23606797749979 0.4472135954999579 1 0 0 0.48641877716656207 -0.8737257997906359 5.267212788470553
cell 120.48902292085735 74.28004389943759 0.0 1.0 1.0 1 0 0 0.0 1.0 0
cell 93.53888863276693 5.197398476147371 0.0 1.0 1.0 1 0 0 0.0 1.0 0
cell 105.33454114062975 156.47567176612495 0.0 1.0 1.0 1 0 0 0.0 1.0 0
cell 162.41357930819808 75.8044796478535 0.0 1.0 1.0 1 0 0 0.0 1.0 0
cell 136.58098949831208 10.276726141999287 0.0 1.0 1.0 1 0 0 0.0 1.0 0
cell 91.1484623769089 33.9697573431133 0.0 1.0 1.0 1 0 0 0.0 1.0 0
cell 102.33461269728899 82.8665622198371 0.0 2.23606797749979 0.4472135954999579 1 0 0 -0.11721796412309232 -0.9931062122889159 0.23497613534307593
cell 47.47280193036758 141.1814005901332 0.0 2.23606797749979 0.4472135954999579 1 0 0 0.9611373898612934 0.2760704942774946 2.582186047302116
cell 186.79557419361987 122.80119023080405 0.0 2.23606797749979 0.4472135954999579 1 0 0 0.9379272713020678 -0.34683199643034296 3.849975295146767
cell 126.87668373069425 181.98523579041387 0.0 2.23606797749979 0.4472135954999579 1 0 0 0.9995324493125952 -0.03057585274631443 3.2027538913724904
cell 126.44598790176954 131.71918317367573 0.0 1.0 1.0 1 0 0 0.0 1.0 0
cell 154.44024522897925 99.89586725950653 0.0 1.0 1.0 1 0 0 0.0 1.0 0
cell 98.3813372443789 39.76682547571678 0.0 1.0 1.0 1 0 0 0.0 1.0 0
cell 75.23590883012558 21.60862053371694 0.0 1.0 1.0 1 0 0 0.0 1.0 0
cell 30.80153012459749 21.74224441688915 0.0 1.0 1.0 1 0 0 0.0 1.0 0
cell 142.26445872823354 21.192658865919423 0.0 1.0 1.0 1 0 0 0.0 1.0 0
cell 140.93149498809575 7.266198629044496 0.0 1.0 1.0 1 0 0 0.0 1.0 0
cell 120.9221182111268 7.062759383066918 0.0 1.0 1.0 1 0 0 0.0 1.0 0
cell 158.6711758497742 173.51877419020465 0.0 2.23606797749979 0.4472135954999579 1 0 0 0.8821887090729303 0.4708960411643281 2.1609802428468314
cell 113.69817747687897 88.17447602306406 0.0 2.23606797749979 0.4472135954999579 1 0 0 -0.12618072369484956 -0.9920072706224708 0.2530359566024867
cell 40.83043664293323 23.181876500080993 0.0 2.23606797749979 0.4472135954999579 1 0 0 -0.3842825568479731 -0.9232155309040161 0.7888611667155319
cell 102.20591336681318 0.5308282021061911 0.0 1.0 1.0 1 0 0 0.0 1.0 0
cell 59.41720912752864 27.980951665167442 0.0 2.23606797749979 0.4472135954999579 1 0 0 0.8979311750705382 0.4401358936015584 2.230092636469327
cell 125.1223956259901 62.86410017064263 0.0 1.0 1.0 1 0 0 0.0 1.0 0
cell 128.4951238463214 184.5209564063259 0.0 2.23606797749979 0.4472135954999579 1 0 0 0.997250850766854 -0.07409953201462118 3.2899276742512256
cell 169.59186948776974 96.10594083613056 0.0 2.23606797749979 0.4472135954999579 1 0 0 0.6461933701490683 0.7631737209675064 1.4051718880667163
cell 145.73325863501853 66.79618604784139 0.0 1.0 1.0 1 0 0 0.0 1.0 0
cell 54.08708673758853 109.1935232534845 0.0 2.23606797749979 0.4472135954999579 1 0 0 0.3495815496941727 0.9369059398431737 0.7142488728062295
cell 143.30323615852222 181.98359514672325 0.0 2.23606797749979 0.4472135954999579 1 0 0 0.9932604210311984 0.11590399481004297 2.909262493263324
cell 157.37770868984788 169.97843949927466 0.0 1.0 1.0 1 0 0 0.0 1.0 0
cell 66.57904266567208 19.29587058214786 0.0 2.23606797749979 0.4472135954999579 1 0 0 0.9005905140612014 0.4346685242607073 2.242252295221092
cell 163.07361167223564 112.34907691301171 0.0 1.0 1.0 1 0 0 0.0 1.0 0
cell 110.89580097681524 10.40298566582579 0.0 1.0 1.0 1 0 0 0.0 1.0 0
cell 78.15030119572883 82.56944725576713 0.0 1.0 1.0 1 0 0 0.0 1.0 0
cell 80.00617891627864 7.65965340874007 0.0 2.23606797749979 0.4472135954999579 1 0 0 -0.9273388068491636 -0.3742228444544369 2.3744754867117743
cell 58.9084020214668 80.24375787782958 0.0 1.0 1.0 1 0 0 0.0 1.0 0
cell 119.16703537559756 108.3568858877205 0.0 1.0 1.0 1 0 0 0.0 1.0 0
cell 109.20912124115466 68.26309131035494 0.0 1.0 1.0 1 0 0 0.0 1.0 0
cell 21.552161680284627 11.9608310607057 0.0 2.23606797749979 0.4472135954999579 1 0 0 -0.05786779259358762 0.9983242552299055 6.167385030860807
cell 41.04955828291468 17.277620651622442 0.0 1.0 1.0 1 0 0 0.0 1.0 0
cell 186.75667375549088 110.94084381363939 0.0 2.23606797749979 0.4472135954999579 1 0 0 0.9810192225487187 -0.19391050768307433 3.531886165948569
cell 98.4685801157034 67.79925684700311 0.0 1.0 1.0 1 0 0 0.0 1.0 0
cell 142.64256962763127 121.13587785879011 0.0 1.0 1.0 1 0 0 0.0 1.0 0
cell 85.57804171351542 67.04983161249723 0.0 2.23606797749979 0.4472135954999579 1 0 0 -0.42645959456606847 -0.9045066136864587 0.8811499286583437
cell 72.91767057921346 45.962761596189836 0.0 1.0 1.0 1 0 0 0.0 1.0 0
cell 163.84167491027725 158.30727903611006 0.0 1.0 1.0 1 0 0 0.0 1.0 0
cell 83.85600857644444 14.256316914156372 0.0 1.0 1.0 1 0 0 0.0 1.0 0
cell 183.38729621281607 114.50461780681428 0.0 2.23606797749979 0.4472135954999579 1 0 0 0.9206957199890567 -0.39028116940717555 3.943466575435925
cell 46.40232699843495 30.65782548024975 0.0 2.23606797749979 0.4472135954999579 1 0 0 -0.9413816741789472 -0.33734336145838456 2.453405849160239
cell 40.74702070532705 43.54827788432508 0.0 2.23606797749979 0.4472135954999579 1 0 0 0.9792195387388575 0.20280309403966024 2.733153340768715
cell 154.6242407269795 158.47484760700996 0.0 2.23606797749979 0.4472135954999579 1 0 0 0.7688954463636637 0.6393745323057702 1.754223598356733
cell 103.57823819310781 174.75132630095115 0.0 2.23606797749979 0.4472135954999579 1 0 0 0.9597720611605828 0.28078032448084145 2.572378566240769
cell 146.99883757834235 183.86581613688944 0.0 2.23606797749979 0.4472135954999579 1 0 0 -0.9995837404725942 0.028850403512210625 3.1993014681177314
cell 75.25132376820916 3.419386400910589 0.0 2.23606797749979 0.4472135954999579 1 0 0 -0.8829538430790859 -0.469459807642649 2.164234899425079
cell 132.8388169845433 185.493658056145 0.0 2.23606797749979 0.4472135954999579 1 0 0 0.999978942432172 0.006489583363736991 3.128613395758324
cell 7.660382349567307 56.28629811409422 0.0 2.23606797749979 0.4472135954999579 1 0 0 0.8320929565862281 -0.5546361975201309 4.317444030886848
cell 80.31295438527937 184.04477151986725 0.0 2.23606797749979 0.4472135954999579 1 0 0 -0.8932743622536885 -0.4495118616235461 2.2091550451187123
cell 93.02945159492901 176.27812617267753 0.0 2.23606797749979 0.4472135954999579 1 0 0 0.954607623756873 0.2978662194094127 2.536679396594689
cell 128.11225875795571 37.57049989275092 0.0 1.0 1.0 1 0 0 0.0 1.0 0
cell 136.74383286413973 24.993821517241457 0.0 1.0 1.0 1 0 0 0.0 1.0 0
cell 11.327694367374368 66.29501781521105 0.0 2.23606797749979 0.4472135954999579 1 0 0 0.9475490061848492 0.31961051434222976 2.4909558268163625
cell 123.50963892814016 9.01778098840029 0.0 1.0 1.0 1 0 0 0.0 1.0 0
cell 65.23384344163091 22.333407411641144 0.0 2.23606797749979 0.4472135954999579 1 0 0 0.89910273873226 0.43773766710685225 2.2354308219148598
cell 74.88258945132492 61.95231653979902 0.0 2.23606797749979 0.4472135954999579 1 0 0 0.482598151464185 0.8758418945239783 1.0072375160187899
cell 186.44666666935458 38.31711425239117 0.0 2.23606797749979 0.4472135954999579 1 0 0 0.48386458553062556 -0.875142881402389 5.2730547132471095
cell 77.16033324512597 146.46039452459453 0.0 2.23606797749979 0.4472135954999579 1 0 0 0.3047362729542191 -0.9524367716263226 5.663862267502038
cell 185.35436905620398 1.682143275605166 0.0 2.23606797749979 0.4472135954999579 1 0 0 0.9566253217740776 0.2913211179105329 2.550377519428887
cell 90.87626553765067 113.327199138357 0.0 1.0 1.0 1 0 0 0.0 1.0 0
cell 87.39623361335534 43.023432798603494 0.0 1.0 1.0 1 0 0 0.0 1.0 0
cell 155.24123402449626 35.3173133723695 0.0 2.23606797749979 0.4472135954999579 1 0 0 0.04716643706793252 -0.9988870442719321 6.188817421352436
cell 150.29620413043432 105.55022095060876 0.0 2.23606797749979 0.4472135954999579 1 0 0 0.3906563304614039 0.9205365997451869 0.8026889434922666
cell 172.43955717170877 156.4624578845886 0.0 2.23606797749979 0.4472135954999579 1 0 0 0.377906689881029 0.9258436875321686 0.7750685490769866
cell 20.518651817315263 38.21396382427941 0.0 1.0 1.0 1 0 0 0.0 1.0 0
cell 7.324441821694963 154.8801136924048 0.0 2.23606797749979 0.4472135954999579 1 0 0 0.8601551224370272 -0.5100325140080216 4.212037833629524
cell 88.9506189581578 107.20156726426667 0.0 1.0 1.0 1 0 0 0.0 1.0 0
cell 121.7771326508584 100.96308352686017 0.0 1.0 1.0 1 0 0 0.0 1.0 0
cell 118.3255028371668 66.94250012137192 0.0 1.0 1.0 1 0 0 0.0 1.0 0
cell 122.99212984759903 99.4105226562238 0.0 1.0 1.0 1 0 0 0.0 1.0 0
cell 113.8231504360603 1.9891222610175374 0.0 1.0 1.0 1 0 0 0.0 1.0 0
cell 147.49219694945918 53.90741340742237 0.0 1.0 1.0 1 0 0 0.0 1.0 0
cell 55.36896466246533 71.22414394757647 0.0 1.0 1.0 1 0 0 0.0 1.0 0
cell 4.891606301171459 6.477532906359491 0.0 2.23606797749979 0.4472135954999579 1 0 0 0.9612686163623965 0.2756132202865528 2.5831375091282593
cell 94.45409525547305 88.67210800755801 0.0 1.0 1.0 1 0 0 0.0 1.0 0
cell 112.23708367902806 105.7028063749003 0.0 1.0 1.0 1 0 0 0.0 1.0 0
cell 90.65388120572914 32.35565791055581 0.0 1.0 1.0 1 0 0 0.0 1.0 0
cell 33.555490733915676 19.32219070822604 0.0 2.23606797749979 0.4472135954999579 1 0 0 -0.30795708152354057 -0.9514002501258361 0.626090017018301
cell 160.5947324065888 75.67684579869481 0.0 1.0 1.0 1 0 0 0.0 1.0 0
cell 130.07050593616202 155.27182534132479 0.0 1.0 1.0 1 0 0 0.0 1.0 0
cell 85.9023315695555 81.04267277705063 0.0 1.0 1.0 1 0 0 0.0 1.0 0
cell 130.9934172983015 173.86895488779308 0.0 1.0 1.0 1 0 0 0.0 1.0 0
cell 130.53218272174664 178.43404165239815 0.0 2.23606797749979 0.4472135954999579 1 0 0 -0.9906848481765306 -0.13617463638080507 2.8683945589475215
cell 25.956991991740875 162.7716449711018 0.0 2.23606797749979 0.4472135954999579 1 0 0 0.17484062866271 0.9845967471857848 0.3514878025167492
cell 27.486765435756237 168.7940545181332 0.0 2.23606797749979 0.4472135954999579 1 0 0 0.9908764567990358 -0.134773318432799 3.41196203390284
cell 115.86055571541696 139.94489269574999 0.0 1.0 1.0 1 0 0 0.0 1.0 0
cell 82.27936285081076 107.25264493840113 0.0 2.23606797749979 0.4472135954999579 1 0 0 0.5671549430091487 -0.8236111161344832 5.077090585931183
cell 44.601382268651875 179.73495614909956 0.0 2.23606797749979 0.4472135954999579 1 0 0 0.3853638174544442 0.9227647198484226 0.7912041180713205
cell 158.68060987636193 68.14319464104935 0.0 1.0 1.0 1 0 0 0.0 1.0 0
cell 150.23763609505855 24.715403733338945 0.0 1.0 1.0 1 0 0 0.0 1.0 0
cell 37.483289572563294 25.126238774752213 0.0 1.0 1.0 1 0 0 0.0 1.0 0
cell 142.75812076489987 123.12766602145649 0.0 1.0 1.0 1 0 0 0.0 1.0 0
cell 139.70093493138486 4.769775591221444 0.0 1.0 1.0 1 0 0 0.0 1.0 0
cell 144.0766467946632 155.4363632199328 0.0 2.23606797749979 0.4472135954999579 1 0 0 -0.4898899319084461 -0.8717842936270062 1.0239269846941959
cell 161.44154420028596 106.87051160834288 0.0 1.0 1.0 1 0 0 0.0 1.0 0
cell 106.7669071664543 171.39490894301355 0.0 2.23606797749979 0.4472135954999579 1 0 0 0.9486541118726266 0.31631531108556543 2.4979069807475263
cell 151.72268997345893 32.03634134599973 0.0 2.23606797749979 0.4472135954999579 1 0 0 -0.028619498100530303 0.9995903782692557 6.225938494252187
cell 154.5816584881682 77.06074247017347 0.0 1.0 1.0 1 0 0 0.0 1.0 0
cell 85.62589888742764 180.66853529601497 0.0 2.23606797749979 0.4472135954999579 1 0 0 0.9214186087174073 0.3885714188013285 2.343431313722415
cell 101.70468585212588 69.09008162255603 0.0 1.0 1.0 1 0 0 0.0 1.0 0
cell 94.26197539029532 97.12633646332782 0.0 1.0 1.0 1 0 0 0.0 1.0 0
cell 35.14249584407221 8.429415696403908 0.0 2.23606797749979 0.4472135954999579 1 0 0 0.3849668751639468 0.9229303901305376 0.7903438626971118
cell 154.29680667131814 120.26398663438178 0.0 2.23606797749979 0.4472135954999579 1 0 0 -0.25964015985478217 -0.9657054351046095 0.5252991305660695
cell 31.74400659450555 44.17520747113297 0.0 1.0 1.0 1 0 0 0.0 1.0 0
cell 131.67685240015007 25.943624720354446 0.0 1.0 1.0 1 0 0 0.0 1.0 0
cell 68.70706364236794 57.93634050252461 0.0 2.23606797749979 0.4472135954999579 1 0 0 0.4282198761094267 0.9036745751125387 0.8850439653802776
cell 126.02760852593255 97.18251522107703 0.0 2.23606797749979 0.4472135954999579 1 0 0 0.2315677001498097 0.9728187910640541 0.46737775467105375
cell 113.80993930683184 65.61812079191148 0.0 1.0 1.0 1 0 0 0.0 1.0 0
cell 99.56448047293667 114.44038976687993 0.0 1.0 1.0 1 0 0 0.0 1.0 0
cell 156.7570321772119 148.25724713431165 0.0 2.23606797749979 0.4472135954999579 1 0 0 0.6424312470668072 0.7663433256655837 1.395333186357344
cell 136.305546998542 40.15755695968744 0.0 1.0 1.0 1 0 0 0.0 1.0 0
cell 175.96098200046902 8.23276920103049 0.0 2.23606797749979 0.4472135954999579 1 0 0 0.9045409241374816 0.42638681565042647 2.260603646994759
cell 35.994305180402385 54.788911250595724 0.0 2.23606797749979 0.4472135954999579 1 0 0 0.9930531808699645 0.11766639267031805 2.9057134113940637
cell 152.46224391830282 15.180022308416767 0.0 1.0 1.0 1 0 0 0.0 1.0 0
cell 79.53124952185348 155.76994254262428 0.0 2.23606797749979 0.4472135954999579 1 0 0 0.7790474163536607 -0.6269650094484428 4.496895261622501
cell 31.776345234721834 35.41821499324371 0.0 1.0 1.0 1 0 0 0.0 1.0 0
cell 53.80230727703819 46.90817085977514 0.0 1.0 1.0 1 0 0 0.0 1.0 0
cell 74.20933374380891 147.85949721579473 0.0 2.23606797749979 0.4472135954999579 1 0 0 0.32714510945616815 -0.9449741146501907 5.616623591092329
cell 58.85969242101526 89.97759653133281 0.0 1.0 1.0 1 0 0 0.0 1.0 0
cell 90.04652827312087 119.10360315469627 0.0 1.0 1.0 1 0 0 0.0 1.0 0
cell 139.14418904968946 62.71257128136306 0.0 1.0 1.0 1 0 0 0.0 1.0 0
cell 17.665882903887194 11.075923541794623 0.0 2.23606797749979 0.4472135954999579 1 0 0 0.04071429042531393 -0.9991708295157357 6.201734212803156
cell 21.876388327620326 12.767741395659977 0.0 2.23606797749979 0.4472135954999579 1 0 0 0.07564187925415099 -0.997135049079562 6.131756909389534
cell 44.82769937194106 149.57005227536388 0.0 2.23606797749979 0.4472135954999579 1 0 0 0.9930469633570046 -0.11771885391657486 3.37757755258515
cell 41.90971868966787 118.94881154691068 0.0 2.23606797749979 0.4472135954999579 1 0 0 0.9516322622703451 0.3072393812749678 2.51701117667235
cell 93.0271482153769 110.58115214053916 0.0 1.0 1.0 1 0 0 0.0 1.0 0
cell 132.55487510095034 80.86734593875367 0.0 1.0 1.0 1 0 0 0.0 1.0 0
cell 34.57389392730839 2.707160511377365 0.0 1.0 1.0 1 0 0 0.0 1.0 0
cell 160.5717530851227 50.95086234891788 0.0 1.0 1.0 1 0 0 0.0 1.0 0
cell 61.91588039122637 56.362641179984976 0.0 2.23606797749979 0.4472135954999579 1 0 0 -0.17825736518604146 -0.9839838981187295 0.3584303336253374
cell 73.32697118527999 12.563620789456952 0.0 2.23606797749979 0.4472135954999579 1 0 0 0.8981869817016911 0.4396136325247502 2.2312557249000524
cell 134.4312163810351 100.15459708860274 0.0 2.23606797749979 0.4472135954999579 1 0 0 -0.2283439282925687 -0.9735805310357836 0.46075266212652544
cell 133.33718299295506 93.24021095588533 0.0 2.23606797749979 0.4472135954999579 1 0 0 0.31955088416816985 0.9475691174934633 0.6505109661776289
cell 72.15086542269762 20.52089461415461 0.0 1.0 1.0 1 0 0 0.0 1.0 0
cell 126.26123712733197 75.54458698970704 0.0 1.0 1.0 1 0 0 0.0 1.0 0
cell 138.52713974454102 79.12188606423459 0.0 1.0 1.0 1 0 0 0.0 1.0 0
cell 178.296520966 134.68319990833672 0.0 2.23606797749979 0.4472135954999579 1 0 0 -0.19839293088896842 -0.9801225663014218 0.3994359729925314
cell 86.90722003666832 65.61965614377435 0.0 2.23606797749979 0.4472135954999579 1 0 0 0.43275243379434514 0.9015128013761484 0.8950873508348963
cell 99.65876387300781 116.41911897699013 0.0 1.0 1.0 1 0 0 0.0 1.0 0
cell 158.48803174746178 55.66588322349227 0.0 1.0 1.0 1 0 0 0.0 1.0 0
cell 148.84010896819228 185.17072512995873 0.0 1.0 1.0 1 0 0 0.0 1.0 0
cell 176.31178901729172 52.545505312827686 0.0 2.23606797749979 0.4472135954999579 1 0 0 0.5184731433067215 0.8550939127778 1.090128761828168
cell 121.18282139040717 78.20384640056241 0.0 1.0 1.0 1 0 0 0.0 1.0 0
cell 38.889383028318726 52.141322330741744 0.0 2.23606797749979 0.4472135954999579 1 0 0 0.1490668166824712 -0.9888271255200044 5.983936351119889
cell 108.98494534925317 46.05885468342343 0.0 1.0 1.0 1 0 0 0.0 1.0 0
cell 158.34823962940808 164.4728587837814 0.0 1.0 1.0 1 0 0 0.0 1.0 0
cell 103.67088171713873 103.92429553623967 0.0 1.0 1.0 1 0 0 0.0 1.0 0
cell 47.41009802953204 159.16089579925668 0.0 1.0 1.0 1 0 0 0.0 1.0 0
cell 76.23600064841544 138.61516883806598 0.0 2.23606797749979 0.4472135954999579 1 0 0 0.10139407333184099 0.9948463408452469 0.20313723339558032
cell 67.83336934447946 51.064975192312325 0.0 1.0 1.0 1 0 0 0.0 1.0 0
cell 147.33144475092217 123.69767390400408 0.0 1.0 1.0 1 0 0 0.0 1.0 0
cell 40.4038518121529 53.88356920166612 0.0 2.23606797749979 0.4472135954999579 1 0 0 0.9963048601494683 0.08588728452191473 2.969606194308782
cell 91.78259192340985 162.3935567838343 0.0 2.23606797749979 0.4472135954999579 1 0 0 0.9871283673973037 -0.15992994178556408 3.4628320152043086
cell 137.59447341176366 48.949048477798314 0.0 1.0 1.0 1 0 0 0.0 1.0 0
cell 81.11678796953639 143.03814950536125 0.0 2.23606797749979 0.4472135954999579 1 0 0 0.0970346062008625 -0.995281008157718 6.088810247039344
cell 126.4111316921246 63.68431003532816 0.0 1.0 1.0 1 0 0 0.0 1.0 0
cell 137.20546901429853 173.49232410746092 0.0 2.23606797749979 0.4472135954999579 1 0 0 0.8950904368431911 0.4458846374028436 2.2172679743124215
cell 147.48338425017837 102.87415440798006 0.0 2.23606797749979 0.4472135954999579 1 0 0 0.3394354936065776 0.9406293349029994 0.6926333911419745
cell 86.59575409088517 109.74753299974508 0.0 1.0 1.0 1 0 0 0.0 1.0 0
cell 32.417009326049104 114.78195581537537 0.0 2.23606797749979 0.4472135954999579 1 0 0 0.5961575170750953 0.8028674951913656 1.277413213939658
cell 118.29297304548031 48.78832623886359 0.0 1.0 1.0 1 0 0 0.0 1.0 0
cell 98.50416944594708 163.99114480072328 0.0 1.0 1.0 1 0 0 0.0 1.0 0
cell 60.64687488869232 7.826385407663829 0.0 1.0 1.0 1 0 0 0.0 1.0 0
cell 88.74544810941426 175.16168859181982 0.0 1.0 1.0 1 0 0 0.0 1.0 0
cell 126.16021572637517 68.35145286290819 0.0 1.0 1.0 1 0 0 0.0 1.0 0
cell 185.79120791417571 33.7596854959022 0.0 2.23606797749979 0.4472135954999579 1 0 0 0.9557187118166699 0.29428174235498383 2.544184863657554
cell 106.05075849183758 25.056845169808152 0.0 1.0 1.0 1 0 0 0.0 1.0 0
cell 9.022953770469355 67.03447467344347 0.0 2.23606797749979 0.4472135954999579 1 0 0 0.9081630352903389 0.4186166520006564 2.277749559916519
cell 73.10349682548625 73.28788268154132 0.0 1.0 1.0 1 0 0 0.0 1.0 0
cell 102.541455181368 92.58253223872526 0.0 1.0 1.0 1 0 0 0.0 1.0 0
cell 122.027953899135 91.0284728786935 0.0 2.23606797749979 0.4472135954999579 1 0 0 -0.20936511088243784 -0.9778375378073725 0.42185127168554626
cell 0.9156270854452081 8.450946483578917 0.0 2.23606797749979 0.4472135954999579 1 0 0 0.9372133040752185 0.3487566811753031 2.4291043271698873
cell 164.50676001317214 112.44886472862713 0.0 2.23606797749979 0.4472135954999579 1 0 0 0.8109864531467117 0.5850649304244071 1.8916724156652513
cell 89.80039693517622 21.893112071855974 0.0 1.0 1.0 1 0 0 0.0 1.0 0
cell 115.23815826450094 16.326929969826722 0.0 1.0 1.0 1 0 0 0.0 1.0 0
cell 66.68350430995322 43.6767299779274 0.0 1.0 1.0 1 0 0 0.0 1.0 0
cell 104.33945344995765 78.77866741895708 0.0 2.23606797749979 0.4472135954999579 1 0 0 -0.20116989645136168 -0.9795563652806042 0.4051041743675521
cell 69.14178651612394 91.02628188669546 0.0 1.0 1.0 1 0 0 0.0 1.0 0
cell 101.93118233370551 155.6335006020769 0.0 1.0 1.0 1 0 0 0.0 1.0 0
cell 176.86584534845534 27.406137879280468 0.0 2.23606797749979 0.4472135954999579 1 0 0 0.18751767866253127 -0.982261228079891 5.905916539043429
cell 49.11899608244355 27.513270419686673 0.0 1.0 1.0 1 0 0 0.0 1.0 0
cell 6.667190012432371 94.84069225736148 0.0 2.23606797749979 0.4472135954999579 1 0 0 -0.0077650696590555795 -0.9999698513921257 0.015530295390687066
cell 32.870426170466416 135.02820449958404 0.0 2.23606797749979 0.4472135954999579 1 0 0 0.8627268858792307 0.5056701695583048 2.081275468633417
cell 131.38012460036046 90.43355891271496 0.0 2.23606797749979 0.4472135954999579 1 0 0 0.34334847892401327 0.9392080823867341 0.7009595998448607
cell 53.73127185925219 63.508398645012946 0.0 1.0 1.0 1 0 0 0.0 1.0 0
cell 86.73293005092701 185.61433724865074 0.0 2.23606797749979 0.4472135954999579 1 0 0 0.9171522811306981 0.39853694084332625 2.321750508253645
cell 40.04004077356647 36.45295374220834 0.0 2.23606797749979 0.4472135954999579 1 0 0 0.9830151798084803 0.18352426615055903 2.772451814939256
cell 185.36044080386878 13.460562482842962 0.0 2.23606797749979 0.4472135954999579 1 0 0 -0.24446697092831474 0.9696576200521164 5.789245415436373
cell 70.84440554416105 185.5191795321281 0.0 1.0 1.0 1 0 0 0.0 1.0 0
cell 117.67903017826272 163.30762196347732 0.0 1.0 1.0 1 0 0 0.0 1.0 0
cell 86.3984917223966 171.8143609274876 0.0 2.23606797749979 0.4472135954999579 1 0 0 -0.8882452916500129 -0.4593694611764952 2.187022257685971
cell 59.027130441046204 16.39307987190331 0.0 2.23606797749979 0.4472135954999579 1 0 0 -0.835663431887035 -0.5492418671284837 1.9786791648655075
cell 166.43541037477348 114.09236852326254 0.0 1.0 1.0 1 0 0 0.0 1.0 0
cell 72.95170565832208 118.59936788126197 0.0 2.23606797749979 0.4472135954999579 1 0 0 -0.23813627723897654 -0.9712317506459317 0.48089294257796045
cell 187.09236820672055 185.9745332612752 0.0 2.23606797749979 0.4472135954999579 1 0 0 0.9461564966848729 0.32370956702113096 2.4822975718324187
cell 70.94086383486078 3.2288240211110866 0.0 2.23606797749979 0.4472135954999579 1 0 0 0.8380020110354445 0.5456671416720553 1.987222616690205
cell 187.94798829082018 171.52275218302964 0.0 2.23606797749979 0.4472135954999579 1 0 0 0.1826196208846502 0.9831836420872484 0.3673004445011774
cell 99.69836361109778 174.10668343721446 0.0 2.23606797749979 0.4472135954999579 1 0 0 0.9592826890597134 0.28244773405068274 2.5689030861377558
cell 121.48387379583302 153.4559209333097 0.0 1.0 1.0 1 0 0 0.0 1.0 0
cell 83.06731266506108 136.49783806723318 0.0 2.23606797749979 0.4472135954999579 1 0 0 0.9998189825447794 0.019026353910356158 3.1035376495347053
cell 83.75018974914695 114.13750869226017 0.0 1.0 1.0 1 0 0 0.0 1.0 0
cell 164.57264104118912 164.10229230533156 0.0 2.23606797749979 0.4472135954999579 1 0 0 0.33080847543516845 0.9436979138369754 0.674320313301789
cell 129.14516753573974 138.24628009068869 0.0 1.0 1.0 1 0 0 0.0 1.0 0
cell 147.43543570758624 14.861927424717743 0.0 1.0 1.0 1 0 0 0.0 1.0 0
cell 140.11275895980685 173.4567334824736 0.0 2.23606797749979 0.4472135954999579 1 0 0 -0.8948514086561913 -0.4463641522636312 2.216196397935743
cell 61.1482588602069 146.1811954108809 0.0 2.23606797749979 0.4472135954999579 1 0 0 0.026522968159230213 0.9996482041998698 0.05305215763979338
cell 117.49764375729953 28.601365641039504 0.0 1.0 1.0 1 0 0 0.0 1.0 0
cell 6.283589456630496 125.83518256868085 0.0 2.23606797749979 0.4472135954999579 1 0 0 0.9605966546123251 -0.27794615872073014 3.7049033669062776
cell 72.5913573750973 66.80164457340489 0.0 2.23606797749979 0.4472135954999579 1 0 0 0.28865065802977596 0.9574344873770619 0.5856344137773918
cell 16.76185812584864 37.647441413983074 0.0 1.0 1.0 1 0 0 0.0 1.0 0
cell 4.558140721934583 140.23842073693257 0.0 2.23606797749979 0.4472135954999579 1 0 0 0.9096747198475975 -0.4153214466773839 3.998184931386404
cell 123.14926198845131 67.33690967721677 0.0 1.0 1.0 1 0 0 0.0 1.0 0
cell 27.967973131920907 55.6541860575756 0.0 2.23606797749979 0.4472135954999579 1 0 0 0.981073878830251 0.19363378908900694 2.751863270613131
cell 115.20621449018681 174.59868627368903 0.0 2.23606797749979 0.4472135954999579 1 0 0 0.9851122075805316 0.1719125896373259 2.7960509820717885
cell 110.43677348012011 22.75647143678652 0.0 1.0 1.0 1 0 0 0.0 1.0 0
cell 180.18152452553576 115.96536837107318 0.0 2.23606797749979 0.4472135954999579 1 0 0 0.14499995768660678 0.989431661243404 0.29102585947810905
cell 130.4439699487874 133.21437064498468 0.0 1.0 1.0 1 0 0 0.0 1.0 0
cell 126.61844592033059 128.27210894954212 0.0 1.0 1.0 1 0 0 0.0 1.0 0
cell 138.6231099123901 92.25301076715193 0.0 2.23606797749979 0.4472135954999579 1 0 0 0.3118133967953586 0.9501433605403662 0.6342019739852851
cell 132.97893371920588 163.66297223761035 0.0 1.0 1.0 1 0 0 0.0 1.0 0
cell 45.413291400310854 62.76715092336578 0.0 1.0 1.0 1 0 0 0.0 1.0 0
cell 3.2501999976304274 177.83422740980802 0.0 2.23606797749979 0.4472135954999579 1 0 0 0.9748941491362149 -0.2226688078289721 3.590694962804541
cell 74.94530710177834 56.20902905076558 0.0 1.0 1.0 1 0 0 0.0 1.0 0
cell 33.21503204006589 144.13534919509266 0.0 2.23606797749979 0.4472135954999579 1 0 0 0.9557835585143506 0.2940710616052605 2.5446257331289437
cell 110.77279328734915 114.86535166614536 0.0 1.0 1.0 1 0 0 0.0 1.0 0
cell 76.92595313547439 168.2604345338024 0.0 1.0 1.0 1 0 0 0.0 1.0 0
cell 134.89235553428094 32.33331351693652 0.0 1.0 1.0 1 0 0 0.0 1.0 0
cell 69.01636839235644 64.15657965771719 0.0 2.23606797749979 0.4472135954999579 1 0 0 0.29816572153159876 0.9545141185459444 0.6055407751110893
cell 153.17825877847517 76.44508927271603 0.0 1.0 1.0 1 0 0 0.0 1.0 0
cell 40.822804133459464 10.816418675948828 0.0 2.23606797749979 0.4472135954999579 1 0 0 0.3920629238781354 0.9199384021336035 0.8057459654924312
cell 33.72302524033718 59.344015738894655 0.0 1.0 1.0 1 0 0 0.0 1.0 0
cell 127.3007565357161 71.48651510391251 0.0 1.0 1.0 1 0 0 0.0 1.0 0
cell 55.890086246353 23.304713472090874 0.0 2.23606797749979 0.4472135954999579 1 0 0 0.836795148111021 0.5475161003092552 1.9828066601048073
cell 10.349260081975599 42.84478655449601 0.0 1.0 1.0 1 0 0 0.0 1.0 0
cell 71.97935441309778 60.065344670718495 0.0 2.23606797749979 0.4472135954999579 1 0 0 -0.4698348273021983 -0.8827543458142325 0.9782073161846885
cell 186.5163543314966 183.2539052333978 0.0 2.23606797749979 0.4472135954999579 1 0 0 0.17467559393913976 -0.9846260391041914 5.932032732803265
cell 156.33110454511063 76.04077884598114 0.0 1.0 1.0 1 0 0 0.0 1.0 0
cell 126.39715992708774 99.46676545616194 0.0 1.0 1.0 1 0 0 0.0 1.0 0
cell 140.24542459999554 126.75659994574207 0.0 1.0 1.0 1 0 0 0.0 1.0 0
cell 85.97740915741598 139.4432582062304 0.0 2.23606797749979 0.4472135954999579 1 0 0 0.9984722067731613 -0.05525624219518878 3.2521614524714773
cell 121.6948419303577 149.90475347797127 0.0 1.0 1.0 1 0 0 0.0 1.0 0
cell 170.24871105191903 61.40600208844197 0.0 1.0 1.0 1 0 0 0.0 1.0 0
cell 160.23366805320572 36.76032056593101 0.0 2.23606797749979 0.4472135954999579 1 0 0 -0.0700940175572668 0.9975403895094582 6.142882222879347
cell 74.36323580837922 186.62569132986064 0.0 2.23606797749979 0.4472135954999579 1 0 0 0.88755193231019 0.46070768113028876 2.1840079051857764
cell 11.5523856804575 173.3481676301129 0.0 2.23606797749979 0.4472135954999579 1 0 0 0.2860515611565838 0.9582142267571908 0.5802073325819994
cell 122.0602437709199 170.2415476545656 0.0 1.0 1.0 1 0 0 0.0 1.0 0
cell 143.2806726033221 115.48737021900322 0.0 1.0 1.0 1 0 0 0.0 1.0 0
cell 124.68377492342746 0.5618384917240073 0.0 1.0 1.0 1 0 0 0.0 1.0 0
cell 72.0669980547252 86.83495466727942 0.0 1.0 1.0 1 0 0 0.0 1.0 0
cell 71.44579037897125 81.59300740712601 0.0 1.0 1.0 1 0 0 0.0 1.0 0
cell 75.88374323026757 73.7108573842852 0.0 2.23606797749979 0.4472135954999579 1 0 0 -0.20728948520249188 -0.9782796478126722 0.41760689427051734
cell 74.66260400876911 90.98967774347929 0.0 1.0 1.0 1 0 0 0.0 1.0 0
cell 80.06856287372547 1.387191893460893 0.0 2.23606797749979 0.4472135954999579 1 0 0 0.9043956923631422 0.42669477572966913 2.259922672164666
cell 159.93189895556733 108.32446611634134 0.0 1.0 1.0 1 0 0 0.0 1.0 0
cell 127.04156361837674 182.78810925715084 0.0 2.23606797749979 0.4472135954999579 1 0 0 0.9954541995879609 -0.09524146430359058 3.33236474050618
cell 116.76747954064255 70.82008870496583 0.0 1.0 1.0 1 0 0 0.0 1.0 0
cell 131.2172490306999 33.35062546204571 0.0 1.0 1.0 1 0 0 0.0 1.0 0
cell 82.57810951327681 186.73725487119518 0.0 2.23606797749979 0.4472135954999579 1 0 0 0.9115593478335883 0.41116852430263084 2.29412147724966
cell 39.994431415469734 119.09389853239306 0.0 2.23606797749979 0.4472135954999579 1 0 0 0.9645111929774276 0.2640419637505738 2.6071716530715645
cell 63.239774073518795 107.48752349544202 0.0 2.23606797749979 0.4472135954999579 1 0 0 0.9417709786152273 -0.33625499823514465 3.827467668583806
cell 74.20519192612953 22.49315197235682 0.0 1.0 1.0 1 0 0 0.0 1.0 0
cell 108.6162874457726 154.80654993768508 0.0 1.0 1.0 1 0 0 0.0 1.0 0
cell 89.27131138064631 17.191799774899504 0.0 1.0 1.0 1 0 0 0.0 1.0 0
cell 124.75103614316303 48.58959568179437 0.0 1.0 1.0 1 0 0 0.0 1.0 0
cell 17.380351711117836 186.49264068386108 0.0 2.23606797749979 0.4472135954999579 1 0 0 0.045455062062182666 -0.9989663844859461 6.192243848061278
cell 167.57352494449262 19.53563978706017 0.0 2.23606797749979 0.4472135954999579 1 0 0 0.126092477422904 -0.9920184913283393 6.030327264137659
cell 52.748515318282195 23.155438565920033 0.0 1.0 1.0 1 0 0 0.0 1.0 0
cell 159.35580015759197 76.46351977992282 0.0 1.0 1.0 1 0 0 0.0 1.0 0
cell 20.823300211988723 89.2003265405454 0.0 2.23606797749979 0.4472135954999579 1 0 0 0.8725205366555707 0.48857743819611127 2.1206754489336945
cell 147.4054086813598 60.097409211977656 0.0 1.0 1.0 1 0 0 0.0 1.0 0
cell 122.67442720166736 121.38732200825005 0.0 1.0 1.0 1 0 0 0.0 1.0 0
cell 134.56859439941502 93.52117129151037 0.0 2.23606797749979 0.4472135954999579 1 0 0 0.3279638803864415 0.9446902630819627 0.6682948722787663
cell 127.0559984884818 13.876222761421136 0.0 1.0 1.0 1 0 0 0.0 1.0 0
cell 108.11649203338523 120.27880971998565 0.0 1.0 1.0 1 0 0 0.0 1.0 0
cell 153.23565220829744 108.53554324887084 0.0 2.23606797749979 0.4472135954999579 1 0 0 -0.4262263374504687 -0.9046165537196184 0.8806341934811934
cell 121.93555466925191 23.908522653726678 0.0 1.0 1.0 1 0 0 0.0 1.0 0
cell 157.2248612086949 40.78253773095439 0.0 1.0 1.0 1 0 0 0.0 1.0 0
cell 74.13138019392876 24.47861510650713 0.0 1.0 1.0 1 0 0 0.0 1.0 0
cell 45.73738944736725 134.95589051614726 0.0 2.23606797749979 0.4472135954999579 1 0 0 0.8490528310022585 0.528307950126676 2.028379735017001
cell 116.57918861700084 67.91464258220273 0.0 1.0 1.0 1 0 0 0.0 1.0 0
cell 10.191464513739966 36.10254846021115 0.0 2.23606797749979 0.4472135954999579 1 0 0 -0.47952344787594076 0.8775290667192568 5.282962166337624
cell 169.12503664016177 44.927670777874305 0.0 2.23606797749979 0.4472135954999579 1 0 0 -0.0778528686937992 0.9969648593787778 6.127321848690246
cell 100.0542252923457 151.93783318592423 0.0 2.23606797749979 0.4472135954999579 1 0 0 0.7832622071841716 -0.6216914948726416 4.483393470509789
cell 40.13499409104936 62.655471420806606 0.0 1.0 1.0 1 0 0 0.0 1.0 0
cell 66.25368546765513 187.92049483941 0.0 2.23606797749979 0.4472135954999579 1 0 0 0.5991514297024948 0.8006357250869189 1.2848816346089247
cell 115.66898804095128 2.800867861346891 0.0 1.0 1.0 1 0 0 0.0 1.0 0
cell 160.48641541585218 109.8406297283082 0.0 1.0 1.0 1 0 0 0.0 1.0 0
cell 100.81637906554401 159.29714433340234 0.0 1.0 1.0 1 0 0 0.0 1.0 0
cell 136.97830111082146 127.70192081069528 0.0 1.0 1.0 1 0 0 0.0 1.0 0
cell 85.86307013057588 46.08264616613848 0.0 1.0 1.0 1 0 0 0.0 1.0 0
cell 146.09892694335605 72.99478503895854 0.0 1.0 1.0 1 0 0 0.0 1.0 0
cell 98.99616678689607 92.52487208830271 0.0 1.0 1.0 1 0 0 0.0 1.0 0
cell 38.479666011937034 149.8778613103236 0.0 2.23606797749979 0.4472135954999579 1 0 0 0.9917044619227977 0.12853894430255117 2.8838015312883534
cell 85.83540082291896 79.07387120918357 0.0 2.23606797749979 0.4472135954999579 1 0 0 -0.09855103154036315 -0.9951319983712363 0.19742251821277268
cell 45.414937892139484 41.38255107835326 0.0 2.23606797749979 0.4472135954999579 1 0 0 0.9870171436861958 0.16061493725536097 2.81896535894104
cell 89.06695370790194 114.04623607117071 0.0 1.0 1.0 1 0 0 0.0 1.0 0
cell 137.7102753198265 98.8099877620505 0.0 2.23606797749979 0.4472135954999579 1 0 0 0.23622484472572622 0.9716984217000183 0.4769577895316947
cell 10.475104881507937 39.93545524944638 0.0 2.23606797749979 0.4472135954999579 1 0 0 0.46097514880818297 -0.8874130448563812 5.324997802824189
cell 80.82521678352876 127.33596594756091 0.0 1.0 1.0 1 0 0 0.0 1.0 0
cell 143.22353646470523 25.95767673983852 0.0 1.0 1.0 1 0 0 0.0 1.0 0
cell 41.21827001859688 15.140422755573647 0.0 2.23606797749979 0.4472135954999579 1 0 0 0.36755105493273527 0.9300033451648619 0.7527487623949739
cell 161.6903040493586 170.64176375191033 0.0 2.23606797749979 0.4472135954999579 1 0 0 0.7537302914617581 0.6571838766532341 1.7074398567666647
cell 100.78225763986522 86.62831533080825 0.0 1.0 1.0 1 0 0 0.0 1.0 0
cell 116.2849576153583 185.0010090444541 0.0 1.0 1.0 1 0 0 0.0 1.0 0
cell 128.33837422890755 55.308344206437674 0.0 1.0 1.0 1 0 0 0.0 1.0 0
cell 135.44890066565662 20.215962283326533 0.0 1.0 1.0 1 0 0 0.0 1.0 0
cell 138.65100543032338 144.8744930369563 0.0 1.0 1.0 1 0 0 0.0 1.0 0
cell 139.20487245788613 156.81935509436366 0.0 1.0 1.0 1 0 0 0.0 1.0 0
cell 118.97356203588114 180.82907499824324 0.0 2.23606797749979 0.4472135954999579 1 0 0 0.997492627072431 -0.07077046655307659 3.283252004105708
cell 101.96166892581226 64.09072571770986 0.0 1.0 1.0 1 0 0 0.0 1.0 0
cell 4.64645285295427 60.75393260351692 0.0 2.23606797749979 0.4472135954999579 1 0 0 -0.3089057779135012 0.9510926455249534 5.655100651834919
cell 144.35403190871415 53.197427111353306 0.0 1.0 1.0 1 0 0 0.0 1.0 0
cell 6.077161003438626 35.109514866907055 0.0 2.23606797749979 0.4472135954999579 1 0 0 -0.4236672545783917 0.905817894169688 5.408205184566706
cell 24.200323857867026 65.70375385233166 0.0 2.23606797749979 0.4472135954999579 1 0 0 0.9943891555772368 -0.10578377602633485 3.3535567867204117
cell 52.04654358770085 62.976476961846274 0.0 1.0 1.0 1 0 0 0.0 1.0 0
cell 129.90355984079716 186.67558592224634 0.0 2.23606797749979 0.4472135954999579 1 0 0 0.999996265761925 -0.0027328487344587334 3.147058357862126
cell 97.7138292085382 24.727279188624962 0.0 1.0 1.0 1 0 0 0.0 1.0 0
cell 133.33314421638025 55.539071988145864 0.0 1.0 1.0 1 0 0 0.0 1.0 0
cell 126.77583998270347 111.78093773890276 0.0 1.0 1.0 1 0 0 0.0 1.0 0
cell 146.28391173698938 176.72766706931446 0.0 1.0 1.0 1 0 0 0.0 1.0 0
cell 79.76575299507695 136.8991110177347 0.0 2.23606797749979 0.4472135954999579 1 0 0 0.9839448751120132 -0.17847263863350227 3.5004605507073268
cell 133.0589894582761 10.597819190050558 0.0 1.0 1.0 1 0 0 0.0 1.0 0
cell 185.67323518206072 145.08912000186305 0.0 2.23606797749979 0.4472135954999579 1 0 0 0.6333664945893411 -0.7738519777913668 4.911393675054633
cell 50.049976336342425 14.538932932503752 0.0 1.0 1.0 1 0 0 0.0 1.0 0
cell 19.94775529192549 33.8361320376442 0.0 1.0 1.0 1 0 0 0.0 1.0 0
cell 63.098886751258384 84.84431589651874 0.0 1.0 1.0 1 0 0 0.0 1.0 0
cell 6.060313358845299 26.54995679495164 0.0 2.23606797749979 0.4472135954999579 1 0 0 0.9416835109046132 0.3364998741312711 2.455197581655495
cell 17.638952556339824 147.45019747081238 0.0 2.23606797749979 0.4472135954999579 1 0 0 0.9819007922393153 0.18939597197354835 2.7604987575486355
cell 162.65647170120613 11.674302231405782 0.0 2.23606797749979 0.4472135954999579 1 0 0 0.6695391778919582 0.7427767425463461 1.4671764184816785
cell 84.0352462703545 133.50899552393057 0.0 1.0 1.0 1 0 0 0.0 1.0 0
cell 140.49490624577948 96.77708889780509 0.0 2.23606797749979 0.4472135954999579 1 0 0 0.28991494347426505 0.957052415257552 0.5882759262556743
cell 137.31931777853308 94.48795701637106 0.0 2.23606797749979 0.4472135954999579 1 0 0 0.31711131563104306 0.9483883242104728 0.6453640844236221
cell 151.7993127191952 131.4076598174081 0.0 2.23606797749979 0.4472135954999579 1 0 0 0.0330196988691653 0.9994547010678321 0.06605140409488201
cell 92.04714872040616 8.146525263847984 0.0 1.0 1.0 1 0 0 0.0 1.0 0
cell 42.48902234563927 70.7476842221035 0.0 2.23606797749979 0.4472135954999579 1 0 0 0.5830433340688238 0.8124410566914438 1.244939183215585
cell 36.996122744073865 124.73998023881985 0.0 2.23606797749979 0.4472135954999579 1 0 0 0.8304891651211593 0.557034780436877 1.9599705387842774
cell 160.52234567419467 67.30070317257213 0.0 1.0 1.0 1 0 0 0.0 1.0 0
cell 146.396286747672 105.27911752327992 0.0 2.23606797749979 0.4472135954999579 1 0 0 0.3250392504497619 0.9457005264178808 0.6621064637877127
cell 90.95746566450235 93.6746834154308 0.0 1.0 1.0 1 0 0 0.0 1.0 0
cell 62.6295906198981 76.63363638318812 0.0 1.0 1.0 1 0 0 0.0 1.0 0
cell 1.1559920617990527 115.18124768937676 0.0 2.23606797749979 0.4472135954999579 1 0 0 0.9292102134540813 -0.36955159208508465 3.8986454645885433
cell 118.97996013363401 94.62260169857821 0.0 1.0 1.0 1 0 0 0.0 1.0 0
cell 150.48280022453855 48.136839141460996 0.0 1.0 1.0 1 0 0 0.0 1.0 0
cell 129.63527910160798 109.5188933971845 0.0 1.0 1.0 1 0 0 0.0 1.0 0
cell 124.67577190570563 119.90959647904748 0.0 1.0 1.0 1 0 0 0.0 1.0 0
cell 78.23379305332777 149.79381693753226 0.0 2.23606797749979 0.4472135954999579 1 0 0 0.36278577962408054 -0.9318725653771271 5.5406741011689755
cell 120.6656629492029 9.075750531386921 0.0 1.0 1.0 1 0 0 0.0 1.0 0
cell 111.22853899573262 176.54799089110452 0.0 2.23606797749979 0.4472135954999579 1 0 0 0.9816735094729782 0.19057051398106353 2.758106096641622
cell 146.04513009812743 139.09140099341508 0.0 2.23606797749979 0.4472135954999579 1 0 0 0.8190705634455696 0.5736927854670626 1.919578090976733
cell 169.03829479060624 9.180265527028777 0.0 2.23606797749979 0.4472135954999579 1 0 0 0.5781099078637766 -0.8159589048657633 5.050364549971522
cell 114.85241944395335 113.17301645128079 0.0 1.0 1.0 1 0 0 0.0 1.0 0
cell 5.146176752511099 28.71146445829249 0.0 2.23606797749979 0.4472135954999579 1 0 0 0.3802981247114947 -0.9248639555853176 5.502948068151254
cell 94.5601993910536 134.63560950382555 0.0 2.23606797749979 0.4472135954999579 1 0 0 0.9355044727800816 -0.35331484742147695 3.8638168992202786
cell 58.98727046618443 159.33248985018304 0.0 2.23606797749979 0.4472135954999579 1 0 0 0.7783966322729307 -0.6277727955766799 4.498969907081554
cell 131.9276542346048 54.724812794565345 0.0 1.0 1.0 1 0 0 0.0 1.0 0
cell 155.74057702397775 8.746295825510018 0.0 1.0 1.0 1 0 0 0.0 1.0 0
cell 126.78092055477352 3.309404480296786 0.0 1.0 1.0 1 0 0 0.0 1.0 0
cell 159.37182199012125 91.67211654205876 0.0 1.0 1.0 1 0 0 0.0 1.0 0
cell 38.81286894604994 21.86706247153579 0.0 2.23606797749979 0.4472135954999579 1 0 0 -0.3680070866761958 -0.9298229853881324 0.7537295673805353
cell 61.74943177432048 22.63660070242081 0.0 2.23606797749979 0.4472135954999579 1 0 0 0.8626239708015151 0.50584571264233 2.080868494984574
cell 49.408278083330615 168.9610039600535 0.0 2.23606797749979 0.4472135954999579 1 0 0 0.8215027357724498 -0.5702045730423253 4.355102366904332
cell 69.86660280502446 66.95797283109496 0.0 2.23606797749979 0.4472135954999579 1 0 0 -0.22204401022578069 -0.9750366441949007 0.4478206276618524
cell 181.98372938704367 175.82772596040164 0.0 2.23606797749979 0.4472135954999579 1 0 0 0.9978405690890527 -0.06568255993820142 3.2730524131852436
cell 53.29951453456966 31.324978737356854 0.0 2.23606797749979 0.4472135954999579 1 0 0 0.8861914588683133 0.46331921849719393 2.1781185854728236
cell 61.41825037380829 104.33778170294245 0.0 1.0 1.0 1 0 0 0.0 1.0 0
cell 33.93753656608783 135.59919247251923 0.0 2.23606797749979 0.4472135954999579 1 0 0 0.8947688484316603 0.4465296270980018 2.2158265433071005
cell 133.15925931945117 40.28893245000182 0.0 1.0 1.0 1 0 0 0.0 1.0 0
cell 146.50088863255493 186.47819438246995 0.0 2.23606797749979 0.4472135954999579 1 0 0 0.9977518130649903 0.06701730765649094 3.0074575029050816
cell 126.18601498346524 176.60060876333242 0.0 1.0 1.0 1 0 0 0.0 1.0 0
cell 115.08378751782762 175.36166839617113 0.0 2.23606797749979 0.4472135954999579 1 0 0 -0.9896141551080668 -0.14374917046629207 2.85309485494472
cell 130.37954629844072 129.89275085990576 0.0 1.0 1.0 1 0 0 0.0 1.0 0
cell 180.03835802971616 137.1921224786797 0.0 2.23606797749979 0.4472135954999579 1 0 0 -0.22946777629306342 -0.973316258799326 0.46306166562693374
cell 182.46303574119426 62.99543073927452 0.0 2.23606797749979 0.4472135954999579 1 0 0 -0.06325655647654523 0.997997298624966 6.156587670517229
cell 100.13610715680953 84.79318772071063 0.0 2.23606797749979 0.4472135954999579 1 0 0 -0.0952886028741753 -0.9954496884133762 0.19086679479427104
cell 61.8409944272959 19.07823230756514 0.0 2.23606797749979 0.4472135954999579 1 0 0 0.846344319876564 0.5326361724598475 2.018168055876203
cell 2.615179455466402 26.42084183563151 0.0 2.23606797749979 0.4472135954999579 1 0 0 0.4751069557405835 -0.8799280542220002 5.293014150618305
cell 26.428069628941014 41.207855056926434 0.0 2.23606797749979 0.4472135954999579 1 0 0 -0.8990728381233486 -0.43779907691637154 2.235294217213326
cell 76.1809012020405 20.62316898043113 0.0 1.0 1.0 1 0 0 0.0 1.0 0
cell 22.711090805883142 132.02594620551545 0.0 2.23606797749979 0.4472135954999579 1 0 0 0.5574631697127309 0.8302016709293201 1.1826539486834473
cell 49.65604800762712 75.79718567595268 0.0 1.0 1.0 1 0 0 0.0 1.0 0
cell 70.42510867038209 105.8236571368857 0.0 1.0 1.0 1 0 0 0.0 1.0 0
cell 18.367335247813934 26.117779385253225 0.0 2.23606797749979 0.4472135954999579 1 0 0 -0.019439433557393464 -0.9998110363578548 0.03888131619734736
cell 131.00627425056663 147.71938113608223 0.0 1.0 1.0 1 0 0 0.0 1.0 0
cell 60.08512953806994 37.50789207937359 0.0 1.0 1.0 1 0 0 0.0 1.0 0
cell 162.90345164280322 125.46602553551506 0.0 2.23606797749979 0.4472135954999579 1 0 0 0.9796349414601023 -0.20078690562499793 3.5459148914100207
cell 153.27128751803818 136.16300484705798 0.0 1.0 1.0 1 0 0 0.0 1.0 0
cell 141.8827819763696 10.151464354820273 0.0 1.0 1.0 1 0 0 0.0 1.0 0
cell 35.21505850889747 131.72693321327938 0.0 2.23606797749979 0.4472135954999579 1 0 0 0.8421632326205959 0.5392226716506161 2.0025650086185327
cell 116.06866480292398 168.46231239662896 0.0 1.0 1.0 1 0 0 0.0 1.0 0
cell 26.67541299825883 51.55397511760793 0.0 1.0 1.0 1 0 0 0.0 1.0 0
cell 124.5087393569529 123.62756043815968 0.0 1.0 1.0 1 0 0 0.0 1.0 0
cell 175.43505083301028 184.50084231439556 0.0 2.23606797749979 0.4472135954999579 1 0 0 0.9922211668583248 0.12448757383090193 2.8919699117583932
cell 90.38865173611227 61.881643143465816 0.0 1.0 1.0 1 0 0 0.0 1.0 0
cell 160.98121342760953 11.53603407503441 0.0 1.0 1.0 1 0 0 0.0 1.0 0
cell 93.76506023217914 80.3924092560263 0.0 2.23606797749979 0.4472135954999579 1 0 0 -0.13185862023560388 -0.9912685328757102 0.26448747740168255
cell 152.70519984734082 86.15100330062359 0.0 1.0 1.0 1 0 0 0.0 1.0 0
cell 145.38674401949902 8.104467311296657 0.0 1.0 1.0 1 0 0 0.0 1.0 0
cell 13.215900242482393 11.560038671299113 0.0 2.23606797749979 0.4472135954999579 1 0 0 0.09683013163209253 -0.9953009221376777 6.089221131042537
cell 139.75339486954715 3.383340545190682 0.0 1.0 1.0 1 0 0 0.0 1.0 0
cell 74.55944811730215 63.72861622529083 0.0 2.23606797749979 0.4472135954999579 1 0 0 -0.45555549957450975 -0.890207384156871 0.9459922519767572
cell 106.87845778996153 91.25672520074991 0.0 1.0 1.0 1 0 0 0.0 1.0 0
cell 92.52825134748699 0.949492905820023 0.0 1.0 1.0 1 0 0 0.0 1.0 0
cell 73.02918989147646 139.90389628648944 0.0 2.23606797749979 0.4472135954999579 1 0 0 -0.17852019390699422 -0.9839362481214975 0.3589645600163669
cell 13.609063877230778 130.78411046259652 0.0 2.23606797749979 0.4472135954999579 1 0 0 0.7470365369121467 -0.6647829815197641 4.595999202774109
cell 112.4023660245368 102.37337076855925 0.0 1.0 1.0 1 0 0 0.0 1.0 0
cell 144.13038561317737 102.38634255851656 0.0 2.23606797749979 0.4472135954999579 1 0 0 0.2928546653236637 0.9561569667152799 0.5944220795488488
cell 123.63053099533167 10.976985919482209 0.0 1.0 1.0 1 0 0 0.0 1.0 0
cell 73.28767437561424 27.51317426606438 0.0 2.23606797749979 0.4472135954999579 1 0 0 0.9776161208776218 0.21039657839468542 2.7176314522477667
cell 86.24063478659458 177.20865951439595 0.0 2.23606797749979 0.4472135954999579 1 0 0 0.9211053320274832 0.3893134563697225 2.341820398364698
cell 33.87130676215866 186.85426235068334 0.0 1.0 1.0 1 0 0 0.0 1.0 0
cell 69.12695296162485 23.654199652665255 0.0 1.0 1.0 1 0 0 0.0 1.0 0
cell 31.373291553413686 29.809737755382955 0.0 1.0 1.0 1 0 0 0.0 1.0 0
cell 142.68304540123165 53.57054482781581 0.0 1.0 1.0 1 0 0 0.0 1.0 0
cell 21.765807930551244 37.15481341391631 0.0 1.0 1.0 1 0 0 0.0 1.0 0
cell 55.13182509603032 50.59652462678129 0.0 1.0 1.0 1 0 0 0.0 1.0 0
cell 96.95470567533758 183.9943951810406 0.0 2.23606797749979 0.4472135954999579 1 0 0 0.9640231818149895 0.26581818019711084 2.603487578849163
cell 84.5276785166483 121.2655953637329 0.0 1.0 1.0 1 0 0 0.0 1.0 0
cell 123.68544005995595 118.45480142549745 0.0 1.0 1.0 1 0 0 0.0 1.0 0
cell 79.3496924522296 179.96405130774235 0.0 2.23606797749979 0.4472135954999579 1 0 0 0.8575663464727481 0.5143733676983895 2.0610390956124225
cell 168.07450162653183 183.96792155185153 0.0 2.23606797749979 0.4472135954999579 1 0 0 0.964132392812358 0.2654217947530252 2.6043098889235528
cell 72.2215317030972 170.58746258595536 0.0 1.0 1.0 1 0 0 0.0 1.0 0
cell 53.38288790517349 83.91968024072226 0.0 2.23606797749979 0.4472135954999579 1 0 0 0.535621439899057 0.8444582127734095 1.1304869584081418
cell 41.37828873332253 137.5572258640991 0.0 2.23606797749979 0.4472135954999579 1 0 0 0.9159811361142319 0.40122133328486015 2.315893017473131
cell 69.01035912263569 38.33839906527015 0.0 1.0 1.0 1 0 0 0.0 1.0 0
cell 106.32971149258537 61.22467225845749 0.0 1.0 1.0 1 0 0 0.0 1.0 0
cell 84.39904826807916 28.412560388486096 0.0 1.0 1.0 1 0 0 0.0 1.0 0
cell 90.52795967140908 38.612789487394984 0.0 1.0 1.0 1 0 0 0.0 1.0 0
cell 41.19661436667603 55.05006037782198 0.0 2.23606797749979 0.4472135954999579 1 0 0 0.2465018406230203 -0.9691423231752203 5.785047212409518
cell 47.599886018424414 30.90983823171747 0.0 2.23606797749979 0.4472135954999579 1 0 0 0.939926315783169 0.341377387795792 2.4448287949483998
cell 100.29382205718595 68.55918559412473 0.0 1.0 1.0 1 0 0 0.0 1.0 0
cell 24.93604659029694 50.2272548256426 0.0 1.0 1.0 1 0 0 0.0 1.0 0
cell 69.77268992331842 54.512022760322 0.0 1.0 1.0 1 0 0 0.0 1.0 0
cell 108.80330669661933 122.11833690674423 0.0 1.0 1.0 1 0 0 0.0 1.0 0
cell 187.9978107202502 41.378937824790384 0.0 2.23606797749979 0.4472135954999579 1 0 0 0.39563155987144544 -0.9184093144310367 5.46967447440212
cell 17.74098480571654 53.77449435655657 0.0 2.23606797749979 0.4472135954999579 1 0 0 0.8585643542381755 0.5127058119736744 2.064925874630347
cell 167.14601117815053 23.042296658663695 0.0 2.23606797749979 0.4472135954999579 1 0 0 -0.07377701185137496 0.997274762802249 6.135497097285067
cell 39.18053217809574 38.938318215637786 0.0 2.23606797749979 0.4472135954999579 1 0 0 0.9826014458503376 0.18572667717058314 2.767969943816264
cell 36.04820354129077 46.50816899448553 0.0 2.23606797749979 0.4472135954999579 1 0 0 0.9354321136775872 0.35350637999996787 2.4189589176982094
cell 14.032758402525133 64.48634563927432 0.0 1.0 1.0 1 0 0 0.0 1.0 0
cell 43.545983824708784 63.40854345798372 0.0 1.0 1.0 1 0 0 0.0 1.0 0
cell 137.32318531547006 154.26799265479906 0.0 1.0 1.0 1 0 0 0.0 1.0 0
cell 110.92954605397902 185.3513802264352 0.0 1.0 1.0 1 0 0 0.0 1.0 0
cell 7.915408261260292 39.09073844810837 0.0 2.23606797749979 0.4472135954999579 1 0 0 0.550289832429265 -0.8349737123556474 5.1177626795511655
cell 80.46865655833189 4.950340762372807 0.0 2.23606797749979 0.4472135954999579 1 0 0 0.9085592478413141 0.4177560210960764 2.2796444688922954
cell 56.74341137863869 87.10548583077346 0.0 2.23606797749979 0.4472135954999579 1 0 0 0.6720804004592946 0.7404781801771569 1.474029509051573
cell 146.19384844407895 173.4254754487558 0.0 2.23606797749979 0.4472135954999579 1 0 0 0.8770831908647579 0.48033850179065857 2.1395114296241764
cell 119.43657713960754 103.57649333993751 0.0 1.0 1.0 1 0 0 0.0 1.0 0
cell 73.05730612270932 143.32741734850023 0.0 2.23606797749979 0.4472135954999579 1 0 0 0.0062624686172814085 0.9999803905511435 0.012525019104243695
cell 81.99889195116934 159.45881352258917 0.0 2.23606797749979 0.4472135954999579 1 0 0 0.5011159278927995 -0.8653801631723127 5.23340967084898
cell 106.10653147598963 70.9237267337827 0.0 1.0 1.0 1 0 0 0.0 1.0 0
cell 66.76568974880537 115.5559251975923 0.0 2.23606797749979 0.4472135954999579 1 0 0 0.9554580612506858 -0.2951269103133105 3.7407693388228602
cell 89.59310046785548 181.30967083572654 0.0 2.23606797749979 0.4472135954999579 1 0 0 0.937364354067285 0.34835049551281194 2.4299710517984883
cell 50.23172824361578 116.77093496182869 0.0 2.23606797749979 0.4472135954999579 1 0 0 0.9929710658135422 0.11835735066787403 2.904321770842179
cell 99.0909653812368 49.653886737206626 0.0 1.0 1.0 1 0 0 0.0 1.0 0
cell 122.07430543665659 115.93818328580869 0.0 1.0 1.0 1 0 0 0.0 1.0 0
cell 64.89064922107798 174.8233621173318 0.0 1.0 1.0 1 0 0 0.0 1.0 0
cell 141.1170111834623 152.31544638555428 0.0 2.23606797749979 0.4472135954999579 1 0 0 0.368623742311874 0.9295786876881317 0.755056135215768
cell 20.539978403027046 115.1013039325066 0.0 2.23606797749979 0.4472135954999579 1 0 0 0.38229607182625835 0.9240398873783601 0.7845596841239724
cell 177.8739209156623 63.486553733448034 0.0 2.23606797749979 0.4472135954999579 1 0 0 0.3577553091189154 0.933815366545887 0.7317259975553217
cell 79.08211403590246 96.38901444958671 0.0 1.0 1.0 1 0 0 0.0 1.0 0
cell 151.58662184022572 53.28756364123295 0.0 1.0 1.0 1 0 0 0.0 1.0 0
cell 163.96856451073512 151.9341586641519 0.0 1.0 1.0 1 0 0 0.0 1.0 0
cell 108.96656416897927 78.10351848860326 0.0 2.23606797749979 0.4472135954999579 1 0 0 0.2524253982660789 0.9676163590546676 0.5103720178233482
cell 124.83607865985167 151.5499848837086 0.0 1.0 1.0 1 0 0 0.0 1.0 0
cell 153.39066891078608 96.74594822406235 0.0 1.0 1.0 1 0 0 0.0 1.0 0
cell 89.89778799997441 18.465066538312072 0.0 1.0 1.0 1 0 0 0.0 1.0 0
cell 128.88159593868298 145.0497154105016 0.0 2.23606797749979 0.4472135954999579 1 0 0 0.13575108082471504 0.9907429757787444 0.2723430434624755
cell 83.62191611258095 31.847134550791253 0.0 1.0 1.0 1 0 0 0.0 1.0 0
cell 170.8878507885832 68.5227718956427 0.0 1.0 1.0 1 0 0 0.0 1.0 0
cell 164.20584029574584 93.87341360043978 0.0 2.23606797749979 0.4472135954999579 1 0 0 0.5909934838069157 -0.806676330443484 5.01860558175264
cell 65.24799431655441 40.50405813300932 0.0 1.0 1.0 1 0 0 0.0 1.0 0
cell 152.10128334421663 170.95108505484316 0.0 1.0 1.0 1 0 0 0.0 1.0 0
cell 45.85629461497465 40.70983006504598 0.0 2.23606797749979 0.4472135954999579 1 0 0 0.983290136850433 0.18204534262830435 2.775460347196881
cell 102.17048422985546 88.29230096882627 0.0 1.0 1.0 1 0 0 0.0 1.0 0
cell 2.1923762910977964 42.284177200285164 0.0 2.23606797749979 0.4472135954999579 1 0 0 -0.47116513129187776 0.8820450209908265 5.301962795584617
cell 86.20979691669382 7.22110018803085 0.0 1.0 1.0 1 0 0 0.0 1.0 0
cell 97.62567586796415 93.59751353484961 0.0 1.0 1.0 1 0 0 0.0 1.0 0
cell 71.3794413302583 50.84219964406183 0.0 1.0 1.0 1 0 0 0.0 1.0 0
cell 146.1141851524356 52.62222133073336 0.0 1.0 1.0 1 0 0 0.0 1.0 0
cell 85.11437265516965 44.606407696606155 0.0 1.0 1.0 1 0 0 0.0 1.0 0
cell 115.40441896869288 40.074964317619056 0.0 1.0 1.0 1 0 0 0.0 1.0 0
cell 113.40411760694461 76.08920247069321 0.0 2.23606797749979 0.4472135954999579 1 0 0 -0.2890168284764112 -0.9573240166513304 0.5863993571191264
cell 121.59798732947905 17.87652635208181 0.0 1.0 1.0 1 0 0 0.0 1.0 0
cell 129.0493553691248 49.56173339959575 0.0 1.0 1.0 1 0 0 0.0 1.0 0
cell 185.27149390394325 28.205322289663368 0.0 2.23606797749979 0.4472135954999579 1 0 0 0.33970184329204317 -0.9405331773329361 5.589985564790544
cell 74.08506072445807 18.51460979878358 0.0 1.0 1.0 1 0 0 0.0 1.0 0
cell 139.86414242261102 76.83769112465866 0.0 1.0 1.0 1 0 0 0.0 1.0 0
cell 67.86206323526814 97.86029203914994 0.0 1.0 1.0 1 0 0 0.0 1.0 0
cell 82.81060070511884 54.57050313060692 0.0 1.0 1.0 1 0 0 0.0 1.0 0
cell 95.4047291520189 178.42722154536511 0.0 2.23606797749979 0.4472135954999579 1 0 0 0.9485942261876111 0.31649485626709206 2.4975284426776514
cell 125.8794142163263 71.58100799715929 0.0 1.0 1.0 1 0 0 0.0 1.0 0
cell 44.116223015395136 22.741995729891723 0.0 1.0 1.0 1 0 0 0.0 1.0 0
cell 114.41520880593876 58.28945478826313 0.0 1.0 1.0 1 0 0 0.0 1.0 0
cell 151.11289766451108 146.72594916733155 0.0 1.0 1.0 1 0 0 0.0 1.0 0
cell 13.176010644374209 36.310968385051595 0.0 2.23606797749979 0.4472135954999579 1 0 0 -0.46213422826400685 0.8868099881411072 5.322384649304312
cell 87.67035434723442 141.01212879766456 0.0 2.23606797749979 0.4472135954999579 1 0 0 0.03403903323669716 0.9994205042004647 0.06809121984022708
cell 157.97717556680908 43.45664280784433 0.0 1.0 1.0 1 0 0 0.0 1.0 0
cell 72.69376253752195 8.513407277146522 0.0 1.0 1.0 1 0 0 0.0 1.0 0
cell 96.71184470795666 182.74150039426246 0.0 2.23606797749979 0.4472135954999579 1 0 0 -0.9686439796191363 -0.24845289442387725 2.639427173263832
cell 178.88574923094552 19.874133229510775 0.0 2.23606797749979 0.4472135954999579 1 0 0 -0.09286146873561403 0.9956790384578077 6.097194405949904
cell 174.81418535543114 71.26528973522197 0.0 2.23606797749979 0.4472135954999579 1 0 0 0.9904136762691331 0.138133087488338 2.864440287223242
cell 69.8295122014882 33.60262384061162 0.0 1.0 1.0 1 0 0 0.0 1.0 0
cell 136.6562269041052 119.76651013963564 0.0 1.0 1.0 1 0 0 0.0 1.0 0
cell 9.625551233825439 35.5837420620394 0.0 2.23606797749979 0.4472135954999579 1 0 0 0.45932202002032324 -0.8882698249543602 5.328721729744613
cell 121.43859908632528 69.36121470547907 0.0 1.0 1.0 1 0 0 0.0 1.0 0
cell 59.582429110737515 11.916027704153947 0.0 1.0 1.0 1 0 0 0.0 1.0 0
cell 101.50066436118051 47.66626563511502 0.0 1.0 1.0 1 0 0 0.0 1.0 0
cell 116.60929280035998 151.1262320303669 0.0 1.0 1.0 1 0 0 0.0 1.0 0
cell 66.28035122889912 1.8711916181556774 0.0 2.23606797749979 0.4472135954999579 1 0 0 0.6015636401804949 0.7988248786891855 1.290914189942795
cell 15.394655424742885 25.034589283658516 0.0 1.0 1.0 1 0 0 0.0 1.0 0
cell 116.72373171939876 78.6717391077911 0.0 2.23606797749979 0.4472135954999579 1 0 0 -0.31062552679477073 -0.9505323677305635 0.6317020844391363
cell 69.27367725535916 173.37727410756884 0.0 1.0 1.0 1 0 0 0.0 1.0 0
cell 100.34855675035949 50.626502390640844 0.0 1.0 1.0 1 0 0 0.0 1.0 0
cell 82.45549675237174 72.12809374903554 0.0 2.23606797749979 0.4472135954999579 1 0 0 -0.3459052941888026 -0.9382694322273096 0.706406937912603
cell 87.37410448311715 93.63748915797464 0.0 1.0 1.0 1 0 0 0.0 1.0 0
cell 127.64840230789376 148.58876429543292 0.0 1.0 1.0 1 0 0 0.0 1.0 0
cell 155.279438637893 181.8233840789647 0.0 2.23606797749979 0.4472135954999579 1 0 0 0.9981784349322181 0.06033085476161965 3.0208576262574796
cell 111.98436275879111 27.75173346131558 0.0 1.0 1.0 1 0 0 0.0 1.0 0
cell 118.1886035752461 74.65769502057756 0.0 1.0 1.0 1 0 0 0.0 1.0 0
cell 180.67150108284014 57.98920168508565 0.0 2.23606797749979 0.4472135954999579 1 0 0 0.41035432935262056 0.9119261616937859 0.8456851574402878
cell 160.8626991151599 7.299255776126852 0.0 1.0 1.0 1 0 0 0.0 1.0 0
cell 89.70181644633065 40.21474151982877 0.0 1.0 1.0 1 0 0 0.0 1.0 0
cell 88.47663396832351 109.0654844437982 0.0 1.0 1.0 1 0 0 0.0 1.0 0
cell 163.92989200393944 53.04586609433103 0.0 1.0 1.0 1 0 0 0.0 1.0 0
cell 3.092388772545941 43.44597492574288 0.0 2.23606797749979 0.4472135954999579 1 0 0 0.6184208315757322 -0.7858471066773611 4.949722108375258
cell 147.6934626926865 152.32047652799451 0.0 2.23606797749979 0.4472135954999579 1 0 0 0.442030775522445 0.8969998848890817 0.9157227558299951
cell 138.33817457998856 95.93865788028349 0.0 2.23606797749979 0.4472135954999579 1 0 0 0.30040305765733616 0.9538123520641381 0.6102304026671561
cell 173.7319484267528 106.76678241588068 0.0 2.23606797749979 0.4472135954999579 1 0 0 0.9905467206777555 -0.13717577830850672 3.416811999777274
cell 80.69566881053245 184.30297601481863 0.0 2.23606797749979 0.4472135954999579 1 0 0 0.8926082074030727 0.45083321536536464 2.2061954921824762
cell 133.9344032585478 84.93109382771635 0.0 1.0 1.0 1 0 0 0.0 1.0 0
cell 39.886770855264494 30.835188954643538 0.0 1.0 1.0 1 0 0 0.0 1.0 0
cell 174.17523212286974 105.07924502042736 0.0 2.23606797749979 0.4472135954999579 1 0 0 0.9946668251480144 -0.10314022954196508 3.3482406066762076
cell 129.99386098879523 55.15005750434882 0.0 1.0 1.0 1 0 0 0.0 1.0 0
cell 77.27780564119713 175.42007330456184 0.0 1.0 1.0 1 0 0 0.0 1.0 0
cell 139.33683094335706 68.53523240266536 0.0 1.0 1.0 1 0 0 0.0 1.0 0
cell 135.29035419105492 168.2365483312487 0.0 1.0 1.0 1 0 0 0.0 1.0 0
cell 152.84580272494168 59.894012501433274 0.0 1.0 1.0 1 0 0 0.0 1.0 0
cell 146.97363247570033 6.851550941072683 0.0 1.0 1.0 1 0 0 0.0 1.0 0
cell 45.138813221054214 22.999951961643948 0.0 1.0 1.0 1 0 0 0.0 1.0 0
cell 151.73184487489198 159.40962433601382 0.0 2.23606797749979 0.4472135954999579 1 0 0 -0.5998963014959697 -0.800077763377696 1.2867429839261595
cell 181.84966601767883 114.27677953773734 0.0 2.23606797749979 0.4472135954999579 1 0 0 0.9248369021692553 -0.38036391046729884 3.921972155093705
cell 29.022580360116038 54.29958268215984 0.0 1.0 1.0 1 0 0 0.0 1.0 0
cell 65.9673622138829 178.0215335379725 0.0 1.0 1.0 1 0 0 0.0 1.0 0
cell 74.97899817043034 17.5824702179908 0.0 1.0 1.0 1 0 0 0.0 1.0 0
cell 108.03035545637549 74.85499284616687 0.0 2.23606797749979 0.4472135954999579 1 0 0 0.25021457516172685 0.9681904081205497 0.5058037475173768
cell 178.83851625533913 133.53007987560687 0.0 2.23606797749979 0.4472135954999579 1 0 0 -0.3566220440578978 -0.934248745084502 0.72929938935716
cell 121.57151077296099 147.92756124611608 0.0 1.0 1.0 1 0 0 0.0 1.0 0
cell 136.9585775279798 84.7032008051443 0.0 1.0 1.0 1 0 0 0.0 1.0 0
cell 21.696540750261473 11.196777590543386 0.0 2.23606797749979 0.4472135954999579 1 0 0 0.04421825304306907 0.9990218947039244 0.08846535077670119
cell 165.52416149827678 68.60124846840958 0.0 1.0 1.0 1 0 0 0.0 1.0 0
cell 117.04439196768652 166.5456820762237 0.0 1.0 1.0 1 0 0 0.0 1.0 0
cell 145.091569806852 79.8053389139665 0.0 1.0 1.0 1 0 0 0.0 1.0 0
cell 156.46402671423766 19.826898894940832 0.0 1.0 1.0 1 0 0 0.0 1.0 0
cell 119.29159494656747 50.05867294799695 0.0 1.0 1.0 1 0 0 0.0 1.0 0
cell 50.791905891026914 28.15851569156599 0.0 2.23606797749979 0.4472135954999579 1 0 0 0.9030656666276983 0.4295025049499374 2.2537090356786047
cell 89.61629149147758 4.483857594585467 0.0 1.0 1.0 1 0 0 0.0 1.0 0
cell 108.37222552530491 51.30517077596106 0.0 1.0 1.0 1 0 0 0.0 1.0 0
cell 39.03624451469904 25.139699107464917 0.0 2.23606797749979 0.4472135954999579 1 0 0 -0.3474244425165433 -0.9377079805259573 0.7096460984384123
cell 27.998220595989082 57.31685044646192 0.0 2.23606797749979 0.4472135954999579 1 0 0 0.9857449190668837 0.1682467073491279 2.803491152160108
cell 136.67853159320924 46.36233198710812 0.0 2.23606797749979 0.4472135954999579 1 0 0 0.997938724578972 -0.06417399773813903 3.2700289086974608
cell 120.99954066257772 19.44087320013901 0.0 1.0 1.0 1 0 0 0.0 1.0 0
cell 119.27450935466756 52.440582418640574 0.0 1.0 1.0 1 0 0 0.0 1.0 0
cell 2.370485308538867 150.15777883719667 0.0 2.23606797749979 0.4472135954999579 1 0 0 0.8114904995934871 -0.5843656124974439 4.38978881677176
cell 139.91256487787658 91.84127982896707 0.0 1.0 1.0 1 0 0 0.0 1.0 0
cell 136.29562649597514 13.760518772821433 0.0 1.0 1.0 1 0 0 0.0 1.0 0
cell 79.3322465786243 68.97510146768974 0.0 2.23606797749979 0.4472135954999579 1 0 0 -0.4009106640404487 -0.9161171537847365 0.8250213553865366
cell 17.289621745096518 53.09069788513501 0.0 2.23606797749979 0.4472135954999579 1 0 0 0.8711268219795231 0.49105810249690046 2.11498470506888
cell 117.6544416935895 52.24934173268535 0.0 1.0 1.0 1 0 0 0.0 1.0 0
cell 37.555800623946 146.63745628484094 0.0 2.23606797749979 0.4472135954999579 1 0 0 0.98097247371586 0.19414686660305971 2.7508172657586756
cell 58.601318413782245 97.09244862198733 0.0 2.23606797749979 0.4472135954999579 1 0 0 0.9208668521817835 -0.38987721214866256 3.942589152625235
cell 99.83456565396719 5.7176855390211 0.0 1.0 1.0 1 0 0 0.0 1.0 0
cell 41.47657888907324 14.80199956885267 0.0 2.23606797749979 0.4472135954999579 1 0 0 0.362797957371088 0.9318678243867884 0.742537342155053
cell 130.29086650076488 183.10119704747711 0.0 2.23606797749979 0.4472135954999579 1 0 0 0.9994534849862248 -0.033056487243657784 3.207717674621651
cell 57.94237781292679 25.796143727438768 0.0 2.23606797749979 0.4472135954999579 1 0 0 0.8647737333331996 0.5021617171160702 2.089399222869866
cell 163.344161752823 136.50290398210018 0.0 2.23606797749979 0.4472135954999579 1 0 0 0.18266239121149733 0.9831756968298687 0.3673874485924315
cell 63.029275109959116 179.93074123869778 0.0 2.23606797749979 0.4472135954999579 1 0 0 0.5240831254806025 0.8516671166520889 1.1032763832565717
cell 74.57438360141782 77.91795502178951 0.0 1.0 1.0 1 0 0 0.0 1.0 0
cell 128.37948342483313 61.87225733981847 0.0 1.0 1.0 1 0 0 0.0 1.0 0
cell 55.04011349830848 175.14776722427476 0.0 1.0 1.0 1 0 0 0.0 1.0 0
cell 141.7336953047341 134.3298398895755 0.0 1.0 1.0 1 0 0 0.0 1.0 0
cell 113.85434368352593 72.45396408362927 0.0 1.0 1.0 1 0 0 0.0 1.0 0
cell 113.61804221520529 162.3717158207331 0.0 1.0 1.0 1 0 0 0.0 1.0 0
cell 144.68300118233168 57.8277666828482 0.0 1.0 1.0 1 0 0 0.0 1.0 0
cell 137.25789518389263 143.6467809899806 0.0 1.0 1.0 1 0 0 0.0 1.0 0
cell 173.10602154949314 80.73106127109612 0.0 2.23606797749979 0.4472135954999579 1 0 0 0.995801625823045 -0.09153754425469574 3.32492437904212
cell 70.15834155127975 18.620605768379882 0.0 2.23606797749979 0.4472135954999579 1 0 0 0.9136476983530227 0.4065069289621323 2.3043374912946946
cell 10.838775253009336 62.34063689326263 0.0 2.23606797749979 0.4472135954999579 1 0 0 0.8715979170969202 0.4902214508896057 2.1169050348243665
cell 101.272191846314 79.09167045181646 0.0 2.23606797749979 0.4472135954999579 1 0 0 -0.20157822733256872 -0.979472418328081 0.4059379158188472
cell 138.4124746939856 5.653784295626919 0.0 1.0 1.0 1 0 0 0.0 1.0 0
cell 11.96419314093459 148.70227627061092 0.0 2.23606797749979 0.4472135954999579 1 0 0 0.9886221029401131 0.1504205357598105 2.839605384259881
cell 29.412837331437288 146.52395831265764 0.0 2.23606797749979 0.4472135954999579 1 0 0 0.9650214641834068 0.26217088638007374 2.6110504716592287
cell 173.01365421403906 74.00667750187469 0.0 2.23606797749979 0.4472135954999579 1 0 0 0.9998774240108725 -0.015656850046599932 3.1729076331816484
cell 152.65425749711085 180.77879232697597 0.0 2.23606797749979 0.4472135954999579 1 0 0 0.9870844391695083 0.16020084253653996 2.8198044134584848
cell 61.418147300176955 18.340903548466493 0.0 2.23606797749979 0.4472135954999579 1 0 0 0.8426587226137819 0.5384480264639377 2.004404123142619
cell 54.14271583122746 90.68361222334121 0.0 2.23606797749979 0.4472135954999579 1 0 0 -0.36198371512245314 -0.932184418442052 0.7407900902741469
cell 110.66633278527073 68.29107277132354 0.0 1.0 1.0 1 0 0 0.0 1.0 0
cell 137.97872667669813 17.911047202850593 0.0 1.0 1.0 1 0 0 0.0 1.0 0
cell 153.90338029224134 46.806874322603655 0.0 1.0 1.0 1 0 0 0.0 1.0 0
cell 180.7459828939077 114.62185740059195 0.0 2.23606797749979 0.4472135954999579 1 0 0 0.9200939683777872 -0.39169770149289285 3.9465446713532617
cell 134.76317139580757 43.98688093263998 0.0 1.0 1.0 1 0 0 0.0 1.0 0
cell 131.715311918976 128.49929050372486 0.0 1.0 1.0 1 0 0 0.0 1.0 0
cell 62.76146233939414 102.87166705678494 0.0 1.0 1.0 1 0 0 0.0 1.0 0
cell 32.31417274033588 64.2959398384226 0.0 1.0 1.0 1 0 0 0.0 1.0 0
cell 111.1091767377566 98.46383335791533 0.0 1.0 1.0 1 0 0 0.0 1.0 0
cell 154.61575395271325 81.73616005321985 0.0 1.0 1.0 1 0 0 0.0 1.0 0
cell 100.54516987028074 99.80437371816976 0.0 1.0 1.0 1 0 0 0.0 1.0 0
cell 156.48993861567536 58.3679104992883 0.0 1.0 1.0 1 0 0 0.0 1.0 0
cell 11.811964804853245 101.20799275941282 0.0 2.23606797749979 0.4472135954999579 1 0 0 0.39937454647353804 0.9167878553018991 0.8216690437290265
cell 161.67384310084506 161.0653663112387 0.0 1.0 1.0 1 0 0 0.0 1.0 0
cell 68.6896060720896 49.002407048262576 0.0 1.0 1.0 1 0 0 0.0 1.0 0
cell 46.51971404159789 44.56702624399717 0.0 1.0 1.0 1 0 0 0.0 1.0 0
cell 47.031720755809985 20.72199640313919 0.0 2.23606797749979 0.4472135954999579 1 0 0 0.30787697172558987 0.9514261770001288 0.6259216153254057
cell 17.60535268639588 126.73991679504105 0.0 2.23606797749979 0.4472135954999579 1 0 0 0.8240754927033971 -0.5664799928732287 4.346048834852383
cell 127.30712784928575 23.67837688775 0.0 1.0 1.0 1 0 0 0.0 1.0 0
cell 124.22595160781577 92.50966332972986 0.0 2.23606797749979 0.4472135954999579 1 0 0 -0.2070770375310101 -0.9783246396403296 0.41717257513504524
cell 53.52716479503264 118.50840484373852 0.0 2.23606797749979 0.4472135954999579 1 0 0 0.9972260406815355 -0.07443267956098666 3.2905958144431637
cell 53.75559860765489 162.57019169004397 0.0 2.23606797749979 0.4472135954999579 1 0 0 0.9158991738568241 -0.4014083996734338 3.9677007582879567
cell 38.06053760445155 15.686225887567147 0.0 1.0 1.0 1 0 0 0.0 1.0 0
cell 22.12080599261531 13.335090379851348 0.0 2.23606797749979 0.4472135954999579 1 0 0 -0.07918406543723212 0.9968600121284995 6.124651209829925
cell 27.636002904298167 120.59192068641627 0.0 2.23606797749979 0.4472135954999579 1 0 0 0.35541103099752086 0.9347101149796546 0.7267075444176675
cell 122.348564776861 90.47635542259552 0.0 2.23606797749979 0.4472135954999579 1 0 0 -0.23806038757333337 -0.97125035488716 0.4807366689826704
cell 103.67810815376973 90.02276624155202 0.0 1.0 1.0 1 0 0 0.0 1.0 0
cell 45.15522216606666 74.93134162271949 0.0 1.0 1.0 1 0 0 0.0 1.0 0
cell 152.32751635057517 23.533263055450117 0.0 1.0 1.0 1 0 0 0.0 1.0 0
cell 134.0999566440441 96.82735843096908 0.0 2.23606797749979 0.4472135954999579 1 0 0 -0.21745683479984004 -0.9760699385796261 0.43841639108226804
cell 31.760445440036555 56.22910542743137 0.0 2.23606797749979 0.4472135954999579 1 0 0 0.9886480956274093 0.15024960236984664 2.839951180984399
cell 68.53233806325508 111.19867336013881 0.0 1.0 1.0 1 0 0 0.0 1.0 0
cell 99.22492125945314 33.78651476255654 0.0 1.0 1.0 1 0 0 0.0 1.0 0
cell 93.210287658686 40.21642932308496 0.0 1.0 1.0 1 0 0 0.0 1.0 0
cell 67.01993290586246 124.77171239529915 0.0 2.23606797749979 0.4472135954999579 1 0 0 0.8980329368450793 -0.4399282263522104 4.052630150892531
cell 36.47057102986886 67.72335794336487 0.0 2.23606797749979 0.4472135954999579 1 0 0 0.03520200274873685 0.9993802174360257 0.07041855416268829
cell 160.89710469211437 41.79460203080666 0.0 1.0 1.0 1 0 0 0.0 1.0 0
cell 76.60161631641135 80.12640304245907 0.0 1.0 1.0 1 0 0 0.0 1.0 0
cell 147.27395648523844 98.01982186943083 0.0 1.0 1.0 1 0 0 0.0 1.0 0
cell 84.95522560219064 184.8613542452804 0.0 1.0 1.0 1 0 0 0.0 1.0 0
cell 16.318226255927883 138.4308250428982 0.0 2.23606797749979 0.4472135954999579 1 0 0 0.6131778748153052 0.7899448675932934 1.3201544943577215
cell 120.0170998918568 160.22971035911715 0.0 1.0 1.0 1 0 0 0.0 1.0 0
cell 138.82269609313397 128.18174341880425 0.0 1.0 1.0 1 0 0 0.0 1.0 0
cell 76.0395081232634 171.58058805327892 0.0 1.0 1.0 1 0 0 0.0 1.0 0
cell 38.65447720392207 23.431917758999436 0.0 2.23606797749979 0.4472135954999579 1 0 0 -0.3478085092536042 -0.9375655928471275 0.7104653212699912
cell 44.087380430257646 11.730632824130131 0.0 1.0 1.0 1 0 0 0.0 1.0 0
cell 74.59502526513155 14.867699841499585 0.0 2.23606797749979 0.4472135954999579 1 0 0 0.9060066926901692 0.42326336104206 2.267504214493232
cell 131.3441358513508 134.77171223538278 0.0 1.0 1.0 1 0 0 0.0 1.0 0
cell 31.492694201527954 46.90103891275061 0.0 1.0 1.0 1 0 0 0.0 1.0 0
cell 77.3552770306067 127.07403628474356 0.0 2.23606797749979 0.4472135954999579 1 0 0 0.8720059849094818 -0.4894952117049203 4.164614207850885
cell 60.08923010435009 69.085112913983 0.0 1.0 1.0 1 0 0 0.0 1.0 0
cell 24.7449355087947 114.0577704913195 0.0 2.23606797749979 0.4472135954999579 1 0 0 0.4386493032441822 0.8986583270428163 0.9081902125906052
cell 32.312669228436754 131.02193163622758 0.0 2.23606797749979 0.4472135954999579 1 0 0 -0.5592871297238197 -0.8289740083532724 1.187051214865959
cell 22.612947051404063 14.079756675759448 0.0 2.23606797749979 0.4472135954999579 1 0 0 0.08314169192706557 -0.9965377358953874 6.116709751495549
cell 26.76359672532826 20.208733054083474 0.0 1.0 1.0 1 0 0 0.0 1.0 0
cell 155.87224869724548 101.25636107825753 0.0 1.0 1.0 1 0 0 0.0 1.0 0
cell 26.977283982179184 27.628863825098545 0.0 2.23606797749979 0.4472135954999579 1 0 0 0.15898784678168607 -0.9872805399559555 5.963854557157882
cell 132.13735192821488 182.38171651873748 0.0 2.23606797749979 0.4472135954999579 1 0 0 -0.999447115518384 -0.03324850796625132 3.0750833798903354
cell 174.42004185076183 39.17602560501005 0.0 2.23606797749979 0.4472135954999579 1 0 0 0.046723784738256155 -0.9989078475714029 6.1897037031709345
cell 149.3795244446816 161.56220629476368 0.0 1.0 1.0 1 0 0 0.0 1.0 0
cell 161.96304897587348 159.09190240843645 0.0 1.0 1.0 1 0 0 0.0 1.0 0
cell 135.00291882620425 14.903914099062806 0.0 1.0 1.0 1 0 0 0.0 1.0 0
cell 30.552663280025154 131.09749753394001 0.0 2.23606797749979 0.4472135954999579 1 0 0 -0.5900573729130996 -0.8073613172990711 1.2622598023689857
cell 93.83859246201114 7.242376830112263 0.0 1.0 1.0 1 0 0 0.0 1.0 0
cell 46.92049041034121 138.16700996258842 0.0 2.23606797749979 0.4472135954999579 1 0 0 0.9320389327589916 0.36235814855123627 2.3999991543818258
cell 184.50999391801804 78.28412307589906 0.0 2.23606797749979 0.4472135954999579 1 0 0 0.9992389773538385 -0.039005975655725236 3.2196244005478887
cell 161.45033547685208 82.566182892138 0.0 1.0 1.0 1 0 0 0.0 1.0 0
cell 67.48594413281583 169.45889634760343 0.0 1.0 1.0 1 0 0 0.0 1.0 0
cell 7.475743886700251 97.77350837284266 0.0 2.23606797749979 0.4472135954999579 1 0 0 0.9987162491200253 0.05065425691516582 3.0402407658548696
cell 168.2650295658726 109.7655028223505 0.0 2.23606797749979 0.4472135954999579 1 0 0 0.9248285320696177 -0.38038426133313685 3.922016164924803
cell 138.76629158316152 59.68413816427496 0.0 1.0 1.0 1 0 0 0.0 1.0 0
cell 147.26867976466022 141.95072446381326 0.0 1.0 1.0 1 0 0 0.0 1.0 0
cell 92.35532790311615 105.56546020351372 0.0 1.0 1.0 1 0 0 0.0 1.0 0
cell 135.9866823983915 87.41592748986088 0.0 1.0 1.0 1 0 0 0.0 1.0 0
cell 178.797629757226 21.818217599209515 0.0 2.23606797749979 0.4472135954999579 1 0 0 -0.1369932136251089 0.9905719859862105 6.008334570267798
cell 51.42786789077458 19.30460968988927 0.0 1.0 1.0 1 0 0 0.0 1.0 0
cell 148.90817575163445 113.84222942915814 0.0 2.23606797749979 0.4472135954999579 1 0 0 -0.33788328780986027 -0.9411880172520255 0.6893340157952306
cell 136.4054619680642 18.69211971848523 0.0 1.0 1.0 1 0 0 0.0 1.0 0
cell 101.49790263289296 163.02366666739275 0.0 2.23606797749979 0.4472135954999579 1 0 0 -0.059312394615388155 -0.9982394701898881 0.11869445245013477
cell 70.112471460034 24.457565200127767 0.0 1.0 1.0 1 0 0 0.0 1.0 0
cell 67.38946940521595 4.5819856964109364 0.0 2.23606797749979 0.4472135954999579 1 0 0 0.8026328759626806 0.596473357681528 1.863392543283039
cell 83.88592990744249 184.00092525055797 0.0 2.23606797749979 0.4472135954999579 1 0 0 0.9207396278006935 0.3901775721353553 2.3399437676578145
cell 133.34491133497147 114.25853373013979 0.0 2.23606797749979 0.4472135954999579 1 0 0 -0.2620435123688749 0.96505605931748 5.752907102233289
cell 143.28862883471146 113.71519600866621 0.0 1.0 1.0 1 0 0 0.0 1.0 0
cell 132.61147680491726 1.682951659049484 0.0 1.0 1.0 1 0 0 0.0 1.0 0
cell 27.918003136939095 2.638144936150697 0.0 2.23606797749979 0.4472135954999579 1 0 0 -0.017282717837713783 -0.9998506426782662 0.03456715664520971
cell 7.70654779232956 31.813691495772996 0.0 2.23606797749979 0.4472135954999579 1 0 0 -0.4111872470164559 0.911550902523292 5.4356730522182986
cell 78.64877525277839 178.80024421541637 0.0 2.23606797749979 0.4472135954999579 1 0 0 0.8615677327611528 0.5076426320403032 2.0766997735049575
cell 132.5244146008025 144.9337055413147 0.0 2.23606797749979 0.4472135954999579 1 0 0 -0.05194641443697049 -0.9986498735929137 0.103939610289836
cell 16.700344146240127 59.70619387865996 0.0 2.23606797749979 0.4472135954999579 1 0 0 0.8809285399627662 0.4732493079541363 2.155641368432966
cell 153.45551929714972 74.60470623200919 0.0 1.0 1.0 1 0 0 0.0 1.0 0
cell 78.6615083245919 166.85895951208602 0.0 1.0 1.0 1 0 0 0.0 1.0 0
cell 53.69693616527989 28.945290064750324 0.0 2.23606797749979 0.4472135954999579 1 0 0 0.8771009087158205 0.480306148128339 2.1395852044630286
cell 78.06497398640778 37.92550984984717 0.0 1.0 1.0 1 0 0 0.0 1.0 0
cell 77.62641120228676 88.92877762374397 0.0 1.0 1.0 1 0 0 0.0 1.0 0
cell 106.14906223663796 102.56992842327573 0.0 1.0 1.0 1 0 0 0.0 1.0 0
cell 59.864863275716544 93.41060891550805 0.0 1.0 1.0 1 0 0 0.0 1.0 0
cell 46.039473246028805 71.79152465470214 0.0 1.0 1.0 1 0 0 0.0 1.0 0
cell 154.52545825842432 85.43718180211219 0.0 1.0 1.0 1 0 0 0.0 1.0 0
cell 80.55047251434334 174.8050567249773 0.0 2.23606797749979 0.4472135954999579 1 0 0 0.8358806372181472 0.5489112499519245 1.9794703307781707
cell 36.04695189334189 17.436679476895794 0.0 2.23606797749979 0.4472135954999579 1 0 0 -0.3503337471749147 -0.9366249332525709 0.7158548189929252
cell 175.70740910267776 101.01087338145787 0.0 2.23606797749979 0.4472135954999579 1 0 0 -0.37547673042600105 0.9268318212645702 5.513363134060154
cell 150.9404952641483 18.383769241907814 0.0 1.0 1.0 1 0 0 0.0 1.0 0
cell 122.90519812133103 18.86568428856514 0.0 1.0 1.0 1 0 0 0.0 1.0 0
cell 131.55252094844818 3.3256390393174766 0.0 1.0 1.0 1 0 0 0.0 1.0 0
cell 138.74741578384652 31.21898245333456 0.0 1.0 1.0 1 0 0 0.0 1.0 0
cell 36.206505765223746 37.51589770682847 0.0 2.23606797749979 0.4472135954999579 1 0 0 0.9835834369797344 0.18045393456262732 2.7786967681637975
cell 114.03783164410355 182.70063199097737 0.0 1.0 1.0 1 0 0 0.0 1.0 0
cell 139.44159742074476 134.3177587253332 0.0 1.0 1.0 1 0 0 0.0 1.0 0
cell 52.36430603229878 45.531952490224256 0.0 1.0 1.0 1 0 0 0.0 1.0 0
cell 27.53335386728127 21.370961869278123 0.0 1.0 1.0 1 0 0 0.0 1.0 0
cell 143.87929169484133 163.8085944478466 0.0 2.23606797749979 0.4472135954999579 1 0 0 -0.7263934374470935 -0.6872791092662395 1.6261193950922976
cell 74.4722552171361 102.02299226517204 0.0 1.0 1.0 1 0 0 0.0 1.0 0
cell 57.16835837193373 186.9520768744953 0.0 1.0 1.0 1 0 0 0.0 1.0 0
cell 125.83289212280518 15.103693376571995 0.0 1.0 1.0 1 0 0 0.0 1.0 0
cell 129.83672207380943 96.96141021971148 0.0 2.23606797749979 0.4472135954999579 1 0 0 0.197077289725869 0.9803879547782632 0.39675169060493864
cell 91.41259376846061 169.93641279464714 0.0 2.23606797749979 0.4472135954999579 1 0 0 0.9246789758921641 0.38074767437637563 2.3603831750997495
cell 114.64213073377418 79.3017373886679 0.0 2.23606797749979 0.4472135954999579 1 0 0 0.27365369252284055 0.9618282885050816 0.5543793704730359
cell 1.723238422474857 20.37028654453607 0.0 2.23606797749979 0.4472135954999579 1 0 0 0.2672733882461856 -0.963620742790131 5.742060571485893
cell 115.59440107478673 115.04441951679803 0.0 1.0 1.0 1 0 0 0.0 1.0 0
cell 115.1779851695631 41.97967134739967 0.0 1.0 1.0 1 0 0 0.0 1.0 0
cell 129.47982218695572 150.88703261135268 0.0 1.0 1.0 1 0 0 0.0 1.0 0
cell 32.21599988075872 54.10157983508564 0.0 2.23606797749979 0.4472135954999579 1 0 0 0.9845321609545309 0.17520394985901935 2.7893668167256034
cell 96.73100912848678 49.67940387646777 0.0 1.0 1.0 1 0 0 0.0 1.0 0
cell 61.90270001464204 28.783326345823763 0.0 2.23606797749979 0.4472135954999579 1 0 0 0.934103652295853 0.3570019142351313 2.4114799911637377
cell 109.71406203913739 11.160374940417734 0.0 1.0 1.0 1 0 0 0.0 1.0 0
cell 110.1524883481239 0.4978246858285516 0.0 1.0 1.0 1 0 0 0.0 1.0 0
cell 125.88805997976065 85.0974533868368 0.0 2.23606797749979 0.4472135954999579 1 0 0 0.3178068264276599 0.9481554835974842 0.6468309859791238
cell 125.49882920975439 8.712025333482362 0.0 1.0 1.0 1 0 0 0.0 1.0 0
cell 9.157603768588208 183.10550802736793 0.0 2.23606797749979 0.4472135954999579 1 0 0 0.9299588772601959 0.36766355082460367 2.388601959632178
cell 100.22850991398953 76.95997729844427 0.0 2.23606797749979 0.4472135954999579 1 0 0 -0.22505412862358903 -0.9743462624701124 0.45399717921591076
cell 59.58231521361788 103.7570734300886 0.0 1.0 1.0 1 0 0 0.0 1.0 0
cell 17.888096795568913 144.11356802385652 0.0 2.23606797749979 0.4472135954999579 1 0 0 0.9800337243812114 0.1988313332337028 2.741262053287168
cell 59.294238114424374 114.46148877000441 0.0 2.23606797749979 0.4472135954999579 1 0 0 0.9998565468434057 -0.0169377015672269 3.175469676661705
cell 119.39818945772015 80.02390624597643 0.0 2.23606797749979 0.4472135954999579 1 0 0 0.2958773973928851 0.9552259239112038 0.6007478232062907
cell 80.41152121230299 108.24445124843746 0.0 1.0 1.0 1 0 0 0.0 1.0 0
cell 89.95597539619257 149.22511006580214 0.0 2.23606797749979 0.4472135954999579 1 0 0 0.4241605856774488 -0.9055869906076189 5.407115795681856
cell 120.0284330245451 86.95606178880803 0.0 2.23606797749979 0.4472135954999579 1 0 0 0.23146610585144184 0.9728429687477672 0.46716889144441487
cell 36.94553256666201 129.72867869784443 0.0 2.23606797749979 0.4472135954999579 1 0 0 0.8726497016476774 0.48834669878501236 2.1212043128913534
cell 88.85042682969596 173.57464034418354 0.0 2.23606797749979 0.4472135954999579 1 0 0 0.923412829411581 0.38380821575117235 2.3537589618043815
cell 175.19196587670405 117.06971926175659 0.0 2.23606797749979 0.4472135954999579 1 0 0 0.0034891709806967584 -0.9999939128244069 6.276206951058694
cell 98.90893737336658 187.29518710990868 0.0 1.0 1.0 1 0 0 0.0 1.0 0
cell 66.1969261290029 38.71153237023166 0.0 1.0 1.0 1 0 0 0.0 1.0 0
cell 142.98005326276248 167.49118045361482 0.0 2.23606797749979 0.4472135954999579 1 0 0 -0.823775461825587 -0.5669162094119737 1.9360775985805052
cell 107.40650827643742 147.71007396917403 0.0 2.23606797749979 0.4472135954999579 1 0 0 0.9546042700986122 0.29787696706777433 2.5366568791184547
cell 15.20686637780566 12.782867392014106 0.0 2.23606797749979 0.4472135954999579 1 0 0 0.1643882414393129 -0.9863957147496587 5.95290974051433
cell 119.50426300163741 9.707066590531312 0.0 1.0 1.0 1 0 0 0.0 1.0 0
cell 75.52016520027684 169.67555866961575 0.0 1.0 1.0 1 0 0 0.0 1.0 0
cell 100.68877802237984 56.64045886219966 0.0 1.0 1.0 1 0 0 0.0 1.0 0
cell 146.85640461698338 180.23883789923795 0.0 2.23606797749979 0.4472135954999579 1 0 0 0.993189811743212 0.1165075012584302 2.908047247253408
cell 32.00655838689456 128.81707680818326 0.0 2.23606797749979 0.4472135954999579 1 0 0 -0.5211783190407113 -0.8534478072863616 1.096462053995812
cell 162.71627786756702 114.29438609129953 0.0 1.0 1.0 1 0 0 0.0 1.0 0
cell 45.81469552191311 45.935812212630324 0.0 1.0 1.0 1 0 0 0.0 1.0 0
cell 39.62981084402621 54.703471490719565 0.0 2.23606797749979 0.4472135954999579 1 0 0 0.9945060915010171 0.10467871783400184 2.931850976529183
cell 149.32820453289895 19.670415542855746 0.0 1.0 1.0 1 0 0 0.0 1.0 0
cell 157.35471217082502 91.68948734070655 0.0 1.0 1.0 1 0 0 0.0 1.0 0
cell 67.08498526482961 88.26564032693632 0.0 1.0 1.0 1 0 0 0.0 1.0 0
cell 32.837391636735994 39.7368775797917 0.0 2.23606797749979 0.4472135954999579 1 0 0 0.9762208043858852 0.2167785531001053 2.7045659769747736
cell 169.73997061587536 164.27213071412288 0.0 2.23606797749979 0.4472135954999579 1 0 0 0.5344445619172934 0.8452035318413148 1.1277008912081252
cell 19.711914613271563 9.51531985055649 0.0 2.23606797749979 0.4472135954999579 1 0 0 0.027924726146730538 0.9996100287960451 0.05585671331882705
cell 87.03563436604652 12.328974159254091 0.0 1.0 1.0 1 0 0 0.0 1.0 0
cell 2.145556278016958 15.81399528543364 0.0 2.23606797749979 0.4472135954999579 1 0 0 -0.14566258620846886 0.9893343272014069 5.990819969459051
cell 119.22528396780902 184.20580702169704 0.0 1.0 1.0 1 0 0 0.0 1.0 0
cell 16.010338987035034 42.4816975784885 0.0 1.0 1.0 1 0 0 0.0 1.0 0
cell 52.71511679181027 183.68852377856456 0.0 1.0 1.0 1 0 0 0.0 1.0 0
cell 129.42892047590678 168.6424222490385 0.0 1.0 1.0 1 0 0 0.0 1.0 0
cell 28.880320569336828 148.73747694369467 0.0 2.23606797749979 0.4472135954999579 1 0 0 0.9977556324849673 0.06696041998466498 3.0075715343950415
cell 151.5396856626339 81.24916460258844 0.0 1.0 1.0 1 0 0 0.0 1.0 0
cell 81.62312723143397 102.557213711132 0.0 1.0 1.0 1 0 0 0.0 1.0 0
cell 77.23289447649003 5.037703386891216 0.0 2.23606797749979 0.4472135954999579 1 0 0 0.9038109104238555 0.4279320485764082 2.257185656047739
cell 73.53263748754775 64.45869665725404 0.0 2.23606797749979 0.4472135954999579 1 0 0 0.41539002563128063 0.9096434062895438 0.8567430572625636
cell 179.05758361698412 117.35541988002639 0.0 2.23606797749979 0.4472135954999579 1 0 0 0.07398767570425169 -0.9972591558085002 6.135074614919382
cell 130.41603633714774 63.49294117694283 0.0 1.0 1.0 1 0 0 0.0 1.0 0
cell 40.0153274641346 1.5451245849949493 0.0 1.0 1.0 1 0 0 0.0 1.0 0
cell 151.66465839059524 115.68440573170932 0.0 2.23606797749979 0.4472135954999579 1 0 0 -0.3622740014767741 -0.9320716430908121 0.7414129367982154
cell 159.8966345733383 70.82231409994684 0.0 1.0 1.0 1 0 0 0.0 1.0 0
cell 84.29083036819493 30.046853625664387 0.0 1.0 1.0 1 0 0 0.0 1.0 0
cell 62.21185599040812 99.04105982321927 0.0 2.23606797749979 0.4472135954999579 1 0 0 0.9716494021251418 -0.23642639309064986 3.618965290863575
cell 185.49426619724917 112.61328571042428 0.0 2.23606797749979 0.4472135954999579 1 0 0 0.9395220163620358 -0.3424885118818068 3.840721299679843
cell 42.29635770238049 29.050556790628224 0.0 1.0 1.0 1 0 0 0.0 1.0 0
cell 152.33119536934893 163.9171636387291 0.0 2.23606797749979 0.4472135954999579 1 0 0 -0.7111780969994371 -0.7030118877716501 1.5823451548183147
cell 171.8974066817867 109.17344373613693 0.0 1.0 1.0 1 0 0 0.0 1.0 0
cell 143.53233217233438 80.37347006408079 0.0 1.0 1.0 1 0 0 0.0 1.0 0
cell 99.64485257986705 17.213400669867106 0.0 1.0 1.0 1 0 0 0.0 1.0 0
cell 137.38323909912125 134.38550296309714 0.0 1.0 1.0 1 0 0 0.0 1.0 0
cell 148.94657470354807 46.8131963703478 0.0 1.0 1.0 1 0 0 0.0 1.0 0
cell 0.494894444692655 148.22003405561017 0.0 2.23606797749979 0.4472135954999579 1 0 0 0.7623313465377699 -0.6471869266957658 4.549369728430062
cell 40.486851547840295 144.3631049871266 0.0 2.23606797749979 0.4472135954999579 1 0 0 0.9596332698410902 0.28125431092535685 2.5713907885635376
cell 83.01880048734522 17.413812367838712 0.0 1.0 1.0 1 0 0 0.0 1.0 0
cell 14.673552752845845 96.38147345582946 0.0 2.23606797749979 0.4472135954999579 1 0 0 0.974654500171078 0.2237154560960555 2.6903428767201127
cell 44.549250426696226 16.02955828449571 0.0 2.23606797749979 0.4472135954999579 1 0 0 0.3623387310347219 0.9320464816693143 0.7415518326268905
cell 113.66987266808937 53.63998048324202 0.0 1.0 1.0 1 0 0 0.0 1.0 0
cell 72.67743459819934 15.94626934659369 0.0 2.23606797749979 0.4472135954999579 1 0 0 0.8996025429935837 0.43670958844462915 2.2377170853971866
cell 66.03579726656682 65.25279103770542 0.0 2.23606797749979 0.4472135954999579 1 0 0 -0.16619564958486852 -0.9860927978943278 0.3339407999543207
cell 108.55079831801528 26.991163705929402 0.0 1.0 1.0 1 0 0 0.0 1.0 0
cell 36.72886842362484 43.04824533816237 0.0 2.23606797749979 0.4472135954999579 1 0 0 0.9768901950650785 0.2137417759487205 2.710785336151133
cell 140.87696485100287 44.82889357194291 0.0 1.0 1.0 1 0 0 0.0 1.0 0
cell 120.91961233733004 161.93598309861 0.0 1.0 1.0 1 0 0 0.0 1.0 0
cell 115.47320709866067 92.29358082324327 0.0 1.0 1.0 1 0 0 0.0 1.0 0
cell 80.07649573184258 18.614219117116786 0.0 1.0 1.0 1 0 0 0.0 1.0 0
cell 118.24952077212971 80.32927012527755 0.0 2.23606797749979 0.4472135954999579 1 0 0 0.311753608602246 0.9501629794532502 0.6340761243960172
cell 84.17588522603752 52.76529231089419 0.0 1.0 1.0 1 0 0 0.0 1.0 0
cell 62.00576045949 37.95827971452903 0.0 1.0 1.0 1 0 0 0.0 1.0 0
cell 146.89225528886533 10.14934402558873 0.0 1.0 1.0 1 0 0 0.0 1.0 0
cell 149.07416159916465 136.5430019675248 0.0 1.0 1.0 1 0 0 0.0 1.0 0
cell 26.15893124518867 126.41675727748763 0.0 1.0 1.0 1 0 0 0.0 1.0 0
cell 38.500722848606145 21.059898770874792 0.0 2.23606797749979 0.4472135954999579 1 0 0 -0.38237555203855433 -0.9240070006245682 0.7847317148506017
cell 15.143551443481034 6.818256889180592 0.0 2.23606797749979 0.4472135954999579 1 0 0 0.05372656100182043 0.9985556852989811 0.10750488395035168
cell 159.89078275067826 118.66424878132199 0.0 2.23606797749979 0.4472135954999579 1 0 0 -0.3753589958608612 -0.9268795090119999 0.7695681215569081
cell 52.98479731923924 35.814152544249396 0.0 2.23606797749979 0.4472135954999579 1 0 0 0.9510370244140526 0.3090769777800747 2.513147981010094
cell 118.55566867860621 180.36856152061816 0.0 2.23606797749979 0.4472135954999579 1 0 0 0.9982267310223354 -0.05952640987378647 3.2607158941805907
cell 70.2116463862559 103.9332588532668 0.0 2.23606797749979 0.4472135954999579 1 0 0 0.9908955511492074 -0.13463285896358504 3.4116785311216615
cell 59.773898279333025 183.91728802175075 0.0 1.0 1.0 1 0 0 0.0 1.0 0
cell 123.88544719713356 76.93641925537902 0.0 1.0 1.0 1 0 0 0.0 1.0 0
cell 70.50266131485978 87.94278147572584 0.0 1.0 1.0 1 0 0 0.0 1.0 0
cell 124.8779206665739 129.07660420201626 0.0 1.0 1.0 1 0 0 0.0 1.0 0
cell 184.71427532492768 180.85007680885116 0.0 2.23606797749979 0.4472135954999579 1 0 0 -0.12760025105624362 0.99182567819672 6.027287159746024
cell 135.900696890798 46.94111882302355 0.0 2.23606797749979 0.4472135954999579 1 0 0 0.9993441482987054 -0.036211507302722074 3.214031505269138
cell 76.38380220664575 52.98037006961118 0.0 1.0 1.0 1 0 0 0.0 1.0 0
cell 99.03939331838185 76.98115308767684 0.0 2.23606797749979 0.4472135954999579 1 0 0 -0.21725164402807695 -0.9761156300188506 0.4379959581596857
cell 88.0354076771729 183.41574030899335 0.0 2.23606797749979 0.4472135954999579 1 0 0 0.9268446893417596 0.37544496512668424 2.371839025977912
cell 54.44125845902584 24.39478230817891 0.0 2.23606797749979 0.4472135954999579 1 0 0 0.84311868683751 0.537727514551183 2.0061137483039047
cell 11.770128817044887 108.21047579869676 0.0 2.23606797749979 0.4472135954999579 1 0 0 -0.15007996781752167 -0.9886738609166784 0.30129831240055793
cell 150.8689902158286 158.5980662717366 0.0 2.23606797749979 0.4472135954999579 1 0 0 0.5731470129155052 0.8194525621328143 1.2206822102700179
cell 14.992527783902448 40.895441390216675 0.0 1.0 1.0 1 0 0 0.0 1.0 0
cell 109.21786014695427 143.3212026900717 0.0 2.23606797749979 0.4472135954999579 1 0 0 0.8706747479356343 0.49185921085938783 2.1131449816013244
cell 139.63388799004696 75.18705511544478 0.0 1.0 1.0 1 0 0 0.0 1.0 0
cell 159.79830019086282 60.56595943773205 0.0 1.0 1.0 1 0 0 0.0 1.0 0
cell 110.46934135738759 56.35061696939083 0.0 1.0 1.0 1 0 0 0.0 1.0 0
cell 87.34111253442698 65.16005924927497 0.0 2.23606797749979 0.4472135954999579 1 0 0 0.4288619211441694 0.9033700529641949 0.8864651699211062
cell 113.23920185963816 34.83106094153397 0.0 1.0 1.0 1 0 0 0.0 1.0 0
cell 121.34335218077963 5.093306454844888 0.0 1.0 1.0 1 0 0 0.0 1.0 0
cell 92.13026889457267 2.890283148376706 0.0 1.0 1.0 1 0 0 0.0 1.0 0
cell 57.21984910627425 22.24389907757241 0.0 2.23606797749979 0.4472135954999579 1 0 0 0.8407769444720002 0.5413816857304347 1.9974334824364819
cell 179.06640948675496 118.75662667169523 0.0 2.23606797749979 0.4472135954999579 1 0 0 0.2730289367489369 -0.9620058210311125 5.730104917213954
cell 128.91503410590366 103.05728290736185 0.0 1.0 1.0 1 0 0 0.0 1.0 0
cell 162.96880073458527 62.81594581991445 0.0 1.0 1.0 1 0 0 0.0 1.0 0
cell 148.41546710628234 0.4637790967742303 0.0 2.23606797749979 0.4472135954999579 1 0 0 0.9988782675327311 0.04735194453039485 3.0468533378237344
cell 180.84531580950758 182.07128937644453 0.0 2.23606797749979 0.4472135954999579 1 0 0 0.06526780981131568 0.9978677833272471 0.13062847556456958
cell 168.73817211835745 169.83765668008598 0.0 2.23606797749979 0.4472135954999579 1 0 0 0.6546494396702399 0.7559326101838979 1.4274375636430214
cell 58.09681601479178 0.5623293289383299 0.0 1.0 1.0 1 0 0 0.0 1.0 0
cell 121.16516143220507 104.06424115449515 0.0 1.0 1.0 1 0 0 0.0 1.0 0
cell 39.933176526065154 53.18306493028108 0.0 2.23606797749979 0.4472135954999579 1 0 0 0.9839379734720042 0.17851068416149637 2.7826474235598524
cell 124.58742357656975 83.31548491115696 0.0 2.23606797749979 0.4472135954999579 1 0 0 0.342006383405182 0.9396976288733029 0.698102414872706
cell 131.2204211891443 140.43936238941706 0.0 1.0 1.0 1 0 0 0.0 1.0 0
cell 115.61264158343207 132.9274807064864 0.0 1.0 1.0 1 0 0 0.0 1.0 0
cell 185.44630255517546 84.02105334777055 0.0 2.23606797749979 0.4472135954999579 1 0 0 0.9867379859201239 -0.16232112352462796 3.467677693971422
cell 122.47040855179195 175.76532150940966 0.0 2.23606797749979 0.4472135954999579 1 0 0 0.9953807711271587 0.09600583560546183 2.949284786409235
cell 70.47637370731712 15.822679988626806 0.0 2.23606797749979 0.4472135954999579 1 0 0 0.9142104724889202 0.4052396969592013 2.3071106425601813
cell 72.51891995658785 0.7407801917959139 0.0 2.23606797749979 0.4472135954999579 1 0 0 0.8562094030817643 0.5166289365437914 2.055774538581304
cell 143.82038913280724 67.2063850980389 0.0 1.0 1.0 1 0 0 0.0 1.0 0
cell 133.3320683669497 97.79212123590074 0.0 2.23606797749979 0.4472135954999579 1 0 0 0.1949093927755785 0.980821252118782 0.3923301407576394
cell 69.19009244140196 29.28659733403394 0.0 2.23606797749979 0.4472135954999579 1 0 0 0.9792323945773829 0.20274101067678632 2.7332801416603725
cell 119.00859906076346 19.370426996988172 0.0 1.0 1.0 1 0 0 0.0 1.0 0
cell 103.3477569326523 18.609904988907946 0.0 1.0 1.0 1 0 0 0.0 1.0 0
cell 155.4092100521183 88.38360748712292 0.0 1.0 1.0 1 0 0 0.0 1.0 0
cell 87.60637267127936 61.24775032438913 0.0 1.0 1.0 1 0 0 0.0 1.0 0
cell 67.17115918272604 41.757472370222665 0.0 1.0 1.0 1 0 0 0.0 1.0 0
cell 83.70620820179462 5.094780681756599 0.0 2.23606797749979 0.4472135954999579 1 0 0 0.9409990913474852 0.3384090868803721 2.4511412163555746
cell 137.95822560047858 131.28354879125246 0.0 1.0 1.0 1 0 0 0.0 1.0 0
cell 183.588514358588 88.96602375215025 0.0 2.23606797749979 0.4472135954999579 1 0 0 0.19007213802032444 -0.9817701270401248 5.900714060150718
cell 168.97117745846538 56.385254853314336 0.0 1.0 1.0 1 0 0 0.0 1.0 0
cell 168.2568489263668 39.42574876462805 0.0 2.23606797749979 0.4472135954999579 1 0 0 0.11468639603868831 -0.9934017468092439 6.053306693248089
cell 19.939332515570776 23.168263976063106 0.0 1.0 1.0 1 0 0 0.0 1.0 0
cell 50.12346179490352 29.544717712278896 0.0 2.23606797749979 0.4472135954999579 1 0 0 0.9190017572958279 0.39425343383055056 2.3310819677117913
cell 1.4756492859791432 19.518339100883967 0.0 2.23606797749979 0.4472135954999579 1 0 0 0.2066605203313605 -0.978412709104073 5.866864184476062
cell 91.233582868551 46.291707953454065 0.0 1.0 1.0 1 0 0 0.0 1.0 0
cell 116.44667143358579 12.745368271459766 0.0 1.0 1.0 1 0 0 0.0 1.0 0
cell 85.6004635241327 154.97616011538008 0.0 2.23606797749979 0.4472135954999579 1 0 0 0.7910120704524027 -0.611800542986522 4.4582623434036925
cell 6.43941444880597 87.44563575366831 0.0 2.23606797749979 0.4472135954999579 1 0 0 0.17173646543291626 -0.9851429269099021 5.938001201950043
cell 173.17435210368177 114.88951475090639 0.0 1.0 1.0 1 0 0 0.0 1.0 0
cell 70.19633042254169 17.65283257428085 0.0 2.23606797749979 0.4472135954999579 1 0 0 0.9066285327472196 0.4219297377628458 2.270447163013408
cell 88.91102868878058 27.781672440338003 0.0 1.0 1.0 1 0 0 0.0 1.0 0
cell 149.9503542297822 166.55853020123746 0.0 2.23606797749979 0.4472135954999579 1 0 0 0.9105880133096035 0.41331521870948484 2.2894090298165595
cell 61.72313715140564 21.738895575851252 0.0 2.23606797749979 0.4472135954999579 1 0 0 0.844884193823506 0.5349492490201331 2.0126972987330074
cell 80.76177568947726 152.13323672864237 0.0 2.23606797749979 0.4472135954999579 1 0 0 0.4561373729279559 -0.8899093757334973 5.335885560445557
cell 32.808875165670095 138.7964740834716 0.0 2.23606797749979 0.4472135954999579 1 0 0 -0.9009378069218956 -0.4339482320032714 2.243851586690818
cell 108.51268797122125 175.50348555601585 0.0 2.23606797749979 0.4472135954999579 1 0 0 0.9707693242748622 0.24001441424824352 2.656831255019764
cell 4.353477928321106 20.37248965076841 0.0 2.23606797749979 0.4472135954999579 1 0 0 -0.37703409686781036 0.9261993790750859 5.510001364274852
cell 148.2799013402458 78.99513035328627 0.0 1.0 1.0 1 0 0 0.0 1.0 0
cell 9.31378186895185 51.29649656987411 0.0 2.23606797749979 0.4472135954999579 1 0 0 0.8539483675516605 -0.5203577476658287 4.236132315293064
cell 172.52934874476838 73.17220231784117 0.0 2.23606797749979 0.4472135954999579 1 0 0 0.9997334816866259 0.02308604762051639 3.0954164560084347
cell 24.004315451889653 60.83052620460767 0.0 2.23606797749979 0.4472135954999579 1 0 0 0.9827982293686656 0.1846825393745057 2.7700949827302543
cell 158.56779182381248 115.13109820627695 0.0 2.23606797749979 0.4472135954999579 1 0 0 -0.4765101596112585 -0.8791689642993848 0.9933618926225254
cell 137.422007991539 123.05439255232248 0.0 1.0 1.0 1 0 0 0.0 1.0 0
cell 155.93178542022278 78.63143799589656 0.0 2.23606797749979 0.4472135954999579 1 0 0 0.9987611046443073 0.04976199201883787 3.0420275492400224
cell 62.96743483423198 55.21993106061507 0.0 2.23606797749979 0.4472135954999579 1 0 0 -0.2382379497972439 -0.971206815913277 0.4811023135406769
cell 133.0285106166604 137.65390626689899 0.0 1.0 1.0 1 0 0 0.0 1.0 0
cell 136.88925906175496 145.80723013667853 0.0 2.23606797749979 0.4472135954999579 1 0 0 0.25639442393503986 0.9665722421914562 0.5185801524290886
cell 64.15540737041755 94.31975544087592 0.0 1.0 1.0 1 0 0 0.0 1.0 0
cell 111.6554590955808 132.14288761021254 0.0 1.0 1.0 1 0 0 0.0 1.0 0
cell 150.1751651252528 96.28797710680352 0.0 1.0 1.0 1 0 0 0.0 1.0 0
cell 176.93185964043562 104.80780888779218 0.0 2.23606797749979 0.4472135954999579 1 0 0 0.9885322896508606 -0.15100964312793722 3.44477175164669
cell 91.9590692990111 73.48901477083723 0.0 2.23606797749979 0.4472135954999579 1 0 0 0.2715752528675107 0.9624172078833314 0.5500588430747676
cell 1.7081672573587738 58.86745272239063 0.0 2.23606797749979 0.4472135954999579 1 0 0 0.9885002984684198 0.15121891392231668 2.8379901517005965
cell 46.21764742925858 35.57913127515672 0.0 2.23606797749979 0.4472135954999579 1 0 0 0.9626458917380314 0.27076352619932104 2.5932204598934097
cell 78.95773591312012 184.0314868150684 0.0 2.23606797749979 0.4472135954999579 1 0 0 0.871938304763465 0.48961576025105125 2.1182946030056184
cell 163.28048578830624 149.43518540904498 0.0 1.0 1.0 1 0 0 0.0 1.0 0
cell 84.49494010165601 80.24675807994417 0.0 1.0 1.0 1 0 0 0.0 1.0 0
cell 121.95418675370179 6.340784099416415 0.0 1.0 1.0 1 0 0 0.0 1.0 0
cell 103.63443782014693 43.1795516471974 0.0 1.0 1.0 1 0 0 0.0 1.0 0
cell 141.0207941520023 140.39313784733244 0.0 1.0 1.0 1 0 0 0.0 1.0 0
cell 115.51918000217884 87.1734605481722 0.0 2.23606797749979 0.4472135954999579 1 0 0 -0.18533547322088204 -0.982675308719005 0.37282647800897095
cell 139.67217965243444 55.50625398224137 0.0 1.0 1.0 1 0 0 0.0 1.0 0
cell 31.53891717063773 159.83079608247849 0.0 2.23606797749979 0.4472135954999579 1 0 0 0.0712363330089651 -0.9974594652713642 6.140591866167548
cell 9.238666549226735 26.852681084261466 0.0 2.23606797749979 0.4472135954999579 1 0 0 -0.14181152790886722 0.989893676387597 5.99860290994439
cell 18.89250862459625 15.061188650368202 0.0 2.23606797749979 0.4472135954999579 1 0 0 -0.16883529062600938 0.9856442789562728 5.943889554995188
cell 33.69382780592979 56.58131901476366 0.0 2.23606797749979 0.4472135954999579 1 0 0 0.9964352032179276 0.08436163694504445 2.9726686053213
cell 47.526433004947016 3.8302191841585334 0.0 1.0 1.0 1 0 0 0.0 1.0 0
cell 118.62578864153753 61.13687698324585 0.0 1.0 1.0 1 0 0 0.0 1.0 0
cell 81.608871718438 73.84948498823515 0.0 2.23606797749979 0.4472135954999579 1 0 0 -0.2660123450977571 -0.9639696220605667 0.5385079079868946
cell 38.59850276883551 80.44719222288501 0.0 2.23606797749979 0.4472135954999579 1 0 0 0.8232334137204531 0.5677030443234995 1.9341666559903388
cell 122.78786852277113 60.14051959074417 0.0 1.0 1.0 1 0 0 0.0 1.0 0
cell 43.143456376021376 134.95338126135252 0.0 2.23606797749979 0.4472135954999579 1 0 0 0.9334295809563384 0.35876066868551026 2.40771298150818
cell 80.3046640218877 2.613165846961319 0.0 2.23606797749979 0.4472135954999579 1 0 0 0.912327223831376 0.4094618866953729 2.297864335244631
cell 142.86458703644263 27.884852486357303 0.0 1.0 1.0 1 0 0 0.0 1.0 0
cell 96.636948363581 59.5211349817258 0.0 1.0 1.0 1 0 0 0.0 1.0 0
cell 99.07985889320707 72.8774605861302 0.0 2.23606797749979 0.4472135954999579 1 0 0 0.24161898054500244 0.9703712012628949 0.48806783807853693
cell 117.30301721968162 0.38116694546443836 0.0 1.0 1.0 1 0 0 0.0 1.0 0
cell 29.923986900081793 138.5660012129033 0.0 2.23606797749979 0.4472135954999579 1 0 0 -0.8479996108493443 -0.5299968490466341 2.024398954410019
cell 41.683359517622044 46.69200896944059 0.0 1.0 1.0 1 0 0 0.0 1.0 0
cell 100.12819210474045 20.22728005423148 0.0 1.0 1.0 1 0 0 0.0 1.0 0
cell 104.63402080409413 76.73601939319016 0.0 2.23606797749979 0.4472135954999579 1 0 0 0.23455520730205212 0.9721028004935957 0.47352197110748634
cell 37.93958556323568 13.019804706096611 0.0 2.23606797749979 0.4472135954999579 1 0 0 -0.3139312280735775 -0.9494457246416014 0.6386615287748292
cell 17.77221117338552 36.43076396663425 0.0 1.0 1.0 1 0 0 0.0 1.0 0
cell 17.923705551411302 42.368088245873885 0.0 1.0 1.0 1 0 0 0.0 1.0 0
cell 124.87992050720034 98.7422974356646 0.0 1.0 1.0 1 0 0 0.0 1.0 0
cell 74.6958546150789 79.64170977380019 0.0 1.0 1.0 1 0 0 0.0 1.0 0
cell 153.71014005892417 160.81523260612107 0.0 1.0 1.0 1 0 0 0.0 1.0 0
cell 74.75972682647712 58.87764622971764 0.0 2.23606797749979 0.4472135954999579 1 0 0 -0.5075048834955393 -0.861648880477529 1.0645731326000165
cell 73.15538548454956 6.173689947609802 0.0 2.23606797749979 0.4472135954999579 1 0 0 0.8808581096318762 0.4733803868938358 2.1553437638632236
cell 138.06382248436097 118.88600710335386 0.0 1.0 1.0 1 0 0 0.0 1.0 0
cell 104.7176919119559 14.135366475913603 0.0 1.0 1.0 1 0 0 0.0 1.0 0
cell 15.043238308507929 5.410299275964001 0.0 2.23606797749979 0.4472135954999579 1 0 0 -0.10921686791078075 0.9940179453932203 6.064314965614204
cell 49.11848490375397 61.592904730707865 0.0 1.0 1.0 1 0 0 0.0 1.0 0
cell 84.31659198439651 123.21269450314733 0.0 1.0 1.0 1 0 0 0.0 1.0 0
cell 135.66345464344394 140.6846686042042 0.0 1.0 1.0 1 0 0 0.0 1.0 0
cell 148.22248507316962 3.817793290864837 0.0 1.0 1.0 1 0 0 0.0 1.0 0
cell 183.4004428530433 59.81668388875873 0.0 2.23606797749979 0.4472135954999579 1 0 0 0.9949606761041302 0.10026591148746475 2.9407233018809933
cell 84.11176621393916 175.63896516648254 0.0 2.23606797749979 0.4472135954999579 1 0 0 0.8754887435553388 0.4832385124427629 2.132892567486025
cell 96.62184275306821 23.389731932325027 0.0 1.0 1.0 1 0 0 0.0 1.0 0
cell 129.10790089710355 22.838693474713686 0.0 1.0 1.0 1 0 0 0.0 1.0 0
cell 127.99319191159842 86.13409706335733 0.0 2.23606797749979 0.4472135954999579 1 0 0 0.3239594606085411 0.9460709634494778 0.6598233344991238
cell 22.726503539294374 27.93583350382934 0.0 2.23606797749979 0.4472135954999579 1 0 0 0.16035707802810742 -0.987059069927574 5.961080503453947
cell 15.265539525274201 34.90375959309001 0.0 1.0 1.0 1 0 0 0.0 1.0 0
cell 124.042039113262 4.038043951566834 0.0 1.0 1.0 1 0 0 0.0 1.0 0
cell 125.21169155951058 26.76100929262882 0.0 1.0 1.0 1 0 0 0.0 1.0 0
cell 103.01531441479307 185.38215704673425 0.0 1.0 1.0 1 0 0 0.0 1.0 0
cell 130.3327731468693 184.35133817223416 0.0 2.23606797749979 0.4472135954999579 1 0 0 0.9987630059332088 -0.049723817022240324 3.241081313312156
cell 158.84012720936772 49.87824937328399 0.0 1.0 1.0 1 0 0 0.0 1.0 0
cell 135.043044508665 137.60590429413446 0.0 1.0 1.0 1 0 0 0.0 1.0 0
cell 124.09835835110573 50.86175403459353 0.0 2.23606797749979 0.4472135954999579 1 0 0 0.8482695922197935 -0.5295646314806771 4.257767133518706
cell 126.3281034709369 25.114029624482793 0.0 1.0 1.0 1 0 0 0.0 1.0 0
cell 46.51707203957459 131.8890955034545 0.0 2.23606797749979 0.4472135954999579 1 0 0 0.9174152491012588 0.3979312261138539 2.3230711785423774
cell 87.18798715087921 87.10429206278926 0.0 1.0 1.0 1 0 0 0.0 1.0 0
cell 51.18412344777941 177.85490715027942 0.0 1.0 1.0 1 0 0 0.0 1.0 0
cell 107.52009199935293 56.652488881961204 0.0 1.0 1.0 1 0 0 0.0 1.0 0
cell 124.60445989411517 9.881399927717263 0.0 1.0 1.0 1 0 0 0.0 1.0 0
cell 120.20204877848843 51.303190895854705 0.0 1.0 1.0 1 0 0 0.0 1.0 0
cell 74.74872350939616 74.42890453949778 0.0 1.0 1.0 1 0 0 0.0 1.0 0
cell 157.74803167839568 79.20365932793736 0.0 2.23606797749979 0.4472135954999579 1 0 0 0.9998834124450725 -0.015269627277607273 3.172133095032698
cell 121.91168087203303 65.3888987149996 0.0 1.0 1.0 1 0 0 0.0 1.0 0
cell 73.11217399733994 19.5587735141042 0.0 1.0 1.0 1 0 0 0.0 1.0 0
cell 104.97496997870022 161.721092636034 0.0 2.23606797749979 0.4472135954999579 1 0 0 0.13779580355025164 -0.9904606587461919 6.006714021745561
cell 79.06213687308161 41.025927241273024 0.0 1.0 1.0 1 0 0 0.0 1.0 0
cell 124.54537565149171 93.13623739088825 0.0 2.23606797749979 0.4472135954999579 1 0 0 -0.20631893610200758 -0.9784847963079119 0.41562290682877645
cell 25.01842446542424 25.501350838160967 0.0 2.23606797749979 0.4472135954999579 1 0 0 0.0498594582592165 -0.9987562437462394 6.183425028073752
cell 120.12459464684629 56.99315350563172 0.0 1.0 1.0 1 0 0 0.0 1.0 0
cell 49.68888344159885 150.12479545379523 0.0 2.23606797749979 0.4472135954999579 1 0 0 0.9543413456134539 -0.2987182553054 3.748291261273844
cell 136.87654657649117 95.62539500683363 0.0 2.23606797749979 0.4472135954999579 1 0 0 -0.3072112881939019 -0.9516413318084935 0.6245224353142786
cell 114.57610845688494 47.903159500721664 0.0 1.0 1.0 1 0 0 0.0 1.0 0
cell 20.668860439165577 169.27312665791305 0.0 2.23606797749979 0.4472135954999579 1 0 0 -0.10252344671950513 0.9947305880854136 6.077777494044285
cell 81.57472969403568 64.38455462770168 0.0 2.23606797749979 0.4472135954999579 1 0 0 -0.4016242651102695 -0.915804536827939 0.8265795028496816
cell 117.04866680448357 97.70538080662047 0.0 1.0 1.0 1 0 0 0.0 1.0 0
cell 17.578824184482244 55.18768850986428 0.0 2.23606797749979 0.4472135954999579 1 0 0 0.8687759427977162 0.4952053727656227 2.1054502356760927
cell 179.20777507441616 29.131379539553627 0.0 2.23606797749979 0.4472135954999579 1 0 0 -0.2724777925347856 0.9621620718856935 5.731250647170488
cell 99.90664456052241 182.57897916733035 0.0 2.23606797749979 0.4472135954999579 1 0 0 0.988870908632316 0.14877609371366685 2.8429317002720507
cell 135.84732318322878 9.148446929518638 0.0 1.0 1.0 1 0 0 0.0 1.0 0
cell 53.4701882915183 70.78983183181218 0.0 1.0 1.0 1 0 0 0.0 1.0 0
cell 79.09996738779715 14.711215542576298 0.0 1.0 1.0 1 0 0 0.0 1.0 0
cell 124.86916823076099 58.10143749056391 0.0 1.0 1.0 1 0 0 0.0 1.0 0
cell 7.381889985777087 92.90746428585014 0.0 2.23606797749979 0.4472135954999579 1 0 0 -0.092416459094541 0.9957204417347406 6.098088269060931
cell 113.58287813963982 186.5841236596883 0.0 1.0 1.0 1 0 0 0.0 1.0 0
cell 37.618571894312694 17.559387561224234 0.0 2.23606797749979 0.4472135954999579 1 0 0 -0.4033836841354158 -0.9150309302823261 0.8304234713878529
cell 85.23241063937716 95.47322865882981 0.0 1.0 1.0 1 0 0 0.0 1.0 0
cell 67.00596756208853 106.10627732462608 0.0 1.0 1.0 1 0 0 0.0 1.0 0
cell 112.66564371774078 84.14309756009143 0.0 2.23606797749979 0.4472135954999579 1 0 0 -0.22937672347154042 -0.9733377207986241 0.46287456956895756
cell 42.219379879199295 116.93206987745889 0.0 2.23606797749979 0.4472135954999579 1 0 0 0.967963803620641 0.2510897745434111 2.6339807870356853
cell 67.69202828535252 167.4624824040793 0.0 1.0 1.0 1 0 0 0.0 1.0 0
cell 187.47602306914143 130.88682639192191 0.0 2.23606797749979 0.4472135954999579 1 0 0 0.20663073406178628 0.9784190000920298 0.4162602359764099
cell 7.51845586079797 171.596025014804 0.0 2.23606797749979 0.4472135954999579 1 0 0 0.2569178892742963 0.9664332352370961 0.5196633678313682
cell 84.12655535479114 105.55989851756965 0.0 1.0 1.0 1 0 0 0.0 1.0 0
cell 138.29632273615826 187.51281965243214 0.0 2.23606797749979 0.4472135954999579 1 0 0 0.9995510635091461 0.029961165493600093 3.0816613538850195
cell 127.6160195925138 58.8105206121639 0.0 1.0 1.0 1 0 0 0.0 1.0 0
cell 137.52410777245365 99.30808281750505 0.0 2.23606797749979 0.4472135954999579 1 0 0 0.22724189908702547 0.9738383435146318 0.458489093456612
cell 97.05216806711438 168.61202965647024 0.0 2.23606797749979 0.4472135954999579 1 0 0 0.946525753949317 0.3226282645873992 2.4845827991931695
cell 166.40579523762236 63.101291986438994 0.0 1.0 1.0 1 0 0 0.0 1.0 0
cell 142.07162199324404 179.6125427029922 0.0 1.0 1.0 1 0 0 0.0 1.0 0
cell 145.45516120147678 23.290886761970825 0.0 1.0 1.0 1 0 0 0.0 1.0 0
cell 48.62253013083561 110.95758843856602 0.0 2.23606797749979 0.4472135954999579 1 0 0 -0.1912791866583686 -0.9815356706464177 0.38493046349404647
cell 73.15988817382546 23.544333363413685 0.0 1.0 1.0 1 0 0 0.0 1.0 0
cell 40.59502883595712 18.936168628676104 0.0 1.0 1.0 1 0 0 0.0 1.0 0
cell 56.317842223095354 67.9488483618446 0.0 1.0 1.0 1 0 0 0.0 1.0 0
cell 122.28097079575676 184.00586347868276 0.0 2.23606797749979 0.4472135954999579 1 0 0 0.9942259329790156 -0.10730700905349029 3.356620693331635
cell 89.74806996163187 1.201506254863939 0.0 2.23606797749979 0.4472135954999579 1 0 0 0.9519873963174068 0.30613721964636137 2.5193271046477284
cell 17.70287512771886 181.48515715872188 0.0 2.23606797749979 0.4472135954999579 1 0 0 0.989081921225712 0.1473667299781548 2.8457818460909436
cell 79.51352755537046 73.10796260577659 0.0 2.23606797749979 0.4472135954999579 1 0 0 -0.2752484464270592 -0.9613731287796068 0.557696243109187
cell 83.09623992101518 148.66814464494388 0.0 1.0 1.0 1 0 0 0.0 1.0 0
cell 97.53494192227166 33.68499015767133 0.0 1.0 1.0 1 0 0 0.0 1.0 0
cell 85.6742670752311 106.70231614711452 0.0 1.0 1.0 1 0 0 0.0 1.0 0
cell 21.124391542272605 133.5382035788803 0.0 1.0 1.0 1 0 0 0.0 1.0 0
cell 82.5226367637489 110.88054170500725 0.0 1.0 1.0 1 0 0 0.0 1.0 0
cell 101.97693304070108 91.09374828998821 0.0 1.0 1.0 1 0 0 0.0 1.0 0
cell 8.148287185975077 177.7198533436446 0.0 2.23606797749979 0.4472135954999579 1 0 0 -0.4466644973603899 -0.8947015294486705 0.926067585543306
cell 133.60690374717177 62.78579622543858 0.0 1.0 1.0 1 0 0 0.0 1.0 0
cell 156.20292272415057 90.08237690037873 0.0 1.0 1.0 1 0 0 0.0 1.0 0
cell 61.56735536237702 6.430739951889234 0.0 1.0 1.0 1 0 0 0.0 1.0 0
cell 126.23902091388808 122.61408491274659 0.0 1.0 1.0 1 0 0 0.0 1.0 0
cell 119.23442306447349 28.854689764461863 0.0 1.0 1.0 1 0 0 0.0 1.0 0
cell 154.6716722750029 59.14755107645153 0.0 1.0 1.0 1 0 0 0.0 1.0 0
cell 80.46964968800198 15.703791119757199 0.0 1.0 1.0 1 0 0 0.0 1.0 0
cell 142.46844992062347 19.4822135130958 0.0 1.0 1.0 1 0 0 0.0 1.0 0
cell 63.217340281173705 182.85169727324404 0.0 2.23606797749979 0.4472135954999579 1 0 0 0.5295741438447253 0.8482636536897747 1.1161969076981793
cell 28.727017209490814 51.351935025519516 0.0 2.23606797749979 0.4472135954999579 1 0 0 0.9289918445540577 0.3701001928560014 2.3833589144942016
cell 29.47425484672848 134.0278288197813 0.0 2.23606797749979 0.4472135954999579 1 0 0 0.7926722301533089 0.6096480423521261 1.830359651651374
cell 84.63582266834997 33.46656255022766 0.0 1.0 1.0 1 0 0 0.0 1.0 0
cell 85.92496914044597 88.18590633797544 0.0 1.0 1.0 1 0 0 0.0 1.0 0
cell 9.692540183219867 47.72478913761249 0.0 1.0 1.0 1 0 0 0.0 1.0 0
cell 151.24779705445818 176.57978567392902 0.0 1.0 1.0 1 0 0 0.0 1.0 0
cell 20.31096729234532 19.8186681637888 0.0 1.0 1.0 1 0 0 0.0 1.0 0
cell 101.1285450133785 111.22829622548058 0.0 1.0 1.0 1 0 0 0.0 1.0 0
cell 25.238492162007162 136.37147512181372 0.0 2.23606797749979 0.4472135954999579 1 0 0 0.7050278695290677 0.7091795986823816 1.5649248866851964
cell 168.48367277442634 185.00366188663858 0.0 2.23606797749979 0.4472135954999579 1 0 0 0.9823570434961513 0.18701507718229762 2.7653471915615766
cell 62.73492654188489 71.23158467886414 0.0 1.0 1.0 1 0 0 0.0 1.0 0
cell 81.36460646005064 104.50998646152368 0.0 1.0 1.0 1 0 0 0.0 1.0 0
cell 57.96095674597377 85.4216400367637 0.0 1.0 1.0 1 0 0 0.0 1.0 0
cell 181.78309651594512 150.06406441923065 0.0 2.23606797749979 0.4472135954999579 1 0 0 0.8270874999966927 -0.5620731868264317 4.33537321868856
cell 97.77180130669166 122.66687981418876 0.0 2.23606797749979 0.4472135954999579 1 0 0 0.01642079736992373 -0.9998651696172519 6.2503422363452
cell 77.86448524749738 6.545679754718839 0.0 2.23606797749979 0.4472135954999579 1 0 0 0.9035543479208312 0.42847350017633695 2.2559873336140623
cell 40.81731914158957 0.1847797149646097 0.0 1.0 1.0 1 0 0 0.0 1.0 0
cell 108.57110017661547 79.00005847517735 0.0 2.23606797749979 0.4472135954999579 1 0 0 -0.22444174056268407 -0.9744875089467246 0.45274024689109016
cell 21.961728930976275 140.0845076710165 0.0 1.0 1.0 1 0 0 0.0 1.0 0
cell 133.07104989750934 187.41259683982742 0.0 2.23606797749979 0.4472135954999579 1 0 0 0.9994009116844796 0.03460950338029887 3.0723598207498677
cell 151.02269672622526 172.16385263693897 0.0 1.0 1.0 1 0 0 0.0 1.0 0
cell 164.9750155573545 8.129041433292787 0.0 2.23606797749979 0.4472135954999579 1 0 0 0.7016777260084954 0.7124944693283919 1.555498992537241
cell 118.13688935253926 50.88722853790351 0.0 1.0 1.0 1 0 0 0.0 1.0 0
cell 78.69628670141275 157.3179123881173 0.0 2.23606797749979 0.4472135954999579 1 0 0 0.7692921593599773 -0.638897154123622 4.527720304549291
cell 25.059512721319866 144.9786414832421 0.0 2.23606797749979 0.4472135954999579 1 0 0 0.9204863691036498 0.3907746720226113 2.3386465887838943
cell 7.88076779536049 21.671481454520602 0.0 2.23606797749979 0.4472135954999579 1 0 0 -0.4491572290043138 0.8934527316166012 5.351541625471674
cell 151.8003937226604 151.60250536023014 0.0 1.0 1.0 1 0 0 0.0 1.0 0
cell 116.03764057226334 124.56187507985564 0.0 1.0 1.0 1 0 0 0.0 1.0 0
cell 121.0032809760922 44.98876036345107 0.0 1.0 1.0 1 0 0 0.0 1.0 0
cell 131.85557564555202 123.48581996614865 0.0 1.0 1.0 1 0 0 0.0 1.0 0
cell 51.7296264314165 186.75448468950069 0.0 1.0 1.0 1 0 0 0.0 1.0 0
cell 121.48189943604783 75.26478513325729 0.0 1.0 1.0 1 0 0 0.0 1.0 0
cell 125.53925826636564 85.57887788401193 0.0 2.23606797749979 0.4472135954999579 1 0 0 0.3009940355013589 0.9536260223969387 0.6114697146848348
cell 73.30513873293748 2.700993836544018 0.0 2.23606797749979 0.4472135954999579 1 0 0 0.8614227506451361 0.5078886144332907 2.0761287143060003
cell 21.575726938849066 114.58658221120297 0.0 2.23606797749979 0.4472135954999579 1 0 0 0.4584743018599371 0.8887076653962445 0.9525553527091549
cell 25.981617969238336 48.66202044411058 0.0 1.0 1.0 1 0 0 0.0 1.0 0
cell 149.34092013442296 64.3692513489159 0.0 1.0 1.0 1 0 0 0.0 1.0 0
cell 177.05824385200626 173.5693940681786 0.0 2.23606797749979 0.4472135954999579 1 0 0 0.9945619767122026 0.10414640885943333 2.9329214456003374
cell 88.00369644446843 121.76631113493804 0.0 1.0 1.0 1 0 0 0.0 1.0 0
cell 79.40856852928165 104.97657233957996 0.0 1.0 1.0 1 0 0 0.0 1.0 0
cell 144.12395638193527 134.82359166466745 0.0 1.0 1.0 1 0 0 0.0 1.0 0
cell 7.763526224262141 52.1027088369362 0.0 2.23606797749979 0.4472135954999579 1 0 0 0.848447887463532 -0.5292789267094146 4.257093586456255
cell 133.31704673650358 4.252090246362786 0.0 1.0 1.0 1 0 0 0.0 1.0 0
cell 48.06517113104379 91.08301376327076 0.0 2.23606797749979 0.4472135954999579 1 0 0 0.9982865120764127 0.05851529549024105 3.0244951732599836
cell 177.81909765980774 182.87123567471832 0.0 2.23606797749979 0.4472135954999579 1 0 0 -0.0037905226147392224 0.9999928159433482 6.275604243795836
cell 168.41906954469178 99.82173115036333 0.0 2.23606797749979 0.4472135954999579 1 0 0 0.40225635573983964 -0.9155270745679254 5.455225190135215
cell 132.9956376331666 184.06031115066526 0.0 2.23606797749979 0.4472135954999579 1 0 0 0.9998908821526248 0.01477239953581399 3.1120467798496336
cell 60.17978931453847 6.093070436495568 0.0 1.0 1.0 1 0 0 0.0 1.0 0
cell 140.4587770841918 59.042497392152555 0.0 1.0 1.0 1 0 0 0.0 1.0 0
cell 128.99388995521318 170.29636146525604 0.0 1.0 1.0 1 0 0 0.0 1.0 0
cell 27.03418706400156 11.539705389892838 0.0 2.23606797749979 0.4472135954999579 1 0 0 -0.2166537419787694 -0.9762485114388635 0.43677097759807904
cell 143.55710711739013 156.05995360948862 0.0 2.23606797749979 0.4472135954999579 1 0 0 0.4946881919365391 0.8690705338225189 1.034952023202146
cell 6.69530875585465 39.5050760607836 0.0 2.23606797749979 0.4472135954999579 1 0 0 -0.5507865040460784 0.8346461687210331 5.116572776129932
cell 79.93912210899448 42.61808262694705 0.0 1.0 1.0 1 0 0 0.0 1.0 0
cell 100.62127196594746 66.00793623301874 0.0 1.0 1.0 1 0 0 0.0 1.0 0
cell 39.597964372335866 16.571138322609016 0.0 1.0 1.0 1 0 0 0.0 1.0 0
cell 90.64079234339239 16.569352648195796 0.0 1.0 1.0 1 0 0 0.0 1.0 0
cell 97.12101157588205 53.932620447520904 0.0 1.0 1.0 1 0 0 0.0 1.0 0
cell 18.32847916589625 29.212891736725343 0.0 2.23606797749979 0.4472135954999579 1 0 0 -0.13683686013846139 0.9905935966416536 6.008650250062953
cell 114.58719382379171 8.67731016885408 0.0 1.0 1.0 1 0 0 0.0 1.0 0
cell 29.324541030092373 138.27298988897135 0.0 2.23606797749979 0.4472135954999579 1 0 0 0.8366584298153444 0.5477249965255578 1.9823073424829194
cell 31.080028307198738 88.1355427762683 0.0 2.23606797749979 0.4472135954999579 1 0 0 0.967756590604102 0.25188723933999607 2.6323328945945073
cell 13.01928678151153 165.4783221066446 0.0 2.23606797749979 0.4472135954999579 1 0 0 0.9802504714593946 -0.19775998888459356 3.5397371540509446
cell 53.9941906271707 176.86188951178883 0.0 1.0 1.0 1 0 0 0.0 1.0 0
cell 84.77803627300392 179.98330547307938 0.0 2.23606797749979 0.4472135954999579 1 0 0 0.909933691773206 0.4147537541433278 2.286248320157501
cell 19.046834057854095 108.20495464357167 0.0 2.23606797749979 0.4472135954999579 1 0 0 -0.5072232978115379 -0.8618146704235128 1.063919598195187
cell 49.68522589845936 23.614315714551037 0.0 2.23606797749979 0.4472135954999579 1 0 0 0.3009800792515729 0.9536304273111869 0.6114404448930605
cell 87.31852700573262 19.748961422246737 0.0 1.0 1.0 1 0 0 0.0 1.0 0
cell 20.57642301303186 61.83178031603074 0.0 2.23606797749979 0.4472135954999579 1 0 0 0.9715312980941981 0.23691124250107343 2.663221963174979
cell 32.10950768993548 45.88386938955567 0.0 1.0 1.0 1 0 0 0.0 1.0 0
cell 91.59540633415996 84.88078497532649 0.0 1.0 1.0 1 0 0 0.0 1.0 0
cell 101.94704277998069 22.858273324611268 0.0 1.0 1.0 1 0 0 0.0 1.0 0
cell 17.75002514694803 137.0340984116562 0.0 1.0 1.0 1 0 0 0.0 1.0 0
cell 116.11026544456439 129.4996975313831 0.0 1.0 1.0 1 0 0 0.0 1.0 0
cell 129.46902233705265 146.89797579606306 0.0 1.0 1.0 1 0 0 0.0 1.0 0
cell 34.0553137261025 60.76412392299577 0.0 2.23606797749979 0.4472135954999579 1 0 0 -0.07074468971392578 0.9974944555621752 6.141577639883827
cell 131.75047274045593 78.1187493571517 0.0 1.0 1.0 1 0 0 0.0 1.0 0
cell 102.44599501752036 172.88209617727753 0.0 2.23606797749979 0.4472135954999579 1 0 0 0.9549049451292468 0.2969116800796326 2.53867894195684
cell 158.95603006164993 29.096827640521738 0.0 2.23606797749979 0.4472135954999579 1 0 0 0.1434659962488828 -0.989655247002872 5.995259788821724
cell 108.79728248053723 145.6441410736404 0.0 2.23606797749979 0.4472135954999579 1 0 0 0.9327163942668342 0.360610770590502 2.403747372550652
cell 61.15957196732992 33.653033781479515 0.0 1.0 1.0 1 0 0 0.0 1.0 0
cell 63.63865340147675 25.550053742497877 0.0 2.23606797749979 0.4472135954999579 1 0 0 0.915548511507789 0.4022075621813592 2.313739126483794
cell 39.89619728284545 138.1254674718082 0.0 2.23606797749979 0.4472135954999579 1 0 0 0.9125367993204089 0.40899460862713566 2.298888582645196
cell 123.74616185705382 170.3447213617221 0.0 1.0 1.0 1 0 0 0.0 1.0 0
cell 96.52765380460183 78.3320884129107 0.0 2.23606797749979 0.4472135954999579 1 0 0 0.19154243900970114 0.9814843320492768 0.3854668866571172
cell 61.3875101431453 34.91182699519636 0.0 1.0 1.0 1 0 0 0.0 1.0 0
cell 112.56031506601241 127.25684739505333 0.0 1.0 1.0 1 0 0 0.0 1.0 0
cell 121.30043992153445 50.061670593695645 0.0 1.0 1.0 1 0 0 0.0 1.0 0
cell 34.91492743571288 11.537149896103877 0.0 2.23606797749979 0.4472135954999579 1 0 0 -0.318982015495509 -0.9477607682271001 0.6493103970105105
cell 122.05081442743496 82.81669722819204 0.0 2.23606797749979 0.4472135954999579 1 0 0 -0.27793721052574893 -0.960599243704244 0.56329208284785
cell 147.60209420101734 173.594049994099 0.0 1.0 1.0 1 0 0 0.0 1.0 0
cell 117.05893692287103 38.966636162552525 0.0 1.0 1.0 1 0 0 0.0 1.0 0
cell 79.22462148424485 186.8959921530305 0.0 2.23606797749979 0.4472135954999579 1 0 0 0.8881017613258868 0.4596468878713937 2.1863975448694566
cell 62.75562764643266 33.49687784917069 0.0 1.0 1.0 1 0 0 0.0 1.0 0
cell 96.47836740370884 40.106195084353864 0.0 1.0 1.0 1 0 0 0.0 1.0 0
cell 40.728454344574246 124.99519256717392 0.0 2.23606797749979 0.4472135954999579 1 0 0 0.6170926630163489 0.7868904912701582 1.3300852208240743
cell 140.93907918163845 161.48261557219826 0.0 1.0 1.0 1 0 0 0.0 1.0 0
cell 138.19999306436395 179.21575910483148 0.0 2.23606797749979 0.4472135954999579 1 0 0 0.966231753180217 0.2576745993424347 2.6203631373902283
cell 66.13545625554919 5.367917234785028 0.0 1.0 1.0 1 0 0 0.0 1.0 0
cell 41.84153201605173 56.259906252895384 0.0 1.0 1.0 1 0 0 0.0 1.0 0
cell 82.4974478824179 82.91025359759786 0.0 1.0 1.0 1 0 0 0.0 1.0 0
cell 132.01962623910288 36.72191696093587 0.0 1.0 1.0 1 0 0 0.0 1.0 0
cell 100.54698508222467 64.09034478095792 0.0 1.0 1.0 1 0 0 0.0 1.0 0
cell 7.388473748306725 147.9103062977432 0.0 2.23606797749979 0.4472135954999579 1 0 0 -0.9990479495143714 -0.04362561828937192 3.054313717268089
cell 38.05927841260056 148.08125772990022 0.0 2.23606797749979 0.4472135954999579 1 0 0 0.983386836947955 0.1815222546066905 2.7765242494365427
cell 87.74676335378554 123.70267985683309 0.0 1.0 1.0 1 0 0 0.0 1.0 0
cell 53.80853342398836 36.88205453899225 0.0 2.23606797749979 0.4472135954999579 1 0 0 0.9742291432023407 0.22556058284911643 2.6865558344140457
cell 185.97554896907957 26.66198798456097 0.0 2.23606797749979 0.4472135954999579 1 0 0 -0.314455695431038 0.9492721504452674 5.643418891046813
cell 96.02708189828446 17.19751668911889 0.0 1.0 1.0 1 0 0 0.0 1.0 0
cell 132.22928029698033 5.884920462967443 0.0 1.0 1.0 1 0 0 0.0 1.0 0
cell 77.11767408146993 19.58745193411045 0.0 1.0 1.0 1 0 0 0.0 1.0 0
cell 82.75976836279652 13.287408735445469 0.0 1.0 1.0 1 0 0 0.0 1.0 0
cell 1.8886732288855017 84.66167343248758 0.0 2.23606797749979 0.4472135954999579 1 0 0 0.9983985829398176 -0.056570925251086555 3.2547949385692645
cell 102.3094072040496 86.8959183000124 0.0 1.0 1.0 1 0 0 0.0 1.0 0
cell 52.15312864528912 176.09875357275772 0.0 1.0 1.0 1 0 0 0.0 1.0 0
cell 19.0056682140154 111.09365504789004 0.0 2.23606797749979 0.4472135954999579 1 0 0 -0.6061639476260879 -0.7953397189870234 1.3024570248116385
cell 137.5126422758107 113.71389915772694 0.0 1.0 1.0 1 0 0 0.0 1.0 0
cell 36.677329327481935 184.32716303251505 0.0 1.0 1.0 1 0 0 0.0 1.0 0
cell 58.770931959528156 2.418702252759955 0.0 1.0 1.0 1 0 0 0.0 1.0 0
cell 127.03892145209338 52.751751957840824 0.0 1.0 1.0 1 0 0 0.0 1.0 0
cell 157.96959115302656 30.26037223643818 0.0 2.23606797749979 0.4472135954999579 1 0 0 0.11353564616219587 -0.993533923452306 6.055623325366688
cell 110.70279332182164 71.24650441715724 0.0 1.0 1.0 1 0 0 0.0 1.0 0
cell 126.61362658313462 158.9537916512288 0.0 1.0 1.0 1 0 0 0.0 1.0 0
cell 115.65239134213314 60.17085049195731 0.0 1.0 1.0 1 0 0 0.0 1.0 0
cell 39.694738082815604 135.47126636845874 0.0 2.23606797749979 0.4472135954999579 1 0 0 0.8716568689001173 0.49011662173328074 2.117145571450546
cell 76.223836201112 73.08734789524448 0.0 2.23606797749979 0.4472135954999579 1 0 0 -0.20147260854687332 -0.9794941490408804 0.4057222535664078
cell 175.29415148469175 187.37827804050093 0.0 2.23606797749979 0.4472135954999579 1 0 0 0.2638481721956133 -0.9645642239006348 5.749166139689995
cell 135.67564223995055 129.05605954861235 0.0 1.0 1.0 1 0 0 0.0 1.0 0
cell 130.81809382486568 157.00934087905384 0.0 1.0 1.0 1 0 0 0.0 1.0 0
cell 113.00663376076461 0.5467989594638061 0.0 1.0 1.0 1 0 0 0.0 1.0 0
cell 79.85836441017469 183.75766434425503 0.0 2.23606797749979 0.4472135954999579 1 0 0 0.8954504939030103 0.44516110900308303 2.218884309014313
cell 2.6502621544079337 32.42033632476141 0.0 2.23606797749979 0.4472135954999579 1 0 0 0.5521863742848375 -0.8337207014667234 5.113216512144461
cell 130.38926962489552 166.23562915046742 0.0 1.0 1.0 1 0 0 0.0 1.0 0
cell 50.018742945838184 30.44781049788515 0.0 2.23606797749979 0.4472135954999579 1 0 0 0.9167040012073688 0.39956698333370894 2.3195037839231034
cell 40.99299899780217 15.544957394972794 0.0 2.23606797749979 0.4472135954999579 1 0 0 -0.3450143967532009 -0.9385973929396059 0.7045082472719137
cell 139.27466991451104 161.70075637686088 0.0 1.0 1.0 1 0 0 0.0 1.0 0
cell 136.02498174731218 146.90072249773974 0.0 2.23606797749979 0.4472135954999579 1 0 0 -0.23942905381699686 -0.9709138623937231 0.4835555161324985
cell 47.45360114979055 156.53199789880415 0.0 2.23606797749979 0.4472135954999579 1 0 0 0.02997691542543987 -0.9995505912866922 6.2232224934559
cell 155.87884649777754 10.754676827408929 0.0 1.0 1.0 1 0 0 0.0 1.0 0
cell 158.6498118591968 110.3914748688314 0.0 1.0 1.0 1 0 0 0.0 1.0 0
cell 105.76750932878164 34.171306188873736 0.0 1.0 1.0 1 0 0 0.0 1.0 0
cell 47.31668613999418 54.17960071523225 0.0 2.23606797749979 0.4472135954999579 1 0 0 -0.07529570335425734 0.9971612492753555 6.1324512413134356
cell 14.242055408129982 180.45161267059643 0.0 2.23606797749979 0.4472135954999579 1 0 0 0.9869593526548058 0.16096967480617763 2.818246530631472
cell 45.51030402267853 14.425095353432116 0.0 1.0 1.0 1 0 0 0.0 1.0 0
cell 92.14713877825545 181.56700467501017 0.0 2.23606797749979 0.4472135954999579 1 0 0 0.9262611111988204 0.3768824138650231 2.368736238323559
cell 123.4759546296634 31.127158868822423 0.0 1.0 1.0 1 0 0 0.0 1.0 0
cell 68.68544531993078 175.2960517629454 0.0 1.0 1.0 1 0 0 0.0 1.0 0
cell 96.03980756109442 3.1176002498242856 0.0 1.0 1.0 1 0 0 0.0 1.0 0
cell 40.663889475654166 47.10754561242466 0.0 1.0 1.0 1 0 0 0.0 1.0 0
cell 42.74656122068436 67.34196608617954 0.0 1.0 1.0 1 0 0 0.0 1.0 0
cell 53.522207552797475 39.30164183812822 0.0 2.23606797749979 0.4472135954999579 1 0 0 0.98455011893088 0.17510300772171278 2.789571870903886
cell 178.45997221419697 106.29796209226876 0.0 2.23606797749979 0.4472135954999579 1 0 0 0.9949128108934026 -0.10073975739591877 3.343414519923455
cell 53.36336057419411 17.205749726866884 0.0 1.0 1.0 1 0 0 0.0 1.0 0
cell 120.35414818289334 169.93673798284541 0.0 1.0 1.0 1 0 0 0.0 1.0 0
cell 22.164476182641096 40.60069998577605 0.0 1.0 1.0 1 0 0 0.0 1.0 0
cell 162.34599025029215 139.16171670320375 0.0 2.23606797749979 0.4472135954999579 1 0 0 0.03363445293428618 0.9994342017240612 0.06728159561754227
cell 43.034945067978256 5.32168010709582 0.0 1.0 1.0 1 0 0 0.0 1.0 0
cell 178.6445107922917 127.50357521068615 0.0 2.23606797749979 0.4472135954999579 1 0 0 0.9602710488471861 -0.2790690107230203 3.7072415849363347
cell 68.87460936446296 10.33347685106266 0.0 2.23606797749979 0.4472135954999579 1 0 0 0.8725437399665389 0.4885359985151605 2.1207704361075153
cell 100.54326568013457 6.955993477904925 0.0 1.0 1.0 1 0 0 0.0 1.0 0
cell 154.90098605578274 105.41371360843594 0.0 1.0 1.0 1 0 0 0.0 1.0 0
cell 171.80091277847822 32.661068971320645 0.0 2.23606797749979 0.4472135954999579 1 0 0 -0.12986862581153308 0.9915312098112817 6.022712342616645
cell 36.63246381918526 84.83440100321974 0.0 2.23606797749979 0.4472135954999579 1 0 0 -0.8215867008889813 -0.5700835841544286 1.928377480267974
cell 27.401849200902472 154.14397226496638 0.0 2.23606797749979 0.4472135954999579 1 0 0 0.9993651023445951 -0.035628530923644305 3.212864799581739
cell 91.11513920632919 41.59570706019661 0.0 1.0 1.0 1 0 0 0.0 1.0 0
cell 101.93609607867235 65.53670926861163 0.0 1.0 1.0 1 0 0 0.0 1.0 0
cell 145.25849744288593 69.76138051030085 0.0 1.0 1.0 1 0 0 0.0 1.0 0
cell 138.79199707700965 106.69459734516903 0.0 2.23606797749979 0.4472135954999579 1 0 0 -0.27926865767500797 -0.9602130059733618 0.5660647576602615
cell 45.12355901770189 11.099038829791477 0.0 1.0 1.0 1 0 0 0.0 1.0 0
cell 44.58742555449548 66.6306312630065 0.0 1.0 1.0 1 0 0 0.0 1.0 0
cell 91.26419051597381 49.163945612788275 0.0 1.0 1.0 1 0 0 0.0 1.0 0
cell 118.9133285639532 89.11187174493277 0.0 2.23606797749979 0.4472135954999579 1 0 0 -0.2160538085278618 -0.9763814581507609 0.435542002438682
cell 122.87699166596295 40.78989696408941 0.0 1.0 1.0 1 0 0 0.0 1.0 0
cell 68.83497300805492 179.29179327106203 0.0 1.0 1.0 1 0 0 0.0 1.0 0
cell 150.08795788225657 4.472800169033538 0.0 1.0 1.0 1 0 0 0.0 1.0 0
cell 138.37239696827535 85.48959328672544 0.0 1.0 1.0 1 0 0 0.0 1.0 0
cell 167.3864403085624 10.227483115541446 0.0 2.23606797749979 0.4472135954999579 1 0 0 0.5392940851311537 -0.842117503524628 5.143988062262278
cell 128.10138697862183 165.8521134288942 0.0 1.0 1.0 1 0 0 0.0 1.0 0
cell 140.8151466111194 85.0291139037637 0.0 1.0 1.0 1 0 0 0.0 1.0 0
cell 125.08816708834317 86.85113961242183 0.0 2.23606797749979 0.4472135954999579 1 0 0 0.26667649170130864 0.9637861011520564 0.5398859800512704
cell 140.0200129815301 14.26490062713099 0.0 1.0 1.0 1 0 0 0.0 1.0 0
cell 40.686580486248985 9.104290663408971 0.0 2.23606797749979 0.4472135954999579 1 0 0 0.4073583073249806 0.9132684213599672 0.8391192397796186
cell 32.10525243017845 61.74360094674989 0.0 2.23606797749979 0.4472135954999579 1 0 0 0.01128576078743687 -0.9999363137737567 6.260613306427496
cell 45.46489367659351 183.51170440216626 0.0 1.0 1.0 1 0 0 0.0 1.0 0
cell 77.18836430459594 30.412865653539644 0.0 1.0 1.0 1 0 0 0.0 1.0 0
cell 61.37697044431345 67.54259644959521 0.0 1.0 1.0 1 0 0 0.0 1.0 0
cell 129.93984150988632 117.19856819055089 0.0 1.0 1.0 1 0 0 0.0 1.0 0
cell 175.2215170678891 126.06893096416441 0.0 2.23606797749979 0.4472135954999579 1 0 0 0.9320644155144576 -0.3622925962970987 3.883045490523491
cell 107.74738445791581 52.74128294635825 0.0 1.0 1.0 1 0 0 0.0 1.0 0
cell 97.71188791753742 27.322648423656013 0.0 1.0 1.0 1 0 0 0.0 1.0 0
cell 136.3291780682035 26.916033128169506 0.0 1.0 1.0 1 0 0 0.0 1.0 0
cell 175.08893106223283 109.19093375685202 0.0 2.23606797749979 0.4472135954999579 1 0 0 0.9589577211308267 -0.2835490946618799 3.7165788267943216
cell 51.25017436056602 7.636321717586858 0.0 1.0 1.0 1 0 0 0.0 1.0 0
cell 66.15325227027472 96.97485820902305 0.0 1.0 1.0 1 0 0 0.0 1.0 0
cell 92.40815103858338 20.276065767229337 0.0 1.0 1.0 1 0 0 0.0 1.0 0
cell 117.26583914544597 156.62425734619822 0.0 2.23606797749979 0.4472135954999579 1 0 0 0.4676725768758689 -0.8839017823481773 5.309873679096703
cell 94.73353897130077 109.77102379856548 0.0 1.0 1.0 1 0 0 0.0 1.0 0
cell 72.2219331687819 185.502224161113 0.0 2.23606797749979 0.4472135954999579 1 0 0 0.8169948634981086 0.5766449453673438 1.9123603925946606
cell 59.04304578976873 182.15315579305908 0.0 1.0 1.0 1 0 0 0.0 1.0 0
cell 114.77733693252175 183.80239803584308 0.0 1.0 1.0 1 0 0 0.0 1.0 0
cell 42.32063300920783 42.35813317369376 0.0 2.23606797749979 0.4472135954999579 1 0 0 0.9800261368389801 0.19886872834225233 2.741185739069863
cell 21.111717346160226 185.19585539421715 0.0 2.23606797749979 0.4472135954999579 1 0 0 0.07030965579139806 -0.9975252138680482 6.142449879736493
cell 151.2028009441685 71.99624032610511 0.0 1.0 1.0 1 0 0 0.0 1.0 0
cell 54.03709522705652 65.47108425151346 0.0 1.0 1.0 1 0 0 0.0 1.0 0
cell 57.833175600815416 28.43596358015813 0.0 2.23606797749979 0.4472135954999579 1 0 0 -0.8901276536211595 -0.45571126852305177 2.1952504249067664
cell 184.14184838578942 146.95733872631655 0.0 2.23606797749979 0.4472135954999579 1 0 0 0.7238462902281182 0.6899612656685815 1.6187215744614984
cell 98.07271399877732 8.373990185610207 0.0 1.0 1.0 1 0 0 0.0 1.0 0
cell 155.9211553772173 14.67283938543276 0.0 1.0 1.0 1 0 0 0.0 1.0 0
cell 123.69778848453964 179.692987809064 0.0 2.23606797749979 0.4472135954999579 1 0 0 0.9999428747217349 0.010688652545236904 3.120214941428517
cell 116.76917634003046 16.52356243403506 0.0 1.0 1.0 1 0 0 0.0 1.0 0
cell 10.268535017977761 27.86443008637836 0.0 2.23606797749979 0.4472135954999579 1 0 0 0.3154400841248501 -0.948945495446028 5.641344548080507
cell 9.102586727023716 177.43089660715526 0.0 2.23606797749979 0.4472135954999579 1 0 0 -0.5181514348208154 -0.8552888930607776 1.0893763957940523
cell 145.79089814508774 21.54624336723187 0.0 1.0 1.0 1 0 0 0.0 1.0 0
cell 122.2152653349722 51.20559452118878 0.0 1.0 1.0 1 0 0 0.0 1.0 0
cell 22.67403451516608 54.008792526082495 0.0 1.0 1.0 1 0 0 0.0 1.0 0
cell 117.57465060999724 20.581743928140245 0.0 1.0 1.0 1 0 0 0.0 1.0 0
cell 91.7000068643208 120.31345109568895 0.0 1.0 1.0 1 0 0 0.0 1.0 0
cell 119.68791418167972 18.140570088598825 0.0 1.0 1.0 1 0 0 0.0 1.0 0
cell 142.6505367172309 17.731172626879253 0.0 1.0 1.0 1 0 0 0.0 1.0 0
cell 112.63526163266093 2.310236696137109 0.0 1.0 1.0 1 0 0 0.0 1.0 0
cell 59.6311554248978 41.395217406619324 0.0 1.0 1.0 1 0 0 0.0 1.0 0
cell 138.21687143827117 14.334168463740129 0.0 1.0 1.0 1 0 0 0.0 1.0 0
cell 72.72954836403657 103.05992772189622 0.0 1.0 1.0 1 0 0 0.0 1.0 0
cell 111.5628255000426 150.60959598777464 0.0 1.0 1.0 1 0 0 0.0 1.0 0
cell 39.25326938796807 137.70126658441743 0.0 2.23606797749979 0.4472135954999579 1 0 0 0.8883157719285765 0.45923315357554206 2.1873291598318754
cell 119.46488531458763 20.721191259229187 0.0 1.0 1.0 1 0 0 0.0 1.0 0
cell 19.609480589782567 16.347079759066254 0.0 2.23606797749979 0.4472135954999579 1 0 0 0.1594620590813259 -0.9872040577882284 5.962893876500127
cell 36.4010705132772 65.60592730152487 0.0 1.0 1.0 1 0 0 0.0 1.0 0
cell 48.6908285812792 2.679268557237581 0.0 1.0 1.0 1 0 0 0.0 1.0 0
cell 180.70591340011356 124.32987444643564 0.0 2.23606797749979 0.4472135954999579 1 0 0 0.18673588237853161 0.9824101537709752 0.37567705921230005
cell 65.93006938955041 15.874088457781921 0.0 2.23606797749979 0.4472135954999579 1 0 0 0.8810602037995519 0.47300414087055537 2.156197937441404
cell 64.04817937603471 21.38835886590837 0.0 2.23606797749979 0.4472135954999579 1 0 0 0.8899123780491587 0.4561315154589643 2.194306071025668
cell 137.42487781480514 183.83548922398666 0.0 2.23606797749979 0.4472135954999579 1 0 0 0.9989732910595827 0.045303021417851454 3.050955589335651
cell 160.84284723781363 117.40862005898418 0.0 2.23606797749979 0.4472135954999579 1 0 0 0.9149154278921179 -0.40364558687663465 3.9725886067627227
cell 125.6683229338107 164.0078287640177 0.0 1.0 1.0 1 0 0 0.0 1.0 0
cell 165.87233119955388 66.8533874814107 0.0 1.0 1.0 1 0 0 0.0 1.0 0
cell 65.90399611954146 173.1020924958702 0.0 1.0 1.0 1 0 0 0.0 1.0 0
cell 45.62878655333317 36.41145238987002 0.0 2.23606797749979 0.4472135954999579 1 0 0 0.9647304351851389 0.2632397907374423 2.6088348412491222
cell 146.396260791947 57.56050328740425 0.0 1.0 1.0 1 0 0 0.0 1.0 0
cell 86.36670632046058 120.54422009049713 0.0 1.0 1.0 1 0 0 0.0 1.0 0
cell 148.12608649587602 169.66819881833584 0.0 2.23606797749979 0.4472135954999579 1 0 0 0.8642096657037622 0.5031318452495246 2.0871548334045045
cell 72.42960222588289 106.1229732024361 0.0 1.0 1.0 1 0 0 0.0 1.0 0
cell 142.10541927113923 162.72850770412686 0.0 1.0 1.0 1 0 0 0.0 1.0 0
cell 170.66977346024447 98.62701534890924 0.0 2.23606797749979 0.4472135954999579 1 0 0 0.49431040516283087 -0.8692854671209901 5.249102580640622
cell 53.65284581349467 14.002443811085497 0.0 1.0 1.0 1 0 0 0.0 1.0 0
cell 127.48522212543514 74.60770690527649 0.0 1.0 1.0 1 0 0 0.0 1.0 0
cell 59.029111106892756 24.8411264229983 0.0 2.23606797749979 0.4472135954999579 1 0 0 0.8584742204240923 0.5128567176778003 2.0645743258510376
cell 162.3157591637073 147.64094283981436 0.0 1.0 1.0 1 0 0 0.0 1.0 0
cell 33.547275786405095 183.1595509431734 0.0 2.23606797749979 0.4472135954999579 1 0 0 -0.26292528257867714 0.96481619792628 5.751079478368275
cell 42.463685918950624 44.84185781254505 0.0 1.0 1.0 1 0 0 0.0 1.0 0
cell 46.71548272784571 29.25616954838712 0.0 1.0 1.0 1 0 0 0.0 1.0 0
cell 172.05617196725197 177.27528388234924 0.0 2.23606797749979 0.4472135954999579 1 0 0 0.9559790386314293 -0.29343496331781627 3.737228659291833
cell 102.15106234078003 153.6531004126364 0.0 1.0 1.0 1 0 0 0.0 1.0 0
cell 96.81806390436347 114.28520313603873 0.0 2.23606797749979 0.4472135954999579 1 0 0 0.72008419600555 -0.693886698721802 4.675338005185326
cell 129.5783732355109 164.8340844493002 0.0 1.0 1.0 1 0 0 0.0 1.0 0
cell 167.63871943797457 97.03526567865799 0.0 2.23606797749979 0.4472135954999579 1 0 0 0.5241345547218177 0.8516354669379158 1.1033971586060487
cell 94.15079015812977 13.479617166733044 0.0 1.0 1.0 1 0 0 0.0 1.0 0
cell 11.43573742614975 92.7599362327643 0.0 2.23606797749979 0.4472135954999579 1 0 0 -0.15525219714727126 0.9878748682302556 5.971419825520445
cell 132.20293670669727 79.49324940410084 0.0 1.0 1.0 1 0 0 0.0 1.0 0
cell 144.12652813546757 126.71940337071307 0.0 1.0 1.0 1 0 0 0.0 1.0 0
cell 66.99669186127336 46.04024884439898 0.0 1.0 1.0 1 0 0 0.0 1.0 0
cell 22.144786670692174 182.29950608841497 0.0 2.23606797749979 0.4472135954999579 1 0 0 0.9985162079487964 -0.0544553253920692 3.2505572032845067
cell 144.71975402325825 131.71157471673337 0.0 1.0 1.0 1 0 0 0.0 1.0 0
cell 114.5950065577523 11.989669924628528 0.0 1.0 1.0 1 0 0 0.0 1.0 0
cell 23.72309141860604 22.794364888767205 0.0 1.0 1.0 1 0 0 0.0 1.0 0
cell 44.835469352514075 12.974894092328496 0.0 1.0 1.0 1 0 0 0.0 1.0 0
cell 174.11269937154088 66.15531763760306 0.0 1.0 1.0 1 0 0 0.0 1.0 0
cell 124.96050207043334 51.13838612078712 0.0 2.23606797749979 0.4472135954999579 1 0 0 0.8455884887349677 -0.5338352814482323 4.267852136427702
cell 11.203552527860948 35.95344853882188 0.0 2.23606797749979 0.4472135954999579 1 0 0 -0.47192529227593466 0.8816385418697811 5.300238765371957
cell 150.2871079987426 7.890224056922898 0.0 1.0 1.0 1 0 0 0.0 1.0 0
cell 89.71674081788728 89.21273182661797 0.0 1.0 1.0 1 0 0 0.0 1.0 0
cell 171.20011280688445 71.54867373729599 0.0 2.23606797749979 0.4472135954999579 1 0 0 0.9934144010304867 0.11457673335035885 2.911934820405095
cell 119.73451844666772 82.9817247216874 0.0 2.23606797749979 0.4472135954999579 1 0 0 -0.289321551140725 -0.9572319677306671 0.587036001154039
cell 34.118186988071166 44.67206074391971 0.0 1.0 1.0 1 0 0 0.0 1.0 0
cell 146.34644862456602 119.90985704320994 0.0 1.0 1.0 1 0 0 0.0 1.0 0
cell 133.43545505404623 104.43278130718495 0.0 1.0 1.0 1 0 0 0.0 1.0 0
cell 63.67868914761618 88.61088965717431 0.0 1.0 1.0 1 0 0 0.0 1.0 0
cell 14.209198863723106 27.147031117124918 0.0 2.23606797749979 0.4472135954999579 1 0 0 -0.035839072665590006 0.9993575740797037 6.211491808603512
cell 17.715917417533216 38.814024738574965 0.0 1.0 1.0 1 0 0 0.0 1.0 0
cell 42.603330754331814 37.81512888867869 0.0 2.23606797749979 0.4472135954999579 1 0 0 -0.9774275914240058 -0.2112706877990098 2.715843033215336
cell 151.68739037590186 75.41962102168229 0.0 1.0 1.0 1 0 0 0.0 1.0 0
cell 120.30280483761926 165.21321570980834 0.0 1.0 1.0 1 0 0 0.0 1.0 0
cell 106.93212837976992 32.88483185044978 0.0 1.0 1.0 1 0 0 0.0 1.0 0
cell 5.008918256482107 17.541796262666356 0.0 2.23606797749979 0.4472135954999579 1 0 0 0.2588882543399882 -0.9659072790722687 5.759443228855507
cell 176.507364663236 137.17701844494627 0.0 2.23606797749979 0.4472135954999579 1 0 0 0.21299258589158201 0.977053815485727 0.4292736194076435
cell 135.05885217871472 73.92709876562803 0.0 1.0 1.0 1 0 0 0.0 1.0 0
cell 140.3137413438167 115.37832452816512 0.0 1.0 1.0 1 0 0 0.0 1.0 0
cell 100.30690978170543 62.65173033002132 0.0 1.0 1.0 1 0 0 0.0 1.0 0
cell 13.372727668288075 22.08603229455461 0.0 1.0 1.0 1 0 0 0.0 1.0 0
cell 163.240539169249 121.53207899982634 0.0 2.23606797749979 0.4472135954999579 1 0 0 0.24301732683783758 0.9700219476159246 0.4909504416407517
cell 158.42094181732392 93.4087851360713 0.0 1.0 1.0 1 0 0 0.0 1.0 0
cell 144.48916713669018 86.95632878159238 0.0 1.0 1.0 1 0 0 0.0 1.0 0
cell 48.865048511443376 56.888468056402886 0.0 2.23606797749979 0.4472135954999579 1 0 0 -0.10935052140675489 0.9940032512361672 6.064046047966848
cell 15.49888828763861 19.816047923013926 0.0 1.0 1.0 1 0 0 0.0 1.0 0
cell 111.12699044396287 90.55461630961908 0.0 1.0 1.0 1 0 0 0.0 1.0 0
cell 158.04133138049906 71.70453742667858 0.0 1.0 1.0 1 0 0 0.0 1.0 0
cell 123.01330474894166 82.66133733249127 0.0 2.23606797749979 0.4472135954999579 1 0 0 0.3328990482578013 0.9429624720364274 0.6787526361144257
cell 100.80334367039057 92.69700753976863 0.0 1.0 1.0 1 0 0 0.0 1.0 0
cell 17.93529611910205 173.95214226784603 0.0 2.23606797749979 0.4472135954999579 1 0 0 0.9955180830112952 -0.09457138255051585 3.3310185003126214
cell 82.22290494154636 76.95389497214296 0.0 2.23606797749979 0.4472135954999579 1 0 0 -0.13151361413893858 -0.9913143645161783 0.2637914034193303
cell 56.33117367391019 108.60094194610285 0.0 2.23606797749979 0.4472135954999579 1 0 0 0.3691739493855074 0.9293603149990357 0.7562400515395878
cell 39.2698001384266 150.87251638621262 0.0 2.23606797749979 0.4472135954999579 1 0 0 0.9763410787038523 0.21623620889064343 2.7056770182179966
cell 134.80150873653668 184.49165700857108 0.0 2.23606797749979 0.4472135954999579 1 0 0 0.9999038743091562 0.013865141237619146 3.113861482549536
cell 161.6202622027414 59.78562652851984 0.0 1.0 1.0 1 0 0 0.0 1.0 0
cell 131.30217927709722 101.74922093763944 0.0 2.23606797749979 0.4472135954999579 1 0 0 0.2595490579426621 0.9657299242133262 0.52511045863022
cell 109.09466972455593 56.379178495396246 0.0 1.0 1.0 1 0 0 0.0 1.0 0
cell 9.162656646649067 22.705327074950304 0.0 2.23606797749979 0.4472135954999579 1 0 0 0.4591971901316939 -0.8883343630498355 5.329002782528946
cell 160.4393492470119 93.32160668065279 0.0 1.0 1.0 1 0 0 0.0 1.0 0
cell 150.94514030844346 118.56366582714861 0.0 1.0 1.0 1 0 0 0.0 1.0 0
cell 186.22351087858064 71.51669825711544 0.0 2.23606797749979 0.4472135954999579 1 0 0 0.9867992804373311 -0.1619480784954408 3.4669215997620983
cell 92.08045100609974 107.53073309940825 0.0 1.0 1.0 1 0 0 0.0 1.0 0
cell 110.76674994619876 75.46938728094236 0.0 2.23606797749979 0.4472135954999579 1 0 0 -0.28682569815087705 -0.9579827863173023 0.5818233187189046
cell 74.19196120478367 39.33910711163132 0.0 1.0 1.0 1 0 0 0.0 1.0 0
cell 104.16999979348314 168.8431096133603 0.0 2.23606797749979 0.4472135954999579 1 0 0 0.9727462171414736 0.231872372301991 2.6735885057663014
cell 169.01114335995658 69.24620230730875 0.0 1.0 1.0 1 0 0 0.0 1.0 0
cell 43.282097964335 34.9840492425778 0.0 2.23606797749979 0.4472135954999579 1 0 0 0.9744792885617355 0.22447742907520515 2.688779160684327
cell 49.78677533109752 80.35134908549917 0.0 2.23606797749979 0.4472135954999579 1 0 0 0.3864005526138742 0.9223310755578458 0.7934516654407443
cell 139.45118304525178 180.40392835990318 0.0 1.0 1.0 1 0 0 0.0 1.0 0
cell 138.5379142725502 94.14077554959648 0.0 2.23606797749979 0.4472135954999579 1 0 0 0.3089839252540958 0.9510672604682444 0.6282489892480453
cell 96.3545974899379 141.3090789137608 0.0 2.23606797749979 0.4472135954999579 1 0 0 0.19009586497828854 -0.9817655331687685 5.900665724979743
cell 150.23462876371784 69.61597709207817 0.0 2.23606797749979 0.4472135954999579 1 0 0 0.9145735967359764 -0.4044195051594565 3.974280703793619
cell 142.82039909915815 174.043647001527 0.0 2.23606797749979 0.4472135954999579 1 0 0 0.8906979908161373 0.45459552258694347 2.1977565563601194
cell 65.85700683109731 50.799369156025 0.0 1.0 1.0 1 0 0 0.0 1.0 0
cell 138.0111913986272 38.3636087679581 0.0 2.23606797749979 0.4472135954999579 1 0 0 0.13197667320440087 -0.9912528223061454 6.018459642242927
cell 101.8652608287816 31.390190736073215 0.0 1.0 1.0 1 0 0 0.0 1.0 0
cell 11.34213853215924 44.57973105577026 0.0 1.0 1.0 1 0 0 0.0 1.0 0
cell 16.056821241516698 106.53203450882359 0.0 2.23606797749979 0.4472135954999579 1 0 0 -0.6349470701238535 -0.7725556408059773 1.3758800108036588
cell 102.73038481309094 112.02016100871141 0.0 1.0 1.0 1 0 0 0.0 1.0 0
cell 128.26046043846267 136.61281869730243 0.0 1.0 1.0 1 0 0 0.0 1.0 0
cell 82.91955471219647 51.1507637194042 0.0 1.0 1.0 1 0 0 0.0 1.0 0
cell 83.47633267387299 150.31831023979564 0.0 2.23606797749979 0.4472135954999579 1 0 0 0.9797001356075202 0.2004685618509955 2.737920317412071
cell 122.27242900531347 27.65752692353068 0.0 1.0 1.0 1 0 0 0.0 1.0 0
cell 187.37894767831708 128.51800510452048 0.0 2.23606797749979 0.4472135954999579 1 0 0 0.38310848786035767 0.9237033541832302 0.786318404629016
cell 94.87313874561423 54.06495109676162 0.0 1.0 1.0 1 0 0 0.0 1.0 0
cell 118.17057664238787 69.95353609001376 0.0 1.0 1.0 1 0 0 0.0 1.0 0
cell 161.21193702499346 88.20215474175222 0.0 1.0 1.0 1 0 0 0.0 1.0 0
cell 88.60094251685034 23.14015654866132 0.0 1.0 1.0 1 0 0 0.0 1.0 0
cell 138.6400048327814 174.39059697232096 0.0 2.23606797749979 0.4472135954999579 1 0 0 0.909560810598613 0.41557085054560056 2.2844520050902575
cell 4.275587231883861 146.3419376012962 0.0 2.23606797749979 0.4472135954999579 1 0 0 0.879888950513384 -0.47517937114783887 4.131928407735982
cell 106.44024401375536 59.72142447733933 0.0 1.0 1.0 1 0 0 0.0 1.0 0
cell 155.68946362848578 159.78304147763464 0.0 2.23606797749979 0.4472135954999579 1 0 0 0.7923371104842345 0.6100835216177323 1.8292606568543508
cell 174.23534190208832 93.73041081021306 0.0 2.23606797749979 0.4472135954999579 1 0 0 0.07684062346230285 0.9970433885172323 0.15383288485332441
cell 94.17669596524692 72.4894526060879 0.0 2.23606797749979 0.4472135954999579 1 0 0 0.23972848276419592 0.9708399737091467 0.4841723377692235
cell 128.95569727153764 101.49319894287773 0.0 1.0 1.0 1 0 0 0.0 1.0 0
cell 120.3511699707735 0.5202672368789715 0.0 1.0 1.0 1 0 0 0.0 1.0 0
cell 106.41486612757585 48.54914407920431 0.0 1.0 1.0 1 0 0 0.0 1.0 0
cell 112.28348002037261 103.985077253725 0.0 1.0 1.0 1 0 0 0.0 1.0 0
cell 23.833404345945265 148.54366614777499 0.0 2.23606797749979 0.4472135954999579 1 0 0 0.9837344536969964 0.17962885238589066 2.780374345808512
cell 142.0286258457234 80.92142301934356 0.0 1.0 1.0 1 0 0 0.0 1.0 0
cell 40.4807180487112 59.651550029993636 0.0 2.23606797749979 0.4472135954999579 1 0 0 -0.16055686375606312 0.9870265920940615 5.960675686720576
cell 24.383917327316286 29.5972369658056 0.0 1.0 1.0 1 0 0 0.0 1.0 0
cell 96.04523572825319 68.804952547438 0.0 2.23606797749979 0.4472135954999579 1 0 0 0.30383485033472724 0.9527247156036596 0.617430449346981
cell 148.95703951178754 12.156307855748656 0.0 1.0 1.0 1 0 0 0.0 1.0 0
cell 131.57694879362904 165.0913726841584 0.0 1.0 1.0 1 0 0 0.0 1.0 0
cell 50.203754603747385 64.68522186926137 0.0 1.0 1.0 1 0 0 0.0 1.0 0
cell 118.47095994953507 104.83128139601916 0.0 1.0 1.0 1 0 0 0.0 1.0 0
cell 12.248863429643254 162.1708738905826 0.0 2.23606797749979 0.4472135954999579 1 0 0 0.9985802189912822 -0.05326862340367719 3.248180348901888
cell 111.08786420559412 74.12772420560638 0.0 2.23606797749979 0.4472135954999579 1 0 0 0.23521748969588688 0.9719427619675787 0.4748846600917411
cell 130.1191372675778 37.2551035401598 0.0 1.0 1.0 1 0 0 0.0 1.0 0
cell 107.11642760937391 166.63452637698612 0.0 1.0 1.0 1 0 0 0.0 1.0 0
cell 59.15418577355609 176.86593265697508 0.0 2.23606797749979 0.4472135954999579 1 0 0 0.5651354520847626 0.8249981338142233 1.2011948581320488
cell 177.0995735487238 21.14215844665036 0.0 2.23606797749979 0.4472135954999579 1 0 0 -0.06539757028313721 0.9978592875756893 6.15229675502733
cell 151.70808646690304 163.0414485558952 0.0 2.23606797749979 0.4472135954999579 1 0 0 0.7139868537609698 0.7001591052443091 1.5903520278909906
cell 87.50685409942291 32.52374403732801 0.0 1.0 1.0 1 0 0 0.0 1.0 0
cell 165.23411592989504 88.38812945580388 0.0 2.23606797749979 0.4472135954999579 1 0 0 0.8738748795066521 0.4861508973222556 2.1262332722991224
cell 144.83298239327544 184.53567454927654 0.0 1.0 1.0 1 0 0 0.0 1.0 0
cell 35.61389692432939 16.382876576870753 0.0 2.23606797749979 0.4472135954999579 1 0 0 -0.3585751524715209 -0.9335008623616936 0.7334821935059272
cell 64.78184618945146 58.08516751496546 0.0 2.23606797749979 0.4472135954999579 1 0 0 0.22820117648736668 0.9736140010547207 0.4604594160176364
cell 99.25492449161706 71.25927730443854 0.0 2.23606797749979 0.4472135954999579 1 0 0 0.24271189791063888 0.9700984149108871 0.49032073034948376
cell 70.36222665699339 170.07084864490196 0.0 1.0 1.0 1 0 0 0.0 1.0 0
cell 94.74248368947204 124.2499325327648 0.0 1.0 1.0 1 0 0 0.0 1.0 0
cell 45.57471773163284 29.273145230246758 0.0 1.0 1.0 1 0 0 0.0 1.0 0
cell 70.21877932640608 16.829730951530657 0.0 2.23606797749979 0.4472135954999579 1 0 0 0.918724538465429 0.3948990028114586 2.3296768205887575
cell 82.63481652909309 180.07747705654225 0.0 2.23606797749979 0.4472135954999579 1 0 0 0.885011903929987 0.46556839444083775 2.1730391580464192
cell 170.2060486493044 79.61703164044381 0.0 2.23606797749979 0.4472135954999579 1 0 0 0.9999353455835196 -0.0113712203728184 3.1643355844811847
cell 13.27832454311509 60.25983015403259 0.0 2.23606797749979 0.4472135954999579 1 0 0 0.8836323406265787 0.4681814675943443 2.167129385608591
cell 156.17837187676622 171.45665214778586 0.0 1.0 1.0 1 0 0 0.0 1.0 0
cell 12.330060119944946 186.03005134519964 0.0 2.23606797749979 0.4472135954999579 1 0 0 0.09795710698679176 0.9951906376121 0.19622889357080772
cell 90.62517447791318 95.38415462283925 0.0 1.0 1.0 1 0 0 0.0 1.0 0
cell 147.51018513544759 178.89722793556342 0.0 2.23606797749979 0.4472135954999579 1 0 0 0.9880567460025883 0.15409044966764393 2.832178968596879
cell 29.394703217650772 152.39723736975978 0.0 2.23606797749979 0.4472135954999579 1 0 0 0.9979743852692518 -0.06361702874591978 3.2689126898099476
cell 76.4909587200066 180.75923500514696 0.0 2.23606797749979 0.4472135954999579 1 0 0 0.8521804712433401 0.5232479760414548 2.0402768902342006
cell 66.5831926180528 13.314159894922401 0.0 2.23606797749979 0.4472135954999579 1 0 0 0.8703465688074673 0.4924396919066015 2.1118113252695574
cell 15.915236296832935 18.07601646803921 0.0 2.23606797749979 0.4472135954999579 1 0 0 0.27170003246799923 -0.9623819887949318 5.732867154769011
cell 51.74965681669945 46.86174074772283 0.0 1.0 1.0 1 0 0 0.0 1.0 0
cell 19.856743805502532 184.15937108084685 0.0 2.23606797749979 0.4472135954999579 1 0 0 -0.006172456343047992 -0.9999809502098993 0.01234499107602538
cell 111.92859707162827 128.9548089873761 0.0 1.0 1.0 1 0 0 0.0 1.0 0
cell 84.21204923330313 38.10421604311674 0.0 1.0 1.0 1 0 0 0.0 1.0 0
cell 71.01131323737827 102.09929114156837 0.0 1.0 1.0 1 0 0 0.0 1.0 0
cell 5.474449013831679 172.67218210544402 0.0 2.23606797749979 0.4472135954999579 1 0 0 0.3109023663807386 0.9504418543913441 0.6322846059289893
cell 117.41707549572955 153.83909205135578 0.0 2.23606797749979 0.4472135954999579 1 0 0 -0.36449022371701545 0.9312072147565869 5.53701469026109
cell 22.261713669501958 2.4535158122490657 0.0 2.23606797749979 0.4472135954999579 1 0 0 0.014147178057705856 0.9998999236688657 0.028295300018314033
cell 82.73447018845751 164.01282890266725 0.0 1.0 1.0 1 0 0 0.0 1.0 0
cell 13.887820063898396 32.84841496387064 0.0 2.23606797749979 0.4472135954999579 1 0 0 -0.3376098079945293 0.9412861507245802 5.594432398563534
cell 107.17076933940136 42.30194719830934 0.0 1.0 1.0 1 0 0 0.0 1.0 0
cell 119.43370988851215 75.29669757118504 0.0 1.0 1.0 1 0 0 0.0 1.0 0
cell 94.01236537747515 42.47872091405482 0.0 1.0 1.0 1 0 0 0.0 1.0 0
cell 13.109175810540364 34.53533225832217 0.0 2.23606797749979 0.4472135954999579 1 0 0 -0.3981726854328967 0.9173104777419451 5.464137411612491
cell 99.64506067488782 112.54488433258255 0.0 1.0 1.0 1 0 0 0.0 1.0 0
cell 153.6266921341071 164.23216939532935 0.0 2.23606797749979 0.4472135954999579 1 0 0 0.8915326219309978 0.4529564924281807 2.201435159308505
cell 14.662783034075677 16.155202430115505 0.0 2.23606797749979 0.4472135954999579 1 0 0 -0.26760364020454736 0.9635290819426652 5.74137509918708
cell 51.4379225130407 61.08554213411962 0.0 1.0 1.0 1 0 0 0.0 1.0 0
cell 2.1764378874701085 11.665836538285989 0.0 2.23606797749979 0.4472135954999579 1 0 0 -0.13028783272465636 0.9914762128482518 6.0218667443559655
cell 133.65025312101793 53.828179777100615 0.0 1.0 1.0 1 0 0 0.0 1.0 0
cell 144.74145044878682 27.1333684268251 0.0 1.0 1.0 1 0 0 0.0 1.0 0
cell 60.57914981183482 57.49527081338214 0.0 2.23606797749979 0.4472135954999579 1 0 0 -0.1691397835485433 -0.9855920726249536 0.33991362415062465
cell 121.48981588934844 59.31856854138709 0.0 1.0 1.0 1 0 0 0.0 1.0 0
cell 15.313477369880703 21.793372862843675 0.0 1.0 1.0 1 0 0 0.0 1.0 0
cell 133.81971667322802 107.05926852262111 0.0 1.0 1.0 1 0 0 0.0 1.0 0
cell 6.896141686381319 35.43198355508782 0.0 2.23606797749979 0.4472135954999579 1 0 0 0.46273369722609337 -0.886497335276012 5.321032443893925
cell 7.390316542989002 172.95257711169126 0.0 2.23606797749979 0.4472135954999579 1 0 0 -0.3468637673289507 -0.9379155222696592 0.7084503890221958
cell 37.83792905484113 185.99633239745836 0.0 1.0 1.0 1 0 0 0.0 1.0 0
cell 60.75807304838948 0.10406913972657225 0.0 1.0 1.0 1 0 0 0.0 1.0 0
cell 88.90927325302232 73.78220851968291 0.0 2.23606797749979 0.4472135954999579 1 0 0 -0.2898691352143102 -0.9570662905202063 0.5881801991520046
cell 114.15996594062743 101.43343914881962 0.0 1.0 1.0 1 0 0 0.0 1.0 0
cell 140.77269180600666 179.9308547096537 0.0 1.0 1.0 1 0 0 0.0 1.0 0
cell 32.96348369619013 141.29285228082597 0.0 2.23606797749979 0.4472135954999579 1 0 0 0.8934014782078495 0.4492591665575999 2.2097207774324064
cell 35.152706953333805 30.15109758467132 0.0 1.0 1.0 1 0 0 0.0 1.0 0
cell 180.21993771831046 142.18197622240305 0.0 2.23606797749979 0.4472135954999579 1 0 0 -0.18019095407580035 -0.9836316485703643 0.3623611589750002
cell 85.93143341182284 124.49609654861374 0.0 1.0 1.0 1 0 0 0.0 1.0 0
cell 134.87286786739332 183.0083587788484 0.0 2.23606797749979 0.4472135954999579 1 0 0 0.9981384318955632 0.0609891037240761 3.019538699488811
cell 51.18093314775331 53.094012350192166 0.0 2.23606797749979 0.4472135954999579 1 0 0 0.03152330571450461 -0.9995030171024147 6.2201282493113235
cell 124.97590997425698 112.5853238096473 0.0 1.0 1.0 1 0 0 0.0 1.0 0
cell 27.85440072446675 24.109413022593834 0.0 1.0 1.0 1 0 0 0.0 1.0 0
cell 86.08048879140502 52.135373796236074 0.0 1.0 1.0 1 0 0 0.0 1.0 0
cell 48.514240702996375 119.09677273810037 0.0 2.23606797749979 0.4472135954999579 1 0 0 0.9976114791729329 -0.06907486244932301 3.279852474847659
cell 121.58256038946017 173.0767289039406 0.0 2.23606797749979 0.4472135954999579 1 0 0 0.9951456581034368 0.09841300299186931 2.944447540989898
cell 138.34741452505187 107.72209732776122 0.0 1.0 1.0 1 0 0 0.0 1.0 0
cell 146.06627792582645 71.33125834874313 0.0 1.0 1.0 1 0 0 0.0 1.0 0
cell 38.79979002421778 46.26227843746516 0.0 1.0 1.0 1 0 0 0.0 1.0 0
cell 83.60184280086025 187.74337826015895 0.0 2.23606797749979 0.4472135954999579 1 0 0 0.9161224797938529 0.40089849340744804 2.3165978681622894
cell 6.868822417357174 11.277216564743364 0.0 2.23606797749979 0.4472135954999579 1 0 0 -0.10341941449987864 0.9946378359506048 6.075975982149417
cell 40.076010178468614 68.74214880424012 0.0 2.23606797749979 0.4472135954999579 1 0 0 0.007622401412147375 0.999970949076378 0.015244950451211058
cell 25.03152217555913 150.98803968132967 0.0 2.23606797749979 0.4472135954999579 1 0 0 0.9951807884970716 -0.09805711706116417 3.338022534921933
cell 91.82774063360695 37.105158147912455 0.0 1.0 1.0 1 0 0 0.0 1.0 0
cell 96.74360837668294 149.39403096402046 0.0 2.23606797749979 0.4472135954999579 1 0 0 0.8229320619504152 0.5681397903808867 1.9331054114105088
cell 139.92735664369317 43.317196274133394 0.0 1.0 1.0 1 0 0 0.0 1.0 0
cell 10.71656800504235 169.79606780123194 0.0 2.23606797749979 0.4472135954999579 1 0 0 0.9962619925495914 0.08638311293949733 2.968610838179723
cell 155.03552133371014 36.193717753578056 0.0 2.23606797749979 0.4472135954999579 1 0 0 -0.06858379852724669 0.997645359122957 6.145909948478592
cell 6.157232699124558 53.93768775272116 0.0 1.0 1.0 1 0 0 0.0 1.0 0
cell 163.7060388416293 85.53095107604963 0.0 2.23606797749979 0.4472135954999579 1 0 0 0.8542477339256985 -0.519866145351675 4.234981154017947
cell 34.441721109464694 122.43836785262235 0.0 2.23606797749979 0.4472135954999579 1 0 0 0.6207637432706234 0.7839976881602672 1.3394329862968593
cell 2.530735632767825 135.1804009786422 0.0 2.23606797749979 0.4472135954999579 1 0 0 0.9280611348681727 -0.3724278855660507 3.9048401246937527
cell 36.251959798285334 63.638378635184246 0.0 1.0 1.0 1 0 0 0.0 1.0 0
cell 26.211073767647008 25.90186564783999 0.0 2.23606797749979 0.4472135954999579 1 0 0 -0.08202004372388971 0.9966306800553209 6.118960736561933
cell 22.437793784994383 8.39960960557569 0.0 2.23606797749979 0.4472135954999579 1 0 0 0.16258459334175943 0.9866946082795298 0.3266190739561027
cell 93.59500868847006 181.7833493011446 0.0 2.23606797749979 0.4472135954999579 1 0 0 0.9475215308926641 0.31969195875846196 2.4907839188802967
cell 156.36566683231317 72.51567363232246 0.0 1.0 1.0 1 0 0 0.0 1.0 0
cell 60.368513711638165 9.146268700706184 0.0 1.0 1.0 1 0 0 0.0 1.0 0
cell 92.42380597481541 114.506847725054 0.0 1.0 1.0 1 0 0 0.0 1.0 0
cell 164.34993871710958 78.21485551503119 0.0 2.23606797749979 0.4472135954999579 1 0 0 0.9964972218756236 0.08362587395157207 2.9741453497422956
cell 68.45728970968833 124.96222425293021 0.0 2.23606797749979 0.4472135954999579 1 0 0 0.9187418300383322 -0.3948587718891607 3.9534209074699675
cell 121.56288039186465 182.8259153883438 0.0 2.23606797749979 0.4472135954999579 1 0 0 0.9940295365797849 -0.10911132116777904 3.3602506325353496
cell 153.18801408609144 41.103842835880236 0.0 1.0 1.0 1 0 0 0.0 1.0 0
cell 157.47580757973734 22.75720091521074 0.0 1.0 1.0 1 0 0 0.0 1.0 0
cell 122.72705519076526 109.6599359964801 0.0 1.0 1.0 1 0 0 0.0 1.0 0
cell 108.51482135546067 152.81236597300642 0.0 1.0 1.0 1 0 0 0.0 1.0 0
cell 137.42140134939856 105.16845360850172 0.0 2.23606797749979 0.4472135954999579 1 0 0 -0.28567808025058783 -0.9583256411389287 0.5794278426115076
cell 142.77043000991935 108.30881297077148 0.0 2.23606797749979 0.4472135954999579 1 0 0 -0.3380136862255148 -0.9411411944677798 0.6896111159212532
cell 75.6544714964604 94.81713059484122 0.0 1.0 1.0 1 0 0 0.0 1.0 0
cell 111.71329636848645 87.15938739150559 0.0 2.23606797749979 0.4472135954999579 1 0 0 0.10572788428245139 0.9943950997893929 0.21185171924013702
cell 86.09801890775154 3.7312798879163585 0.0 2.23606797749979 0.4472135954999579 1 0 0 0.9497649958573935 0.31296397978682033 2.5049682830780053
cell 92.19151806643578 174.57886336236444 0.0 2.23606797749979 0.4472135954999579 1 0 0 0.9411613921718863 0.3379574438965308 2.4521010558148073
cell 110.65103443071473 103.28913821126058 0.0 1.0 1.0 1 0 0 0.0 1.0 0
cell 115.20657542849771 10.047787892867257 0.0 1.0 1.0 1 0 0 0.0 1.0 0
cell 69.26499067584679 183.5080808320194 0.0 1.0 1.0 1 0 0 0.0 1.0 0
cell 30.271776522706432 34.06763336785182 0.0 1.0 1.0 1 0 0 0.0 1.0 0
cell 46.704618956583396 14.740526431226694 0.0 1.0 1.0 1 0 0 0.0 1.0 0
cell 1.803009280355043 138.80712592079644 0.0 2.23606797749979 0.4472135954999579 1 0 0 0.799751973545422 -0.6003305596171185 4.429421398332772
cell 58.302357725362555 58.55313402276832 0.0 2.23606797749979 0.4472135954999579 1 0 0 -0.043974200147569864 0.9990326669941186 6.195208537443591
cell 64.33516914491818 29.912848772305164 0.0 1.0 1.0 1 0 0 0.0 1.0 0
cell 113.74004161491439 122.31959087700407 0.0 1.0 1.0 1 0 0 0.0 1.0 0
cell 8.589980288706526 154.22792180627647 0.0 2.23606797749979 0.4472135954999579 1 0 0 0.9622533511263343 -0.27215526496127096 3.6928569228576036
cell 3.916191234760886 180.56663498441125 0.0 2.23606797749979 0.4472135954999579 1 0 0 -0.09459128746384285 -0.9955161919004294 0.18946583581508492
cell 112.7637685539806 20.01038639544091 0.0 1.0 1.0 1 0 0 0.0 1.0 0
cell 46.48179598923114 135.45036164876873 0.0 2.23606797749979 0.4472135954999579 1 0 0 0.8602351859883486 0.5098974649746666 2.071461469815715
cell 151.44762145533196 184.09994193957093 0.0 2.23606797749979 0.4472135954999579 1 0 0 0.999963349405696 -0.008561532885057213 3.1587159285531534
cell 132.11270060873514 29.405529764052805 0.0 1.0 1.0 1 0 0 0.0 1.0 0
cell 115.10524037593224 80.83130682736595 0.0 2.23606797749979 0.4472135954999579 1 0 0 0.25803127447775576 0.9661365645659961 0.5219678332750312
cell 127.64615602078553 5.80306749303294 0.0 1.0 1.0 1 0 0 0.0 1.0 0
cell 35.39885293507915 58.91790497633464 0.0 1.0 1.0 1 0 0 0.0 1.0 0
cell 107.63211963021463 71.22206527695468 0.0 1.0 1.0 1 0 0 0.0 1.0 0
cell 173.61163970977438 54.39791565034631 0.0 2.23606797749979 0.4472135954999579 1 0 0 -0.09162996362429535 -0.9957931259886313 0.18351734427754085
cell 180.4891714443788 144.59833547168753 0.0 2.23606797749979 0.4472135954999579 1 0 0 0.2549290451446903 0.9669597623177587 0.5155486463430817
cell 133.7310150469124 89.70068927074703 0.0 2.23606797749979 0.4472135954999579 1 0 0 0.330844981040165 0.9436851161910592 0.674397680967835
cell 156.59240535825788 83.62562076208377 0.0 1.0 1.0 1 0 0 0.0 1.0 0
cell 21.175243839580006 22.412461932017525 0.0 1.0 1.0 1 0 0 0.0 1.0 0
cell 75.16933700641324 27.313111206026473 0.0 2.23606797749979 0.4472135954999579 1 0 0 0.980711167448064 0.19546254383552716 2.7481345150692458
cell 43.16585997502784 19.61183589000584 0.0 1.0 1.0 1 0 0 0.0 1.0 0
cell 95.91668346273015 56.396459196021674 0.0 1.0 1.0 1 0 0 0.0 1.0 0
cell 129.31608472287266 21.145024731063764 0.0 1.0 1.0 1 0 0 0.0 1.0 0
cell 131.8071742547111 175.35149952564825 0.0 1.0 1.0 1 0 0 0.0 1.0 0
cell 53.37857704564009 139.04536259285726 0.0 2.23606797749979 0.4472135954999579 1 0 0 0.7182152173578161 0.6958210269571228 1.6024678182757623
cell 108.98217354707022 72.31578594650504 0.0 1.0 1.0 1 0 0 0.0 1.0 0
cell 82.56360226591599 68.06112205231688 0.0 2.23606797749979 0.4472135954999579 1 0 0 -0.3769576674406226 -0.9262304880307736 0.7730189068545137
cell 151.17097999106056 99.28073574584668 0.0 1.0 1.0 1 0 0 0.0 1.0 0
cell 103.77150516638697 137.60618423477342 0.0 2.23606797749979 0.4472135954999579 1 0 0 0.44273499164134456 0.8966525119444759 0.9172932186107623
cell 139.63815047076199 1.8208974791063777 0.0 1.0 1.0 1 0 0 0.0 1.0 0
cell 158.52714101581014 158.64899577869105 0.0 1.0 1.0 1 0 0 0.0 1.0 0
cell 182.34242453230135 26.485346344350873 0.0 2.23606797749979 0.4472135954999579 1 0 0 -0.26531666858118647 0.9641613274618418 5.746120613382175
cell 68.37788711599951 3.1055844956138663 0.0 1.0 1.0 1 0 0 0.0 1.0 0
cell 141.68465872430718 112.64318794002426 0.0 1.0 1.0 1 0 0 0.0 1.0 0
cell 38.25899136945668 41.946477654334835 0.0 2.23606797749979 0.4472135954999579 1 0 0 0.9783609246300858 0.2069055367962963 2.724770672821889
cell 138.9167191538388 173.2531016617848 0.0 2.23606797749979 0.4472135954999579 1 0 0 0.9015304265404127 0.43271571501606165 2.246586762317729
cell 141.5901998998828 38.01987800779248 0.0 2.23606797749979 0.4472135954999579 1 0 0 -0.12464061502168457 0.992201953781092 6.033254080350431
cell 128.84759904375792 71.70650507373576 0.0 1.0 1.0 1 0 0 0.0 1.0 0
cell 111.91129233902237 94.24140625744161 0.0 1.0 1.0 1 0 0 0.0 1.0 0
cell 146.28516651258093 34.67084296963511 0.0 2.23606797749979 0.4472135954999579 1 0 0 -0.009015554923783795 -0.999959359058865 0.018031354118630105
cell 69.79390790748806 82.5189309816088 0.0 1.0 1.0 1 0 0 0.0 1.0 0
cell 73.4410096294966 11.391519104033941 0.0 2.23606797749979 0.4472135954999579 1 0 0 0.8989290863040816 0.43809416544449536 2.2346377362130214
cell 2.2858913581144846 124.16554612212197 0.0 2.23606797749979 0.4472135954999579 1 0 0 -0.9624665324151558 0.27140039421626855 3.691288132068351
cell 112.87957951159545 83.6930345479145 0.0 2.23606797749979 0.4472135954999579 1 0 0 -0.22479324282469368 -0.9744064849847616 0.4534616863522265
cell 137.4704377930636 62.91447026326652 0.0 1.0 1.0 1 0 0 0.0 1.0 0
cell 167.03783470262604 102.42435287228788 0.0 2.23606797749979 0.4472135954999579 1 0 0 0.24858332578925865 -0.9686105151915042 5.7807505150713405
cell 110.5677902810539 35.0377231521233 0.0 1.0 1.0 1 0 0 0.0 1.0 0
cell 62.85771706591948 51.90247364136321 0.0 1.0 1.0 1 0 0 0.0 1.0 0
cell 105.79868057962958 53.302275144021394 0.0 1.0 1.0 1 0 0 0.0 1.0 0
cell 158.37570072364272 19.044918452537598 0.0 1.0 1.0 1 0 0 0.0 1.0 0
cell 127.78952858632688 168.69339766644433 0.0 1.0 1.0 1 0 0 0.0 1.0 0
cell 129.91158349393382 113.27840300324146 0.0 1.0 1.0 1 0 0 0.0 1.0 0
cell 89.84986671538776 79.01908051495936 0.0 2.23606797749979 0.4472135954999579 1 0 0 -0.10654958467639936 -0.9943073900989003 0.2135044558387289
cell 145.21213327887958 11.275149821013013 0.0 1.0 1.0 1 0 0 0.0 1.0 0
cell 28.442076311980607 41.172127086122195 0.0 2.23606797749979 0.4472135954999579 1 0 0 0.9381655083717099 0.34618705767496727 2.4345850799121007
cell 135.65627319854235 160.79938589512344 0.0 1.0 1.0 1 0 0 0.0 1.0 0
cell 73.99742917196183 36.163203882964716 0.0 1.0 1.0 1 0 0 0.0 1.0 0
cell 33.099732056265495 25.930886451287623 0.0 1.0 1.0 1 0 0 0.0 1.0 0
cell 67.28504235664926 9.533548704746162 0.0 2.23606797749979 0.4472135954999579 1 0 0 0.8749323895791881 0.48424509668684507 2.130592357293006
cell 20.19655884119385 167.94559533666666 0.0 2.23606797749979 0.4472135954999579 1 0 0 -0.04756390556664774 -0.9988681969545566 0.09516371603751583
cell 89.80135429954743 11.055482469651086 0.0 1.0 1.0 1 0 0 0.0 1.0 0
cell 87.05229637001591 74.38116133923747 0.0 2.23606797749979 0.4472135954999579 1 0 0 -0.2848792734592369 -0.9585634040340458 0.577760961062733
cell 95.03089494400338 143.6301069154915 0.0 2.23606797749979 0.4472135954999579 1 0 0 0.3263361167258325 -0.9452537960359132 5.618335538474688
cell 99.07467583405776 181.890002113602 0.0 2.23606797749979 0.4472135954999579 1 0 0 0.9732970845241108 0.22954909116976702 2.6783638980229183
cell 121.50664276695879 83.52639046223695 0.0 2.23606797749979 0.4472135954999579 1 0 0 -0.2812600378591578 -0.9596315913429826 0.5702138007083324
cell 96.60480631372528 103.94341779252738 0.0 1.0 1.0 1 0 0 0.0 1.0 0
cell 70.48743422258214 9.673071146150908 0.0 2.23606797749979 0.4472135954999579 1 0 0 0.8840864666019438 0.4673233565437213 2.1690711219972303
cell 42.959754566083554 30.952064926767775 0.0 1.0 1.0 1 0 0 0.0 1.0 0
cell 95.89860109954431 41.85118929883574 0.0 1.0 1.0 1 0 0 0.0 1.0 0
cell 100.82307043101488 81.98535852081595 0.0 2.23606797749979 0.4472135954999579 1 0 0 -0.12422318364045822 -0.9922543024075174 0.24908982481030506
cell 26.63190985850344 138.64738263753367 0.0 2.23606797749979 0.4472135954999579 1 0 0 0.8141070103975075 0.580714883244465 1.902379582699883
cell 12.181173706812121 39.6434569144999 0.0 1.0 1.0 1 0 0 0.0 1.0 0
cell 55.54450130603338 4.945679193585978 0.0 1.0 1.0 1 0 0 0.0 1.0 0
cell 142.0304114030075 84.19778030032819 0.0 1.0 1.0 1 0 0 0.0 1.0 0
cell 71.23024515575293 21.48920231113659 0.0 1.0 1.0 1 0 0 0.0 1.0 0
cell 93.78308613071648 170.3815447131933 0.0 2.23606797749979 0.4472135954999579 1 0 0 0.930294098476418 0.3668145176243012 2.3904275890544624
cell 25.843248751099683 173.56959147160896 0.0 2.23606797749979 0.4472135954999579 1 0 0 0.998806195668332 -0.04884857720091578 3.239328703661158
cell 99.24529719439506 2.978844998284408 0.0 1.0 1.0 1 0 0 0.0 1.0 0
cell 117.97777025095105 137.35205574760602 0.0 2.23606797749979 0.4472135954999579 1 0 0 0.3842234297194455 -0.923240139971517 5.494452228301613
cell 12.247492389164108 49.76839233199726 0.0 1.0 1.0 1 0 0 0.0 1.0 0
cell 75.7522505119935 126.12520435865667 0.0 2.23606797749979 0.4472135954999579 1 0 0 0.47751535251231747 0.878623405171429 0.9956492908589656
cell 98.74088039153082 9.595994805640704 0.0 1.0 1.0 1 0 0 0.0 1.0 0
cell 108.4661987484587 33.45920662792983 0.0 1.0 1.0 1 0 0 0.0 1.0 0
cell 113.5159390739654 46.69051370500343 0.0 1.0 1.0 1 0 0 0.0 1.0 0
cell 118.01554556944501 120.0189388705241 0.0 1.0 1.0 1 0 0 0.0 1.0 0
cell 117.39603766554451 99.46875992416194 0.0 1.0 1.0 1 0 0 0.0 1.0 0
cell 133.2430778363323 120.8599008032245 0.0 1.0 1.0 1 0 0 0.0 1.0 0
cell 160.24031390708961 176.15307377084784 0.0 2.23606797749979 0.4472135954999579 1 0 0 0.9354001596196827 0.3535909237854843 2.418778155827323
cell 36.42704238274895 14.536115193460665 0.0 1.0 1.0 1 0 0 0.0 1.0 0
cell 22.562618107605623 16.138985521319373 0.0 2.23606797749979 0.4472135954999579 1 0 0 0.0499199153095826 -0.9987532238022985 6.183303963215077
cell 154.29528521907451 42.65014690162017 0.0 1.0 1.0 1 0 0 0.0 1.0 0
cell 90.53254141834658 52.63290975736089 0.0 1.0 1.0 1 0 0 0.0 1.0 0
cell 135.40000346375388 165.10139240566468 0.0 1.0 1.0 1 0 0 0.0 1.0 0
cell 180.30087570884504 75.34165221518735 0.0 2.23606797749979 0.4472135954999579 1 0 0 0.999957417650618 0.009228373936265974 3.12313564373557
cell 155.9469361717265 116.40648892811721 0.0 2.23606797749979 0.4472135954999579 1 0 0 0.37064471174845726 0.9287747292281929 0.7594061552312833
cell 98.38536058420672 36.659763387230235 0.0 1.0 1.0 1 0 0 0.0 1.0 0
cell 153.14006155756067 78.43032048443226 0.0 1.0 1.0 1 0 0 0.0 1.0 0
cell 88.10059799343978 49.65869941578187 0.0 1.0 1.0 1 0 0 0.0 1.0 0
cell 73.67971920942405 85.75783168659206 0.0 1.0 1.0 1 0 0 0.0 1.0 0
cell 133.32384951643755 83.60136503963368 0.0 1.0 1.0 1 0 0 0.0 1.0 0
cell 104.45385678774876 74.88131485779773 0.0 2.23606797749979 0.4472135954999579 1 0 0 -0.2290002237144758 -0.9734263698599499 0.46210097865637145
cell 84.80186130185695 73.37166930168044 0.0 2.23606797749979 0.4472135954999579 1 0 0 -0.3238698152144104 -0.9461016556337821 0.6596338266431081
cell 148.43171653815395 25.531681545525185 0.0 1.0 1.0 1 0 0 0.0 1.0 0
cell 87.44433990365775 80.33598502994516 0.0 2.23606797749979 0.4472135954999579 1 0 0 -0.1503532072471 -0.9886323447422255 0.30185106326343814
cell 117.35723863198818 179.0923185005976 0.0 2.23606797749979 0.4472135954999579 1 0 0 0.9972403408777815 0.07424084136084629 2.9929742336402003
cell 24.935515153050673 153.11948315698712 0.0 2.23606797749979 0.4472135954999579 1 0 0 0.9974619677959482 -0.07120128370075117 3.2841158175320095
cell 92.25971953614861 126.98365353690285 0.0 1.0 1.0 1 0 0 0.0 1.0 0
cell 186.46293289833048 104.12504349819844 0.0 2.23606797749979 0.4472135954999579 1 0 0 0.05155957997745298 0.9986699203002705 0.10316490319312856
cell 51.6360104178818 21.194980264497488 0.0 1.0 1.0 1 0 0 0.0 1.0 0
cell 170.4455027623429 116.25379081220555 0.0 2.23606797749979 0.4472135954999579 1 0 0 0.2561173984610652 0.966645683901571 0.5180069620642789
cell 73.48574467998355 147.20510150091042 0.0 2.23606797749979 0.4472135954999579 1 0 0 0.29784172476047616 -0.9546152664773934 5.678323368758255
cell 101.74288848121556 98.42818149308543 0.0 1.0 1.0 1 0 0 0.0 1.0 0
cell 102.28361232502557 32.94444487784509 0.0 1.0 1.0 1 0 0 0.0 1.0 0
cell 144.63454668005508 72.69027370412194 0.0 1.0 1.0 1 0 0 0.0 1.0 0
cell 160.5763109469634 17.6991307221049 0.0 1.0 1.0 1 0 0 0.0 1.0 0
cell 150.89840385635716 65.63107231361116 0.0 1.0 1.0 1 0 0 0.0 1.0 0
cell 16.328170742983918 150.6512768055214 0.0 2.23606797749979 0.4472135954999579 1 0 0 0.9993147448848685 -0.03701406024324053 3.2156376880952746
cell 32.71425974098041 19.365986810233327 0.0 2.23606797749979 0.4472135954999579 1 0 0 0.2708589204708591 0.9626190550790904 0.5485703882807034
cell 90.33222674828306 56.588180305597874 0.0 1.0 1.0 1 0 0 0.0 1.0 0
cell 124.8741259422459 130.84917380562734 0.0 1.0 1.0 1 0 0 0.0 1.0 0
cell 55.684854367428144 39.45739488214148 0.0 1.0 1.0 1 0 0 0.0 1.0 0
cell 34.36425900485763 29.227216460468263 0.0 1.0 1.0 1 0 0 0.0 1.0 0
cell 87.30537483195052 152.6374964585595 0.0 2.23606797749979 0.4472135954999579 1 0 0 0.16169295779653148 -0.9868411155799139 5.958373417099168
cell 163.98645667564708 67.53552059189037 0.0 1.0 1.0 1 0 0 0.0 1.0 0
cell 140.47526365321283 83.2343529085952 0.0 1.0 1.0 1 0 0 0.0 1.0 0
cell 52.79928569438149 20.36992987568761 0.0 1.0 1.0 1 0 0 0.0 1.0 0
cell 46.541057089512904 25.85681199448744 0.0 1.0 1.0 1 0 0 0.0 1.0 0
cell 87.17202055700174 114.70822315381807 0.0 1.0 1.0 1 0 0 0.0 1.0 0
cell 3.9687846679659553 38.65922219125147 0.0 2.23606797749979 0.4472135954999579 1 0 0 0.4751303702191283 -0.8799154114433012 5.292960931161006
cell 134.2888904221752 81.78270937507324 0.0 1.0 1.0 1 0 0 0.0 1.0 0
cell 133.77699546396568 45.58718505739203 0.0 1.0 1.0 1 0 0 0.0 1.0 0
cell 39.4171550779181 141.50072749317874 0.0 2.23606797749979 0.4472135954999579 1 0 0 0.941530951453221 0.33692650156316367 2.4542914131162834
cell 143.87586176186744 94.83621140233171 0.0 1.0 1.0 1 0 0 0.0 1.0 0
cell 95.62904153871766 50.728586179907616 0.0 1.0 1.0 1 0 0 0.0 1.0 0
cell 20.770843738836433 1.2879909935945935 0.0 2.23606797749979 0.4472135954999579 1 0 0 0.9999150471780701 -0.013034509076978859 3.167662409981056
cell 32.927907608147606 185.32048603892162 0.0 2.23606797749979 0.4472135954999579 1 0 0 0.4188202822715818 -0.9080691444807232 5.418893746019963
cell 79.40409953455125 71.00686509827952 0.0 2.23606797749979 0.4472135954999579 1 0 0 -0.33892001973823 -0.9408151891953264 0.6915374803163354
cell 31.31275557871243 57.935016067757616 0.0 2.23606797749979 0.4472135954999579 1 0 0 0.9901089064767663 0.14030093839808083 2.8600619477630413
cell 174.50294332894296 79.88572345754919 0.0 2.23606797749979 0.4472135954999579 1 0 0 0.9984702021572948 -0.05529245340886027 3.252233985787422
cell 70.71537418541217 8.352543518987195 0.0 2.23606797749979 0.4472135954999579 1 0 0 0.885436835096866 0.4647597347594189 2.174866174231317
cell 145.35382716700053 163.707040446158 0.0 2.23606797749979 0.4472135954999579 1 0 0 -0.7037695254901598 -0.7104283602104827 1.5613792776275375
cell 92.36399799399996 68.67307446587466 0.0 2.23606797749979 0.4472135954999579 1 0 0 0.2956737900899227 0.9552889666765028 0.6003215353962461
cell 163.17372233657846 77.34919577712432 0.0 1.0 1.0 1 0 0 0.0 1.0 0
cell 39.058849637267826 20.654481691641184 0.0 2.23606797749979 0.4472135954999579 1 0 0 0.3880960734017359 0.9216189222287888 0.7971296834174771
cell 106.32071503230165 173.69469492806573 0.0 2.23606797749979 0.4472135954999579 1 0 0 0.9605167929194057 0.2782220165979312 2.577707569455886
cell 43.68015141625979 26.679407516296035 0.0 1.0 1.0 1 0 0 0.0 1.0 0
cell 74.49287166504311 110.011885712214 0.0 1.0 1.0 1 0 0 0.0 1.0 0
cell 27.50487054338424 135.23956364541658 0.0 1.0 1.0 1 0 0 0.0 1.0 0
cell 119.66357190139294 163.48243194893297 0.0 1.0 1.0 1 0 0 0.0 1.0 0
cell 62.82304380291282 97.51061688175388 0.0 1.0 1.0 1 0 0 0.0 1.0 0
cell 8.809199084944952 144.18644951746663 0.0 2.23606797749979 0.4472135954999579 1 0 0 0.9946450340395143 0.10335016333094638 2.934522577069625
cell 43.89157172557913 69.01377938033474 0.0 1.0 1.0 1 0 0 0.0 1.0 0
cell 58.94869375460163 63.54812927142188 0.0 1.0 1.0 1 0 0 0.0 1.0 0
cell 108.3577966714068 161.4525361898035 0.0 2.23606797749979 0.4472135954999579 1 0 0 0.221364244186412 -0.9751911973535131 5.83675890843265
cell 187.02388737441262 43.948965225272254 0.0 2.23606797749979 0.4472135954999579 1 0 0 0.45700116767384075 -0.8894660942075004 5.3339437675128725
cell 182.27097311610385 110.9741017867232 0.0 2.23606797749979 0.4472135954999579 1 0 0 0.9452212970566854 -0.32643023694271533 3.8066415684609627
cell 157.67155131892775 13.818660872574354 0.0 1.0 1.0 1 0 0 0.0 1.0 0
cell 149.50819294783486 30.718599355092824 0.0 1.0 1.0 1 0 0 0.0 1.0 0
cell 146.57531665198613 147.71881173253095 0.0 1.0 1.0 1 0 0 0.0 1.0 0
cell 181.453595278768 44.20419486298292 0.0 2.23606797749979 0.4472135954999579 1 0 0 0.014176079616278646 0.999899514334672 0.02835310893259122
cell 146.3974149579734 143.66615320452033 0.0 1.0 1.0 1 0 0 0.0 1.0 0
cell 158.418435964795 181.86857428207946 0.0 2.23606797749979 0.4472135954999579 1 0 0 0.4590097489740185 -0.8884312299479394 5.329424765389755
cell 76.52930626230287 91.73412677470222 0.0 1.0 1.0 1 0 0 0.0 1.0 0
cell 124.97737529619427 167.2535040896578 0.0 1.0 1.0 1 0 0 0.0 1.0 0
cell 45.84474775327927 117.64298457628246 0.0 2.23606797749979 0.4472135954999579 1 0 0 0.9856779363056012 0.16863868441235916 2.802695834084135
cell 92.4758189880823 96.2419162987468 0.0 1.0 1.0 1 0 0 0.0 1.0 0
cell 19.719319402911708 5.846589403025204 0.0 2.23606797749979 0.4472135954999579 1 0 0 0.07701124799917235 0.9970302240562269 0.1541751481185865
cell 22.807257558530672 57.481000426184515 0.0 2.23606797749979 0.4472135954999579 1 0 0 0.9445104813404778 0.32848127897641144 2.4722022946009745
cell 121.54441492673887 73.20566401118103 0.0 1.0 1.0 1 0 0 0.0 1.0 0
cell 112.9060865837093 174.1425469205556 0.0 2.23606797749979 0.4472135954999579 1 0 0 0.9672820834481896 0.253703313025529 2.628578813238566
cell 129.4158576723574 80.21583587313097 0.0 1.0 1.0 1 0 0 0.0 1.0 0
cell 59.880787270645826 148.46379612441694 0.0 2.23606797749979 0.4472135954999579 1 0 0 0.010865279805245789 -0.9999409711051717 6.261454319982026
cell 57.73710850956459 55.1655965833999 0.0 2.23606797749979 0.4472135954999579 1 0 0 0.07203385767995936 0.9974021873586117 0.1441925987831108
cell 117.40133823977544 75.65663843211411 0.0 1.0 1.0 1 0 0 0.0 1.0 0
cell 187.94783662355167 18.04834337089217 0.0 2.23606797749979 0.4472135954999579 1 0 0 -0.12810732372885733 0.9917603105625017 6.026264622453581
cell 149.7639603270719 28.700834591592045 0.0 1.0 1.0 1 0 0 0.0 1.0 0
cell 147.45112193925476 110.52929808522872 0.0 1.0 1.0 1 0 0 0.0 1.0 0
cell 85.1326805492235 49.426018263435395 0.0 1.0 1.0 1 0 0 0.0 1.0 0
cell 115.86993697509853 100.44362707828748 0.0 1.0 1.0 1 0 0 0.0 1.0 0
cell 26.00881113884412 111.71464456686272 0.0 2.23606797749979 0.4472135954999579 1 0 0 -0.5695167201072201 -0.8219797476326983 1.211835578294819
cell 84.0964845020713 125.21277017781227 0.0 1.0 1.0 1 0 0 0.0 1.0 0
cell 90.1062737109419 68.7101542002898 0.0 2.23606797749979 0.4472135954999579 1 0 0 0.34507941711183115 0.9385734898694714 0.704646796956867
cell 11.524580408896291 57.9570965896673 0.0 2.23606797749979 0.4472135954999579 1 0 0 0.8106046498774294 0.58559380256035 1.8903678398909898
cell 101.21555280112659 75.61641609532427 0.0 2.23606797749979 0.4472135954999579 1 0 0 0.20937247023089578 0.977835962065935 0.42186632399045965
cell 0.7827772379363725 47.98601915179475 0.0 2.23606797749979 0.4472135954999579 1 0 0 -0.5525431163064248 0.8334843157626811 5.112360607771678
cell 57.04562454845637 178.66335716901017 0.0 1.0 1.0 1 0 0 0.0 1.0 0
cell 135.1103816659238 159.23782970268243 0.0 1.0 1.0 1 0 0 0.0 1.0 0
cell 92.82758551479226 4.048066768650655 0.0 1.0 1.0 1 0 0 0.0 1.0 0
cell 41.0852741995982 45.16109579167547 0.0 1.0 1.0 1 0 0 0.0 1.0 0
cell 72.86317492970717 119.830912620764 0.0 2.23606797749979 0.4472135954999579 1 0 0 -0.25218034673577405 -0.9676802533482972 0.5098655289938332
cell 102.61391482601489 10.594838582869626 0.0 1.0 1.0 1 0 0 0.0 1.0 0
cell 15.305288196523307 45.148387246492945 0.0 1.0 1.0 1 0 0 0.0 1.0 0
cell 126.23604475649918 124.42736381684097 0.0 1.0 1.0 1 0 0 0.0 1.0 0
cell 111.28542319504463 178.84486945099323 0.0 2.23606797749979 0.4472135954999579 1 0 0 0.9952872849080822 0.09697020418818428 2.9473470077738524
cell 152.17754350195548 91.92694420560251 0.0 1.0 1.0 1 0 0 0.0 1.0 0
cell 137.51893915261593 140.12016253004265 0.0 1.0 1.0 1 0 0 0.0 1.0 0
cell 152.59489894489855 143.24664752098226 0.0 1.0 1.0 1 0 0 0.0 1.0 0
cell 142.0812321330558 187.78093160009217 0.0 2.23606797749979 0.4472135954999579 1 0 0 0.9998403537305223 -0.017868045556920134 3.177330646536293
cell 33.41474562081541 81.34681773586757 0.0 2.23606797749979 0.4472135954999579 1 0 0 -0.4628305185642329 -0.8864467897655015 0.9623713052245266
cell 127.57159606834726 176.2950428339466 0.0 1.0 1.0 1 0 0 0.0 1.0 0
cell 122.56340667486232 13.57258096627163 0.0 1.0 1.0 1 0 0 0.0 1.0 0
cell 109.18837248639905 62.59371395396725 0.0 1.0 1.0 1 0 0 0.0 1.0 0
cell 70.99340052942313 91.79706649277662 0.0 1.0 1.0 1 0 0 0.0 1.0 0
cell 145.7865016855647 173.12383118339895 0.0 2.23606797749979 0.4472135954999579 1 0 0 0.8781074839618978 0.4784634224369773 2.143784648864107
cell 177.3957999399682 81.02985896228742 0.0 2.23606797749979 0.4472135954999579 1 0 0 0.9978534497959555 -0.06548658435367227 3.272659616329524
cell 127.58939134022096 78.98396070758152 0.0 1.0 1.0 1 0 0 0.0 1.0 0
cell 12.01939984487749 144.4709727736646 0.0 2.23606797749979 0.4472135954999579 1 0 0 -0.9780724793849571 -0.208264795560274 2.7219916187687634
cell 86.72492512776839 95.23498477166528 0.0 1.0 1.0 1 0 0 0.0 1.0 0
cell 109.39787525951355 184.01207300040386 0.0 1.0 1.0 1 0 0 0.0 1.0 0
cell 143.1809246345926 76.9248602312318 0.0 1.0 1.0 1 0 0 0.0 1.0 0
cell 186.8622794358972 136.17430960406227 0.0 2.23606797749979 0.4472135954999579 1 0 0 -0.726272654999721 0.6874067432020552 4.657417359501532
cell 45.22350598663018 21.463739766128196 0.0 1.0 1.0 1 0 0 0.0 1.0 0
cell 171.73451275877687 26.98580682276825 0.0 2.23606797749979 0.4472135954999579 1 0 0 0.14254583293479542 -0.9897882023508491 5.997119227136281
cell 53.1694518964129 43.713630924578 0.0 1.0 1.0 1 0 0 0.0 1.0 0
cell 144.61856488618864 51.405092607907854 0.0 1.0 1.0 1 0 0 0.0 1.0 0
cell 156.47378364163086 152.44663806918 0.0 2.23606797749979 0.4472135954999579 1 0 0 0.6953452177738318 0.7186758853050952 1.537800283536884
cell 21.52287533970853 53.027407405408766 0.0 2.23606797749979 0.4472135954999579 1 0 0 0.876706745128674 0.4810252415891357 2.137945130834832
cell 75.38115324598846 174.93478574272976 0.0 1.0 1.0 1 0 0 0.0 1.0 0
cell 120.99852788459067 186.9409034364916 0.0 1.0 1.0 1 0 0 0.0 1.0 0
cell 30.10369119538459 8.687183068470295 0.0 2.23606797749979 0.4472135954999579 1 0 0 -0.1495738733587975 -0.988750553177315 0.300274567686845
cell 19.73164935067602 92.2056838382935 0.0 2.23606797749979 0.4472135954999579 1 0 0 0.9367899320286696 0.34989230235848373 2.4266803803542265
cell 143.02047801312017 71.92349368156852 0.0 1.0 1.0 1 0 0 0.0 1.0 0
cell 129.94563672395236 39.74067986105726 0.0 1.0 1.0 1 0 0 0.0 1.0 0
cell 20.036696038812778 107.17150537898853 0.0 2.23606797749979 0.4472135954999579 1 0 0 0.621611948938596 0.7833253378620918 1.3415977106608432
cell 26.32898744647268 67.03899709023254 0.0 2.23606797749979 0.4472135954999579 1 0 0 -0.01982918372676683 -0.9998033824071262 0.03966096683555076
cell 68.42926529720421 47.0103769804808 0.0 1.0 1.0 1 0 0 0.0 1.0 0
cell 158.66020246382874 17.07216829858717 0.0 1.0 1.0 1 0 0 0.0 1.0 0
cell 28.230544472124357 129.8008037207969 0.0 1.0 1.0 1 0 0 0.0 1.0 0
cell 55.318916160844836 15.568479914211943 0.0 1.0 1.0 1 0 0 0.0 1.0 0
cell 134.43738621319872 97.65021171286683 0.0 2.23606797749979 0.4472135954999579 1 0 0 0.20577136445808383 0.9786000948135344 0.4145037491834037
cell 97.57518089977336 55.897522659487855 0.0 1.0 1.0 1 0 0 0.0 1.0 0
cell 85.48486281959181 1.9310722282441526 0.0 2.23606797749979 0.4472135954999579 1 0 0 0.9210180237071757 0.3895199609859916 2.341371992746776
cell 60.30199229418358 28.317867353849955 0.0 2.23606797749979 0.4472135954999579 1 0 0 0.914957335526916 0.4035505843949262 2.3108043705533285
cell 186.9594982722836 48.840810909957796 0.0 2.23606797749979 0.4472135954999579 1 0 0 -0.4504758439207495 0.892788616663479 5.348588800136666
cell 140.5493373021882 152.84092862408187 0.0 2.23606797749979 0.4472135954999579 1 0 0 -0.37705454975194824 -0.9261910529212402 0.7732281082897066
cell 127.7649178176015 109.04592293879898 0.0 1.0 1.0 1 0 0 0.0 1.0 0
cell 86.36751539518875 39.88285926077571 0.0 1.0 1.0 1 0 0 0.0 1.0 0
cell 38.582164854936195 183.74558584196143 0.0 1.0 1.0 1 0 0 0.0 1.0 0
cell 110.62463677267696 41.38346121414603 0.0 1.0 1.0 1 0 0 0.0 1.0 0
cell 106.68809088626489 1.3015670233407977 0.0 1.0 1.0 1 0 0 0.0 1.0 0
cell 47.23863454546185 28.116751316979236 0.0 1.0 1.0 1 0 0 0.0 1.0 0
cell 165.44352827643104 56.12324479134846 0.0 1.0 1.0 1 0 0 0.0 1.0 0
cell 55.492925744834174 10.772202903748928 0.0 1.0 1.0 1 0 0 0.0 1.0 0
cell 135.64613426399373 12.36474852149379 0.0 1.0 1.0 1 0 0 0.0 1.0 0
cell 104.27113106981632 2.234278424269768 0.0 1.0 1.0 1 0 0 0.0 1.0 0
cell 90.17117825334094 2.720366853793792 0.0 1.0 1.0 1 0 0 0.0 1.0 0
cell 122.78429992049237 42.616299366972754 0.0 1.0 1.0 1 0 0 0.0 1.0 0
cell 87.8358328436726 179.09174940706967 0.0 2.23606797749979 0.4472135954999579 1 0 0 0.9306215997926311 0.3659828383946492 2.392215266325503
cell 113.29073833613127 64.02950373120649 0.0 1.0 1.0 1 0 0 0.0 1.0 0
cell 25.514931694308338 184.42300404401988 0.0 2.23606797749979 0.4472135954999579 1 0 0 0.18266058611656202 -0.9831760321933982 5.915801530554705
cell 138.12407093766504 26.222890972798 0.0 1.0 1.0 1 0 0 0.0 1.0 0
cell 145.33578698419558 12.828828695862196 0.0 1.0 1.0 1 0 0 0.0 1.0 0
cell 182.46181979774406 22.305377511083794 0.0 2.23606797749979 0.4472135954999579 1 0 0 -0.16884540584759908 0.9856425462225946 5.943869029881419
cell 109.18064472413208 69.66896171327284 0.0 1.0 1.0 1 0 0 0.0 1.0 0
cell 63.25672123136677 170.79482370983237 0.0 2.23606797749979 0.4472135954999579 1 0 0 0.7173893876158117 0.6966724241250049 1.6000955855172014
cell 141.44173190720062 3.41521964604768 0.0 1.0 1.0 1 0 0 0.0 1.0 0
cell 146.6937645036113 76.10080604395964 0.0 1.0 1.0 1 0 0 0.0 1.0 0
cell 3.653683004862452 52.23561391351324 0.0 2.23606797749979 0.4472135954999579 1 0 0 0.3670463635831946 -0.930202648340862 5.531521782309746
cell 29.289603717746434 74.43743497501471 0.0 2.23606797749979 0.4472135954999579 1 0 0 0.24960152698073584 0.9683486343920175 0.5045374716570842
cell 119.78835473828187 41.088199838736635 0.0 1.0 1.0 1 0 0 0.0 1.0 0
cell 130.45221922457094 162.13405486135406 0.0 1.0 1.0 1 0 0 0.0 1.0 0
cell 145.86738771680908 111.86231295485982 0.0 2.23606797749979 0.4472135954999579 1 0 0 0.3054455304723354 0.9522095504217932 0.6208125707828709
cell 107.22044623236712 172.1181927312736 0.0 2.23606797749979 0.4472135954999579 1 0 0 0.952475111242689 0.30461641857133553 2.522521288299503
cell 131.3781878020004 108.86751308170516 0.0 1.0 1.0 1 0 0 0.0 1.0 0
cell 96.72532957657448 32.352952787417415 0.0 1.0 1.0 1 0 0 0.0 1.0 0
cell 152.2700711231179 167.22187510242907 0.0 2.23606797749979 0.4472135954999579 1 0 0 0.9279198046054608 0.3727798763626645 2.3775865738494897
cell 104.32066016932495 40.23398371232734 0.0 1.0 1.0 1 0 0 0.0 1.0 0
cell 140.21277201125952 23.673924534624486 0.0 1.0 1.0 1 0 0 0.0 1.0 0
cell 147.47327690862753 37.90571462832724 0.0 2.23606797749979 0.4472135954999579 1 0 0 0.08768469608255182 -0.9961482791597396 6.107590409561739
cell 107.29237440545532 86.5930307504743 0.0 2.23606797749979 0.4472135954999579 1 0 0 -0.08755455055624725 -0.9961597264881238 0.17533360162194622
cell 119.99223115953986 113.1781356058865 0.0 1.0 1.0 1 0 0 0.0 1.0 0
cell 91.72877003532274 44.684422138072506 0.0 1.0 1.0 1 0 0 0.0 1.0 0
cell 100.27243540231011 15.374367507592112 0.0 1.0 1.0 1 0 0 0.0 1.0 0
cell 169.50980119631345 131.72929570985954 0.0 2.23606797749979 0.4472135954999579 1 0 0 0.19462448656901135 0.9808778258416023 0.39174920312502304
cell 147.78254916713288 66.1592104997649 0.0 2.23606797749979 0.4472135954999579 1 0 0 0.9326769168747039 -0.36071286188476387 3.8796568510227054
cell 69.42671145652727 144.22921586364404 0.0 2.23606797749979 0.4472135954999579 1 0 0 -0.0215916988087795 0.9997668720969659 6.239998553497424
cell 61.95637579323339 13.288656305530177 0.0 2.23606797749979 0.4472135954999579 1 0 0 0.8643834673436944 0.5028331943924271 2.0878459176126185
cell 120.25518069136386 49.005075112967305 0.0 1.0 1.0 1 0 0 0.0 1.0 0
cell 51.10291347172192 6.034423980455019 0.0 1.0 1.0 1 0 0 0.0 1.0 0
cell 116.56320278421013 152.92298976275805 0.0 1.0 1.0 1 0 0 0.0 1.0 0
cell 26.51189674837841 35.814004944346394 0.0 1.0 1.0 1 0 0 0.0 1.0 0
cell 49.96037109365824 38.95938337996199 0.0 2.23606797749979 0.4472135954999579 1 0 0 0.9794938198106845 0.2014742091501399 2.735867131798584
cell 150.95556220495317 63.925614192287725 0.0 1.0 1.0 1 0 0 0.0 1.0 0
cell 20.226026366314294 85.71264164699129 0.0 2.23606797749979 0.4472135954999579 1 0 0 0.8158434758480274 0.5782727928203168 1.9083726201999447
cell 123.18054754056546 148.6405787500718 0.0 1.0 1.0 1 0 0 0.0 1.0 0
cell 67.5699595230307 71.65348541626749 0.0 1.0 1.0 1 0 0 0.0 1.0 0
cell 68.01323055216714 69.64354094737209 0.0 1.0 1.0 1 0 0 0.0 1.0 0
cell 53.404327667900866 187.35842913383237 0.0 1.0 1.0 1 0 0 0.0 1.0 0
cell 10.530089162238966 142.41093376598027 0.0 2.23606797749979 0.4472135954999579 1 0 0 0.563053337826987 0.8264205580465003 1.196151647310279
cell 124.73444169076582 70.4751709389726 0.0 1.0 1.0 1 0 0 0.0 1.0 0
cell 147.49655410946121 107.63823230369505 0.0 2.23606797749979 0.4472135954999579 1 0 0 0.35464046608933847 0.9350027485584932 0.7250590241992269
cell 12.03183929661599 29.421082929470238 0.0 2.23606797749979 0.4472135954999579 1 0 0 0.3413092671079363 -0.9399510541439078 5.586566395626584
cell 97.41071538481889 68.88490689559787 0.0 2.23606797749979 0.4472135954999579 1 0 0 0.2876070565840964 0.9577484956934322 0.583454775901296
cell 154.10429625101764 45.24540855081605 0.0 1.0 1.0 1 0 0 0.0 1.0 0
cell 39.79573660369551 60.905114093082645 0.0 2.23606797749979 0.4472135954999579 1 0 0 0.24768024729667407 -0.9688418318275994 5.782614980906739
cell 83.02244437495074 91.32234035733869 0.0 1.0 1.0 1 0 0 0.0 1.0 0
cell 38.487377919272134 11.347742595564656 0.0 2.23606797749979 0.4472135954999579 1 0 0 0.36657166578231354 0.9303898182189978 0.7506429944761884
cell 53.19624499150445 36.490617868345446 0.0 2.23606797749979 0.4472135954999579 1 0 0 0.9613299077132663 0.2753993619019529 2.583582445252031
cell 38.503742523254466 85.70795099850226 0.0 2.23606797749979 0.4472135954999579 1 0 0 0.842327315175313 0.538966320014107 2.0031737425407634
cell 106.4583458612906 99.89876693933196 0.0 1.0 1.0 1 0 0 0.0 1.0 0
cell 31.48558343856562 23.663867785639447 0.0 1.0 1.0 1 0 0 0.0 1.0 0
cell 49.62782217590257 16.52357531703315 0.0 1.0 1.0 1 0 0 0.0 1.0 0
cell 186.32925241671174 125.66247035267246 0.0 2.23606797749979 0.4472135954999579 1 0 0 0.894060714113073 -0.4479457997119987 4.07052546538008
cell 4.014267855271715 43.49901654683482 0.0 2.23606797749979 0.4472135954999579 1 0 0 0.6029161847680712 -0.7978045337955363 4.988882618306577
cell 91.3496330702972 97.17676688216541 0.0 1.0 1.0 1 0 0 0.0 1.0 0
cell 41.562477865933936 41.614670070608234 0.0 2.23606797749979 0.4472135954999579 1 0 0 0.9737089084993353 0.2277958768481842 2.6819657643838974
cell 81.89328424452515 178.42361442029988 0.0 2.23606797749979 0.4472135954999579 1 0 0 0.8890167264592991 0.45787472093968223 2.190386398412892
cell 127.25162756832549 92.21725686978131 0.0 2.23606797749979 0.4472135954999579 1 0 0 -0.2433279130877756 -0.9699440843225695 0.49159083686864946
cell 66.56841895526433 67.42484850126206 0.0 2.23606797749979 0.4472135954999579 1 0 0 -0.22443355565065712 -0.9744893940407989 0.452723448514436
cell 152.34494432788654 73.48589132849044 0.0 1.0 1.0 1 0 0 0.0 1.0 0
cell 147.0404509532579 104.9118871966698 0.0 2.23606797749979 0.4472135954999579 1 0 0 0.343164890965903 0.9392751767231794 0.7005686717774736
cell 129.5443710616822 99.33157465891438 0.0 2.23606797749979 0.4472135954999579 1 0 0 -0.22851994780495652 -0.9735392305681472 0.46111426189122273
cell 136.81051336856754 23.26578419131779 0.0 1.0 1.0 1 0 0 0.0 1.0 0
cell 79.98704998112633 103.37157246919676 0.0 1.0 1.0 1 0 0 0.0 1.0 0
cell 20.303263945218454 29.715546954263402 0.0 2.23606797749979 0.4472135954999579 1 0 0 0.22617935901169495 -0.974085672596132 5.82687810574989
cell 82.39199131514319 11.261097505293849 0.0 1.0 1.0 1 0 0 0.0 1.0 0
cell 118.18530030924347 40.19654828199639 0.0 1.0 1.0 1 0 0 0.0 1.0 0
cell 150.98634213559754 60.60797527785513 0.0 1.0 1.0 1 0 0 0.0 1.0 0
cell 111.17952693622846 19.39767882624572 0.0 1.0 1.0 1 0 0 0.0 1.0 0
cell 146.65119570835634 79.47074959443198 0.0 1.0 1.0 1 0 0 0.0 1.0 0
cell 181.10045325064846 83.04471956364654 0.0 2.23606797749979 0.4472135954999579 1 0 0 0.9908142582490022 -0.13522982529930144 3.412883483158187
cell 104.32030503570383 116.91701047896953 0.0 1.0 1.0 1 0 0 0.0 1.0 0
cell 99.22863369313843 176.10129533579095 0.0 2.23606797749979 0.4472135954999579 1 0 0 0.9657005850288032 0.2596581985515327 2.616256164339818
cell 84.09708912744802 112.14513787391411 0.0 1.0 1.0 1 0 0 0.0 1.0 0
cell 117.59430925044695 184.9041914653964 0.0 1.0 1.0 1 0 0 0.0 1.0 0
cell 47.79666763799739 122.96466665603984 0.0 2.23606797749979 0.4472135954999579 1 0 0 0.996459905893092 -0.08406935201088662 3.309930047938116
cell 116.12863487657827 6.146398916367655 0.0 1.0 1.0 1 0 0 0.0 1.0 0
cell 133.9299619384982 170.9236042090741 0.0 1.0 1.0 1 0 0 0.0 1.0 0
cell 78.09747567085815 161.94058879542737 0.0 2.23606797749979 0.4472135954999579 1 0 0 0.47847549140492907 -0.8781009077120987 5.285349813761764
cell 159.06139113383682 166.35861917978946 0.0 1.0 1.0 1 0 0 0.0 1.0 0
cell 66.58466073289433 179.92783911695983 0.0 1.0 1.0 1 0 0 0.0 1.0 0
cell 109.16711062624786 64.08073630197461 0.0 1.0 1.0 1 0 0 0.0 1.0 0
cell 49.78241116333537 115.76459088305819 0.0 2.23606797749979 0.4472135954999579 1 0 0 0.9925536310098367 0.12180841337604242 2.8973693330539394
cell 149.76735761821413 100.19207577997376 0.0 1.0 1.0 1 0 0 0.0 1.0 0
cell 103.8796617534714 87.32841793487945 0.0 1.0 1.0 1 0 0 0.0 1.0 0
cell 149.6951585077173 83.71552376191842 0.0 1.0 1.0 1 0 0 0.0 1.0 0
cell 160.63099523445953 133.2435137306932 0.0 2.23606797749979 0.4472135954999579 1 0 0 0.21631082091207054 0.9763245509339331 0.4360684767395318
cell 82.95622339141995 6.909407085378259 0.0 2.23606797749979 0.4472135954999579 1 0 0 0.943391947715563 0.33168001595730257 2.465424965707865
cell 150.55032390649194 167.0535767428324 0.0 2.23606797749979 0.4472135954999579 1 0 0 0.8947629130075011 0.44654152047299134 2.21579995897874
cell 127.62711402610246 91.57599977770309 0.0 2.23606797749979 0.4472135954999579 1 0 0 0.27564669269714576 0.9612590185819456 0.5585247869675373
cell 9.526639419538144 101.61982332947692 0.0 2.23606797749979 0.4472135954999579 1 0 0 0.30210326505875057 0.9532752054054707 0.6137964831951505
cell 55.69575471219463 30.62324380470416 0.0 2.23606797749979 0.4472135954999579 1 0 0 0.9016453034502339 0.4324762961899019 2.2471178671252545
cell 149.4951798630387 119.13275758391688 0.0 1.0 1.0 1 0 0 0.0 1.0 0
cell 65.89789441337595 44.98351711125733 0.0 1.0 1.0 1 0 0 0.0 1.0 0
cell 126.96267443271464 73.07289071652973 0.0 1.0 1.0 1 0 0 0.0 1.0 0
cell 61.605492511617534 24.603279491961644 0.0 2.23606797749979 0.4472135954999579 1 0 0 0.8777266800471955 0.4791616377938954 2.1421940309471594
cell 71.10646462544007 36.266621689365614 0.0 1.0 1.0 1 0 0 0.0 1.0 0
cell 186.29047547968923 129.4097192039955 0.0 2.23606797749979 0.4472135954999579 1 0 0 0.19961199123795828 0.9798750190478464 0.40192385399994784
cell 3.741778754665779 169.37720826887644 0.0 2.23606797749979 0.4472135954999579 1 0 0 0.9974316780168693 -0.07162435122535105 3.2849641184309477
cell 134.31308074795058 162.29183438853016 0.0 1.0 1.0 1 0 0 0.0 1.0 0
cell 86.4057243698253 184.33576734685803 0.0 2.23606797749979 0.4472135954999579 1 0 0 0.923352727393636 0.38395278461645993 2.353445833016681
cell 121.40311089664439 99.28775131681128 0.0 1.0 1.0 1 0 0 0.0 1.0 0
cell 14.419933490312372 12.152114054160728 0.0 2.23606797749979 0.4472135954999579 1 0 0 0.12301130468599475 -0.9924052694939952 6.036537974413762
cell 133.2751996768123 143.1135835230906 0.0 2.23606797749979 0.4472135954999579 1 0 0 0.11316165986834312 0.9935765892651867 0.22680915747415428
cell 107.4073450924709 72.5075268694959 0.0 2.23606797749979 0.4472135954999579 1 0 0 0.2583546169283182 0.9660501497913149 0.5226372146451471
cell 85.8993598854127 138.73618693866635 0.0 2.23606797749979 0.4472135954999579 1 0 0 0.9998509907184464 -0.01726257105246203 3.1761195106524758
cell 98.16801825122894 111.6632839205909 0.0 2.23606797749979 0.4472135954999579 1 0 0 0.7509524357791006 -0.6603562971589169 4.5841788982024845
cell 99.35429478610342 87.99134696524762 0.0 1.0 1.0 1 0 0 0.0 1.0 0
cell 98.53169684520799 106.29444283690464 0.0 1.0 1.0 1 0 0 0.0 1.0 0
cell 22.758330537496064 38.056611998378294 0.0 1.0 1.0 1 0 0 0.0 1.0 0
cell 126.16739424345576 20.406556468746622 0.0 1.0 1.0 1 0 0 0.0 1.0 0
cell 143.87913857864382 175.50022262830348 0.0 1.0 1.0 1 0 0 0.0 1.0 0
cell 1.9177996600846372 128.30404824541966 0.0 2.23606797749979 0.4472135954999579 1 0 0 0.9622301773659686 -0.27223718659701246 3.6930271953166383
cell 171.6101835076677 151.0065183024844 0.0 2.23606797749979 0.4472135954999579 1 0 0 0.9711074892058187 -0.23864250335673828 3.6235281042856213
cell 82.09647600828868 18.47682369748313 0.0 1.0 1.0 1 0 0 0.0 1.0 0
cell 58.74297455188685 53.08906741983717 0.0 2.23606797749979 0.4472135954999579 1 0 0 0.09788709588500777 0.9951975263530347 0.1960881951823775
cell 133.8789273231043 124.01427473465729 0.0 1.0 1.0 1 0 0 0.0 1.0 0
cell 25.55837805495287 41.45795334210132 0.0 2.23606797749979 0.4472135954999579 1 0 0 -0.8916846100029909 -0.45265721720062513 2.202106474545676
cell 40.55343001844343 15.953195026005169 0.0 2.23606797749979 0.4472135954999579 1 0 0 -0.3238198419741894 -0.9461187610146049 0.6595281872793857
cell 159.78924051891107 114.054203806294 0.0 2.23606797749979 0.4472135954999579 1 0 0 0.46765905007833275 0.8839089392464766 0.9732810211918388
cell 85.05476386104212 55.81603610089882 0.0 1.0 1.0 1 0 0 0.0 1.0 0
cell 84.60629548268476 90.50405297016232 0.0 1.0 1.0 1 0 0 0.0 1.0 0
cell 142.3528754748749 68.13516115578089 0.0 1.0 1.0 1 0 0 0.0 1.0 0
cell 6.25018978144674 138.6092400604405 0.0 2.23606797749979 0.4472135954999579 1 0 0 0.42238830708773994 0.9064149811402905 0.8721572022349372
cell 30.60245669888181 123.07171555446924 0.0 2.23606797749979 0.4472135954999579 1 0 0 0.46255215002558525 0.8865920755943562 0.9617433019882771
cell 153.40151442816958 52.51583799321727 0.0 1.0 1.0 1 0 0 0.0 1.0 0
cell 86.54613095447358 34.88460082004311 0.0 1.0 1.0 1 0 0 0.0 1.0 0
cell 89.77651602745142 148.08509880951019 0.0 2.23606797749979 0.4472135954999579 1 0 0 0.3336047903648338 -0.9427130230593165 5.602935611627488
cell 74.15860489596932 34.653457382194404 0.0 1.0 1.0 1 0 0 0.0 1.0 0
cell 149.98722115554008 26.703461743352737 0.0 1.0 1.0 1 0 0 0.0 1.0 0
cell 155.33604098509915 94.28312586770768 0.0 1.0 1.0 1 0 0 0.0 1.0 0
cell 106.72588958962965 43.98750941518921 0.0 1.0 1.0 1 0 0 0.0 1.0 0
cell 76.28301070189524 118.40164636236399 0.0 2.23606797749979 0.4472135954999579 1 0 0 0.4166235546350354 0.9090791020165779 0.8594560138768391
cell 134.98160977343443 118.56305113364 0.0 1.0 1.0 1 0 0 0.0 1.0 0
cell 47.789605298711336 69.5584990132802 0.0 1.0 1.0 1 0 0 0.0 1.0 0
cell 110.05512347150848 82.11149655549033 0.0 1.0 1.0 1 0 0 0.0 1.0 0
cell 94.53765144042053 173.45560197726962 0.0 2.23606797749979 0.4472135954999579 1 0 0 0.9487772482667152 0.31594577568222054 2.4986860031805604
cell 34.432717839887225 47.36251215625229 0.0 2.23606797749979 0.4472135954999579 1 0 0 0.931030314869016 0.364941848511377 2.394451967540324
cell 123.87633850866328 168.76853085205212 0.0 1.0 1.0 1 0 0 0.0 1.0 0
cell 123.82137747288654 12.807835783693836 0.0 1.0 1.0 1 0 0 0.0 1.0 0
cell 139.93102275602882 166.85424439295846 0.0 1.0 1.0 1 0 0 0.0 1.0 0
cell 43.9723437249517 92.43488419414493 0.0 2.23606797749979 0.4472135954999579 1 0 0 0.9719722485422955 -0.23509561472650717 3.6162265311760007
cell 128.35208874344872 159.51041093079365 0.0 1.0 1.0 1 0 0 0.0 1.0 0
cell 24.836502923092006 34.67336156708505 0.0 1.0 1.0 1 0 0 0.0 1.0 0
cell 13.040047986914233 163.9897560634279 0.0 2.23606797749979 0.4472135954999579 1 0 0 0.9996606231265402 0.026050692318197025 3.089485374151494
cell 65.30358336491524 8.056295185893575 0.0 2.23606797749979 0.4472135954999579 1 0 0 0.8412921324111469 0.5405807506220559 1.999338124900586
cell 180.3328943230979 125.41600511037552 0.0 2.23606797749979 0.4472135954999579 1 0 0 -0.0966795336898235 -0.995315561902615 0.19366156045353833
cell 75.24713249518199 11.394334021865568 0.0 2.23606797749979 0.4472135954999579 1 0 0 0.8998534123255969 0.4361924303859242 2.238866672955443
cell 139.10484275219704 140.45089937297809 0.0 1.0 1.0 1 0 0 0.0 1.0 0
cell 101.2151121284097 53.23162892579778 0.0 1.0 1.0 1 0 0 0.0 1.0 0
cell 164.5620975144655 63.92422617813215 0.0 1.0 1.0 1 0 0 0.0 1.0 0
cell 66.97719694801232 181.77207285521357 0.0 1.0 1.0 1 0 0 0.0 1.0 0
cell 92.48246093197595 47.57675791058527 0.0 1.0 1.0 1 0 0 0.0 1.0 0
cell 81.65466181607131 47.87693421692061 0.0 1.0 1.0 1 0 0 0.0 1.0 0
cell 126.16017207242827 95.58210322943998 0.0 2.23606797749979 0.4472135954999579 1 0 0 -0.20653324884810706 -0.9784395827644372 0.4160609671800799
cell 22.29282888555295 68.12698705080363 0.0 2.23606797749979 0.4472135954999579 1 0 0 0.9999986214349469 -0.0016604602391409183 3.144913575594111
cell 159.33082563649592 145.6752227844066 0.0 1.0 1.0 1 0 0 0.0 1.0 0
cell 36.51145107374341 61.10284951258759 0.0 2.23606797749979 0.4472135954999579 1 0 0 0.10639691800541662 -0.9943237379440102 6.069987930252638
cell 101.5055103340828 94.11575905705241 0.0 1.0 1.0 1 0 0 0.0 1.0 0
cell 8.251501844075507 149.8348957569178 0.0 2.23606797749979 0.4472135954999579 1 0 0 0.9966436628141878 -0.08186213637769012 3.305500343901564
cell 85.67044848775355 19.47215286947754 0.0 1.0 1.0 1 0 0 0.0 1.0 0
cell 91.4166987369052 78.20577004266114 0.0 2.23606797749979 0.4472135954999579 1 0 0 -0.15595085723852656 -0.9877648151896122 0.31318003122097515
cell 28.42334095451723 131.59559689925317 0.0 1.0 1.0 1 0 0 0.0 1.0 0
cell 116.13856888521984 75.13461108001275 0.0 1.0 1.0 1 0 0 0.0 1.0 0
cell 56.52276625365924 77.65040997463339 0.0 1.0 1.0 1 0 0 0.0 1.0 0
cell 82.80547209178293 187.2384885988533 0.0 2.23606797749979 0.4472135954999579 1 0 0 0.9135770669779639 0.40666563992048904 2.303990055202608
cell 45.79035326650181 24.85117403617223 0.0 1.0 1.0 1 0 0 0.0 1.0 0
cell 175.8964086891285 114.52065985548104 0.0 1.0 1.0 1 0 0 0.0 1.0 0
cell 134.9399481182539 163.79373973992932 0.0 1.0 1.0 1 0 0 0.0 1.0 0
cell 184.52274125648646 0.8051385701894502 0.0 2.23606797749979 0.4472135954999579 1 0 0 0.9677319911597391 0.2519817320481918 2.6321376101396963
cell 108.77080892426794 14.781275059955295 0.0 1.0 1.0 1 0 0 0.0 1.0 0
cell 55.46290185360148 55.51162964653324 0.0 2.23606797749979 0.4472135954999579 1 0 0 -0.07256206518074737 -0.9973638988336729 0.1452517856062654
cell 85.84714282520787 134.0545477615155 0.0 1.0 1.0 1 0 0 0.0 1.0 0
cell 74.82913654514385 184.92336770293915 0.0 2.23606797749979 0.4472135954999579 1 0 0 0.8711617188876885 0.4909961909675554 2.1151268434756174
cell 119.05946180234855 166.65464031367685 0.0 1.0 1.0 1 0 0 0.0 1.0 0
cell 123.06699330955085 184.89824997428133 0.0 2.23606797749979 0.4472135954999579 1 0 0 0.9900973014011496 -0.1403828114769083 3.4232887423518275
cell 145.3175947378016 170.69477751034609 0.0 2.23606797749979 0.4472135954999579 1 0 0 0.8561886459483402 0.5166633357895136 2.0556941851944566
cell 138.91158619925886 182.75922311411423 0.0 2.23606797749979 0.4472135954999579 1 0 0 0.9961081145585854 0.0881397986754007 2.965084012969052
cell 49.296870813502295 25.47850480421916 0.0 1.0 1.0 1 0 0 0.0 1.0 0
cell 65.18618014925623 10.479483457041491 0.0 2.23606797749979 0.4472135954999579 1 0 0 0.865983409916573 0.500072728459836 2.09422713913754
cell 172.30916637418937 118.09439546998017 0.0 2.23606797749979 0.4472135954999579 1 0 0 -0.023358461963525808 0.9997271539048534 6.236464133945344
cell 146.21369773160518 121.88384566304968 0.0 1.0 1.0 1 0 0 0.0 1.0 0
cell 162.31747025213548 155.09941133402992 0.0 1.0 1.0 1 0 0 0.0 1.0 0
cell 88.7578864536668 82.35441024550478 0.0 1.0 1.0 1 0 0 0.0 1.0 0
cell 102.88848192084166 97.06877800866228 0.0 1.0 1.0 1 0 0 0.0 1.0 0
cell 144.43843381556616 149.66925336185477 0.0 2.23606797749979 0.4472135954999579 1 0 0 0.2920214340146812 0.9564117743294512 0.592679436289268
cell 103.22035346242464 171.39958117844336 0.0 2.23606797749979 0.4472135954999579 1 0 0 0.9722729866342988 0.2338487533882115 2.669524010357363
cell 103.76797674732651 3.432968286842661 0.0 1.0 1.0 1 0 0 0.0 1.0 0
cell 69.51665692255897 50.85076653107835 0.0 1.0 1.0 1 0 0 0.0 1.0 0
cell 154.0350604080238 10.26818010083123 0.0 1.0 1.0 1 0 0 0.0 1.0 0
cell 165.73233907312354 52.14706820254235 0.0 1.0 1.0 1 0 0 0.0 1.0 0
cell 81.32080460509022 138.51111729685306 0.0 2.23606797749979 0.4472135954999579 1 0 0 0.9891813977660602 -0.1466975197935652 3.4360503345303366
cell 5.098375430601502 134.12036961770622 0.0 2.23606797749979 0.4472135954999579 1 0 0 0.22714886232665785 0.9738600486433895 0.4582980232977589
cell 102.30853853256265 40.35111512874296 0.0 1.0 1.0 1 0 0 0.0 1.0 0
cell 160.28992876658896 54.813196287934964 0.0 1.0 1.0 1 0 0 0.0 1.0 0
cell 144.76014821270402 90.59273046856268 0.0 1.0 1.0 1 0 0 0.0 1.0 0
cell 114.04456488533688 177.2500594956553 0.0 2.23606797749979 0.4472135954999579 1 0 0 0.9930036782698846 0.11808342365666535 2.9048734938895895
cell 80.36100356517194 112.13081349568105 0.0 1.0 1.0 1 0 0 0.0 1.0 0
cell 83.27377174230935 10.213254739638485 0.0 1.0 1.0 1 0 0 0.0 1.0 0
cell 88.87602158266495 57.549704656090995 0.0 1.0 1.0 1 0 0 0.0 1.0 0
cell 154.85569449593808 57.32536945381358 0.0 1.0 1.0 1 0 0 0.0 1.0 0
cell 179.42863181851257 132.7105202921792 0.0 2.23606797749979 0.4472135954999579 1 0 0 -0.41717641088740737 -0.9088255290203401 0.8606724830488499
cell 50.63658751103707 11.284380850828898 0.0 1.0 1.0 1 0 0 0.0 1.0 0
cell 102.23057069824094 15.76749678749818 0.0 1.0 1.0 1 0 0 0.0 1.0 0
cell 140.30164803354106 159.9782671260484 0.0 1.0 1.0 1 0 0 0.0 1.0 0
cell 75.06869665213712 8.977070637740326 0.0 2.23606797749979 0.4472135954999579 1 0 0 0.9041141308741069 0.4272910464235805 2.258603861142145
cell 142.14814805527647 106.90464113046582 0.0 2.23606797749979 0.4472135954999579 1 0 0 0.32901122306517805 0.9443260110243473 0.6705126246311938
cell 88.85907800830967 62.06411244231691 0.0 1.0 1.0 1 0 0 0.0 1.0 0
cell 110.64208965494288 130.48182285968178 0.0 1.0 1.0 1 0 0 0.0 1.0 0
cell 127.6927183583481 70.0741067182543 0.0 1.0 1.0 1 0 0 0.0 1.0 0
cell 87.7046069362724 4.355531639264895 0.0 1.0 1.0 1 0 0 0.0 1.0 0
cell 75.9172688849305 115.68282091639618 0.0 1.0 1.0 1 0 0 0.0 1.0 0
cell 25.520136508360245 98.23543180401444 0.0 2.23606797749979 0.4472135954999579 1 0 0 0.9590128089866747 0.28336272196513035 2.5669951676841287
cell 76.63729903641337 182.79595259671518 0.0 2.23606797749979 0.4472135954999579 1 0 0 0.8746404448549036 0.484772206530053 2.129387240668227
cell 114.98415847972885 82.4965568284147 0.0 2.23606797749979 0.4472135954999579 1 0 0 0.2199370808630123 0.9755140595918937 0.44349994317158137
cell 113.32075125285748 12.62483392567821 0.0 1.0 1.0 1 0 0 0.0 1.0 0
cell 125.80040740447036 4.995466792783999 0.0 1.0 1.0 1 0 0 0.0 1.0 0
cell 148.88933980593168 101.03914234925983 0.0 2.23606797749979 0.4472135954999579 1 0 0 0.37290479645252317 0.9278696097958496 0.7642753346217045
cell 74.61819180180142 6.990275791008102 0.0 2.23606797749979 0.4472135954999579 1 0 0 0.8903270334296531 0.45532161550310063 2.1961258260423624
cell 155.14391492937924 53.56892214534405 0.0 1.0 1.0 1 0 0 0.0 1.0 0
cell 184.04906590238872 39.346128976268076 0.0 2.23606797749979 0.4472135954999579 1 0 0 0.3467332562507167 -0.937963778090484 5.57501321128211
cell 40.72868940230829 27.50515445089789 0.0 1.0 1.0 1 0 0 0.0 1.0 0
cell 145.045356162242 173.00333561025946 0.0 2.23606797749979 0.4472135954999579 1 0 0 0.8775955959417826 0.47940167916225274 2.1416470285644187
cell 47.8965423936515 0.8263640021758676 0.0 1.0 1.0 1 0 0 0.0 1.0 0
cell 45.88379896321256 60.81316264123323 0.0 1.0 1.0 1 0 0 0.0 1.0 0
cell 78.99881641840904 86.25173355376063 0.0 1.0 1.0 1 0 0 0.0 1.0 0
cell 85.21004214818095 6.153465800736924 0.0 1.0 1.0 1 0 0 0.0 1.0 0
cell 79.47259372926784 51.98993554990915 0.0 1.0 1.0 1 0 0 0.0 1.0 0
cell 151.9878536549574 49.38352403645318 0.0 1.0 1.0 1 0 0 0.0 1.0 0
cell 73.17636470584361 68.8887365443296 0.0 2.23606797749979 0.4472135954999579 1 0 0 -0.2752493497870724 -0.9613728701402978 0.5576981224214075
cell 81.06990850661394 61.73804750790843 0.0 2.23606797749979 0.4472135954999579 1 0 0 0.4365588707450462 0.8996756928881707 0.9035405056186816
cell 13.443331929257447 91.29652371852903 0.0 2.23606797749979 0.4472135954999579 1 0 0 0.4865165234897977 0.873671375501911 1.0161962716703314
cell 107.37461694237378 182.29307004257745 0.0 1.0 1.0 1 0 0 0.0 1.0 0
cell 67.16471486542662 27.87966201791379 0.0 1.0 1.0 1 0 0 0.0 1.0 0
cell 115.06814745515541 157.1170924998865 0.0 2.23606797749979 0.4472135954999579 1 0 0 -0.3799696186002088 0.9249989669944566 5.503658404260644
cell 148.40512340646058 115.1017137701419 0.0 2.23606797749979 0.4472135954999579 1 0 0 -0.32642976085969216 -0.9452214614708472 0.6650479075240368
cell 124.34222285099015 40.038247410384415 0.0 1.0 1.0 1 0 0 0.0 1.0 0
cell 84.16180366221269 81.97692505665871 0.0 1.0 1.0 1 0 0 0.0 1.0 0
cell 29.947239510996944 17.39754433621086 0.0 2.23606797749979 0.4472135954999579 1 0 0 -0.18657669539589883 -0.9824403985663182 0.37535298981761755
cell 133.32813422249512 115.99292628998029 0.0 1.0 1.0 1 0 0 0.0 1.0 0
cell 93.77621517870325 104.82312684042677 0.0 1.0 1.0 1 0 0 0.0 1.0 0
cell 29.974510474153355 186.0529907896139 0.0 2.23606797749979 0.4472135954999579 1 0 0 0.35979814544463135 -0.9330301680731464 5.547082224380844
cell 180.35148878653956 77.25216228501247 0.0 2.23606797749979 0.4472135954999579 1 0 0 0.9999903236139542 -0.00439916792803647 3.150391017824674
cell 187.47955353294773 180.95764016544678 0.0 2.23606797749979 0.4472135954999579 1 0 0 0.15320705877272134 -0.9881941090404314 5.975559635755559
cell 3.0822351649872157 16.47035711124109 0.0 2.23606797749979 0.4472135954999579 1 0 0 -0.14540912697169092 0.9893716115764242 5.991332343188618
cell 84.46128483062402 57.57611323516715 0.0 1.0 1.0 1 0 0 0.0 1.0 0
cell 83.5706152363522 21.4253548540156 0.0 1.0 1.0 1 0 0 0.0 1.0 0
cell 87.3273674378381 16.552955809412037 0.0 1.0 1.0 1 0 0 0.0 1.0 0
cell 58.2428589578378 30.96547412933439 0.0 2.23606797749979 0.4472135954999579 1 0 0 0.9218917117260526 0.387447637559979 2.3458699288370983
cell 13.037224565682537 53.86493266689924 0.0 2.23606797749979 0.4472135954999579 1 0 0 0.8347659764869975 0.5506049078056875 1.9754152367573106
cell 144.1978927170178 63.68138913368804 0.0 2.23606797749979 0.4472135954999579 1 0 0 0.9221591754706371 -0.38681061916048104 3.935933597875188
cell 139.09237134528368 179.43806091305785 0.0 2.23606797749979 0.4472135954999579 1 0 0 0.9744140635673838 0.22476038957542877 2.6881983993041803
cell 132.67364809203747 27.48276904096167 0.0 1.0 1.0 1 0 0 0.0 1.0 0
cell 153.2422688375879 169.8315250846453 0.0 1.0 1.0 1 0 0 0.0 1.0 0
cell 90.28681246390656 23.37588835625665 0.0 1.0 1.0 1 0 0 0.0 1.0 0
cell 168.76838301890234 74.06108095624403 0.0 2.23606797749979 0.4472135954999579 1 0 0 0.9999996652265695 -0.0008182583632050926 3.143229170498824
cell 95.84968125253975 89.8629849331895 0.0 1.0 1.0 1 0 0 0.0 1.0 0
cell 106.95824474159366 50.42170578269648 0.0 1.0 1.0 1 0 0 0.0 1.0 0
cell 135.50319127428807 171.4676021417123 0.0 1.0 1.0 1 0 0 0.0 1.0 0
cell 173.76242695527355 144.7080783537991 0.0 2.23606797749979 0.4472135954999579 1 0 0 0.9423945881164468 -0.3345032739583165 3.8237488366445054
cell 108.34719553637999 8.61976307334635 0.0 1.0 1.0 1 0 0 0.0 1.0 0
cell 47.284133360515426 18.725334557341476 0.0 2.23606797749979 0.4472135954999579 1 0 0 0.3526766098459328 0.9357452692199837 0.7208599433965939
cell 122.18618709511631 86.12902294673998 0.0 2.23606797749979 0.4472135954999579 1 0 0 0.2523367827861572 0.9676394721450401 0.5101888575849318
cell 93.69205470184419 53.07316493683312 0.0 1.0 1.0 1 0 0 0.0 1.0 0
cell 101.06804595606175 49.339670772932344 0.0 1.0 1.0 1 0 0 0.0 1.0 0
cell 161.24698813318318 149.3013708173699 0.0 1.0 1.0 1 0 0 0.0 1.0 0
cell 171.02250057531822 31.65458069283374 0.0 2.23606797749979 0.4472135954999579 1 0 0 -0.09750187928199787 0.9952353407794956 6.087871248326168
cell 113.56082638289259 49.1011326613992 0.0 1.0 1.0 1 0 0 0.0 1.0 0
cell 71.3245300697388 3.438001528338523 0.0 2.23606797749979 0.4472135954999579 1 0 0 0.8688131238795658 0.49514013751122044 2.105600409858522
cell 114.91464074910459 26.54631890653403 0.0 1.0 1.0 1 0 0 0.0 1.0 0
cell 96.84833554337422 36.851174606913936 0.0 1.0 1.0 1 0 0 0.0 1.0 0
cell 11.615035778187341 13.844204303096069 0.0 2.23606797749979 0.4472135954999579 1 0 0 -0.2105766530989898 0.9775773489446387 5.858855703003621
cell 96.32937957824062 157.6291728004067 0.0 2.23606797749979 0.4472135954999579 1 0 0 0.45055264013020396 0.8927498633277425 0.9347685474895812
cell 0.8412731032177783 25.511885315602616 0.0 2.23606797749979 0.4472135954999579 1 0 0 -0.37098931177814826 0.9286371361012739 5.523037044003006
cell 134.2045599702806 65.79842598191004 0.0 1.0 1.0 1 0 0 0.0 1.0 0
cell 92.80572699197897 101.58692954005724 0.0 1.0 1.0 1 0 0 0.0 1.0 0
cell 62.67054453104744 0.1044068781762591 0.0 1.0 1.0 1 0 0 0.0 1.0 0
cell 9.371337606236052 153.0490665908636 0.0 2.23606797749979 0.4472135954999579 1 0 0 0.9634483292979463 -0.26789422683775016 3.6840060583386394
cell 93.7498644678215 171.60058663995235 0.0 2.23606797749979 0.4472135954999579 1 0 0 -0.9322922674794893 -0.3617058583959517 2.401398669936968
cell 102.29280929629715 4.379887011726399 0.0 1.0 1.0 1 0 0 0.0 1.0 0
cell 153.58299693521536 94.95022903800215 0.0 1.0 1.0 1 0 0 0.0 1.0 0
cell 91.40156415961789 30.865618177452127 0.0 1.0 1.0 1 0 0 0.0 1.0 0
cell 145.75910636201857 60.70983643947374 0.0 1.0 1.0 1 0 0 0.0 1.0 0
cell 121.74729215767064 56.269378005626535 0.0 1.0 1.0 1 0 0 0.0 1.0 0
cell 135.55745402755167 62.76839897759754 0.0 1.0 1.0 1 0 0 0.0 1.0 0
cell 165.871363072271 50.14964930587397 0.0 1.0 1.0 1 0 0 0.0 1.0 0
cell 137.79050923691375 67.94512084014353 0.0 1.0 1.0 1 0 0 0.0 1.0 0
cell 58.22609208360306 73.5579396021275 0.0 1.0 1.0 1 0 0 0.0 1.0 0
cell 101.22222395707782 8.227704191656079 0.0 1.0 1.0 1 0 0 0.0 1.0 0
cell 69.14311866766778 27.78987826285998 0.0 1.0 1.0 1 0 0 0.0 1.0 0
cell 123.65142040201194 176.35632299627483 0.0 2.23606797749979 0.4472135954999579 1 0 0 0.9900215020770401 0.14091637741980637 2.8588187185307654
cell 22.30791811214512 107.97624352997079 0.0 2.23606797749979 0.4472135954999579 1 0 0 0.5091646259524495 0.8606691487898832 1.0684278026782015
cell 162.0255070323738 81.30212524741154 0.0 2.23606797749979 0.4472135954999579 1 0 0 0.9928799472986358 -0.11911931099640453 3.380398314699142
cell 74.42306070721914 31.77410686846133 0.0 1.0 1.0 1 0 0 0.0 1.0 0
cell 39.71108519888758 130.50260838109926 0.0 2.23606797749979 0.4472135954999579 1 0 0 -0.7214919676405067 -0.6924228048167029 1.6119092265427533
cell 100.66757211095519 10.149437914627073 0.0 1.0 1.0 1 0 0 0.0 1.0 0
cell 81.93163141106923 94.07805595726677 0.0 1.0 1.0 1 0 0 0.0 1.0 0
cell 87.7306976743254 133.36031811303417 0.0 1.0 1.0 1 0 0 0.0 1.0 0
cell 131.22891224386623 186.15064378507552 0.0 2.23606797749979 0.4472135954999579 1 0 0 0.9999624114432888 -0.008670392178148531 3.1589336552210425
cell 34.760533652027185 50.00403924953653 0.0 1.0 1.0 1 0 0 0.0 1.0 0
cell 113.07728866196982 83.24345115429809 0.0 2.23606797749979 0.4472135954999579 1 0 0 -0.20814546022926214 -0.9780978823133953 0.4193570165428673
cell 82.31754232088186 95.9132912023059 0.0 1.0 1.0 1 0 0 0.0 1.0 0
cell 68.74289040418762 63.01292025277849 0.0 2.23606797749979 0.4472135954999579 1 0 0 -0.3038491520763958 -0.952720154495776 0.6174604722395722
cell 183.68257264153326 73.197794994067 0.0 2.23606797749979 0.4472135954999579 1 0 0 0.9959439678604206 -0.08997562382357513 3.321787592665589
cell 98.79874780554026 158.30952506055237 0.0 2.23606797749979 0.4472135954999579 1 0 0 0.5562373721809688 0.8310234568224958 1.1797023985562283
cell 21.657590709714647 39.134791110472364 0.0 1.0 1.0 1 0 0 0.0 1.0 0
cell 127.29704700441503 162.8154787428627 0.0 1.0 1.0 1 0 0 0.0 1.0 0
cell 83.8903662109323 166.0606604902699 0.0 1.0 1.0 1 0 0 0.0 1.0 0
cell 71.47704530569804 74.52951965378831 0.0 1.0 1.0 1 0 0 0.0 1.0 0
cell 140.82222242850648 132.84716648274127 0.0 1.0 1.0 1 0 0 0.0 1.0 0
cell 33.1759009227549 121.04044170385401 0.0 2.23606797749979 0.4472135954999579 1 0 0 -0.59503718912346 -0.8036981669507849 1.2746238408155222
cell 129.83691250162218 77.09591310609378 0.0 1.0 1.0 1 0 0 0.0 1.0 0
cell 128.55145439246425 30.500061072368407 0.0 1.0 1.0 1 0 0 0.0 1.0 0
cell 126.70099987321318 55.958948299261884 0.0 1.0 1.0 1 0 0 0.0 1.0 0
cell 111.56566923609601 181.51601242888063 0.0 1.0 1.0 1 0 0 0.0 1.0 0
cell 167.20663078498842 141.56168913762372 0.0 2.23606797749979 0.4472135954999579 1 0 0 0.45122506539629675 -0.8924101861577487 5.346910059527217
cell 58.775227917077075 19.73953899542878 0.0 2.23606797749979 0.4472135954999579 1 0 0 0.8368373447381628 0.5474516037528625 1.9829608075813565
cell 118.21647037972959 30.453075256058554 0.0 1.0 1.0 1 0 0 0.0 1.0 0
cell 70.95237147141171 61.002185405967495 0.0 2.23606797749979 0.4472135954999579 1 0 0 0.41552085442567643 0.9095836517535679 0.8570307152403664
cell 76.456095828884 166.2831958697996 0.0 1.0 1.0 1 0 0 0.0 1.0 0
cell 144.32039710114307 92.16494429139821 0.0 1.0 1.0 1 0 0 0.0 1.0 0
cell 66.879116715975 174.8042400186693 0.0 1.0 1.0 1 0 0 0.0 1.0 0
cell 107.0426196983994 80.94905678436892 0.0 2.23606797749979 0.4472135954999579 1 0 0 -0.20264088375328151 -0.9792531195925235 0.40810801325390234
cell 117.9083216755393 181.86353077019132 0.0 2.23606797749979 0.4472135954999579 1 0 0 0.9932178086144504 -0.1162685884110961 3.3746569646187834
cell 121.78018244011368 83.16749016799452 0.0 2.23606797749979 0.4472135954999579 1 0 0 -0.2760900430968188 -0.9611317745776573 0.5594472849182983
cell 22.22699822939363 42.51432336703194 0.0 2.23606797749979 0.4472135954999579 1 0 0 0.8534810671459095 0.5211238509447437 2.0452582395835908
cell 94.71626831141694 23.832723280113072 0.0 1.0 1.0 1 0 0 0.0 1.0 0
cell 24.75937746215446 111.64840692374608 0.0 2.23606797749979 0.4472135954999579 1 0 0 0.5715875803123922 0.820541064196439 1.216878702480521
cell 97.865643326331 71.03551197892706 0.0 2.23606797749979 0.4472135954999579 1 0 0 -0.25221777006160134 -0.967670499945696 0.5099428758535876
cell 43.10162019985396 65.35895534854184 0.0 1.0 1.0 1 0 0 0.0 1.0 0
cell 52.95886108019221 119.45461393352673 0.0 2.23606797749979 0.4472135954999579 1 0 0 0.9931823961392027 -0.1165706995740863 3.3752653237197094
cell 118.98992453922702 171.36847418662683 0.0 1.0 1.0 1 0 0 0.0 1.0 0
cell 16.470158790560493 184.72507385494364 0.0 2.23606797749979 0.4472135954999579 1 0 0 -0.012040374943350841 -0.999927512058361 0.024081331758237567
cell 115.390908726587 73.75484415907458 0.0 1.0 1.0 1 0 0 0.0 1.0 0
cell 98.00227341289268 85.23884650406941 0.0 1.0 1.0 1 0 0 0.0 1.0 0
cell 121.8866612419648 77.16162852791668 0.0 1.0 1.0 1 0 0 0.0 1.0 0
cell 142.9843172090535 103.2815495031639 0.0 2.23606797749979 0.4472135954999579 1 0 0 0.2786356476163211 0.9603968845625402 0.5647464055287115
cell 123.54843333263837 88.04530593041302 0.0 2.23606797749979 0.4472135954999579 1 0 0 -0.25556882450654705 -0.9667908646343023 0.51687204208935
cell 115.21857455103861 70.93366439745131 0.0 1.0 1.0 1 0 0 0.0 1.0 0
cell 100.1243603027755 12.082116679115297 0.0 1.0 1.0 1 0 0 0.0 1.0 0
cell 172.2363222085199 149.77332775518005 0.0 2.23606797749979 0.4472135954999579 1 0 0 0.930565962102144 -0.3661242824191139 3.891274027463683
cell 143.71592809932588 9.157885065811985 0.0 1.0 1.0 1 0 0 0.0 1.0 0
cell 120.17191341339971 62.39544645616756 0.0 1.0 1.0 1 0 0 0.0 1.0 0
cell 144.00525381124453 75.49021235496959 0.0 1.0 1.0 1 0 0 0.0 1.0 0
cell 175.76343443292996 65.20337130152333 0.0 2.23606797749979 0.4472135954999579 1 0 0 0.9540803603660709 -0.2995507735989814 3.750036196867824
cell 112.15835243487727 71.41279659050348 0.0 1.0 1.0 1 0 0 0.0 1.0 0
cell 90.52735635251527 68.22129930112658 0.0 2.23606797749979 0.4472135954999579 1 0 0 0.3146175712177169 0.9492185121883501 0.6401074781974395
cell 56.43563507444825 180.2589780627851 0.0 1.0 1.0 1 0 0 0.0 1.0 0
cell 38.22862411053823 148.94631778230715 0.0 2.23606797749979 0.4472135954999579 1 0 0 0.9814653633597616 0.19163961105442454 2.755927754635425
cell 64.58033930202568 186.45253924873268 0.0 2.23606797749979 0.4472135954999579 1 0 0 0.5387300889928677 0.8424784218089724 1.1378580605853696
cell 131.4552690412904 183.6631233022354 0.0 2.23606797749979 0.4472135954999579 1 0 0 0.9999913603503295 -0.004156828682709674 3.1499063348976577
cell 57.67131609168567 78.97824090418024 0.0 1.0 1.0 1 0 0 0.0 1.0 0
cell 133.05537952418513 178.01294477611813 0.0 2.23606797749979 0.4472135954999579 1 0 0 0.9783639160862134 0.20689139107379212 2.724799589963859
cell 92.55358927465046 72.51275190865657 0.0 2.23606797749979 0.4472135954999579 1 0 0 -0.2721813709904283 -0.9622459671444566 0.5513185296749885
cell 145.571199979422 98.00580377411096 0.0 2.23606797749979 0.4472135954999579 1 0 0 0.358335489095441 0.9335928862489962 0.7329687466049518
cell 85.77930518903825 58.43652297343856 0.0 1.0 1.0 1 0 0 0.0 1.0 0
cell 137.6839539237145 28.087083289491968 0.0 1.0 1.0 1 0 0 0.0 1.0 0
cell 104.948995539676 36.85090945639537 0.0 1.0 1.0 1 0 0 0.0 1.0 0
cell 30.37860757905904 172.49818793650226 0.0 2.23606797749979 0.4472135954999579 1 0 0 0.9666087769276409 -0.2562566533115776 3.659887740891785
cell 100.00288950059979 70.88906687731908 0.0 2.23606797749979 0.4472135954999579 1 0 0 0.2526207198790626 0.9675653837791967 0.510775745510515
cell 167.83486330395692 18.07285462145412 0.0 2.23606797749979 0.4472135954999579 1 0 0 0.0785683136875383 0.9969087320734514 0.15729874499115448
cell 65.32465110038706 152.5167569379456 0.0 2.23606797749979 0.4472135954999579 1 0 0 0.4777920784529802 -0.8784729533500626 5.286906054424604
cell 79.63122539911043 81.21958725729293 0.0 1.0 1.0 1 0 0 0.0 1.0 0
cell 142.49232129453247 29.810341490150392 0.0 1.0 1.0 1 0 0 0.0 1.0 0
cell 117.39970104000555 186.7341340806468 0.0 1.0 1.0 1 0 0 0.0 1.0 0
cell 65.20956857006753 145.76679227464885 0.0 2.23606797749979 0.4472135954999579 1 0 0 0.07515323880977902 0.9971719965464335 0.15044832717221013
cell 53.75217863057542 81.51639219241116 0.0 2.23606797749979 0.4472135954999579 1 0 0 0.9998222503208751 0.01885385274423759 3.103882713764939
cell 143.94582977280115 106.58700120078565 0.0 2.23606797749979 0.4472135954999579 1 0 0 -0.29683919460504027 -0.9549274802550354 0.6027618962724137
cell 80.16549672743113 70.65993481494667 0.0 2.23606797749979 0.4472135954999579 1 0 0 -0.3787392945619196 -0.9255034018061411 0.7768674654002465
cell 36.04759918378507 33.847871296835024 0.0 1.0 1.0 1 0 0 0.0 1.0 0
cell 59.530322380161934 86.65878567851878 0.0 1.0 1.0 1 0 0 0.0 1.0 0
cell 135.66914065106977 142.71060589816966 0.0 1.0 1.0 1 0 0 0.0 1.0 0
cell 106.83572209781858 184.18479332071155 0.0 1.0 1.0 1 0 0 0.0 1.0 0
cell 135.2120664824832 68.91482732017036 0.0 1.0 1.0 1 0 0 0.0 1.0 0
cell 106.27549392954032 68.25777837468517 0.0 1.0 1.0 1 0 0 0.0 1.0 0
cell 122.31518492220016 175.03335527067063 0.0 2.23606797749979 0.4472135954999579 1 0 0 0.9880966741709418 0.15383420455907612 2.832697643117826
cell 104.73700168207438 44.29374771790851 0.0 1.0 1.0 1 0 0 0.0 1.0 0
cell 178.03871135814296 58.645888294999494 0.0 2.23606797749979 0.4472135954999579 1 0 0 0.011946662865304644 -0.9999286360767866 6.259291413058931
cell 98.17586033724588 11.549844347105289 0.0 1.0 1.0 1 0 0 0.0 1.0 0
cell 129.05833517577776 88.26081445440657 0.0 2.23606797749979 0.4472135954999579 1 0 0 0.3085053715436073 0.9512226005140652 0.627242720518534
cell 180.039432196984 111.55694360328488 0.0 2.23606797749979 0.4472135954999579 1 0 0 0.9429218625493518 -0.33301405544880736 3.820589222354285
cell 126.73306500631983 77.14850100826409 0.0 1.0 1.0 1 0 0 0.0 1.0 0
cell 185.39025423002832 32.23433568670837 0.0 2.23606797749979 0.4472135954999579 1 0 0 0.9395088525260058 0.34252462104973974 2.4423871398579684
cell 17.626309355286008 133.906824911255 0.0 1.0 1.0 1 0 0 0.0 1.0 0
cell 56.81725444046932 25.22813399211251 0.0 2.23606797749979 0.4472135954999579 1 0 0 0.8482533510345491 0.5295906461208109 2.0253568372899577
cell 45.63629983830669 3.1660919167125154 0.0 1.0 1.0 1 0 0 0.0 1.0 0
cell 147.92531863881462 1.8487645209375594 0.0 1.0 1.0 1 0 0 0.0 1.0 0
cell 136.3147011420647 43.36009291124085 0.0 1.0 1.0 1 0 0 0.0 1.0 0
cell 41.334137461142404 8.121299344917388 0.0 1.0 1.0 1 0 0 0.0 1.0 0
cell 91.49854715089099 180.5433250259241 0.0 2.23606797749979 0.4472135954999579 1 0 0 0.9434560679728803 0.3314975834077105 2.465811711322788
cell 48.380606449702995 133.27052922790918 0.0 2.23606797749979 0.4472135954999579 1 0 0 0.7959099135552616 0.6054150720823326 1.841018112765965
cell 182.82141137218144 48.83678352607818 0.0 2.23606797749979 0.4472135954999579 1 0 0 0.4334864582474802 -0.9011600804052827 5.3864692095654245
cell 151.8329353906301 173.85020004281398 0.0 1.0 1.0 1 0 0 0.0 1.0 0
cell 139.35854539615437 123.38363963344489 0.0 1.0 1.0 1 0 0 0.0 1.0 0
cell 62.46897984192637 60.044173062873355 0.0 2.23606797749979 0.4472135954999579 1 0 0 -0.2473321285378294 -0.9689307602677019 0.4998517305892891
cell 16.98094740601752 153.9880645241708 0.0 2.23606797749979 0.4472135954999579 1 0 0 0.9964171126893551 -0.08457504087973698 3.310945040540834
cell 138.55906866244615 22.63377064917778 0.0 1.0 1.0 1 0 0 0.0 1.0 0
cell 45.74956098283148 127.22842286848243 0.0 2.23606797749979 0.4472135954999579 1 0 0 0.8449400150583641 0.5348610763115702 2.0129060132443026
cell 123.43682942244318 75.24622370532194 0.0 1.0 1.0 1 0 0 0.0 1.0 0
cell 10.295370826254102 145.79592166265826 0.0 2.23606797749979 0.4472135954999579 1 0 0 0.9858610245497826 0.16756503296825648 2.8048741351155324
cell 126.612448219124 51.328741025405286 0.0 1.0 1.0 1 0 0 0.0 1.0 0
cell 162.79698687936414 38.30801739964149 0.0 1.0 1.0 1 0 0 0.0 1.0 0
cell 149.9702143997104 1.3570867888198668 0.0 1.0 1.0 1 0 0 0.0 1.0 0
cell 164.12358752383523 135.59132802408348 0.0 2.23606797749979 0.4472135954999579 1 0 0 0.2065647853514875 0.9784329253723496 0.41612543025214305
cell 149.72630990098537 123.28516207684916 0.0 1.0 1.0 1 0 0 0.0 1.0 0
cell 35.63837854422785 40.08991258732315 0.0 2.23606797749979 0.4472135954999579 1 0 0 0.9838045658295581 0.17924445947619902 2.781155815250259
cell 135.15007952914624 121.45105710336276 0.0 1.0 1.0 1 0 0 0.0 1.0 0
cell 26.49677389185719 1.480195072997687 0.0 2.23606797749979 0.4472135954999579 1 0 0 0.9996030094986725 0.028174871804442923 3.0852354520256107
cell 11.156297049144987 106.36967072558512 0.0 2.23606797749979 0.4472135954999579 1 0 0 -0.3441806456556228 -0.9389034471957586 0.7027319475761713
cell 161.249431364616 163.00448627051176 0.0 1.0 1.0 1 0 0 0.0 1.0 0
cell 89.63534536712399 122.99846043112727 0.0 1.0 1.0 1 0 0 0.0 1.0 0
cell 84.78611005319466 164.21260526818648 0.0 1.0 1.0 1 0 0 0.0 1.0 0
cell 153.89590173222302 0.8158775397423431 0.0 1.0 1.0 1 0 0 0.0 1.0 0
cell 187.26888713787255 132.9751555241748 0.0 2.23606797749979 0.4472135954999579 1 0 0 0.9364919161730961 -0.3506891657043922 3.8582064610576143
cell 84.67807052846982 110.33122604846011 0.0 1.0 1.0 1 0 0 0.0 1.0 0
cell 103.01144986289981 41.69916353597569 0.0 1.0 1.0 1 0 0 0.0 1.0 0
cell 164.58051922893935 117.29753216111102 0.0 2.23606797749979 0.4472135954999579 1 0 0 0.3790654010445884 0.9253698837388784 0.7775722278101663
cell 105.97226639014589 117.73336853241769 0.0 1.0 1.0 1 0 0 0.0 1.0 0
cell 73.78001368783744 30.305828083740085 0.0 1.0 1.0 1 0 0 0.0 1.0 0
cell 57.98520748811827 6.787158972903639 0.0 1.0 1.0 1 0 0 0.0 1.0 0
cell 11.941074814434787 22.801946138142878 0.0 1.0 1.0 1 0 0 0.0 1.0 0
cell 84.87377405906987 39.63085967842032 0.0 1.0 1.0 1 0 0 0.0 1.0 0
cell 127.01410343289709 155.99406668411547 0.0 1.0 1.0 1 0 0 0.0 1.0 0
cell 85.77469797767222 2.252938509685902 0.0 2.23606797749979 0.4472135954999579 1 0 0 0.9213460531088908 0.388743424922749 2.3430579483665794
cell 90.34873095223236 155.34192052284678 0.0 2.23606797749979 0.4472135954999579 1 0 0 0.9780712398818159 -0.20827061654503115 3.561205591390548
cell 102.3177197582109 50.34720279609069 0.0 1.0 1.0 1 0 0 0.0 1.0 0
cell 44.26884796919701 34.94975652209148 0.0 2.23606797749979 0.4472135954999579 1 0 0 0.974554246800027 0.22415177903383254 2.6894474920032785
cell 77.35749090962442 95.59176173068217 0.0 1.0 1.0 1 0 0 0.0 1.0 0
cell 62.358301660090305 120.96308751489995 0.0 2.23606797749979 0.4472135954999579 1 0 0 0.8648386851388096 -0.5020498468154083 4.1935273666934245
cell 126.43696036240382 32.56886713773044 0.0 1.0 1.0 1 0 0 0.0 1.0 0
cell 37.17729146052072 2.952973135742561 0.0 1.0 1.0 1 0 0 0.0 1.0 0
cell 27.963707645421938 48.61150183651355 0.0 1.0 1.0 1 0 0 0.0 1.0 0
cell 129.86312307351915 111.35294551411816 0.0 1.0 1.0 1 0 0 0.0 1.0 0
cell 23.075243611930517 136.85805259831386 0.0 1.0 1.0 1 0 0 0.0 1.0 0
cell 87.62642315119777 96.83342202433293 0.0 1.0 1.0 1 0 0 0.0 1.0 0
cell 123.10225768383492 128.43083405690166 0.0 1.0 1.0 1 0 0 0.0 1.0 0
cell 83.26379441441054 187.51290683414243 0.0 2.23606797749979 0.4472135954999579 1 0 0 0.9139130809197501 0.4059099413955888 2.305644123724281
cell 24.162442294226906 126.23393667816451 0.0 1.0 1.0 1 0 0 0.0 1.0 0
cell 84.24230403814674 43.090985117668765 0.0 1.0 1.0 1 0 0 0.0 1.0 0
cell 51.4257545314222 97.03138514936722 0.0 2.23606797749979 0.4472135954999579 1 0 0 0.9099392628849088 -0.41474153139090003 3.9969101219546173
cell 4.165175967596741 147.5401742375516 0.0 2.23606797749979 0.4472135954999579 1 0 0 -0.9376753851239997 0.347512405724686 3.8514263685117243
cell 42.355018135374884 9.4090258071484 0.0 1.0 1.0 1 0 0 0.0 1.0 0
cell 180.3044734664799 104.99342806727195 0.0 2.23606797749979 0.4472135954999579 1 0 0 0.163053045921868 0.9866173038294034 0.32756865028700904
cell 108.72231091829869 97.26417280584631 0.0 1.0 1.0 1 0 0 0.0 1.0 0
cell 152.44205558582942 100.01840686730374 0.0 1.0 1.0 1 0 0 0.0 1.0 0
cell 172.3127744535927 33.743957162752636 0.0 2.23606797749979 0.4472135954999579 1 0 0 -0.18691756780667076 0.9823756017151681 5.907138364529127
cell 9.663721581821626 104.14436278918446 0.0 2.23606797749979 0.4472135954999579 1 0 0 0.3256598099068986 0.9454870111278116 0.6634189923921894
cell 25.195766409342667 64.35087000778341 0.0 1.0 1.0 1 0 0 0.0 1.0 0
cell 37.628374473472725 114.37556295339836 0.0 2.23606797749979 0.4472135954999579 1 0 0 0.8192621394583279 0.5734191720287727 1.9202461199680634
cell 110.21640103561528 155.89305565402236 0.0 1.0 1.0 1 0 0 0.0 1.0 0
cell 83.14896361883697 60.965443744614156 0.0 1.0 1.0 1 0 0 0.0 1.0 0
cell 111.84661706112153 154.69588132116297 0.0 1.0 1.0 1 0 0 0.0 1.0 0
cell 20.61115821775546 150.21414374423682 0.0 2.23606797749979 0.4472135954999579 1 0 0 0.9956084759397436 -0.09361497015403623 3.3290971511776317
cell 21.163493253905546 52.186743459196485 0.0 2.23606797749979 0.4472135954999579 1 0 0 0.908084823627879 0.4187862857075477 2.277375968381498
cell 87.03270114485065 29.351304378115344 0.0 1.0 1.0 1 0 0 0.0 1.0 0
cell 62.491096994193754 41.784372526638286 0.0 1.0 1.0 1 0 0 0.0 1.0 0
cell 92.58536606652177 90.94933154426077 0.0 1.0 1.0 1 0 0 0.0 1.0 0
cell 86.3922739496794 91.92598598302236 0.0 1.0 1.0 1 0 0 0.0 1.0 0
cell 134.4022824426154 95.85109234320277 0.0 2.23606797749979 0.4472135954999579 1 0 0 -0.25896847266836887 -0.9658857749049896 0.5239081796115217
cell 101.25011911199772 71.02774918681583 0.0 2.23606797749979 0.4472135954999579 1 0 0 0.26699972061354865 0.9636966064028071 0.5405567594215718
cell 87.71604606129321 104.3025941148584 0.0 1.0 1.0 1 0 0 0.0 1.0 0
cell 164.912903580156 148.77671080808236 0.0 2.23606797749979 0.4472135954999579 1 0 0 0.8016351820779388 -0.5978135452253235 4.423134318259156
cell 93.80846712245645 174.87972105643343 0.0 2.23606797749979 0.4472135954999579 1 0 0 0.949677354457862 0.31322982365974716 2.5044084474585735
cell 117.89217717696344 154.46174978770216 0.0 2.23606797749979 0.4472135954999579 1 0 0 -0.4457777903230128 0.8951436542001133 5.359099361105294
cell 7.701877990040189 108.9197799629817 0.0 2.23606797749979 0.4472135954999579 1 0 0 0.9995999076301635 -0.028284707277408196 3.198169613682565
cell 97.46963732003923 64.31680759862209 0.0 1.0 1.0 1 0 0 0.0 1.0 0
cell 57.371601090124024 19.073416814037643 0.0 2.23606797749979 0.4472135954999579 1 0 0 0.8290027669612867 0.5592445014218115 1.9546442828713122
cell 24.359150854129233 55.41963119802134 0.0 2.23606797749979 0.4472135954999579 1 0 0 0.9408552710744048 0.3388087349693159 2.4502917391783474
cell 102.78099161904791 34.55447643795483 0.0 1.0 1.0 1 0 0 0.0 1.0 0
cell 1.3302932045896698 18.655948869277 0.0 2.23606797749979 0.4472135954999579 1 0 0 -0.1791602256160104 0.983819909107973 5.922919708548055
cell 41.19680334318966 20.085496358904795 0.0 1.0 1.0 1 0 0 0.0 1.0 0
cell 89.59214278638962 179.0751213227231 0.0 2.23606797749979 0.4472135954999579 1 0 0 0.9450163225604569 0.3270231644613428 2.4752890234531417
cell 135.04262721196423 152.54713053260818 0.0 1.0 1.0 1 0 0 0.0 1.0 0
cell 134.94147215887935 120.04886296420689 0.0 1.0 1.0 1 0 0 0.0 1.0 0
cell 182.702128458674 28.412896695150536 0.0 2.23606797749979 0.4472135954999579 1 0 0 -0.3319145918645305 0.9433094421807735 5.606520294374328
cell 32.74841760683465 1.9208802450047646 0.0 1.0 1.0 1 0 0 0.0 1.0 0
cell 148.47710291445367 43.52820083415196 0.0 1.0 1.0 1 0 0 0.0 1.0 0
cell 165.23287554152787 145.35920773804747 0.0 2.23606797749979 0.4472135954999579 1 0 0 0.4825851443243552 0.8758490614697496 1.0072078141132452
cell 34.22814517951648 132.07693868851555 0.0 2.23606797749979 0.4472135954999579 1 0 0 0.8588351233322999 0.5122521165703399 2.0659825778580014
cell 184.12651742837045 67.22861735913008 0.0 2.23606797749979 0.4472135954999579 1 0 0 0.9967889602702328 -0.08007352048828746 3.301911327872216
cell 20.08739893188707 3.6089713933354624 0.0 2.23606797749979 0.4472135954999579 1 0 0 0.015233579375371429 0.9998839622973329 0.030468337251812673
cell 170.22608843551575 90.11751526752977 0.0 2.23606797749979 0.4472135954999579 1 0 0 0.4808358067576231 0.8768106562649348 1.0032153974036528
cell 56.516678046275665 56.52985294901949 0.0 2.23606797749979 0.4472135954999579 1 0 0 -0.02093119326651283 -0.9997809185758848 0.04186544389137126
cell 96.10492868026708 75.19698619633569 0.0 2.23606797749979 0.4472135954999579 1 0 0 -0.22369624433161084 -0.9746589097073561 0.45121035424149447
cell 79.00232526667702 31.641937427091708 0.0 1.0 1.0 1 0 0 0.0 1.0 0
cell 171.0540690622978 115.64397567106242 0.0 2.23606797749979 0.4472135954999579 1 0 0 -0.28375516107049886 -0.9588967663757425 0.575415958486297
cell 155.43670961937505 4.702787842153557 0.0 1.0 1.0 1 0 0 0.0 1.0 0
cell 138.49900968984736 64.6061980816223 0.0 1.0 1.0 1 0 0 0.0 1.0 0
cell 150.10570514838068 150.54250893351963 0.0 1.0 1.0 1 0 0 0.0 1.0 0
cell 127.28955019622381 101.917202433893 0.0 1.0 1.0 1 0 0 0.0 1.0 0
cell 92.27704226584622 77.48390447348511 0.0 2.23606797749979 0.4472135954999579 1 0 0 -0.19834379458976972 -0.9801325110145725 0.3993357078795734
cell 104.04337088595649 12.959001284568938 0.0 1.0 1.0 1 0 0 0.0 1.0 0
cell 105.9268073288681 150.00641667905361 0.0 1.0 1.0 1 0 0 0.0 1.0 0
cell 6.971281684411822 142.57730389899424 0.0 1.0 1.0 1 0 0 0.0 1.0 0
cell 73.39593456079476 53.39263564849022 0.0 1.0 1.0 1 0 0 0.0 1.0 0
cell 17.037403055080084 103.8053198623612 0.0 2.23606797749979 0.4472135954999579 1 0 0 -0.6250082202285668 -0.7806181682786529 1.350284126603234
cell 138.77577196177927 80.75355427229644 0.0 1.0 1.0 1 0 0 0.0 1.0 0
cell 49.79254981171065 38.537498134116355 0.0 2.23606797749979 0.4472135954999579 1 0 0 0.9750047809446688 0.2221838813573982 2.6934851168816523
cell 112.5298823810095 100.7330218866089 0.0 1.0 1.0 1 0 0 0.0 1.0 0
cell 142.55947785977753 181.50238865412453 0.0 2.23606797749979 0.4472135954999579 1 0 0 0.9927914641273945 0.11985453164475834 2.901305940559115
cell 116.26421215385153 83.65390361251879 0.0 2.23606797749979 0.4472135954999579 1 0 0 0.21160083324372697 0.9773561722169459 0.42642518449099853
cell 162.8805813204615 79.16499523908277 0.0 2.23606797749979 0.4472135954999579 1 0 0 0.9995829593759367 0.028877453579645367 3.0838297163767683
cell 164.4553259841566 17.331654458632787 0.0 2.23606797749979 0.4472135954999579 1 0 0 0.712459658834294 0.7017130713715696 1.5859944428044181
cell 116.87325949641725 73.70353760975127 0.0 1.0 1.0 1 0 0 0.0 1.0 0
cell 157.28931256042702 152.6826330803477 0.0 2.23606797749979 0.4472135954999579 1 0 0 0.7007486429608403 0.7134082557614123 1.5528926915608101
cell 158.01912246596552 107.77945997054046 0.0 1.0 1.0 1 0 0 0.0 1.0 0
cell 69.64043297229111 184.81969764875498 0.0 1.0 1.0 1 0 0 0.0 1.0 0
cell 90.678026620492 70.03905543023649 0.0 2.23606797749979 0.4472135954999579 1 0 0 -0.3032524086509241 -0.9529102668391253 0.6162078822320138
cell 105.62217148109768 98.4707689140883 0.0 1.0 1.0 1 0 0 0.0 1.0 0
cell 112.58582661409395 47.930214093679304 0.0 1.0 1.0 1 0 0 0.0 1.0 0
cell 77.37835204331516 62.50397202756977 0.0 2.23606797749979 0.4472135954999579 1 0 0 -0.43268633159355646 -0.9015445293783946 0.894940706133962
cell 16.082143873535642 93.10394668602234 0.0 2.23606797749979 0.4472135954999579 1 0 0 0.9243791158317659 0.3814750977640385 2.3588095666698314
cell 145.85426900505576 154.16929858413366 0.0 2.23606797749979 0.4472135954999579 1 0 0 0.39393344234123673 0.9191389682769323 0.8098143485810159
cell 77.77028391998648 16.57258248976029 0.0 1.0 1.0 1 0 0 0.0 1.0 0
cell 129.10995231210694 97.41235402395517 0.0 2.23606797749979 0.4472135954999579 1 0 0 -0.23282417928449373 -0.9725188437971276 0.4699613246127292
cell 121.54307142194436 129.6451391677021 0.0 1.0 1.0 1 0 0 0.0 1.0 0
cell 6.522285368729242 133.68695616468716 0.0 2.23606797749979 0.4472135954999579 1 0 0 0.3478561308356788 0.9375479253030381 0.7105669078280387
cell 131.85411669402035 172.8683919761197 0.0 1.0 1.0 1 0 0 0.0 1.0 0
cell 35.164654884124815 23.347189646691888 0.0 1.0 1.0 1 0 0 0.0 1.0 0
cell 119.25106828427673 14.706612039389798 0.0 1.0 1.0 1 0 0 0.0 1.0 0
cell 63.09702990659614 4.195879534019239 0.0 1.0 1.0 1 0 0 0.0 1.0 0
cell 30.583591699892498 149.2047976620842 0.0 2.23606797749979 0.4472135954999579 1 0 0 0.9976881201445098 0.06795892084571561 3.005569973035276
cell 186.20366820539166 22.34023224671072 0.0 2.23606797749979 0.4472135954999579 1 0 0 0.19676357864633626 -0.9804509646679364 5.887073569349442
cell 136.06377816718546 176.0016097670778 0.0 2.23606797749979 0.4472135954999579 1 0 0 0.9422515494472785 0.3349059831716998 2.4585817547362314
cell 16.11869224424748 175.40465330550893 0.0 2.23606797749979 0.4472135954999579 1 0 0 0.18164077941873458 0.9833649512018183 0.36530946113383084
cell 152.67929938678094 88.16208515970563 0.0 1.0 1.0 1 0 0 0.0 1.0 0
cell 110.05385039423471 15.568245319307602 0.0 1.0 1.0 1 0 0 0.0 1.0 0
cell 120.33833076988046 177.36432333480974 0.0 1.0 1.0 1 0 0 0.0 1.0 0
cell 93.06476299523769 123.33518128128472 0.0 1.0 1.0 1 0 0 0.0 1.0 0
cell 12.133937870126891 132.362116036653 0.0 2.23606797749979 0.4472135954999579 1 0 0 0.6542961445327521 -0.7562384248698131 4.8566822810270205
cell 12.84390852950849 32.76782304346524 0.0 2.23606797749979 0.4472135954999579 1 0 0 -0.36108465009096335 0.9325330425613274 5.544323798539119
cell 122.37659616895117 47.475557972428035 0.0 2.23606797749979 0.4472135954999579 1 0 0 0.8962000762778356 -0.4436501135800618 4.060927583527532
cell 181.38617308708368 82.22060228488691 0.0 2.23606797749979 0.4472135954999579 1 0 0 0.9942664479516109 -0.10693096126794413 3.355864245311679
cell 88.71522632795116 177.48119933838484 0.0 2.23606797749979 0.4472135954999579 1 0 0 0.9353270980846585 0.3537841426470831 2.418365014125098
cell 142.28595138564918 144.45870029330533 0.0 2.23606797749979 0.4472135954999579 1 0 0 0.8528520885417177 0.5221525783427965 2.042846688779493
cell 15.235464408897982 88.96314748186951 0.0 2.23606797749979 0.4472135954999579 1 0 0 0.7746408598575891 0.6324014059433257 1.7722939965631899
cell 48.53751022090022 82.13849501951074 0.0 2.23606797749979 0.4472135954999579 1 0 0 -0.32489269732400383 -0.9457508843376956 0.6617965364490956
cell 104.42859779853796 46.24418421710839 0.0 1.0 1.0 1 0 0 0.0 1.0 0
cell 31.130894463919294 139.18402528115624 0.0 2.23606797749979 0.4472135954999579 1 0 0 -0.8994836730906371 -0.43695437043629154 2.2371728491333247
cell 181.54914339998837 176.82523376076517 0.0 2.23606797749979 0.4472135954999579 1 0 0 0.9981990475052652 -0.059988845292948116 3.2616424208080566
cell 149.90652724397953 173.38737692376944 0.0 1.0 1.0 1 0 0 0.0 1.0 0
cell 180.94222092759057 74.28377698242438 0.0 2.23606797749979 0.4472135954999579 1 0 0 0.9997402710060012 0.022790141044921653 3.0960084249163256
cell 154.8305839298437 29.767503426704284 0.0 2.23606797749979 0.4472135954999579 1 0 0 0.12408374577351904 -0.9922717490863139 6.034376532580953
cell 85.6540279237538 126.44826861545214 0.0 1.0 1.0 1 0 0 0.0 1.0 0
cell 153.59645886080187 50.57423238402667 0.0 1.0 1.0 1 0 0 0.0 1.0 0
cell 72.50347876524266 10.964451911682533 0.0 2.23606797749979 0.4472135954999579 1 0 0 -0.8958538366456021 -0.4443488532306061 2.2206980839334154
cell 143.56111488435454 73.79054577985808 0.0 1.0 1.0 1 0 0 0.0 1.0 0
cell 37.74356554719736 4.771468626399551 0.0 1.0 1.0 1 0 0 0.0 1.0 0
cell 109.21807100522277 47.9693692326072 0.0 1.0 1.0 1 0 0 0.0 1.0 0
cell 69.5461130547408 181.16954452240296 0.0 1.0 1.0 1 0 0 0.0 1.0 0
cell 78.29452077011564 110.7648163062136 0.0 1.0 1.0 1 0 0 0.0 1.0 0
cell 16.478923256991564 79.63723978481536 0.0 2.23606797749979 0.4472135954999579 1 0 0 0.6014588447890903 -0.7989037852113189 4.992533478158573
cell 160.04175272266374 99.62243777733376 0.0 1.0 1.0 1 0 0 0.0 1.0 0
cell 81.26608487927597 51.07344129492883 0.0 1.0 1.0 1 0 0 0.0 1.0 0
cell 142.99405057693278 92.85202575933361 0.0 1.0 1.0 1 0 0 0.0 1.0 0
cell 32.968403915543924 42.59571387305369 0.0 2.23606797749979 0.4472135954999579 1 0 0 0.9830535988534327 0.1833183618225798 2.772870730756365
cell 160.9319693145558 74.45167162802555 0.0 2.23606797749979 0.4472135954999579 1 0 0 0.990860314918897 0.13489194312050015 2.870983837466194
cell 129.09870548786557 15.383358140963834 0.0 1.0 1.0 1 0 0 0.0 1.0 0
cell 83.29563545275651 1.485694758014462 0.0 2.23606797749979 0.4472135954999579 1 0 0 0.9142336109070154 0.4051874932520992 2.3072248461227884
cell 34.67900816838601 9.00497674281246 0.0 2.23606797749979 0.4472135954999579 1 0 0 0.36979658016285066 0.9291127430510575 0.7575801425381666
cell 26.020352268649063 185.32010076695724 0.0 2.23606797749979 0.4472135954999579 1 0 0 0.2401437839959148 -0.9707373295635249 5.79815737385991
cell 157.98218622564116 105.92445429680494 0.0 1.0 1.0 1 0 0 0.0 1.0 0
cell 99.63140882341352 133.0582156503978 0.0 2.23606797749979 0.4472135954999579 1 0 0 0.8265420009710502 -0.5628750488614435 4.337312859875883
cell 120.24006744875828 11.079761947940336 0.0 1.0 1.0 1 0 0 0.0 1.0 0
cell 82.1238744751906 145.39896148297774 0.0 2.23606797749979 0.4472135954999579 1 0 0 0.1917427454222075 -0.981445219855879 5.897310242018831
cell 25.611235794010973 20.671478166689106 0.0 1.0 1.0 1 0 0 0.0 1.0 0
cell 133.44513660547216 131.60383913065107 0.0 1.0 1.0 1 0 0 0.0 1.0 0
cell 153.28190481966752 138.18954023479037 0.0 1.0 1.0 1 0 0 0.0 1.0 0
cell 95.09952801710145 62.28586269600265 0.0 1.0 1.0 1 0 0 0.0 1.0 0
cell 116.17275697788814 134.8473574525138 0.0 1.0 1.0 1 0 0 0.0 1.0 0
cell 156.31628074724628 111.3593346778757 0.0 2.23606797749979 0.4472135954999579 1 0 0 -0.44316741316289326 -0.8964388679159943 0.9182578577095226
cell 86.79214280451 48.8129134148522 0.0 1.0 1.0 1 0 0 0.0 1.0 0
cell 165.93613565900966 80.60442282424944 0.0 2.23606797749979 0.4472135954999579 1 0 0 0.9925836575583903 -0.12156349266127679 3.3853224652586618
cell 169.51552184958155 128.74413080609364 0.0 2.23606797749979 0.4472135954999579 1 0 0 0.7733401514600817 -0.6339913328585004 4.514999697849739
cell 86.57032697396674 100.97121614018488 0.0 1.0 1.0 1 0 0 0.0 1.0 0
cell 175.80899498590438 34.127586329125656 0.0 2.23606797749979 0.4472135954999579 1 0 0 -0.25833081303961974 0.9660565154452865 5.7605973732271165
cell 114.79750806865736 173.9677347804536 0.0 2.23606797749979 0.4472135954999579 1 0 0 0.9818953634689374 0.1894241146163903 2.7604414346075385
cell 122.52692093764917 9.82828013272234 0.0 1.0 1.0 1 0 0 0.0 1.0 0
cell 114.31345155377704 117.98709450208129 0.0 2.23606797749979 0.4472135954999579 1 0 0 0.2997857154587244 -0.9540065643416196 5.6742492457557345
cell 101.58827805231932 51.62128704829905 0.0 1.0 1.0 1 0 0 0.0 1.0 0
cell 27.290566265232393 110.9699592648794 0.0 2.23606797749979 0.4472135954999579 1 0 0 0.45632298907328983 0.8898142107447027 0.9477169264490621
cell 15.859424811394923 36.379880460697656 0.0 1.0 1.0 1 0 0 0.0 1.0 0
cell 57.89904613105057 3.801708821423848 0.0 1.0 1.0 1 0 0 0.0 1.0 0
cell 60.85110515433707 102.15286317553563 0.0 1.0 1.0 1 0 0 0.0 1.0 0
cell 96.88789507478707 12.202834825986598 0.0 1.0 1.0 1 0 0 0.0 1.0 0
cell 98.4925178980745 180.5021708529728 0.0 2.23606797749979 0.4472135954999579 1 0 0 0.9691559804541157 0.2464481396765285 2.6435653796286323
cell 11.046762329737929 51.372602292683126 0.0 1.0 1.0 1 0 0 0.0 1.0 0
cell 118.35941939646058 13.499750666760674 0.0 1.0 1.0 1 0 0 0.0 1.0 0
cell 60.49767741295022 186.52109015849877 0.0 1.0 1.0 1 0 0 0.0 1.0 0
cell 101.77006768806925 6.270490023890916 0.0 1.0 1.0 1 0 0 0.0 1.0 0
cell 35.38966050011254 122.55894523885158 0.0 2.23606797749979 0.4472135954999579 1 0 0 0.6457065654775598 0.7635856411033236 1.403896494793604
cell 31.25244600727878 26.611221359328567 0.0 1.0 1.0 1 0 0 0.0 1.0 0
cell 126.87619600398092 35.96906989542585 0.0 1.0 1.0 1 0 0 0.0 1.0 0
cell 83.12001978088179 103.89477905936216 0.0 2.23606797749979 0.4472135954999579 1 0 0 0.531774924174411 -0.8468857242977351 5.161795278162971
cell 27.79169510142934 33.10977312122484 0.0 1.0 1.0 1 0 0 0.0 1.0 0
cell 182.68584580039428 135.76145166174254 0.0 2.23606797749979 0.4472135954999579 1 0 0 -0.39669813308614166 -0.9179491223406501 0.8158340678788649
cell 172.403251512637 42.53522978949964 0.0 2.23606797749979 0.4472135954999579 1 0 0 0.32821790802028095 -0.9446020351739617 5.614352608895722
cell 91.4456465184736 122.20661694200314 0.0 1.0 1.0 1 0 0 0.0 1.0 0
cell 30.4672506039823 57.28300374058331 0.0 2.23606797749979 0.4472135954999579 1 0 0 0.9929625964767466 0.1184283834144409 2.9041786991013945
cell 57.07860393452158 23.85239850386587 0.0 2.23606797749979 0.4472135954999579 1 0 0 0.8435607293271413 0.5370337940363357 2.0077589227670107
cell 23.323824489213912 33.263096851584045 0.0 1.0 1.0 1 0 0 0.0 1.0 0
cell 159.29719659745987 163.16339459343428 0.0 1.0 1.0 1 0 0 0.0 1.0 0
cell 179.54075229030246 72.03868984091204 0.0 2.23606797749979 0.4472135954999579 1 0 0 0.9997757898214173 -0.021174751166450016 3.1839453212697366
cell 115.43149474299533 66.05801548172815 0.0 1.0 1.0 1 0 0 0.0 1.0 0
cell 69.70266961411264 75.46713152946829 0.0 1.0 1.0 1 0 0 0.0 1.0 0
cell 84.20924500423428 87.19000982775938 0.0 1.0 1.0 1 0 0 0.0 1.0 0
cell 69.1845715504775 70.77452893390728 0.0 1.0 1.0 1 0 0 0.0 1.0 0
cell 185.37308762917135 101.93321910932386 0.0 2.23606797749979 0.4472135954999579 1 0 0 -0.11591063651371991 -0.9932596459853709 0.23234353387106577
cell 110.69256182867974 65.45330324099788 0.0 1.0 1.0 1 0 0 0.0 1.0 0
cell 24.21988818582444 20.899327014352988 0.0 1.0 1.0 1 0 0 0.0 1.0 0
cell 98.16124017561526 186.29705540312307 0.0 1.0 1.0 1 0 0 0.0 1.0 0
cell 85.00397741921 117.32650213867468 0.0 1.0 1.0 1 0 0 0.0 1.0 0
cell 36.32107858348249 29.828951061874527 0.0 1.0 1.0 1 0 0 0.0 1.0 0
cell 33.35835351706354 148.11165642357355 0.0 2.23606797749979 0.4472135954999579 1 0 0 0.9896829434992805 0.14327481057952848 2.8540534980468903
cell 42.77143253228604 187.62712666908934 0.0 2.23606797749979 0.4472135954999579 1 0 0 0.9148682986803717 0.40375239450643785 2.3103632135230177
cell 128.99605449741026 78.88362457056185 0.0 1.0 1.0 1 0 0 0.0 1.0 0
cell 109.06586454980103 53.611216315337366 0.0 1.0 1.0 1 0 0 0.0 1.0 0
cell 30.290683167558587 63.95935700676324 0.0 1.0 1.0 1 0 0 0.0 1.0 0
cell 122.68060437784183 35.705027305624355 0.0 1.0 1.0 1 0 0 0.0 1.0 0
cell 150.57875356908596 11.031139468554423 0.0 1.0 1.0 1 0 0 0.0 1.0 0
cell 84.76858841053168 142.99889378131897 0.0 2.23606797749979 0.4472135954999579 1 0 0 0.11747597903421769 -0.993075724378535 6.047689551946891
cell 175.58610160636036 83.37449706274299 0.0 2.23606797749979 0.4472135954999579 1 0 0 0.05776584773525306 -0.9983301592336212 6.16758926221403
cell 71.1751888776251 57.49318726111176 0.0 2.23606797749979 0.4472135954999579 1 0 0 -0.4969793293366118 -0.8677623788872917 1.0402286069295394
cell 133.835072842211 187.89232204337037 0.0 2.23606797749979 0.4472135954999579 1 0 0 0.9989762012899381 0.045238802551846806 3.0510841588840374
cell 17.730427312208253 49.665457538076964 0.0 2.23606797749979 0.4472135954999579 1 0 0 -0.8345469340659719 -0.550936851954093 1.9746198337099088
cell 22.985082094848103 141.99389588867845 0.0 2.23606797749979 0.4472135954999579 1 0 0 0.848286350373669 0.5295377869139472 2.0254814655714006
cell 66.84063212246184 33.78143882236891 0.0 1.0 1.0 1 0 0 0.0 1.0 0
cell 186.9099407278227 146.84787922711834 0.0 2.23606797749979 0.4472135954999579 1 0 0 0.7021938229576462 -0.7119858390446581 4.726237092989971
cell 115.55007159335977 177.57430672897755 0.0 2.23606797749979 0.4472135954999579 1 0 0 0.9884603112124065 0.15148007511838799 2.837461742195069
cell 87.15786289368872 182.91172535518874 0.0 2.23606797749979 0.4472135954999579 1 0 0 0.9373704452351199 0.34833410456013775 2.430006024110689
cell 50.85150044445327 133.71807190997268 0.0 2.23606797749979 0.4472135954999579 1 0 0 0.8862622546411328 0.4631837820977931 2.1784242327190224
cell 59.35451481162381 65.35541538916598 0.0 1.0 1.0 1 0 0 0.0 1.0 0
cell 8.935925558661946 142.9317702817355 0.0 1.0 1.0 1 0 0 0.0 1.0 0
cell 109.94642582187494 128.6418282465416 0.0 1.0 1.0 1 0 0 0.0 1.0 0
cell 107.69667578247247 177.7619416872274 0.0 2.23606797749979 0.4472135954999579 1 0 0 0.9797238923398239 0.20035242643528198 2.7381573981335916
cell 145.32089389694303 123.69694849305306 0.0 1.0 1.0 1 0 0 0.0 1.0 0
cell 77.34903930608286 144.19774129066428 0.0 2.23606797749979 0.4472135954999579 1 0 0 0.10791211610104617 -0.994160437353345 6.066939984845378
cell 24.89232734987473 142.44649474140036 0.0 2.23606797749979 0.4472135954999579 1 0 0 0.8780882643509832 0.47849869384260374 2.1437043129319524
cell 21.30234699772939 69.37537999791242 0.0 2.23606797749979 0.4472135954999579 1 0 0 0.9820578002476517 -0.1885801606021785 3.521024984407391
cell 7.4297545906857625 15.351502602440561 0.0 2.23606797749979 0.4472135954999579 1 0 0 -0.17109588621078636 0.9852543822393005 5.939301608109933
cell 43.85510511417457 21.454170317363836 0.0 1.0 1.0 1 0 0 0.0 1.0 0
cell 117.95372363786473 89.5296064623096 0.0 2.23606797749979 0.4472135954999579 1 0 0 -0.15278826479363025 -0.9882589469068072 0.30677810467497046
cell 152.50630794558197 102.75292121131451 0.0 1.0 1.0 1 0 0 0.0 1.0 0
cell 138.63483917536794 176.12887129675568 0.0 2.23606797749979 0.4472135954999579 1 0 0 0.9347890308012157 0.3552034176267507 2.415329320918112
cell 133.15529752321962 50.02063412064977 0.0 1.0 1.0 1 0 0 0.0 1.0 0
cell 77.97416410559046 172.16206742669067 0.0 1.0 1.0 1 0 0 0.0 1.0 0
cell 134.36279908436794 186.43552318576505 0.0 2.23606797749979 0.4472135954999579 1 0 0 0.9991114657881618 0.04214592424696412 3.0572758308223857
cell 140.60993571466196 30.556413374444013 0.0 1.0 1.0 1 0 0 0.0 1.0 0
cell 90.22441718298494 79.80377517620275 0.0 2.23606797749979 0.4472135954999579 1 0 0 -0.10609396474364623 -0.9943561085672346 0.2125880214090996
cell 129.04014686526745 74.40798293419354 0.0 1.0 1.0 1 0 0 0.0 1.0 0
cell 119.4875193965557 68.90663814446275 0.0 1.0 1.0 1 0 0 0.0 1.0 0
cell 109.21454902732422 71.0289001088926 0.0 1.0 1.0 1 0 0 0.0 1.0 0
cell 10.761685372288127 63.95664416605087 0.0 2.23606797749979 0.4472135954999579 1 0 0 0.8982686217947224 0.4394467921136868 2.2316272128683807
cell 142.08750284526138 31.76274578160049 0.0 1.0 1.0 1 0 0 0.0 1.0 0
cell 80.71221544079758 44.11793945554265 0.0 1.0 1.0 1 0 0 0.0 1.0 0
cell 151.65695064348395 77.36405374017505 0.0 1.0 1.0 1 0 0 0.0 1.0 0
cell 165.50873698885 85.2893838363023 0.0 1.0 1.0 1 0 0 0.0 1.0 0
cell 25.879536311219585 46.40855919272565 0.0 2.23606797749979 0.4472135954999579 1 0 0 0.9342336560235697 0.3566615706139848 2.4122086467782595
cell 145.61644086229063 175.63779405893396 0.0 1.0 1.0 1 0 0 0.0 1.0 0
cell 131.52793392903789 114.00128510525151 0.0 1.0 1.0 1 0 0 0.0 1.0 0
cell 159.97976961045387 58.64556763293128 0.0 1.0 1.0 1 0 0 0.0 1.0 0
cell 11.427074815604668 168.16277791060506 0.0 2.23606797749979 0.4472135954999579 1 0 0 0.18769635749198324 0.9822271007176709 0.37763258567854757
cell 8.615289788015824 150.66680563140696 0.0 2.23606797749979 0.4472135954999579 1 0 0 0.9931150608190835 -0.11714297236415017 3.37641776495599
cell 64.93851350701824 85.58983305367943 0.0 1.0 1.0 1 0 0 0.0 1.0 0
cell 0.08824922216916398 57.17673563407906 0.0 2.23606797749979 0.4472135954999579 1 0 0 -0.1837332638662108 0.9829761379347259 5.9136192424093235
cell 1.88758423355942 171.19529964946403 0.0 2.23606797749979 0.4472135954999579 1 0 0 0.28879726703506775 0.9573902749417689 0.5859406747113224
cell 104.51914748412793 99.80329828487254 0.0 1.0 1.0 1 0 0 0.0 1.0 0
cell 135.11407780538948 89.45184744094216 0.0 2.23606797749979 0.4472135954999579 1 0 0 0.3409852724180785 0.9400686379163857 0.6959295683763992
cell 130.36029101842936 78.45676519687386 0.0 1.0 1.0 1 0 0 0.0 1.0 0
cell 65.58624433968062 61.264667856698544 0.0 2.23606797749979 0.4472135954999579 1 0 0 -0.28251644354034583 -0.9592624558113981 0.5728328207704543
cell 134.0051178410917 6.823651342903918 0.0 1.0 1.0 1 0 0 0.0 1.0 0
cell 14.115351138400113 116.55335225984902 0.0 2.23606797749979 0.4472135954999579 1 0 0 0.9808286810228084 -0.19487200538573482 3.5338465577280287
cell 132.33281599275546 13.456583306877555 0.0 1.0 1.0 1 0 0 0.0 1.0 0
cell 138.26718004417162 56.43641045538255 0.0 1.0 1.0 1 0 0 0.0 1.0 0
cell 143.69458438512785 170.66811955067928 0.0 2.23606797749979 0.4472135954999579 1 0 0 0.8457638337161191 0.5335574360627101 2.015990267157725
cell 124.33961043469306 7.873980684063221 0.0 1.0 1.0 1 0 0 0.0 1.0 0
cell 43.954384370725734 42.748030622815186 0.0 2.23606797749979 0.4472135954999579 1 0 0 0.9910064651935471 0.13381399756599055 2.8731594538275553
cell 156.87289107641405 68.8834151696429 0.0 1.0 1.0 1 0 0 0.0 1.0 0
cell 186.13865681409604 25.538178912007307 0.0 2.23606797749979 0.4472135954999579 1 0 0 0.31280518937916346 -0.94981730532638 5.646895305770286
cell 118.49828327446653 98.02959442772021 0.0 1.0 1.0 1 0 0 0.0 1.0 0
cell 75.11058642926028 82.98901538223244 0.0 1.0 1.0 1 0 0 0.0 1.0 0
cell 122.42377818936484 53.79064985635739 0.0 1.0 1.0 1 0 0 0.0 1.0 0
cell 145.35636426907826 68.21002198653227 0.0 1.0 1.0 1 0 0 0.0 1.0 0
cell 97.20473428935965 161.4136582596884 0.0 1.0 1.0 1 0 0 0.0 1.0 0
cell 111.16512814297077 137.18354998654144 0.0 2.23606797749979 0.4472135954999579 1 0 0 0.930484452705836 -0.36633138450414093 3.8917191569078384
cell 130.80006713904865 167.77635759173614 0.0 1.0 1.0 1 0 0 0.0 1.0 0
cell 81.4734870388694 157.1419886361192 0.0 1.0 1.0 1 0 0 0.0 1.0 0
cell 30.234144924126333 144.59256827323256 0.0 2.23606797749979 0.4472135954999579 1 0 0 0.9334228302546375 0.35877823228203565 2.4076753489745757
cell 106.93103342251771 6.198889211689336 0.0 1.0 1.0 1 0 0 0.0 1.0 0
cell 7.413387178230705 174.83711644492158 0.0 2.23606797749979 0.4472135954999579 1 0 0 -0.03691969672827828 -0.9993182355953942 0.07385617839069969
cell 140.2193174531047 61.02340500575944 0.0 1.0 1.0 1 0 0 0.0 1.0 0
cell 151.95752712935382 1.0467073004854568 0.0 1.0 1.0 1 0 0 0.0 1.0 0
cell 148.365433937557 75.75531959626169 0.0 1.0 1.0 1 0 0 0.0 1.0 0
cell 87.54215053028956 112.81950779658447 0.0 1.0 1.0 1 0 0 0.0 1.0 0
cell 154.07160926045984 112.99421279740558 0.0 2.23606797749979 0.4472135954999579 1 0 0 0.41291381623959716 0.9107701029120643 0.8513020783817725
cell 31.420595173795892 20.66099901861985 0.0 1.0 1.0 1 0 0 0.0 1.0 0
cell 155.68277777046254 176.83868330784583 0.0 2.23606797749979 0.4472135954999579 1 0 0 0.950956099105662 0.3093258760170935 2.512624533827199
cell 82.71275528673378 121.97612093999227 0.0 1.0 1.0 1 0 0 0.0 1.0 0
cell 56.43169641655872 9.571952545126988 0.0 1.0 1.0 1 0 0 0.0 1.0 0
cell 21.959894689176938 60.43201713610914 0.0 2.23606797749979 0.4472135954999579 1 0 0 0.9682727038232392 0.24989592039653985 2.636447126227183
cell 175.42840957748058 18.52086022973183 0.0 2.23606797749979 0.4472135954999579 1 0 0 -0.13127584047054575 0.9913458799575211 6.019873610090003
cell 3.994375426845299 46.51062795650087 0.0 2.23606797749979 0.4472135954999579 1 0 0 0.6189331101278491 -0.785443699565709 4.948418012323957
cell 132.73342842255815 90.25873235351656 0.0 2.23606797749979 0.4472135954999579 1 0 0 0.3220185391361896 0.9467333629130191 0.6557216515833912
cell 126.63824818048664 9.614304234775641 0.0 1.0 1.0 1 0 0 0.0 1.0 0
cell 120.4563260910251 47.17398697903798 0.0 2.23606797749979 0.4472135954999579 1 0 0 0.8784288666747389 -0.47787312771543644 4.138056434043421
cell 105.12041112742553 180.3947348821305 0.0 2.23606797749979 0.4472135954999579 1 0 0 0.9925817970771389 0.12157868279890763 2.897832234622989
cell 107.78562553384303 127.89777492888513 0.0 2.23606797749979 0.4472135954999579 1 0 0 0.840495909846372 -0.5418178896377632 4.28678961916516
cell 8.051958344739694 60.92628213297765 0.0 2.23606797749979 0.4472135954999579 1 0 0 0.6098919503509912 -0.7924845795957572 4.971336825446512
cell 177.42751285820435 57.335926466481894 0.0 2.23606797749979 0.4472135954999579 1 0 0 0.1266520240220733 0.9919472086815468 0.2539861806590856
cell 47.32443494909989 33.06809466053664 0.0 2.23606797749979 0.4472135954999579 1 0 0 0.9554647967811892 0.2951051035002289 2.542461615020042
cell 21.236215449432837 74.57791653911264 0.0 2.23606797749979 0.4472135954999579 1 0 0 0.6118540658253743 0.790970670842452 1.3168050208448512
cell 138.6889249413157 168.23252462408936 0.0 1.0 1.0 1 0 0 0.0 1.0 0
cell 171.33264897030787 78.73092469518164 0.0 2.23606797749979 0.4472135954999579 1 0 0 0.9999862920747085 -0.0052359968177956165 3.1520646950754156
cell 23.556929257778812 26.76791502924865 0.0 2.23606797749979 0.4472135954999579 1 0 0 -0.09404941259335542 0.9955675306029445 6.094808074221297
cell 176.9347699374052 38.081722711399145 0.0 2.23606797749979 0.4472135954999579 1 0 0 0.02381851985992616 0.9997162988126593 0.04764154512604207
cell 113.65183585036088 71.13794020993078 0.0 1.0 1.0 1 0 0 0.0 1.0 0
cell 121.6409728161572 34.19354032794222 0.0 1.0 1.0 1 0 0 0.0 1.0 0
cell 78.43373421121802 112.71777180593857 0.0 1.0 1.0 1 0 0 0.0 1.0 0
cell 26.103943007902583 144.7513254268836 0.0 2.23606797749979 0.4472135954999579 1 0 0 0.9320703306722419 0.3622773780965872 2.4001724713781694
cell 139.53965581166466 27.384264363920394 0.0 1.0 1.0 1 0 0 0.0 1.0 0
cell 52.73891028803474 6.765274260242875 0.0 1.0 1.0 1 0 0 0.0 1.0 0
cell 125.03632201908226 107.10725923744309 0.0 1.0 1.0 1 0 0 0.0 1.0 0
cell 1.4775308064896167 26.258670193807728 0.0 2.23606797749979 0.4472135954999579 1 0 0 -0.4120423476373116 0.9111646962835713 5.433796510296601
cell 84.33932270770077 7.238558179226717 0.0 1.0 1.0 1 0 0 0.0 1.0 0
cell 181.91220354194627 48.34294502406235 0.0 2.23606797749979 0.4472135954999579 1 0 0 0.36320353097912655 -0.9317098234344718 5.539777438160017
cell 89.09482147355709 180.09470856033874 0.0 2.23606797749979 0.4472135954999579 1 0 0 0.9449279428347644 0.32727844849617005 2.4747487238518278
cell 148.43897455421944 170.57079583090726 0.0 2.23606797749979 0.4472135954999579 1 0 0 0.870055961138626 0.4929529637674792 2.110631662893376
cell 181.774280083964 70.9112205768304 0.0 2.23606797749979 0.4472135954999579 1 0 0 0.9971343331195542 0.07565131667209675 2.990145326726206
cell 139.81816962070525 125.06095410691381 0.0 1.0 1.0 1 0 0 0.0 1.0 0
cell 145.64909010421098 108.43593526559572 0.0 2.23606797749979 0.4472135954999579 1 0 0 -0.32471305835815056 -0.9458125764292291 0.6614166624051334
cell 111.133394185448 78.82549149087484 0.0 2.23606797749979 0.4472135954999579 1 0 0 0.2543716738973797 0.9671065357646205 0.5143959015122905
cell 80.06702771009913 142.2112197378579 0.0 2.23606797749979 0.4472135954999579 1 0 0 0.013974999634054342 -0.9999023449243571 6.255234398056173
cell 8.215998565955804 149.2237315802627 0.0 2.23606797749979 0.4472135954999579 1 0 0 0.9999668592561187 -0.008141276893321055 3.1578753872508014
cell 11.390187270628717 86.82348414695117 0.0 2.23606797749979 0.4472135954999579 1 0 0 -0.007359836940701407 -0.9999729160333325 0.014719806771894994
cell 52.62956457547648 74.29381451371952 0.0 1.0 1.0 1 0 0 0.0 1.0 0
cell 120.94798765796433 145.98524657493016 0.0 1.0 1.0 1 0 0 0.0 1.0 0
cell 65.42033788005688 23.250581006863694 0.0 2.23606797749979 0.4472135954999579 1 0 0 0.9109157291573513 0.4125924555463067 2.2909962088234326
cell 64.77841124817223 52.32872525622959 0.0 1.0 1.0 1 0 0 0.0 1.0 0
cell 93.25126503157664 48.804500721130196 0.0 1.0 1.0 1 0 0 0.0 1.0 0
cell 187.8440524928568 81.4778788857115 0.0 2.23606797749979 0.4472135954999579 1 0 0 0.9953502952730088 -0.0963212837327981 3.3345343545011255
cell 118.89987352151022 131.8374615255417 0.0 1.0 1.0 1 0 0 0.0 1.0 0
cell 108.32631575222872 185.69373241893456 0.0 1.0 1.0 1 0 0 0.0 1.0 0
cell 18.24609201181583 148.0189649893085 0.0 2.23606797749979 0.4472135954999579 1 0 0 0.9857155509923118 0.1684186822532558 2.8031422232187397
cell 115.32438342591902 4.742147001709635 0.0 1.0 1.0 1 0 0 0.0 1.0 0
cell 70.71787230966927 171.82292294028616 0.0 1.0 1.0 1 0 0 0.0 1.0 0
cell 157.50800260019253 122.31960557962825 0.0 2.23606797749979 0.4472135954999579 1 0 0 -0.13445805483577403 -0.9909192860620788 0.2697330612665434
cell 101.91515546866931 177.44172300090665 0.0 2.23606797749979 0.4472135954999579 1 0 0 0.9648416443863935 0.26283188782520306 2.609680423356122
cell 50.39759987707592 45.2843546141225 0.0 1.0 1.0 1 0 0 0.0 1.0 0
cell 165.35501225012197 187.474650927333 0.0 2.23606797749979 0.4472135954999579 1 0 0 0.9999589869143278 -0.009056737230984501 3.1597063756856514
cell 76.77171779373369 24.097250120875685 0.0 1.0 1.0 1 0 0 0.0 1.0 0
cell 20.912330088189474 156.90056774268047 0.0 2.23606797749979 0.4472135954999579 1 0 0 0.9936462169939382 0.11254863594746768 2.9160174270055204
cell 129.96750561671078 26.026148887115802 0.0 1.0 1.0 1 0 0 0.0 1.0 0
cell 152.11825102213348 9.666026659111258 0.0 1.0 1.0 1 0 0 0.0 1.0 0
cell 53.19849111819282 171.43275660384296 0.0 2.23606797749979 0.4472135954999579 1 0 0 0.5691650667035595 -0.8222232828400888 5.072205227607934
cell 43.26716896096575 8.57056177150108 0.0 1.0 1.0 1 0 0 0.0 1.0 0
cell 53.87180971274591 72.67438834830995 0.0 1.0 1.0 1 0 0 0.0 1.0 0
cell 91.73523685794908 185.1704578851278 0.0 2.23606797749979 0.4472135954999579 1 0 0 0.9404529078591662 0.33992400341729107 2.4479204778830055
cell 153.60256072969915 68.31760437872573 0.0 1.0 1.0 1 0 0 0.0 1.0 0
cell 151.94147147971356 4.262958472196619 0.0 1.0 1.0 1 0 0 0.0 1.0 0
cell 2.746291759019861 38.086783815203624 0.0 2.23606797749979 0.4472135954999579 1 0 0 -0.3585174544672524 0.9335230231988505 5.549826728598346
cell 107.66735256148046 151.03240379134795 0.0 1.0 1.0 1 0 0 0.0 1.0 0
cell 34.7383811447344 10.778198585797243 0.0 2.23606797749979 0.4472135954999579 1 0 0 0.29965031762054367 0.9540491010162461 0.6086522167951827
cell 129.60832228976008 185.63855156254937 0.0 2.23606797749979 0.4472135954999579 1 0 0 0.9996947626531372 -0.024705900588476985 3.1910094828230178
cell 33.38048113276497 42.92700814065551 0.0 2.23606797749979 0.4472135954999579 1 0 0 0.9878848176397348 0.1551888754934065 2.829955369007039
cell 145.36120838510877 74.59732393704279 0.0 1.0 1.0 1 0 0 0.0 1.0 0
cell 112.54033265694945 125.35512990917645 0.0 1.0 1.0 1 0 0 0.0 1.0 0
cell 186.19487802807973 24.357588059708185 0.0 2.23606797749979 0.4472135954999579 1 0 0 0.3041894853644534 -0.952611545696203 5.665010348775944
cell 151.72102462661817 157.4217144109757 0.0 2.23606797749979 0.4472135954999579 1 0 0 0.6167626396840603 0.7871491893471974 1.3292465549847907
cell 158.17330574837445 130.9326952301564 0.0 2.23606797749979 0.4472135954999579 1 0 0 0.27362129467842927 0.9618375055582414 0.5543120035852777
cell 18.78579375058187 25.571534541877288 0.0 2.23606797749979 0.4472135954999579 1 0 0 0.006399211040388655 -0.9999795248394142 6.270386797748178
cell 57.00324898246088 34.13800618237922 0.0 2.23606797749979 0.4472135954999579 1 0 0 0.9578689262463171 0.2872057104789657 2.5589759283235805
cell 46.35310080533836 92.34550295413939 0.0 2.23606797749979 0.4472135954999579 1 0 0 0.988562938474248 -0.15080887465650036 3.4443655628746153
cell 148.15265616268306 140.20156112252118 0.0 1.0 1.0 1 0 0 0.0 1.0 0
cell 74.1003271232715 28.969335443455662 0.0 2.23606797749979 0.4472135954999579 1 0 0 0.9802543860417902 0.19774058421536292 2.74348774429651
cell 81.19029115020598 25.48774564471663 0.0 1.0 1.0 1 0 0 0.0 1.0 0
cell 67.89509809584317 31.09708960915439 0.0 2.23606797749979 0.4472135954999579 1 0 0 0.9910406348893639 0.13356069780473026 2.8736706420023888
cell 23.024976953001214 135.06723898828312 0.0 1.0 1.0 1 0 0 0.0 1.0 0
cell 150.77872306811784 35.98185226122208 0.0 2.23606797749979 0.4472135954999579 1 0 0 -0.03963957581994393 0.9992140431503227 6.203885379010347
cell 70.30468604341927 58.86898245197233 0.0 2.23606797749979 0.4472135954999579 1 0 0 -0.45506494429231326 -0.8904582508328135 0.9448902926641338
cell 101.8812510318609 179.0874978602368 0.0 2.23606797749979 0.4472135954999579 1 0 0 0.9733022126583195 0.22952734659386306 2.678408580204679
cell 165.866026643625 79.70550100110691 0.0 2.23606797749979 0.4472135954999579 1 0 0 0.9996559709218856 -0.026228606524595917 3.1940558830691392
cell 41.39402488890441 12.84133007766526 0.0 2.23606797749979 0.4472135954999579 1 0 0 0.3738413445088648 0.9274926679687577 0.7662944507544854
cell 82.59379339273403 87.95772582401142 0.0 1.0 1.0 1 0 0 0.0 1.0 0
cell 175.90539668086396 28.70851205518464 0.0 2.23606797749979 0.4472135954999579 1 0 0 0.1775461896310495 -0.9841124684442807 5.9262003814847155
cell 32.10354208370576 17.333016873872438 0.0 2.23606797749979 0.4472135954999579 1 0 0 -0.2444554475246968 -0.9696605252228742 0.493916123794369
cell 48.37206209116393 7.204079896553918 0.0 1.0 1.0 1 0 0 0.0 1.0 0
cell 23.24188351548064 138.77175858357364 0.0 1.0 1.0 1 0 0 0.0 1.0 0
cell 59.08560745845637 36.435584749219146 0.0 1.0 1.0 1 0 0 0.0 1.0 0
cell 182.25925672443248 147.88109486432265 0.0 2.23606797749979 0.4472135954999579 1 0 0 0.6647424941350377 0.7470725644079893 1.4542981571407072
cell 2.2148899972240477 110.07336215210785 0.0 2.23606797749979 0.4472135954999579 1 0 0 0.993149453788464 -0.1168510266949998 3.375829835876251
cell 102.12594165658831 186.25167136635974 0.0 1.0 1.0 1 0 0 0.0 1.0 0
cell 157.37443698121132 46.903082624701184 0.0 1.0 1.0 1 0 0 0.0 1.0 0
cell 106.94551500302435 140.7648312546984 0.0 2.23606797749979 0.4472135954999579 1 0 0 0.8284741758945634 0.5600272670824378 1.9527552294982173
cell 172.01840188174884 74.86292132307149 0.0 2.23606797749979 0.4472135954999579 1 0 0 0.9999912968190741 -0.004172084144230597 3.149936846085274
cell 29.556832758311014 185.152377760513 0.0 2.23606797749979 0.4472135954999579 1 0 0 0.33780620649335547 -0.941215685618641 5.594015084764797
cell 121.03045982104 80.63687967636163 0.0 2.23606797749979 0.4472135954999579 1 0 0 0.3241261549359516 0.9460138665402509 0.6601757379946481
cell 71.27540454803652 147.43490162914068 0.0 2.23606797749979 0.4472135954999579 1 0 0 0.22728157957884532 -0.9738290833530004 5.824614720360675
cell 66.66585231856592 125.97435077117775 0.0 2.23606797749979 0.4472135954999579 1 0 0 0.887008540444648 -0.46175301750855413 4.10153367279642
cell 162.91438203954536 41.69681343468129 0.0 1.0 1.0 1 0 0 0.0 1.0 0
cell 70.99636688114296 96.04107920495527 0.0 1.0 1.0 1 0 0 0.0 1.0 0
cell 27.879732287779103 164.51301916760067 0.0 2.23606797749979 0.4472135954999579 1 0 0 0.13889956856234534 0.9903064726907496 0.27870024992021825
cell 103.2276740126844 122.29066219826103 0.0 1.0 1.0 1 0 0 0.0 1.0 0
cell 101.32664260303997 81.03159140539405 0.0 2.23606797749979 0.4472135954999579 1 0 0 -0.13995313036358845 -0.9901581294426827 0.28082815809029604
cell 130.08106884466073 83.05355546994383 0.0 1.0 1.0 1 0 0 0.0 1.0 0
cell 131.53080474317312 121.83670761872179 0.0 1.0 1.0 1 0 0 0.0 1.0 0
cell 15.27703432353549 26.34045923407065 0.0 2.23606797749979 0.4472135954999579 1 0 0 0.013564705369564419 -0.9999079951516724 6.256055064397397
cell 167.7648650179831 117.74005990863755 0.0 2.23606797749979 0.4472135954999579 1 0 0 0.12605089931199318 0.9920237753111756 0.2527742179912138
cell 146.63380662400394 178.02220832070378 0.0 1.0 1.0 1 0 0 0.0 1.0 0
cell 95.13359343395744 182.30991844454806 0.0 2.23606797749979 0.4472135954999579 1 0 0 0.9551592330460967 0.29609261984519675 2.5403941936087824
cell 76.53943324046256 179.0941806562554 0.0 2.23606797749979 0.4472135954999579 1 0 0 0.8454849072097065 0.5339993180525552 2.0149451648753764
cell 23.060554738015323 14.675774174442202 0.0 2.23606797749979 0.4472135954999579 1 0 0 -0.05396711772381196 0.9985427132599708 6.1751986107737205
cell 122.67096325454678 44.254576028513924 0.0 1.0 1.0 1 0 0 0.0 1.0 0
cell 146.0477148864782 30.25427288595015 0.0 1.0 1.0 1 0 0 0.0 1.0 0
cell 124.988644620595 11.838135966775091 0.0 1.0 1.0 1 0 0 0.0 1.0 0
cell 88.4089557782694 138.09641195758712 0.0 2.23606797749979 0.4472135954999579 1 0 0 0.9999937112067306 -0.003546483750101102 3.1486856359587683
cell 46.24574857311317 4.674425193866388 0.0 1.0 1.0 1 0 0 0.0 1.0 0
cell 136.62872411244163 112.18869652907198 0.0 2.23606797749979 0.4472135954999579 1 0 0 0.22868048034057759 -0.9735015346219043 5.821741247293114
cell 93.84903369306747 68.99872170470175 0.0 2.23606797749979 0.4472135954999579 1 0 0 -0.28409449097180234 -0.9587962871222815 0.5761237462047601
cell 80.60994563129978 3.01809062268951 0.0 2.23606797749979 0.4472135954999579 1 0 0 0.9024530773280453 0.4307881651358833 2.250860746292625
cell 134.26812156652588 9.698777012756423 0.0 1.0 1.0 1 0 0 0.0 1.0 0
cell 113.02472249695555 112.50248779490015 0.0 1.0 1.0 1 0 0 0.0 1.0 0
cell 91.67071649318085 55.51892859255809 0.0 1.0 1.0 1 0 0 0.0 1.0 0
cell 142.2646965934404 104.93935298586902 0.0 2.23606797749979 0.4472135954999579 1 0 0 -0.26373831707129897 -0.9645942670928533 0.5337913891609398
cell 59.71731189486429 123.35677957174117 0.0 2.23606797749979 0.4472135954999579 1 0 0 0.5292505003075617 -0.8484656197655834 5.167751381621933
cell 45.85423214496352 95.60898077003995 0.0 2.23606797749979 0.4472135954999579 1 0 0 0.9791382492070007 -0.20319519910630165 3.5508328518544103
cell 100.36482390243236 168.8843781159085 0.0 2.23606797749979 0.4472135954999579 1 0 0 0.9577556650749942 0.2875831810394264 2.5581877351519426
cell 75.69547815280362 44.463726294565895 0.0 1.0 1.0 1 0 0 0.0 1.0 0
cell 64.93986585941522 43.46152367751473 0.0 1.0 1.0 1 0 0 0.0 1.0 0
cell 90.02729515704303 66.15943435306193 0.0 2.23606797749979 0.4472135954999579 1 0 0 0.390028826493553 0.9208026468815464 0.8013257966529026
cell 49.87063191034037 37.631652850980466 0.0 2.23606797749979 0.4472135954999579 1 0 0 0.9758550409228721 0.2184191820912704 2.701204163736184
cell 88.45654072772219 75.89521474364577 0.0 2.23606797749979 0.4472135954999579 1 0 0 -0.23789491588807152 -0.9712908982352338 0.4803959365846415
cell 70.87366455602293 6.36650037915138 0.0 2.23606797749979 0.4472135954999579 1 0 0 0.8686274452653182 0.4954658023838241 2.104850652141169
cell 63.41164912983056 43.57659921714966 0.0 1.0 1.0 1 0 0 0.0 1.0 0
cell 167.54634983217423 175.95891429963808 0.0 2.23606797749979 0.4472135954999579 1 0 0 0.9939416788387893 -0.10990877611514475 3.361855192799416
cell 120.72547625773026 156.77979611253232 0.0 1.0 1.0 1 0 0 0.0 1.0 0
cell 75.41098266437768 127.30733460987756 0.0 2.23606797749979 0.4472135954999579 1 0 0 0.8906144913955752 -0.4547590875575778 4.085796041728408
cell 144.08178547745163 40.281275755924035 0.0 1.0 1.0 1 0 0 0.0 1.0 0
cell 156.3548056710534 106.83239707624455 0.0 1.0 1.0 1 0 0 0.0 1.0 0
cell 87.0627796314718 107.89845099879629 0.0 1.0 1.0 1 0 0 0.0 1.0 0
cell 31.897616706293444 162.41643968775136 0.0 2.23606797749979 0.4472135954999579 1 0 0 0.9680905773435907 -0.2506005468041783 3.6481937474432375
cell 103.02971337263544 108.36164073391184 0.0 1.0 1.0 1 0 0 0.0 1.0 0
cell 40.82227267634368 50.58927226254223 0.0 1.0 1.0 1 0 0 0.0 1.0 0
cell 97.35812598431593 172.0127421190613 0.0 2.23606797749979 0.4472135954999579 1 0 0 0.9443189601596499 0.32903145971623665 2.4710371693394193
cell 112.05448733096688 33.741307031706825 0.0 1.0 1.0 1 0 0 0.0 1.0 0
cell 69.01314769032957 7.239531374216625 0.0 2.23606797749979 0.4472135954999579 1 0 0 0.8639012354797815 0.5036612505806924 2.0859294367838506
cell 184.97419599913155 43.54728098926574 0.0 2.23606797749979 0.4472135954999579 1 0 0 0.4147830648532971 -0.9099203311888935 5.427776549437219
cell 29.654249921509425 113.17966626057692 0.0 2.23606797749979 0.4472135954999579 1 0 0 -0.5672069714621826 -0.823575285887513 1.2062210662763926
cell 21.865335336110604 142.34444814563378 0.0 2.23606797749979 0.4472135954999579 1 0 0 0.8636191584291742 0.5041447700751093 2.084809867988031
cell 126.66955770571629 95.24776205558625 0.0 2.23606797749979 0.4472135954999579 1 0 0 -0.19872877874690487 -0.9800545252677342 0.40012131485494695
cell 84.88492051316898 67.37490888178249 0.0 2.23606797749979 0.4472135954999579 1 0 0 -0.3603614769990968 -0.9328127389219282 0.7373107547527677
cell 36.539026341089055 122.54675669407122 0.0 2.23606797749979 0.4472135954999579 1 0 0 0.7523475538121838 0.6587663912744967 1.7032368494816927
cell 81.24980929491925 54.28733186228986 0.0 1.0 1.0 1 0 0 0.0 1.0 0
cell 153.2262111706179 56.31072291154604 0.0 1.0 1.0 1 0 0 0.0 1.0 0
cell 102.07023912059566 58.32730026790389 0.0 1.0 1.0 1 0 0 0.0 1.0 0
cell 117.7111013290306 109.4472810373876 0.0 1.0 1.0 1 0 0 0.0 1.0 0
cell 52.245743798560135 39.29508048325033 0.0 2.23606797749979 0.4472135954999579 1 0 0 0.9865994829165657 0.16316084183640744 2.8138054851649774
cell 48.74636499262967 147.22016759616216 0.0 2.23606797749979 0.4472135954999579 1 0 0 0.9745952969010583 -0.22397322888760177 3.593371398661355
cell 114.6908673215994 136.53611875120063 0.0 1.0 1.0 1 0 0 0.0 1.0 0
cell 110.90126141616359 52.99902278398388 0.0 1.0 1.0 1 0 0 0.0 1.0 0
cell 80.94475776441686 124.68649350944271 0.0 2.23606797749979 0.4472135954999579 1 0 0 0.7839531570176667 0.6208199800280543 1.8020162016796344
cell 85.63503494716818 86.33919592044876 0.0 1.0 1.0 1 0 0 0.0 1.0 0
cell 17.67284365435512 27.023799157101962 0.0 2.23606797749979 0.4472135954999579 1 0 0 -0.059265678139341214 0.9982422448457509 6.164584452333049
cell 138.02001854140894 74.08495157371972 0.0 1.0 1.0 1 0 0 0.0 1.0 0
cell 124.0638056110813 140.17979630142068 0.0 1.0 1.0 1 0 0 0.0 1.0 0
cell 73.5073328721753 0.6250460640623797 0.0 2.23606797749979 0.4472135954999579 1 0 0 0.881967410518405 0.47131039324786733 2.160040752126439
cell 79.24917982791126 98.31291897431373 0.0 1.0 1.0 1 0 0 0.0 1.0 0
cell 66.54169518671404 84.50687088518092 0.0 1.0 1.0 1 0 0 0.0 1.0 0
cell 146.97475416235793 8.523434338909155 0.0 1.0 1.0 1 0 0 0.0 1.0 0
cell 122.15790293047756 142.5127629446153 0.0 1.0 1.0 1 0 0 0.0 1.0 0
cell 124.41380212751153 105.4561084692684 0.0 1.0 1.0 1 0 0 0.0 1.0 0
cell 160.87098892221314 130.6779362307036 0.0 2.23606797749979 0.4472135954999579 1 0 0 0.42046618784134915 0.9073082083185202 0.8679181462687684
cell 6.859179679034368 184.19003402448524 0.0 2.23606797749979 0.4472135954999579 1 0 0 0.8812590057360993 0.472633647563334 2.1570388595621153
cell 5.432050477881103 2.025488868181238 0.0 2.23606797749979 0.4472135954999579 1 0 0 0.9824602482889198 0.18647214411829466 2.766452501561553
cell 7.852283712596269 81.23725488327199 0.0 2.23606797749979 0.4472135954999579 1 0 0 0.9052683391371938 0.4248402454520836 2.264021841062529
cell 134.9902228998134 91.40082023067353 0.0 2.23606797749979 0.4472135954999579 1 0 0 0.32915198660707556 0.944276956042355 0.6708107572595788
cell 130.44803172088828 107.6836423412402 0.0 1.0 1.0 1 0 0 0.0 1.0 0
cell 81.70130998517851 34.68508922817211 0.0 1.0 1.0 1 0 0 0.0 1.0 0
cell 72.13791373573461 71.36984770424833 0.0 2.23606797749979 0.4472135954999579 1 0 0 -0.24867125877424465 -0.9685879438954589 0.5026163594319515
cell 39.98857335766116 67.44190494295049 0.0 2.23606797749979 0.4472135954999579 1 0 0 0.162690641442433 0.9866771281361749 0.3268340321388202
cell 153.7526717319584 115.06860279021711 0.0 2.23606797749979 0.4472135954999579 1 0 0 0.36051796305173306 0.9327522706040599 0.7376462800257442
cell 29.868502014160946 38.116313904254206 0.0 2.23606797749979 0.4472135954999579 1 0 0 0.9211670174175811 0.3891674781144975 2.3421373509693733
cell 31.19872747240319 10.170695400746032 0.0 1.0 1.0 1 0 0 0.0 1.0 0
cell 138.19141257346595 138.69087345368538 0.0 1.0 1.0 1 0 0 0.0 1.0 0
cell 31.82706548818298 41.39187058866344 0.0 2.23606797749979 0.4472135954999579 1 0 0 0.9727033879424304 0.2320519749653466 2.673219228325496
cell 183.54087656342986 186.1422881103812 0.0 2.23606797749979 0.4472135954999579 1 0 0 0.39080845880752113 -0.9204720248462145 5.480165831078751
cell 116.65371712344239 26.777308197743388 0.0 1.0 1.0 1 0 0 0.0 1.0 0
cell 54.25599757013581 115.19432746856658 0.0 2.23606797749979 0.4472135954999579 1 0 0 0.9972289407161985 0.07439381559006476 2.9926674367788393
cell 154.20958633839618 12.133030528665547 0.0 1.0 1.0 1 0 0 0.0 1.0 0
cell 142.00066642873557 167.6996719332033 0.0 2.23606797749979 0.4472135954999579 1 0 0 -0.8217560229987954 -0.5698394850001212 1.928971633024947
cell 81.18259621936443 36.27119752464551 0.0 1.0 1.0 1 0 0 0.0 1.0 0
cell 120.7152168758266 35.752799335548474 0.0 1.0 1.0 1 0 0 0.0 1.0 0
cell 161.8615891891716 98.88380239332432 0.0 1.0 1.0 1 0 0 0.0 1.0 0
cell 129.57635535838963 158.2519944386798 0.0 1.0 1.0 1 0 0 0.0 1.0 0
cell 70.39741033283984 175.0169983091174 0.0 1.0 1.0 1 0 0 0.0 1.0 0
cell 88.77393398960764 70.20297221604102 0.0 2.23606797749979 0.4472135954999579 1 0 0 0.3417550168176952 0.9397890765910917 0.6975674462873848
cell 150.70712915235382 174.95407513016247 0.0 1.0 1.0 1 0 0 0.0 1.0 0
cell 29.768778484494426 11.955840865657542 0.0 2.23606797749979 0.4472135954999579 1 0 0 0.29921696812762294 0.9541851004833984 0.6077438388086008
cell 111.89320968557341 44.00618120130736 0.0 1.0 1.0 1 0 0 0.0 1.0 0
cell 25.305999868676736 52.22926197580818 0.0 1.0 1.0 1 0 0 0.0 1.0 0
cell 97.14886287390807 80.978282651058 0.0 2.23606797749979 0.4472135954999579 1 0 0 -0.1169614259910374 -0.9931364583128257 0.23445950535737392
cell 32.31435487937517 138.41390328955436 0.0 2.23606797749979 0.4472135954999579 1 0 0 -0.8932009566736573 -0.4496577042565415 2.2088284967894385
cell 128.49907960147578 116.20681195000591 0.0 1.0 1.0 1 0 0 0.0 1.0 0
cell 39.932493942763436 20.491428297269984 0.0 2.23606797749979 0.4472135954999579 1 0 0 -0.40062439586344356 -0.9162423770155204 0.8243964383440803
cell 33.32928528128935 30.089469113941796 0.0 1.0 1.0 1 0 0 0.0 1.0 0
cell 70.96878262133515 31.945673560986208 0.0 1.0 1.0 1 0 0 0.0 1.0 0
cell 121.6009470147338 105.98980490734671 0.0 1.0 1.0 1 0 0 0.0 1.0 0
cell 117.33582490422963 78.21135461953655 0.0 2.23606797749979 0.4472135954999579 1 0 0 0.2704597809960068 0.9627312744808865 0.5477411584766383
cell 152.04063801281453 7.7409057466419 0.0 1.0 1.0 1 0 0 0.0 1.0 0
cell 95.53499610835775 5.0320130863360255 0.0 1.0 1.0 1 0 0 0.0 1.0 0
cell 132.58553881582876 47.19147369753299 0.0 1.0 1.0 1 0 0 0.0 1.0 0
cell 60.95952653998303 82.04680644723484 0.0 1.0 1.0 1 0 0 0.0 1.0 0
cell 48.42943904648557 15.638861104138313 0.0 1.0 1.0 1 0 0 0.0 1.0 0
cell 110.2443429465867 33.58891924323259 0.0 1.0 1.0 1 0 0 0.0 1.0 0
cell 165.2534557717653 58.087028758500956 0.0 1.0 1.0 1 0 0 0.0 1.0 0
cell 36.85654899160354 21.51971253149795 0.0 2.23606797749979 0.4472135954999579 1 0 0 0.3235258779174412 0.9462193225239849 0.6589068098269296
cell 35.52425147925961 14.026404687599547 0.0 1.0 1.0 1 0 0 0.0 1.0 0
cell 87.97298394050064 17.84650512743821 0.0 1.0 1.0 1 0 0 0.0 1.0 0
cell 150.66237478086995 161.21600305339706 0.0 1.0 1.0 1 0 0 0.0 1.0 0
cell 21.474938953948467 67.1516498089727 0.0 2.23606797749979 0.4472135954999579 1 0 0 0.999943602558962 -0.010620343751715935 3.1628337404090403
cell 58.24186254520984 57.60013017781835 0.0 2.23606797749979 0.4472135954999579 1 0 0 -0.08297418731694162 -0.9965516967217973 0.16613938489914837
cell 154.13008030618036 87.24577952926624 0.0 1.0 1.0 1 0 0 0.0 1.0 0
cell 144.72460190399892 167.33653845220093 0.0 2.23606797749979 0.4472135954999579 1 0 0 0.7790311485688625 0.6269852227600574 1.7862381526370017
cell 142.84556621866597 184.94825780647645 0.0 1.0 1.0 1 0 0 0.0 1.0 0
cell 68.90339792638493 68.00806789949554 0.0 2.23606797749979 0.4472135954999579 1 0 0 0.25230016371268205 0.9676490207665969 0.5101131705261706
cell 24.752144439328656 62.43794685335428 0.0 1.0 1.0 1 0 0 0.0 1.0 0
cell 93.95566792230528 78.63668261425738 0.0 2.23606797749979 0.4472135954999579 1 0 0 -0.16206667682193018 -0.9867798094123613 0.32556931824952606
cell 182.48250354455632 23.300467223925637 0.0 2.23606797749979 0.4472135954999579 1 0 0 0.1753148237862221 -0.9845124237716891 5.93073423635585
cell 11.249358587051846 41.41655428935484 0.0 1.0 1.0 1 0 0 0.0 1.0 0
cell 98.11441671886384 104.58434338872509 0.0 1.0 1.0 1 0 0 0.0 1.0 0
cell 112.49156627819184 113.9526155513661 0.0 1.0 1.0 1 0 0 0.0 1.0 0
cell 36.28296070791268 144.02633283465826 0.0 2.23606797749979 0.4472135954999579 1 0 0 0.965860095826768 0.2590642300463469 2.617486192456151
cell 108.24234125263153 82.01914557737138 0.0 2.23606797749979 0.4472135954999579 1 0 0 -0.19841202077112488 -0.9801187020017109 0.39947492714060395
cell 51.91325224104681 72.38362306544869 0.0 1.0 1.0 1 0 0 0.0 1.0 0
cell 50.55706324785511 23.622255003084042 0.0 2.23606797749979 0.4472135954999579 1 0 0 0.3254151804407947 0.9455712349361549 0.6629015478021065
cell 51.60790810226981 15.98133569644237 0.0 1.0 1.0 1 0 0 0.0 1.0 0
cell 90.49432015553228 132.33225409411475 0.0 1.0 1.0 1 0 0 0.0 1.0 0
cell 57.39927263226033 42.64288670038861 0.0 1.0 1.0 1 0 0 0.0 1.0 0
cell 81.24978499439051 144.81412819657646 0.0 2.23606797749979 0.4472135954999579 1 0 0 0.20384933524308485 -0.9790022719692495 5.872608869548333
cell 151.39448522089754 83.09297100749174 0.0 1.0 1.0 1 0 0 0.0 1.0 0
cell 33.659907264533906 34.87943673131511 0.0 1.0 1.0 1 0 0 0.0 1.0 0
cell 62.173031431564795 24.450078942912775 0.0 2.23606797749979 0.4472135954999579 1 0 0 0.8912029189017353 0.45360484713131877 2.1999804181880136
cell 125.28146865868064 31.360568361603903 0.0 1.0 1.0 1 0 0 0.0 1.0 0
cell 31.232630511370886 83.52586445702202 0.0 2.23606797749979 0.4472135954999579 1 0 0 0.6191385247888099 0.7852817883551969 1.3352904025822674
cell 162.07419650795973 79.91503479388969 0.0 2.23606797749979 0.4472135954999579 1 0 0 0.9965564202675277 -0.08291743618546515 3.307618143751416
cell 141.43420863050784 56.39315735711572 0.0 1.0 1.0 1 0 0 0.0 1.0 0
cell 95.046802508301 39.42794735035345 0.0 1.0 1.0 1 0 0 0.0 1.0 0
cell 156.06575225885388 86.73398918411509 0.0 1.0 1.0 1 0 0 0.0 1.0 0
cell 125.9503181542941 162.0424641220844 0.0 1.0 1.0 1 0 0 0.0 1.0 0
cell 75.63909468007154 34.79541358893161 0.0 1.0 1.0 1 0 0 0.0 1.0 0
cell 59.400686708363075 83.39961684024749 0.0 1.0 1.0 1 0 0 0.0 1.0 0
cell 128.5434064170313 73.04520136491385 0.0 1.0 1.0 1 0 0 0.0 1.0 0
cell 91.68222905097964 22.517780696008856 0.0 1.0 1.0 1 0 0 0.0 1.0 0
cell 49.23706937035256 47.59291599173176 0.0 2.23606797749979 0.4472135954999579 1 0 0 0.949262234781507 0.31448562704457445 2.501763174888826
cell 97.08937034684509 62.64832329166012 0.0 1.0 1.0 1 0 0 0.0 1.0 0
cell 159.04043612665254 66.2935361310424 0.0 1.0 1.0 1 0 0 0.0 1.0 0
cell 118.0348764501886 68.31078875567061 0.0 1.0 1.0 1 0 0 0.0 1.0 0
cell 59.56573916578925 106.7154538972507 0.0 2.23606797749979 0.4472135954999579 1 0 0 0.989021120902381 -0.14777422782406235 3.4382274785062688
cell 61.09064481513897 96.82738509067096 0.0 1.0 1.0 1 0 0 0.0 1.0 0
cell 36.040017580191915 41.18111947887798 0.0 2.23606797749979 0.4472135954999579 1 0 0 0.9840605530591602 0.17783370859569866 2.7840233911329353
cell 44.23545870197213 16.436875279391316 0.0 2.23606797749979 0.4472135954999579 1 0 0 0.34754321538272454 0.937663966163485 0.709899430298755
cell 78.24017550351861 78.84634588674945 0.0 1.0 1.0 1 0 0 0.0 1.0 0
cell 48.545857435157515 65.82278637098324 0.0 1.0 1.0 1 0 0 0.0 1.0 0
cell 1.429984248977071 101.4211820879805 0.0 2.23606797749979 0.4472135954999579 1 0 0 0.22444246270142268 0.9744873426250956 0.45274172898048326
cell 167.05033463680306 69.80746692553852 0.0 1.0 1.0 1 0 0 0.0 1.0 0
cell 22.086695023608492 145.7559741395904 0.0 2.23606797749979 0.4472135954999579 1 0 0 -0.9086802011679769 -0.4174928646160616 2.280223713368457
cell 55.889470207038805 28.771684906773494 0.0 2.23606797749979 0.4472135954999579 1 0 0 0.8755933262859074 0.4830489902314057 2.133325493421094
cell 182.73909351277163 106.82400805481463 0.0 2.23606797749979 0.4472135954999579 1 0 0 0.9825703565993238 -0.18589108190625397 3.5155500002334064
cell 39.09449142858542 5.95622105999826 0.0 1.0 1.0 1 0 0 0.0 1.0 0
cell 90.14682073608904 29.343045170616154 0.0 1.0 1.0 1 0 0 0.0 1.0 0
cell 76.44466172117528 15.659664774963069 0.0 1.0 1.0 1 0 0 0.0 1.0 0
cell 148.08057397042012 84.30326484768636 0.0 1.0 1.0 1 0 0 0.0 1.0 0
cell 110.80827731468642 110.28057182065932 0.0 1.0 1.0 1 0 0 0.0 1.0 0
cell 107.11824197000186 54.05066611079464 0.0 1.0 1.0 1 0 0 0.0 1.0 0
cell 151.91055537942154 109.80795935426482 0.0 2.23606797749979 0.4472135954999579 1 0 0 -0.4089079848821664 -0.9125756187295417 0.8425142223762627
cell 42.495035313444326 138.93517350652354 0.0 2.23606797749979 0.4472135954999579 1 0 0 0.9154558121396001 0.40241850854530176 2.3132782944468953
cell 108.9923891681772 35.13318580139624 0.0 1.0 1.0 1 0 0 0.0 1.0 0
cell 129.78315172094355 120.98461356216113 0.0 1.0 1.0 1 0 0 0.0 1.0 0
cell 162.12203375910303 68.25026436819516 0.0 1.0 1.0 1 0 0 0.0 1.0 0
cell 75.55845867958627 86.45053691160925 0.0 1.0 1.0 1 0 0 0.0 1.0 0
cell 27.818517321637685 185.30851256329672 0.0 2.23606797749979 0.4472135954999579 1 0 0 0.9523033395856587 0.30515299345410596 2.521394490863625
cell 29.382762141873947 52.36352857770918 0.0 2.23606797749979 0.4472135954999579 1 0 0 0.9461069302000359 0.3238544065277858 2.481991399860136
cell 29.18131437495607 26.270297868112262 0.0 2.23606797749979 0.4472135954999579 1 0 0 -0.1865232735904185 0.9824505424748433 5.907941070075621
cell 105.73346450906982 138.500566386018 0.0 2.23606797749979 0.4472135954999579 1 0 0 0.638374421292878 0.7697259890629802 1.3847690371934989
cell 82.23015309470857 20.631642467262598 0.0 1.0 1.0 1 0 0 0.0 1.0 0
cell 186.36889007800843 29.443173924485524 0.0 2.23606797749979 0.4472135954999579 1 0 0 0.35015174751883643 -0.9366929879685792 5.567719102747904
cell 122.89671596579973 181.2079079103147 0.0 2.23606797749979 0.4472135954999579 1 0 0 -0.9986672231230893 0.05161179574106898 3.2448621275385925
cell 183.5507641185931 118.54517208457861 0.0 2.23606797749979 0.4472135954999579 1 0 0 0.8708121840509845 -0.4916158460712533 4.169481343981374
cell 145.09817615372924 25.178258088505082 0.0 1.0 1.0 1 0 0 0.0 1.0 0
cell 131.35396384202147 179.67457152229568 0.0 2.23606797749979 0.4472135954999579 1 0 0 0.9938320233998513 0.11089593890200544 2.919343645388062
cell 146.3358333385068 36.495806653230325 0.0 2.23606797749979 0.4472135954999579 1 0 0 -0.05742003241846022 0.998350108868158 6.168282042763543
cell 35.11872459683391 137.33249930597364 0.0 2.23606797749979 0.4472135954999579 1 0 0 -0.8882780711212259 -0.4593060726412772 2.1871649825980537
cell 120.07277915799496 151.07656270655292 0.0 1.0 1.0 1 0 0 0.0 1.0 0
cell 141.79311225084265 116.1307794683099 0.0 1.0 1.0 1 0 0 0.0 1.0 0
cell 110.86675630077117 76.1231738197532 0.0 2.23606797749979 0.4472135954999579 1 0 0 0.267867895294493 0.9634556505986659 0.5423587439177301
cell 145.11390778963536 81.5855195798051 0.0 1.0 1.0 1 0 0 0.0 1.0 0
cell 106.78861356561181 157.8409457999838 0.0 1.0 1.0 1 0 0 0.0 1.0 0
cell 119.81240630192748 2.438297112333609 0.0 1.0 1.0 1 0 0 0.0 1.0 0
cell 129.60547467380468 131.58687794005323 0.0 1.0 1.0 1 0 0 0.0 1.0 0
cell 28.20418668488684 5.7103323278729805 0.0 2.23606797749979 0.4472135954999579 1 0 0 -0.20565450382613593 -0.9786246599468184 0.41426491992984005
cell 53.790788865324124 88.42515625093722 0.0 2.23606797749979 0.4472135954999579 1 0 0 0.49528074245511644 0.8687329774753049 1.0363159299770162
cell 81.72050278792977 60.009364463895274 0.0 1.0 1.0 1 0 0 0.0 1.0 0
cell 83.267371942092 156.16951816211795 0.0 1.0 1.0 1 0 0 0.0 1.0 0
cell 119.19776989860439 92.5879506813856 0.0 2.23606797749979 0.4472135954999579 1 0 0 0.16240798959291444 0.9867236922849212 0.3262611087982383
cell 47.98633343438201 41.86486298523864 0.0 2.23606797749979 0.4472135954999579 1 0 0 0.9918696157751986 0.12725826221491462 2.8863841056909583
cell 141.05959158235163 184.75522059047293 0.0 2.23606797749979 0.4472135954999579 1 0 0 0.9970224810791524 0.07711142731639295 2.9872165492640246
cell 121.0648947319968 91.89139443446318 0.0 2.23606797749979 0.4472135954999579 1 0 0 -0.17328972594647632 -0.9848708904630064 0.3483379109094793
cell 140.45644062458564 101.32549228759245 0.0 2.23606797749979 0.4472135954999579 1 0 0 -0.25428376176748896 -0.9671296544421409 0.5142140992478614
cell 142.015521223831 105.94173373402947 0.0 2.23606797749979 0.4472135954999579 1 0 0 -0.3154065444956423 -0.9489566437352754 0.6417700713043573
cell 107.65799826148611 116.69258671562285 0.0 1.0 1.0 1 0 0 0.0 1.0 0
cell 62.51536600295554 59.02794129335566 0.0 2.23606797749979 0.4472135954999579 1 0 0 -0.19065250927771987 -0.981657588319934 0.38365361037426116
cell 115.98228803822781 88.34976942410826 0.0 2.23606797749979 0.4472135954999579 1 0 0 -0.15295711230162468 -0.9882328277265172 0.3071198162059785
cell 104.16288881133305 187.28012358151847 0.0 1.0 1.0 1 0 0 0.0 1.0 0
cell 156.44599316059924 118.72153215628394 0.0 2.23606797749979 0.4472135954999579 1 0 0 0.3131967574173653 0.9496882599796883 0.6371145697386744
cell 99.58128942267754 55.67174464522091 0.0 1.0 1.0 1 0 0 0.0 1.0 0
cell 36.2151679121876 140.9348136683747 0.0 2.23606797749979 0.4472135954999579 1 0 0 0.9306104701125893 0.36601113769505095 2.3921544479012837
cell 153.90743358670466 127.0084253738297 0.0 2.23606797749979 0.4472135954999579 1 0 0 0.11410443930129943 -0.9934687599173595 6.054478297977791
cell 100.71329808350322 88.19007736959608 0.0 1.0 1.0 1 0 0 0.0 1.0 0
cell 122.44766208269577 72.17370478212017 0.0 1.0 1.0 1 0 0 0.0 1.0 0
cell 56.48827891789727 109.97884343290387 0.0 2.23606797749979 0.4472135954999579 1 0 0 0.3363078505829613 0.9417521062552866 0.6859872564594397
cell 41.38527130098022 181.68844676604007 0.0 1.0 1.0 1 0 0 0.0 1.0 0
cell 171.2299119791966 52.55962063366002 0.0 1.0 1.0 1 0 0 0.0 1.0 0
cell 45.59123734064025 7.6012368106828445 0.0 1.0 1.0 1 0 0 0.0 1.0 0
cell 68.03807091899468 147.73420237139726 0.0 2.23606797749979 0.4472135954999579 1 0 0 -0.14158146680503503 0.9899266075105441 5.999067722038029
cell 162.67645432542025 105.27724721556156 0.0 1.0 1.0 1 0 0 0.0 1.0 0
cell 99.54270333101857 118.3962468103206 0.0 1.0 1.0 1 0 0 0.0 1.0 0
cell 95.458976128795 79.65604994969718 0.0 2.23606797749979 0.4472135954999579 1 0 0 -0.14166344335749834 -0.9899148795811168 0.28428320759759984
cell 81.28527194618853 180.20422509012283 0.0 2.23606797749979 0.4472135954999579 1 0 0 0.8892405708688608 0.4574398398924415 2.1913646168950534
cell 63.98366375618425 8.126564082377897 0.0 1.0 1.0 1 0 0 0.0 1.0 0
cell 48.09742939402499 5.470289951991431 0.0 1.0 1.0 1 0 0 0.0 1.0 0
cell 142.572256279058 7.015581593420186 0.0 1.0 1.0 1 0 0 0.0 1.0 0
cell 143.3586695902883 89.79003720921105 0.0 1.0 1.0 1 0 0 0.0 1.0 0
cell 118.71175079313845 83.23900019192557 0.0 2.23606797749979 0.4472135954999579 1 0 0 0.2862357392855169 0.9581592255756209 0.5805917631388761
cell 77.44334714237327 77.49987172622949 0.0 1.0 1.0 1 0 0 0.0 1.0 0
cell 131.274575416476 151.6883949460349 0.0 1.0 1.0 1 0 0 0.0 1.0 0
cell 78.2979253576288 27.46800882632613 0.0 2.23606797749979 0.4472135954999579 1 0 0 0.983854748420919 0.17896880736488724 2.781716180771896
cell 172.18996368840735 29.732694067928954 0.0 2.23606797749979 0.4472135954999579 1 0 0 0.24916224641367135 -0.9684617570983859 5.77955506022857
cell 138.05394471272592 43.431397722533376 0.0 1.0 1.0 1 0 0 0.0 1.0 0
cell 96.89564207775602 43.23118956108023 0.0 1.0 1.0 1 0 0 0.0 1.0 0
cell 16.155603522864187 28.37385494958545 0.0 2.23606797749979 0.4472135954999579 1 0 0 -0.0986426307834697 0.9951229227548304 6.085578693468153
cell 56.95039712435486 121.06389951744804 0.0 2.23606797749979 0.4472135954999579 1 0 0 0.996253533651707 -0.08648061451265879 3.3147702046351477
cell 105.67171767792527 185.93491032563426 0.0 1.0 1.0 1 0 0 0.0 1.0 0
cell 44.22447937280372 89.74137747316686 0.0 2.23606797749979 0.4472135954999579 1 0 0 0.9884864360573333 0.15130950310760866 2.837806864309444
cell 98.37425033773138 126.18592986675785 0.0 2.23606797749979 0.4472135954999579 1 0 0 0.9774606218367003 0.21111781724575293 2.7161558297259663
cell 52.140000350674235 64.94343198124206 0.0 1.0 1.0 1 0 0 0.0 1.0 0
cell 5.3853848201302466 103.46902086164773 0.0 2.23606797749979 0.4472135954999579 1 0 0 0.24209285485770138 0.9702530853477601 0.4890445841834885
cell 167.08951120025876 57.25395552260751 0.0 1.0 1.0 1 0 0 0.0 1.0 0
cell 79.86918578944201 65.86783728090131 0.0 2.23606797749979 0.4472135954999579 1 0 0 0.40733675441296524 0.9132780346117559 0.8390720405157972
cell 51.07778068359017 42.72912705187864 0.0 1.0 1.0 1 0 0 0.0 1.0 0
cell 126.25208087077485 0.05467868579124968 0.0 1.0 1.0 1 0 0 0.0 1.0 0
cell 29.690028091267603 13.991831017069426 0.0 2.23606797749979 0.4472135954999579 1 0 0 -0.20303352859650842 -0.9791717858811347 0.40890997372094606
cell 129.44637036815075 91.06700755395677 0.0 2.23606797749979 0.4472135954999579 1 0 0 -0.2912417869125837 -0.9566494768492613 0.5910492803108252
cell 98.69304198554076 32.2123073160064 0.0 1.0 1.0 1 0 0 0.0 1.0 0
cell 98.82019134572455 63.68210744073394 0.0 1.0 1.0 1 0 0 0.0 1.0 0
cell 94.70191761211446 57.190210414652576 0.0 1.0 1.0 1 0 0 0.0 1.0 0
cell 137.70037222973858 149.4214475342373 0.0 2.23606797749979 0.4472135954999579 1 0 0 -0.3123291795889485 -0.9499739383674135 0.6352877654387248
cell 61.61548482879701 109.51545810682418 0.0 2.23606797749979 0.4472135954999579 1 0 0 0.13892663095934674 0.9903026765642338 0.27875490461472957
cell 33.99395375996509 19.129115821420847 0.0 2.23606797749979 0.4472135954999579 1 0 0 0.31587057862805273 0.9488022858094194 0.6427481388891029
cell 126.2150400473998 96.51232872725598 0.0 2.23606797749979 0.4472135954999579 1 0 0 0.2250102410737367 0.9743563985585248 0.45390709353845426
cell 110.72861196428534 92.51912496574535 0.0 1.0 1.0 1 0 0 0.0 1.0 0
cell 100.11062676834457 186.42794315717154 0.0 1.0 1.0 1 0 0 0.0 1.0 0
cell 128.24802322372435 106.38298073675915 0.0 1.0 1.0 1 0 0 0.0 1.0 0
cell 77.91379889911875 53.12875030359652 0.0 1.0 1.0 1 0 0 0.0 1.0 0
cell 119.40527395836361 4.356740643430257 0.0 1.0 1.0 1 0 0 0.0 1.0 0
cell 61.05462726613822 21.514244616090203 0.0 2.23606797749979 0.4472135954999579 1 0 0 0.8455089456222846 0.5339612559659105 2.0150351997068445
cell 69.5862607212746 45.52838995513877 0.0 1.0 1.0 1 0 0 0.0 1.0 0
cell 97.60628824021332 113.75012066303478 0.0 2.23606797749979 0.4472135954999579 1 0 0 0.7096417956607849 -0.7045626457961965 4.705205962318657
cell 176.46702165913905 74.71752088581948 0.0 2.23606797749979 0.4472135954999579 1 0 0 0.9995327226323012 0.03056691654811169 3.0804492965612167
cell 10.619438668426879 171.37634469591376 0.0 2.23606797749979 0.4472135954999579 1 0 0 0.9983586199764745 -0.05727185974516059 3.256199084179475
cell 66.38940409650519 70.6629669323332 0.0 1.0 1.0 1 0 0 0.0 1.0 0
cell 48.39889947451461 50.636739943951135 0.0 1.0 1.0 1 0 0 0.0 1.0 0
cell 40.842473951977375 22.139508966971263 0.0 2.23606797749979 0.4472135954999579 1 0 0 -0.41913047787731217 -0.9079260115859309 0.864974813208347
cell 106.69376982086814 3.097899981974429 0.0 1.0 1.0 1 0 0 0.0 1.0 0
cell 177.8145528072029 98.0484255632422 0.0 2.23606797749979 0.4472135954999579 1 0 0 0.9994048704117187 -0.034494999599012977 3.210596342043233
cell 93.56650324975287 37.22972743883051 0.0 1.0 1.0 1 0 0 0.0 1.0 0
cell 69.34277016026813 94.94133265490574 0.0 1.0 1.0 1 0 0 0.0 1.0 0
cell 38.792794470542184 30.485935666894257 0.0 1.0 1.0 1 0 0 0.0 1.0 0
cell 61.93174807111205 12.080092389700988 0.0 2.23606797749979 0.4472135954999579 1 0 0 0.8689807074689128 0.4948459659801501 2.1062775247681365
cell 25.8897774132175 17.824613403985445 0.0 1.0 1.0 1 0 0 0.0 1.0 0
cell 110.66979907901613 108.5862882857535 0.0 1.0 1.0 1 0 0 0.0 1.0 0
cell 30.55425217070135 53.61872955322695 0.0 1.0 1.0 1 0 0 0.0 1.0 0
cell 78.76735014863755 94.41860943465845 0.0 1.0 1.0 1 0 0 0.0 1.0 0
cell 166.39579077602681 82.47537467700681 0.0 2.23606797749979 0.4472135954999579 1 0 0 0.987664601182812 -0.15658427625530283 3.456055279855305
cell 101.36534346182665 11.351307882895375 0.0 1.0 1.0 1 0 0 0.0 1.0 0
cell 104.39887412584389 92.78718268687935 0.0 1.0 1.0 1 0 0 0.0 1.0 0
cell 121.1065227746759 20.972780301453675 0.0 1.0 1.0 1 0 0 0.0 1.0 0
cell 41.535876475988225 48.69764226043544 0.0 1.0 1.0 1 0 0 0.0 1.0 0
cell 126.98854750427805 62.375468715661036 0.0 1.0 1.0 1 0 0 0.0 1.0 0
cell 126.50937758073529 48.278641637052615 0.0 1.0 1.0 1 0 0 0.0 1.0 0
cell 136.76069858967264 106.53187367703343 0.0 1.0 1.0 1 0 0 0.0 1.0 0
cell 135.772245497219 58.42934477410455 0.0 1.0 1.0 1 0 0 0.0 1.0 0
cell 77.94915201710107 13.760629484786053 0.0 1.0 1.0 1 0 0 0.0 1.0 0
cell 142.36056683408776 8.592341966406385 0.0 1.0 1.0 1 0 0 0.0 1.0 0
cell 136.54163575828147 16.989767274307553 0.0 1.0 1.0 1 0 0 0.0 1.0 0
cell 124.58981771660797 19.690138374729624 0.0 1.0 1.0 1 0 0 0.0 1.0 0
cell 175.54764048196077 78.14155341785509 0.0 2.23606797749979 0.4472135954999579 1 0 0 0.9999363345199227 -0.011283922494468804 3.164160977521823
cell 92.41524925736479 50.16739683095086 0.0 1.0 1.0 1 0 0 0.0 1.0 0
cell 185.28483856885182 85.9025973954106 0.0 2.23606797749979 0.4472135954999579 1 0 0 0.16073190017141484 -0.9869981034770464 5.960321007439641
cell 118.12036779121898 179.65650707935595 0.0 2.23606797749979 0.4472135954999579 1 0 0 0.9992736799847466 -0.03810659378299669 3.2178242982393828
cell 44.45746164881624 135.5578427578618 0.0 2.23606797749979 0.4472135954999579 1 0 0 0.8560920403396155 0.5168233919504361 2.0553202835047673
cell 139.58619356254746 17.405518223780938 0.0 1.0 1.0 1 0 0 0.0 1.0 0
cell 131.7139884792782 31.43064387927067 0.0 1.0 1.0 1 0 0 0.0 1.0 0
cell 88.9503428588021 12.870686924427828 0.0 1.0 1.0 1 0 0 0.0 1.0 0
cell 113.81392406304819 98.12854054376294 0.0 1.0 1.0 1 0 0 0.0 1.0 0
cell 45.820476514463145 69.84137977511796 0.0 1.0 1.0 1 0 0 0.0 1.0 0
cell 159.32525257294174 72.41367648425484 0.0 1.0 1.0 1 0 0 0.0 1.0 0
cell 109.38726220654945 172.47730713638632 0.0 2.23606797749979 0.4472135954999579 1 0 0 0.9613486243905169 0.2753340196605948 2.5837183852757883
cell 3.9908013406902776 173.4393499306576 0.0 2.23606797749979 0.4472135954999579 1 0 0 0.14180674107801083 0.9898943621340784 0.2845727258344942
cell 62.66209618937168 183.1310660140683 0.0 2.23606797749979 0.4472135954999579 1 0 0 0.5449082414354659 0.8384956818110085 1.1525593569613046
cell 89.59084998310693 41.759816766781235 0.0 1.0 1.0 1 0 0 0.0 1.0 0
cell 32.77107268367647 66.20274636071542 0.0 1.0 1.0 1 0 0 0.0 1.0 0
cell 118.39180062820157 73.26813419976651 0.0 1.0 1.0 1 0 0 0.0 1.0 0
cell 105.02255546615496 58.28172684681951 0.0 1.0 1.0 1 0 0 0.0 1.0 0
cell 60.62514075858396 91.64107740646809 0.0 1.0 1.0 1 0 0 0.0 1.0 0
cell 135.06248283160096 113.95367621952091 0.0 2.23606797749979 0.4472135954999579 1 0 0 0.2675889770187218 -0.9635331542703001 5.7414055355384335
cell 38.92372856101227 40.91679129780494 0.0 2.23606797749979 0.4472135954999579 1 0 0 0.9788722302624293 0.20447287551422935 2.7297423033571917
cell 57.668300683997394 89.09053978601311 0.0 2.23606797749979 0.4472135954999579 1 0 0 0.7095546414839765 0.7046504174046486 1.57773196090183
cell 77.7493557895492 7.649817257723797 0.0 2.23606797749979 0.4472135954999579 1 0 0 0.9065554143523968 0.4220868165536019 2.27010063713419
cell 173.70887386770497 186.9163180777411 0.0 2.23606797749979 0.4472135954999579 1 0 0 0.15901391308165527 -0.9872763419866091 5.963801752804245
cell 22.61003918117411 147.49755449127338 0.0 2.23606797749979 0.4472135954999579 1 0 0 0.9670455263264024 0.25460351531762343 2.6267172832215064
cell 31.59984612382049 37.098107512013115 0.0 2.23606797749979 0.4472135954999579 1 0 0 -0.9314330775462805 -0.3639126571756809 2.3966623545688766
cell 56.01861661280861 111.46708693169245 0.0 2.23606797749979 0.4472135954999579 1 0 0 0.07973165174519004 0.996816364086176 0.15963274365097901
cell 13.010962108537312 187.35323426779476 0.0 2.23606797749979 0.4472135954999579 1 0 0 -0.016801035166595014 0.9998588526473778 6.249581655809376
cell 105.22598804366766 54.69828151521861 0.0 1.0 1.0 1 0 0 0.0 1.0 0
cell 56.24183130714625 35.18719309492607 0.0 2.23606797749979 0.4472135954999579 1 0 0 0.9641278373458319 0.2654383417195965 2.6042755637504
cell 80.82709358995407 97.14683501216223 0.0 1.0 1.0 1 0 0 0.0 1.0 0
cell 140.00431752558706 50.335513694018246 0.0 1.0 1.0 1 0 0 0.0 1.0 0
cell 128.84683638917505 53.49954305702207 0.0 1.0 1.0 1 0 0 0.0 1.0 0
cell 73.88612608677819 145.49335346955658 0.0 2.23606797749979 0.4472135954999579 1 0 0 0.09398625112354318 -0.9955734953280658 6.094934959196231
cell 132.36990319937962 166.7025622963236 0.0 1.0 1.0 1 0 0 0.0 1.0 0
cell 93.64844483046316 51.1409295367004 0.0 1.0 1.0 1 0 0 0.0 1.0 0
cell 157.66549281515313 162.4698566786134 0.0 1.0 1.0 1 0 0 0.0 1.0 0
cell 66.83646906337279 8.243693655999627 0.0 2.23606797749979 0.4472135954999579 1 0 0 0.8616232817051804 0.5075483429424189 2.0769186444182774
cell 104.22085390720908 4.745994986639459 0.0 1.0 1.0 1 0 0 0.0 1.0 0
cell 178.23325452155993 187.90116388088836 0.0 2.23606797749979 0.4472135954999579 1 0 0 -0.4032971693054277 0.9150690647323999 5.452950928912676
cell 93.32501862384765 44.009993051223454 0.0 1.0 1.0 1 0 0 0.0 1.0 0
cell 107.73055863904425 110.96842020465863 0.0 1.0 1.0 1 0 0 0.0 1.0 0
cell 58.30264084304957 32.601497045117696 0.0 2.23606797749979 0.4472135954999579 1 0 0 0.9478413025751778 0.3187426314953652 2.4927873921297414
cell 102.9430954271951 52.23929422894584 0.0 1.0 1.0 1 0 0 0.0 1.0 0
cell 34.28159641470735 64.05438061215543 0.0 1.0 1.0 1 0 0 0.0 1.0 0
cell 146.90281279445338 180.97460045633355 0.0 2.23606797749979 0.4472135954999579 1 0 0 0.9946569409354035 0.10323550672624845 2.9347531234743705
cell 138.6324833420862 153.4644588182759 0.0 1.0 1.0 1 0 0 0.0 1.0 0
cell 43.63307881097121 138.934818336937 0.0 2.23606797749979 0.4472135954999579 1 0 0 0.9140496864446926 0.4056022321318747 2.3063174618607056
cell 157.21975089549161 5.564312646234827 0.0 1.0 1.0 1 0 0 0.0 1.0 0
cell 27.83455960935364 59.43210491709304 0.0 2.23606797749979 0.4472135954999579 1 0 0 0.9898906340585786 0.14183276279867538 2.856967352913661
cell 90.01960308750023 1.6355203646735048 0.0 2.23606797749979 0.4472135954999579 1 0 0 0.9586199784185595 0.28468884238199527 2.5642290067920563
cell 114.79948427994462 81.14577540450172 0.0 2.23606797749979 0.4472135954999579 1 0 0 0.25956053348318814 0.9657268399800861 0.5251342241956495
cell 91.7536917692098 86.39115649186112 0.0 1.0 1.0 1 0 0 0.0 1.0 0
cell 136.924206150332 116.17640225210896 0.0 1.0 1.0 1 0 0 0.0 1.0 0
cell 111.06748725870759 74.99355425176799 0.0 2.23606797749979 0.4472135954999579 1 0 0 0.30067082931776445 0.9537279761008208 0.6107919041037775
cell 105.69898869594189 187.4082850920449 0.0 1.0 1.0 1 0 0 0.0 1.0 0
cell 106.32558937873567 46.81769159640624 0.0 1.0 1.0 1 0 0 0.0 1.0 0
cell 91.08816411628821 150.09878601258296 0.0 2.23606797749979 0.4472135954999579 1 0 0 0.6211426443447988 -0.7836975279891795 4.942785548609917
cell 70.7776725555686 61.79982141803288 0.0 2.23606797749979 0.4472135954999579 1 0 0 0.37019078311649617 0.9289557492666674 0.758428772067941
cell 135.03242315095932 10.965718046529936 0.0 1.0 1.0 1 0 0 0.0 1.0 0
cell 160.8078925222135 24.87931587129735 0.0 1.0 1.0 1 0 0 0.0 1.0 0
cell 96.83321196174089 146.62456719434942 0.0 2.23606797749979 0.4472135954999579 1 0 0 0.5116460378022036 -0.8591963291363075 5.208986331907273
cell 142.7388078882046 170.6248864389673 0.0 2.23606797749979 0.4472135954999579 1 0 0 -0.8540909204506234 -0.5201237348975789 2.047601018547102
cell 119.69273472424503 26.94948593543834 0.0 1.0 1.0 1 0 0 0.0 1.0 0
cell 93.0900269684791 138.19169473898555 0.0 2.23606797749979 0.4472135954999579 1 0 0 0.5782257688351715 0.8158768045820244 1.2331047587666273
cell 146.2740244627711 28.320517922257988 0.0 1.0 1.0 1 0 0 0.0 1.0 0
cell 123.2237090551477 101.1788837306907 0.0 1.0 1.0 1 0 0 0.0 1.0 0
cell 82.56640107730384 36.441331956016725 0.0 1.0 1.0 1 0 0 0.0 1.0 0
cell 81.78550483972471 135.71427194685674 0.0 2.23606797749979 0.4472135954999579 1 0 0 0.9965406073784016 0.08310726710635168 2.975186186651467
cell 95.51809505290578 167.90450584086986 0.0 2.23606797749979 0.4472135954999579 1 0 0 0.9822655998468064 0.18749477688083394 2.7643705160852377
cell 62.73054649872257 79.23055056504064 0.0 1.0 1.0 1 0 0 0.0 1.0 0
cell 43.56582091618573 29.15104375095846 0.0 1.0 1.0 1 0 0 0.0 1.0 0
cell 103.43348410241344 101.1919783548748 0.0 1.0 1.0 1 0 0 0.0 1.0 0
cell 182.20002241019455 178.2882811372402 0.0 2.23606797749979 0.4472135954999579 1 0 0 0.2011678275937282 -0.9795567901562523 5.878085356881742
cell 31.71407461791694 27.947020370933668 0.0 1.0 1.0 1 0 0 0.0 1.0 0
cell 70.85449110847743 0.48282429015135825 0.0 2.23606797749979 0.4472135954999579 1 0 0 0.8177734776875231 0.575540215094353 1.9150634792082044
cell 55.11660253374895 33.63729689853997 0.0 2.23606797749979 0.4472135954999579 1 0 0 0.9279387819436147 0.37273263469275214 2.3776883955513037
cell 47.847059474738145 17.540953733305507 0.0 1.0 1.0 1 0 0 0.0 1.0 0
cell 149.45849180195523 159.84266324496951 0.0 1.0 1.0 1 0 0 0.0 1.0 0
cell 96.28583855487398 102.25756752525646 0.0 1.0 1.0 1 0 0 0.0 1.0 0
cell 152.4511562017356 113.12887212955886 0.0 2.23606797749979 0.4472135954999579 1 0 0 -0.38063051555178945 -0.9247272087652547 0.7809560807769804
cell 141.0166968170338 87.52541565771305 0.0 1.0 1.0 1 0 0 0.0 1.0 0
cell 39.60050422453701 140.49908566730403 0.0 2.23606797749979 0.4472135954999579 1 0 0 0.9412706411761786 0.33765304686880226 2.4527478723153404
cell 12.38711785008743 24.167732859221 0.0 1.0 1.0 1 0 0 0.0 1.0 0
cell 134.39133156227288 76.76307713129127 0.0 1.0 1.0 1 0 0 0.0 1.0 0
cell 143.62376391258914 32.923294847153414 0.0 1.0 1.0 1 0 0 0.0 1.0 0
cell 185.23137607025703 64.73174559202452 0.0 2.23606797749979 0.4472135954999579 1 0 0 0.1578870498929547 -0.9874571785531258 5.966084315093619
cell 101.7943883446165 19.817031828424323 0.0 1.0 1.0 1 0 0 0.0 1.0 0
cell 93.01838833516985 125.25866719741978 0.0 1.0 1.0 1 0 0 0.0 1.0 0
cell 142.0209050127107 159.4478656534583 0.0 1.0 1.0 1 0 0 0.0 1.0 0
cell 104.8632913497286 17.900746658159253 0.0 1.0 1.0 1 0 0 0.0 1.0 0
cell 33.043960633411295 45.614711981062555 0.0 1.0 1.0 1 0 0 0.0 1.0 0
cell 29.72536706781407 68.33219914250327 0.0 2.23606797749979 0.4472135954999579 1 0 0 0.9921839651724738 -0.12478372992753291 3.3918123624208283
cell 128.0496594515588 32.235240851363 0.0 1.0 1.0 1 0 0 0.0 1.0 0
cell 121.30548072694448 80.28397920886114 0.0 2.23606797749979 0.4472135954999579 1 0 0 0.318594321180755 0.9478911638534109 0.6484923263451365
cell 112.38441681738732 38.783783322279184 0.0 1.0 1.0 1 0 0 0.0 1.0 0
cell 165.73132687718854 31.439267502368676 0.0 2.23606797749979 0.4472135954999579 1 0 0 -0.15690748776390645 0.987613305035741 5.968068167430779
cell 126.28889787323007 120.89298592770136 0.0 1.0 1.0 1 0 0 0.0 1.0 0
cell 54.8676371212797 60.19425235160428 0.0 1.0 1.0 1 0 0 0.0 1.0 0
cell 50.64353751731536 58.281963149122774 0.0 2.23606797749979 0.4472135954999579 1 0 0 0.1559826332744397 -0.9877597977832322 5.969940936520466
cell 96.80482924690679 51.66932057202452 0.0 1.0 1.0 1 0 0 0.0 1.0 0
cell 135.6895818026163 186.78080243531807 0.0 2.23606797749979 0.4472135954999579 1 0 0 0.9977471279433581 0.06708702319212145 3.007317757332344
cell 71.83291795424002 176.32503115350832 0.0 1.0 1.0 1 0 0 0.0 1.0 0
cell 98.59738790449569 6.460757989428937 0.0 1.0 1.0 1 0 0 0.0 1.0 0
cell 39.82674015971268 116.2392760958396 0.0 2.23606797749979 0.4472135954999579 1 0 0 0.8971479632143975 0.4417301575625758 2.2265401166770937
cell 104.7163947319893 70.23671724329554 0.0 1.0 1.0 1 0 0 0.0 1.0 0
cell 154.54920043281987 60.94257002417817 0.0 1.0 1.0 1 0 0 0.0 1.0 0
cell 76.9265492403881 13.10492655022523 0.0 2.23606797749979 0.4472135954999579 1 0 0 0.9226913505220091 0.38553945540225965 2.350007842745331
cell 142.1294263477385 157.79865461216443 0.0 1.0 1.0 1 0 0 0.0 1.0 0
cell 99.48341500546108 120.44694152293219 0.0 1.0 1.0 1 0 0 0.0 1.0 0
cell 24.618283659323712 132.23183434559772 0.0 2.23606797749979 0.4472135954999579 1 0 0 0.6488485401305198 0.7609175855311094 1.4121404135978661
cell 129.57660366755874 143.96187362191907 0.0 2.23606797749979 0.4472135954999579 1 0 0 0.05109093628979806 0.9986940053034422 0.10222637882498992
cell 153.71842240383987 33.67401931408503 0.0 2.23606797749979 0.4472135954999579 1 0 0 0.01737944367827989 -0.9998489660630917 6.248424669793434
cell 110.61036154974009 64.00317690258444 0.0 1.0 1.0 1 0 0 0.0 1.0 0
cell 183.9605717936222 7.917543337472567 0.0 2.23606797749979 0.4472135954999579 1 0 0 0.9636544489699428 0.2671518350684419 2.6007201977533865
cell 122.42158632406937 70.52225297443582 0.0 1.0 1.0 1 0 0 0.0 1.0 0
cell 86.3651882967937 4.0800911741362125 0.0 2.23606797749979 0.4472135954999579 1 0 0 0.9472950742189515 0.3203623610234373 2.4893686848461574
cell 110.34158174083683 46.67099082632356 0.0 1.0 1.0 1 0 0 0.0 1.0 0
cell 115.08423760258424 69.71224527539705 0.0 1.0 1.0 1 0 0 0.0 1.0 0
cell 27.011447332182467 90.07756418319666 0.0 2.23606797749979 0.4472135954999579 1 0 0 0.9672196878855 0.25394108640918306 2.6280871654438105
cell 126.47347269888591 119.09851102589039 0.0 1.0 1.0 1 0 0 0.0 1.0 0
cell 95.66410746716664 77.42360379897075 0.0 2.23606797749979 0.4472135954999579 1 0 0 -0.22042322845672763 -0.9754043266034416 0.4444966995445654
cell 107.0645783693697 9.344790596621197 0.0 1.0 1.0 1 0 0 0.0 1.0 0
cell 89.60946051172247 134.0762637603374 0.0 1.0 1.0 1 0 0 0.0 1.0 0
cell 55.38925696534255 45.73460650952817 0.0 1.0 1.0 1 0 0 0.0 1.0 0
cell 68.83481308939464 1.580907805378799 0.0 1.0 1.0 1 0 0 0.0 1.0 0
cell 127.25084756858384 173.35017105025918 0.0 2.23606797749979 0.4472135954999579 1 0 0 -0.9843736676822866 -0.17609225529171665 2.7875621486515794
cell 127.57712674775874 34.18370891135173 0.0 1.0 1.0 1 0 0 0.0 1.0 0
cell 117.3735034487078 81.81243281919642 0.0 2.23606797749979 0.4472135954999579 1 0 0 0.2948823073466959 0.9555335812067982 0.5986646935323304
cell 151.774172250474 55.32061230486716 0.0 1.0 1.0 1 0 0 0.0 1.0 0
cell 131.9998916466027 63.089218553055396 0.0 1.0 1.0 1 0 0 0.0 1.0 0
cell 146.696178754412 3.3902271673141393 0.0 1.0 1.0 1 0 0 0.0 1.0 0
cell 36.00502166553972 147.96627414671462 0.0 2.23606797749979 0.4472135954999579 1 0 0 0.9892974823921658 0.1459126153988153 2.8487218571218484
cell 81.35616813928212 171.39819715946032 0.0 1.0 1.0 1 0 0 0.0 1.0 0
cell 106.02221889038505 113.75988698257608 0.0 1.0 1.0 1 0 0 0.0 1.0 0
cell 27.405354472285406 29.907582927223785 0.0 1.0 1.0 1 0 0 0.0 1.0 0
cell 49.015465564435765 171.74741029080414 0.0 2.23606797749979 0.4472135954999579 1 0 0 0.7571100705372239 -0.6532873342497311 4.565429247954425
cell 140.01952707552843 138.89037563810152 0.0 1.0 1.0 1 0 0 0.0 1.0 0
cell 13.51474162338509 107.60381127508803 0.0 2.23606797749979 0.4472135954999579 1 0 0 0.3817426546339229 0.9242686544685184 0.7833620114123713
cell 91.7195265644356 11.655076001656912 0.0 1.0 1.0 1 0 0 0.0 1.0 0
cell 104.98425698342787 47.93699948401912 0.0 1.0 1.0 1 0 0 0.0 1.0 0
cell 80.79206052578576 87.14006508167 0.0 1.0 1.0 1 0 0 0.0 1.0 0
cell 50.22655105965593 181.17860866581265 0.0 1.0 1.0 1 0 0 0.0 1.0 0
cell 33.45225178685715 71.3953334937605 0.0 2.23606797749979 0.4472135954999579 1 0 0 0.9675389943000821 0.2527217729218947 2.6306080241681364
cell 113.48517642194571 90.10913341370131 0.0 2.23606797749979 0.4472135954999579 1 0 0 0.09248035937694737 0.9957145088475464 0.18522538834644597
cell 78.90846553367165 179.7906344069065 0.0 2.23606797749979 0.4472135954999579 1 0 0 0.858098869262089 0.5134844988615764 2.0631114550660774
cell 95.34164618993667 118.86567275720792 0.0 1.0 1.0 1 0 0 0.0 1.0 0
cell 30.4692095500033 87.12620181913104 0.0 2.23606797749979 0.4472135954999579 1 0 0 0.9531347305503132 0.3025461707223906 2.526866872561437
cell 110.1261191901185 36.732486136607186 0.0 1.0 1.0 1 0 0 0.0 1.0 0
cell 103.74547039787153 88.62354007172006 0.0 1.0 1.0 1 0 0 0.0 1.0 0
cell 42.905790298009315 52.72078847644673 0.0 2.23606797749979 0.4472135954999579 1 0 0 0.9884660547031566 0.1514425920921062 2.8375375832115552
cell 109.73852885506383 91.31565363188659 0.0 1.0 1.0 1 0 0 0.0 1.0 0
cell 52.832507489332706 117.3353535427481 0.0 2.23606797749979 0.4472135954999579 1 0 0 0.9997786147381784 0.021040948462675298 3.099507650952161
cell 146.73489828602447 93.23847506791797 0.0 1.0 1.0 1 0 0 0.0 1.0 0
cell 88.677204674432 164.22533122589044 0.0 1.0 1.0 1 0 0 0.0 1.0 0
cell 10.411398887688929 24.328578164058648 0.0 1.0 1.0 1 0 0 0.0 1.0 0
cell 85.39120116167989 128.41448069004494 0.0 1.0 1.0 1 0 0 0.0 1.0 0
cell 25.05010651403977 70.28340420160644 0.0 2.23606797749979 0.4472135954999579 1 0 0 0.9700952824800334 -0.24272441762209312 3.6319391952002267
cell 5.748778415492564 104.79854676238901 0.0 2.23606797749979 0.4472135954999579 1 0 0 0.2358261541649429 0.971795258792598 0.4761372248770372
cell 147.62253041680273 72.53586000130319 0.0 1.0 1.0 1 0 0 0.0 1.0 0
cell 49.19458071727101 40.56464509841221 0.0 2.23606797749979 0.4472135954999579 1 0 0 0.9902912586365974 0.1390079964172699 2.8626734236049183
cell 69.20467546414234 0.028397139586058096 0.0 1.0 1.0 1 0 0 0.0 1.0 0
cell 8.302593889495029 47.794183607473016 0.0 2.23606797749979 0.4472135954999579 1 0 0 0.8315988814348784 -0.5553767193502614 4.319224461046575
cell 133.06390696588426 32.85636539097934 0.0 1.0 1.0 1 0 0 0.0 1.0 0
cell 67.95010078205186 187.93888728954792 0.0 2.23606797749979 0.4472135954999579 1 0 0 0.6466085377356586 0.7628219968822041 1.4062601416482714
cell 66.47314030710663 18.551914385944084 0.0 2.23606797749979 0.4472135954999579 1 0 0 0.8997334609916867 0.43643980016941736 2.2383168361332193
cell 85.99823423843871 97.11278395005333 0.0 1.0 1.0 1 0 0 0.0 1.0 0
cell 46.815177339536945 51.51240850590834 0.0 1.0 1.0 1 0 0 0.0 1.0 0
cell 51.029903569469035 4.618084115965735 0.0 1.0 1.0 1 0 0 0.0 1.0 0
cell 63.25541935452157 48.79489108472714 0.0 1.0 1.0 1 0 0 0.0 1.0 0
cell 153.43318737948508 181.33822414103693 0.0 2.23606797749979 0.4472135954999579 1 0 0 0.9942107410845415 0.10744767243699022 2.926281651086099
cell 7.507345211700951 141.0841696421474 0.0 2.23606797749979 0.4472135954999579 1 0 0 0.42238562447568206 0.9064162312294988 0.8721512830692927
cell 117.2221696859065 5.562044113868589 0.0 1.0 1.0 1 0 0 0.0 1.0 0
cell 103.96714340633375 127.64782212629794 0.0 2.23606797749979 0.4472135954999579 1 0 0 0.9974848504273173 -0.07087999130920156 3.283471605093188
cell 103.42560406360086 59.8630867986024 0.0 1.0 1.0 1 0 0 0.0 1.0 0
cell 61.08736755683334 178.90306379737808 0.0 2.23606797749979 0.4472135954999579 1 0 0 0.5224587328371834 0.8526645720810527 1.0994639982324697
cell 19.524026224557808 172.65424867283656 0.0 2.23606797749979 0.4472135954999579 1 0 0 0.9947441925830033 0.10239136351464831 2.9364504044233266
cell 13.80115389027342 172.66498462077587 0.0 2.23606797749979 0.4472135954999579 1 0 0 0.998590736689944 -0.05307109003058906 3.2477847225347367
cell 78.95036452518875 106.92459501556536 0.0 1.0 1.0 1 0 0 0.0 1.0 0
cell 89.46758729615007 158.10690248913795 0.0 2.23606797749979 0.4472135954999579 1 0 0 0.9811976798576568 -0.19300547412431412 3.530041245555776
cell 42.743206237062125 3.5754335786466966 0.0 1.0 1.0 1 0 0 0.0 1.0 0
cell 112.12662083803284 185.21809902926793 0.0 1.0 1.0 1 0 0 0.0 1.0 0
cell 115.59251976914562 91.14658894141506 0.0 2.23606797749979 0.4472135954999579 1 0 0 0.13552331160904146 0.990774157924256 0.2718832559374597
cell 118.46779956162142 176.43180262614473 0.0 2.23606797749979 0.4472135954999579 1 0 0 0.9949619767180126 0.10025300437086676 2.9407492468423806
cell 55.28230593776998 181.20092027733472 0.0 1.0 1.0 1 0 0 0.0 1.0 0
cell 127.75949401682169 186.99607611200707 0.0 2.23606797749979 0.4472135954999579 1 0 0 0.9959715930622243 -0.08966931366468167 3.3211724859562723
cell 128.62131468865044 173.596010019564 0.0 2.23606797749979 0.4472135954999579 1 0 0 0.9796142373228635 0.20088789419560496 2.7370642376649914
cell 102.85539782930871 173.48384256504414 0.0 2.23606797749979 0.4472135954999579 1 0 0 0.9608333570327944 0.2771267941089253 2.579987679347171
cell 78.48424774700048 28.67746492811036 0.0 1.0 1.0 1 0 0 0.0 1.0 0
cell 93.34873537008738 121.48553156382607 0.0 1.0 1.0 1 0 0 0.0 1.0 0
cell 134.23858928759003 136.02379108791132 0.0 1.0 1.0 1 0 0 0.0 1.0 0
cell 137.20493820827252 184.82422003266296 0.0 2.23606797749979 0.4472135954999579 1 0 0 0.9996566345697874 0.026203300567038578 3.089180053426716
cell 110.13572786607222 54.70697388260385 0.0 1.0 1.0 1 0 0 0.0 1.0 0
cell 52.35865577712468 0.6176613355810094 0.0 1.0 1.0 1 0 0 0.0 1.0 0
cell 171.9215879134229 148.0343169906616 0.0 2.23606797749979 0.4472135954999579 1 0 0 0.9380050285328165 -0.34662164740124063 3.8495267735700787
cell 29.17521888906121 19.01627837007223 0.0 1.0 1.0 1 0 0 0.0 1.0 0
cell 95.6379650197248 73.79524689839741 0.0 2.23606797749979 0.4472135954999579 1 0 0 -0.21257955075685706 -0.9771437635271552 0.4284281877419609
cell 126.98745545895774 107.5420255203716 0.0 1.0 1.0 1 0 0 0.0 1.0 0
cell 99.43667842439939 146.67013851805896 0.0 2.23606797749979 0.4472135954999579 1 0 0 0.39077258273849974 0.9204872560659829 0.8029415252859775
cell 67.98957057507779 14.639487464561816 0.0 2.23606797749979 0.4472135954999579 1 0 0 0.8906999751866822 0.45459163454956325 2.1977652866662147
cell 67.70965538880944 30.50398134277292 0.0 2.23606797749979 0.4472135954999579 1 0 0 0.9867583841365956 0.16219707560907187 2.815759040912365
cell 132.48860546309717 150.73874170465146 0.0 1.0 1.0 1 0 0 0.0 1.0 0
cell 104.72814411223769 21.292616264835313 0.0 1.0 1.0 1 0 0 0.0 1.0 0
cell 159.21529825872358 31.81978056691447 0.0 2.23606797749979 0.4472135954999579 1 0 0 -0.1323526317678239 0.9912026941368404 6.017701070752575
cell 161.3135884944815 71.70801289735132 0.0 1.0 1.0 1 0 0 0.0 1.0 0
cell 97.34623016679609 2.1737994774266816 0.0 1.0 1.0 1 0 0 0.0 1.0 0
cell 47.304029599768 62.12867177477416 0.0 1.0 1.0 1 0 0 0.0 1.0 0
cell 36.823805836620814 132.17478898780877 0.0 2.23606797749979 0.4472135954999579 1 0 0 0.8811727153335734 0.47279450689666136 2.156673774592394
cell 10.654645471228948 57.445921059987086 0.0 2.23606797749979 0.4472135954999579 1 0 0 0.8473321809488065 0.5310632496497373 2.0218828676649574
cell 175.29296180644926 40.9634618418557 0.0 2.23606797749979 0.4472135954999579 1 0 0 0.9170462184871905 0.39878093379491464 2.3212184111001473
cell 9.362677112920409 53.633583609698086 0.0 2.23606797749979 0.4472135954999579 1 0 0 0.8097489616668367 -0.5867764643196588 4.395736981994208
cell 80.20193284827273 59.18881527815324 0.0 1.0 1.0 1 0 0 0.0 1.0 0
cell 123.18819278722201 5.8006354293812405 0.0 1.0 1.0 1 0 0 0.0 1.0 0
cell 74.11379628234242 104.48592383256864 0.0 1.0 1.0 1 0 0 0.0 1.0 0
cell 147.3888006279526 169.7062356535809 0.0 2.23606797749979 0.4472135954999579 1 0 0 0.8511628660759536 0.5249016816636887 2.036393456832545
cell 121.13237951332447 29.345778879244776 0.0 1.0 1.0 1 0 0 0.0 1.0 0
cell 143.5322521413127 12.351759598974104 0.0 1.0 1.0 1 0 0 0.0 1.0 0
cell 19.49216031506089 51.17694205900663 0.0 2.23606797749979 0.4472135954999579 1 0 0 0.8549540757422665 0.5187036999787904 2.0509245930466893
cell 122.81532379408763 171.78357302709873 0.0 1.0 1.0 1 0 0 0.0 1.0 0
cell 115.12707224533678 154.2731701248022 0.0 1.0 1.0 1 0 0 0.0 1.0 0
cell 93.07454282006623 98.12654757418574 0.0 1.0 1.0 1 0 0 0.0 1.0 0
cell 101.13289093589269 16.69624469287683 0.0 1.0 1.0 1 0 0 0.0 1.0 0
cell 67.64618346374395 20.4639480976071 0.0 2.23606797749979 0.4472135954999579 1 0 0 0.9145805016000558 0.40440388980942116 2.3089387510830894
cell 142.95434786171566 91.2694319079 0.0 1.0 1.0 1 0 0 0.0 1.0 0
cell 107.4287455568383 28.23317130604285 0.0 1.0 1.0 1 0 0 0.0 1.0 0
cell 145.58857286652338 32.08955723127846 0.0 1.0 1.0 1 0 0 0.0 1.0 0
cell 52.44375445775674 14.144593659203881 0.0 1.0 1.0 1 0 0 0.0 1.0 0
cell 13.528625224528591 8.026999185216251 0.0 2.23606797749979 0.4472135954999579 1 0 0 -0.09738281587147925 0.9952469980728108 6.0881105137706335
cell 159.82687000897022 161.6197768324685 0.0 1.0 1.0 1 0 0 0.0 1.0 0
cell 138.05985553855615 109.24993569212906 0.0 1.0 1.0 1 0 0 0.0 1.0 0
cell 146.8436900689204 185.03501425613396 0.0 1.0 1.0 1 0 0 0.0 1.0 0
cell 121.3633285468627 134.74960580043165 0.0 1.0 1.0 1 0 0 0.0 1.0 0
cell 102.62381923934717 28.523224440577494 0.0 1.0 1.0 1 0 0 0.0 1.0 0
cell 87.59668350127141 106.06634513583637 0.0 1.0 1.0 1 0 0 0.0 1.0 0
cell 116.38280294676814 89.5747319914543 0.0 2.23606797749979 0.4472135954999579 1 0 0 -0.11440553907387002 -0.9934341309967245 0.22931317827355535
cell 30.344747224173794 156.29911126912833 0.0 2.23606797749979 0.4472135954999579 1 0 0 0.3025143153141269 -0.9531448415797176 5.668526369249643
cell 95.04713495637459 36.30415797909327 0.0 1.0 1.0 1 0 0 0.0 1.0 0
cell 139.1356303668672 29.310261422233527 0.0 1.0 1.0 1 0 0 0.0 1.0 0
cell 154.45948650127428 178.4221742225365 0.0 2.23606797749979 0.4472135954999579 1 0 0 0.9744182736868254 0.22474213647019317 2.688235864005245
cell 112.29063404380915 14.797448542613074 0.0 1.0 1.0 1 0 0 0.0 1.0 0
cell 151.19326200559686 180.35723384410582 0.0 2.23606797749979 0.4472135954999579 1 0 0 0.9908907694127769 0.13466804777880742 2.871435751619309
cell 36.69285335317109 26.927373780690036 0.0 1.0 1.0 1 0 0 0.0 1.0 0
cell 10.316794558722258 174.46138763887862 0.0 2.23606797749979 0.4472135954999579 1 0 0 0.36132445936721164 0.9324401509281934 0.7393758522798587
cell 88.45868923752612 117.89003305783865 0.0 1.0 1.0 1 0 0 0.0 1.0 0
cell 121.8884124771064 168.60324143037568 0.0 1.0 1.0 1 0 0 0.0 1.0 0
cell 67.35998442714502 6.2207060853733 0.0 2.23606797749979 0.4472135954999579 1 0 0 0.847279725205314 0.5311469356552926 2.0216853333382283
cell 46.5185047187869 66.04014466493238 0.0 1.0 1.0 1 0 0 0.0 1.0 0
cell 126.16679878072613 88.12013672207281 0.0 2.23606797749979 0.4472135954999579 1 0 0 0.2896545259560792 0.957131263512565 0.587731741244659
cell 119.40533611242763 99.17720433856826 0.0 1.0 1.0 1 0 0 0.0 1.0 0
cell 40.25453101089459 24.436800226397065 0.0 2.23606797749979 0.4472135954999579 1 0 0 -0.3658235365280287 -0.9306842322303124 0.7490350429520536
cell 38.24007135062934 63.31120559754796 0.0 1.0 1.0 1 0 0 0.0 1.0 0
cell 139.60128600524914 186.24871839564412 0.0 2.23606797749979 0.4472135954999579 1 0 0 0.9992922667971099 0.037616027428393484 3.06634284563274
cell 149.20455607166153 155.9158081265118 0.0 2.23606797749979 0.4472135954999579 1 0 0 0.5349564737843083 0.8448796193282558 1.128912457280495
cell 10.815907102053215 178.6551626645389 0.0 1.0 1.0 1 0 0 0.0 1.0 0
cell 75.99843500860214 150.6413122948796 0.0 2.23606797749979 0.4472135954999579 1 0 0 0.37485647585465875 -0.9270828563347645 5.5147013931627855
cell 124.10079857772679 28.088028536587956 0.0 1.0 1.0 1 0 0 0.0 1.0 0
cell 165.6108579548056 112.06510510823308 0.0 2.23606797749979 0.4472135954999579 1 0 0 0.8280486233918856 0.5606562915894223 1.951236326221976
cell 53.90306037666709 182.4230715267564 0.0 1.0 1.0 1 0 0 0.0 1.0 0
cell 124.46641957661701 158.92685219559155 0.0 1.0 1.0 1 0 0 0.0 1.0 0
cell 74.20537124367081 96.00472372558401 0.0 1.0 1.0 1 0 0 0.0 1.0 0
cell 16.181517119601413 149.9600273785387 0.0 2.23606797749979 0.4472135954999579 1 0 0 0.999990632303166 0.004328429959488763 3.1329357666391013
cell 86.10374790818419 33.23142432143966 0.0 1.0 1.0 1 0 0 0.0 1.0 0
cell 131.4767121053268 177.5588274378908 0.0 2.23606797749979 0.4472135954999579 1 0 0 0.9845529807401252 0.1750869158896082 2.789604559557125
cell 22.114197881837775 124.23899290712632 0.0 2.23606797749979 0.4472135954999579 1 0 0 0.9972041857639518 -0.07472490812877634 3.2911819037669687
cell 79.48714709549247 182.15286959391628 0.0 2.23606797749979 0.4472135954999579 1 0 0 0.8654878636792587 0.5009298931226933 2.0922469397408636
cell 87.08205683292587 83.42372248525633 0.0 1.0 1.0 1 0 0 0.0 1.0 0
cell 87.25240373203889 127.6610573033794 0.0 1.0 1.0 1 0 0 0.0 1.0 0
cell 73.68131660888257 136.80720705956207 0.0 2.23606797749979 0.4472135954999579 1 0 0 0.9819310392765289 -0.18923909243418996 3.5223670120076025
cell 109.13172678821859 176.56513981132522 0.0 2.23606797749979 0.4472135954999579 1 0 0 0.9699723352045599 0.24321527283008515 2.6502340746811877
cell 43.85407173736176 30.339269924398945 0.0 1.0 1.0 1 0 0 0.0 1.0 0
cell 135.31941045060756 22.198804507675927 0.0 1.0 1.0 1 0 0 0.0 1.0 0
cell 21.90669027134293 26.55196719622073 0.0 2.23606797749979 0.4472135954999579 1 0 0 -0.05861750142928277 0.9982805159503956 6.165883063498448
cell 87.02875768540449 36.58576943551227 0.0 1.0 1.0 1 0 0 0.0 1.0 0
cell 53.94311453550905 57.80255349786099 0.0 2.23606797749979 0.4472135954999579 1 0 0 0.1396501478057373 -0.9902009069970779 6.0029691240896055
cell 132.5810626980852 34.81464739391736 0.0 1.0 1.0 1 0 0 0.0 1.0 0
cell 83.30365450470615 48.09800252121869 0.0 1.0 1.0 1 0 0 0.0 1.0 0
cell 107.44517944211987 85.36766895134122 0.0 2.23606797749979 0.4472135954999579 1 0 0 -0.10579048438922965 -0.9943884419142713 0.21197762556517397
cell 108.98669427472082 102.411952635093 0.0 1.0 1.0 1 0 0 0.0 1.0 0
cell 80.09306334356721 67.21450900380566 0.0 2.23606797749979 0.4472135954999579 1 0 0 -0.39211303145067555 -0.9199170454810377 0.8058549035562184
cell 142.3460243496901 140.87086365702245 0.0 2.23606797749979 0.4472135954999579 1 0 0 -0.8880493736937489 -0.45974809394073646 2.186169622667933
cell 59.61244593020035 1.0295896005515133 0.0 1.0 1.0 1 0 0 0.0 1.0 0
cell 73.15792926002736 177.48476868753175 0.0 1.0 1.0 1 0 0 0.0 1.0 0
cell 132.88651487813627 82.27138543888307 0.0 1.0 1.0 1 0 0 0.0 1.0 0
cell 120.15094698490775 62.40927322402837 0.0 1.0 1.0 1 0 0 0.0 1.0 0
cell 102.73984934618424 176.1670433316032 0.0 2.23606797749979 0.4472135954999579 1 0 0 0.9633363319132561 0.2682966858086641 2.5983437450648106
cell 48.613423038613924 8.810316662340162 0.0 1.0 1.0 1 0 0 0.0 1.0 0
cell 167.0216162013994 25.626131050095246 0.0 2.23606797749979 0.4472135954999579 1 0 0 0.12070132590733254 -0.9926888686412334 6.041192620642637
cell 89.54721813184342 33.920972698439776 0.0 1.0 1.0 1 0 0 0.0 1.0 0
cell 146.27869555801 88.4420082097693 0.0 1.0 1.0 1 0 0 0.0 1.0 0
cell 46.40643566198017 137.3011011936096 0.0 2.23606797749979 0.4472135954999579 1 0 0 0.9159675810471117 0.40125227783864714 2.315825451053844
cell 63.06116257357855 26.980110114075433 0.0 2.23606797749979 0.4472135954999579 1 0 0 0.9277706994828173 0.37315081291773156 2.3767870082984253
cell 21.121522319968257 50.83710732137354 0.0 2.23606797749979 0.4472135954999579 1 0 0 0.8725289929501163 0.48856233631078827 2.120710065453321
cell 111.19768123715527 21.150224679081262 0.0 1.0 1.0 1 0 0 0.0 1.0 0
cell 58.847515552912064 38.458031909618576 0.0 1.0 1.0 1 0 0 0.0 1.0 0
cell 117.74873423014532 81.16448652827756 0.0 2.23606797749979 0.4472135954999579 1 0 0 0.26999686484776975 0.9628612013018154 0.5467795507737808
cell 124.54830644863948 59.89617780940063 0.0 1.0 1.0 1 0 0 0.0 1.0 0
cell 58.21230099192461 183.76178708029022 0.0 1.0 1.0 1 0 0 0.0 1.0 0
cell 139.33684382997026 103.59940228359446 0.0 2.23606797749979 0.4472135954999579 1 0 0 -0.27311647945859885 -0.9619809710426401 0.5532623926903124
cell 52.49659516628554 28.460127941410498 0.0 2.23606797749979 0.4472135954999579 1 0 0 0.8818130112573868 0.4715992082024523 2.1593857614066465
cell 123.11272511256718 95.38014851973922 0.0 2.23606797749979 0.4472135954999579 1 0 0 -0.21935845986371066 -0.9756443338052145 0.44231373300166865
cell 112.85065250033664 169.99018097269118 0.0 1.0 1.0 1 0 0 0.0 1.0 0
cell 151.5758250333898 110.65994063622398 0.0 2.23606797749979 0.4472135954999579 1 0 0 0.4074381947118378 0.9132327838453669 0.8392941915104547
cell 63.8348325765338 72.86447688045101 0.0 1.0 1.0 1 0 0 0.0 1.0 0
cell 118.25685423478068 27.06893803927575 0.0 1.0 1.0 1 0 0 0.0 1.0 0
cell 88.89757703498599 65.879876177475 0.0 2.23606797749979 0.4472135954999579 1 0 0 -0.40348712593677877 -0.9149853218512732 0.8306495716776885
cell 175.26195729812213 72.37693402219081 0.0 2.23606797749979 0.4472135954999579 1 0 0 0.9999997648307306 0.0006858122801264911 3.140221028922019
cell 103.35337766925657 62.61088048908221 0.0 1.0 1.0 1 0 0 0.0 1.0 0
cell 140.6700629343285 20.221112412387363 0.0 1.0 1.0 1 0 0 0.0 1.0 0
cell 83.87358751865017 138.01494396261117 0.0 2.23606797749979 0.4472135954999579 1 0 0 0.9998386516302433 -0.017963037221384853 3.177520660361789
cell 158.8917390650644 41.84162027249893 0.0 1.0 1.0 1 0 0 0.0 1.0 0
cell 36.24401672767467 23.58729174776452 0.0 1.0 1.0 1 0 0 0.0 1.0 0
cell 72.11515122645062 12.344133420503844 0.0 2.23606797749979 0.4472135954999579 1 0 0 0.9008016240583352 0.43423085345685175 2.2432241453496276
cell 72.24331248614548 182.7582924327955 0.0 1.0 1.0 1 0 0 0.0 1.0 0
cell 176.15542061152763 96.91721239560913 0.0 2.23606797749979 0.4472135954999579 1 0 0 0.08628802453106757 -0.9962702328296906 6.1103943813464
cell 64.93936564821452 26.707345630901965 0.0 2.23606797749979 0.4472135954999579 1 0 0 -0.9377613950598949 -0.3472802412106391 2.4322541076126414
cell 76.22035303650863 75.17723330740272 0.0 1.0 1.0 1 0 0 0.0 1.0 0
cell 18.746340429873772 145.2850535745774 0.0 1.0 1.0 1 0 0 0.0 1.0 0
cell 32.787342909461564 38.582068198342434 0.0 2.23606797749979 0.4472135954999579 1 0 0 0.9705039949705473 0.24108503841219162 2.65462523066495
cell 72.91351975893892 18.160708603161062 0.0 2.23606797749979 0.4472135954999579 1 0 0 0.9200399921269514 0.39182446693262946 2.336365078845677
cell 69.4632582162739 56.32787155425554 0.0 2.23606797749979 0.4472135954999579 1 0 0 -0.4679253575152886 -0.8837679897994661 0.9738836368181794
cell 60.02784738594509 13.290651345596734 0.0 1.0 1.0 1 0 0 0.0 1.0 0
cell 128.05467128705348 178.26397253336654 0.0 2.23606797749979 0.4472135954999579 1 0 0 0.9957322847156979 0.092288770578313 2.9567520885761374
cell 78.94305378377145 131.176135184427 0.0 2.23606797749979 0.4472135954999579 1 0 0 0.46960120467836597 0.882878648832685 0.9776780496311582
cell 55.55933452519981 82.82160216895619 0.0 2.23606797749979 0.4472135954999579 1 0 0 0.997827185008037 -0.06588557398199318 3.2734593226874384
cell 102.77859634516373 116.04100516043162 0.0 1.0 1.0 1 0 0 0.0 1.0 0
cell 171.4380168454839 64.5685822641973 0.0 1.0 1.0 1 0 0 0.0 1.0 0
cell 149.09512795237916 114.87283488003244 0.0 2.23606797749979 0.4472135954999579 1 0 0 0.33082105733851097 0.9436935032209502 0.6743469784719888
cell 87.6197578523668 67.42572144752211 0.0 2.23606797749979 0.4472135954999579 1 0 0 0.37705892258565504 0.9261892727183494 0.7732375509158156
cell 114.77584867272135 76.28547371447011 0.0 2.23606797749979 0.4472135954999579 1 0 0 -0.270578618969232 -0.9626978814543549 0.5479880394853902
cell 15.58849325169655 57.74112222885479 0.0 2.23606797749979 0.4472135954999579 1 0 0 0.8771501508834054 0.480216214642133 2.1397902685800148
cell 86.4153284103205 73.31791114686752 0.0 2.23606797749979 0.4472135954999579 1 0 0 -0.2965917142412128 -0.9550043743582847 0.6022435942987707
cell 165.7358988708089 153.16301877529898 0.0 2.23606797749979 0.4472135954999579 1 0 0 0.7719247129437358 -0.6357139589050497 4.5194588048226505
cell 152.95747496868972 172.45860451133998 0.0 1.0 1.0 1 0 0 0.0 1.0 0
cell 66.0220957176045 118.52651189087854 0.0 2.23606797749979 0.4472135954999579 1 0 0 0.9883674271899677 -0.15208493965506198 3.4469474743946242
cell 132.0279294926982 98.46161072228271 0.0 2.23606797749979 0.4472135954999579 1 0 0 0.2221632926717592 0.9750094724612897 0.4480653038155305
cell 185.08747409664264 144.13060208800357 0.0 2.23606797749979 0.4472135954999579 1 0 0 0.6455966685193263 -0.7636785590788491 4.879576639359287
cell 140.0550081437656 70.3230676365965 0.0 1.0 1.0 1 0 0 0.0 1.0 0
cell 66.34018461004659 160.52083213231333 0.0 2.23606797749979 0.4472135954999579 1 0 0 0.8502738848299698 -0.5263404988941581 4.2501744430569435
cell 94.87878273257819 52.07539371595294 0.0 1.0 1.0 1 0 0 0.0 1.0 0
cell 52.5905574039632 102.66632641691585 0.0 2.23606797749979 0.4472135954999579 1 0 0 0.9379805463017972 -0.34668789243263476 3.849668022057818
cell 18.534746824595878 55.09279360188076 0.0 2.23606797749979 0.4472135954999579 1 0 0 0.8863899577634907 0.46293935107747886 2.1789757927307485
cell 136.60949001784354 117.86567608942964 0.0 1.0 1.0 1 0 0 0.0 1.0 0
cell 143.1220207729817 3.9625691083121617 0.0 1.0 1.0 1 0 0 0.0 1.0 0
cell 96.24279687795443 65.38878290816092 0.0 1.0 1.0 1 0 0 0.0 1.0 0
cell 31.104526153549052 50.347495253915916 0.0 2.23606797749979 0.4472135954999579 1 0 0 0.9289317026432852 0.3702511199500241 2.383033977348282
cell 114.4388609526326 78.00928620703105 0.0 2.23606797749979 0.4472135954999579 1 0 0 0.3132091725495734 0.9496841655154684 0.6371407154951176
cell 150.12171431712397 67.4623176107084 0.0 2.23606797749979 0.4472135954999579 1 0 0 0.9300805154854425 -0.3673557331992162 3.8939213881850896
cell 81.59146128612733 42.62480144715753 0.0 1.0 1.0 1 0 0 0.0 1.0 0
cell 145.40783882494 167.35710406568253 0.0 2.23606797749979 0.4472135954999579 1 0 0 -0.7664200658733842 -0.6423396941079054 1.7464983898458115
cell 160.38847983752424 151.81654587743577 0.0 1.0 1.0 1 0 0 0.0 1.0 0
cell 83.50789422196104 93.04277594949428 0.0 1.0 1.0 1 0 0 0.0 1.0 0
cell 3.22976644670389 143.06599244604598 0.0 2.23606797749979 0.4472135954999579 1 0 0 -0.857315230054033 0.5147917989997514 4.223122212006578
cell 113.49638142624525 3.9402184883029 0.0 1.0 1.0 1 0 0 0.0 1.0 0
cell 76.20073736455026 176.76894475897524 0.0 1.0 1.0 1 0 0 0.0 1.0 0
cell 5.925497062648997 144.2176574971872 0.0 2.23606797749979 0.4472135954999579 1 0 0 0.9898207179164403 0.14231987346601577 2.8559831475000297
cell 48.77830816291399 187.43196836905025 0.0 1.0 1.0 1 0 0 0.0 1.0 0
cell 90.49618590864013 47.66399266137116 0.0 1.0 1.0 1 0 0 0.0 1.0 0
cell 138.25120497930914 61.2914482462805 0.0 1.0 1.0 1 0 0 0.0 1.0 0
cell 135.53889990399162 70.84919216167637 0.0 1.0 1.0 1 0 0 0.0 1.0 0
cell 152.64887483675702 108.56338544449629 0.0 2.23606797749979 0.4472135954999579 1 0 0 -0.406666593107999 -0.9135766426797115 0.8376046851027255
cell 105.63360689863879 42.886546176607496 0.0 1.0 1.0 1 0 0 0.0 1.0 0
cell 181.90538025861972 163.5997362214659 0.0 2.23606797749979 0.4472135954999579 1 0 0 0.4245648966104968 -0.905397508592838 5.406222776605195
cell 154.21594803457694 62.626778428906526 0.0 1.0 1.0 1 0 0 0.0 1.0 0
cell 50.31359513784259 9.83572843839418 0.0 1.0 1.0 1 0 0 0.0 1.0 0
cell 169.73571661158502 147.61016196376082 0.0 2.23606797749979 0.4472135954999579 1 0 0 0.742335156374718 -0.6700287423761184 4.61008766487726
cell 75.70856406379993 39.50227999041643 0.0 1.0 1.0 1 0 0 0.0 1.0 0
cell 102.90135431002733 85.84474519600657 0.0 2.23606797749979 0.4472135954999579 1 0 0 -0.09936713714419142 -0.9950508389302365 0.199062780690749
cell 8.974951270563254 81.78314718204284 0.0 2.23606797749979 0.4472135954999579 1 0 0 0.934957694536338 0.35475922740260835 2.416279589122391
cell 121.6728873197974 180.12262564831542 0.0 2.23606797749979 0.4472135954999579 1 0 0 -0.9996396929253779 0.026841839133265287 3.195282780322062
cell 75.73474557556851 8.80869028738481 0.0 2.23606797749979 0.4472135954999579 1 0 0 0.8894562238633015 0.45702037791638633 2.1923079186866157
cell 141.10115756363695 177.14557085597238 0.0 2.23606797749979 0.4472135954999579 1 0 0 0.9537869824059299 0.300483597211213 2.5311933694340065
cell 65.93578315477535 95.04993035550598 0.0 1.0 1.0 1 0 0 0.0 1.0 0
cell 46.76454610225859 182.01720973224744 0.0 1.0 1.0 1 0 0 0.0 1.0 0
cell 44.68965869331665 17.92611545614311 0.0 2.23606797749979 0.4472135954999579 1 0 0 0.3285887652203565 0.9444730929841048 0.6696179655075626
cell 97.85578358025583 48.57999023027828 0.0 1.0 1.0 1 0 0 0.0 1.0 0
cell 96.33490300064128 35.24225760484949 0.0 1.0 1.0 1 0 0 0.0 1.0 0
cell 95.32588043840327 37.834152059610375 0.0 1.0 1.0 1 0 0 0.0 1.0 0
cell 137.20352372915738 92.50652851319047 0.0 2.23606797749979 0.4472135954999579 1 0 0 0.31548715186364057 0.9489298483075386 0.6419399600058947
cell 22.213664182166326 24.17232210921135 0.0 1.0 1.0 1 0 0 0.0 1.0 0
cell 77.38092160594117 87.15471758033871 0.0 1.0 1.0 1 0 0 0.0 1.0 0
cell 141.96737561164434 11.704718255639154 0.0 1.0 1.0 1 0 0 0.0 1.0 0
cell 111.92010221086248 92.6766660016011 0.0 1.0 1.0 1 0 0 0.0 1.0 0
cell 144.48285323703837 176.8604028802559 0.0 1.0 1.0 1 0 0 0.0 1.0 0
cell 94.29268393789677 158.45800679932935 0.0 2.23606797749979 0.4472135954999579 1 0 0 0.8539112499920251 -0.5204186556389551 4.236274968641091
cell 141.73394843914795 43.10343738695736 0.0 1.0 1.0 1 0 0 0.0 1.0 0
cell 68.60519130678276 177.28204331866596 0.0 1.0 1.0 1 0 0 0.0 1.0 0
cell 177.94003716238583 122.54932079850626 0.0 2.23606797749979 0.4472135954999579 1 0 0 -0.058317769571357314 -0.99829807059426 0.11670175270583893
cell 134.3339768533305 166.52096952217667 0.0 1.0 1.0 1 0 0 0.0 1.0 0
cell 93.27502701143342 83.98046168588212 0.0 1.0 1.0 1 0 0 0.0 1.0 0
cell 7.258554562930463 147.09109729477532 0.0 2.23606797749979 0.4472135954999579 1 0 0 0.9920737925986987 0.12565663547475026 2.889613283268231
cell 112.76769501134805 21.63744214172486 0.0 1.0 1.0 1 0 0 0.0 1.0 0
cell 171.5940743336278 154.17123779912453 0.0 2.23606797749979 0.4472135954999579 1 0 0 0.3497190966209101 0.9368546063603758 0.7145425003495547
cell 98.6738574822999 74.90922416878506 0.0 2.23606797749979 0.4472135954999579 1 0 0 0.23062509475513251 0.973042684402481 0.4654400929560108
cell 93.53782875778765 119.60121915822462 0.0 1.0 1.0 1 0 0 0.0 1.0 0
cell 8.931747051724983 139.62704188379703 0.0 2.23606797749979 0.4472135954999579 1 0 0 0.5630181519825259 0.8264445296196118 1.1960664961513168
cell 81.32873757622328 10.205647363777015 0.0 1.0 1.0 1 0 0 0.0 1.0 0
cell 108.17463038212104 36.540292940313826 0.0 1.0 1.0 1 0 0 0.0 1.0 0
cell 120.94489054118483 67.99635899910149 0.0 1.0 1.0 1 0 0 0.0 1.0 0
cell 83.85217911841531 2.922808268148881 0.0 2.23606797749979 0.4472135954999579 1 0 0 0.9191331882305721 0.39394692826966377 2.331748960216976
cell 108.74224521748833 38.11877207162327 0.0 1.0 1.0 1 0 0 0.0 1.0 0
cell 96.97816175826124 107.42336755450957 0.0 1.0 1.0 1 0 0 0.0 1.0 0
cell 83.45553481057888 180.7739055552734 0.0 2.23606797749979 0.4472135954999579 1 0 0 0.898901018035527 0.4381517542754942 2.234509606573096
cell 63.36884282646898 86.76337063262287 0.0 1.0 1.0 1 0 0 0.0 1.0 0
cell 76.69392524918963 72.61501848545316 0.0 2.23606797749979 0.4472135954999579 1 0 0 -0.2799989830309296 -0.9600002966153944 0.5675860997314199
cell 95.27338175208028 60.304483364354425 0.0 1.0 1.0 1 0 0 0.0 1.0 0
cell 80.31406828326233 116.0870865767094 0.0 1.0 1.0 1 0 0 0.0 1.0 0
cell 15.57120240923503 10.496127711757643 0.0 2.23606797749979 0.4472135954999579 1 0 0 -0.0363300116345402 0.9993398472264748 6.2105092907819675
cell 134.9603768829091 78.26078075399309 0.0 1.0 1.0 1 0 0 0.0 1.0 0
cell 145.32237173858067 9.669707167674002 0.0 1.0 1.0 1 0 0 0.0 1.0 0
cell 143.94768722700354 7.387330053448457 0.0 1.0 1.0 1 0 0 0.0 1.0 0
cell 136.73908299592603 53.311846675262316 0.0 1.0 1.0 1 0 0 0.0 1.0 0
cell 96.3443751474272 71.00839015439898 0.0 2.23606797749979 0.4472135954999579 1 0 0 -0.25129303757368027 -0.9679110544192544 0.5080318586391916
cell 167.26320678562342 55.30320326263135 0.0 1.0 1.0 1 0 0 0.0 1.0 0
cell 163.8089784392945 7.418052154085904 0.0 2.23606797749979 0.4472135954999579 1 0 0 0.6701573788012317 0.7422190294234327 1.468841610760957
cell 66.5372258479756 68.7204660549961 0.0 1.0 1.0 1 0 0 0.0 1.0 0
cell 132.5207588152683 160.20075238727813 0.0 1.0 1.0 1 0 0 0.0 1.0 0
cell 79.79757033813702 79.55717111105243 0.0 1.0 1.0 1 0 0 0.0 1.0 0
cell 78.45907859008891 15.663411996489408 0.0 1.0 1.0 1 0 0 0.0 1.0 0
cell 28.08571053753145 142.2696531975254 0.0 2.23606797749979 0.4472135954999579 1 0 0 0.9108718929686779 0.4126892227810868 2.2907837422691233
cell 36.595181698624195 53.87123541282926 0.0 2.23606797749979 0.4472135954999579 1 0 0 0.989765293704597 0.14270481203467847 2.8552053312060144
cell 149.47208785275657 117.23280460800682 0.0 1.0 1.0 1 0 0 0.0 1.0 0
cell 58.00292153440025 23.689948053750758 0.0 2.23606797749979 0.4472135954999579 1 0 0 0.8440963182356453 0.5361915754103455 2.0097551069023813
cell 155.25786845730056 96.08111199299458 0.0 1.0 1.0 1 0 0 0.0 1.0 0
cell 107.0945291060237 187.32004564985436 0.0 1.0 1.0 1 0 0 0.0 1.0 0
cell 147.59369982302127 31.487948419368113 0.0 1.0 1.0 1 0 0 0.0 1.0 0
cell 69.72326619751553 35.122603687470175 0.0 1.0 1.0 1 0 0 0.0 1.0 0
cell 72.14758072079448 24.550558934596193 0.0 1.0 1.0 1 0 0 0.0 1.0 0
cell 122.60081427236335 133.25399861714493 0.0 1.0 1.0 1 0 0 0.0 1.0 0
cell 159.02567632338219 6.395544688395094 0.0 1.0 1.0 1 0 0 0.0 1.0 0
cell 137.18175484000594 145.18170116597113 0.0 2.23606797749979 0.4472135954999579 1 0 0 -0.27590658765530196 -0.9611844541441602 0.5590655466002863
cell 140.0484024640831 90.34317938646664 0.0 1.0 1.0 1 0 0 0.0 1.0 0
cell 105.30688713334587 12.188848890320223 0.0 1.0 1.0 1 0 0 0.0 1.0 0
cell 123.0429189645457 167.11294666509787 0.0 1.0 1.0 1 0 0 0.0 1.0 0
cell 108.42961956212874 90.90841716565718 0.0 1.0 1.0 1 0 0 0.0 1.0 0
cell 14.276585816711465 99.47845087429863 0.0 2.23606797749979 0.4472135954999579 1 0 0 0.99974932641728 0.022389379808179757 3.096810151980856
cell 72.29110164793413 186.65836434213563 0.0 2.23606797749979 0.4472135954999579 1 0 0 0.8318305725374603 0.5550296375798333 1.9647954634702536
cell 58.11469012352394 52.201590755962236 0.0 2.23606797749979 0.4472135954999579 1 0 0 -0.09096212862948579 -0.9958543523805039 0.18217607283862858
cell 88.73621802650518 87.59461387272073 0.0 1.0 1.0 1 0 0 0.0 1.0 0
cell 108.20199534452993 84.9005550466578 0.0 2.23606797749979 0.4472135954999579 1 0 0 -0.12089300825477316 -0.9926655431489054 0.24237887924029078
cell 125.09183356030519 111.08305074427612 0.0 1.0 1.0 1 0 0 0.0 1.0 0
cell 73.31289084241298 116.75018587013017 0.0 2.23606797749979 0.4472135954999579 1 0 0 0.31531954714731886 0.9489855547830061 0.6415867204134175
cell 66.55550529457912 183.72566902488484 0.0 2.23606797749979 0.4472135954999579 1 0 0 0.5851635335895945 0.8109153093615508 1.2501634170549805
cell 114.76557663788498 172.02459137213506 0.0 2.23606797749979 0.4472135954999579 1 0 0 0.9988530666116352 0.04788059440454239 3.0457948374082435
cell 78.41617802265219 139.672890870585 0.0 2.23606797749979 0.4472135954999579 1 0 0 -0.005641589823999013 0.9999840861055028 6.271902067678097
cell 27.188825704223813 146.57163239406978 0.0 2.23606797749979 0.4472135954999579 1 0 0 0.9492057473740377 0.3146560807486397 2.5014040354032843
cell 123.63126287236365 80.07691898417585 0.0 1.0 1.0 1 0 0 0.0 1.0 0
cell 111.58230569923673 11.761109267216414 0.0 1.0 1.0 1 0 0 0.0 1.0 0
cell 162.26816457591104 117.77905963051066 0.0 2.23606797749979 0.4472135954999579 1 0 0 0.3919635758911911 0.9199807363062503 0.805529982116266
cell 55.10512246647425 43.95454344865613 0.0 1.0 1.0 1 0 0 0.0 1.0 0
cell 111.67298087785478 55.39353884599725 0.0 1.0 1.0 1 0 0 0.0 1.0 0
cell 12.34538806324626 93.8908836543624 0.0 2.23606797749979 0.4472135954999579 1 0 0 0.9422912277673872 0.33479432801741155 2.458818746234663
cell 66.5070234070935 24.12206172139722 0.0 2.23606797749979 0.4472135954999579 1 0 0 0.9287420886025405 0.3707264933319318 2.382010388871615
cell 148.75887513606244 48.78521526740078 0.0 1.0 1.0 1 0 0 0.0 1.0 0
cell 86.40036364564605 143.92329278756125 0.0 2.23606797749979 0.4472135954999579 1 0 0 0.19255403423568404 -0.9812863720135744 5.89565685493191
cell 100.41717551990156 78.18145379752123 0.0 2.23606797749979 0.4472135954999579 1 0 0 -0.2065792931057426 -0.9784298624121872 0.4161550853804341
cell 106.75934422263887 159.80320408386547 0.0 1.0 1.0 1 0 0 0.0 1.0 0
cell 139.5199270457908 53.54708111564378 0.0 1.0 1.0 1 0 0 0.0 1.0 0
cell 116.61208340021132 29.942024899093038 0.0 1.0 1.0 1 0 0 0.0 1.0 0
cell 12.205332855061547 20.358549891681694 0.0 2.23606797749979 0.4472135954999579 1 0 0 0.33189288460441474 -0.9433170798564822 5.6065663178132255
cell 164.99148768017642 60.026281304905645 0.0 1.0 1.0 1 0 0 0.0 1.0 0
cell 105.44367410530518 101.1609239331618 0.0 1.0 1.0 1 0 0 0.0 1.0 0
cell 67.95440632253187 180.45178083845295 0.0 1.0 1.0 1 0 0 0.0 1.0 0
cell 148.34428177638992 181.30886515397935 0.0 2.23606797749979 0.4472135954999579 1 0 0 0.9982419019791258 0.059271452935602896 3.0229802288116425
cell 86.57194813182177 21.091488830798024 0.0 1.0 1.0 1 0 0 0.0 1.0 0
cell 127.2667914331154 82.52925804225733 0.0 1.0 1.0 1 0 0 0.0 1.0 0
cell 159.99427323204313 83.68522007322683 0.0 1.0 1.0 1 0 0 0.0 1.0 0
cell 179.2015938952368 59.68044330935061 0.0 2.23606797749979 0.4472135954999579 1 0 0 0.0737964916941293 -0.9972733215190499 6.135458031106805
cell 72.01096289188035 37.70103580047554 0.0 1.0 1.0 1 0 0 0.0 1.0 0
cell 12.188140456491103 19.392873447174924 0.0 2.23606797749979 0.4472135954999579 1 0 0 0.3329721240646348 -0.9429366705118035 5.604277676972108
cell 148.26008020276834 182.02428270075325 0.0 2.23606797749979 0.4472135954999579 1 0 0 0.9984773351204123 0.055163495636516104 3.031209631176989
cell 182.37435181028187 134.1657016574755 0.0 2.23606797749979 0.4472135954999579 1 0 0 0.3273980292207858 0.9448865172402162 0.6670970354834923
cell 98.09312914614267 158.86484851878262 0.0 2.23606797749979 0.4472135954999579 1 0 0 0.5409255433413392 0.8410704825167015 1.1430743108488832
cell 145.98387092320863 15.97529498443916 0.0 1.0 1.0 1 0 0 0.0 1.0 0
cell 148.722045553329 73.90431297481548 0.0 1.0 1.0 1 0 0 0.0 1.0 0
cell 118.97430042463762 161.81971459375393 0.0 1.0 1.0 1 0 0 0.0 1.0 0
cell 103.64726768630211 98.47813740254949 0.0 1.0 1.0 1 0 0 0.0 1.0 0
cell 105.4372312358627 2.2960126838533625 0.0 1.0 1.0 1 0 0 0.0 1.0 0
cell 93.00859154578707 11.123388077482451 0.0 1.0 1.0 1 0 0 0.0 1.0 0
cell 144.82515385268812 78.09229127162659 0.0 1.0 1.0 1 0 0 0.0 1.0 0
cell 150.41277929865075 43.3142469119563 0.0 1.0 1.0 1 0 0 0.0 1.0 0
cell 117.05911341557064 45.92910924508816 0.0 1.0 1.0 1 0 0 0.0 1.0 0
cell 118.41093952505214 46.71959176143317 0.0 1.0 1.0 1 0 0 0.0 1.0 0
cell 100.78339842422653 74.94036107512642 0.0 2.23606797749979 0.4472135954999579 1 0 0 0.22746928349298695 0.973785256135657 0.4589560921209724
cell 125.37459884543333 54.61295132809216 0.0 1.0 1.0 1 0 0 0.0 1.0 0
cell 160.289344991371 164.79255706970133 0.0 1.0 1.0 1 0 0 0.0 1.0 0
cell 137.03073635299052 152.28743199601746 0.0 1.0 1.0 1 0 0 0.0 1.0 0
cell 26.590290722220566 145.18911016554992 0.0 2.23606797749979 0.4472135954999579 1 0 0 -0.9368049396214564 -0.34985211890288653 2.4267661693499143
cell 148.57419546712185 112.74584385749172 0.0 2.23606797749979 0.4472135954999579 1 0 0 0.3481593118306718 0.9374353810186562 0.7112136997036322
cell 51.76896439720041 84.28242083169981 0.0 2.23606797749979 0.4472135954999579 1 0 0 -0.49098543667110867 -0.871167780038312 1.0264411206476813
cell 147.76783973160397 89.76568159920049 0.0 1.0 1.0 1 0 0 0.0 1.0 0
cell 121.95132482630437 37.17699609927551 0.0 1.0 1.0 1 0 0 0.0 1.0 0
cell 58.96944076797209 5.450478819675709 0.0 1.0 1.0 1 0 0 0.0 1.0 0
cell 79.42675071773927 1.2558409515032072 0.0 2.23606797749979 0.4472135954999579 1 0 0 0.9045973844277886 0.4262670197029131 2.260868515516466
cell 95.53222906819295 19.324490253389214 0.0 1.0 1.0 1 0 0 0.0 1.0 0
cell 121.44012374501597 183.20348853128309 0.0 2.23606797749979 0.4472135954999579 1 0 0 0.9917524645515876 -0.12816805005871004 3.3986358005063027
cell 131.3506197637074 181.3361647523405 0.0 2.23606797749979 0.4472135954999579 1 0 0 0.995023702579514 0.09963850312482074 2.941984434075951
cell 166.61083175155952 61.17224135496269 0.0 1.0 1.0 1 0 0 0.0 1.0 0
cell 157.7378982364933 80.12256925499247 0.0 2.23606797749979 0.4472135954999579 1 0 0 -0.9900790239916253 0.1405116587753156 3.4235490167457248
cell 115.96795424091017 44.80695595264988 0.0 1.0 1.0 1 0 0 0.0 1.0 0
cell 76.09724525959669 68.00066371779135 0.0 2.23606797749979 0.4472135954999579 1 0 0 0.38985573491990877 0.9208759449296403 0.8009498535889951
cell 89.62775585692282 180.63113023881243 0.0 2.23606797749979 0.4472135954999579 1 0 0 0.9503488936295785 0.31118640776395745 2.5087103145722978
cell 37.737635449025134 14.211831078091329 0.0 2.23606797749979 0.4472135954999579 1 0 0 -0.33552752968777405 -0.9420304012194192 0.6843303330142758
cell 100.78478059091312 13.289890985109905 0.0 1.0 1.0 1 0 0 0.0 1.0 0
cell 68.27478941646157 35.14614531699266 0.0 1.0 1.0 1 0 0 0.0 1.0 0
cell 7.321518539133607 21.09637690421076 0.0 2.23606797749979 0.4472135954999579 1 0 0 -0.44185618494288237 0.8970858999157892 5.367851809389514
cell 71.19157500680696 23.45120775728237 0.0 1.0 1.0 1 0 0 0.0 1.0 0
cell 132.82567581948265 95.59839024686602 0.0 2.23606797749979 0.4472135954999579 1 0 0 0.22875597716692925 0.9734837969429195 0.4615991649611533
cell 152.22814644625277 139.88725114911458 0.0 1.0 1.0 1 0 0 0.0 1.0 0
cell 123.06256249068967 87.26713884795693 0.0 2.23606797749979 0.4472135954999579 1 0 0 0.2565946069059281 0.966519119162571 0.5189943759348674
cell 48.40204205678782 28.2417407410328 0.0 1.0 1.0 1 0 0 0.0 1.0 0
cell 77.28003453630495 67.28912168192804 0.0 2.23606797749979 0.4472135954999579 1 0 0 -0.4342206817510004 -0.9008065272519379 0.8983459246259793
cell 23.653829912954972 123.08751278703359 0.0 2.23606797749979 0.4472135954999579 1 0 0 -0.4017810680255766 -0.9157357552133841 0.8269219532246046
cell 133.01245402102722 154.5208236187736 0.0 1.0 1.0 1 0 0 0.0 1.0 0
cell 158.11598785859533 139.99572646658046 0.0 2.23606797749979 0.4472135954999579 1 0 0 0.12170870577891582 0.9925658622668933 0.2440224105203501
cell 165.93029788161064 99.82377950130032 0.0 2.23606797749979 0.4472135954999579 1 0 0 0.46001155041995245 0.8879129312495857 0.9560164139605661
cell 60.920874820917504 42.40081572566887 0.0 1.0 1.0 1 0 0 0.0 1.0 0
cell 102.1086802281463 129.48026723060352 0.0 2.23606797749979 0.4472135954999579 1 0 0 0.9770878544671765 -0.21283638000287877 3.570546529775597
cell 183.03687452413487 24.10392796318284 0.0 2.23606797749979 0.4472135954999579 1 0 0 0.1693954967819595 -0.985548154921916 5.942752768690128
cell 90.58634509026375 140.5416928076201 0.0 2.23606797749979 0.4472135954999579 1 0 0 -0.02764605808212803 -0.9996177746881653 0.0552991619236094
cell 90.35602364311838 130.32813243396077 0.0 1.0 1.0 1 0 0 0.0 1.0 0
cell 111.07942324517764 59.32952717710292 0.0 1.0 1.0 1 0 0 0.0 1.0 0
cell 86.3758974303184 50.51906357332709 0.0 1.0 1.0 1 0 0 0.0 1.0 0
cell 75.78002914574273 33.360681590888674 0.0 1.0 1.0 1 0 0 0.0 1.0 0
cell 90.24279285269508 24.996561934256313 0.0 1.0 1.0 1 0 0 0.0 1.0 0
cell 71.2179191586296 108.15693355804738 0.0 1.0 1.0 1 0 0 0.0 1.0 0
cell 69.46412692885876 79.04626482598144 0.0 1.0 1.0 1 0 0 0.0 1.0 0
cell 183.5432432132557 18.94036510200219 0.0 2.23606797749979 0.4472135954999579 1 0 0 -0.10219100082877675 0.9947647959943159 6.07844589647496
cell 169.1689704212761 75.69984591657999 0.0 2.23606797749979 0.4472135954999579 1 0 0 0.9996576671442685 0.026163878146765338 3.0892589253084095
cell 138.196137333156 135.82655271071567 0.0 1.0 1.0 1 0 0 0.0 1.0 0
cell 82.52364936055284 173.50272717974312 0.0 2.23606797749979 0.4472135954999579 1 0 0 0.8089574593191201 0.5878671865412749 1.8847530320985062
cell 145.69732528762603 19.291449849717146 0.0 1.0 1.0 1 0 0 0.0 1.0 0
cell 179.4341480657389 54.16633673256801 0.0 2.23606797749979 0.4472135954999579 1 0 0 0.8584620171409505 -0.5128771442814453 4.218658569825307
cell 180.5085565639214 83.84374676721941 0.0 2.23606797749979 0.4472135954999579 1 0 0 -0.09018063795885294 -0.9959254251887207 0.1806066410383229
cell 135.92537754244015 7.758924408627924 0.0 1.0 1.0 1 0 0 0.0 1.0 0
cell 161.27995510997084 22.94901543304687 0.0 1.0 1.0 1 0 0 0.0 1.0 0
cell 187.08080919856363 40.45759049977978 0.0 2.23606797749979 0.4472135954999579 1 0 0 0.3346551487972259 -0.942340666311025 5.600706798030058
cell 179.39814606195108 73.08148288140023 0.0 2.23606797749979 0.4472135954999579 1 0 0 0.9979768349438953 -0.06357858849774181 3.268835653361794
cell 38.19346358551108 7.813633993448882 0.0 2.23606797749979 0.4472135954999579 1 0 0 0.4075976261316857 0.9131616369360983 0.8396433634475323
cell 121.2835785864129 125.95292335429765 0.0 1.0 1.0 1 0 0 0.0 1.0 0
cell 157.85579536815155 104.02450835918002 0.0 1.0 1.0 1 0 0 0.0 1.0 0
cell 82.41633532397152 8.489863368130534 0.0 1.0 1.0 1 0 0 0.0 1.0 0
cell 13.370206331788763 155.09822720931845 0.0 2.23606797749979 0.4472135954999579 1 0 0 0.975029239549395 -0.22207652290084282 3.5894799716651953
cell 113.02190985415001 130.65234172268984 0.0 1.0 1.0 1 0 0 0.0 1.0 0
cell 20.15395712751642 144.45259721950455 0.0 2.23606797749979 0.4472135954999579 1 0 0 0.8197715573750215 0.5726906614560184 1.9220240224631426
cell 64.70732302802 38.94738782802702 0.0 1.0 1.0 1 0 0 0.0 1.0 0
cell 104.0816259471785 49.33343776519134 0.0 1.0 1.0 1 0 0 0.0 1.0 0
cell 111.72792933615183 0.5509091876814523 0.0 1.0 1.0 1 0 0 0.0 1.0 0
cell 68.4909836421356 52.93644891723026 0.0 1.0 1.0 1 0 0 0.0 1.0 0
cell 111.07195041510218 139.340830372182 0.0 2.23606797749979 0.4472135954999579 1 0 0 -0.8388308682028381 0.5443921147023281 4.292921178744748
cell 69.44942184929062 119.0074281645294 0.0 2.23606797749979 0.4472135954999579 1 0 0 0.9635482605227023 -0.267534576538575 3.683259507365173
cell 71.2003582742136 6.607450689087602 0.0 2.23606797749979 0.4472135954999579 1 0 0 0.8705766474814237 0.4920328249822413 2.112746155509388
cell 163.88247143711712 132.54780926987073 0.0 2.23606797749979 0.4472135954999579 1 0 0 0.3727962064789172 0.9279132440238842 0.7640412771224481
cell 80.07997629907622 48.593296605841594 0.0 1.0 1.0 1 0 0 0.0 1.0 0
cell 56.9469677466041 11.477208918353572 0.0 1.0 1.0 1 0 0 0.0 1.0 0
cell 126.15820747823386 165.65563190801 0.0 1.0 1.0 1 0 0 0.0 1.0 0
cell 123.84154479110498 155.0002190995734 0.0 1.0 1.0 1 0 0 0.0 1.0 0
cell 43.87319001852994 2.5011010692807174 0.0 1.0 1.0 1 0 0 0.0 1.0 0
cell 55.51270535240107 76.17882485774336 0.0 1.0 1.0 1 0 0 0.0 1.0 0
cell 128.6014396937795 9.285706166334952 0.0 1.0 1.0 1 0 0 0.0 1.0 0
cell 49.38606053107137 4.527742668934358 0.0 1.0 1.0 1 0 0 0.0 1.0 0
cell 158.20537101069897 82.92554370374519 0.0 1.0 1.0 1 0 0 0.0 1.0 0
cell 62.35950465416852 13.486986190665977 0.0 2.23606797749979 0.4472135954999579 1 0 0 0.8647519284241637 0.502199265517872 2.089312381945499
cell 107.94314328643891 149.05401336768648 0.0 1.0 1.0 1 0 0 0.0 1.0 0
cell 115.28604373158142 170.2923521286985 0.0 1.0 1.0 1 0 0 0.0 1.0 0
cell 105.72278958011933 56.84977491834029 0.0 1.0 1.0 1 0 0 0.0 1.0 0
cell 25.654382795431097 43.632288996083545 0.0 2.23606797749979 0.4472135954999579 1 0 0 -0.9049702747857582 -0.4254747956744199 2.262619705031476
cell 178.5368396031569 61.35462573838157 0.0 2.23606797749979 0.4472135954999579 1 0 0 0.9861828576884368 -0.1656604092759294 3.4744479251712734
cell 131.98630610897794 45.41935736152267 0.0 1.0 1.0 1 0 0 0.0 1.0 0
cell 8.582662637019542 65.34834855587495 0.0 2.23606797749979 0.4472135954999579 1 0 0 0.8319870646934316 0.554795028981702 1.965359488255967
cell 149.9400660909271 152.2850639991958 0.0 1.0 1.0 1 0 0 0.0 1.0 0
cell 96.1305481816324 54.95183603645602 0.0 1.0 1.0 1 0 0 0.0 1.0 0
cell 70.02294394010865 73.72966747382215 0.0 1.0 1.0 1 0 0 0.0 1.0 0
cell 25.159037281004718 149.92418850143832 0.0 2.23606797749979 0.4472135954999579 1 0 0 0.9985903087383514 -0.05307914179641459 3.2478008487959866
cell 128.14118909233446 154.77021100042364 0.0 1.0 1.0 1 0 0 0.0 1.0 0
cell 94.37681372998465 111.72588945268691 0.0 1.0 1.0 1 0 0 0.0 1.0 0
cell 90.46954066035407 19.760599129795295 0.0 1.0 1.0 1 0 0 0.0 1.0 0
cell 61.97961668864923 43.74820086904212 0.0 1.0 1.0 1 0 0 0.0 1.0 0
cell 84.84122019637454 146.0295380576234 0.0 2.23606797749979 0.4472135954999579 1 0 0 0.2816200143321922 -0.9595260119077209 5.712221226310411
cell 151.29020060524013 169.38824201924857 0.0 1.0 1.0 1 0 0 0.0 1.0 0
cell 105.52658311212312 165.36841568528195 0.0 1.0 1.0 1 0 0 0.0 1.0 0
cell 45.24273249906269 27.95809474253693 0.0 1.0 1.0 1 0 0 0.0 1.0 0
cell 92.30239725655986 72.9432618700568 0.0 2.23606797749979 0.4472135954999579 1 0 0 -0.2762908536398232 -0.961074068006716 0.5598651601277584
cell 47.32479456322062 45.90763385815259 0.0 1.0 1.0 1 0 0 0.0 1.0 0
cell 163.6154458498351 56.968090958448755 0.0 1.0 1.0 1 0 0 0.0 1.0 0
cell 14.736127918809016 181.2661267078125 0.0 2.23606797749979 0.4472135954999579 1 0 0 0.9652146689721394 0.26145868277990586 2.612526360656672
cell 57.24368502239877 143.14477653879126 0.0 2.23606797749979 0.4472135954999579 1 0 0 0.7051442064377278 0.7090639238653361 1.5652530021506987
cell 59.31610230409231 75.19979797084103 0.0 1.0 1.0 1 0 0 0.0 1.0 0
cell 49.07534536814225 46.23430960797964 0.0 1.0 1.0 1 0 0 0.0 1.0 0
cell 54.90737109073596 187.91827798125604 0.0 1.0 1.0 1 0 0 0.0 1.0 0
cell 20.916318081842086 145.11047337882235 0.0 2.23606797749979 0.4472135954999579 1 0 0 0.874359303948578 0.48527910278370556 2.12822795807872
cell 54.32263291618695 42.541615221725465 0.0 1.0 1.0 1 0 0 0.0 1.0 0
cell 123.67287385612008 34.39317911600738 0.0 1.0 1.0 1 0 0 0.0 1.0 0
cell 111.11414324711563 57.84443881079738 0.0 1.0 1.0 1 0 0 0.0 1.0 0
cell 123.17391383490444 17.086871443821426 0.0 1.0 1.0 1 0 0 0.0 1.0 0
cell 11.161766118011899 182.81627279214507 0.0 2.23606797749979 0.4472135954999579 1 0 0 0.9655880733667032 0.2600762822173107 2.6153902478805056
cell 147.7389605426527 20.836593774011778 0.0 1.0 1.0 1 0 0 0.0 1.0 0
cell 33.9407482754413 12.525543720552388 0.0 1.0 1.0 1 0 0 0.0 1.0 0
cell 139.15379719589382 19.23348058332115 0.0 1.0 1.0 1 0 0 0.0 1.0 0
cell 42.175376667812856 37.50293583723301 0.0 2.23606797749979 0.4472135954999579 1 0 0 0.9805136812835183 0.19645081016845686 2.746118904773623
cell 111.87238294335457 49.686076502078805 0.0 1.0 1.0 1 0 0 0.0 1.0 0
cell 121.67322836388576 66.75694395619308 0.0 1.0 1.0 1 0 0 0.0 1.0 0
cell 147.69627019419227 125.6558160139751 0.0 1.0 1.0 1 0 0 0.0 1.0 0
cell 130.74842293518188 57.912974694937034 0.0 1.0 1.0 1 0 0 0.0 1.0 0
cell 19.424718789156884 60.436331322476846 0.0 2.23606797749979 0.4472135954999579 1 0 0 0.923653573527978 0.3832284907323519 2.355014412066184
cell 100.4011405002935 3.7612248845836564 0.0 1.0 1.0 1 0 0 0.0 1.0 0
cell 115.85755056106275 64.76746898773379 0.0 1.0 1.0 1 0 0 0.0 1.0 0
cell 109.04158340466986 9.86106214581048 0.0 1.0 1.0 1 0 0 0.0 1.0 0
cell 111.99085340657378 63.95493162229711 0.0 1.0 1.0 1 0 0 0.0 1.0 0
cell 76.17533108861666 64.87085441678245 0.0 2.23606797749979 0.4472135954999579 1 0 0 -0.46060314073636516 -0.8876061889958836 0.9573491854025065
cell 66.77148573361798 11.08099876109436 0.0 2.23606797749979 0.4472135954999579 1 0 0 0.8788232748241527 0.47714741079393047 2.1467808088216804
cell 21.76123510779969 63.05570694467538 0.0 1.0 1.0 1 0 0 0.0 1.0 0
cell 141.81267009212064 66.64371270650311 0.0 1.0 1.0 1 0 0 0.0 1.0 0
cell 113.09824171480545 73.52947747011542 0.0 1.0 1.0 1 0 0 0.0 1.0 0
cell 140.4257293150243 135.77897096175874 0.0 1.0 1.0 1 0 0 0.0 1.0 0
cell 107.57378437376985 107.05424795837556 0.0 1.0 1.0 1 0 0 0.0 1.0 0
cell 156.29319856878405 99.26208354331939 0.0 1.0 1.0 1 0 0 0.0 1.0 0
cell 96.45582999262366 1.1662921520839495 0.0 1.0 1.0 1 0 0 0.0 1.0 0
cell 183.9874832055126 36.75393011243357 0.0 2.23606797749979 0.4472135954999579 1 0 0 0.297689079065379 -0.9546628788243557 5.6786431664684995
cell 149.39372618543683 62.72062034473965 0.0 1.0 1.0 1 0 0 0.0 1.0 0
cell 49.84596024898294 152.38861135008466 0.0 2.23606797749979 0.4472135954999579 1 0 0 0.9360003445757434 -0.3519990837404119 3.861004694940434
cell 152.02122654421726 25.463507310425186 0.0 1.0 1.0 1 0 0 0.0 1.0 0
cell 155.67674832599732 150.57383438849033 0.0 2.23606797749979 0.4472135954999579 1 0 0 0.7385747631208855 0.6741715800009133 1.6619076927637169
cell 160.67655704390373 184.81686173151087 0.0 2.23606797749979 0.4472135954999579 1 0 0 0.778887870550711 0.6271632045241325 1.7857811795565874
cell 23.891472036407038 15.43238210135001 0.0 2.23606797749979 0.4472135954999579 1 0 0 0.0022816335783943965 -0.9999973970707193 6.278622036063506
cell 104.08901096545922 33.499509261282576 0.0 1.0 1.0 1 0 0 0.0 1.0 0
cell 2.842890478994636 144.2650606918193 0.0 2.23606797749979 0.4472135954999579 1 0 0 0.812814444519602 -0.5825226852065855 4.385250441125646
cell 133.91299282990613 174.95435877249562 0.0 2.23606797749979 0.4472135954999579 1 0 0 -0.90841801579641 -0.4180630437822906 2.278968571203455
cell 187.7650233908512 34.38961412142475 0.0 2.23606797749979 0.4472135954999579 1 0 0 0.38248469444735367 -0.9239618274114545 5.498217349364241
cell 94.3614495672535 59.17115784458004 0.0 1.0 1.0 1 0 0 0.0 1.0 0
cell 41.38134280006213 173.90112649927607 0.0 2.23606797749979 0.4472135954999579 1 0 0 -0.35112288994179613 0.9363293844363325 5.5656451449559565
cell 94.11820279037681 33.06177710031725 0.0 1.0 1.0 1 0 0 0.0 1.0 0
cell 159.77297266334196 21.659281938471523 0.0 1.0 1.0 1 0 0 0.0 1.0 0
cell 4.783692817003828 129.049258207118 0.0 2.23606797749979 0.4472135954999579 1 0 0 -0.9618565511892098 0.27355433634727705 3.695765428526128
cell 113.8749005613239 27.847173095930437 0.0 1.0 1.0 1 0 0 0.0 1.0 0
cell 31.859416929363878 67.77982208864347 0.0 2.23606797749979 0.4472135954999579 1 0 0 -0.12769034507312668 -0.9918140832712076 0.2560798215834179
cell 18.723246034741507 11.821636171527842 0.0 2.23606797749979 0.4472135954999579 1 0 0 -0.06441219565619222 0.9979233783466286 6.154271668556148
cell 20.66147219213815 44.36504298659266 0.0 2.23606797749979 0.4472135954999579 1 0 0 0.8395825698418783 0.5432320944289903 1.9930286918310531
cell 58.80019493380846 31.634665549136233 0.0 2.23606797749979 0.4472135954999579 1 0 0 0.9422083412712228 0.3350275237035475 2.4583237698732416
cell 143.3655879501514 78.67730728502114 0.0 1.0 1.0 1 0 0 0.0 1.0 0
cell 89.99148021793316 75.88462570999238 0.0 2.23606797749979 0.4472135954999579 1 0 0 -0.2566980873502723 -0.9664916409109351 0.5192085091334668
cell 107.81215853456156 179.21360263630464 0.0 2.23606797749979 0.4472135954999579 1 0 0 0.9926335465667532 0.1211554465565184 2.8986850110985123
cell 136.1810102123888 176.73816513060518 0.0 2.23606797749979 0.4472135954999579 1 0 0 -0.9454247583283257 -0.3258404921734359 2.4777914492532798
cell 116.89765142980518 104.67175775263348 0.0 1.0 1.0 1 0 0 0.0 1.0 0
cell 124.34827819772964 102.19020050471053 0.0 1.0 1.0 1 0 0 0.0 1.0 0
cell 105.5653262212763 78.83453391746976 0.0 2.23606797749979 0.4472135954999579 1 0 0 0.22578284654942257 0.974177656387191 0.45549311752040306
cell 93.32540127816473 74.93429114755145 0.0 2.23606797749979 0.4472135954999579 1 0 0 -0.2660593866041612 -0.9639566394811634 0.5386055082060173
cell 117.71332763297504 12.15863522156431 0.0 1.0 1.0 1 0 0 0.0 1.0 0
cell 61.01104275182827 180.25044917615054 0.0 2.23606797749979 0.4472135954999579 1 0 0 0.5216808117924345 0.8531407448994489 1.097639825255459
cell 71.29290239257921 45.99716059043836 0.0 1.0 1.0 1 0 0 0.0 1.0 0
cell 19.11194195693964 18.617667362709128 0.0 1.0 1.0 1 0 0 0.0 1.0 0
cell 90.75049929470391 64.50018879356765 0.0 1.0 1.0 1 0 0 0.0 1.0 0
cell 45.66102776948183 68.00971793193109 0.0 1.0 1.0 1 0 0 0.0 1.0 0
cell 136.53595127587158 178.95948400782325 0.0 2.23606797749979 0.4472135954999579 1 0 0 0.973644331962204 0.22807173178163379 2.6813991390262113
cell 58.18283583036899 68.47370131791705 0.0 1.0 1.0 1 0 0 0.0 1.0 0
cell 114.2554473220048 184.74251980201058 0.0 1.0 1.0 1 0 0 0.0 1.0 0
cell 147.11817942702206 68.08568010688037 0.0 1.0 1.0 1 0 0 0.0 1.0 0
cell 38.11202501074992 13.69289297829609 0.0 2.23606797749979 0.4472135954999579 1 0 0 -0.3226193473586427 -0.946528793386595 0.6569910124065315
cell 7.255863847706009 29.63106454094633 0.0 2.23606797749979 0.4472135954999579 1 0 0 0.3310878535496093 -0.9435999328274205 5.608272870884823
cell 75.58847036555777 129.9934090462076 0.0 2.23606797749979 0.4472135954999579 1 0 0 0.9548798582682497 -0.2969923505304596 3.7446753276118816
cell 22.00764842436051 20.867508525911074 0.0 1.0 1.0 1 0 0 0.0 1.0 0
cell 101.89898321524639 62.61116499064438 0.0 1.0 1.0 1 0 0 0.0 1.0 0
cell 35.179194252747685 40.72328200267182 0.0 2.23606797749979 0.4472135954999579 1 0 0 0.9837499454494946 0.1795439913450644 2.7805468727994462
cell 74.68657082800955 1.6465472264969743 0.0 2.23606797749979 0.4472135954999579 1 0 0 0.8673793305524887 0.49764756297033796 2.0998235762835598
cell 65.09988875513736 15.184955070643323 0.0 2.23606797749979 0.4472135954999579 1 0 0 0.8505075846847302 0.5259627823275583 2.0338992006130394
cell 177.7710472149802 52.87527264644324 0.0 2.23606797749979 0.4472135954999579 1 0 0 0.7795657960398065 -0.6263203410754139 4.495240795123334
cell 143.9545775737959 142.54600650180603 0.0 2.23606797749979 0.4472135954999579 1 0 0 0.8595737258501287 0.5110117511644205 2.0688698190197194
cell 89.98946170235459 58.58307851022438 0.0 1.0 1.0 1 0 0 0.0 1.0 0
cell 99.49769831587071 14.077705322737522 0.0 1.0 1.0 1 0 0 0.0 1.0 0
cell 107.93103075884339 178.46853836163896 0.0 2.23606797749979 0.4472135954999579 1 0 0 0.9817905087874648 0.18996683093332628 2.759335929270284
cell 150.96391019071723 186.79125744227323 0.0 2.23606797749979 0.4472135954999579 1 0 0 0.9982528258451205 -0.05908718720866207 3.259835899879567
cell 109.6768753669022 95.58902285041644 0.0 1.0 1.0 1 0 0 0.0 1.0 0
cell 117.48211081859624 103.1058644401396 0.0 1.0 1.0 1 0 0 0.0 1.0 0
cell 58.73244475011364 91.91758409677801 0.0 1.0 1.0 1 0 0 0.0 1.0 0
cell 113.66683534025698 79.34949795475474 0.0 2.23606797749979 0.4472135954999579 1 0 0 -0.27877699518883 -0.9603558647467547 0.5650407642322035
cell 130.97145953642368 20.72372264108077 0.0 1.0 1.0 1 0 0 0.0 1.0 0
cell 33.3127480603736 16.825714667906183 0.0 2.23606797749979 0.4472135954999579 1 0 0 0.2792626524712892 0.9602147525083646 0.566052249605861
cell 65.38246437600937 121.70926837961882 0.0 2.23606797749979 0.4472135954999579 1 0 0 -0.938702717265307 0.3447277311135981 3.845490096790868
cell 127.96571239535925 123.44795385960094 0.0 1.0 1.0 1 0 0 0.0 1.0 0
cell 36.03912049792763 22.33708874859892 0.0 2.23606797749979 0.4472135954999579 1 0 0 -0.33818155893453267 -0.9410808855760535 0.6899678702285215
cell 86.73840054082693 187.47577678692664 0.0 2.23606797749979 0.4472135954999579 1 0 0 0.919254415395847 0.3936639680936516 2.332364630542906
cell 69.58363420857744 36.64693459895821 0.0 1.0 1.0 1 0 0 0.0 1.0 0
cell 146.56647744951525 50.998356805250324 0.0 1.0 1.0 1 0 0 0.0 1.0 0
cell 53.355662126799075 41.30318455990977 0.0 1.0 1.0 1 0 0 0.0 1.0 0
cell 79.87984165955473 13.745915837624988 0.0 1.0 1.0 1 0 0 0.0 1.0 0
cell 58.98681586765239 51.07519261990589 0.0 1.0 1.0 1 0 0 0.0 1.0 0
cell 116.29588380671883 119.62756314933252 0.0 1.0 1.0 1 0 0 0.0 1.0 0
cell 84.97215922096314 63.87923459299885 0.0 2.23606797749979 0.4472135954999579 1 0 0 0.4918694375494287 0.8706689706224798 1.0284711634793946
cell 136.94825260768866 21.462444463230266 0.0 1.0 1.0 1 0 0 0.0 1.0 0
cell 150.92407062540062 88.69232281007721 0.0 1.0 1.0 1 0 0 0.0 1.0 0
cell 178.37457891306283 28.53285255188147 0.0 2.23606797749979 0.4472135954999579 1 0 0 0.2281586276087285 -0.9736239729216314 5.822813294713442
cell 92.14560512508163 141.35641972584645 0.0 2.23606797749979 0.4472135954999579 1 0 0 -0.02024268580720537 0.9997950958427986 6.242697170131532
cell 147.65651169486193 175.92637390649543 0.0 1.0 1.0 1 0 0 0.0 1.0 0
cell 145.7462479771761 54.38919263033743 0.0 1.0 1.0 1 0 0 0.0 1.0 0
cell 163.42071716227255 107.17554743500838 0.0 1.0 1.0 1 0 0 0.0 1.0 0
cell 45.91757908677627 35.0963079690446 0.0 2.23606797749979 0.4472135954999579 1 0 0 0.9620252749433896 0.2729603824185766 2.588654785915978
cell 136.20239577993817 95.81517211643268 0.0 2.23606797749979 0.4472135954999579 1 0 0 -0.29265987408390964 -0.956216606267215 0.594014646102095
cell 95.83894792282462 83.59463063612215 0.0 2.23606797749979 0.4472135954999579 1 0 0 -0.10512525230306437 -0.994458989264121 0.2106397007934122
cell 123.61511334238315 62.888717659055494 0.0 1.0 1.0 1 0 0 0.0 1.0 0
cell 45.29031094015743 44.03364799759474 0.0 1.0 1.0 1 0 0 0.0 1.0 0
cell 166.01107122167627 4.435230703934395 0.0 2.23606797749979 0.4472135954999579 1 0 0 0.6826966291315195 -0.7307019314142125 4.780291774415416
cell 94.40340121115685 76.14171826754465 0.0 2.23606797749979 0.4472135954999579 1 0 0 -0.23835477406062103 -0.9711781513617933 0.48134289255092355
cell 114.7194168119211 86.26863364388721 0.0 2.23606797749979 0.4472135954999579 1 0 0 -0.19748941106057472 -0.9803050201437037 0.39759245728061465
cell 183.37691101881788 145.43440576224873 0.0 2.23606797749979 0.4472135954999579 1 0 0 0.7597554820079402 0.6502088953243277 1.7258739433548236
cell 74.1786722740278 89.33722466963529 0.0 1.0 1.0 1 0 0 0.0 1.0 0
cell 170.86899520098646 57.06715643935858 0.0 2.23606797749979 0.4472135954999579 1 0 0 0.6338972641366915 -0.7734172602935737 4.9100215298236245
cell 104.64442919581184 77.20666426125133 0.0 2.23606797749979 0.4472135954999579 1 0 0 0.2320520898352574 0.9727033605386021 0.46837366145122517
cell 92.04928425136227 142.42413232672067 0.0 2.23606797749979 0.4472135954999579 1 0 0 0.16233041308275575 -0.9867364577172477 5.957081437958988
cell 50.41687088288424 21.513906170966283 0.0 2.23606797749979 0.4472135954999579 1 0 0 0.38770974469363334 0.9217815109176348 0.7962913876343148
cell 143.10701220664814 164.13254929432395 0.0 2.23606797749979 0.4472135954999579 1 0 0 -0.7458337924883853 -0.666132084486547 1.6835713159728671
cell 109.47384991149623 98.83001158827848 0.0 1.0 1.0 1 0 0 0.0 1.0 0
cell 50.89655319624984 173.71118876866836 0.0 2.23606797749979 0.4472135954999579 1 0 0 0.6314281685637182 -0.7754343737185427 4.916398108256792
cell 11.472322927972037 47.92467099614736 0.0 1.0 1.0 1 0 0 0.0 1.0 0
cell 115.6527936308985 14.859007427740158 0.0 1.0 1.0 1 0 0 0.0 1.0 0
cell 22.03279526286137 173.8377351392692 0.0 2.23606797749979 0.4472135954999579 1 0 0 0.9967453614808489 -0.08061441785693102 3.3029966311939973
cell 38.251175461086135 131.2783031594055 0.0 2.23606797749979 0.4472135954999579 1 0 0 0.8517781165461438 0.5239027010553619 2.0387399397792354
cell 145.01567508047623 182.78002997749834 0.0 2.23606797749979 0.4472135954999579 1 0 0 0.9986762283329653 0.05143725267394065 3.038672730073208
cell 43.58878927423922 125.33469131021153 0.0 2.23606797749979 0.4472135954999579 1 0 0 0.8501128591870388 0.5266005380217892 2.032399146520118
cell 41.084102797647645 13.18508661613676 0.0 2.23606797749979 0.4472135954999579 1 0 0 -0.3515855158061259 -0.936155769664077 0.718528422886533
cell 131.29222800822077 160.92741325613468 0.0 1.0 1.0 1 0 0 0.0 1.0 0
cell 98.93615011148705 80.93858673583479 0.0 2.23606797749979 0.4472135954999579 1 0 0 -0.13488344084586618 -0.9908614723489756 0.2705916547345719
cell 13.076825677841576 58.94658051253316 0.0 2.23606797749979 0.4472135954999579 1 0 0 0.8471491887123952 0.5313551091915185 2.021193902783736
cell 147.8001405635987 157.9372542566123 0.0 2.23606797749979 0.4472135954999579 1 0 0 0.6831624760108796 0.7302664112299595 1.5041689796030224
cell 24.752347676807315 139.27518610290596 0.0 1.0 1.0 1 0 0 0.0 1.0 0
cell 91.43942017050978 14.776227643291238 0.0 1.0 1.0 1 0 0 0.0 1.0 0
cell 136.05162314455237 162.43295265356892 0.0 1.0 1.0 1 0 0 0.0 1.0 0
cell 171.90474977819073 112.70536256104496 0.0 2.23606797749979 0.4472135954999579 1 0 0 0.9632076633322127 -0.2687582506605123 3.68579988924181
cell 11.493232127355132 19.024993606283413 0.0 2.23606797749979 0.4472135954999579 1 0 0 -0.3402493861318345 0.9403352355606536 5.588821117941268
cell 123.025065040163 160.287151906621 0.0 1.0 1.0 1 0 0 0.0 1.0 0
cell 122.25754723646945 144.47587107318043 0.0 1.0 1.0 1 0 0 0.0 1.0 0
cell 81.45496636009037 147.67197089367568 0.0 2.23606797749979 0.4472135954999579 1 0 0 -0.3192408938922291 0.9476735997519876 5.633328590234218
cell 81.40058357434938 23.77994000611322 0.0 1.0 1.0 1 0 0 0.0 1.0 0
cell 81.33488853219913 80.27202622878538 0.0 1.0 1.0 1 0 0 0.0 1.0 0
cell 95.62116654528863 48.74528550013513 0.0 1.0 1.0 1 0 0 0.0 1.0 0
cell 113.99076791891453 103.06106458990719 0.0 1.0 1.0 1 0 0 0.0 1.0 0
cell 132.2209997667445 136.1891380611014 0.0 1.0 1.0 1 0 0 0.0 1.0 0
cell 68.95739746947017 121.4413532924492 0.0 2.23606797749979 0.4472135954999579 1 0 0 0.976994781260141 -0.21326321152615396 3.5714202523269014
cell 174.20424177525285 91.68334418770718 0.0 2.23606797749979 0.4472135954999579 1 0 0 0.9580087404814844 0.28673899832614286 2.559950337393003
cell 74.33955224778941 33.24305575083474 0.0 1.0 1.0 1 0 0 0.0 1.0 0
cell 89.0505733806444 126.93894776185822 0.0 1.0 1.0 1 0 0 0.0 1.0 0
cell 180.5991443121542 102.11656996340977 0.0 2.23606797749979 0.4472135954999579 1 0 0 -0.04377295825989084 0.9990415047059746 6.195611409148453
cell 26.13358202910986 13.561933720938514 0.0 2.23606797749979 0.4472135954999579 1 0 0 0.03623364282635427 0.9993433459665062 0.07248315179868765
cell 114.65650241805959 186.15170642234804 0.0 1.0 1.0 1 0 0 0.0 1.0 0
cell 156.88651170466207 111.00580055092732 0.0 2.23606797749979 0.4472135954999579 1 0 0 0.4118568300119394 0.9112485673912012 0.8489816057624439
cell 157.52865984561603 9.57921257923956 0.0 1.0 1.0 1 0 0 0.0 1.0 0
cell 105.598782859448 104.20297743423467 0.0 1.0 1.0 1 0 0 0.0 1.0 0
cell 99.99749909237886 42.6350943621279 0.0 1.0 1.0 1 0 0 0.0 1.0 0
cell 177.91148639616014 18.98105090456182 0.0 2.23606797749979 0.4472135954999579 1 0 0 -0.11179050582263399 0.9937317962146123 6.059135970653511
cell 168.03623158013357 143.41921104793605 0.0 2.23606797749979 0.4472135954999579 1 0 0 0.6548978120156402 -0.7557174444308713 4.855090521734715
cell 103.10209273812205 36.132038444013 0.0 1.0 1.0 1 0 0 0.0 1.0 0
cell 111.70566434675416 79.88028664856517 0.0 2.23606797749979 0.4472135954999579 1 0 0 0.21985088881900097 0.9755334882439942 0.4433232339077793
cell 62.708445902588174 18.73923001276717 0.0 2.23606797749979 0.4472135954999579 1 0 0 0.8459020485658754 0.5333382831112496 2.016508461566041
cell 131.82393125479837 84.07950295756086 0.0 1.0 1.0 1 0 0 0.0 1.0 0
cell 0.190796880071325 14.5478795278433 0.0 2.23606797749979 0.4472135954999579 1 0 0 -0.1937760588032322 0.9810457884495943 5.89316589150747
cell 73.50872698470693 47.59984192757265 0.0 1.0 1.0 1 0 0 0.0 1.0 0
cell 119.29702742022648 114.96978743033718 0.0 2.23606797749979 0.4472135954999579 1 0 0 0.33708292294454556 -0.9414749614616215 5.595551786536483
cell 76.55743578972097 49.243398207261365 0.0 1.0 1.0 1 0 0 0.0 1.0 0
cell 69.31172641134764 16.224693756916995 0.0 2.23606797749979 0.4472135954999579 1 0 0 0.8967013100525115 0.4426361491678121 2.2245198989437434
cell 140.90221218085958 18.4996080652473 0.0 1.0 1.0 1 0 0 0.0 1.0 0
cell 24.240319751183353 17.67379038758409 0.0 1.0 1.0 1 0 0 0.0 1.0 0
cell 142.57303529716933 35.241957762111525 0.0 2.23606797749979 0.4472135954999579 1 0 0 -0.03547250923375107 0.9993706525051961 6.212225401941222
cell 112.10115081448019 176.90500058976548 0.0 2.23606797749979 0.4472135954999579 1 0 0 0.9849169874086702 0.1730275351319245 2.7937871671427628
cell 114.31100398249768 126.30194002935052 0.0 1.0 1.0 1 0 0 0.0 1.0 0
cell 147.63869818694985 16.6425063141374 0.0 1.0 1.0 1 0 0 0.0 1.0 0
cell 100.82984825594649 130.10568931559476 0.0 2.23606797749979 0.4472135954999579 1 0 0 0.9671666196545872 -0.2541431286222768 3.6555159325598146
cell 16.811228703816532 68.62590695777756 0.0 2.23606797749979 0.4472135954999579 1 0 0 0.9996967124374186 -0.024626878442405853 3.190851390429378
cell 120.52550593136233 185.63355963624414 0.0 1.0 1.0 1 0 0 0.0 1.0 0
cell 121.69921113913078 0.14390217687208243 0.0 1.0 1.0 1 0 0 0.0 1.0 0
cell 72.70354205455124 25.84547258929012 0.0 1.0 1.0 1 0 0 0.0 1.0 0
cell 120.33329003011585 64.38664394323446 0.0 1.0 1.0 1 0 0 0.0 1.0 0
cell 54.57937846089802 74.50868912210873 0.0 1.0 1.0 1 0 0 0.0 1.0 0
cell 41.42859820166606 86.95836078649343 0.0 2.23606797749979 0.4472135954999579 1 0 0 0.8920269674172067 0.45198217818898756 2.203620259594685
cell 172.67242193274365 174.4910017672837 0.0 2.23606797749979 0.4472135954999579 1 0 0 0.9999965247887482 -0.0026363631059603478 3.1468653859096682
cell 1.345877668873271 140.23554142072612 0.0 2.23606797749979 0.4472135954999579 1 0 0 0.8008088842080002 -0.5989199704247118 4.425896161987351
cell 50.998735453131175 55.672200603581835 0.0 2.23606797749979 0.4472135954999579 1 0 0 0.08434019684249924 -0.9964370181785542 6.114304292483069
cell 138.97681306177842 104.24626354151826 0.0 2.23606797749979 0.4472135954999579 1 0 0 -0.29720644951561 -0.9548132416165609 0.603531120914977
cell 130.82516710730906 75.2497330580441 0.0 1.0 1.0 1 0 0 0.0 1.0 0
cell 123.48080196538021 65.84641742718135 0.0 1.0 1.0 1 0 0 0.0 1.0 0
cell 29.27956266610925 44.622974194754796 0.0 2.23606797749979 0.4472135954999579 1 0 0 0.9577836206538948 0.28749006244932407 2.5583821839752536
cell 54.188112945666134 22.663593546169036 0.0 2.23606797749979 0.4472135954999579 1 0 0 0.8256868772535139 0.5641286916398959 1.9428374137090367
cell 41.84098052296572 71.9733356630605 0.0 2.23606797749979 0.4472135954999579 1 0 0 -0.4992247059264595 -0.8664725575531173 1.0454075484627667
cell 44.98661836677034 5.955169849217545 0.0 1.0 1.0 1 0 0 0.0 1.0 0
cell 132.15475432188518 41.96933694089492 0.0 1.0 1.0 1 0 0 0.0 1.0 0
cell 91.94618842661762 118.38747273262646 0.0 1.0 1.0 1 0 0 0.0 1.0 0
cell 121.34936352931658 127.84293881657375 0.0 1.0 1.0 1 0 0 0.0 1.0 0
cell 106.39091960663725 17.11012112217679 0.0 1.0 1.0 1 0 0 0.0 1.0 0
cell 153.4728681611141 141.48504670793548 0.0 1.0 1.0 1 0 0 0.0 1.0 0
cell 152.1896301967038 45.46222331235847 0.0 1.0 1.0 1 0 0 0.0 1.0 0
cell 136.00981550103697 88.78229522692095 0.0 1.0 1.0 1 0 0 0.0 1.0 0
cell 124.72464257397372 25.017639141531788 0.0 1.0 1.0 1 0 0 0.0 1.0 0
cell 36.56120549525194 50.87303710456049 0.0 1.0 1.0 1 0 0 0.0 1.0 0
cell 88.24377906470194 173.10017066603936 0.0 2.23606797749979 0.4472135954999579 1 0 0 0.9141843973684454 0.4052985166615989 2.3069819620364127
cell 55.22094783689549 62.16422648331263 0.0 1.0 1.0 1 0 0 0.0 1.0 0
cell 25.007975652168238 19.199617601782485 0.0 1.0 1.0 1 0 0 0.0 1.0 0
cell 49.98174992196734 92.29732268281096 0.0 2.23606797749979 0.4472135954999579 1 0 0 0.997435253368379 -0.07157454392420153 3.2848642475065155
cell 30.09504221237874 22.64810344854146 0.0 1.0 1.0 1 0 0 0.0 1.0 0
cell 133.79674292117053 94.80933970586413 0.0 2.23606797749979 0.4472135954999579 1 0 0 0.2698611603489011 0.9628992440204451 0.5464976787497217
cell 57.32575579998983 17.56267269116884 0.0 2.23606797749979 0.4472135954999579 1 0 0 0.8146985641646267 0.5798846864231678 1.9044183693110546
cell 146.74154858930552 158.50681117474272 0.0 2.23606797749979 0.4472135954999579 1 0 0 0.5915376620722458 0.8062773681247053 1.2659292452430853
cell 100.15924523583895 29.21256858736477 0.0 1.0 1.0 1 0 0 0.0 1.0 0
cell 157.52100411610664 73.65557640452062 0.0 1.0 1.0 1 0 0 0.0 1.0 0
cell 13.114820502736803 55.667213147709255 0.0 2.23606797749979 0.4472135954999579 1 0 0 0.8325213164022464 0.5539930123529274 1.967286823860442
cell 28.433061150717627 56.30112975170844 0.0 2.23606797749979 0.4472135954999579 1 0 0 0.990337126491616 0.1386808418359544 2.8633341322583874
cell 62.46856128633196 62.18686039391429 0.0 2.23606797749979 0.4472135954999579 1 0 0 0.2450057353872523 0.9695216292725767 0.49505121643434324
cell 26.76391110319764 150.696360878995 0.0 2.23606797749979 0.4472135954999579 1 0 0 0.9967396841023031 -0.08068458425028364 3.3031374226054586
cell 160.11486376550673 159.80848089509382 0.0 1.0 1.0 1 0 0 0.0 1.0 0
cell 35.74081848298643 19.9964456979801 0.0 2.23606797749979 0.4472135954999579 1 0 0 -0.3430909306273934 -0.9393021948879015 0.7004111901861609
cell 110.19008668177173 153.82350178107333 0.0 1.0 1.0 1 0 0 0.0 1.0 0
cell 62.74225921874986 35.00341382210056 0.0 1.0 1.0 1 0 0 0.0 1.0 0
cell 149.37441754109898 175.8487133236342 0.0 1.0 1.0 1 0 0 0.0 1.0 0
cell 150.62739395953392 179.74429689598458 0.0 2.23606797749979 0.4472135954999579 1 0 0 0.9889250235614186 0.14841596199212376 2.8436600498690963
cell 29.42019689330879 153.32941378645106 0.0 2.23606797749979 0.4472135954999579 1 0 0 0.9971551916032484 -0.07537588380038437 3.2924875373571365
cell 145.91371794315006 99.98192523370832 0.0 2.23606797749979 0.4472135954999579 1 0 0 0.3346954280365744 0.9423263609023226 0.6825639974374029
cell 80.7275458858054 150.72277731626392 0.0 2.23606797749979 0.4472135954999579 1 0 0 0.45018747220098937 -0.8929340624443013 5.349234749747157
cell 20.515398729090787 40.22540532960643 0.0 1.0 1.0 1 0 0 0.0 1.0 0
cell 100.04873554804277 127.64597888952112 0.0 2.23606797749979 0.4472135954999579 1 0 0 0.9931034472040098 -0.11724138838956417 3.376615962737223
cell 89.39521405325537 105.31508002590911 0.0 1.0 1.0 1 0 0 0.0 1.0 0
cell 131.23404419224423 59.73921870273398 0.0 1.0 1.0 1 0 0 0.0 1.0 0
cell 99.96859341382876 8.882540015390965 0.0 1.0 1.0 1 0 0 0.0 1.0 0
cell 123.61155076630446 73.24677493538654 0.0 1.0 1.0 1 0 0 0.0 1.0 0
cell 37.03016125183723 30.726400947758297 0.0 1.0 1.0 1 0 0 0.0 1.0 0
cell 91.26136609672164 17.773952653128976 0.0 1.0 1.0 1 0 0 0.0 1.0 0
cell 8.757050521769141 45.94683058563851 0.0 1.0 1.0 1 0 0 0.0 1.0 0
cell 70.09327767807704 41.64679408402471 0.0 1.0 1.0 1 0 0 0.0 1.0 0
cell 96.28498341094623 61.47458344327057 0.0 1.0 1.0 1 0 0 0.0 1.0 0
cell 18.771234014815462 37.58174937084033 0.0 1.0 1.0 1 0 0 0.0 1.0 0
cell 108.13588265024626 99.82456596429084 0.0 1.0 1.0 1 0 0 0.0 1.0 0
cell 153.29680576308462 115.53772755416195 0.0 2.23606797749979 0.4472135954999579 1 0 0 0.37232737706406516 0.9281014622812495 0.7630308769283378
cell 124.85576626198754 35.96620201240307 0.0 1.0 1.0 1 0 0 0.0 1.0 0
cell 150.79535557951615 12.695109539951412 0.0 1.0 1.0 1 0 0 0.0 1.0 0
cell 104.56848627418454 55.95606920497038 0.0 1.0 1.0 1 0 0 0.0 1.0 0
cell 97.61140661837764 89.04049630106229 0.0 1.0 1.0 1 0 0 0.0 1.0 0
cell 144.1730107062853 186.21971694131557 0.0 2.23606797749979 0.4472135954999579 1 0 0 0.999806850507768 0.019653541099194767 3.1022830404815425
cell 123.38435662065619 134.99361471907451 0.0 1.0 1.0 1 0 0 0.0 1.0 0
cell 57.09177641140896 182.15138640415321 0.0 1.0 1.0 1 0 0 0.0 1.0 0
cell 120.98428625953811 184.95602392849494 0.0 1.0 1.0 1 0 0 0.0 1.0 0
cell 29.24176868595524 46.03037330884849 0.0 1.0 1.0 1 0 0 0.0 1.0 0
cell 142.23586907409657 98.44746685231388 0.0 2.23606797749979 0.4472135954999579 1 0 0 0.2811716434804735 0.9596574945794408 0.5700295775409726
cell 29.80240047555293 15.36884966342491 0.0 2.23606797749979 0.4472135954999579 1 0 0 -0.1599537184053112 -0.9871245149262146 0.3212875350171407
cell 28.41272822399015 63.49445867567948 0.0 1.0 1.0 1 0 0 0.0 1.0 0
cell 75.16426008097298 106.20744301298095 0.0 1.0 1.0 1 0 0 0.0 1.0 0
cell 4.03712406662467 138.45347386965426 0.0 2.23606797749979 0.4472135954999579 1 0 0 0.4733123406913184 0.8808946748330957 0.9860943931295815
cell 125.76676183806975 108.61416023736928 0.0 1.0 1.0 1 0 0 0.0 1.0 0
cell 106.64728282558335 75.33601312256403 0.0 2.23606797749979 0.4472135954999579 1 0 0 -0.2195977193784897 -0.9755905092013586 0.4428042111508006
cell 71.01235654749372 29.02679877989972 0.0 2.23606797749979 0.4472135954999579 1 0 0 0.9796144076515904 0.2008870635989875 2.737065933427494
cell 32.03577889792214 123.32950433643516 0.0 2.23606797749979 0.4472135954999579 1 0 0 -0.6516418924166203 -0.7585267589529626 1.4194940205906414
cell 109.06779777109931 104.21253667719519 0.0 1.0 1.0 1 0 0 0.0 1.0 0
cell 103.64179308259757 124.24997902425748 0.0 1.0 1.0 1 0 0 0.0 1.0 0
cell 26.808301691105747 58.249806691575266 0.0 2.23606797749979 0.4472135954999579 1 0 0 0.9860042699501986 0.16672006369953146 2.8065881857038018
cell 111.07796596429856 118.82359107345134 0.0 1.0 1.0 1 0 0 0.0 1.0 0
cell 61.72671191641181 69.5019173912819 0.0 1.0 1.0 1 0 0 0.0 1.0 0
cell 160.5157625526294 153.83103992848123 0.0 1.0 1.0 1 0 0 0.0 1.0 0
cell 26.773841684912377 10.579797858603559 0.0 2.23606797749979 0.4472135954999579 1 0 0 0.2347673078937565 0.9720515990133024 0.4739583574169619
cell 128.15939181503128 57.22830003441805 0.0 1.0 1.0 1 0 0 0.0 1.0 0
cell 43.50948377268216 55.3727692430682 0.0 1.0 1.0 1 0 0 0.0 1.0 0
cell 77.55059735096555 68.73602582194336 0.0 2.23606797749979 0.4472135954999579 1 0 0 0.383844581215793 0.9233977135943496 0.7879124556082715
cell 99.97977956771824 177.32823074077288 0.0 2.23606797749979 0.4472135954999579 1 0 0 0.959919609728358 0.2802754767348669 2.5734305012821963
cell 124.85534449686504 29.77821865017553 0.0 1.0 1.0 1 0 0 0.0 1.0 0
cell 141.21401677750126 93.06194187878182 0.0 1.0 1.0 1 0 0 0.0 1.0 0
cell 149.87939353319348 105.93814201013127 0.0 2.23606797749979 0.4472135954999579 1 0 0 0.3960845588426252 0.9182140394518279 0.8144974236558546
cell 59.54110961589859 3.9213005812142043 0.0 1.0 1.0 1 0 0 0.0 1.0 0
cell 23.331727755501866 35.920107395356176 0.0 1.0 1.0 1 0 0 0.0 1.0 0
cell 126.71801862914025 154.00116213281592 0.0 1.0 1.0 1 0 0 0.0 1.0 0
cell 128.88424253680824 11.231900776249006 0.0 1.0 1.0 1 0 0 0.0 1.0 0
cell 2.2309456669392937 130.25914598593596 0.0 2.23606797749979 0.4472135954999579 1 0 0 0.36600216706166117 0.93061399823244 0.7494189266954762
cell 161.38470609249316 91.56464333349098 0.0 1.0 1.0 1 0 0 0.0 1.0 0
cell 102.06439768513704 89.71100004344808 0.0 1.0 1.0 1 0 0 0.0 1.0 0
cell 118.18184147995899 55.37330401929894 0.0 1.0 1.0 1 0 0 0.0 1.0 0
cell 103.8722981742017 9.778184561512631 0.0 1.0 1.0 1 0 0 0.0 1.0 0
cell 121.74227217875793 31.002658751216625 0.0 1.0 1.0 1 0 0 0.0 1.0 0
cell 88.4640592074442 44.70374976775147 0.0 1.0 1.0 1 0 0 0.0 1.0 0
cell 107.48560894923817 39.244863170083924 0.0 1.0 1.0 1 0 0 0.0 1.0 0
cell 11.224009715796472 10.295089933882002 0.0 2.23606797749979 0.4472135954999579 1 0 0 -0.05928414368753016 0.9982411483740972 6.164547456186222
cell 83.77935874340282 107.31915042238613 0.0 1.0 1.0 1 0 0 0.0 1.0 0
cell 135.78846682266698 183.4673725061321 0.0 2.23606797749979 0.4472135954999579 1 0 0 0.9987385005779538 0.050213618305202184 3.041123166025151
cell 149.23695927075258 41.74147760471895 0.0 1.0 1.0 1 0 0 0.0 1.0 0
cell 45.857110930672434 12.866462594671237 0.0 1.0 1.0 1 0 0 0.0 1.0 0
cell 90.26664814965184 184.6639154878513 0.0 2.23606797749979 0.4472135954999579 1 0 0 0.9245844715349776 0.38097710560660497 2.3598869099962103
cell 137.80012675635837 35.04394447279832 0.0 1.0 1.0 1 0 0 0.0 1.0 0
cell 159.6451432052186 2.309222115373444 0.0 2.23606797749979 0.4472135954999579 1 0 0 0.5350129005573452 0.8448438886783856 1.1290460336265622
cell 127.85084949352284 150.52793429903937 0.0 1.0 1.0 1 0 0 0.0 1.0 0
cell 23.11003148849688 21.462022955957234 0.0 1.0 1.0 1 0 0 0.0 1.0 0
cell 39.70578229819317 185.36933575126108 0.0 1.0 1.0 1 0 0 0.0 1.0 0
cell 66.82679656391194 35.147502400293014 0.0 1.0 1.0 1 0 0 0.0 1.0 0
cell 135.01604804915382 16.569773324589598 0.0 1.0 1.0 1 0 0 0.0 1.0 0
cell 143.9093851406178 22.217861334410582 0.0 1.0 1.0 1 0 0 0.0 1.0 0
cell 31.586605568542595 7.000912412406823 0.0 2.23606797749979 0.4472135954999579 1 0 0 0.283478614089333 0.958978558339023 0.5748391806828902
cell 132.60582203902888 7.22252567223815 0.0 1.0 1.0 1 0 0 0.0 1.0 0
cell 132.71671905384144 156.36924604552783 0.0 1.0 1.0 1 0 0 0.0 1.0 0
cell 70.19681276089086 86.0853897145 0.0 1.0 1.0 1 0 0 0.0 1.0 0
cell 64.80910536934282 12.174175206472398 0.0 2.23606797749979 0.4472135954999579 1 0 0 0.862175836821534 0.506609145595584 2.079098010317254
cell 38.38627574854478 172.76655989884438 0.0 2.23606797749979 0.4472135954999579 1 0 0 0.9964999764276713 -0.08359304384726371 3.30897406651816
cell 112.80454248422267 58.34890262198862 0.0 1.0 1.0 1 0 0 0.0 1.0 0
cell 136.76184948403284 31.77347145359293 0.0 1.0 1.0 1 0 0 0.0 1.0 0
cell 91.50246856256514 1.835141907941725 0.0 1.0 1.0 1 0 0 0.0 1.0 0
cell 129.34831434881826 33.83286664518689 0.0 1.0 1.0 1 0 0 0.0 1.0 0
cell 130.49199299866837 102.61992174284077 0.0 1.0 1.0 1 0 0 0.0 1.0 0
cell 27.962088202587516 4.367263580556172 0.0 2.23606797749979 0.4472135954999579 1 0 0 0.2919898126905698 0.9564214287043793 0.5926133117070338
cell 176.57906598139402 36.863327166946426 0.0 2.23606797749979 0.4472135954999579 1 0 0 0.9968524571039559 0.07927911935564065 2.982867848864212
cell 182.92386187300468 27.179879610186482 0.0 2.23606797749979 0.4472135954999579 1 0 0 0.3086781806751749 -0.9511665368246845 5.655579234857364
cell 119.07837589766505 182.7433909734479 0.0 2.23606797749979 0.4472135954999579 1 0 0 0.9853130785667052 -0.17075753923444106 3.4847895515633156
cell 68.65757576810795 150.74900780482858 0.0 2.23606797749979 0.4472135954999579 1 0 0 0.4905024750737644 -0.8714397982342275 5.257852781699286
cell 125.73917654108547 49.89526223448602 0.0 1.0 1.0 1 0 0 0.0 1.0 0
cell 11.188629304920285 180.7496285053821 0.0 2.23606797749979 0.4472135954999579 1 0 0 -0.22935486429816687 -0.9733428718713512 0.4628296537806049
cell 1.2952520859905805 71.42218671384241 0.0 2.23606797749979 0.4472135954999579 1 0 0 0.992948045093786 -0.11855032578794843 3.3792522231039674
cell 143.70515924789623 100.55185739902302 0.0 2.23606797749979 0.4472135954999579 1 0 0 -0.2809430823138504 -0.9597244315427179 0.5695532551114821
cell 161.153494928134 118.86527686126212 0.0 2.23606797749979 0.4472135954999579 1 0 0 0.37676677645806006 0.92630815399488 0.7726067351943786
cell 133.0228323241572 112.98823058536082 0.0 1.0 1.0 1 0 0 0.0 1.0 0
cell 146.68385062652985 162.86120831512284 0.0 2.23606797749979 0.4472135954999579 1 0 0 0.6755003508117375 0.7373596653284065 1.4832861247428777
cell 83.53632416878864 49.58460842899053 0.0 1.0 1.0 1 0 0 0.0 1.0 0
cell 84.02559201961304 36.54280666018521 0.0 1.0 1.0 1 0 0 0.0 1.0 0
cell 134.5712686722266 176.52766353116834 0.0 2.23606797749979 0.4472135954999579 1 0 0 0.949968408510142 0.3123459985860361 2.5062694786616917
cell 27.008917656768855 68.46871758380232 0.0 2.23606797749979 0.4472135954999579 1 0 0 0.9860852733042776 -0.1662402892575324 3.4756239923718355
cell 77.35796036782402 183.7261524062902 0.0 2.23606797749979 0.4472135954999579 1 0 0 0.8636146345163708 0.5041525196298787 2.084791921246134
cell 139.24616757432935 182.09196079945823 0.0 2.23606797749979 0.4472135954999579 1 0 0 0.9922945447073956 0.12390131776515671 2.893151572443213
cell 95.78081620832184 75.8002143312918 0.0 2.23606797749979 0.4472135954999579 1 0 0 -0.24441159754655356 -0.9696715789300734 0.493825680330783
cell 181.29182461091867 120.79839373488416 0.0 2.23606797749979 0.4472135954999579 1 0 0 0.06533166044237002 0.9978636049800809 0.13075644996314176
cell 136.76952962796335 55.156983684555506 0.0 1.0 1.0 1 0 0 0.0 1.0 0
cell 114.11339764333046 168.6771620544035 0.0 1.0 1.0 1 0 0 0.0 1.0 0
cell 38.44404055469481 57.080772430756824 0.0 1.0 1.0 1 0 0 0.0 1.0 0
cell 57.18848288586597 91.63515631528328 0.0 2.23606797749979 0.4472135954999579 1 0 0 0.606036594070493 0.7954367647069354 1.3021367948946683
cell 100.02562999847748 52.41823642661303 0.0 1.0 1.0 1 0 0 0.0 1.0 0
cell 159.48784897672203 27.006370651584977 0.0 2.23606797749979 0.4472135954999579 1 0 0 -0.17963175503501186 0.983733923671966 5.921961098110835
cell 90.80250095590206 6.621636268084211 0.0 1.0 1.0 1 0 0 0.0 1.0 0
cell 9.338590406782554 44.314224544665386 0.0 1.0 1.0 1 0 0 0.0 1.0 0
cell 99.6035901104295 22.14445940265456 0.0 1.0 1.0 1 0 0 0.0 1.0 0
cell 39.78973223604431 17.851046602274945 0.0 1.0 1.0 1 0 0 0.0 1.0 0
cell 58.71145272344375 15.267083131311212 0.0 2.23606797749979 0.4472135954999579 1 0 0 0.8222809058482395 0.5690818147484583 1.9308150714166943
cell 140.2806705052923 170.50566077783768 0.0 2.23606797749979 0.4472135954999579 1 0 0 0.8651493275966304 0.5015143477101112 2.090896097246214
cell 128.4289144561269 63.89268951355664 0.0 1.0 1.0 1 0 0 0.0 1.0 0
cell 9.180777457991903 102.60193291662387 0.0 2.23606797749979 0.4472135954999579 1 0 0 0.31921001127665743 0.9476840025561032 0.6497915416654498
cell 67.89345723945836 76.36470902410387 0.0 1.0 1.0 1 0 0 0.0 1.0 0
cell 165.54155955416806 76.85341833434636 0.0 1.0 1.0 1 0 0 0.0 1.0 0
cell 45.858689750468656 40.15920439174323 0.0 2.23606797749979 0.4472135954999579 1 0 0 0.9839302527792005 0.17855323482328303 2.78256093268366
cell 59.79671958714284 118.06146531617097 0.0 2.23606797749979 0.4472135954999579 1 0 0 0.863922272781362 -0.5036251647726571 4.197172329900176
cell 108.10959348908722 31.507010650054 0.0 1.0 1.0 1 0 0 0.0 1.0 0
cell 14.42595821914264 14.700043869248436 0.0 2.23606797749979 0.4472135954999579 1 0 0 0.2181895831865968 -0.9759064021661397 5.843267364388842
cell 41.23852057730605 10.597424603108854 0.0 2.23606797749979 0.4472135954999579 1 0 0 0.4067933769431874 0.9135201959864696 0.8378822485734769
cell 104.92601239654044 59.78292787624198 0.0 1.0 1.0 1 0 0 0.0 1.0 0
cell 126.96360014444284 167.21914431977797 0.0 1.0 1.0 1 0 0 0.0 1.0 0
cell 73.53227842357552 37.749562652060156 0.0 1.0 1.0 1 0 0 0.0 1.0 0
cell 89.46743432791547 63.66349667547138 0.0 1.0 1.0 1 0 0 0.0 1.0 0
cell 129.99066008934838 106.14669265684583 0.0 1.0 1.0 1 0 0 0.0 1.0 0
cell 76.48790380210787 54.99252248676519 0.0 1.0 1.0 1 0 0 0.0 1.0 0
cell 103.1015103972986 17.01391809384579 0.0 1.0 1.0 1 0 0 0.0 1.0 0
cell 149.42622906220691 147.2120711155947 0.0 1.0 1.0 1 0 0 0.0 1.0 0
cell 124.44150281202147 109.72972218548266 0.0 1.0 1.0 1 0 0 0.0 1.0 0
cell 146.8422532524052 19.923857682624945 0.0 2.23606797749979 0.4472135954999579 1 0 0 0.9666848620096052 0.25596948560613725 2.6238917185625406
cell 72.67648017271239 67.88194174967643 0.0 2.23606797749979 0.4472135954999579 1 0 0 -0.27579283663941817 -0.9612170989211455 0.5588288613654671
cell 174.04228787306505 1.5635722412388147 0.0 2.23606797749979 0.4472135954999579 1 0 0 0.9447908135231963 0.3276741043814372 2.4739112322872137
cell 62.959749338093765 186.18068161705548 0.0 2.23606797749979 0.4472135954999579 1 0 0 -0.5313439442660264 -0.8471561915560919 1.120372392097357
cell 81.25460020077306 90.51437298523263 0.0 1.0 1.0 1 0 0 0.0 1.0 0
cell 136.1938698358341 3.474441930515371 0.0 1.0 1.0 1 0 0 0.0 1.0 0
cell 48.21346448085831 26.014003335083203 0.0 1.0 1.0 1 0 0 0.0 1.0 0
cell 140.41419361084445 103.35641144914223 0.0 2.23606797749979 0.4472135954999579 1 0 0 -0.24889014146305238 -0.9685317224967398 0.5030683349947909
cell 114.92556062616636 131.06042638109963 0.0 1.0 1.0 1 0 0 0.0 1.0 0
cell 131.22685344776716 10.723100596926347 0.0 1.0 1.0 1 0 0 0.0 1.0 0
cell 184.94736826502896 57.2626089404445 0.0 2.23606797749979 0.4472135954999579 1 0 0 -0.15781705682788816 0.9874683673790179 5.966226078544259
cell 93.75776713413106 117.66434661156701 0.0 1.0 1.0 1 0 0 0.0 1.0 0
cell 71.44756633099662 158.2325444468448 0.0 2.23606797749979 0.4472135954999579 1 0 0 0.46484250105274666 -0.8853933867016555 5.316271873041937
cell 85.81132518151836 27.88964034275195 0.0 1.0 1.0 1 0 0 0.0 1.0 0
cell 47.77785949339034 60.169278737906666 0.0 1.0 1.0 1 0 0 0.0 1.0 0
cell 151.7094920275109 177.82334247000597 0.0 2.23606797749979 0.4472135954999579 1 0 0 0.981881726202232 0.18949479082583026 2.760297474868358
cell 59.52653063693706 150.66538136454287 0.0 2.23606797749979 0.4472135954999579 1 0 0 0.942889513179155 -0.3331056378039494 3.820783477954286
cell 10.362866085047244 49.58163320973641 0.0 1.0 1.0 1 0 0 0.0 1.0 0
cell 87.42442810397392 76.7726645984381 0.0 2.23606797749979 0.4472135954999579 1 0 0 -0.15380293312473683 -0.9881015422324912 0.30883171432267
cell 116.4721851920287 186.9430457470859 0.0 1.0 1.0 1 0 0 0.0 1.0 0
cell 38.02367898679807 34.53726467576809 0.0 2.23606797749979 0.4472135954999579 1 0 0 0.9711067749005919 0.2386454100588801 2.6596512165263526
cell 149.9440655804643 78.35161772391861 0.0 1.0 1.0 1 0 0 0.0 1.0 0
cell 82.8107778045406 81.08874837608563 0.0 1.0 1.0 1 0 0 0.0 1.0 0
cell 33.99476923478823 152.3952844560023 0.0 2.23606797749979 0.4472135954999579 1 0 0 0.9981873288126161 0.06018352430636084 3.0211528235758607
cell 92.68345961628077 17.20361512453074 0.0 1.0 1.0 1 0 0 0.0 1.0 0
cell 95.50356815305818 100.58485943150883 0.0 1.0 1.0 1 0 0 0.0 1.0 0
cell 68.75143974785367 171.34483687973471 0.0 1.0 1.0 1 0 0 0.0 1.0 0
cell 66.6377981547392 36.861653963492486 0.0 1.0 1.0 1 0 0 0.0 1.0 0
cell 160.78624855694252 176.865922442911 0.0 2.23606797749979 0.4472135954999579 1 0 0 0.9456536070092532 0.325175730260407 2.47919755044471
cell 46.88304412313526 2.196711227850627 0.0 1.0 1.0 1 0 0 0.0 1.0 0
cell 133.45790657877427 169.46716122929047 0.0 1.0 1.0 1 0 0 0.0 1.0 0
cell 52.135707322452326 181.7722084981493 0.0 1.0 1.0 1 0 0 0.0 1.0 0
cell 112.24069626737602 107.40805571190458 0.0 1.0 1.0 1 0 0 0.0 1.0 0
cell 104.06008163593738 80.49234828545951 0.0 2.23606797749979 0.4472135954999579 1 0 0 -0.17117386360370496 -0.9852408377746936 0.3440419890103463
cell 96.81904137128787 178.87168261511397 0.0 2.23606797749979 0.4472135954999579 1 0 0 0.9538590919481762 0.3002546131332552 2.531673508973382
cell 54.41730750909108 140.80611907204087 0.0 2.23606797749979 0.4472135954999579 1 0 0 0.7351229439295233 0.6779338148435959 1.6516960281831878
cell 131.3170013224107 176.9351604705824 0.0 2.23606797749979 0.4472135954999579 1 0 0 -0.9810543672050385 -0.1937326213829812 2.7516617908289422
cell 135.06919704925178 127.30477246775628 0.0 1.0 1.0 1 0 0 0.0 1.0 0
cell 112.09971447898344 69.85766956519574 0.0 1.0 1.0 1 0 0 0.0 1.0 0
cell 155.17635859114347 165.45807740215776 0.0 1.0 1.0 1 0 0 0.0 1.0 0
cell 140.73366054877954 8.735638085621641 0.0 1.0 1.0 1 0 0 0.0 1.0 0
cell 129.77007812654787 119.10112934242032 0.0 1.0 1.0 1 0 0 0.0 1.0 0
cell 105.1325551217546 178.5306881152296 0.0 2.23606797749979 0.4472135954999579 1 0 0 0.9744839173912728 0.22445733390949602 2.6888204034654057
cell 148.5936959714934 8.969482612762869 0.0 1.0 1.0 1 0 0 0.0 1.0 0
cell 35.12850062963259 103.5078429010959 0.0 2.23606797749979 0.4472135954999579 1 0 0 0.8845572386714445 0.4664316579242334 2.171087805269901
cell 103.49212470890109 70.96560771494909 0.0 2.23606797749979 0.4472135954999579 1 0 0 -0.24201578797031031 -0.9702723114533929 0.4888857264071822
cell 103.87949414747625 83.77630510693771 0.0 2.23606797749979 0.4472135954999579 1 0 0 -0.10656572399691855 -0.9943056604832402 0.21353691930971763
cell 35.472044394604055 51.21053189051271 0.0 1.0 1.0 1 0 0 0.0 1.0 0
cell 46.565316187928744 127.8680095328807 0.0 2.23606797749979 0.4472135954999579 1 0 0 0.8947641036611188 0.44653913467860207 2.215805291771969
cell 105.67359986383488 27.70963248422159 0.0 1.0 1.0 1 0 0 0.0 1.0 0
cell 7.9973410332687465 106.81564181734862 0.0 2.23606797749979 0.4472135954999579 1 0 0 0.06987162029529585 0.9975559917504931 0.13985719654636644
cell 126.71749914473628 64.96304241052768 0.0 1.0 1.0 1 0 0 0.0 1.0 0
cell 97.4400864371545 101.02714917816091 0.0 1.0 1.0 1 0 0 0.0 1.0 0
cell 62.49014336525649 53.24213202538807 0.0 2.23606797749979 0.4472135954999579 1 0 0 0.18744277095179393 0.9822755253073923 0.377116248290302
cell 66.74087762416444 98.87804049877214 0.0 2.23606797749979 0.4472135954999579 1 0 0 0.9517104106669425 -0.30699722185739675 3.7656652165429616
cell 59.19089722501734 60.17012828133887 0.0 2.23606797749979 0.4472135954999579 1 0 0 0.057046557169145834 0.9983715191826875 0.11415508752505822
cell 187.47529915537856 143.8854285828266 0.0 2.23606797749979 0.4472135954999579 1 0 0 0.7113705907037516 -0.702817104716295 4.700292450744247
cell 119.56082205499922 96.85611379883082 0.0 1.0 1.0 1 0 0 0.0 1.0 0
cell 127.66318672990637 28.719778661470453 0.0 1.0 1.0 1 0 0 0.0 1.0 0
cell 73.56686416701206 61.23768378952944 0.0 2.23606797749979 0.4472135954999579 1 0 0 -0.48316054991467705 -0.875531771557233 1.0085219898967592
cell 102.16091473079531 184.20495560060425 0.0 1.0 1.0 1 0 0 0.0 1.0 0
cell 62.17565774453121 89.75968894106397 0.0 1.0 1.0 1 0 0 0.0 1.0 0
cell 3.352376616180553 87.05458555754659 0.0 2.23606797749979 0.4472135954999579 1 0 0 0.042826905853771094 -0.9990825071709505 6.19750529026855
cell 131.2022399842966 126.73894979280061 0.0 1.0 1.0 1 0 0 0.0 1.0 0
cell 44.38891801772115 181.83316423297694 0.0 1.0 1.0 1 0 0 0.0 1.0 0
cell 91.79859550742694 53.568503760374114 0.0 1.0 1.0 1 0 0 0.0 1.0 0
cell 112.44026675271719 164.0103952175014 0.0 1.0 1.0 1 0 0 0.0 1.0 0
cell 81.01259869952895 52.62579117423339 0.0 1.0 1.0 1 0 0 0.0 1.0 0
cell 74.93946433516489 81.23617055411499 0.0 1.0 1.0 1 0 0 0.0 1.0 0
cell 132.09066917553395 103.4935392672145 0.0 1.0 1.0 1 0 0 0.0 1.0 0
cell 132.65706144078757 76.09827574542292 0.0 1.0 1.0 1 0 0 0.0 1.0 0
cell 29.831574395991325 183.07877830101071 0.0 2.23606797749979 0.4472135954999579 1 0 0 0.1275266009272575 -0.991835150645479 6.027435673298102
cell 37.79479735668885 27.602658873438884 0.0 1.0 1.0 1 0 0 0.0 1.0 0
cell 127.56387577711531 94.77553095019535 0.0 2.23606797749979 0.4472135954999579 1 0 0 -0.19267618229432906 -0.9812623954766037 0.3877774102567937
cell 67.14016936738837 1.9421167459628281 0.0 2.23606797749979 0.4472135954999579 1 0 0 0.6713504874737559 0.7411400157654087 1.472058925999913
cell 157.61792911671472 1.6480977424757222 0.0 1.0 1.0 1 0 0 0.0 1.0 0
cell 108.9087084899665 23.767571421995008 0.0 1.0 1.0 1 0 0 0.0 1.0 0
cell 112.83092503352191 29.242098782008178 0.0 1.0 1.0 1 0 0 0.0 1.0 0
cell 86.02703658454364 14.00557908800267 0.0 1.0 1.0 1 0 0 0.0 1.0 0
cell 69.49106504909135 62.64645595758321 0.0 2.23606797749979 0.4472135954999579 1 0 0 0.2943728077013439 0.9556906665265846 0.5975983620772187
cell 80.36899699061357 39.48784990916362 0.0 1.0 1.0 1 0 0 0.0 1.0 0
cell 116.76670747578991 2.2388174408658 0.0 1.0 1.0 1 0 0 0.0 1.0 0
cell 139.7776773106283 149.2851712012775 0.0 2.23606797749979 0.4472135954999579 1 0 0 0.2926203764643099 0.9562286940255901 0.5939320343388447
cell 93.96645168338465 115.70709599335245 0.0 1.0 1.0 1 0 0 0.0 1.0 0
cell 7.755109595852759 107.89783715946263 0.0 2.23606797749979 0.4472135954999579 1 0 0 0.058046936571165546 0.99831385503493 0.11615916754934602
cell 61.317274327864624 84.02128897456281 0.0 1.0 1.0 1 0 0 0.0 1.0 0
cell 161.33821137424775 112.8639864716013 0.0 1.0 1.0 1 0 0 0.0 1.0 0
cell 16.849603136058597 20.71601199951761 0.0 1.0 1.0 1 0 0 0.0 1.0 0
cell 143.90266148515832 148.0082265072903 0.0 1.0 1.0 1 0 0 0.0 1.0 0
cell 14.11013911255767 62.903802988020054 0.0 2.23606797749979 0.4472135954999579 1 0 0 0.9187632712484832 0.3948088795921212 2.329873008490062
cell 152.61510900129016 158.45824323391403 0.0 2.23606797749979 0.4472135954999579 1 0 0 0.6322141339438755 0.7747937072805867 1.3688151980861354
cell 115.71298770716045 162.8570186753457 0.0 1.0 1.0 1 0 0 0.0 1.0 0
cell 84.53932097213826 142.2106089580532 0.0 2.23606797749979 0.4472135954999579 1 0 0 0.022110559252091735 -0.9997555317024056 6.238960584769131
cell 120.72155012978358 38.086078635858115 0.0 1.0 1.0 1 0 0 0.0 1.0 0
cell 36.31055192877488 44.54494123823212 0.0 2.23606797749979 0.4472135954999579 1 0 0 0.940514186434963 0.33975441883010105 2.4482811106388787
cell 124.84137643935755 6.779622175833654 0.0 1.0 1.0 1 0 0 0.0 1.0 0
cell 76.93665644256922 27.28671496322266 0.0 2.23606797749979 0.4472135954999579 1 0 0 0.9829915403082672 0.1836508417687768 2.7721942865864833
cell 63.97621667020257 36.621586236037736 0.0 1.0 1.0 1 0 0 0.0 1.0 0
cell 118.79618673126983 87.82600766925717 0.0 2.23606797749979 0.4472135954999579 1 0 0 -0.2589805023279963 -0.9658825494924 0.5239330887260891
cell 139.9607262248973 154.93337023210606 0.0 1.0 1.0 1 0 0 0.0 1.0 0
cell 30.560784823990065 138.8251416920997 0.0 2.23606797749979 0.4472135954999579 1 0 0 0.8971815416625692 0.44166195364778205 2.226692159910124
cell 64.6896707535597 179.66784685824584 0.0 2.23606797749979 0.4472135954999579 1 0 0 0.5540888950594127 0.8324575042438137 1.174536181503657
cell 111.75028850063939 158.8828314766045 0.0 2.23606797749979 0.4472135954999579 1 0 0 -0.2723174146844878 0.9622074753708562 5.731584009024306
cell 106.92026086335144 15.685554845099611 0.0 1.0 1.0 1 0 0 0.0 1.0 0
cell 84.6315733730798 169.9378765891079 0.0 1.0 1.0 1 0 0 0.0 1.0 0
cell 154.16727918262617 13.98138255851364 0.0 1.0 1.0 1 0 0 0.0 1.0 0
cell 86.3935800022174 5.322855094973878 0.0 1.0 1.0 1 0 0 0.0 1.0 0
cell 4.124059370130791 142.0467479955506 0.0 1.0 1.0 1 0 0 0.0 1.0 0
cell 94.47661108989043 34.767525308734676 0.0 1.0 1.0 1 0 0 0.0 1.0 0
cell 105.9788071754504 13.439996727183452 0.0 1.0 1.0 1 0 0 0.0 1.0 0
cell 186.76634117319082 22.998612623453443 0.0 2.23606797749979 0.4472135954999579 1 0 0 0.2413999430508039 -0.9704257145681315 5.795568907356092
cell 151.7097297501683 120.27563093263146 0.0 1.0 1.0 1 0 0 0.0 1.0 0
cell 60.03619579616879 24.354307965377302 0.0 2.23606797749979 0.4472135954999579 1 0 0 0.85879477659154 0.5123197553277512 2.0658250613700098
cell 169.82891388299217 29.73424517252014 0.0 2.23606797749979 0.4472135954999579 1 0 0 0.15862642320676215 -0.9873386743466647 5.964586695421847
cell 47.87705944830365 185.6328113974304 0.0 1.0 1.0 1 0 0 0.0 1.0 0
cell 103.85491661445867 148.19960123972962 0.0 2.23606797749979 0.4472135954999579 1 0 0 0.19032579580380696 -0.9817209845224087 5.90019731162952
cell 183.86877169982154 32.39696441143638 0.0 2.23606797749979 0.4472135954999579 1 0 0 0.35920912466818733 -0.933257094671728 5.548344668311411
cell 159.55648637442386 187.6633315513089 0.0 2.23606797749979 0.4472135954999579 1 0 0 0.5938923480409045 0.8045445164429754 1.271776407648881
cell 121.8197560664083 131.16524152757765 0.0 2.23606797749979 0.4472135954999579 1 0 0 -0.09896019613961034 -0.9950913925765863 0.19824486729246615
cell 101.52789110202981 126.47256613918215 0.0 2.23606797749979 0.4472135954999579 1 0 0 0.9991047162377193 0.042305626003478765 3.0569561421768605
cell 116.66415421617317 86.19200075049177 0.0 2.23606797749979 0.4472135954999579 1 0 0 -0.24450161032941028 -0.969648886219298 0.4940113387289893
cell 128.71667232011305 83.4488908084971 0.0 1.0 1.0 1 0 0 0.0 1.0 0
cell 6.677279887656209 12.17960610454395 0.0 2.23606797749979 0.4472135954999579 1 0 0 0.10732475195289787 -0.9942240178240762 6.068121575517211
cell 49.87019975227046 186.17998057660523 0.0 1.0 1.0 1 0 0 0.0 1.0 0
cell 129.41969449367403 87.83663626212606 0.0 2.23606797749979 0.4472135954999579 1 0 0 0.2981814543703488 0.9545092038684507 0.6055737403212362
cell 145.86505423963274 17.62963924414694 0.0 1.0 1.0 1 0 0 0.0 1.0 0
cell 93.02881902268817 89.18911424300056 0.0 1.0 1.0 1 0 0 0.0 1.0 0
cell 19.55659248881138 134.50798318604774 0.0 1.0 1.0 1 0 0 0.0 1.0 0
cell 76.0186898406805 4.475078787142259 0.0 1.0 1.0 1 0 0 0.0 1.0 0
cell 79.61722674144386 75.59662330801801 0.0 2.23606797749979 0.4472135954999579 1 0 0 -0.18091614802277023 -0.9834985243428701 0.36383578210691603
cell 131.82835746179202 64.88490783225737 0.0 1.0 1.0 1 0 0 0.0 1.0 0
cell 31.153135692618935 126.33680883101015 0.0 2.23606797749979 0.4472135954999579 1 0 0 -0.4561711253945107 -0.8898920745552832 0.9473756034348888
cell 102.53137265306 180.5779430779363 0.0 2.23606797749979 0.4472135954999579 1 0 0 0.9894689513268318 0.14474527405127885 2.851081592343195
cell 109.31418209606355 117.88160984953066 0.0 1.0 1.0 1 0 0 0.0 1.0 0
cell 57.62228344436523 29.602546096375306 0.0 2.23606797749979 0.4472135954999579 1 0 0 0.904657895711581 0.4261385827717249 2.2611524708706545
cell 39.72013035314271 4.555327340351915 0.0 1.0 1.0 1 0 0 0.0 1.0 0
cell 44.619740792817325 121.49622589686601 0.0 2.23606797749979 0.4472135954999579 1 0 0 0.9967250435289604 -0.08086524347451161 3.3034999255807644
cell 150.66102543057892 73.70539729303842 0.0 1.0 1.0 1 0 0 0.0 1.0 0
cell 95.7033867153048 96.21336046385983 0.0 1.0 1.0 1 0 0 0.0 1.0 0
cell 154.116975158647 171.21523973948635 0.0 1.0 1.0 1 0 0 0.0 1.0 0
cell 115.43484519026119 187.50878108287841 0.0 1.0 1.0 1 0 0 0.0 1.0 0
cell 113.39287961446071 94.85199513405927 0.0 1.0 1.0 1 0 0 0.0 1.0 0
cell 143.86927403373508 178.79782649681408 0.0 1.0 1.0 1 0 0 0.0 1.0 0
cell 119.12903386780975 71.03658335796757 0.0 1.0 1.0 1 0 0 0.0 1.0 0
cell 88.26705800162907 9.27636167776256 0.0 1.0 1.0 1 0 0 0.0 1.0 0
cell 108.99278012993156 182.62910701362264 0.0 1.0 1.0 1 0 0 0.0 1.0 0
cell 21.802880366331618 132.25010955188537 0.0 2.23606797749979 0.4472135954999579 1 0 0 0.47414955589870145 0.880444318876023 0.9879957083160856
cell 43.174757912218546 10.571270090608099 0.0 1.0 1.0 1 0 0 0.0 1.0 0
cell 123.36819019937582 56.88537335025415 0.0 1.0 1.0 1 0 0 0.0 1.0 0
cell 117.84650419119546 33.6806356620823 0.0 1.0 1.0 1 0 0 0.0 1.0 0
cell 109.53545106981116 32.11783836791122 0.0 1.0 1.0 1 0 0 0.0 1.0 0
cell 94.76780643825158 17.980209116214816 0.0 1.0 1.0 1 0 0 0.0 1.0 0
cell 114.9260756059499 1.3889583836259072 0.0 1.0 1.0 1 0 0 0.0 1.0 0
cell 141.64309587968518 90.2337623631797 0.0 1.0 1.0 1 0 0 0.0 1.0 0
cell 98.87153642599611 181.10119168403926 0.0 2.23606797749979 0.4472135954999579 1 0 0 0.9723213988208991 0.23364737831820429 2.669938235700794
cell 167.84662648823166 32.94931006806856 0.0 2.23606797749979 0.4472135954999579 1 0 0 0.09475812813206949 -0.9955003250390762 6.093384284455872
cell 18.98245275135146 35.58061894904184 0.0 1.0 1.0 1 0 0 0.0 1.0 0
cell 74.67023893206358 156.6359724151121 0.0 2.23606797749979 0.4472135954999579 1 0 0 0.6244791390737747 -0.7810414872858401 4.934256357122443
cell 79.83583794921022 55.6203906763555 0.0 1.0 1.0 1 0 0 0.0 1.0 0
cell 86.59041180427596 54.858139200798036 0.0 1.0 1.0 1 0 0 0.0 1.0 0
cell 26.683228570872934 131.44673091694398 0.0 1.0 1.0 1 0 0 0.0 1.0 0
cell 109.66058223104294 52.12616109033985 0.0 1.0 1.0 1 0 0 0.0 1.0 0
cell 16.675873279448496 112.79602640767287 0.0 2.23606797749979 0.4472135954999579 1 0 0 0.4694580101408193 0.8829547987947188 0.9773536826022627
cell 73.07488160336663 57.60147997215084 0.0 2.23606797749979 0.4472135954999579 1 0 0 -0.49421549302412254 -0.8693394310940482 1.0338643651460924
cell 26.630543147003394 182.5369748113676 0.0 2.23606797749979 0.4472135954999579 1 0 0 0.9994662388061765 0.03266860092864383 3.0762438244290315
cell 184.83085309918812 77.29268927301146 0.0 2.23606797749979 0.4472135954999579 1 0 0 0.9999964771978399 -0.0026543533883093087 3.146901366600262
cell 24.59041212385765 117.35603060663844 0.0 2.23606797749979 0.4472135954999579 1 0 0 -0.41726601090417115 -0.9087843947516485 0.8608696651075949
cell 66.06770650007832 77.18212337097896 0.0 1.0 1.0 1 0 0 0.0 1.0 0
cell 33.092115062737214 36.490818535934885 0.0 2.23606797749979 0.4472135954999579 1 0 0 -0.9492824871417423 -0.3144244895137586 2.5018919841395935
cell 168.51924996912032 105.93234566171985 0.0 1.0 1.0 1 0 0 0.0 1.0 0
cell 29.282537816899975 41.52497659555473 0.0 2.23606797749979 0.4472135954999579 1 0 0 0.9590763509025488 0.28314758190641676 2.5674438226524385
cell 128.92280511039888 107.81218512513107 0.0 1.0 1.0 1 0 0 0.0 1.0 0
cell 159.28037445596996 23.618465626157196 0.0 1.0 1.0 1 0 0 0.0 1.0 0
cell 14.957589356164593 178.85115143403274 0.0 2.23606797749979 0.4472135954999579 1 0 0 0.9599160995662304 0.28028749846105316 2.5734054538760502
cell 29.369411467044202 37.860078902307166 0.0 2.23606797749979 0.4472135954999579 1 0 0 -0.9163308788773921 -0.400421927990696 2.317638146549191
cell 43.05979559876826 39.22598849440069 0.0 2.23606797749979 0.4472135954999579 1 0 0 0.9775312941731954 0.21079034349817288 2.71682585550323
cell 142.94452166872324 65.83564010055888 0.0 1.0 1.0 1 0 0 0.0 1.0 0
cell 186.06746285697142 82.69822987925411 0.0 2.23606797749979 0.4472135954999579 1 0 0 0.9999815687853991 0.006071415773284142 3.129449747440297
cell 123.25983302348953 78.06407335361364 0.0 1.0 1.0 1 0 0 0.0 1.0 0
cell 174.18011037294036 137.70366213038068 0.0 2.23606797749979 0.4472135954999579 1 0 0 -0.07314476974269075 -0.9973213337030793 0.14642029988784255
cell 9.026128362860543 25.95996323504783 0.0 2.23606797749979 0.4472135954999579 1 0 0 0.19022687682453385 -0.9817401567286446 5.900398831236119
cell 93.16417757024027 70.53233086708752 0.0 2.23606797749979 0.4472135954999579 1 0 0 0.27765910824097495 0.9606796654508861 0.562713088759055
cell 117.11477359675249 106.28621228704941 0.0 1.0 1.0 1 0 0 0.0 1.0 0
cell 140.48432112731888 11.556753432205543 0.0 1.0 1.0 1 0 0 0.0 1.0 0
cell 133.4662393918975 16.161337747483334 0.0 1.0 1.0 1 0 0 0.0 1.0 0
cell 51.629357158995326 76.0290703623213 0.0 1.0 1.0 1 0 0 0.0 1.0 0
cell 10.295465933075969 16.379329246081106 0.0 2.23606797749979 0.4472135954999579 1 0 0 0.27837532722379504 -0.9604723719051189 5.718980990374625
cell 132.40374128380012 133.0741418779849 0.0 1.0 1.0 1 0 0 0.0 1.0 0
cell 147.0489369689941 38.834084008783584 0.0 2.23606797749979 0.4472135954999579 1 0 0 -0.06600690580451482 0.9978191661749708 6.151075445048666
cell 116.39773509587916 112.11776987622669 0.0 1.0 1.0 1 0 0 0.0 1.0 0
cell 163.15789505302848 70.86053312664964 0.0 1.0 1.0 1 0 0 0.0 1.0 0
cell 72.86655453221447 62.48964308278255 0.0 2.23606797749979 0.4472135954999579 1 0 0 -0.45476761761390866 -0.890610135788814 0.9442225436256892
cell 31.525071174611654 48.326590717003256 0.0 2.23606797749979 0.4472135954999579 1 0 0 0.9246573418960524 0.380800210186033 2.360269543394931
cell 11.434575107918217 147.30569748294067 0.0 2.23606797749979 0.4472135954999579 1 0 0 0.9917073908798374 0.1285163447749176 2.883847108363232
cell 77.18232116441375 85.45074173022356 0.0 1.0 1.0 1 0 0 0.0 1.0 0
cell 112.13161400619494 68.36829675012598 0.0 1.0 1.0 1 0 0 0.0 1.0 0
cell 91.46330124706292 40.09815975711455 0.0 1.0 1.0 1 0 0 0.0 1.0 0
cell 12.975724588299673 110.51560378429659 0.0 2.23606797749979 0.4472135954999579 1 0 0 0.9567364034859807 -0.2909561036388665 3.732044703045033
cell 140.4532059131075 176.8186150210954 0.0 2.23606797749979 0.4472135954999579 1 0 0 0.9548705458217068 0.2970222899416064 2.5384472710355737
cell 57.69104415002246 103.60095336479151 0.0 1.0 1.0 1 0 0 0.0 1.0 0
cell 105.36773120625412 23.167076517424032 0.0 1.0 1.0 1 0 0 0.0 1.0 0
cell 88.88810541661424 128.94209910931895 0.0 1.0 1.0 1 0 0 0.0 1.0 0
cell 75.27920703913475 61.2478245895662 0.0 2.23606797749979 0.4472135954999579 1 0 0 0.4910600616837808 0.871125717574175 1.026612446575784
cell 84.3647427329634 88.83230973960421 0.0 1.0 1.0 1 0 0 0.0 1.0 0
cell 50.41359374386328 62.717669801727375 0.0 1.0 1.0 1 0 0 0.0 1.0 0
cell 183.29038596643974 25.015094997322233 0.0 2.23606797749979 0.4472135954999579 1 0 0 0.19281075758046373 -0.9812359613065798 5.89513360311672
cell 51.35333939013123 14.259617560271273 0.0 1.0 1.0 1 0 0 0.0 1.0 0
cell 34.457888645906266 153.38898419253525 0.0 2.23606797749979 0.4472135954999579 1 0 0 0.9962804606763488 0.08616985362945874 2.969038953141849
cell 74.94519961556131 178.32046781000997 0.0 1.0 1.0 1 0 0 0.0 1.0 0
cell 87.17526970863047 24.578958246325797 0.0 1.0 1.0 1 0 0 0.0 1.0 0
cell 80.58093411238119 41.003643231094635 0.0 1.0 1.0 1 0 0 0.0 1.0 0
cell 157.1981355740581 124.04027708866492 0.0 2.23606797749979 0.4472135954999579 1 0 0 0.9969901153979007 -0.07752876755682725 3.2968059446717093
cell 81.29963123348128 27.440669557680504 0.0 1.0 1.0 1 0 0 0.0 1.0 0
cell 32.34488685171614 42.1648445314492 0.0 2.23606797749979 0.4472135954999579 1 0 0 0.9810798294340022 0.19360363704680028 2.751924737851049
cell 148.370008440485 166.57749491989432 0.0 2.23606797749979 0.4472135954999579 1 0 0 0.7751542439722543 0.6317720301278008 1.7739184068594176
cell 153.58825875749204 174.06447397060896 0.0 1.0 1.0 1 0 0 0.0 1.0 0
cell 20.542985125416045 159.4989951425364 0.0 2.23606797749979 0.4472135954999579 1 0 0 0.2056532668813961 -0.9786249198855552 5.868922915174141
cell 114.41040264998963 20.558222922642138 0.0 1.0 1.0 1 0 0 0.0 1.0 0
cell 82.66903026420644 97.7690432004917 0.0 1.0 1.0 1 0 0 0.0 1.0 0
cell 50.51295289369729 27.55883546158073 0.0 2.23606797749979 0.4472135954999579 1 0 0 0.8913350123861912 0.4533452279383875 2.2005630014509863
cell 45.72094474063544 185.42127558475707 0.0 1.0 1.0 1 0 0 0.0 1.0 0
cell 65.51157148812257 32.233051488578965 0.0 1.0 1.0 1 0 0 0.0 1.0 0
cell 131.51666455147574 88.58867504199519 0.0 2.23606797749979 0.4472135954999579 1 0 0 0.31817834245122023 0.9480308762877895 0.6476146980164342
cell 20.548280970304774 56.33555399038976 0.0 1.0 1.0 1 0 0 0.0 1.0 0
cell 183.30371061918666 138.8874710501697 0.0 1.0 1.0 1 0 0 0.0 1.0 0
cell 153.89593109817912 104.02839480680416 0.0 1.0 1.0 1 0 0 0.0 1.0 0
cell 129.62909308646059 56.75584416611549 0.0 1.0 1.0 1 0 0 0.0 1.0 0
cell 130.32043611633404 72.15086978419897 0.0 1.0 1.0 1 0 0 0.0 1.0 0
cell 75.9537279388487 70.48013429513584 0.0 2.23606797749979 0.4472135954999579 1 0 0 0.3145163804737054 0.9492520457780006 0.6398942734290198
cell 104.91159376061118 72.87487087187766 0.0 2.23606797749979 0.4472135954999579 1 0 0 -0.24673071517483602 -0.9690840800412077 0.4986104328836598
cell 65.4788001143585 100.0862578010058 0.0 1.0 1.0 1 0 0 0.0 1.0 0
cell 122.7527208129053 49.53203657863917 0.0 2.23606797749979 0.4472135954999579 1 0 0 0.8509101017975037 -0.5253113349804684 4.247754566556281
cell 138.24380489734094 77.46166599557688 0.0 1.0 1.0 1 0 0 0.0 1.0 0
cell 113.16581953556899 50.71520382984066 0.0 1.0 1.0 1 0 0 0.0 1.0 0
cell 116.99729641576322 94.99065742237832 0.0 1.0 1.0 1 0 0 0.0 1.0 0
cell 104.62130795069687 10.978231981878356 0.0 1.0 1.0 1 0 0 0.0 1.0 0
cell 88.02911473546094 177.25682532995484 0.0 2.23606797749979 0.4472135954999579 1 0 0 0.9265637780749919 0.37613769441442213 2.3703439874741843
cell 34.745476099541136 174.78310242967538 0.0 2.23606797749979 0.4472135954999579 1 0 0 0.9374744095682969 -0.3480542075662544 3.852582120074665
cell 108.01578758989083 184.10427897599672 0.0 1.0 1.0 1 0 0 0.0 1.0 0
cell 122.74968553969397 96.00226769436333 0.0 2.23606797749979 0.4472135954999579 1 0 0 -0.263095739059457 -0.9647697300852458 0.5324591823010154
cell 56.736625415618924 13.030727054116769 0.0 1.0 1.0 1 0 0 0.0 1.0 0
cell 113.93315819292202 91.7087965097453 0.0 1.0 1.0 1 0 0 0.0 1.0 0
cell 118.42268588473253 169.63841947290453 0.0 1.0 1.0 1 0 0 0.0 1.0 0
cell 75.09092139174554 37.77747282305167 0.0 1.0 1.0 1 0 0 0.0 1.0 0
cell 38.21322209916385 65.33195562412685 0.0 1.0 1.0 1 0 0 0.0 1.0 0
cell 22.801041044888585 88.75378746756729 0.0 2.23606797749979 0.4472135954999579 1 0 0 0.9303474540155119 0.3666791714930848 2.3907185556424038
cell 167.07084254091612 89.68910537219857 0.0 2.23606797749979 0.4472135954999579 1 0 0 0.027409419513635385 -0.9996242912824426 6.228359601815171
cell 152.21022570539492 67.0007751534002 0.0 1.0 1.0 1 0 0 0.0 1.0 0
cell 18.496426092426514 153.37914191246722 0.0 2.23606797749979 0.4472135954999579 1 0 0 0.995328279222559 -0.09654851930433533 3.334990953720028
cell 117.3290140536646 18.994079883566386 0.0 1.0 1.0 1 0 0 0.0 1.0 0
cell 33.02711315511374 11.643828998688457 0.0 1.0 1.0 1 0 0 0.0 1.0 0
cell 178.67607548033283 24.064761050193265 0.0 2.23606797749979 0.4472135954999579 1 0 0 0.15168382966422786 -0.9884290646366048 5.97864212275106
cell 143.92326153102812 103.12334175850187 0.0 2.23606797749979 0.4472135954999579 1 0 0 0.2871152091900338 0.9578960573317771 0.5824277641156743
cell 61.954965104633246 9.2610403827231 0.0 1.0 1.0 1 0 0 0.0 1.0 0
cell 97.41633737503315 16.582005422426203 0.0 1.0 1.0 1 0 0 0.0 1.0 0
cell 116.38303418666047 4.181081961545739 0.0 1.0 1.0 1 0 0 0.0 1.0 0
cell 139.77726042467643 86.33301822253402 0.0 1.0 1.0 1 0 0 0.0 1.0 0
cell 124.02728145831205 103.74455790959718 0.0 1.0 1.0 1 0 0 0.0 1.0 0
cell 137.15566156171926 89.92854532821349 0.0 1.0 1.0 1 0 0 0.0 1.0 0
cell 78.22871921613525 25.605477121224624 0.0 1.0 1.0 1 0 0 0.0 1.0 0
cell 117.42530640772722 59.33327673424652 0.0 1.0 1.0 1 0 0 0.0 1.0 0
cell 89.54254479467473 74.99619721360486 0.0 2.23606797749979 0.4472135954999579 1 0 0 -0.2762922564182885 -0.9610736647329854 0.5598680793174573
cell 133.11434215989934 127.03070760532962 0.0 1.0 1.0 1 0 0 0.0 1.0 0
cell 93.33543300755764 148.41866313662996 0.0 2.23606797749979 0.4472135954999579 1 0 0 0.3580940003405561 0.9336855396331775 0.7324514402403705
cell 137.28399490151114 171.9940770050198 0.0 2.23606797749979 0.4472135954999579 1 0 0 0.8640484595554803 0.5034086407083231 2.0865141988780147
cell 130.64526595598028 35.30012473398711 0.0 1.0 1.0 1 0 0 0.0 1.0 0
cell 108.58627821128981 187.27483398930897 0.0 1.0 1.0 1 0 0 0.0 1.0 0
cell 90.42522729759625 187.26814003510322 0.0 2.23606797749979 0.4472135954999579 1 0 0 0.9388416906375823 0.34434906696659756 2.438501932488654
cell 103.79404443971369 57.12425990861518 0.0 1.0 1.0 1 0 0 0.0 1.0 0
cell 177.7200163471643 2.2058333447978433 0.0 2.23606797749979 0.4472135954999579 1 0 0 0.4498947579764851 -0.8930815789978427 5.349890318970833
cell 109.21306195377203 109.92775838977155 0.0 1.0 1.0 1 0 0 0.0 1.0 0
cell 110.12651969095046 5.915080612365835 0.0 1.0 1.0 1 0 0 0.0 1.0 0
cell 164.25241261157552 81.07714643886882 0.0 2.23606797749979 0.4472135954999579 1 0 0 0.9937213289667178 -0.11188351244316641 3.365829177666178
cell 36.358320284514946 138.4231644120004 0.0 2.23606797749979 0.4472135954999579 1 0 0 0.9016367949486931 0.4324940346347546 2.2470785201038033
cell 165.09263577897383 73.85082148891834 0.0 2.23606797749979 0.4472135954999579 1 0 0 0.99917432736143 0.040628358837565444 3.06031356470981
cell 107.84723784782165 95.83841833463066 0.0 1.0 1.0 1 0 0 0.0 1.0 0
cell 22.958102911162854 30.492603903199925 0.0 1.0 1.0 1 0 0 0.0 1.0 0
cell 89.39976368073648 60.38951293888129 0.0 1.0 1.0 1 0 0 0.0 1.0 0
cell 107.91588122372853 2.318914597114881 0.0 1.0 1.0 1 0 0 0.0 1.0 0
cell 111.90295762337212 72.86567533428503 0.0 1.0 1.0 1 0 0 0.0 1.0 0
cell 153.02769491585227 98.50273009016334 0.0 1.0 1.0 1 0 0 0.0 1.0 0
cell 37.34735769047339 7.932726654874793 0.0 2.23606797749979 0.4472135954999579 1 0 0 0.387396758330599 0.9219130933200501 0.7956123459767467
cell 49.72080718071991 69.96643296709259 0.0 1.0 1.0 1 0 0 0.0 1.0 0
cell 82.57226298706749 52.8013127600047 0.0 1.0 1.0 1 0 0 0.0 1.0 0
cell 96.14821311969564 185.49276241051686 0.0 2.23606797749979 0.4472135954999579 1 0 0 0.972707167104635 0.23203613309843735 2.673251801124832
cell 168.80046392179761 36.17652607508635 0.0 2.23606797749979 0.4472135954999579 1 0 0 -0.2319489974099326 0.9727279489150742 5.815023613994169
cell 64.04157184363858 92.47408370217285 0.0 1.0 1.0 1 0 0 0.0 1.0 0
cell 187.4513983340488 120.53397126026755 0.0 2.23606797749979 0.4472135954999579 1 0 0 0.972017677820885 -0.23490771380202538 3.615839901757096
cell 81.90815535619409 16.435957065572115 0.0 1.0 1.0 1 0 0 0.0 1.0 0
cell 76.95418854775406 17.560675717587145 0.0 1.0 1.0 1 0 0 0.0 1.0 0
cell 105.43243514872756 154.45503917484038 0.0 1.0 1.0 1 0 0 0.0 1.0 0
cell 21.436656434592578 145.4201968533441 0.0 2.23606797749979 0.4472135954999579 1 0 0 0.9004244704286646 0.4350123826435967 2.2414885961254765
cell 90.66908727318703 73.72228107593756 0.0 2.23606797749979 0.4472135954999579 1 0 0 -0.2881918917541676 -0.9575726779347634 0.5846761588420746
cell 138.99263314758247 71.48756176786631 0.0 1.0 1.0 1 0 0 0.0 1.0 0
cell 139.76391170267806 34.45452938973643 0.0 1.0 1.0 1 0 0 0.0 1.0 0
cell 73.08566440942259 178.9766746456978 0.0 1.0 1.0 1 0 0 0.0 1.0 0
cell 36.18776031773291 31.816603557010687 0.0 1.0 1.0 1 0 0 0.0 1.0 0
cell 95.25401277918567 87.0980831509078 0.0 1.0 1.0 1 0 0 0.0 1.0 0
cell 142.01167617392576 186.63891020363303 0.0 2.23606797749979 0.4472135954999579 1 0 0 0.9998720104368293 -0.01599883573929934 3.1735916902609493
cell 55.98641874163178 20.112456606896288 0.0 2.23606797749979 0.4472135954999579 1 0 0 0.8143232060406179 0.5804116781248714 1.9031243615992892
cell 28.727330914450633 29.229786892789292 0.0 1.0 1.0 1 0 0 0.0 1.0 0
cell 103.48352373750132 156.9875976265519 0.0 1.0 1.0 1 0 0 0.0 1.0 0
cell 37.94836328897638 10.09905279661004 0.0 2.23606797749979 0.4472135954999579 1 0 0 -0.37112209440786126 -0.9285840786069522 0.7604342444661221
cell 98.65891150015061 28.604601722148217 0.0 1.0 1.0 1 0 0 0.0 1.0 0
cell 153.5203734509049 30.9560204509165 0.0 2.23606797749979 0.4472135954999579 1 0 0 0.04757691339330376 -0.9988675774655849 6.187995546002724
cell 101.83792860919368 18.069484018322825 0.0 1.0 1.0 1 0 0 0.0 1.0 0
cell 110.92747329696229 39.78732149906396 0.0 1.0 1.0 1 0 0 0.0 1.0 0
cell 44.6241437391171 77.54799439800433 0.0 2.23606797749979 0.4472135954999579 1 0 0 0.5040057310398222 0.8637003086018983 1.0564608091807455
cell 87.06439193918557 129.5455286880851 0.0 1.0 1.0 1 0 0 0.0 1.0 0
cell 18.264886030287308 6.696117192345315 0.0 2.23606797749979 0.4472135954999579 1 0 0 -0.1576747817995053 -0.987491095243131 0.3166710707650937
cell 99.21344584736129 41.14163206387494 0.0 1.0 1.0 1 0 0 0.0 1.0 0
cell 77.46885172525573 63.8517044447344 0.0 2.23606797749979 0.4472135954999579 1 0 0 -0.4457720430704908 -0.8951465162847703 0.9240731051334965
cell 156.34359801647162 82.14056328357228 0.0 1.0 1.0 1 0 0 0.0 1.0 0
cell 88.66696911781062 186.83558225640982 0.0 2.23606797749979 0.4472135954999579 1 0 0 0.9242426151793354 0.3818056944133534 2.3580942301783367
cell 156.77473630823113 97.34230608044746 0.0 1.0 1.0 1 0 0 0.0 1.0 0
cell 34.426199346954206 0.6994885754675594 0.0 1.0 1.0 1 0 0 0.0 1.0 0
cell 71.23021852309311 150.62587667550395 0.0 2.23606797749979 0.4472135954999579 1 0 0 0.7562062466691818 -0.6543333343934944 4.568194036691039
cell 133.21401434032776 105.78762578380106 0.0 1.0 1.0 1 0 0 0.0 1.0 0
cell 80.80854462465497 83.90206928032526 0.0 1.0 1.0 1 0 0 0.0 1.0 0
cell 181.5670897475916 173.41458581035 0.0 2.23606797749979 0.4472135954999579 1 0 0 0.9991676200088474 -0.04079297887940414 3.2232012557278713
cell 185.7986598030353 107.00889650750429 0.0 2.23606797749979 0.4472135954999579 1 0 0 0.9861834273177221 -0.1656570182149586 3.474441048028835
cell 56.73252057058042 153.55755879016206 0.0 2.23606797749979 0.4472135954999579 1 0 0 0.7594029050407187 -0.6506206481627501 4.558395524191055
cell 76.89088752614647 183.67013031551667 0.0 2.23606797749979 0.4472135954999579 1 0 0 0.8754837921347425 0.48324748287949837 2.132872075019004
cell 135.23859329347596 181.71344882940483 0.0 2.23606797749979 0.4472135954999579 1 0 0 0.9971780862343216 0.07507239395447486 2.9913064741888453
cell 83.06965430566258 99.32778700976364 0.0 1.0 1.0 1 0 0 0.0 1.0 0
cell 15.409204435322176 108.29607511262076 0.0 2.23606797749979 0.4472135954999579 1 0 0 0.5338130209269134 0.845602541794242 1.1262068323190355
cell 26.920384017598213 115.54057220401641 0.0 2.23606797749979 0.4472135954999579 1 0 0 0.5201597796042842 0.8540689689258254 1.0940760409743004
cell 154.05791210386673 107.51736367216122 0.0 2.23606797749979 0.4472135954999579 1 0 0 0.4773752017257156 0.8786995600188566 0.9953302811172599
cell 103.82450707963866 160.2144176145886 0.0 1.0 1.0 1 0 0 0.0 1.0 0
cell 75.27937624565565 108.2060447333222 0.0 1.0 1.0 1 0 0 0.0 1.0 0
cell 35.8825560041019 79.83167873852702 0.0 2.23606797749979 0.4472135954999579 1 0 0 -0.6393064482721541 -0.7689520565013424 1.38719196606539
cell 159.18507537141858 101.22912923577535 0.0 1.0 1.0 1 0 0 0.0 1.0 0
cell 17.910816127698542 92.59553584079006 0.0 2.23606797749979 0.4472135954999579 1 0 0 0.9333361031088762 0.3590037863777168 2.407192042661045
cell 182.85249373884866 104.51031441817922 0.0 2.23606797749979 0.4472135954999579 1 0 0 -0.06210915855302747 -0.9980693625313999 0.12429831907047806
cell 58.06019522198955 37.462399539771454 0.0 1.0 1.0 1 0 0 0.0 1.0 0
cell 17.02691721059988 178.84571562734936 0.0 2.23606797749979 0.4472135954999579 1 0 0 0.9855612178848088 0.16931947850561216 2.801314380058654
cell 44.34716181747124 33.90797257919563 0.0 2.23606797749979 0.4472135954999579 1 0 0 0.9673211092123004 0.25355447476288934 2.6288865523406426
cell 63.78682552385954 28.368537215595108 0.0 2.23606797749979 0.4472135954999579 1 0 0 0.9388449227141236 0.34434025482640174 2.438520704822936
cell 78.78535003189293 39.51696338014897 0.0 1.0 1.0 1 0 0 0.0 1.0 0
cell 14.710155056694276 154.59227416506718 0.0 2.23606797749979 0.4472135954999579 1 0 0 0.9842412307948284 -0.17683099163744254 3.497124186101499
cell 93.94040777308406 0.25360782948605654 0.0 1.0 1.0 1 0 0 0.0 1.0 0
cell 42.27075611255001 7.123319433472252 0.0 1.0 1.0 1 0 0 0.0 1.0 0
cell 110.01069384214652 151.8213447925805 0.0 1.0 1.0 1 0 0 0.0 1.0 0
cell 135.98953825552724 153.8053850423744 0.0 1.0 1.0 1 0 0 0.0 1.0 0
cell 55.06206732293532 28.081018599469004 0.0 2.23606797749979 0.4472135954999579 1 0 0 0.8546934080926831 0.5191331025497355 2.049919935499503
cell 136.62421573947842 44.78390237125118 0.0 1.0 1.0 1 0 0 0.0 1.0 0
cell 88.45487338498555 144.6339560987485 0.0 2.23606797749979 0.4472135954999579 1 0 0 0.22655514285596898 -0.9739983404736948 5.826106508966401
cell 96.86548758132041 135.4559238596919 0.0 2.23606797749979 0.4472135954999579 1 0 0 0.5894005108628397 0.8078409730848167 1.2606331033035894
cell 0.12626887234275996 143.74796485535674 0.0 2.23606797749979 0.4472135954999579 1 0 0 0.7372548921352776 -0.6756147008632954 4.625188961222837
cell 163.1793718750701 185.38248186321698 0.0 2.23606797749979 0.4472135954999579 1 0 0 0.48951124219431574 -0.8719969860987926 5.260126985803618
cell 106.03290321838686 106.14661523140337 0.0 1.0 1.0 1 0 0 0.0 1.0 0
cell 48.67976867858329 43.39915701739413 0.0 1.0 1.0 1 0 0 0.0 1.0 0
cell 121.42307611077469 110.7570791509293 0.0 1.0 1.0 1 0 0 0.0 1.0 0
cell 175.09545912043856 61.50729371142757 0.0 2.23606797749979 0.4472135954999579 1 0 0 0.6232548460398247 -0.7820187957382319 4.937389423190019
cell 104.05647661634573 153.00664075757982 0.0 1.0 1.0 1 0 0 0.0 1.0 0
cell 124.56239949839261 100.26288405725192 0.0 1.0 1.0 1 0 0 0.0 1.0 0
cell 56.23501604320377 185.54456769645802 0.0 1.0 1.0 1 0 0 0.0 1.0 0
cell 113.04064302887319 147.3930093484396 0.0 1.0 1.0 1 0 0 0.0 1.0 0
cell 150.30112288099846 148.7476578820463 0.0 1.0 1.0 1 0 0 0.0 1.0 0
cell 154.82190344590364 122.69294283989264 0.0 1.0 1.0 1 0 0 0.0 1.0 0
cell 18.1508825297482 66.48724655476455 0.0 2.23606797749979 0.4472135954999579 1 0 0 0.9998479010180293 -0.017440608643077653 3.176475639449428
cell 90.67599238058746 169.35918228575946 0.0 2.23606797749979 0.4472135954999579 1 0 0 0.8981260096017787 0.4397381844652403 2.2309783747035254
cell 54.85188345799291 13.628538858573465 0.0 1.0 1.0 1 0 0 0.0 1.0 0
cell 152.07930974526775 5.967724964856005 0.0 1.0 1.0 1 0 0 0.0 1.0 0
cell 113.10960825467119 179.2975597352918 0.0 2.23606797749979 0.4472135954999579 1 0 0 0.9985234491284078 0.05432238526342349 3.0328943782837294
cell 124.71178968472361 178.6053373708961 0.0 2.23606797749979 0.4472135954999579 1 0 0 0.9978085203739424 0.06616764064982016 3.0091606174460725
cell 47.416037291363565 24.68326543026131 0.0 1.0 1.0 1 0 0 0.0 1.0 0
cell 142.54205171908438 183.81538792359197 0.0 2.23606797749979 0.4472135954999579 1 0 0 0.998078410937918 0.06196358301164065 3.017586047473764
cell 148.06471648487002 52.23729067381021 0.0 1.0 1.0 1 0 0 0.0 1.0 0
cell 44.328593691668814 18.3158798417446 0.0 2.23606797749979 0.4472135954999579 1 0 0 0.3579341411708874 0.9337468343101675 0.7321090253363369
cell 20.542839157342144 152.2933832379312 0.0 2.23606797749979 0.4472135954999579 1 0 0 0.9975813405428855 -0.06950876923568335 3.2807223793004656
cell 23.96503827747232 49.61795400034385 0.0 2.23606797749979 0.4472135954999579 1 0 0 0.9177843383226922 0.3970792217298431 2.3249282066904593
cell 37.34502813556252 136.34710602491808 0.0 2.23606797749979 0.4472135954999579 1 0 0 0.8972085324019051 0.4416071210762114 2.2268143910177214
cell 19.41955775706581 56.05822104244031 0.0 2.23606797749979 0.4472135954999579 1 0 0 0.9059820665661126 0.4233160699295455 2.2673878586114387
cell 150.6401341843786 22.72715956772111 0.0 1.0 1.0 1 0 0 0.0 1.0 0
cell 25.987367826408132 136.2981943816232 0.0 2.23606797749979 0.4472135954999579 1 0 0 0.7623037891256774 0.6472193855908789 1.7337304202893822
cell 86.36316639084089 11.118646829956957 0.0 1.0 1.0 1 0 0 0.0 1.0 0
cell 125.38273841215762 135.09119023713487 0.0 1.0 1.0 1 0 0 0.0 1.0 0
cell 77.11785157915457 14.686302320515933 0.0 1.0 1.0 1 0 0 0.0 1.0 0
cell 53.99112430905815 11.190674074559295 0.0 1.0 1.0 1 0 0 0.0 1.0 0
cell 42.56102790227516 137.39938238880362 0.0 2.23606797749979 0.4472135954999579 1 0 0 0.8836504371103331 0.4681473112116712 2.1672066938539927
cell 77.27837325687679 5.924473868209391 0.0 2.23606797749979 0.4472135954999579 1 0 0 0.9021315370857077 0.4314611104090128 2.2493691116270935
cell 162.33309127074975 164.7097076182768 0.0 1.0 1.0 1 0 0 0.0 1.0 0
cell 136.95471595415577 101.84079402084735 0.0 2.23606797749979 0.4472135954999579 1 0 0 -0.24348474291758723 -0.9699047272626092 0.49191422254393213
cell 131.43348462204796 112.1992019478308 0.0 1.0 1.0 1 0 0 0.0 1.0 0
cell 135.11698996467777 5.15614358990943 0.0 1.0 1.0 1 0 0 0.0 1.0 0
cell 50.3175507994258 3.033474772716297 0.0 1.0 1.0 1 0 0 0.0 1.0 0
cell 12.753637983908732 30.89794696342731 0.0 2.23606797749979 0.4472135954999579 1 0 0 -0.3922131259247137 0.9198743739513373 5.4771127822715515
cell 80.03335795268006 57.41529733361375 0.0 1.0 1.0 1 0 0 0.0 1.0 0
cell 66.27848322655338 60.64579770779285 0.0 2.23606797749979 0.4472135954999579 1 0 0 -0.25050471134085384 -0.9681153803116834 0.5064031077603488
cell 100.80542787922796 0.3196159492137577 0.0 1.0 1.0 1 0 0 0.0 1.0 0
cell 162.36217473954736 89.8406486793345 0.0 1.0 1.0 1 0 0 0.0 1.0 0
cell 122.29000474647593 186.47455630073267 0.0 1.0 1.0 1 0 0 0.0 1.0 0
cell 158.7777592143498 156.72721509549876 0.0 1.0 1.0 1 0 0 0.0 1.0 0
cell 12.238448033826883 150.70163593377023 0.0 2.23606797749979 0.4472135954999579 1 0 0 0.999187327436692 -0.04030737761155816 3.2222292537140977
cell 81.11445965951702 14.802906359166727 0.0 1.0 1.0 1 0 0 0.0 1.0 0
cell 68.91803606890947 89.0599154450241 0.0 1.0 1.0 1 0 0 0.0 1.0 0
cell 5.634771352290541 52.12155238583442 0.0 1.0 1.0 1 0 0 0.0 1.0 0
cell 144.7685463643463 115.02635677974423 0.0 1.0 1.0 1 0 0 0.0 1.0 0
cell 135.0330180625151 174.49779739723056 0.0 2.23606797749979 0.4472135954999579 1 0 0 0.918989186720697 0.39428273445642015 2.3310182010736313
cell 101.53025705551107 29.828624623111633 0.0 1.0 1.0 1 0 0 0.0 1.0 0
cell 16.20248097640521 147.2386898326367 0.0 2.23606797749979 0.4472135954999579 1 0 0 0.984016029251062 0.17807990952651853 2.7835230022115924
cell 138.80067821880894 170.2531992023083 0.0 2.23606797749979 0.4472135954999579 1 0 0 -0.8472594558671083 -0.5311792677089079 2.0216090127574535
cell 133.12267478018777 143.9686559401279 0.0 2.23606797749979 0.4472135954999579 1 0 0 0.11263322641925941 0.993636631926575 0.22574549016157205
cell 48.69510848276981 52.335564852410194 0.0 1.0 1.0 1 0 0 0.0 1.0 0
cell 14.818604165285098 173.97938744052462 0.0 2.23606797749979 0.4472135954999579 1 0 0 0.9866538135603384 -0.16283197532069993 3.4687131736664223
cell 175.5276405855409 3.45529125676982 0.0 2.23606797749979 0.4472135954999579 1 0 0 0.4557250208253377 -0.8901206128349941 5.3368121787562375
cell 28.488799078585334 138.50285485313773 0.0 2.23606797749979 0.4472135954999579 1 0 0 -0.8213680110212729 -0.5703986241839633 1.9276104718449432
cell 93.78428962605547 187.29422279864878 0.0 2.23606797749979 0.4472135954999579 1 0 0 0.9701946705133488 0.24232684809466443 2.6520657204533435
cell 114.300884722566 109.7832732461272 0.0 1.0 1.0 1 0 0 0.0 1.0 0
cell 149.93389899513096 80.09921384206143 0.0 1.0 1.0 1 0 0 0.0 1.0 0
cell 70.5250786415889 49.182088813112344 0.0 1.0 1.0 1 0 0 0.0 1.0 0
cell 55.176661354868905 32.03365320663552 0.0 2.23606797749979 0.4472135954999579 1 0 0 0.9153037023258007 0.4027643635038756 2.3125226409561406
cell 104.6664365894009 107.33974743046538 0.0 1.0 1.0 1 0 0 0.0 1.0 0
cell 116.79262160468504 172.61899623259373 0.0 2.23606797749979 0.4472135954999579 1 0 0 0.9963502900714739 0.08535865201893608 2.9706673563277466
cell 73.20341828134188 65.15271458903261 0.0 2.23606797749979 0.4472135954999579 1 0 0 -0.3632792674652999 -0.931680295933039 0.7435704468616322
cell 67.15182566531357 149.38337593600536 0.0 2.23606797749979 0.4472135954999579 1 0 0 0.28136654314639375 -0.959600369110938 5.7127495316619115
cell 121.00596196137549 120.80339281032164 0.0 1.0 1.0 1 0 0 0.0 1.0 0
cell 110.27659713288537 50.718400952127844 0.0 1.0 1.0 1 0 0 0.0 1.0 0
cell 154.29932188779193 154.69085569082003 0.0 2.23606797749979 0.4472135954999579 1 0 0 0.6896343229978711 0.7241577870486984 1.5219679251378189
cell 150.32777957497032 54.60974938538562 0.0 1.0 1.0 1 0 0 0.0 1.0 0
cell 140.79897802206006 156.56121957821375 0.0 1.0 1.0 1 0 0 0.0 1.0 0
cell 182.44400978557195 107.83687468825136 0.0 2.23606797749979 0.4472135954999579 1 0 0 0.9884856870833664 -0.15131439598176105 3.445388342603366
cell 144.26580514902997 159.63707062687212 0.0 2.23606797749979 0.4472135954999579 1 0 0 -0.6079408274466936 -0.7939823362792333 1.3069290676537602
cell 141.16929454128493 69.23530299420473 0.0 1.0 1.0 1 0 0 0.0 1.0 0
cell 91.83380252729269 99.04827867488171 0.0 1.0 1.0 1 0 0 0.0 1.0 0
cell 18.83601018693598 49.854319964973186 0.0 2.23606797749979 0.4472135954999579 1 0 0 0.8546200584338864 0.5192538451686809 2.049637383185702
cell 45.45964233363182 52.941167370813844 0.0 1.0 1.0 1 0 0 0.0 1.0 0
cell 127.91764273504597 19.97805094061145 0.0 1.0 1.0 1 0 0 0.0 1.0 0
cell 91.69511023841193 135.11771694530597 0.0 2.23606797749979 0.4472135954999579 1 0 0 0.7757485138433696 0.6310421881853886 1.775800773461342
cell 65.70447679688237 91.34922818611952 0.0 1.0 1.0 1 0 0 0.0 1.0 0
cell 138.39552960989573 1.0644867722878617 0.0 1.0 1.0 1 0 0 0.0 1.0 0
cell 110.80248356438635 126.06033724820003 0.0 1.0 1.0 1 0 0 0.0 1.0 0
cell 100.51445451739106 59.68477738023391 0.0 1.0 1.0 1 0 0 0.0 1.0 0
cell 103.70399441949718 6.687806713775738 0.0 1.0 1.0 1 0 0 0.0 1.0 0
cell 14.12653594430233 42.323435551865295 0.0 1.0 1.0 1 0 0 0.0 1.0 0
cell 68.8011508784054 186.39926983142738 0.0 1.0 1.0 1 0 0 0.0 1.0 0
cell 16.344102715035124 63.3064087759766 0.0 2.23606797749979 0.4472135954999579 1 0 0 0.9306310825491292 0.3659587247128233 2.392267088804102
cell 131.6424003274962 105.28908699274552 0.0 1.0 1.0 1 0 0 0.0 1.0 0
cell 65.82530056211417 18.580726143537177 0.0 2.23606797749979 0.4472135954999579 1 0 0 0.8924512968082281 0.45114374962456466 2.2054996402955562
cell 131.34958143995757 110.43574299268646 0.0 1.0 1.0 1 0 0 0.0 1.0 0
cell 176.69370531609755 73.56500047109377 0.0 2.23606797749979 0.4472135954999579 1 0 0 0.9991729716802958 -0.0406616854491642 3.222938450817443
cell 31.116285981099416 49.539768338137854 0.0 2.23606797749979 0.4472135954999579 1 0 0 0.9252564524774269 0.3793421900459888 2.3634221656253867
cell 74.48116741052381 165.7565857188806 0.0 1.0 1.0 1 0 0 0.0 1.0 0
cell 69.34684320058649 98.97736775051415 0.0 1.0 1.0 1 0 0 0.0 1.0 0
cell 24.267828339327348 53.26335326677931 0.0 1.0 1.0 1 0 0 0.0 1.0 0
cell 144.96229002600677 139.2999186716291 0.0 2.23606797749979 0.4472135954999579 1 0 0 0.8371105393611863 0.547033769424177 1.9839592480321653
cell 85.95093694751112 183.19625694485313 0.0 2.23606797749979 0.4472135954999579 1 0 0 0.9396797521404195 0.34205549756920967 2.443385705876557
cell 100.51235189692152 89.72878831902469 0.0 1.0 1.0 1 0 0 0.0 1.0 0
cell 176.45940504372263 49.93655278394193 0.0 2.23606797749979 0.4472135954999579 1 0 0 0.7745087424296158 -0.6325632046681937 4.511309084920546
cell 133.66595407980367 23.37572267424263 0.0 1.0 1.0 1 0 0 0.0 1.0 0
cell 41.13677610410753 5.941623713585914 0.0 1.0 1.0 1 0 0 0.0 1.0 0
cell 56.58589011637726 74.44028932202795 0.0 1.0 1.0 1 0 0 0.0 1.0 0
cell 21.5907244821137 30.720138821467604 0.0 1.0 1.0 1 0 0 0.0 1.0 0
cell 150.57915287984437 36.79379318823336 0.0 2.23606797749979 0.4472135954999579 1 0 0 -0.05012571601165526 0.9987429161672782 6.182891845870314
cell 30.103387649097748 105.94671592787188 0.0 2.23606797749979 0.4472135954999579 1 0 0 0.8446430223959744 0.5353299587336706 2.0117959585156044
cell 4.8596248063802845 24.829753112538757 0.0 2.23606797749979 0.4472135954999579 1 0 0 -0.4456298579102344 0.895217308668071 5.359429869679843
cell 179.87545274218797 79.07240823887913 0.0 2.23606797749979 0.4472135954999579 1 0 0 0.999326608852346 -0.03669235396741801 3.214993838167037
cell 54.33310428469658 93.24015810184319 0.0 2.23606797749979 0.4472135954999579 1 0 0 0.9541508235910872 -0.2993262531761124 3.749565561184432
cell 135.83638699903136 155.54527210187456 0.0 1.0 1.0 1 0 0 0.0 1.0 0
cell 77.28818999588232 186.06125431476104 0.0 2.23606797749979 0.4472135954999579 1 0 0 0.86764489067709 0.4971844161696347 2.100891334955826
cell 83.44012557236026 39.94671883570697 0.0 1.0 1.0 1 0 0 0.0 1.0 0
cell 47.17717021200895 139.37074414639196 0.0 2.23606797749979 0.4472135954999579 1 0 0 0.9447309459565348 0.3278466711010969 2.473545919279699
cell 29.440131445644045 29.956811502152746 0.0 1.0 1.0 1 0 0 0.0 1.0 0
cell 143.6337621594051 180.67014617985944 0.0 2.23606797749979 0.4472135954999579 1 0 0 0.990392697706562 0.13828342029874158 2.864136708212007
cell 117.92625161415968 1.6270283428187395 0.0 1.0 1.0 1 0 0 0.0 1.0 0
cell 133.65245256624038 12.030267400710146 0.0 1.0 1.0 1 0 0 0.0 1.0 0
cell 52.6404963684372 48.331089409185324 0.0 1.0 1.0 1 0 0 0.0 1.0 0
cell 42.74196256277725 146.96449380139373 0.0 2.23606797749979 0.4472135954999579 1 0 0 0.9762797312803834 0.2165130164472853 2.705109969964957
cell 105.50455658806797 87.98507216431082 0.0 1.0 1.0 1 0 0 0.0 1.0 0
cell 44.95846346703838 90.71971258762079 0.0 2.23606797749979 0.4472135954999579 1 0 0 0.9903830601533621 0.13835242737755632 2.8639973545703583
cell 26.217516486205067 129.68049031995324 0.0 1.0 1.0 1 0 0 0.0 1.0 0
cell 112.91205224950947 120.62206389919022 0.0 2.23606797749979 0.4472135954999579 1 0 0 -0.21806405969485232 0.9759344577733691 5.843524605630477
cell 1.7959599350004163 83.49084527743902 0.0 2.23606797749979 0.4472135954999579 1 0 0 0.9996442625783117 0.026671113480003766 3.088244100454165
cell 44.07058532300779 51.61184179600912 0.0 2.23606797749979 0.4472135954999579 1 0 0 0.9851695194824929 0.1715838508794875 2.796718376486044
cell 124.29132644247093 165.5982035841674 0.0 1.0 1.0 1 0 0 0.0 1.0 0
cell 87.68714177648975 172.69283056384367 0.0 2.23606797749979 0.4472135954999579 1 0 0 0.8936419409540649 0.44878066064376204 2.210791833451015
cell 127.52396489200865 49.822382911686034 0.0 1.0 1.0 1 0 0 0.0 1.0 0
cell 13.18274694661938 38.20679985471654 0.0 1.0 1.0 1 0 0 0.0 1.0 0
cell 104.42881871480837 7.808810210413737 0.0 1.0 1.0 1 0 0 0.0 1.0 0
cell 182.45878116990878 21.20358910667487 0.0 2.23606797749979 0.4472135954999579 1 0 0 0.1728058204853282 -0.9849559119099659 5.935830031800969
cell 181.18468025087853 45.312332583278796 0.0 2.23606797749979 0.4472135954999579 1 0 0 -0.058138544154484245 0.9983085242967712 6.1668426145246364
cell 157.79082241129268 180.38421708307885 0.0 2.23606797749979 0.4472135954999579 1 0 0 0.9844736034519571 0.17553268671765587 2.788698993682066
cell 99.30390393181129 45.56622785664629 0.0 1.0 1.0 1 0 0 0.0 1.0 0
cell 137.61144252441287 8.771932369624464 0.0 1.0 1.0 1 0 0 0.0 1.0 0
cell 21.34727060639592 147.50565812219602 0.0 2.23606797749979 0.4472135954999579 1 0 0 0.9715484801066985 0.23684077098836706 2.663367034959403
cell 41.81038532713557 14.370257013523917 0.0 2.23606797749979 0.4472135954999579 1 0 0 0.3307940521944324 0.9437029697064575 0.6742897458884504
cell 87.1881774855343 147.86355342547188 0.0 2.23606797749979 0.4472135954999579 1 0 0 0.23859164405433034 -0.9711199860920646 5.80135460075917
cell 106.64667191833921 84.00310478088217 0.0 2.23606797749979 0.4472135954999579 1 0 0 -0.12028397682121651 -0.9927395252129699 0.24115186229718155
cell 139.37644509247232 84.41937789715666 0.0 1.0 1.0 1 0 0 0.0 1.0 0
cell 107.35574906556357 105.09928725710779 0.0 1.0 1.0 1 0 0 0.0 1.0 0
cell 95.55170449146785 12.839223433295054 0.0 1.0 1.0 1 0 0 0.0 1.0 0
cell 98.34311547607277 38.174777466380604 0.0 1.0 1.0 1 0 0 0.0 1.0 0
cell 167.56698770899328 51.27648118778543 0.0 1.0 1.0 1 0 0 0.0 1.0 0
cell 107.82356489849853 48.91914133599515 0.0 1.0 1.0 1 0 0 0.0 1.0 0
cell 5.547319494102181 39.95408103518786 0.0 2.23606797749979 0.4472135954999579 1 0 0 -0.6039154596127 0.7970483784819974 4.9863763690940734
cell 131.13543778640272 81.29285487315941 0.0 1.0 1.0 1 0 0 0.0 1.0 0
cell 130.8306250116595 6.315328950245949 0.0 1.0 1.0 1 0 0 0.0 1.0 0
cell 150.45477493827346 92.5349069554094 0.0 1.0 1.0 1 0 0 0.0 1.0 0
cell 157.30380494251108 179.6395432655941 0.0 2.23606797749979 0.4472135954999579 1 0 0 0.9795373425638629 0.20126250153201794 2.7362994018336173
cell 58.11988164570775 13.846624633730212 0.0 1.0 1.0 1 0 0 0.0 1.0 0
cell 115.33735510498633 23.484010125208957 0.0 1.0 1.0 1 0 0 0.0 1.0 0
cell 155.49265865487615 132.94554634287127 0.0 2.23606797749979 0.4472135954999579 1 0 0 0.4292434000542622 0.9031888526270996 0.8873098230420029
cell 160.22274611271595 19.709491153815357 0.0 1.0 1.0 1 0 0 0.0 1.0 0
cell 122.6579133422497 4.461993923164868 0.0 1.0 1.0 1 0 0 0.0 1.0 0
cell 107.54723795245732 98.36976589568492 0.0 1.0 1.0 1 0 0 0.0 1.0 0
cell 89.23798669867148 8.010917498217177 0.0 1.0 1.0 1 0 0 0.0 1.0 0
cell 56.58338401846451 44.07609466330794 0.0 1.0 1.0 1 0 0 0.0 1.0 0
cell 129.03078555851144 5.446674622734874 0.0 1.0 1.0 1 0 0 0.0 1.0 0
cell 34.680194085731536 114.23598014251726 0.0 2.23606797749979 0.4472135954999579 1 0 0 0.7596423832241246 0.65034102562392 1.7255260942435862
cell 32.42368963675219 106.31797478233273 0.0 2.23606797749979 0.4472135954999579 1 0 0 0.8516016259595232 0.5241895369645377 2.0380663708754683
cell 147.6576908326741 61.648585330294964 0.0 1.0 1.0 1 0 0 0.0 1.0 0
cell 120.57111040959039 88.3387914429797 0.0 2.23606797749979 0.4472135954999579 1 0 0 0.26247336560790463 0.9649392376447644 0.5311690946445233
cell 6.764108632868239 96.5512769939083 0.0 2.23606797749979 0.4472135954999579 1 0 0 0.9725470774841205 0.2327062140921385 2.671873922692619
cell 24.934690511060356 152.35143717749156 0.0 2.23606797749979 0.4472135954999579 1 0 0 0.996160148128066 -0.08754975317766309 3.3169166234680714
cell 165.53096375471267 121.72890596148294 0.0 2.23606797749979 0.4472135954999579 1 0 0 -0.22988927984153662 -0.9732167893197998 0.4639278282483028
cell 63.97987541587048 160.6107259355053 0.0 2.23606797749979 0.4472135954999579 1 0 0 0.891591868823294 -0.45283986071036864 4.081488513378929
cell 52.01222357470866 10.969663703692428 0.0 1.0 1.0 1 0 0 0.0 1.0 0
cell 166.88275239281452 59.25128730041199 0.0 1.0 1.0 1 0 0 0.0 1.0 0
cell 110.59743437475117 183.8546711675722 0.0 1.0 1.0 1 0 0 0.0 1.0 0
cell 99.60674136223597 27.280786553395277 0.0 1.0 1.0 1 0 0 0.0 1.0 0
cell 9.638647810613817 100.21431861123177 0.0 2.23606797749979 0.4472135954999579 1 0 0 0.406475972378182 0.9136614711583342 0.8371873979901548
cell 98.74644457272893 30.22741212047061 0.0 1.0 1.0 1 0 0 0.0 1.0 0
cell 110.44949504631865 38.27570369162172 0.0 1.0 1.0 1 0 0 0.0 1.0 0
cell 84.47426856095989 159.8253115466408 0.0 2.23606797749979 0.4472135954999579 1 0 0 0.6094941175006662 -0.7927905907186867 4.972340645728122
cell 131.81607280752533 73.008150829242 0.0 1.0 1.0 1 0 0 0.0 1.0 0
cell 33.9690784793779 118.50534061566718 0.0 2.23606797749979 0.4472135954999579 1 0 0 0.6106653845972068 0.791888747271197 1.3138011381472225
cell 77.12243236969438 34.823818801023776 0.0 1.0 1.0 1 0 0 0.0 1.0 0
cell 72.06086194649306 10.650483157964773 0.0 2.23606797749979 0.4472135954999579 1 0 0 0.8891534890368606 0.4576090830977652 2.190983951645144
cell 109.34713962735346 4.685191268867003 0.0 1.0 1.0 1 0 0 0.0 1.0 0
cell 128.44781460040505 114.36259768195198 0.0 1.0 1.0 1 0 0 0.0 1.0 0
cell 149.24712572490776 110.02247381734995 0.0 2.23606797749979 0.4472135954999579 1 0 0 0.38381713734414996 0.9234091211813656 0.7878530149106858
cell 34.295078008319045 37.314224820395836 0.0 2.23606797749979 0.4472135954999579 1 0 0 0.9713360662456867 0.2377104255398887 2.6615765950795356
cell 141.9797895416991 110.90766071305436 0.0 1.0 1.0 1 0 0 0.0 1.0 0
cell 92.95340604170208 67.05148087957545 0.0 2.23606797749979 0.4472135954999579 1 0 0 0.3146857541037771 0.9491959103178528 0.6402511410040902
cell 104.33416845826503 111.02446643039377 0.0 1.0 1.0 1 0 0 0.0 1.0 0
cell 179.55211804145452 1.6455141437263852 0.0 2.23606797749979 0.4472135954999579 1 0 0 0.4285825582596177 -0.9035026235466289 5.397338582345303
cell 103.24456303032176 82.13882771670477 0.0 2.23606797749979 0.4472135954999579 1 0 0 -0.13493605298845712 -0.9908543089697376 0.27069784986724343
cell 125.10561857816042 153.51359453159415 0.0 1.0 1.0 1 0 0 0.0 1.0 0
cell 50.83474644700256 183.10074251522715 0.0 1.0 1.0 1 0 0 0.0 1.0 0
cell 30.285814929838388 23.902618687889223 0.0 1.0 1.0 1 0 0 0.0 1.0 0
cell 184.72776008724833 136.3549906022328 0.0 1.0 1.0 1 0 0 0.0 1.0 0
cell 118.5877316510821 23.79102287847458 0.0 1.0 1.0 1 0 0 0.0 1.0 0
cell 23.930526496576974 132.99414932454414 0.0 2.23606797749979 0.4472135954999579 1 0 0 0.6497582517046275 0.760140917423701 1.4145327251726632
cell 142.3751411941217 46.39032832846698 0.0 2.23606797749979 0.4472135954999579 1 0 0 0.9988224912688108 0.048514234360301604 3.0445260829660925
cell 137.77274093914875 180.90586254853235 0.0 1.0 1.0 1 0 0 0.0 1.0 0
cell 185.39142014281856 153.03414947885085 0.0 2.23606797749979 0.4472135954999579 1 0 0 0.9693380500021014 -0.24573104162503287 3.6381402262828177
cell 19.690556992553724 93.55744032132088 0.0 2.23606797749979 0.4472135954999579 1 0 0 0.9623294239914756 0.271886152130326 2.590887701037627
cell 122.7192900828261 104.7172507093992 0.0 1.0 1.0 1 0 0 0.0 1.0 0
cell 20.432345460409856 136.472654871655 0.0 2.23606797749979 0.4472135954999579 1 0 0 0.1868891998771764 0.98238099888448 0.37598918907531653
cell 176.35231680994346 185.42120523307278 0.0 2.23606797749979 0.4472135954999579 1 0 0 0.9973327496978835 0.07298894697184423 2.995484834491129
cell 52.70273909033797 78.05279328359589 0.0 1.0 1.0 1 0 0 0.0 1.0 0
cell 1.3028302824695828 45.01937375348045 0.0 2.23606797749979 0.4472135954999579 1 0 0 0.48771530806771485 -0.8730027366946875 5.264243739448998
cell 105.69128095309961 184.56297770444175 0.0 1.0 1.0 1 0 0 0.0 1.0 0
cell 81.18047005540902 81.97313762091851 0.0 1.0 1.0 1 0 0 0.0 1.0 0
cell 86.10640940459866 160.51404825377443 0.0 2.23606797749979 0.4472135954999579 1 0 0 0.8271240506717005 -0.5620193989538425 4.335243155825564
cell 14.331747576513191 36.6960301581674 0.0 1.0 1.0 1 0 0 0.0 1.0 0
cell 91.15817851501762 10.506992020334062 0.0 1.0 1.0 1 0 0 0.0 1.0 0
cell 94.29190193619336 6.027085873572786 0.0 1.0 1.0 1 0 0 0.0 1.0 0
cell 87.25314340881197 58.384998928814625 0.0 1.0 1.0 1 0 0 0.0 1.0 0
cell 79.37347148098465 170.8206778409403 0.0 1.0 1.0 1 0 0 0.0 1.0 0
cell 58.295583838544445 12.28750341670008 0.0 1.0 1.0 1 0 0 0.0 1.0 0
cell 142.50914926328375 155.55952243773692 0.0 2.23606797749979 0.4472135954999579 1 0 0 -0.44900372602796795 -0.8935298842305173 0.9313000790906134
cell 72.41919338964162 44.279719219964214 0.0 1.0 1.0 1 0 0 0.0 1.0 0
cell 39.63312789387837 32.30832945446199 0.0 1.0 1.0 1 0 0 0.0 1.0 0
cell 38.319425810463265 44.353737324391496 0.0 2.23606797749979 0.4472135954999579 1 0 0 0.958335147326776 0.28564618918894497 2.5622313664414786
cell 66.36334888581924 186.3059092717411 0.0 2.23606797749979 0.4472135954999579 1 0 0 0.5823361074566479 0.8129481274670848 1.243198734652404
cell 26.47044170549238 43.63819944989066 0.0 2.23606797749979 0.4472135954999579 1 0 0 -0.9205658933123017 -0.39058729635015527 2.3390536943846083
cell 76.71749485555576 42.764540015372155 0.0 1.0 1.0 1 0 0 0.0 1.0 0
cell 97.83778145989382 58.707928038269955 0.0 1.0 1.0 1 0 0 0.0 1.0 0
cell 95.49235572827288 0.2963074191672241 0.0 1.0 1.0 1 0 0 0.0 1.0 0
cell 116.18332094430967 126.45425347587681 0.0 1.0 1.0 1 0 0 0.0 1.0 0
cell 80.90480666029337 106.33888419043743 0.0 1.0 1.0 1 0 0 0.0 1.0 0
cell 130.2708154817502 50.425431353365084 0.0 1.0 1.0 1 0 0 0.0 1.0 0
cell 79.82284854333649 61.40489289807397 0.0 2.23606797749979 0.4472135954999579 1 0 0 0.45857091627599905 0.8886578164545624 0.9527727855713396
cell 139.43391910121957 73.41584713651046 0.0 1.0 1.0 1 0 0 0.0 1.0 0
cell 109.92603465556957 171.11963345545044 0.0 2.23606797749979 0.4472135954999579 1 0 0 0.9591887139592775 0.28276670775242846 2.5682380281164487
cell 16.059289155917448 23.295819057387106 0.0 1.0 1.0 1 0 0 0.0 1.0 0
cell 94.87169146457803 98.91560175944309 0.0 1.0 1.0 1 0 0 0.0 1.0 0
cell 40.829685406277676 3.042168715583005 0.0 1.0 1.0 1 0 0 0.0 1.0 0
cell 37.196709756847 187.83898426506636 0.0 1.0 1.0 1 0 0 0.0 1.0 0
cell 6.744626749462801 64.50283906884084 0.0 2.23606797749979 0.4472135954999579 1 0 0 0.18813727917319645 -0.9821427412475779 5.904654883091206
cell 84.41952161274651 26.573221733974364 0.0 1.0 1.0 1 0 0 0.0 1.0 0
cell 122.49967772430657 79.09334761597378 0.0 1.0 1.0 1 0 0 0.0 1.0 0
cell 65.4326380224902 135.86198827000257 0.0 2.23606797749979 0.4472135954999579 1 0 0 0.9288064757688996 -0.3705651502364416 3.90082748600245
cell 10.58019324152745 176.89834280674657 0.0 2.23606797749979 0.4472135954999579 1 0 0 0.3125799380370407 0.9498914581870709 0.6358157153599997
cell 62.13022710151504 118.70829541311181 0.0 2.23606797749979 0.4472135954999579 1 0 0 0.9485632179864955 -0.3165877784803203 3.7858527833244646
cell 99.45515363766657 110.93732773032625 0.0 1.0 1.0 1 0 0 0.0 1.0 0
cell 46.826390523598704 23.897592107506036 0.0 1.0 1.0 1 0 0 0.0 1.0 0
cell 114.22394672336777 134.45810340057562 0.0 1.0 1.0 1 0 0 0.0 1.0 0
cell 68.60207208319274 105.01863051603371 0.0 1.0 1.0 1 0 0 0.0 1.0 0
cell 90.68072170303816 172.80070694021796 0.0 2.23606797749979 0.4472135954999579 1 0 0 0.9226871034054126 0.3855496196461998 2.349985810963355
cell 52.49746812128387 57.07042896454273 0.0 2.23606797749979 0.4472135954999579 1 0 0 0.05611285169210964 -0.9984244327313807 6.17090062690989
cell 13.00893439673201 41.18438079413388 0.0 1.0 1.0 1 0 0 0.0 1.0 0
cell 109.0760290269193 179.7250206995878 0.0 2.23606797749979 0.4472135954999579 1 0 0 0.9971835891415511 0.07499926364154541 2.991453148312801
cell 107.71051476859377 64.10808992794219 0.0 1.0 1.0 1 0 0 0.0 1.0 0
cell 148.54433468872583 5.650391251233772 0.0 1.0 1.0 1 0 0 0.0 1.0 0
cell 166.28316088085106 26.99440961801643 0.0 2.23606797749979 0.4472135954999579 1 0 0 0.18624169922255338 -0.9825039590101894 5.9085142627184535
cell 58.68383821376379 61.57402140847816 0.0 1.0 1.0 1 0 0 0.0 1.0 0
cell 115.55450159635011 36.614474899770926 0.0 1.0 1.0 1 0 0 0.0 1.0 0
cell 133.48743793605973 122.47070695918102 0.0 1.0 1.0 1 0 0 0.0 1.0 0
cell 101.16992964164731 113.24074380149447 0.0 1.0 1.0 1 0 0 0.0 1.0 0
cell 3.642923026529818 106.94236079998579 0.0 2.23606797749979 0.4472135954999579 1 0 0 -0.01508207579844954 -0.9998862590263004 0.03016529528225753
cell 15.554678753764849 30.646392964613227 0.0 2.23606797749979 0.4472135954999579 1 0 0 -0.2192434159823549 0.9756701925078926 5.8411074026508185
cell 83.14622725816264 118.05354817653163 0.0 1.0 1.0 1 0 0 0.0 1.0 0
cell 33.76755327176743 31.53779829914369 0.0 1.0 1.0 1 0 0 0.0 1.0 0
cell 51.532778247549864 31.343410058710578 0.0 2.23606797749979 0.4472135954999579 1 0 0 0.9043504215094105 0.42679071582656475 2.2597105028699933
cell 42.80017878223976 103.27812011148019 0.0 2.23606797749979 0.4472135954999579 1 0 0 0.971557640986485 -0.23680318883151935 3.619740907105772
cell 98.5228665503337 168.89469473108574 0.0 2.23606797749979 0.4472135954999579 1 0 0 0.9537789505931038 0.3005090903874917 2.5311399124586305
cell 132.4135375266885 69.79581495796896 0.0 1.0 1.0 1 0 0 0.0 1.0 0
cell 39.336972105062486 50.7876886861821 0.0 1.0 1.0 1 0 0 0.0 1.0 0
cell 120.2006582563333 65.89644558231915 0.0 1.0 1.0 1 0 0 0.0 1.0 0
cell 88.16160254112033 41.47781651541143 0.0 1.0 1.0 1 0 0 0.0 1.0 0
cell 87.17919540832642 2.286532614372293 0.0 2.23606797749979 0.4472135954999579 1 0 0 0.9410430562163424 0.3382868107789688 2.4514010959791834
cell 113.94949403848142 141.9752666764933 0.0 2.23606797749979 0.4472135954999579 1 0 0 0.7544295396299013 0.6563810400474828 1.70956917095039
cell 76.3346791672738 46.10506058661007 0.0 1.0 1.0 1 0 0 0.0 1.0 0
cell 68.05552082964535 43.19327427539481 0.0 1.0 1.0 1 0 0 0.0 1.0 0
cell 168.07712504364326 35.16495693918058 0.0 2.23606797749979 0.4472135954999579 1 0 0 -0.1178504359831558 0.993031356372285 6.046935399367444
cell 61.1623407907315 28.16904409205221 0.0 2.23606797749979 0.4472135954999579 1 0 0 0.9179400627556751 0.3967190960719025 2.3257129119612707
cell 26.476459632876605 14.963061577053868 0.0 2.23606797749979 0.4472135954999579 1 0 0 -0.04039437891473762 -0.9991838139962499 0.08081074455888082
cell 18.38980289125216 46.77026268628177 0.0 2.23606797749979 0.4472135954999579 1 0 0 0.824731177186797 0.5655249644145518 1.9394533682236428
cell 141.03299366190112 100.85082963844194 0.0 2.23606797749979 0.4472135954999579 1 0 0 0.2532778216453615 0.9673935833271691 0.5121341241680667
cell 163.41969463900034 30.266862861590123 0.0 2.23606797749979 0.4472135954999579 1 0 0 0.18970123385071588 -0.9818418619490188 5.9014696150511305
cell 60.66958491561509 174.15039393231967 0.0 2.23606797749979 0.4472135954999579 1 0 0 0.4941681389415963 0.8693663499670315 1.0337554241555453
cell 74.09336663727841 49.1433521446738 0.0 1.0 1.0 1 0 0 0.0 1.0 0
cell 127.41002048992182 84.39410396545479 0.0 2.23606797749979 0.4472135954999579 1 0 0 0.31719727439980766 0.9483595779625643 0.6455453605301775
cell 177.47642937770027 175.80663194286373 0.0 2.23606797749979 0.4472135954999579 1 0 0 0.9999832698227992 0.005784468385501108 3.130023652301572
cell 162.3230143301378 153.0709450811335 0.0 1.0 1.0 1 0 0 0.0 1.0 0
cell 185.00732866528116 102.91534988583788 0.0 2.23606797749979 0.4472135954999579 1 0 0 0.08694201387526154 0.9962133738428298 0.17410383865920567
cell 113.4320214960068 153.4581803997294 0.0 1.0 1.0 1 0 0 0.0 1.0 0
cell 13.9616342939213 14.127800036918943 0.0 2.23606797749979 0.4472135954999579 1 0 0 0.2349632945314692 -0.9720042439325653 5.808823696661105
cell 79.69619321321036 134.96743253813784 0.0 1.0 1.0 1 0 0 0.0 1.0 0
cell 98.32081876015707 42.611343438916215 0.0 1.0 1.0 1 0 0 0.0 1.0 0
cell 147.20689263897953 153.15063887696465 0.0 2.23606797749979 0.4472135954999579 1 0 0 0.46868526337961486 0.8833652267837925 0.9756037240427411
cell 52.984018142612314 56.177919647243456 0.0 2.23606797749979 0.4472135954999579 1 0 0 0.049978168702942916 -0.9987503104645826 6.183187310819035
cell 61.038908813921935 64.45473052230547 0.0 1.0 1.0 1 0 0 0.0 1.0 0
cell 146.84474921703696 174.78957264685172 0.0 1.0 1.0 1 0 0 0.0 1.0 0
cell 73.94162026585055 94.04996885930886 0.0 1.0 1.0 1 0 0 0.0 1.0 0
cell 159.41027218571602 12.782646254134923 0.0 1.0 1.0 1 0 0 0.0 1.0 0
cell 98.77764420736413 109.48721889917833 0.0 1.0 1.0 1 0 0 0.0 1.0 0
cell 62.79952039418589 61.2947575746561 0.0 2.23606797749979 0.4472135954999579 1 0 0 -0.25510481058408563 -0.9669134064728122 0.515912197462665
cell 45.679378430197644 50.11399237657599 0.0 2.23606797749979 0.4472135954999579 1 0 0 0.9633523687585565 0.26823909783489486 2.598463303504598
cell 47.65286354878809 47.36718044682499 0.0 1.0 1.0 1 0 0 0.0 1.0 0
cell 30.50019816374584 143.54262798163586 0.0 2.23606797749979 0.4472135954999579 1 0 0 0.9237769177523917 0.3829310724241256 2.3556583730856877
cell 122.97278995833356 15.048460716310007 0.0 1.0 1.0 1 0 0 0.0 1.0 0
cell 75.57364176320097 142.38610315709258 0.0 2.23606797749979 0.4472135954999579 1 0 0 -0.021863966925281537 0.9997609549038661 6.239453888679775
cell 175.37178535349773 70.0155794946965 0.0 2.23606797749979 0.4472135954999579 1 0 0 0.9790272063938106 0.20372954901224094 2.7312609236751872
cell 147.0809352439196 74.39635772379592 0.0 1.0 1.0 1 0 0 0.0 1.0 0
cell 51.74048941224311 53.92305300687694 0.0 2.23606797749979 0.4472135954999579 1 0 0 -0.010979032392869766 0.9999397286075378 6.261226801235497
cell 160.17364114303479 85.27876622384399 0.0 1.0 1.0 1 0 0 0.0 1.0 0
cell 125.2440601033276 116.0373208990255 0.0 1.0 1.0 1 0 0 0.0 1.0 0
cell 163.55347828221235 72.64648665575011 0.0 2.23606797749979 0.4472135954999579 1 0 0 0.9907685318297244 0.1355644361031773 2.86962638254629
cell 108.08672035618505 19.314028192355277 0.0 1.0 1.0 1 0 0 0.0 1.0 0
cell 86.19785074533164 70.63106612974006 0.0 2.23606797749979 0.4472135954999579 1 0 0 0.30612611311888716 0.9519909678493396 0.6222422156360082
cell 141.38478662895295 76.15960150178711 0.0 1.0 1.0 1 0 0 0.0 1.0 0
cell 50.63207300676505 73.9720753888116 0.0 1.0 1.0 1 0 0 0.0 1.0 0
cell 132.82413241614813 108.14793888135966 0.0 1.0 1.0 1 0 0 0.0 1.0 0
cell 105.00550754599001 94.32900424184065 0.0 1.0 1.0 1 0 0 0.0 1.0 0
cell 88.49189203938212 85.8216589617643 0.0 1.0 1.0 1 0 0 0.0 1.0 0
cell 186.24117676376576 21.39473731206975 0.0 2.23606797749979 0.4472135954999579 1 0 0 -0.19020659276567922 0.9817440868517981 5.900440153816466
cell 102.4342054907974 77.49032349983513 0.0 2.23606797749979 0.4472135954999579 1 0 0 -0.2109573424602295 -0.9774952683579177 0.4251084792991895
cell 178.60880157083022 76.36894490562392 0.0 2.23606797749979 0.4472135954999579 1 0 0 0.9993256894189556 0.03671738644469373 3.0681413702989393
cell 47.787574394969546 173.43457339623959 0.0 2.23606797749979 0.4472135954999579 1 0 0 0.6604015135094295 -0.7509126719895295 4.840478635372029
cell 79.7852200831446 119.61396726591884 0.0 1.0 1.0 1 0 0 0.0 1.0 0
cell 104.83423956779305 182.9855258314751 0.0 1.0 1.0 1 0 0 0.0 1.0 0
cell 164.08266163911838 154.1084812029518 0.0 1.0 1.0 1 0 0 0.0 1.0 0
cell 132.51458233627912 20.435044810924307 0.0 1.0 1.0 1 0 0 0.0 1.0 0
cell 120.57510355002009 117.11448694632108 0.0 1.0 1.0 1 0 0 0.0 1.0 0
cell 77.23826100823585 39.52388878972524 0.0 1.0 1.0 1 0 0 0.0 1.0 0
cell 145.96066022537676 100.904152255275 0.0 2.23606797749979 0.4472135954999579 1 0 0 -0.321443340351963 -0.9469288140844443 0.6545066539485997
cell 143.28559918553273 56.81732446884555 0.0 1.0 1.0 1 0 0 0.0 1.0 0
cell 131.60836580463658 39.99646895720789 0.0 1.0 1.0 1 0 0 0.0 1.0 0
cell 17.211532179181763 182.56151654266273 0.0 2.23606797749979 0.4472135954999579 1 0 0 0.9936695529525963 0.11234242090585117 2.91643248946111
cell 68.20967562899794 40.031999678158286 0.0 1.0 1.0 1 0 0 0.0 1.0 0
cell 117.45538961791563 123.14056752817253 0.0 1.0 1.0 1 0 0 0.0 1.0 0
cell 5.124808935559831 179.7552252283737 0.0 2.23606797749979 0.4472135954999579 1 0 0 -0.14255636802405694 -0.9897866850669338 0.2860873676224287
cell 154.418049990681 168.62039443603615 0.0 1.0 1.0 1 0 0 0.0 1.0 0
cell 171.1294984288754 23.32624595018333 0.0 2.23606797749979 0.4472135954999579 1 0 0 -0.060038337666713675 0.9981960719268623 6.163036376477554
cell 46.85103933888459 94.74716673575679 0.0 2.23606797749979 0.4472135954999579 1 0 0 0.9838990642656688 -0.178725015980252 3.50097355347206
cell 72.49018050846819 58.16761983979457 0.0 2.23606797749979 0.4472135954999579 1 0 0 -0.4922501114659398 -0.8704538056449462 1.0293457115942877
cell 53.90305670065207 94.68830637444768 0.0 2.23606797749979 0.4472135954999579 1 0 0 0.893334606680733 -0.4493921233250314 4.073762182586479
cell 16.731309371010884 33.64431616109429 0.0 1.0 1.0 1 0 0 0.0 1.0 0
cell 77.98463154425174 138.1927570493463 0.0 2.23606797749979 0.4472135954999579 1 0 0 0.9837266866635296 -0.17967138321389392 3.5028974298194195
cell 39.94598924593294 45.659803217050175 0.0 1.0 1.0 1 0 0 0.0 1.0 0
cell 114.72878236075596 146.30195836617983 0.0 1.0 1.0 1 0 0 0.0 1.0 0
cell 60.21359557096342 25.972245159496623 0.0 2.23606797749979 0.4472135954999579 1 0 0 0.8703680018278613 0.4924018088859706 2.111898376923548
cell 23.43150272390417 46.797560049444385 0.0 2.23606797749979 0.4472135954999579 1 0 0 -0.8851328828187407 -0.4653383497552996 2.1735589905165433
cell 129.058526002039 46.63845160657973 0.0 1.0 1.0 1 0 0 0.0 1.0 0
cell 155.87581901948465 0.6623739844999414 0.0 1.0 1.0 1 0 0 0.0 1.0 0
cell 129.35807690054946 148.86648529976915 0.0 1.0 1.0 1 0 0 0.0 1.0 0
cell 19.33214152331278 29.339529743416076 0.0 2.23606797749979 0.4472135954999579 1 0 0 0.1874971783097707 -0.9822651414592061 5.905958280102399
cell 144.39884195716255 29.08662524795176 0.0 1.0 1.0 1 0 0 0.0 1.0 0
cell 57.81081106780022 66.63754197877834 0.0 1.0 1.0 1 0 0 0.0 1.0 0
cell 105.29723330132742 141.97691075191804 0.0 2.23606797749979 0.4472135954999579 1 0 0 0.6713263233199053 0.7411619037820131 1.4719937188959356
cell 98.90774118056554 90.96311319452036 0.0 1.0 1.0 1 0 0 0.0 1.0 0
cell 172.88379651388652 81.85389622118261 0.0 2.23606797749979 0.4472135954999579 1 0 0 0.9879490160048313 -0.15477965555939702 3.4524014880849134
cell 28.440374342174316 178.15868633052403 0.0 2.23606797749979 0.4472135954999579 1 0 0 -0.2478877084896063 -0.9687887716007922 0.5009986043807029
cell 125.27920762911454 85.90376082067648 0.0 2.23606797749979 0.4472135954999579 1 0 0 0.314760097353645 0.9491712601601061 0.6404077877286777
cell 60.024934598929065 15.670330690048267 0.0 2.23606797749979 0.4472135954999579 1 0 0 0.8254686173740311 0.5644480150825277 1.942063838016887
cell 93.75958819894998 106.70062183633779 0.0 1.0 1.0 1 0 0 0.0 1.0 0
cell 127.73693921440955 10.523557019592396 0.0 1.0 1.0 1 0 0 0.0 1.0 0
cell 134.11716506428743 149.87666517589344 0.0 1.0 1.0 1 0 0 0.0 1.0 0
cell 115.4829700832413 56.81602471467274 0.0 1.0 1.0 1 0 0 0.0 1.0 0
cell 131.85080771259942 99.31230795300061 0.0 2.23606797749979 0.4472135954999579 1 0 0 -0.2406884730152198 -0.9706024206427686 0.4861502283841119
cell 38.45047579454832 48.25219346571341 0.0 1.0 1.0 1 0 0 0.0 1.0 0
cell 139.73124456622622 108.76002838938098 0.0 1.0 1.0 1 0 0 0.0 1.0 0
cell 94.81082711233613 165.84853402173974 0.0 2.23606797749979 0.4472135954999579 1 0 0 0.7785424724007023 0.6275919204930874 1.7846800941435117
cell 2.23055821750023 105.0344262509374 0.0 2.23606797749979 0.4472135954999579 1 0 0 -0.0013475188629083535 0.9999990920960449 6.280490268638157
cell 166.93478909451557 144.53129707716863 0.0 2.23606797749979 0.4472135954999579 1 0 0 0.6289847125042952 -0.7774176685899858 4.922692214781289
cell 100.26755157590891 171.04235402295515 0.0 2.23606797749979 0.4472135954999579 1 0 0 0.9663130691014732 0.2573694863104239 2.6209946632952583
cell 158.50726165770666 176.55171044800855 0.0 2.23606797749979 0.4472135954999579 1 0 0 0.930078237547973 0.3673615004864504 2.389251517284751
cell 25.31837179542926 23.955353502500476 0.0 1.0 1.0 1 0 0 0.0 1.0 0
cell 99.41388196211629 10.849197664022945 0.0 1.0 1.0 1 0 0 0.0 1.0 0
cell 12.398446656614189 179.40467646639604 0.0 1.0 1.0 1 0 0 0.0 1.0 0
cell 127.99339800640908 7.191885607337823 0.0 1.0 1.0 1 0 0 0.0 1.0 0
cell 133.67632188247816 19.406467372139737 0.0 1.0 1.0 1 0 0 0.0 1.0 0
cell 160.27949589152365 97.63041294200907 0.0 1.0 1.0 1 0 0 0.0 1.0 0
cell 93.16153315861786 35.73493438971393 0.0 1.0 1.0 1 0 0 0.0 1.0 0
cell 147.7715256012608 116.18186110335893 0.0 1.0 1.0 1 0 0 0.0 1.0 0
cell 129.38671037358486 8.061863792735956 0.0 1.0 1.0 1 0 0 0.0 1.0 0
cell 54.96297330908899 85.84703832164863 0.0 2.23606797749979 0.4472135954999579 1 0 0 0.6620179717458308 0.7494879619350376 1.447016074441636
cell 84.45824756232486 20.039203635495657 0.0 1.0 1.0 1 0 0 0.0 1.0 0
cell 47.971254034143044 11.982561312129773 0.0 1.0 1.0 1 0 0 0.0 1.0 0
cell 162.0044805003664 86.41708439425945 0.0 1.0 1.0 1 0 0 0.0 1.0 0
cell 102.81295197486249 1.6635011563208788 0.0 1.0 1.0 1 0 0 0.0 1.0 0
cell 80.16581927411828 22.707861585535067 0.0 1.0 1.0 1 0 0 0.0 1.0 0
cell 89.26710662190875 80.13764846503835 0.0 2.23606797749979 0.4472135954999579 1 0 0 -0.11766505434489946 -0.9930533394465837 0.23587654682082437
cell 98.02430102492994 98.1053693220109 0.0 1.0 1.0 1 0 0 0.0 1.0 0
cell 71.40661314528126 184.09901979622094 0.0 1.0 1.0 1 0 0 0.0 1.0 0
cell 101.42759746779265 35.78669104014217 0.0 1.0 1.0 1 0 0 0.0 1.0 0
cell 115.84725391266608 48.81412922983737 0.0 1.0 1.0 1 0 0 0.0 1.0 0
cell 69.46351218142738 96.95967197208496 0.0 1.0 1.0 1 0 0 0.0 1.0 0
cell 183.8884056995236 127.3730768676942 0.0 2.23606797749979 0.4472135954999579 1 0 0 0.20200808818387506 0.9793838534039122 0.4068156950630099
cell 126.82219024824727 179.3804781526412 0.0 2.23606797749979 0.4472135954999579 1 0 0 0.9959886243088516 0.08947994326865304 2.96239309065602
cell 58.44288565092018 177.98342059900133 0.0 2.23606797749979 0.4472135954999579 1 0 0 0.4418618327141729 0.8970831181058265 0.9153460891819286
cell 138.4747657207741 142.0639051874825 0.0 1.0 1.0 1 0 0 0.0 1.0 0
cell 6.175634219634088 58.68170425462528 0.0 2.23606797749979 0.4472135954999579 1 0 0 0.27116265643503573 -0.96253353902869 5.733983829264563
cell 157.38342387686296 24.614134896201985 0.0 1.0 1.0 1 0 0 0.0 1.0 0
cell 25.569823269797496 12.21147839874737 0.0 2.23606797749979 0.4472135954999579 1 0 0 0.09894277557314894 0.9950931248691659 0.19820985432495813
cell 104.81253223018335 176.2993934285882 0.0 2.23606797749979 0.4472135954999579 1 0 0 0.9702557005591241 0.24208237344450192 2.6525696749012666
cell 99.92256941395641 172.2320231398971 0.0 2.23606797749979 0.4472135954999579 1 0 0 0.9680716215076326 0.25067376334906494 2.6348402985560715
cell 0.7175812529830963 90.99351088075184 0.0 2.23606797749979 0.4472135954999579 1 0 0 0.0796603737102555 -0.9968220627877086 6.123695574485747
cell 148.48476514658157 45.35715159363574 0.0 2.23606797749979 0.4472135954999579 1 0 0 0.9881866542125686 0.15325513510538388 2.8338696804037835
cell 117.16385880817072 60.675152577159416 0.0 1.0 1.0 1 0 0 0.0 1.0 0
cell 124.07900305147322 45.60261934409421 0.0 1.0 1.0 1 0 0 0.0 1.0 0
cell 141.04639921367482 0.9004195400943903 0.0 2.23606797749979 0.4472135954999579 1 0 0 0.9960582143764716 -0.08870193669337194 3.319229991136864
cell 48.648079435091184 63.56158727837403 0.0 1.0 1.0 1 0 0 0.0 1.0 0
cell 65.4205148809215 66.06441809173398 0.0 2.23606797749979 0.4472135954999579 1 0 0 -0.07882957119570132 -0.99688810741482 0.15782288566886749
cell 140.124765439694 65.75450764427367 0.0 1.0 1.0 1 0 0 0.0 1.0 0
cell 83.20830397895324 58.780935136435154 0.0 1.0 1.0 1 0 0 0.0 1.0 0
cell 157.5011049596612 102.30340452115044 0.0 1.0 1.0 1 0 0 0.0 1.0 0
cell 179.0328766064476 185.7890110193461 0.0 2.23606797749979 0.4472135954999579 1 0 0 -0.3232757384208858 0.9463048118594933 5.624807187033394
cell 137.1907920857144 165.33542609785934 0.0 1.0 1.0 1 0 0 0.0 1.0 0
cell 123.67372101387825 97.82916961060518 0.0 1.0 1.0 1 0 0 0.0 1.0 0
cell 6.81047680668726 146.47219450647802 0.0 2.23606797749979 0.4472135954999579 1 0 0 -0.9881696708858373 -0.15336460328699025 2.8336481248470164
cell 78.2459281394318 22.757094848240158 0.0 1.0 1.0 1 0 0 0.0 1.0 0
cell 78.50630051669248 71.85489231433296 0.0 2.23606797749979 0.4472135954999579 1 0 0 0.29882117271232356 0.9543091253565753 0.6069142939155302
cell 17.749412937693666 67.60138709943523 0.0 2.23606797749979 0.4472135954999579 1 0 0 0.999096336086502 -0.04250307304804628 3.2266244146072545
cell 21.238234627833837 59.46460938210528 0.0 2.23606797749979 0.4472135954999579 1 0 0 0.9419235758796486 0.33582730264541594 2.4566258444009277
cell 33.734378994676135 38.86992584205998 0.0 2.23606797749979 0.4472135954999579 1 0 0 0.9780295125713792 0.20846647821506117 2.7215792013081157
cell 7.449976613486251 168.76779462741442 0.0 2.23606797749979 0.4472135954999579 1 0 0 0.9999718247864511 -0.007506639278350755 3.1566060731488603
cell 106.18329703846261 182.63418115037058 0.0 1.0 1.0 1 0 0 0.0 1.0 0
cell 35.45457191500261 115.57992598827222 0.0 2.23606797749979 0.4472135954999579 1 0 0 0.737879291610491 0.6749327010987095 1.6598456684753606
cell 134.4667121079664 34.33246833859581 0.0 1.0 1.0 1 0 0 0.0 1.0 0
cell 126.30229003916334 98.10759449459071 0.0 2.23606797749979 0.4472135954999579 1 0 0 -0.22880681563453545 -0.9734718491662631 0.4617036120608011
cell 65.30346450498901 105.0312698218587 0.0 1.0 1.0 1 0 0 0.0 1.0 0
cell 98.29792884391233 1.2106046473385375 0.0 1.0 1.0 1 0 0 0.0 1.0 0
cell 81.9144956008678 14.098795481312344 0.0 1.0 1.0 1 0 0 0.0 1.0 0
cell 141.03108457174068 28.603304378867435 0.0 1.0 1.0 1 0 0 0.0 1.0 0
cell 113.48802583247655 69.84674635798685 0.0 1.0 1.0 1 0 0 0.0 1.0 0
cell 153.46907801707837 28.54707307965843 0.0 1.0 1.0 1 0 0 0.0 1.0 0
cell 120.94785380639269 109.05534356201828 0.0 1.0 1.0 1 0 0 0.0 1.0 0
cell 26.288161552425596 34.48618938463303 0.0 1.0 1.0 1 0 0 0.0 1.0 0
cell 66.16374515472711 56.61604213789661 0.0 2.23606797749979 0.4472135954999579 1 0 0 0.30490346842675586 0.9523832605318797 0.6196741394545028
cell 67.97153898287685 102.46419525075889 0.0 2.23606797749979 0.4472135954999579 1 0 0 0.989357483661022 -0.1455052216380239 3.433639872906544
cell 133.3859439140052 17.774500181192405 0.0 1.0 1.0 1 0 0 0.0 1.0 0
cell 68.29535725606077 33.753070447351554 0.0 1.0 1.0 1 0 0 0.0 1.0 0
cell 81.62547510116019 45.27285544469624 0.0 1.0 1.0 1 0 0 0.0 1.0 0
cell 139.6542734303608 95.54154983384471 0.0 2.23606797749979 0.4472135954999579 1 0 0 0.2922942010046157 0.9563284477934729 0.5932498576877007
cell 156.04615239912974 183.3512717813586 0.0 2.23606797749979 0.4472135954999579 1 0 0 0.3966079614622957 -0.9179880853827691 5.4675476983591125
cell 71.25149462592509 34.64246161559101 0.0 1.0 1.0 1 0 0 0.0 1.0 0
cell 88.34358352214073 72.66509266668291 0.0 2.23606797749979 0.4472135954999579 1 0 0 -0.30073558871198913 -0.9537075577356264 0.6109277082094495
cell 186.0982959047671 136.1003435270186 0.0 2.23606797749979 0.4472135954999579 1 0 0 0.7069138015768427 -0.7072997081437092 4.712934734692134
cell 55.49067476067309 26.388347982007144 0.0 2.23606797749979 0.4472135954999579 1 0 0 0.8514266869014684 0.5244736378808652 2.0373990868108485
cell 119.39104533925585 92.04818461304136 0.0 2.23606797749979 0.4472135954999579 1 0 0 -0.15219733677181582 -0.9883501255524615 0.3055822627405327
cell 110.72997791121158 123.83970774404098 0.0 2.23606797749979 0.4472135954999579 1 0 0 0.34861529535639496 -0.9372659045562116 5.57099868764016
cell 152.5279578392639 65.17808741773301 0.0 1.0 1.0 1 0 0 0.0 1.0 0
cell 154.55005305167333 112.55173021044507 0.0 2.23606797749979 0.4472135954999579 1 0 0 -0.4350231077721421 -0.9004192888339672 0.9001278799164094
cell 69.65552519082672 146.4090879927411 0.0 2.23606797749979 0.4472135954999579 1 0 0 -0.010311827512318595 0.9999468316932437 6.2625612866389035
cell 141.5223905915864 64.72513718711015 0.0 1.0 1.0 1 0 0 0.0 1.0 0
cell 147.880171541763 86.16557950942814 0.0 1.0 1.0 1 0 0 0.0 1.0 0
cell 141.6513904824861 14.782632972887988 0.0 1.0 1.0 1 0 0 0.0 1.0 0
cell 5.332453710596047 18.357782577181162 0.0 2.23606797749979 0.4472135954999579 1 0 0 -0.29731373953886575 0.9547798386441848 5.679429447236695
cell 142.59199954974235 97.07999048727501 0.0 2.23606797749979 0.4472135954999579 1 0 0 0.302052415955025 0.9532913185462945 0.6136898011505961
cell 34.76881196449764 34.3583724402705 0.0 1.0 1.0 1 0 0 0.0 1.0 0
cell 112.38973736773416 167.60927271143566 0.0 1.0 1.0 1 0 0 0.0 1.0 0
cell 32.65224970951516 21.170376241463888 0.0 1.0 1.0 1 0 0 0.0 1.0 0
cell 114.43002864884008 164.21837238433386 0.0 1.0 1.0 1 0 0 0.0 1.0 0
cell 23.654401576193152 47.15027618594056 0.0 2.23606797749979 0.4472135954999579 1 0 0 0.8974012513640778 0.4412153601702771 2.2276875856325176
cell 2.6017149325221243 34.697219540170984 0.0 2.23606797749979 0.4472135954999579 1 0 0 0.5465918271857277 -0.8373991727090297 5.126607595058676
cell 25.964380500300795 53.439284488673 0.0 2.23606797749979 0.4472135954999579 1 0 0 0.9338714724223961 0.3576088267865124 2.4101803752919966
cell 16.870838393216385 52.5550777723426 0.0 2.23606797749979 0.4472135954999579 1 0 0 0.8541246359208923 0.5200683669605404 2.04773066948445
cell 70.4152787506877 52.56783809466531 0.0 1.0 1.0 1 0 0 0.0 1.0 0
cell 137.3947538009036 37.29206767695224 0.0 2.23606797749979 0.4472135954999579 1 0 0 -0.01351865790733746 0.9999086187689274 6.256147167767072
cell 36.15347964514106 19.088090593826927 0.0 2.23606797749979 0.4472135954999579 1 0 0 0.33903206100927497 0.940774819820239 0.6917756645549328
cell 97.93971326458743 52.67228368009844 0.0 1.0 1.0 1 0 0 0.0 1.0 0
cell 61.070110128730605 36.480746569054865 0.0 1.0 1.0 1 0 0 0.0 1.0 0
cell 142.7462883837162 2.3033181107186116 0.0 1.0 1.0 1 0 0 0.0 1.0 0
cell 78.45271995269067 67.1485426849202 0.0 2.23606797749979 0.4472135954999579 1 0 0 -0.4122489176422168 -0.9110712540206835 0.8498422398171694
cell 25.822404403112788 26.715017416082226 0.0 2.23606797749979 0.4472135954999579 1 0 0 0.1412468871185027 -0.9899744021333748 5.999743674384571
cell 132.12649239916482 52.82877478495972 0.0 1.0 1.0 1 0 0 0.0 1.0 0
cell 68.26223760179012 32.35445592998119 0.0 1.0 1.0 1 0 0 0.0 1.0 0
cell 32.07943596740489 41.74729310014189 0.0 2.23606797749979 0.4472135954999579 1 0 0 0.973886863589438 0.2270338673588753 2.6835307902713965
cell 64.03978212408175 41.87458697480045 0.0 1.0 1.0 1 0 0 0.0 1.0 0
cell 55.706934835290845 47.28143859813888 0.0 1.0 1.0 1 0 0 0.0 1.0 0
cell 65.28676795496385 179.46263528604854 0.0 2.23606797749979 0.4472135954999579 1 0 0 0.5767760884385253 0.8169022853472467 1.2295533168730808
cell 143.60984855196753 82.06828255074399 0.0 1.0 1.0 1 0 0 0.0 1.0 0
cell 28.710700345175336 133.89111876583468 0.0 2.23606797749979 0.4472135954999579 1 0 0 0.7916805037360536 0.6109353320968008 1.8271096444178394
cell 112.92111765880648 119.71645918284109 0.0 2.23606797749979 0.4472135954999579 1 0 0 -0.25082577078584856 0.9680322477633093 5.776118904043624
cell 132.5043968960188 93.31392373016631 0.0 2.23606797749979 0.4472135954999579 1 0 0 -0.30282141568878185 -0.9530473179230096 0.6153033648214654
cell 170.9324966887306 141.02510592210774 0.0 2.23606797749979 0.4472135954999579 1 0 0 0.9998106572490113 -0.019458922151548437 3.1805129543495037
cell 31.414892995489637 11.870994927777827 0.0 2.23606797749979 0.4472135954999579 1 0 0 0.3148721373227783 0.9491340986066118 0.6406438719149984
cell 158.08017317032352 38.983333562206774 0.0 1.0 1.0 1 0 0 0.0 1.0 0
cell 24.855812149699354 56.94621569768275 0.0 2.23606797749979 0.4472135954999579 1 0 0 0.961398868982421 0.27515852652484124 2.5840834735380196
cell 94.85623071730929 103.54521481986366 0.0 1.0 1.0 1 0 0 0.0 1.0 0
cell 131.18756841099568 43.57240535993668 0.0 1.0 1.0 1 0 0 0.0 1.0 0
cell 121.0933406159388 182.18588281004654 0.0 2.23606797749979 0.4472135954999579 1 0 0 0.9957190649756782 -0.0924312914762159 3.3267194839901113
cell 79.58073253184415 37.958665646580435 0.0 1.0 1.0 1 0 0 0.0 1.0 0
cell 15.671607507148378 56.478349282982464 0.0 2.23606797749979 0.4472135954999579 1 0 0 0.8702387847148527 0.4926301427826115 2.1113736544024215
cell 109.2102446163227 115.82219955135807 0.0 1.0 1.0 1 0 0 0.0 1.0 0
cell 72.79603202780135 5.795032174552284 0.0 2.23606797749979 0.4472135954999579 1 0 0 0.8712605202207733 0.4908208490932589 2.1155293678919596
cell 77.40497129039004 10.2290708991452 0.0 2.23606797749979 0.4472135954999579 1 0 0 -0.9218006907404456 -0.3876641414297143 2.345400210854965
cell 40.39566702409527 11.20061414158176 0.0 2.23606797749979 0.4472135954999579 1 0 0 0.37571824823645117 0.9267339412917456 0.770343369213927
cell 50.16484980828305 51.44825654287844 0.0 1.0 1.0 1 0 0 0.0 1.0 0
cell 8.859154981624853 184.95581773968408 0.0 2.23606797749979 0.4472135954999579 1 0 0 0.9793842506296603 0.20200616232822896 2.734780891316259
cell 89.4657325046063 0.8054554787783595 0.0 2.23606797749979 0.4472135954999579 1 0 0 0.9476165961104575 0.3194100605429174 2.491378911317943
cell 111.59338607329363 122.14292061818743 0.0 2.23606797749979 0.4472135954999579 1 0 0 0.2512482836864459 -0.9679226725026205 5.775245923191712
cell 87.95671448129106 39.96118554651657 0.0 1.0 1.0 1 0 0 0.0 1.0 0
cell 76.53948349436234 57.416095033456116 0.0 1.0 1.0 1 0 0 0.0 1.0 0
cell 47.559011374064575 67.56620924408301 0.0 1.0 1.0 1 0 0 0.0 1.0 0
cell 160.13611877686108 56.72614566183839 0.0 1.0 1.0 1 0 0 0.0 1.0 0
cell 73.45792546334094 84.04102603719242 0.0 1.0 1.0 1 0 0 0.0 1.0 0
cell 144.2908686414848 170.79785207727514 0.0 2.23606797749979 0.4472135954999579 1 0 0 0.8449228614981531 0.5348881734697195 2.012841872754508
cell 134.9463365039198 180.94505519370185 0.0 2.23606797749979 0.4472135954999579 1 0 0 0.9966008789346513 0.0823813577618166 2.97664300106715
cell 155.41475796693396 91.88860616820678 0.0 1.0 1.0 1 0 0 0.0 1.0 0
cell 99.22902105339249 96.70001553731818 0.0 1.0 1.0 1 0 0 0.0 1.0 0
cell 89.50964459210785 14.167395284698761 0.0 1.0 1.0 1 0 0 0.0 1.0 0
cell 100.29746379069363 102.50851265320121 0.0 1.0 1.0 1 0 0 0.0 1.0 0
cell 109.31859838769451 100.7862674763344 0.0 1.0 1.0 1 0 0 0.0 1.0 0
cell 122.77413426106152 94.50661062360273 0.0 2.23606797749979 0.4472135954999579 1 0 0 0.19941294654995023 0.9799155457223172 0.4015175969418688
cell 165.11282208171124 70.27862234997856 0.0 1.0 1.0 1 0 0 0.0 1.0 0
cell 96.87316554123107 72.85742799580885 0.0 2.23606797749979 0.4472135954999579 1 0 0 0.22479262853807885 0.9744066266990087 0.4534604255096936
cell 20.237999581532588 149.1177260490423 0.0 2.23606797749979 0.4472135954999579 1 0 0 0.9937901618973406 0.11127045482093463 2.9185899490019636
cell 24.831044331808897 58.477283949111154 0.0 2.23606797749979 0.4472135954999579 1 0 0 0.9741430629217993 0.22593205385986168 2.6857932059900174
cell 43.87768765249889 24.70757683129774 0.0 1.0 1.0 1 0 0 0.0 1.0 0
cell 138.44227982325143 117.48487520057772 0.0 1.0 1.0 1 0 0 0.0 1.0 0
cell 161.11067119229716 63.593828603658714 0.0 1.0 1.0 1 0 0 0.0 1.0 0
cell 21.335833126874277 33.2521576804882 0.0 1.0 1.0 1 0 0 0.0 1.0 0
cell 61.65130928858858 29.68350585884367 0.0 2.23606797749979 0.4472135954999579 1 0 0 0.9348980379735448 0.35491641071274294 2.415943342198029
cell 27.858875324758476 8.791479166863471 0.0 2.23606797749979 0.4472135954999579 1 0 0 -0.2860980968390137 -0.9582003334298598 0.5803044633038956
cell 73.70066048904327 144.40556168205217 0.0 2.23606797749979 0.4472135954999579 1 0 0 -0.09324572787737362 0.9956431259405243 6.09642253860697
cell 103.73195722439324 27.364225275009034 0.0 1.0 1.0 1 0 0 0.0 1.0 0
cell 135.75890232659762 81.39353853982644 0.0 1.0 1.0 1 0 0 0.0 1.0 0
cell 96.11837807845811 14.108986193877847 0.0 1.0 1.0 1 0 0 0.0 1.0 0
cell 178.31065103915012 94.06069609422933 0.0 2.23606797749979 0.4472135954999579 1 0 0 0.2070586425625837 0.9783285330297488 0.4171349701702351
cell 150.8903072817485 14.492173669946263 0.0 1.0 1.0 1 0 0 0.0 1.0 0
cell 62.93966958350447 45.46132009809152 0.0 1.0 1.0 1 0 0 0.0 1.0 0
cell 103.15538707056002 74.75867450886423 0.0 2.23606797749979 0.4472135954999579 1 0 0 0.22197085298672672 0.9750533013247763 0.44767056845214703
cell 131.14406947848812 61.645094236862676 0.0 1.0 1.0 1 0 0 0.0 1.0 0
cell 84.0768549299992 157.93738779893857 0.0 2.23606797749979 0.4472135954999579 1 0 0 0.5375593870917957 -0.8432258922432903 5.148105199294694
cell 49.18786653770868 35.063694228576935 0.0 2.23606797749979 0.4472135954999579 1 0 0 0.9257354031010294 0.3781718702460227 2.365951230549124
cell 95.33885949999228 69.0866636280086 0.0 2.23606797749979 0.4472135954999579 1 0 0 0.26261137036993915 0.9649016883353572 0.5314551384524692
cell 70.9717413676306 173.37118472382573 0.0 1.0 1.0 1 0 0 0.0 1.0 0
cell 37.98890007175077 18.85837475739483 0.0 2.23606797749979 0.4472135954999579 1 0 0 0.38928731673902145 0.921116379740439 0.7997154984720243
cell 136.83984063059458 76.08293534015837 0.0 1.0 1.0 1 0 0 0.0 1.0 0
cell 138.90920452343804 58.065311163997876 0.0 1.0 1.0 1 0 0 0.0 1.0 0
cell 93.5857139009727 81.06458239357399 0.0 2.23606797749979 0.4472135954999579 1 0 0 -0.10748591659076213 -0.9942066071670635 0.21538793636026288
cell 130.8438519215943 124.84942336858373 0.0 1.0 1.0 1 0 0 0.0 1.0 0
cell 35.45530859350347 55.612825064922895 0.0 2.23606797749979 0.4472135954999579 1 0 0 0.9948902758320132 0.100962067406035 2.939323888745069
cell 125.6750177005079 141.958389187521 0.0 2.23606797749979 0.4472135954999579 1 0 0 0.03393570828720805 0.9994240179738756 0.06788445048272912
cell 110.75899722112717 60.91390123063475 0.0 1.0 1.0 1 0 0 0.0 1.0 0
cell 153.79774163058474 8.53272204733 0.0 1.0 1.0 1 0 0 0.0 1.0 0
cell 8.379482455286874 140.4064863914364 0.0 2.23606797749979 0.4472135954999579 1 0 0 0.4935963221431835 0.8696911352697132 1.0324401903978122
cell 65.81564140553401 3.741347486078942 0.0 1.0 1.0 1 0 0 0.0 1.0 0
cell 169.8624574858586 63.393787401095516 0.0 1.0 1.0 1 0 0 0.0 1.0 0
cell 3.083114222944504 149.9227688014529 0.0 2.23606797749979 0.4472135954999579 1 0 0 0.8011502056554547 -0.5984633221662148 4.424755937498429
cell 60.748626566238435 94.92771295864013 0.0 1.0 1.0 1 0 0 0.0 1.0 0
cell 125.41372261147707 170.24102748983893 0.0 1.0 1.0 1 0 0 0.0 1.0 0
cell 60.52824276293136 76.72835992668084 0.0 1.0 1.0 1 0 0 0.0 1.0 0
cell 86.66049038001137 163.98058312301313 0.0 2.23606797749979 0.4472135954999579 1 0 0 0.5100459351189586 0.8601471641926323 1.0704763864411662
cell 93.374091777049 77.23370418115063 0.0 2.23606797749979 0.4472135954999579 1 0 0 -0.22914230013419115 -0.9733929351958602 0.4623928936154931
cell 91.25804362584645 111.36202005707102 0.0 1.0 1.0 1 0 0 0.0 1.0 0
cell 29.46384510914443 141.786872941255 0.0 2.23606797749979 0.4472135954999579 1 0 0 0.9141685655611498 0.40533422473296016 2.3069038412969696
cell 99.95088566479264 161.24709073984496 0.0 1.0 1.0 1 0 0 0.0 1.0 0
cell 180.99274688233945 100.89951754902779 0.0 2.23606797749979 0.4472135954999579 1 0 0 0.055239596176273206 -0.9984731278378414 6.172649851261531
cell 123.47555710618337 93.4996352916212 0.0 2.23606797749979 0.4472135954999579 1 0 0 -0.19517405403865806 -0.9807686213527199 0.3928698280083802
cell 130.10030259808644 100.39426672480403 0.0 2.23606797749979 0.4472135954999579 1 0 0 -0.23244823350256666 -0.9726087696199003 0.4691882220673689
cell 115.73348503526786 8.107122208766166 0.0 1.0 1.0 1 0 0 0.0 1.0 0
cell 136.65879405579773 1.9021569223482997 0.0 2.23606797749979 0.4472135954999579 1 0 0 0.9989604509278851 -0.045585277030600224 3.2327948128817523
cell 141.97553399455236 73.10901674444929 0.0 1.0 1.0 1 0 0 0.0 1.0 0
cell 28.916630358237622 60.96051093064103 0.0 1.0 1.0 1 0 0 0.0 1.0 0
cell 32.90419748143105 118.24281456645947 0.0 2.23606797749979 0.4472135954999579 1 0 0 0.5573873552215031 0.8302525737624533 1.182471313139186
cell 112.59856427567678 99.1156389127193 0.0 1.0 1.0 1 0 0 0.0 1.0 0
cell 180.28731812382617 150.6757150672999 0.0 2.23606797749979 0.4472135954999579 1 0 0 0.7435121117158732 0.6687224683916362 1.6766142181334984
cell 144.79772705490407 93.62107287089138 0.0 1.0 1.0 1 0 0 0.0 1.0 0
cell 158.1021023951618 115.61191470173607 0.0 2.23606797749979 0.4472135954999579 1 0 0 0.4613394252462105 0.8872237230335402 0.9590085770154536
cell 111.69243088715356 175.73666653813828 0.0 2.23606797749979 0.4472135954999579 1 0 0 0.9757857899309228 0.21872835245775765 2.7005705013142602
cell 117.77325621325801 93.83893505892114 0.0 1.0 1.0 1 0 0 0.0 1.0 0
cell 105.20989613114627 51.34356922926987 0.0 1.0 1.0 1 0 0 0.0 1.0 0
cell 114.69028446991109 77.63376162524257 0.0 2.23606797749979 0.4472135954999579 1 0 0 0.3119369830431688 0.9501027937070419 0.6344621218558328
cell 44.87665411559053 32.44133158577798 0.0 2.23606797749979 0.4472135954999579 1 0 0 0.9547955202191505 0.29726337576203665 2.537942290979769
cell 54.76556424942544 40.69073206789494 0.0 1.0 1.0 1 0 0 0.0 1.0 0
cell 7.37680583228537 49.62406559680722 0.0 2.23606797749979 0.4472135954999579 1 0 0 -0.8485129617683531 0.5291745966229835 4.256847664256348
cell 112.86198733701379 16.70481822018751 0.0 1.0 1.0 1 0 0 0.0 1.0 0
cell 174.99207402858033 67.96093178879575 0.0 1.0 1.0 1 0 0 0.0 1.0 0
cell 150.86536533592553 20.73333809751119 0.0 1.0 1.0 1 0 0 0.0 1.0 0
cell 52.62049403401649 109.50971802770651 0.0 2.23606797749979 0.4472135954999579 1 0 0 0.48255109409842756 0.8758678219825241 1.0071300613068528
cell 155.6088869393433 6.693609398852684 0.0 1.0 1.0 1 0 0 0.0 1.0 0
cell 41.48490628550125 42.23195356660226 0.0 2.23606797749979 0.4472135954999579 1 0 0 0.9777811719738329 0.20962819403285876 2.7192032746596846
cell 140.09628897120933 57.18868290825943 0.0 1.0 1.0 1 0 0 0.0 1.0 0
cell 173.3361260326088 111.62427898136225 0.0 1.0 1.0 1 0 0 0.0 1.0 0
cell 101.92666567441223 59.78708399820347 0.0 1.0 1.0 1 0 0 0.0 1.0 0
cell 153.57044481774878 151.03855016209164 0.0 2.23606797749979 0.4472135954999579 1 0 0 0.6728856149031427 0.7397465439300271 1.4762054336968218
cell 104.17529813011848 0.7524573233479945 0.0 1.0 1.0 1 0 0 0.0 1.0 0
cell 120.97173909757036 1.9048250116084733 0.0 1.0 1.0 1 0 0 0.0 1.0 0
cell 77.67958587112004 8.403509460541455 0.0 2.23606797749979 0.4472135954999579 1 0 0 0.9095634551026408 0.41556506246524905 2.2844647322699463
cell 94.95319974541123 171.60122424561303 0.0 2.23606797749979 0.4472135954999579 1 0 0 0.9310549473715273 0.36487900045768956 2.3945869732888534
cell 14.609755092869266 66.6282506982609 0.0 2.23606797749979 0.4472135954999579 1 0 0 0.999011681907792 -0.04444839042940274 3.2305187321300513
cell 183.13131045913417 141.76432062874 0.0 2.23606797749979 0.4472135954999579 1 0 0 0.349834665105296 0.9368114576000154 0.7147892219750615
cell 60.55920563134557 55.084679938507094 0.0 2.23606797749979 0.4472135954999579 1 0 0 -0.14748666000923946 -0.9890640450038203 0.29605331747128893
cell 116.95130718213967 35.266665519485784 0.0 1.0 1.0 1 0 0 0.0 1.0 0
cell 85.78975713346118 42.8863147014673 0.0 1.0 1.0 1 0 0 0.0 1.0 0
cell 163.1532063321094 60.89205727613905 0.0 1.0 1.0 1 0 0 0.0 1.0 0
cell 95.82392075509283 46.360088926453706 0.0 1.0 1.0 1 0 0 0.0 1.0 0
cell 88.61347621822556 95.18751974119074 0.0 1.0 1.0 1 0 0 0.0 1.0 0
cell 132.75477388982847 171.84261536459337 0.0 1.0 1.0 1 0 0 0.0 1.0 0
cell 164.78741358755232 61.99032389552213 0.0 1.0 1.0 1 0 0 0.0 1.0 0
cell 158.1629903493752 171.6256946911071 0.0 1.0 1.0 1 0 0 0.0 1.0 0
cell 63.38688059084777 69.32694285062038 0.0 1.0 1.0 1 0 0 0.0 1.0 0
cell 137.19013025935573 179.20859083398108 0.0 2.23606797749979 0.4472135954999579 1 0 0 0.9682737179786113 0.249891990811784 2.636455242913076
cell 89.04885332086698 32.36200588119282 0.0 1.0 1.0 1 0 0 0.0 1.0 0
cell 86.75274009954315 47.3510181045413 0.0 1.0 1.0 1 0 0 0.0 1.0 0
cell 59.75235892737487 107.97612799106216 0.0 2.23606797749979 0.4472135954999579 1 0 0 0.9960045552841601 -0.08930244035412777 3.3204357837488483
cell 144.2710148371538 122.27773868789964 0.0 1.0 1.0 1 0 0 0.0 1.0 0
cell 118.09153266184879 113.7152809844038 0.0 1.0 1.0 1 0 0 0.0 1.0 0
cell 138.9916451013577 152.30865522374248 0.0 2.23606797749979 0.4472135954999579 1 0 0 -0.3502425413040643 -0.9366590426942297 0.7156600682302017
cell 145.30823656101197 105.327654825764 0.0 2.23606797749979 0.4472135954999579 1 0 0 0.3135447187998645 0.9495734354502099 0.6378474047754539
cell 85.87026065023043 16.308916883389237 0.0 1.0 1.0 1 0 0 0.0 1.0 0
cell 17.74889349321749 61.1181030638447 0.0 2.23606797749979 0.4472135954999579 1 0 0 0.9265092983800983 0.3762718698165169 2.3700543596045334
cell 138.8447564596851 165.17483030822345 0.0 1.0 1.0 1 0 0 0.0 1.0 0
cell 2.3791751745655465 20.891219884824128 0.0 2.23606797749979 0.4472135954999579 1 0 0 -0.29536473005464975 0.9553845698145558 5.683510789762445
cell 21.676962270753734 55.07163591979144 0.0 1.0 1.0 1 0 0 0.0 1.0 0
cell 92.09287225442675 186.60903118205738 0.0 2.23606797749979 0.4472135954999579 1 0 0 -0.9443255852006118 -0.3290124452593275 2.4710774404575715
cell 41.34066774507696 28.417855808618402 0.0 1.0 1.0 1 0 0 0.0 1.0 0
cell 96.76032379906313 15.326655125556263 0.0 1.0 1.0 1 0 0 0.0 1.0 0
cell 5.409065844872045 99.98083091811458 0.0 2.23606797749979 0.4472135954999579 1 0 0 -0.23875962631635697 -0.9710786996125873 0.4821766695040992
cell 103.19173830650728 37.60350647455853 0.0 1.0 1.0 1 0 0 0.0 1.0 0
cell 27.757019757192744 34.678880081941834 0.0 1.0 1.0 1 0 0 0.0 1.0 0
cell 141.30645053809644 4.689982931021239 0.0 1.0 1.0 1 0 0 0.0 1.0 0
cell 77.96931792619668 8.79789318704877 0.0 2.23606797749979 0.4472135954999579 1 0 0 0.9172508441488821 0.39831004118420515 2.3222452733460877
cell 114.9277979244866 150.30486834981178 0.0 1.0 1.0 1 0 0 0.0 1.0 0
cell 7.11966600146674 59.85163706580082 0.0 2.23606797749979 0.4472135954999579 1 0 0 -0.4646061761681585 0.8855174199677848 5.316805665895411
cell 130.88360859541885 94.1029884649619 0.0 2.23606797749979 0.4472135954999579 1 0 0 0.25004747096393226 0.9682335783603776 0.5054585665063039
cell 140.7700493912151 41.533986731936196 0.0 1.0 1.0 1 0 0 0.0 1.0 0
cell 121.22996284968347 158.28236970295228 0.0 1.0 1.0 1 0 0 0.0 1.0 0
cell 69.92074356308532 19.419407967513166 0.0 2.23606797749979 0.4472135954999579 1 0 0 0.9126191208270059 0.40881088574173596 2.2992912285402696
cell 62.57112879301753 2.2297634122751244 0.0 1.0 1.0 1 0 0 0.0 1.0 0
cell 41.28715631346921 26.080268038804547 0.0 2.23606797749979 0.4472135954999579 1 0 0 -0.3767004433190084 -0.9263351315821194 0.7724635168219276
cell 123.9862974520866 186.19960513034994 0.0 1.0 1.0 1 0 0 0.0 1.0 0
cell 49.71969361991188 13.04773302001466 0.0 1.0 1.0 1 0 0 0.0 1.0 0
cell 145.24542820653187 109.74372149717586 0.0 2.23606797749979 0.4472135954999579 1 0 0 0.3298305054949227 0.9440401673895893 0.6722480557942907
cell 8.86933691192569 12.436486194449689 0.0 2.23606797749979 0.4472135954999579 1 0 0 -0.13495014333902783 0.9908523900222352 6.012459016472783
cell 132.55864419687728 125.32072387785594 0.0 1.0 1.0 1 0 0 0.0 1.0 0
cell 61.503593241223584 86.00355123213156 0.0 1.0 1.0 1 0 0 0.0 1.0 0
cell 132.00271970742085 12.070131488624217 0.0 1.0 1.0 1 0 0 0.0 1.0 0
cell 64.27153079689546 122.21006876340505 0.0 2.23606797749979 0.4472135954999579 1 0 0 -0.8815045163619448 0.4721755898323142 4.125107039404247
cell 88.01242459688058 110.97373319937807 0.0 1.0 1.0 1 0 0 0.0 1.0 0
cell 57.27849683166932 14.997461326332019 0.0 1.0 1.0 1 0 0 0.0 1.0 0
cell 47.14794426875077 9.14681747836304 0.0 1.0 1.0 1 0 0 0.0 1.0 0
cell 103.41706748845327 20.17540320602717 0.0 1.0 1.0 1 0 0 0.0 1.0 0
cell 73.18284878393204 21.524273852899846 0.0 1.0 1.0 1 0 0 0.0 1.0 0
cell 185.70129813231785 100.85109580286189 0.0 2.23606797749979 0.4472135954999579 1 0 0 -0.15687477752850182 -0.9876185013330719 0.31505089894548277
cell 25.473362652789415 187.8540142835552 0.0 2.23606797749979 0.4472135954999579 1 0 0 0.09103465599065591 -0.9958477250105374 6.100863575284895
cell 103.10369338408583 106.70821159925508 0.0 1.0 1.0 1 0 0 0.0 1.0 0
cell 98.05726117325332 135.64363932495374 0.0 2.23606797749979 0.4472135954999579 1 0 0 0.5998071503180659 0.8001446009486792 1.2865201369523909
cell 127.74774558796486 157.68130816767615 0.0 1.0 1.0 1 0 0 0.0 1.0 0
cell 68.76158034647774 41.65247806146085 0.0 1.0 1.0 1 0 0 0.0 1.0 0
cell 175.4548436969585 79.10332684707583 0.0 2.23606797749979 0.4472135954999579 1 0 0 0.9993783133966535 -0.03525601668453619 3.21211930272234
cell 57.329020646875335 20.702018818213944 0.0 2.23606797749979 0.4472135954999579 1 0 0 0.8241136985938515 0.5664244095993414 1.9372713677000395
cell 168.7738243409927 58.39166100881492 0.0 1.0 1.0 1 0 0 0.0 1.0 0
cell 131.08223518952542 2.029404674737885 0.0 1.0 1.0 1 0 0 0.0 1.0 0
cell 160.78522927972972 47.106552647105254 0.0 1.0 1.0 1 0 0 0.0 1.0 0
cell 90.33514021926979 117.2050706067108 0.0 1.0 1.0 1 0 0 0.0 1.0 0
cell 159.20500808162575 8.465297870915398 0.0 1.0 1.0 1 0 0 0.0 1.0 0
cell 136.58671161508124 132.7686875520764 0.0 1.0 1.0 1 0 0 0.0 1.0 0
cell 146.51025994916307 187.17794890864528 0.0 2.23606797749979 0.4472135954999579 1 0 0 0.9994379591050901 0.033522617735673464 3.074534854572529
cell 103.21378873928279 68.27231028743802 0.0 1.0 1.0 1 0 0 0.0 1.0 0
cell 102.4902268134577 53.72638538901564 0.0 1.0 1.0 1 0 0 0.0 1.0 0
cell 72.66815889841763 115.0794195393203 0.0 2.23606797749979 0.4472135954999579 1 0 0 0.2494743238924951 0.9683814133482646 0.5042747544276877
cell 68.07732679587008 185.10822717349677 0.0 1.0 1.0 1 0 0 0.0 1.0 0
cell 118.48089360661079 187.80002449328214 0.0 1.0 1.0 1 0 0 0.0 1.0 0
cell 179.04090686225103 34.54271522208993 0.0 2.23606797749979 0.4472135954999579 1 0 0 0.22453309489081574 -0.974466463916923 5.830257566218679
cell 16.91596095316021 86.29525816584076 0.0 2.23606797749979 0.4472135954999579 1 0 0 0.8085378524944342 0.5884441698952319 1.88332617583433
cell 0.44104702160603493 108.70376386671232 0.0 2.23606797749979 0.4472135954999579 1 0 0 0.9964721457704405 -0.08392414851313011 3.3096386110125504
cell 30.414401295257246 60.26528877978368 0.0 1.0 1.0 1 0 0 0.0 1.0 0
cell 123.40822346912474 113.21674810476006 0.0 1.0 1.0 1 0 0 0.0 1.0 0
cell 65.75251389561149 72.35473891190998 0.0 1.0 1.0 1 0 0 0.0 1.0 0
cell 136.35252001298937 178.41684551335823 0.0 2.23606797749979 0.4472135954999579 1 0 0 0.9689295021960321 0.24733705701764416 2.6417307499660287
cell 64.77826707770086 67.85029967810861 0.0 1.0 1.0 1 0 0 0.0 1.0 0
cell 99.5714102121026 185.38600468119606 0.0 1.0 1.0 1 0 0 0.0 1.0 0
cell 130.05077810461168 141.8496099171439 0.0 2.23606797749979 0.4472135954999579 1 0 0 -0.0732239412690598 -0.9973155240068337 0.146579068690337
cell 121.11719943779211 71.30422785251872 0.0 1.0 1.0 1 0 0 0.0 1.0 0
cell 136.20214361951886 138.93248623357331 0.0 1.0 1.0 1 0 0 0.0 1.0 0
cell 128.05429095175708 179.97854516682852 0.0 2.23606797749979 0.4472135954999579 1 0 0 0.9979099204413052 0.06462035812983366 3.012261820858985
cell 126.35026545446662 180.89617404184742 0.0 2.23606797749979 0.4472135954999579 1 0 0 0.9999399920713276 -0.010955010561082109 3.1635031129808056
cell 82.5794105327003 25.913302388655893 0.0 1.0 1.0 1 0 0 0.0 1.0 0
cell 118.98014795306152 121.82964526520597 0.0 1.0 1.0 1 0 0 0.0 1.0 0
cell 16.63272338525047 118.92696528571766 0.0 2.23606797749979 0.4472135954999579 1 0 0 0.9633648697050347 -0.2681941979577515 3.684628788383738
cell 93.64327092793661 71.47903253614476 0.0 2.23606797749979 0.4472135954999579 1 0 0 0.2617389447853382 0.9651387075351696 0.5296470404933844
cell 107.81286240545371 132.5338943320121 0.0 2.23606797749979 0.4472135954999579 1 0 0 -0.5539321805479224 -0.8325617931141351 1.1741596945493589
cell 51.63419835574582 114.36458944207132 0.0 2.23606797749979 0.4472135954999579 1 0 0 0.9993264053734942 0.0366978953523336 3.0681803787735213
cell 124.31709933515319 160.97178734432453 0.0 1.0 1.0 1 0 0 0.0 1.0 0
cell 21.373036923931664 154.81781815281093 0.0 2.23606797749979 0.4472135954999579 1 0 0 0.993878813321432 -0.11047580925606305 3.36299620754954
cell 119.41285677000242 25.46753446361489 0.0 1.0 1.0 1 0 0 0.0 1.0 0
cell 154.98988236215718 55.441029465174594 0.0 1.0 1.0 1 0 0 0.0 1.0 0
cell 110.88588494580074 83.78177797218625 0.0 2.23606797749979 0.4472135954999579 1 0 0 -0.21645622894841846 -0.9762923235124968 0.4363663498921859
cell 49.92858404046317 59.84885251613531 0.0 1.0 1.0 1 0 0 0.0 1.0 0
cell 88.36654409670075 92.27886388277578 0.0 1.0 1.0 1 0 0 0.0 1.0 0
cell 153.61572150879098 107.83083144549856 0.0 2.23606797749979 0.4472135954999579 1 0 0 0.4531784291644844 0.8914198288909723 0.9406554026468312
cell 118.12378775132375 71.94530881866034 0.0 1.0 1.0 1 0 0 0.0 1.0 0
cell 27.086890134434427 38.911339275593846 0.0 2.23606797749979 0.4472135954999579 1 0 0 -0.8989908226736104 -0.4379674653996859 2.234919617611558
cell 28.414965689550318 126.40842727840786 0.0 1.0 1.0 1 0 0 0.0 1.0 0
cell 125.61427718390897 79.70632276967477 0.0 1.0 1.0 1 0 0 0.0 1.0 0
cell 30.342497696308026 19.788926303047575 0.0 1.0 1.0 1 0 0 0.0 1.0 0
cell 128.8781882817409 142.87446406791724 0.0 2.23606797749979 0.4472135954999579 1 0 0 0.007476406817259306 0.9999720512799859 0.014952952940076543
cell 123.81103821865922 23.24788853174279 0.0 1.0 1.0 1 0 0 0.0 1.0 0
cell 153.86912871311785 24.5905539199274 0.0 1.0 1.0 1 0 0 0.0 1.0 0
cell 56.36331949079542 0.1732969254353342 0.0 1.0 1.0 1 0 0 0.0 1.0 0
cell 85.46829419500189 84.49616629436431 0.0 1.0 1.0 1 0 0 0.0 1.0 0
cell 166.42204882799584 136.93543497995617 0.0 2.23606797749979 0.4472135954999579 1 0 0 0.38097574536914464 -0.924585032022704 5.501482505960854
cell 96.13096341040827 97.82105495463195 0.0 1.0 1.0 1 0 0 0.0 1.0 0
cell 135.30359586786187 75.64537113282972 0.0 1.0 1.0 1 0 0 0.0 1.0 0
cell 167.47313797977247 68.02775178965739 0.0 1.0 1.0 1 0 0 0.0 1.0 0
cell 55.901283370070765 90.75798271094865 0.0 2.23606797749979 0.4472135954999579 1 0 0 -0.5522698642751324 -0.8336653987143324 1.1701690845546704
cell 133.3953217089582 51.865154236239235 0.0 1.0 1.0 1 0 0 0.0 1.0 0
cell 167.04062597343827 76.48642640133166 0.0 1.0 1.0 1 0 0 0.0 1.0 0
cell 44.9223205867255 30.102815575605256 0.0 1.0 1.0 1 0 0 0.0 1.0 0
cell 50.460087383128965 30.767665358448635 0.0 2.23606797749979 0.4472135954999579 1 0 0 0.9122484954916865 0.40963725718390703 2.297479872191359
cell 102.66810632109915 76.92191449897807 0.0 2.23606797749979 0.4472135954999579 1 0 0 0.21348068829981734 0.9769472840041249 0.43027280492132725
cell 99.58529336509662 93.93126907612147 0.0 1.0 1.0 1 0 0 0.0 1.0 0
cell 128.0401958797484 121.8128203031714 0.0 1.0 1.0 1 0 0 0.0 1.0 0
cell 98.22668463143539 79.96197571983765 0.0 2.23606797749979 0.4472135954999579 1 0 0 -0.12798530421313445 -0.9917760643943124 0.25667462013730447
cell 163.84105685160583 134.03291673347536 0.0 2.23606797749979 0.4472135954999579 1 0 0 0.30484797799246827 0.9524010238937711 0.6195576109116634
cell 156.97105668473003 115.28947725771476 0.0 2.23606797749979 0.4472135954999579 1 0 0 -0.4385605978227968 -0.8987016201372462 0.9079927998877073
cell 136.82513990674363 167.81061565928596 0.0 1.0 1.0 1 0 0 0.0 1.0 0
cell 159.1804629928115 88.25677740520909 0.0 1.0 1.0 1 0 0 0.0 1.0 0
cell 76.60551228568151 81.91053167672325 0.0 1.0 1.0 1 0 0 0.0 1.0 0
cell 132.5587464891967 61.207335929046884 0.0 1.0 1.0 1 0 0 0.0 1.0 0
cell 52.3875288873954 26.729145000966067 0.0 2.23606797749979 0.4472135954999579 1 0 0 0.8710238313638471 0.49124076092710833 2.1145653189975593
cell 19.85030952118012 103.11643625391949 0.0 2.23606797749979 0.4472135954999579 1 0 0 0.9758214616389261 -0.21856915382750108 3.5822885135136753
cell 124.69660137467817 67.2159344345681 0.0 1.0 1.0 1 0 0 0.0 1.0 0
cell 133.67439044997724 1.0616596245985095 0.0 1.0 1.0 1 0 0 0.0 1.0 0
cell 18.363548105248483 148.87596237926536 0.0 2.23606797749979 0.4472135954999579 1 0 0 0.9920106964044406 0.12615378796998858 2.888611002392413
cell 22.637692029454556 119.87578873285811 0.0 2.23606797749979 0.4472135954999579 1 0 0 0.8972728106710887 -0.4414765035994608 4.05607976244879
cell 70.42175529309576 69.73090101751046 0.0 2.23606797749979 0.4472135954999579 1 0 0 0.24438624503458226 0.969677968831868 0.4937733895779391
cell 132.2057172796306 182.75444500727085 0.0 2.23606797749979 0.4472135954999579 1 0 0 0.9999850517754296 -0.005467744113551818 3.152528196305934
cell 44.56785222442225 58.096454767149154 0.0 2.23606797749979 0.4472135954999579 1 0 0 -0.17693378759531267 0.984222756700523 5.92744488904248
cell 128.27884322979781 85.7525375789696 0.0 2.23606797749979 0.4472135954999579 1 0 0 0.318327164803468 0.9479809154978731 0.6479286672703953
cell 147.90553882734443 70.92937221109133 0.0 1.0 1.0 1 0 0 0.0 1.0 0
cell 131.22270115079814 158.95564271139648 0.0 1.0 1.0 1 0 0 0.0 1.0 0
cell 87.27135793163724 38.25891384090574 0.0 1.0 1.0 1 0 0 0.0 1.0 0
cell 148.9298274575485 138.50100266076043 0.0 1.0 1.0 1 0 0 0.0 1.0 0
cell 65.19949990624123 37.306224557012534 0.0 1.0 1.0 1 0 0 0.0 1.0 0
cell 146.0417515021231 63.281469510174404 0.0 2.23606797749979 0.4472135954999579 1 0 0 0.9599009619146918 -0.28033933601128747 3.7098878584906174
cell 84.60757650960221 98.34796449885009 0.0 1.0 1.0 1 0 0 0.0 1.0 0
cell 184.33840767433412 63.790459527665696 0.0 2.23606797749979 0.4472135954999579 1 0 0 0.13111855618409776 -0.9913666951356584 6.020190921410048
cell 89.69487344871686 102.4247354693238 0.0 2.23606797749979 0.4472135954999579 1 0 0 -0.2908921002688105 -0.9567558654124888 0.5903182556143713
cell 141.60618789365387 183.31598245490608 0.0 2.23606797749979 0.4472135954999579 1 0 0 0.997039985058046 0.07688477219483304 2.987671209284827
cell 150.1538598985505 140.06795601515614 0.0 1.0 1.0 1 0 0 0.0 1.0 0
cell 49.43571898349336 22.08359884254335 0.0 2.23606797749979 0.4472135954999579 1 0 0 -0.329946832278804 -0.9439995168797402 0.6724945056643934
cell 91.59658219970085 4.8394347216624745 0.0 1.0 1.0 1 0 0 0.0 1.0 0
cell 62.67590144618634 81.0444265717082 0.0 1.0 1.0 1 0 0 0.0 1.0 0
cell 48.549522290757146 97.83712489943292 0.0 2.23606797749979 0.4472135954999579 1 0 0 0.9783053496830891 -0.20716815098235689 3.558951494808417
cell 47.85087288836299 121.15786862361783 0.0 2.23606797749979 0.4472135954999579 1 0 0 0.9959819709433385 -0.08955397007292716 3.3209408669191425
cell 57.11802696426374 62.86019108116047 0.0 1.0 1.0 1 0 0 0.0 1.0 0
cell 28.45520370894111 122.35468763907244 0.0 2.23606797749979 0.4472135954999579 1 0 0 -0.35947930158984553 -0.933153059111139 0.7354196689794801
cell 120.46693032719436 115.43871243118693 0.0 1.0 1.0 1 0 0 0.0 1.0 0
cell 168.67791619450983 71.42017979322075 0.0 2.23606797749979 0.4472135954999579 1 0 0 0.9911929013947854 0.1324259499667155 2.87596047857974
cell 114.02370410996818 39.37704879846567 0.0 1.0 1.0 1 0 0 0.0 1.0 0
cell 66.21191569210538 163.66934197361104 0.0 2.23606797749979 0.4472135954999579 1 0 0 0.342195595192153 -0.9396287429783575 5.58468016973742
cell 126.84050756880086 115.27089050361093 0.0 1.0 1.0 1 0 0 0.0 1.0 0
cell 2.383855347852676 113.46521560151268 0.0 2.23606797749979 0.4472135954999579 1 0 0 0.9650684849232279 -0.26199774695211664 3.6717760140518085
cell 107.72009600531959 66.87293537987756 0.0 1.0 1.0 1 0 0 0.0 1.0 0
cell 178.94071688404813 69.5910987020767 0.0 2.23606797749979 0.4472135954999579 1 0 0 0.989383190792586 0.14533031953822093 2.849898996721332
cell 109.50473333974733 111.82609103746546 0.0 1.0 1.0 1 0 0 0.0 1.0 0
cell 94.65841783157121 25.56266841401448 0.0 1.0 1.0 1 0 0 0.0 1.0 0
cell 122.69949916970086 93.69468802994827 0.0 2.23606797749979 0.4472135954999579 1 0 0 0.19797056073299282 0.9802079662413811 0.3985741384346785
cell 63.473789798337556 16.42835297400234 0.0 2.23606797749979 0.4472135954999579 1 0 0 0.8457564417205566 0.5335691532389992 2.0159625591214474
cell 143.48174708501944 13.940826390327327 0.0 1.0 1.0 1 0 0 0.0 1.0 0
cell 121.04121992617 47.057911668393935 0.0 2.23606797749979 0.4472135954999579 1 0 0 0.8652437528503266 -0.5013514218125674 4.191912588230701
cell 71.40264418070527 33.12944372548045 0.0 1.0 1.0 1 0 0 0.0 1.0 0
cell 68.44429353413602 113.06933578765192 0.0 2.23606797749979 0.4472135954999579 1 0 0 0.1939299829466995 0.9810153728226143 0.39033321657942627
cell 120.29209853579279 136.42744618960873 0.0 1.0 1.0 1 0 0 0.0 1.0 0
cell 23.948521076636663 44.96143756972953 0.0 2.23606797749979 0.4472135954999579 1 0 0 -0.8887167354161117 -0.458456720085254 2.1890768677385584
cell 34.20064198496931 52.07704001740157 0.0 1.0 1.0 1 0 0 0.0 1.0 0
cell 88.21452679754947 119.79402916627264 0.0 1.0 1.0 1 0 0 0.0 1.0 0
cell 60.18138277318679 43.83637011456621 0.0 1.0 1.0 1 0 0 0.0 1.0 0
cell 153.17481650956097 146.4441646860807 0.0 1.0 1.0 1 0 0 0.0 1.0 0
cell 81.55927605265225 78.66388632202656 0.0 1.0 1.0 1 0 0 0.0 1.0 0
cell 87.1628964773439 67.81412243636609 0.0 2.23606797749979 0.4472135954999579 1 0 0 0.3989711668080097 0.9169634714948329 0.8207891432689646
cell 35.826235102212934 47.387058302543544 0.0 2.23606797749979 0.4472135954999579 1 0 0 0.9458195387779842 0.3246927779698855 2.4802188756083305
cell 88.2799407294243 98.31927890408961 0.0 1.0 1.0 1 0 0 0.0 1.0 0
cell 64.86685481008297 4.371395843764128 0.0 1.0 1.0 1 0 0 0.0 1.0 0
cell 90.18285465760633 83.0307643076327 0.0 1.0 1.0 1 0 0 0.0 1.0 0
cell 125.99168058828808 28.604304854912094 0.0 1.0 1.0 1 0 0 0.0 1.0 0
cell 101.09021441543639 27.870013771044356 0.0 1.0 1.0 1 0 0 0.0 1.0 0
cell 150.76169029421845 110.63497211482465 0.0 2.23606797749979 0.4472135954999579 1 0 0 -0.3952202978106037 -0.9185863683935755 0.8126153226620847
cell 119.90919126394814 77.47679498169965 0.0 1.0 1.0 1 0 0 0.0 1.0 0
cell 47.24854022492786 21.554987264920292 0.0 2.23606797749979 0.4472135954999579 1 0 0 0.3076392344382418 0.9515030748422479 0.6254218862138142
cell 182.31478820800598 142.20260288293483 0.0 2.23606797749979 0.4472135954999579 1 0 0 -0.31418475175289745 -0.9493618602861451 0.6391955980082278
cell 117.08383205741687 47.78980776838874 0.0 1.0 1.0 1 0 0 0.0 1.0 0
cell 155.67705623948186 23.711181630185138 0.0 1.0 1.0 1 0 0 0.0 1.0 0
cell 21.7346201523957 25.802914137436865 0.0 2.23606797749979 0.4472135954999579 1 0 0 -0.025983681026705174 0.9996623671621846 6.231212095706878
cell 159.5644695269817 74.19079715143256 0.0 2.23606797749979 0.4472135954999579 1 0 0 0.9885359456220214 0.15098570863885105 2.8384619797372976
cell 12.605450096266313 29.92049022810478 0.0 2.23606797749979 0.4472135954999579 1 0 0 -0.3574872447200514 0.9339180209539091 5.552033405260863
cell 113.55066710658369 88.65895983411195 0.0 2.23606797749979 0.4472135954999579 1 0 0 -0.10819622310313988 -0.9941295576061581 0.2168168828226289
cell 69.49447828924272 7.492295001963199 0.0 2.23606797749979 0.4472135954999579 1 0 0 0.8673415291851009 0.4977134434098107 2.099671666103726
cell 81.86976028284207 153.26677664629926 0.0 1.0 1.0 1 0 0 0.0 1.0 0
cell 122.57846235102508 76.18643721370485 0.0 1.0 1.0 1 0 0 0.0 1.0 0
cell 14.186360628220658 15.66993413406404 0.0 2.23606797749979 0.4472135954999579 1 0 0 0.24380969930144655 -0.9698230923867188 5.79060097746386
cell 174.5337882541553 55.57694237145949 0.0 2.23606797749979 0.4472135954999579 1 0 0 0.0773117601401063 -0.9970069667479955 6.128407337528794
cell 136.63264712777305 15.368899154650416 0.0 1.0 1.0 1 0 0 0.0 1.0 0
cell 84.78260571322457 182.35411039292973 0.0 2.23606797749979 0.4472135954999579 1 0 0 0.9202569159029775 0.3913147182674582 2.337473049303944
cell 116.46833946398131 42.82375036238218 0.0 1.0 1.0 1 0 0 0.0 1.0 0
cell 132.54444023924768 148.740139773489 0.0 1.0 1.0 1 0 0 0.0 1.0 0
cell 187.2621308022334 124.94686312871158 0.0 2.23606797749979 0.4472135954999579 1 0 0 0.8996843302910554 -0.4365410700366404 4.045093588009435
cell 90.08284774272927 15.347440567661751 0.0 1.0 1.0 1 0 0 0.0 1.0 0
cell 79.73705700304251 25.777835637244987 0.0 1.0 1.0 1 0 0 0.0 1.0 0
cell 137.40908551321607 66.02013877454571 0.0 1.0 1.0 1 0 0 0.0 1.0 0
cell 159.57811135525765 45.52065183278556 0.0 1.0 1.0 1 0 0 0.0 1.0 0
cell 73.32149479419463 74.69729367120004 0.0 1.0 1.0 1 0 0 0.0 1.0 0
cell 123.85660234758521 71.57914781962081 0.0 1.0 1.0 1 0 0 0.0 1.0 0
cell 144.58233308884377 163.60454630311196 0.0 2.23606797749979 0.4472135954999579 1 0 0 0.7120087965895159 0.7021705445111959 1.584709828541023
cell 96.26510910675307 109.0663414239006 0.0 1.0 1.0 1 0 0 0.0 1.0 0
cell 141.9729617380552 143.39320166785055 0.0 2.23606797749979 0.4472135954999579 1 0 0 0.8356410341579754 0.5492759434304304 1.9785976086855668
cell 54.59843969484775 184.38460546059423 0.0 1.0 1.0 1 0 0 0.0 1.0 0
cell 75.6315774729591 179.60252216490846 0.0 2.23606797749979 0.4472135954999579 1 0 0 0.8446540102558489 0.5353126217068979 2.011837009974139
cell 131.4340970386008 120.09916290554571 0.0 1.0 1.0 1 0 0 0.0 1.0 0
cell 143.40385345856416 64.53970020907748 0.0 1.0 1.0 1 0 0 0.0 1.0 0
cell 102.44059114399364 7.477112386621302 0.0 1.0 1.0 1 0 0 0.0 1.0 0
cell 11.371212996915501 14.866942624775817 0.0 2.23606797749979 0.4472135954999579 1 0 0 -0.25831048201252593 0.9660619518863459 5.7606394638699765
cell 86.46371089581946 99.01376919645034 0.0 1.0 1.0 1 0 0 0.0 1.0 0
cell 106.96346254773438 23.76212118717215 0.0 1.0 1.0 1 0 0 0.0 1.0 0
cell 99.83439545047327 48.30895433239664 0.0 1.0 1.0 1 0 0 0.0 1.0 0
cell 116.07963874369882 33.514338841223804 0.0 1.0 1.0 1 0 0 0.0 1.0 0
cell 0.2802052546535551 139.90529917037114 0.0 2.23606797749979 0.4472135954999579 1 0 0 0.7454730217112399 -0.6665358009144845 4.600696843948305
cell 63.61261754708759 40.25961059659319 0.0 1.0 1.0 1 0 0 0.0 1.0 0
cell 140.709175304383 173.56608889466335 0.0 2.23606797749979 0.4472135954999579 1 0 0 0.891691996067847 0.4526426671763707 2.2021391093222107
cell 135.2850908818538 53.92243332465872 0.0 1.0 1.0 1 0 0 0.0 1.0 0
cell 103.93629903881643 54.07784145806349 0.0 1.0 1.0 1 0 0 0.0 1.0 0
cell 67.12078747661349 60.13800939282324 0.0 2.23606797749979 0.4472135954999579 1 0 0 0.28026620091493315 0.9599223180157394 0.5681428260916217
cell 8.486351878693622 22.262415349055612 0.0 2.23606797749979 0.4472135954999579 1 0 0 -0.46732722701037094 0.884084420683227 5.310655019721451
cell 144.80761485663132 128.57458160713517 0.0 1.0 1.0 1 0 0 0.0 1.0 0
cell 42.05475888416056 62.064819338655944 0.0 1.0 1.0 1 0 0 0.0 1.0 0
cell 106.20126972367437 5.04675640689831 0.0 1.0 1.0 1 0 0 0.0 1.0 0
cell 134.7579224647584 108.5477769937166 0.0 1.0 1.0 1 0 0 0.0 1.0 0
cell 51.028391608557115 131.1144276391988 0.0 2.23606797749979 0.4472135954999579 1 0 0 0.825939032638485 0.5637594472505127 1.9437316704072878
cell 182.21823257025474 118.14682168008528 0.0 2.23606797749979 0.4472135954999579 1 0 0 0.8903632081469408 -0.4552508732317681 4.086900571362478
cell 155.40585901342976 49.68220172989638 0.0 1.0 1.0 1 0 0 0.0 1.0 0
cell 141.15336135130056 52.66800698192962 0.0 1.0 1.0 1 0 0 0.0 1.0 0
cell 114.93661322234556 68.44590188643382 0.0 1.0 1.0 1 0 0 0.0 1.0 0
cell 13.301011325460877 61.57119037711229 0.0 2.23606797749979 0.4472135954999579 1 0 0 0.8919629127739471 0.4521085735039936 2.2033368604202885
cell 27.88153596830496 50.606896360894446 0.0 1.0 1.0 1 0 0 0.0 1.0 0
cell 108.29521947866654 174.04513264789924 0.0 2.23606797749979 0.4472135954999579 1 0 0 0.9692716655231757 0.24599276089740763 2.6445050665376355
cell 104.58852301278144 35.24169563710606 0.0 1.0 1.0 1 0 0 0.0 1.0 0
cell 157.89729368191317 81.34708371283583 0.0 1.0 1.0 1 0 0 0.0 1.0 0
cell 135.44764518554356 79.7602678167403 0.0 1.0 1.0 1 0 0 0.0 1.0 0
cell 75.29832028424303 186.70455023297026 0.0 2.23606797749979 0.4472135954999579 1 0 0 0.8676607404817839 0.49715675538667126 2.100955094981644
cell 107.63766982773043 109.00292821340702 0.0 1.0 1.0 1 0 0 0.0 1.0 0
cell 55.57648493466249 64.16019616368202 0.0 1.0 1.0 1 0 0 0.0 1.0 0
cell 157.63242702262508 109.1901844213249 0.0 1.0 1.0 1 0 0 0.0 1.0 0
cell 32.43053228880232 24.846665632528545 0.0 1.0 1.0 1 0 0 0.0 1.0 0
cell 68.17985497807035 83.48237614870813 0.0 1.0 1.0 1 0 0 0.0 1.0 0
cell 182.114315406039 31.37304603510139 0.0 2.23606797749979 0.4472135954999579 1 0 0 -0.3692453576014765 0.9293319460180833 5.526791581538197
cell 144.23954796156275 2.2466002079928926 0.0 1.0 1.0 1 0 0 0.0 1.0 0
cell 144.52711478460523 154.9626703873259 0.0 2.23606797749979 0.4472135954999579 1 0 0 0.4502637010777011 0.8928956263146386 0.9341212990818607
cell 171.3601949539925 138.82673059866414 0.0 2.23606797749979 0.4472135954999579 1 0 0 0.07567613498673022 -0.997132449874875 6.131688200988893
cell 132.7559200264043 141.220896745579 0.0 1.0 1.0 1 0 0 0.0 1.0 0
cell 90.58893404427582 115.27922906857926 0.0 1.0 1.0 1 0 0 0.0 1.0 0
cell 136.1231733483539 109.39102988902538 0.0 1.0 1.0 1 0 0 0.0 1.0 0
cell 182.01410963505143 1.0866437300186547 0.0 2.23606797749979 0.4472135954999579 1 0 0 0.9600436193719807 0.27985040450774307 2.5743160853678413
cell 117.59389901499324 8.872056751026037 0.0 1.0 1.0 1 0 0 0.0 1.0 0
cell 141.4470695880054 50.94503066466942 0.0 1.0 1.0 1 0 0 0.0 1.0 0
cell 69.0534437043956 164.45555587433728 0.0 2.23606797749979 0.4472135954999579 1 0 0 0.48777493803658334 -0.8729694208982393 5.264107127949012
cell 117.62308707672467 25.243119197334202 0.0 1.0 1.0 1 0 0 0.0 1.0 0
cell 127.65488388432846 68.62112695655597 0.0 1.0 1.0 1 0 0 0.0 1.0 0
cell 114.78992982985334 148.28639503363436 0.0 1.0 1.0 1 0 0 0.0 1.0 0
cell 133.39293320669597 134.48364216799834 0.0 1.0 1.0 1 0 0 0.0 1.0 0
cell 134.36997206725644 155.99456632283724 0.0 1.0 1.0 1 0 0 0.0 1.0 0
cell 113.49814733583175 68.41123042515294 0.0 1.0 1.0 1 0 0 0.0 1.0 0
cell 175.51389183924505 26.536930516643395 0.0 2.23606797749979 0.4472135954999579 1 0 0 0.1360049846044276 -0.9907081528698295 6.010329702443907
cell 36.49043921815611 18.566268953429073 0.0 2.23606797749979 0.4472135954999579 1 0 0 -0.3287446027964007 -0.9444188615927981 0.6699479739557708
cell 174.08538090580507 36.14745804494357 0.0 2.23606797749979 0.4472135954999579 1 0 0 0.1819765514063129 -0.9833028702990069 5.917192920376977
cell 98.20762029869861 102.72731187933805 0.0 1.0 1.0 1 0 0 0.0 1.0 0
cell 54.876769547737666 52.6000256762066 0.0 2.23606797749979 0.4472135954999579 1 0 0 0.01047143495294213 0.9999451730220144 0.020943252659034114
cell 73.90055702725277 87.52636756021754 0.0 1.0 1.0 1 0 0 0.0 1.0 0
cell 32.86284184933707 143.69341871166975 0.0 2.23606797749979 0.4472135954999579 1 0 0 0.9433736566196746 0.33173203643305876 2.4653146807299673
cell 143.22287788049985 98.2658192508068 0.0 2.23606797749979 0.4472135954999579 1 0 0 -0.31903472311321623 -0.9477430271165668 0.6494216236254573
cell 72.38829027898596 126.86213457645587 0.0 2.23606797749979 0.4472135954999579 1 0 0 0.9332017798015616 -0.3593528046018255 3.876741212306232
cell 155.87775164280782 161.33012684030945 0.0 2.23606797749979 0.4472135954999579 1 0 0 0.8272772228602453 0.5617939093089565 1.9484873386603843
cell 51.65456510402948 44.21128959724442 0.0 1.0 1.0 1 0 0 0.0 1.0 0
cell 146.303676951087 118.03245768069942 0.0 1.0 1.0 1 0 0 0.0 1.0 0
cell 36.62412478507166 144.70769424687185 0.0 2.23606797749979 0.4472135954999579 1 0 0 0.9635582952457807 0.26749843301044757 2.6000008211525225
cell 55.961195864388564 177.01615746828085 0.0 1.0 1.0 1 0 0 0.0 1.0 0
cell 110.23891590512649 9.093455297607365 0.0 1.0 1.0 1 0 0 0.0 1.0 0
cell 66.89788613234191 109.94269875837358 0.0 1.0 1.0 1 0 0 0.0 1.0 0
cell 73.24140578165547 55.3807757135769 0.0 1.0 1.0 1 0 0 0.0 1.0 0
cell 69.54743871006995 128.4718255180092 0.0 2.23606797749979 0.4472135954999579 1 0 0 0.8907277505099805 -0.45453720911651424 4.0852978141903264
cell 82.60171863340342 6.494991067378144 0.0 2.23606797749979 0.4472135954999579 1 0 0 0.9439772494434645 0.33001053397301006 2.4689631850480636
cell 164.3830450400162 171.412239000902 0.0 2.23606797749979 0.4472135954999579 1 0 0 0.7491012384524162 0.6624555340164775 1.6934086479817003
cell 133.89189138762669 98.71581636156914 0.0 2.23606797749979 0.4472135954999579 1 0 0 0.20772740930764394 0.9781867528352316 0.4185022310832392
cell 58.76902524485967 9.038157018739613 0.0 1.0 1.0 1 0 0 0.0 1.0 0
cell 54.65164630578114 98.13425225927848 0.0 2.23606797749979 0.4472135954999579 1 0 0 0.9717356495123661 -0.23607165748301914 3.618235151247873
cell 144.34263689895818 0.9995981074724997 0.0 2.23606797749979 0.4472135954999579 1 0 0 0.9989263601791356 -0.046326309363728384 3.2342784450775834
cell 131.2211890861728 187.07910725432592 0.0 2.23606797749979 0.4472135954999579 1 0 0 0.9991851654840697 0.04036093503094644 3.06084885139067
cell 103.40281554686133 64.0517241925952 0.0 1.0 1.0 1 0 0 0.0 1.0 0
cell 124.5276590674831 177.00442450041288 0.0 1.0 1.0 1 0 0 0.0 1.0 0
cell 93.39960915592428 186.71985741356806 0.0 2.23606797749979 0.4472135954999579 1 0 0 0.9559185515849401 0.293631951149309 2.545544517380756
cell 135.13899206196268 59.994207237998765 0.0 1.0 1.0 1 0 0 0.0 1.0 0
cell 148.0493194185972 40.12011447867826 0.0 1.0 1.0 1 0 0 0.0 1.0 0
cell 58.72959605255803 21.168495270567956 0.0 2.23606797749979 0.4472135954999579 1 0 0 0.8414541891446823 0.5403284626695741 1.9999378301499386
cell 139.04159363941383 36.34399712640438 0.0 2.23606797749979 0.4472135954999579 1 0 0 -0.04900813003407045 0.9987983796495485 6.185129768787486
cell 94.69721593611608 40.95525397999231 0.0 1.0 1.0 1 0 0 0.0 1.0 0
cell 82.26513381015045 133.58110060284466 0.0 2.23606797749979 0.4472135954999579 1 0 0 0.35115438537305976 0.9363175730665684 0.7176074369037494
cell 40.24853029142201 56.99296923229527 0.0 1.0 1.0 1 0 0 0.0 1.0 0
cell 64.37026622451876 45.283193398728294 0.0 1.0 1.0 1 0 0 0.0 1.0 0
cell 86.30110803311013 182.07738176018842 0.0 2.23606797749979 0.4472135954999579 1 0 0 0.9343504434239 0.3563555091107215 2.4128638198595604
cell 30.224909119204263 52.46301591242554 0.0 2.23606797749979 0.4472135954999579 1 0 0 0.9537808208599935 0.30050315432560254 2.5311523599047927
cell 148.16488181674458 177.42668768971976 0.0 1.0 1.0 1 0 0 0.0 1.0 0
cell 14.613695534899353 133.95065890557655 0.0 2.23606797749979 0.4472135954999579 1 0 0 -0.9109717997465047 -0.4124686413130265 2.291268046093572
cell 90.28370692917366 12.266297565491744 0.0 1.0 1.0 1 0 0 0.0 1.0 0
cell 52.71419265737717 15.834883164898738 0.0 1.0 1.0 1 0 0 0.0 1.0 0
cell 107.12868035769539 185.88730142326497 0.0 1.0 1.0 1 0 0 0.0 1.0 0
cell 64.6652202664811 6.914847027792163 0.0 1.0 1.0 1 0 0 0.0 1.0 0
cell 136.8716053739286 99.79472116934535 0.0 2.23606797749979 0.4472135954999579 1 0 0 0.23573094339751652 0.9718183587095466 0.4759412790028308
cell 43.39623104994463 49.472776303222666 0.0 1.0 1.0 1 0 0 0.0 1.0 0
cell 121.19383789699988 138.25293160676972 0.0 1.0 1.0 1 0 0 0.0 1.0 0
cell 131.07653818735116 138.42774708432435 0.0 1.0 1.0 1 0 0 0.0 1.0 0
cell 168.69257175490137 145.41934320595695 0.0 2.23606797749979 0.4472135954999579 1 0 0 0.6688463292301686 -0.7434006913336366 4.817873669028441
cell 106.27507118171923 64.09687743030663 0.0 1.0 1.0 1 0 0 0.0 1.0 0
cell 145.1201098249154 145.08743850385179 0.0 1.0 1.0 1 0 0 0.0 1.0 0
cell 122.52116075039514 74.20779401388369 0.0 1.0 1.0 1 0 0 0.0 1.0 0
cell 48.5190967293395 80.6621071551026 0.0 2.23606797749979 0.4472135954999579 1 0 0 0.37090406648556795 0.9286711869464183 0.759964674288375
cell 7.565139367093345 103.74678608508938 0.0 2.23606797749979 0.4472135954999579 1 0 0 0.3052893533671673 0.9522596340918043 0.6204845484528947
cell 138.24867288647155 16.02028943727914 0.0 1.0 1.0 1 0 0 0.0 1.0 0
cell 89.50854011801071 26.328856478836315 0.0 1.0 1.0 1 0 0 0.0 1.0 0
cell 51.5152413162036 87.11549644927373 0.0 2.23606797749979 0.4472135954999579 1 0 0 0.39376006458379614 0.91921325683378 0.8094371025787356
cell 133.00705616812627 152.70723330411298 0.0 1.0 1.0 1 0 0 0.0 1.0 0
cell 97.12439236621371 29.22034866121755 0.0 1.0 1.0 1 0 0 0.0 1.0 0
cell 12.297818142083711 125.93823337571895 0.0 2.23606797749979 0.4472135954999579 1 0 0 0.878492539758037 -0.47775606494263767 4.13778991609402
cell 146.976773422376 183.20723520878886 0.0 2.23606797749979 0.4472135954999579 1 0 0 0.9999795857549351 -0.00638968492090806 3.1543721103927154
cell 101.89262162175267 149.9627011910053 0.0 2.23606797749979 0.4472135954999579 1 0 0 0.9913585615450559 0.1311800383111614 2.8784742322246286
cell 146.08455815095985 170.38773506248987 0.0 2.23606797749979 0.4472135954999579 1 0 0 0.8587947203241942 0.5123198496479411 2.0658248417128915
cell 53.394488424167186 61.55659177933003 0.0 1.0 1.0 1 0 0 0.0 1.0 0
cell 139.37449060647236 185.72112887465843 0.0 2.23606797749979 0.4472135954999579 1 0 0 0.9982513807480694 0.059111596447507096 3.023300503343267
cell 26.830883719332338 37.324754498341576 0.0 1.0 1.0 1 0 0 0.0 1.0 0
cell 48.88198653237298 182.53905470507348 0.0 1.0 1.0 1 0 0 0.0 1.0 0
cell 127.68154038606549 21.732434222678343 0.0 1.0 1.0 1 0 0 0.0 1.0 0
cell 5.552531296456853 43.471722709468914 0.0 2.23606797749979 0.4472135954999579 1 0 0 0.6117670583993574 -0.791037967645926 4.966600278625074
cell 149.36350549337257 72.35378505804944 0.0 1.0 1.0 1 0 0 0.0 1.0 0
cell 118.23619029628003 4.924725455400997 0.0 1.0 1.0 1 0 0 0.0 1.0 0
cell 33.109059229225366 127.92965401912471 0.0 2.23606797749979 0.4472135954999579 1 0 0 0.7416436720059891 0.6707940546646733 1.671034776697858
cell 92.83149058571117 14.099186692810255 0.0 1.0 1.0 1 0 0 0.0 1.0 0
cell 112.05575414885513 42.19533065493372 0.0 1.0 1.0 1 0 0 0.0 1.0 0
cell 128.34266674856343 60.185841607782734 0.0 1.0 1.0 1 0 0 0.0 1.0 0
cell 120.81504773755007 87.8446398144905 0.0 2.23606797749979 0.4472135954999579 1 0 0 0.2249053941169149 0.9743806051523785 0.45369188346850436
cell 59.824182745177076 85.02760647872998 0.0 1.0 1.0 1 0 0 0.0 1.0 0
cell 130.48661209698497 104.2348945686935 0.0 1.0 1.0 1 0 0 0.0 1.0 0
cell 129.44661133586476 58.73589878883728 0.0 1.0 1.0 1 0 0 0.0 1.0 0
cell 113.4642548571941 42.92253645197144 0.0 1.0 1.0 1 0 0 0.0 1.0 0
cell 59.35909835284053 174.78344756514554 0.0 2.23606797749979 0.4472135954999579 1 0 0 0.5681360976132457 0.8229346113688454 1.2084782675334012
cell 119.39337623677498 44.45142258749756 0.0 1.0 1.0 1 0 0 0.0 1.0 0
cell 19.866607991005885 170.55868374084244 0.0 2.23606797749979 0.4472135954999579 1 0 0 0.9964969692216449 0.08362888455597227 2.974139307367634
cell 184.76311804894436 75.27098563682955 0.0 2.23606797749979 0.4472135954999579 1 0 0 0.9981645975007853 -0.060559361754357215 3.262785532079002
cell 127.78357745021039 65.73884578642567 0.0 1.0 1.0 1 0 0 0.0 1.0 0
cell 49.74567007686716 179.2822820209184 0.0 1.0 1.0 1 0 0 0.0 1.0 0
cell 130.75777575926034 22.522228825304907 0.0 1.0 1.0 1 0 0 0.0 1.0 0
cell 102.39833529513767 46.39468991138613 0.0 1.0 1.0 1 0 0 0.0 1.0 0
cell 115.40647338156099 105.50330567194992 0.0 1.0 1.0 1 0 0 0.0 1.0 0
cell 185.18799938676418 44.954949727500114 0.0 2.23606797749979 0.4472135954999579 1 0 0 0.45698030529181827 -0.8894768128374098 5.333990677128552
cell 171.08575450319165 114.68312408419179 0.0 2.23606797749979 0.4472135954999579 1 0 0 0.3252790594013778 0.9456180695793386 0.6626136421147027
cell 121.73205936009519 112.40653422795378 0.0 1.0 1.0 1 0 0 0.0 1.0 0
cell 44.06492703651581 119.1987317634761 0.0 2.23606797749979 0.4472135954999579 1 0 0 0.9918899109757873 0.12709997838097684 2.886703265007332
cell 110.64619952679381 14.23204682781894 0.0 1.0 1.0 1 0 0 0.0 1.0 0
cell 70.3800120523374 71.82831785003648 0.0 1.0 1.0 1 0 0 0.0 1.0 0
cell 42.17673592304592 96.94959976055883 0.0 2.23606797749979 0.4472135954999579 1 0 0 0.9386545469751716 0.3448588717763185 2.437415794925279
cell 82.26412195501327 125.98784294308871 0.0 1.0 1.0 1 0 0 0.0 1.0 0
cell 114.48376812938956 178.6013453953954 0.0 2.23606797749979 0.4472135954999579 1 0 0 0.9983656596681578 0.05714901219937291 3.027232321165762
cell 65.75974160146532 8.458543232745777 0.0 2.23606797749979 0.4472135954999579 1 0 0 0.8515836402442243 0.524218755548097 2.037997749841371
cell 46.402345064578796 48.344311933765745 0.0 1.0 1.0 1 0 0 0.0 1.0 0
cell 82.58490011722101 2.952290956704196 0.0 2.23606797749979 0.4472135954999579 1 0 0 0.9151100240767082 0.4032042210026163 2.311561421131509
cell 118.68630553035906 35.48018672766204 0.0 1.0 1.0 1 0 0 0.0 1.0 0
cell 48.50611558018802 24.489467795408697 0.0 1.0 1.0 1 0 0 0.0 1.0 0
cell 113.24115970256868 55.17161347927422 0.0 1.0 1.0 1 0 0 0.0 1.0 0
cell 79.77721789076676 16.65321333907157 0.0 1.0 1.0 1 0 0 0.0 1.0 0
cell 94.53660568353726 64.71952152281641 0.0 1.0 1.0 1 0 0 0.0 1.0 0
cell 6.788076325025953 68.10240214082403 0.0 2.23606797749979 0.4472135954999579 1 0 0 0.773762418644435 0.6334759028514929 1.7695182423378906
cell 127.39868091939256 135.02684182806968 0.0 1.0 1.0 1 0 0 0.0 1.0 0
cell 85.69268665464607 69.69607234803543 0.0 2.23606797749979 0.4472135954999579 1 0 0 0.3259072060167098 0.945401762779392 0.6639423359369043
cell 81.1516927398932 37.8675977133782 0.0 1.0 1.0 1 0 0 0.0 1.0 0
cell 2.853751479795909 123.12140965701074 0.0 2.23606797749979 0.4472135954999579 1 0 0 0.9744801284407067 -0.22447378304422008 3.5943986634641543
cell 41.74303251268193 18.19230115195068 0.0 1.0 1.0 1 0 0 0.0 1.0 0
cell 57.47724163532268 75.86263241088918 0.0 1.0 1.0 1 0 0 0.0 1.0 0
cell 9.147517242560436 56.405104932315126 0.0 2.23606797749979 0.4472135954999579 1 0 0 0.7706975717842591 -0.6372011086351362 4.523314963998112
cell 28.43662562561668 28.10185249359399 0.0 1.0 1.0 1 0 0 0.0 1.0 0
cell 143.62758247490265 10.705639147654693 0.0 1.0 1.0 1 0 0 0.0 1.0 0
cell 122.00580624649125 140.07876339208983 0.0 1.0 1.0 1 0 0 0.0 1.0 0
cell 24.987598077283806 57.45886342128765 0.0 2.23606797749979 0.4472135954999579 1 0 0 0.9730282456691084 0.23068600549252474 2.676027363270354
cell 185.76515603641408 105.39226862239391 0.0 2.23606797749979 0.4472135954999579 1 0 0 -0.07503672841625514 0.9971807706672774 6.132970660618564
cell 89.3118078263485 93.85274848606379 0.0 1.0 1.0 1 0 0 0.0 1.0 0
cell 78.97763840461282 126.57204824886868 0.0 1.0 1.0 1 0 0 0.0 1.0 0
cell 86.16924205252336 135.28762180813993 0.0 2.23606797749979 0.4472135954999579 1 0 0 0.9939225604678009 0.11008153247993342 2.920982492322411
cell 76.502284376485 109.78847413382432 0.0 1.0 1.0 1 0 0 0.0 1.0 0
cell 25.45831859447263 148.6387863655376 0.0 2.23606797749979 0.4472135954999579 1 0 0 0.9872524147583617 0.159162399937246 2.8219082945696905
cell 125.91239566185963 145.7720541999061 0.0 1.0 1.0 1 0 0 0.0 1.0 0
cell 73.38571759634776 50.998750804516575 0.0 1.0 1.0 1 0 0 0.0 1.0 0
cell 165.55101712070655 45.126871976183935 0.0 2.23606797749979 0.4472135954999579 1 0 0 0.5932376454111439 0.8050273883956011 1.2701493847325749
cell 127.93595644132382 140.147058185352 0.0 1.0 1.0 1 0 0 0.0 1.0 0
cell 157.64223283533892 63.30450848727594 0.0 1.0 1.0 1 0 0 0.0 1.0 0
cell 122.74486437461579 2.781555459269097 0.0 1.0 1.0 1 0 0 0.0 1.0 0
cell 96.50626326931078 79.00839692145281 0.0 2.23606797749979 0.4472135954999579 1 0 0 -0.16249422858905932 -0.9867094940636005 0.32643590872901207
cell 161.29614666995207 76.99964918489636 0.0 1.0 1.0 1 0 0 0.0 1.0 0
cell 137.32371991624225 160.96508836587162 0.0 1.0 1.0 1 0 0 0.0 1.0 0
cell 152.17192228819027 117.03016462884396 0.0 2.23606797749979 0.4472135954999579 1 0 0 0.3413593322177233 0.9399328732988702 0.6967254396402831
cell 30.62503473127775 28.864097371370246 0.0 1.0 1.0 1 0 0 0.0 1.0 0
cell 131.58799426526454 155.34056407617632 0.0 1.0 1.0 1 0 0 0.0 1.0 0
cell 4.69524788430282 177.3205909877662 0.0 2.23606797749979 0.4472135954999579 1 0 0 -0.32362750623347414 -0.9461845682577489 0.6591216229890255
cell 78.83896070436754 141.3969779686488 0.0 2.23606797749979 0.4472135954999579 1 0 0 -0.036839395765532995 0.9993211990744669 6.209489840043371
cell 181.45062012108122 51.59164995611393 0.0 2.23606797749979 0.4472135954999579 1 0 0 0.9287876134646497 -0.37061242433928276 3.9009292824134203
cell 155.2768961489331 51.67444166895061 0.0 1.0 1.0 1 0 0 0.0 1.0 0
cell 19.680139569571523 52.389423022917676 0.0 2.23606797749979 0.4472135954999579 1 0 0 0.8668400456189945 0.4985863368678081 2.097658282045305
cell 105.81969822749949 125.13513842963113 0.0 2.23606797749979 0.4472135954999579 1 0 0 0.9023602642117373 0.43098254439330086 2.2504299443870934
cell 158.0179316263611 86.55685092654434 0.0 1.0 1.0 1 0 0 0.0 1.0 0
cell 56.38091751645832 3.514626353281577 0.0 1.0 1.0 1 0 0 0.0 1.0 0
cell 10.899561587688895 18.563163567139647 0.0 2.23606797749979 0.4472135954999579 1 0 0 0.33111664387505424 -0.943589830460736 5.608211848244699
cell 125.4967766215439 46.877253396745076 0.0 1.0 1.0 1 0 0 0.0 1.0 0
cell 124.47583700701729 78.8479330677647 0.0 1.0 1.0 1 0 0 0.0 1.0 0
cell 42.72061147022262 48.01093825052215 0.0 1.0 1.0 1 0 0 0.0 1.0 0
cell 98.39888298515989 54.81194371474576 0.0 1.0 1.0 1 0 0 0.0 1.0 0
cell 71.86020367468856 85.04894650525682 0.0 1.0 1.0 1 0 0 0.0 1.0 0
cell 117.27963884302439 183.75806025364494 0.0 1.0 1.0 1 0 0 0.0 1.0 0
cell 92.14524910610433 65.190006827476 0.0 1.0 1.0 1 0 0 0.0 1.0 0
cell 49.725125315777476 49.59034247383654 0.0 1.0 1.0 1 0 0 0.0 1.0 0
cell 85.45131421036479 93.67572454063746 0.0 1.0 1.0 1 0 0 0.0 1.0 0
cell 150.60331082256891 130.11699656654375 0.0 2.23606797749979 0.4472135954999579 1 0 0 0.1364989396159135 0.9906402169727065 0.27385281453234284
cell 137.0440011975009 121.4639258043886 0.0 1.0 1.0 1 0 0 0.0 1.0 0
cell 0.3503598966743185 37.29322087343531 0.0 2.23606797749979 0.4472135954999579 1 0 0 0.4986010503197967 -0.8668315826156748 5.2392169881406625
cell 126.74364791593774 30.482959479219605 0.0 1.0 1.0 1 0 0 0.0 1.0 0
cell 147.31347014909537 96.08247216429264 0.0 1.0 1.0 1 0 0 0.0 1.0 0
cell 142.8338411664262 44.303428694309375 0.0 1.0 1.0 1 0 0 0.0 1.0 0
cell 110.70165190303754 45.08851054467907 0.0 1.0 1.0 1 0 0 0.0 1.0 0
cell 65.37773634663134 12.468103698815131 0.0 2.23606797749979 0.4472135954999579 1 0 0 0.8518050671896584 0.5238588812934467 2.038842828237689
cell 5.304602623704273 139.09414575281576 0.0 2.23606797749979 0.4472135954999579 1 0 0 0.8563789155854679 -0.5163478991345448 4.22675436471263
cell 143.78198873658536 173.83453674762742 0.0 2.23606797749979 0.4472135954999579 1 0 0 0.8835436927264987 0.4683487408365933 2.166750762905267
cell 25.832293883266374 154.95022677863594 0.0 2.23606797749979 0.4472135954999579 1 0 0 0.9997562960857346 -0.022075969671411618 3.1857481799491003
cell 108.96858345621618 126.66282231593917 0.0 2.23606797749979 0.4472135954999579 1 0 0 0.2503806940774444 0.9681474619257633 0.5061469085284374
cell 50.459256526628344 34.70734838878107 0.0 2.23606797749979 0.4472135954999579 1 0 0 0.939445101450062 0.34269943297514044 2.4420149925266803
cell 175.13687623310844 86.13792829259548 0.0 2.23606797749979 0.4472135954999579 1 0 0 -0.1115858486829995 -0.9937547979122892 0.22363744516637318
cell 61.988123998314535 73.06103055229876 0.0 1.0 1.0 1 0 0 0.0 1.0 0
cell 160.2262225424557 89.9315767728626 0.0 1.0 1.0 1 0 0 0.0 1.0 0
cell 146.24202867981154 167.252962358052 0.0 2.23606797749979 0.4472135954999579 1 0 0 0.7600795961197248 0.649829983582226 1.7268711876998295
cell 88.76896734376473 24.60882340837216 0.0 1.0 1.0 1 0 0 0.0 1.0 0
cell 26.77125656607719 41.499071752066016 0.0 2.23606797749979 0.4472135954999579 1 0 0 -0.9061569819293462 -0.42294151380622186 2.2682146298645627
cell 76.13160055413687 89.95988248032873 0.0 1.0 1.0 1 0 0 0.0 1.0 0
cell 94.40380008658666 70.47204597089927 0.0 2.23606797749979 0.4472135954999579 1 0 0 0.26014169946331067 0.9655704511843455 0.5263379041577957
cell 128.31813158584418 18.528962535842595 0.0 1.0 1.0 1 0 0 0.0 1.0 0
cell 152.61806281775176 63.441998558715675 0.0 1.0 1.0 1 0 0 0.0 1.0 0
cell 158.9514660858785 25.576303587417986 0.0 1.0 1.0 1 0 0 0.0 1.0 0
cell 151.33830503521725 104.33661852382625 0.0 2.23606797749979 0.4472135954999579 1 0 0 0.42597394260093013 0.9047354310653581 0.8800762150446615
cell 171.58436113296537 144.1533673819166 0.0 2.23606797749979 0.4472135954999579 1 0 0 0.8832890093104929 -0.46882888779520404 4.1175215672759595
cell 109.05532520142891 92.77114307504986 0.0 1.0 1.0 1 0 0 0.0 1.0 0
cell 72.18306505109221 22.519141335346855 0.0 1.0 1.0 1 0 0 0.0 1.0 0
cell 22.010754760398065 85.62959695044779 0.0 2.23606797749979 0.4472135954999579 1 0 0 0.9250675246493143 0.37980267882045043 2.362426688572401
cell 117.94298396834519 17.659119434397294 0.0 1.0 1.0 1 0 0 0.0 1.0 0
cell 48.474084365683844 44.872166325823244 0.0 1.0 1.0 1 0 0 0.0 1.0 0
cell 99.4146768714336 101.2450104388781 0.0 1.0 1.0 1 0 0 0.0 1.0 0
cell 88.94775795764122 38.60725671216475 0.0 1.0 1.0 1 0 0 0.0 1.0 0
cell 157.25354588941994 67.07535239739595 0.0 1.0 1.0 1 0 0 0.0 1.0 0
cell 45.004067365041884 64.69716854606538 0.0 1.0 1.0 1 0 0 0.0 1.0 0
cell 156.64302542132924 156.91090148947745 0.0 2.23606797749979 0.4472135954999579 1 0 0 0.7180985918397382 0.6959413857486743 1.6021326302674064
cell 78.7341198455315 140.52154716507488 0.0 2.23606797749979 0.4472135954999579 1 0 0 -0.028848341138698455 0.9995837999955508 6.22548061911623
cell 28.097833175580742 156.4703482184862 0.0 2.23606797749979 0.4472135954999579 1 0 0 0.2636305786733712 -0.964623718342206 5.749617300546965
cell 58.051595258432805 27.35009716030832 0.0 2.23606797749979 0.4472135954999579 1 0 0 0.8810469047335479 0.4730289120756095 2.156141706568871
cell 158.2901340149376 84.69548981969798 0.0 1.0 1.0 1 0 0 0.0 1.0 0
cell 72.43048851445174 16.924105015271834 0.0 2.23606797749979 0.4472135954999579 1 0 0 0.909589756305277 0.4155074911773635 2.2845913214709115
cell 124.83918742811908 127.36841603309743 0.0 1.0 1.0 1 0 0 0.0 1.0 0
cell 72.54551720680216 95.09898724393904 0.0 1.0 1.0 1 0 0 0.0 1.0 0
cell 92.11433057989575 38.586596441769494 0.0 1.0 1.0 1 0 0 0.0 1.0 0
cell 157.56682795044486 65.28597338771668 0.0 1.0 1.0 1 0 0 0.0 1.0 0
cell 137.23982713518382 185.4019090893213 0.0 2.23606797749979 0.4472135954999579 1 0 0 0.999733099886499 0.02310257542637441 3.0953833915781312
cell 149.98289703700823 39.869312564827744 0.0 1.0 1.0 1 0 0 0.0 1.0 0
cell 84.09529537755388 96.6727084764097 0.0 1.0 1.0 1 0 0 0.0 1.0 0
cell 147.86526952101443 118.08789852981813 0.0 1.0 1.0 1 0 0 0.0 1.0 0
cell 164.11191453805444 71.74139363575324 0.0 2.23606797749979 0.4472135954999579 1 0 0 0.9871097794805248 0.16004462894427196 2.820120924550385
cell 68.22009397505903 13.428866869356185 0.0 2.23606797749979 0.4472135954999579 1 0 0 0.8919611893302106 0.45211197366209643 2.2033292364230594
cell 136.96476936959314 163.85917553338246 0.0 1.0 1.0 1 0 0 0.0 1.0 0
cell 97.54954917695112 31.0753171794807 0.0 1.0 1.0 1 0 0 0.0 1.0 0
cell 39.37878697449101 52.595772068135524 0.0 2.23606797749979 0.4472135954999579 1 0 0 0.9886545952000224 0.15020682870588725 2.8400377103036605
cell 95.79832840040181 22.23767722445705 0.0 1.0 1.0 1 0 0 0.0 1.0 0
cell 72.71320851423765 34.62259280914156 0.0 1.0 1.0 1 0 0 0.0 1.0 0
cell 166.48886919892234 183.6929678540599 0.0 2.23606797749979 0.4472135954999579 1 0 0 0.942858721219998 0.3331927847649015 2.4622169753634746
cell 113.99592846849363 108.14606045984334 0.0 1.0 1.0 1 0 0 0.0 1.0 0
cell 131.5442232114476 56.40535470671662 0.0 1.0 1.0 1 0 0 0.0 1.0 0
cell 30.968530476279444 170.61150621499192 0.0 2.23606797749979 0.4472135954999579 1 0 0 0.9920561899656235 -0.12579553231689405 3.393852039521497
cell 82.78254495744645 28.7372179335125 0.0 1.0 1.0 1 0 0 0.0 1.0 0
cell 143.81622744504986 167.35809578105912 0.0 2.23606797749979 0.4472135954999579 1 0 0 0.7991485117808615 0.6011336424776392 1.8517548212260206
cell 120.1174210494632 95.37626752482285 0.0 1.0 1.0 1 0 0 0.0 1.0 0
cell 129.47858519757398 126.27822318139546 0.0 1.0 1.0 1 0 0 0.0 1.0 0
cell 145.60487665851488 59.23323684746818 0.0 1.0 1.0 1 0 0 0.0 1.0 0
cell 68.7465358530069 109.17345433897644 0.0 1.0 1.0 1 0 0 0.0 1.0 0
cell 85.77976979788109 38.09009669271415 0.0 1.0 1.0 1 0 0 0.0 1.0 0
cell 44.76857787323819 131.12186705603142 0.0 2.23606797749979 0.4472135954999579 1 0 0 0.9060318701733592 0.42320946377670393 2.2676231904718778
cell 119.7574556224436 127.26125442321201 0.0 1.0 1.0 1 0 0 0.0 1.0 0
cell 87.10018953520496 131.47444699458342 0.0 1.0 1.0 1 0 0 0.0 1.0 0
cell 36.30504032819722 145.58154492999816 0.0 2.23606797749979 0.4472135954999579 1 0 0 0.9698091045431397 0.24386533321739978 2.648893593017307
cell 48.80539488581542 37.66661279616339 0.0 2.23606797749979 0.4472135954999579 1 0 0 0.9693316178488699 0.24575641321945696 2.644992732433607
cell 136.36098641887818 33.73440845108327 0.0 1.0 1.0 1 0 0 0.0 1.0 0
cell 96.59860069543753 173.58761091445712 0.0 2.23606797749979 0.4472135954999579 1 0 0 0.9529927669140318 0.3029930464706044 2.5259291058262714
cell 160.37354420975282 168.22503560436468 0.0 1.0 1.0 1 0 0 0.0 1.0 0
cell 139.93741997824236 15.725132530670953 0.0 1.0 1.0 1 0 0 0.0 1.0 0
cell 23.92343070052581 43.115501029194306 0.0 2.23606797749979 0.4472135954999579 1 0 0 -0.8740085112636472 -0.4859106113666413 2.1267831624242177
cell 179.05253467892754 107.54936472474134 0.0 2.23606797749979 0.4472135954999579 1 0 0 0.9900944608009876 -0.14040284431307476 3.42332920880876
cell 119.88892634582186 168.30947788990773 0.0 1.0 1.0 1 0 0 0.0 1.0 0
cell 83.53910777197939 44.93421966680153 0.0 1.0 1.0 1 0 0 0.0 1.0 0
cell 159.5435869811212 35.743599343481584 0.0 2.23606797749979 0.4472135954999579 1 0 0 -0.059622868713995185 0.9982209742969308 6.163868805648616
cell 119.6241730353275 187.26587524787823 0.0 1.0 1.0 1 0 0 0.0 1.0 0
cell 115.40159381319472 158.2078453449786 0.0 2.23606797749979 0.4472135954999579 1 0 0 0.4736493853909147 -0.8807134946841729 5.296325602668471
cell 17.23837194869463 28.801130482302785 0.0 2.23606797749979 0.4472135954999579 1 0 0 0.11483876004284825 -0.9933841448260693 6.052999938495093
cell 74.06048177429018 131.76710280067988 0.0 2.23606797749979 0.4472135954999579 1 0 0 0.9023363413302549 -0.4310326288284098 4.032866371889407
cell 156.9073137868163 52.71010163607739 0.0 1.0 1.0 1 0 0 0.0 1.0 0
cell 5.960993988696163 166.01267214458665 0.0 2.23606797749979 0.4472135954999579 1 0 0 0.05639933036262693 0.998408290998551 0.1128585464030935
cell 185.08121163896914 182.6550644719947 0.0 2.23606797749979 0.4472135954999579 1 0 0 0.15177357450732518 -0.9884152882676742 5.9784605306233765
cell 91.00312462534662 51.096104654708526 0.0 1.0 1.0 1 0 0 0.0 1.0 0
cell 75.24281873456846 92.89456605920593 0.0 1.0 1.0 1 0 0 0.0 1.0 0
cell 109.92242052267596 187.0315264564137 0.0 1.0 1.0 1 0 0 0.0 1.0 0
cell 117.63073534239152 183.0350542516513 0.0 1.0 1.0 1 0 0 0.0 1.0 0
cell 112.15194595906787 171.83035267589693 0.0 2.23606797749979 0.4472135954999579 1 0 0 0.9838289245478051 0.17911071219530425 2.781427709952891
cell 125.80677151685828 102.86688549531469 0.0 1.0 1.0 1 0 0 0.0 1.0 0
cell 151.64463128929555 136.0977013921995 0.0 2.23606797749979 0.4472135954999579 1 0 0 0.6118002229308565 0.7910123179962207 1.3166688805832254
cell 141.64321061672686 86.14172208757851 0.0 1.0 1.0 1 0 0 0.0 1.0 0
cell 4.163756273667885 151.46302490873228 0.0 2.23606797749979 0.4472135954999579 1 0 0 0.8187241466440208 -0.5741870528860955 4.364814369702575
cell 99.3166000513439 58.08699100699974 0.0 1.0 1.0 1 0 0 0.0 1.0 0
cell 150.18357078875746 158.8348610406151 0.0 2.23606797749979 0.4472135954999579 1 0 0 0.5181003693495195 0.8553198274796928 1.089256986906052
cell 179.5911122341408 25.81043279207795 0.0 2.23606797749979 0.4472135954999579 1 0 0 -0.152465463104547 0.9883087991919914 5.977060459519157
cell 4.395340721246628 167.01540081485413 0.0 2.23606797749979 0.4472135954999579 1 0 0 0.022169616805658453 0.9997542238423853 0.04434286647729101
cell 168.22761939897623 123.52098501267116 0.0 2.23606797749979 0.4472135954999579 1 0 0 0.04882874429328155 -0.9988071654382248 6.1854889703140294
cell 34.17832089019703 25.947460913594515 0.0 1.0 1.0 1 0 0 0.0 1.0 0
cell 129.7995576215506 2.3672242589785264 0.0 1.0 1.0 1 0 0 0.0 1.0 0
cell 62.15543846838697 50.19904552038234 0.0 1.0 1.0 1 0 0 0.0 1.0 0
cell 170.63669317559345 119.50227039320566 0.0 2.23606797749979 0.4472135954999579 1 0 0 -0.11781574320070748 0.9930354730089278 6.047005271703926
cell 152.97603730404919 185.42016723560732 0.0 1.0 1.0 1 0 0 0.0 1.0 0
cell 53.967122783665005 4.340282889239184 0.0 1.0 1.0 1 0 0 0.0 1.0 0
cell 77.94102022999353 146.99976898332682 0.0 2.23606797749979 0.4472135954999579 1 0 0 -0.26593724634022664 0.963990342798608 5.744833208978914
cell 32.378177762152696 147.71941893765378 0.0 2.23606797749979 0.4472135954999579 1 0 0 0.9897352181517576 0.1429132532345855 2.854784131619779
cell 17.586393824301684 164.3580800624961 0.0 2.23606797749979 0.4472135954999579 1 0 0 0.9973872558923319 -0.07224030581028848 3.2861992271516267
cell 11.45674919185554 97.32509314968598 0.0 2.23606797749979 0.4472135954999579 1 0 0 0.9563164539777306 0.29233343950266627 2.548260734672622
cell 156.78018975938443 178.9667543255342 0.0 2.23606797749979 0.4472135954999579 1 0 0 0.9672985467074525 0.2536405360695531 2.628708612855031
cell 44.80968587176507 126.84745631332575 0.0 2.23606797749979 0.4472135954999579 1 0 0 0.8070516007181293 0.5904809173701595 1.8782834432468856
cell 136.5213029750972 146.40008296430292 0.0 2.23606797749979 0.4472135954999579 1 0 0 0.24614335571794285 0.9692334334080259 0.49739833128556793
cell 146.30009477581407 90.25242130212857 0.0 1.0 1.0 1 0 0 0.0 1.0 0
cell 127.27131916362839 4.495097451198974 0.0 1.0 1.0 1 0 0 0.0 1.0 0
cell 183.64168674644105 84.86290242914842 0.0 2.23606797749979 0.4472135954999579 1 0 0 -0.019277548013109526 -0.9998141708050563 0.03855748442457241
cell 64.95724900461786 149.44052796890918 0.0 2.23606797749979 0.4472135954999579 1 0 0 0.18647153044362005 -0.9824603647649172 5.90804640441235
cell 98.47893553902831 179.82272941944083 0.0 2.23606797749979 0.4472135954999579 1 0 0 0.9645549177878471 0.26388219070501834 2.607502949224244
cell 89.77311559796796 77.1133123482912 0.0 2.23606797749979 0.4472135954999579 1 0 0 -0.18151158511284668 -0.9833888063578016 0.3650467046902133
cell 2.05186069241384 14.848776699116211 0.0 2.23606797749979 0.4472135954999579 1 0 0 -0.15306435400883267 0.9882162230665203 5.975848451820365
cell 41.193967078549626 65.99844585110431 0.0 1.0 1.0 1 0 0 0.0 1.0 0
cell 0.24987830163175262 106.11843753855162 0.0 2.23606797749979 0.4472135954999579 1 0 0 -0.01244513115596532 0.9999225563564964 6.258294402316884
cell 73.97821302404397 25.903386738924514 0.0 1.0 1.0 1 0 0 0.0 1.0 0
cell 122.27880208421419 97.59755764847831 0.0 1.0 1.0 1 0 0 0.0 1.0 0
cell 29.94033553013139 14.815157161481608 0.0 2.23606797749979 0.4472135954999579 1 0 0 -0.19611864494152098 -0.9805801737269123 0.39479623871554814
cell 143.5739606142517 24.014890550720203 0.0 1.0 1.0 1 0 0 0.0 1.0 0
cell 41.8911310762414 30.196585584563135 0.0 1.0 1.0 1 0 0 0.0 1.0 0
cell 151.45622952559415 122.26348806460587 0.0 1.0 1.0 1 0 0 0.0 1.0 0
cell 122.17358166506045 180.77983735389986 0.0 2.23606797749979 0.4472135954999579 1 0 0 0.9996129391927354 -0.027820348640171345 3.197240530759505
cell 134.9261479482658 64.13818197142815 0.0 1.0 1.0 1 0 0 0.0 1.0 0
cell 89.89186599331748 99.48993318367 0.0 1.0 1.0 1 0 0 0.0 1.0 0
cell 76.54177917383942 2.468305974776827 0.0 2.23606797749979 0.4472135954999579 1 0 0 0.8888871925116238 0.4581261387312487 2.189820748520999
cell 66.9392741095134 103.85594143420373 0.0 1.0 1.0 1 0 0 0.0 1.0 0
cell 122.1771940367301 107.87984813038206 0.0 1.0 1.0 1 0 0 0.0 1.0 0
cell 27.954112920819195 6.559620258059381 0.0 2.23606797749979 0.4472135954999579 1 0 0 0.16569719562488425 0.9861766775593757 0.3329298753203892
cell 127.1148774557916 46.37263403372509 0.0 1.0 1.0 1 0 0 0.0 1.0 0
cell 81.51204529677516 12.106989701511786 0.0 1.0 1.0 1 0 0 0.0 1.0 0
cell 156.6193971737237 93.38288955454897 0.0 1.0 1.0 1 0 0 0.0 1.0 0
cell 5.716583564788967 145.10312104265006 0.0 2.23606797749979 0.4472135954999579 1 0 0 0.9966040870125467 0.08234253912704198 2.9767209030098662
cell 51.460082778874174 49.91147550936206 0.0 1.0 1.0 1 0 0 0.0 1.0 0
cell 36.6636958215215 24.59858219419382 0.0 1.0 1.0 1 0 0 0.0 1.0 0
cell 22.340425870023164 149.9318702340485 0.0 2.23606797749979 0.4472135954999579 1 0 0 0.9969198168395624 -0.07842753848345127 3.2986089766968196
cell 184.74015228253785 47.751831246502825 0.0 2.23606797749979 0.4472135954999579 1 0 0 0.5280653914225633 -0.8492037107677609 5.170543700882643
cell 162.41938908575904 49.94504223734414 0.0 1.0 1.0 1 0 0 0.0 1.0 0
cell 74.85134334329976 52.16051495902551 0.0 1.0 1.0 1 0 0 0.0 1.0 0
cell 17.638502890407626 12.874251682637064 0.0 2.23606797749979 0.4472135954999579 1 0 0 -0.14284092532866424 0.9897456592737606 5.996522940510618
cell 27.73561639220117 7.397957130935627 0.0 2.23606797749979 0.4472135954999579 1 0 0 0.13956268832271365 0.9902132376554744 0.28003953421438504
cell 23.79731822053428 37.18106015811576 0.0 1.0 1.0 1 0 0 0.0 1.0 0
cell 56.622187458193125 184.059885925438 0.0 1.0 1.0 1 0 0 0.0 1.0 0
cell 100.44188470163726 18.581159771333606 0.0 1.0 1.0 1 0 0 0.0 1.0 0
cell 18.823264895693647 69.88479746786345 0.0 2.23606797749979 0.4472135954999579 1 0 0 0.9976276120047286 -0.06884146835841559 3.2793845728485955
cell 85.73256724406102 187.82193004800516 0.0 2.23606797749979 0.4472135954999579 1 0 0 0.9199178818697531 0.3921110692345562 2.3357420161035147
cell 79.68152590631166 24.167688792910386 0.0 1.0 1.0 1 0 0 0.0 1.0 0
cell 111.91907805143896 22.99118140809186 0.0 1.0 1.0 1 0 0 0.0 1.0 0
cell 65.42931103290364 33.750198243297255 0.0 1.0 1.0 1 0 0 0.0 1.0 0
cell 16.17509731067326 143.1499015024741 0.0 2.23606797749979 0.4472135954999579 1 0 0 -0.9634092081052218 -0.2680348815696746 2.5988872610235934
cell 91.06549025824741 78.83739742050197 0.0 2.23606797749979 0.4472135954999579 1 0 0 -0.12395436461100653 -0.9922879196553194 0.248547999043498
cell 83.13044933026688 66.70902834520291 0.0 2.23606797749979 0.4472135954999579 1 0 0 0.3744023354580746 0.9272663539693109 0.7675042918723181
cell 113.36357659531008 9.266276053204638 0.0 1.0 1.0 1 0 0 0.0 1.0 0
cell 24.073935928605625 157.1890660460209 0.0 2.23606797749979 0.4472135954999579 1 0 0 -0.1109299399813598 0.9938282288281672 6.060867874649677
cell 103.38893100019558 39.091915883667454 0.0 1.0 1.0 1 0 0 0.0 1.0 0
cell 106.836536098371 89.75443660203454 0.0 1.0 1.0 1 0 0 0.0 1.0 0
cell 97.57700642543378 46.25652097875988 0.0 1.0 1.0 1 0 0 0.0 1.0 0
cell 130.40397476988778 4.997457127670947 0.0 1.0 1.0 1 0 0 0.0 1.0 0
cell 44.899228100054536 48.9261565789325 0.0 1.0 1.0 1 0 0 0.0 1.0 0
cell 180.46671492449389 88.10011115850827 0.0 2.23606797749979 0.4472135954999579 1 0 0 -0.17500638792315348 0.9845672979467126 5.931360794757003
cell 43.055254334464465 24.980911877521674 0.0 1.0 1.0 1 0 0 0.0 1.0 0
cell 17.03257058547572 97.80844944883562 0.0 2.23606797749979 0.4472135954999579 1 0 0 0.9846977221012159 0.17427104202556618 2.791261786473298
cell 34.866571803310585 4.902749246235019 0.0 2.23606797749979 0.4472135954999579 1 0 0 0.3548421016847708 0.9349262446160845 0.7254903466620302
cell 33.57646239902269 27.84651260145531 0.0 1.0 1.0 1 0 0 0.0 1.0 0
cell 36.72844061366119 141.39809742669 0.0 2.23606797749979 0.4472135954999579 1 0 0 0.9361303651585331 0.3516531521658115 2.4229197306540464
cell 14.105283484436931 49.879922925747636 0.0 1.0 1.0 1 0 0 0.0 1.0 0
cell 111.22849561561158 47.80438420491133 0.0 1.0 1.0 1 0 0 0.0 1.0 0
cell 27.220498489019185 117.71461530503991 0.0 2.23606797749979 0.4472135954999579 1 0 0 0.4303562639278646 0.9026591195451638 0.8897748450147793
cell 103.25192684714591 73.25475323110935 0.0 2.23606797749979 0.4472135954999579 1 0 0 -0.25659208518991905 -0.9665197886323328 0.5189891577967352
cell 82.55207105082926 186.07877578105993 0.0 2.23606797749979 0.4472135954999579 1 0 0 0.9131182901119953 0.4076947243501515 2.301736621280415
cell 147.92823827485734 146.8650875053703 0.0 1.0 1.0 1 0 0 0.0 1.0 0
cell 114.70534367876745 29.388445654462092 0.0 1.0 1.0 1 0 0 0.0 1.0 0
cell 115.72424286284549 185.55700464387536 0.0 1.0 1.0 1 0 0 0.0 1.0 0
cell 147.2926510322806 104.2594373719153 0.0 2.23606797749979 0.4472135954999579 1 0 0 -0.3212102063748628 -0.9470079214666676 0.6540142743003328
cell 124.59149954041595 133.52440163730893 0.0 1.0 1.0 1 0 0 0.0 1.0 0
cell 91.83940191113166 81.19893801276561 0.0 2.23606797749979 0.4472135954999579 1 0 0 -0.1149568824000537 -0.9933704823422429 0.2304231884040524
cell 140.6308003605611 100.00957822164824 0.0 2.23606797749979 0.4472135954999579 1 0 0 -0.2632274861741078 -0.9647337925679083 0.5327323035737139
cell 83.56193514778944 177.70541506169133 0.0 2.23606797749979 0.4472135954999579 1 0 0 0.8813082724788576 0.4725417747250838 2.157247357335341
cell 137.96723765308104 45.87631644889552 0.0 2.23606797749979 0.4472135954999579 1 0 0 0.9980318766819227 -0.06270863677962885 3.2670922708645933
cell 119.58979098806151 110.06250332612663 0.0 1.0 1.0 1 0 0 0.0 1.0 0
cell 112.20161517404645 97.25680036461314 0.0 1.0 1.0 1 0 0 0.0 1.0 0
cell 36.59937030961661 127.52534099782494 0.0 2.23606797749979 0.4472135954999579 1 0 0 0.8443358991969836 0.5358142302395683 2.010649060857059
cell 128.917668347704 167.08896468762583 0.0 1.0 1.0 1 0 0 0.0 1.0 0
cell 121.18262380411812 14.182545729035782 0.0 1.0 1.0 1 0 0 0.0 1.0 0
cell 150.31168706324922 9.46096227540815 0.0 1.0 1.0 1 0 0 0.0 1.0 0
cell 31.018212367612588 44.94967137288027 0.0 1.0 1.0 1 0 0 0.0 1.0 0
cell 89.4055426268367 46.443388032380156 0.0 1.0 1.0 1 0 0 0.0 1.0 0
cell 78.83858313418504 33.21973786992532 0.0 1.0 1.0 1 0 0 0.0 1.0 0
cell 99.91375951610752 36.97946684423168 0.0 1.0 1.0 1 0 0 0.0 1.0 0
cell 79.86065533497607 2.247778871946598 0.0 2.23606797749979 0.4472135954999579 1 0 0 0.9084973222800842 0.4178906739925132 2.2793480490704705
cell 14.626419362060485 30.006724145233665 0.0 1.0 1.0 1 0 0 0.0 1.0 0
cell 44.39695609149206 142.16061485592363 0.0 2.23606797749979 0.4472135954999579 1 0 0 0.9594978256773895 0.28171603170632986 2.5704284347709434
cell 104.69866043859614 41.71626899140312 0.0 1.0 1.0 1 0 0 0.0 1.0 0
cell 152.67064578880877 61.644286515325724 0.0 1.0 1.0 1 0 0 0.0 1.0 0
cell 140.27175224075285 79.9491424118567 0.0 1.0 1.0 1 0 0 0.0 1.0 0
cell 145.8999953077438 45.373318862709226 0.0 2.23606797749979 0.4472135954999579 1 0 0 0.9912207862970145 0.13221706702513214 2.876381950530034
cell 18.049488341695813 111.98875642619245 0.0 2.23606797749979 0.4472135954999579 1 0 0 -0.67094663194078 -0.7415056419794279 1.4709693722798365
cell 35.18048710366688 28.183067681459992 0.0 1.0 1.0 1 0 0 0.0 1.0 0
cell 46.07130950264452 16.872417537844335 0.0 2.23606797749979 0.4472135954999579 1 0 0 -0.3967983007595313 -0.9179058276938591 0.8160523153461572
cell 184.3357755850033 121.64867340301905 0.0 2.23606797749979 0.4472135954999579 1 0 0 0.9016560840716322 -0.4324538195652914 4.036017583441866
cell 185.52960988873144 37.09450049956245 0.0 2.23606797749979 0.4472135954999579 1 0 0 0.27598394027334194 -0.9611622468195473 5.723958806016922
cell 27.03800433890671 64.92740173755817 0.0 1.0 1.0 1 0 0 0.0 1.0 0
cell 127.00270150562973 54.21793290492786 0.0 1.0 1.0 1 0 0 0.0 1.0 0
cell 159.2863534642404 64.34736365381441 0.0 1.0 1.0 1 0 0 0.0 1.0 0
cell 135.82698969546806 157.49813035128358 0.0 1.0 1.0 1 0 0 0.0 1.0 0
cell 56.50285861844282 33.04278999428046 0.0 2.23606797749979 0.4472135954999579 1 0 0 0.936528848984655 0.350590523288176 2.4251895056468635
cell 112.7314552521235 81.91201354946506 0.0 2.23606797749979 0.4472135954999579 1 0 0 0.21824599038539866 0.9758937891393185 0.4400335431458167
cell 119.54424688240913 120.2433425131253 0.0 1.0 1.0 1 0 0 0.0 1.0 0
cell 19.265530185906727 41.27794364093961 0.0 1.0 1.0 1 0 0 0.0 1.0 0
cell 120.61977354636446 76.27050587526327 0.0 1.0 1.0 1 0 0 0.0 1.0 0
cell 131.74705203979354 18.89979408133414 0.0 1.0 1.0 1 0 0 0.0 1.0 0
cell 116.35957327392242 63.33261886074928 0.0 1.0 1.0 1 0 0 0.0 1.0 0
cell 30.144451203341987 48.35444873655892 0.0 1.0 1.0 1 0 0 0.0 1.0 0
cell 25.318212031454937 155.97066812549198 0.0 2.23606797749979 0.4472135954999579 1 0 0 0.9994562571247348 0.0329725657815074 3.075635567028078
cell 107.93618609722832 25.14492257522341 0.0 1.0 1.0 1 0 0 0.0 1.0 0
cell 54.41578816663585 67.40107526063612 0.0 1.0 1.0 1 0 0 0.0 1.0 0
cell 154.04322062802282 144.63952091436227 0.0 1.0 1.0 1 0 0 0.0 1.0 0
cell 18.26549782232979 104.23944414483478 0.0 2.23606797749979 0.4472135954999579 1 0 0 -0.5917595428715141 -0.8061145349269523 1.2664796841219905
cell 145.18223699123152 178.3259541761662 0.0 1.0 1.0 1 0 0 0.0 1.0 0
cell 82.95575341652312 27.246794411125315 0.0 1.0 1.0 1 0 0 0.0 1.0 0
cell 26.336827768087105 137.60280962835816 0.0 2.23606797749979 0.4472135954999579 1 0 0 0.795266095961741 0.6062605352600241 1.8388927335670104
cell 16.38044910990504 51.399644618210566 0.0 2.23606797749979 0.4472135954999579 1 0 0 0.8375355377212156 0.5463828539165869 1.9855140015618051
cell 114.20444447551269 0.06631733259219395 0.0 1.0 1.0 1 0 0 0.0 1.0 0
cell 173.74995441777398 49.92370666027308 0.0 2.23606797749979 0.4472135954999579 1 0 0 0.45561124224779653 0.890178856150504 0.9461174892359686
cell 151.97278178267788 39.66392074279001 0.0 1.0 1.0 1 0 0 0.0 1.0 0
cell 139.93762602041795 98.24381976168559 0.0 2.23606797749979 0.4472135954999579 1 0 0 0.26773189382205254 0.9634934525104243 0.5420764293054858
cell 113.24083300508752 92.92794712056605 0.0 1.0 1.0 1 0 0 0.0 1.0 0
cell 126.16837616726038 92.80104568215748 0.0 2.23606797749979 0.4472135954999579 1 0 0 -0.2282509992996391 -0.9736023219563089 0.4605617627608778
cell 141.42182660101543 26.681453052993813 0.0 1.0 1.0 1 0 0 0.0 1.0 0
cell 154.07392325085252 22.642857391863224 0.0 1.0 1.0 1 0 0 0.0 1.0 0
cell 36.0292787452315 110.08646455996971 0.0 2.23606797749979 0.4472135954999579 1 0 0 0.7732006775265877 0.6341614244594398 1.7677456814674446
cell 145.8626843876209 107.13254337731541 0.0 2.23606797749979 0.4472135954999579 1 0 0 -0.3203668965125045 -0.9472935403658922 0.6522335444141163
cell 97.50879202822068 60.71486313221054 0.0 1.0 1.0 1 0 0 0.0 1.0 0
cell 149.91054095519536 75.09086991641958 0.0 1.0 1.0 1 0 0 0.0 1.0 0
cell 95.72776453109066 112.93957412315609 0.0 1.0 1.0 1 0 0 0.0 1.0 0
cell 24.58611877216364 30.7659673852041 0.0 1.0 1.0 1 0 0 0.0 1.0 0
cell 85.6607514985889 176.80073981681258 0.0 2.23606797749979 0.4472135954999579 1 0 0 0.9081878360666177 0.41856284405168415 2.2778680567329768
cell 82.69804802329269 77.76381931506721 0.0 2.23606797749979 0.4472135954999579 1 0 0 -0.146004925682797 -0.9892838630425349 0.2930574156011492
cell 15.402457546058807 95.05493076741999 0.0 2.23606797749979 0.4472135954999579 1 0 0 0.9817994142298342 0.1899207998560309 2.759429698497244
cell 24.0904479198114 59.94205405260202 0.0 2.23606797749979 0.4472135954999579 1 0 0 0.9755846567396307 0.2196237180593592 2.698735143931874
cell 109.68251469053777 20.245460556875592 0.0 1.0 1.0 1 0 0 0.0 1.0 0
cell 176.7366870895375 82.06131872586873 0.0 2.23606797749979 0.4472135954999579 1 0 0 0.995628487430134 -0.09340190050305987 3.328669136523258
cell 126.92579425662377 1.360444443635733 0.0 1.0 1.0 1 0 0 0.0 1.0 0
cell 136.63203363184877 74.4442909179018 0.0 1.0 1.0 1 0 0 0.0 1.0 0
cell 15.043912182925311 54.95092750336353 0.0 2.23606797749979 0.4472135954999579 1 0 0 0.8544871601162289 0.5194725143802146 2.0491256090665195
cell 32.509985011296884 26.88302822772908 0.0 1.0 1.0 1 0 0 0.0 1.0 0
cell 28.542788841954128 75.40556718036456 0.0 2.23606797749979 0.4472135954999579 1 0 0 0.9808925492640322 -0.19455026804995196 3.5331905270383857
cell 141.63464467198577 119.58876759521253 0.0 1.0 1.0 1 0 0 0.0 1.0 0
cell 177.99604937310247 138.86660722830132 0.0 2.23606797749979 0.4472135954999579 1 0 0 -0.017153995447525442 -0.9998528593949143 0.034309673693607934
cell 94.48769882186073 1.3696943669357293 0.0 1.0 1.0 1 0 0 0.0 1.0 0
cell 121.1517626678063 124.11226502539282 0.0 1.0 1.0 1 0 0 0.0 1.0 0
cell 82.17995408801703 112.80936256048952 0.0 1.0 1.0 1 0 0 0.0 1.0 0
cell 44.01013722528578 144.01186660800067 0.0 2.23606797749979 0.4472135954999579 1 0 0 0.9535504688125739 0.30123330398101844 2.5296211112460982
cell 74.4822641579326 76.14065430534927 0.0 1.0 1.0 1 0 0 0.0 1.0 0
cell 99.75637118176094 79.26040181089598 0.0 2.23606797749979 0.4472135954999579 1 0 0 -0.17211108497607958 -0.9850775474186572 0.34594466891981046
cell 142.2504104459862 5.695561766653886 0.0 1.0 1.0 1 0 0 0.0 1.0 0
cell 119.2968419469046 123.54991680063723 0.0 1.0 1.0 1 0 0 0.0 1.0 0
cell 86.85190131611068 15.112860371100423 0.0 1.0 1.0 1 0 0 0.0 1.0 0
cell 138.34547562864796 126.36154525600607 0.0 1.0 1.0 1 0 0 0.0 1.0 0
cell 16.80613587320109 30.812121954308008 0.0 2.23606797749979 0.4472135954999579 1 0 0 -0.21560176752386706 0.9764813760848613 5.8485692089836325
cell 36.00064589298323 26.43952245388374 0.0 1.0 1.0 1 0 0 0.0 1.0 0
cell 6.908921822341866 131.70169234074896 0.0 2.23606797749979 0.4472135954999579 1 0 0 0.945358515239462 -0.32603263282107176 3.8058003363411745
cell 66.73320073175121 171.25705845853182 0.0 1.0 1.0 1 0 0 0.0 1.0 0
cell 129.8988153420179 152.45449011569934 0.0 1.0 1.0 1 0 0 0.0 1.0 0
cell 173.5082407307286 132.29542427288106 0.0 2.23606797749979 0.4472135954999579 1 0 0 -0.5045423468776479 -0.8633869469752222 1.057703631901659
cell 93.93113398430451 61.119496571712155 0.0 1.0 1.0 1 0 0 0.0 1.0 0
cell 79.02664512098669 181.83658103098279 0.0 2.23606797749979 0.4472135954999579 1 0 0 0.8623446725111101 0.5063217018770836 2.0797647317955614
cell 72.14870095443517 65.90459922491797 0.0 2.23606797749979 0.4472135954999579 1 0 0 -0.2980419494380638 -0.9545527729649936 0.6052814398433481
cell 126.59641675616949 129.9364517153828 0.0 1.0 1.0 1 0 0 0.0 1.0 0
cell 71.12693818265629 39.38312841153943 0.0 1.0 1.0 1 0 0 0.0 1.0 0
cell 173.68448798435915 27.94328727990852 0.0 2.23606797749979 0.4472135954999579 1 0 0 0.1755587311302214 -0.9844689593501394 5.930238736815138
cell 125.63527840103637 34.360581740047095 0.0 1.0 1.0 1 0 0 0.0 1.0 0
cell 79.42255810173792 9.456503569299363 0.0 2.23606797749979 0.4472135954999579 1 0 0 0.9287042659011245 0.3708212325326765 2.3818063685499884
cell 56.41098449719496 96.1413782258359 0.0 2.23606797749979 0.4472135954999579 1 0 0 0.9189443919164255 -0.39438712525303227 3.9523942977688384
cell 162.9527306361563 102.67616029538947 0.0 1.0 1.0 1 0 0 0.0 1.0 0
cell 89.99760774483933 165.7782904610316 0.0 1.0 1.0 1 0 0 0.0 1.0 0
cell 2.9427357084018473 125.76921549344819 0.0 2.23606797749979 0.4472135954999579 1 0 0 0.9558244273891473 -0.29393819759638035 3.7382815588725395
cell 165.334025866553 131.01534948731478 0.0 2.23606797749979 0.4472135954999579 1 0 0 0.9583208398385544 -0.28569418602962093 3.7210541086158853
cell 157.0300165822795 50.79914759860746 0.0 1.0 1.0 1 0 0 0.0 1.0 0
cell 80.14492137535007 93.33224394131425 0.0 1.0 1.0 1 0 0 0.0 1.0 0
cell 62.57099420607934 95.54660960435974 0.0 1.0 1.0 1 0 0 0.0 1.0 0
cell 130.24951509912967 11.843672773386714 0.0 1.0 1.0 1 0 0 0.0 1.0 0
cell 153.77178195410488 48.602169580354385 0.0 1.0 1.0 1 0 0 0.0 1.0 0
cell 175.7290614003359 110.92906102318813 0.0 2.23606797749979 0.4472135954999579 1 0 0 0.9209479286175049 -0.3896856589292545 3.942173142892412
cell 159.1888011898851 114.54456798236369 0.0 2.23606797749979 0.4472135954999579 1 0 0 0.4388046992735402 0.89858245915189 0.9085360672588597
cell 13.15187701840109 143.00035828416478 0.0 2.23606797749979 0.4472135954999579 1 0 0 0.9715386639303399 0.23688103446339898 2.6632841493818833
cell 146.95443795776842 5.219365818125956 0.0 1.0 1.0 1 0 0 0.0 1.0 0
cell 92.27320975777151 131.6732277988355 0.0 1.0 1.0 1 0 0 0.0 1.0 0
cell 139.9688721656134 10.062355110835748 0.0 1.0 1.0 1 0 0 0.0 1.0 0
cell 57.457505625674685 64.80637243170175 0.0 1.0 1.0 1 0 0 0.0 1.0 0
cell 99.46755776683761 0.2788354306371174 0.0 1.0 1.0 1 0 0 0.0 1.0 0
cell 179.17209286818968 166.27033204807162 0.0 2.23606797749979 0.4472135954999579 1 0 0 0.03285378146499645 -0.9994601688128698 6.21746591803199
cell 118.86348762372982 32.24001376039797 0.0 1.0 1.0 1 0 0 0.0 1.0 0
cell 131.2902730630197 76.66534533410557 0.0 1.0 1.0 1 0 0 0.0 1.0 0
cell 120.69566690012392 32.48207508855367 0.0 1.0 1.0 1 0 0 0.0 1.0 0
cell 185.41364853652055 160.81394612770757 0.0 2.23606797749979 0.4472135954999579 1 0 0 0.20100323347581453 -0.9795905778090493 5.878421409432393
cell 150.40156639777913 164.38072414496986 0.0 1.0 1.0 1 0 0 0.0 1.0 0
cell 55.90548861766141 21.788818692946062 0.0 2.23606797749979 0.4472135954999579 1 0 0 0.8242575862792627 0.5662150046237593 1.9377795177178838
cell 25.870361840098905 54.98163454811225 0.0 2.23606797749979 0.4472135954999579 1 0 0 0.953531658834273 0.3012928402746395 2.529496237140807
cell 119.40001959147811 36.882998949349535 0.0 1.0 1.0 1 0 0 0.0 1.0 0
cell 28.04537881051419 138.2503323801731 0.0 2.23606797749979 0.4472135954999579 1 0 0 0.8081418449836653 0.5889879102209123 1.8819808498405015
cell 49.25738222137785 68.00629068073066 0.0 1.0 1.0 1 0 0 0.0 1.0 0
cell 100.54240549848694 23.431507338298907 0.0 1.0 1.0 1 0 0 0.0 1.0 0
cell 64.51660897224536 2.431616543453085 0.0 1.0 1.0 1 0 0 0.0 1.0 0
cell 88.57718882267606 19.0786424623261 0.0 1.0 1.0 1 0 0 0.0 1.0 0
cell 50.51344560949192 18.294481197730303 0.0 1.0 1.0 1 0 0 0.0 1.0 0
cell 69.47431562449837 137.06127031758476 0.0 2.23606797749979 0.4472135954999579 1 0 0 0.4261789217603096 0.9046388929552056 0.8805293643035658
cell 113.77976474849166 61.17753405936046 0.0 1.0 1.0 1 0 0 0.0 1.0 0
cell 160.0656604834486 134.26114815638752 0.0 2.23606797749979 0.4472135954999579 1 0 0 -0.2333885016735947 -0.9723835700414495 0.4711219429949143
cell 67.62150032402928 129.5242613188715 0.0 2.23606797749979 0.4472135954999579 1 0 0 0.837316917802117 -0.5467178240759696 4.298471304814873
cell 155.6959490304277 111.87832440352987 0.0 2.23606797749979 0.4472135954999579 1 0 0 0.43459971180310164 0.9006237230390176 0.8991875448806554
cell 6.1943910208343 76.26723907155132 0.0 2.23606797749979 0.4472135954999579 1 0 0 0.8464365752207629 0.5324895530698662 2.0185145139205707
cell 161.34312346076075 61.69010918589269 0.0 1.0 1.0 1 0 0 0.0 1.0 0
cell 44.12418252287377 110.00943546114604 0.0 2.23606797749979 0.4472135954999579 1 0 0 0.9659889729138244 -0.2585832635900762 3.6647032471805394
cell 150.3307988740878 94.31505918642824 0.0 1.0 1.0 1 0 0 0.0 1.0 0
cell 54.58578339332414 6.219171834328822 0.0 1.0 1.0 1 0 0 0.0 1.0 0
cell 129.21154324399544 65.74022702865236 0.0 1.0 1.0 1 0 0 0.0 1.0 0
cell 142.23382733937598 61.404616645243244 0.0 1.0 1.0 1 0 0 0.0 1.0 0
cell 52.969074256676755 68.82776138213742 0.0 1.0 1.0 1 0 0 0.0 1.0 0
cell 180.47375655806374 129.6879403373623 0.0 2.23606797749979 0.4472135954999579 1 0 0 0.9840885901969966 -0.17767849235089692 3.4988464597815367
cell 78.23366826952137 56.70798471929115 0.0 1.0 1.0 1 0 0 0.0 1.0 0
cell 67.95105025744179 81.69572001148904 0.0 1.0 1.0 1 0 0 0.0 1.0 0
cell 19.683720580777003 54.60778444373493 0.0 2.23606797749979 0.4472135954999579 1 0 0 0.895616422713919 0.444827183707474 2.2196300662803132
cell 106.47282537323852 55.473517188944186 0.0 1.0 1.0 1 0 0 0.0 1.0 0
cell 58.080633912418676 41.15729326156253 0.0 1.0 1.0 1 0 0 0.0 1.0 0
cell 107.64871189095587 78.01750331375617 0.0 2.23606797749979 0.4472135954999579 1 0 0 0.2407114381328341 0.9705967255003608 0.4861975498918691
cell 33.340528891201046 24.086474049220225 0.0 1.0 1.0 1 0 0 0.0 1.0 0
cell 139.9913097578018 64.07740209905187 0.0 1.0 1.0 1 0 0 0.0 1.0 0
cell 162.78723086418978 26.42422525920131 0.0 2.23606797749979 0.4472135954999579 1 0 0 0.20636084426580162 -0.9784759588022107 5.867476740659009
cell 89.23430028640917 9.948167559257895 0.0 1.0 1.0 1 0 0 0.0 1.0 0
cell 104.52533429633085 134.9193861307469 0.0 2.23606797749979 0.4472135954999579 1 0 0 0.9421615732636744 0.33515902175731105 2.4580446356065866
cell 150.31816683798002 32.995807906665895 0.0 2.23606797749979 0.4472135954999579 1 0 0 -0.0030695723795734833 0.9999952888516058 6.277046152779614
cell 152.47468946331364 21.677240872830517 0.0 1.0 1.0 1 0 0 0.0 1.0 0
cell 79.50322400679431 147.8426167959392 0.0 2.23606797749979 0.4472135954999579 1 0 0 0.30356032157892704 -0.9528122224042356 5.666331133733482
cell 32.34084858750497 19.799604774701752 0.0 2.23606797749979 0.4472135954999579 1 0 0 0.2551485865706424 0.966901855811128 0.5160027458979844
cell 33.290603598781296 114.24090718373306 0.0 2.23606797749979 0.4472135954999579 1 0 0 0.5974964981331875 0.8018715200819754 1.2807507803217577
cell 164.3934108210763 123.40025000610014 0.0 2.23606797749979 0.4472135954999579 1 0 0 -0.12259848340479507 0.9924563526255672 6.0373699140727215
cell 114.58268693051431 64.24918799276635 0.0 1.0 1.0 1 0 0 0.0 1.0 0
cell 81.28185649273726 21.78768399952673 0.0 1.0 1.0 1 0 0 0.0 1.0 0
cell 145.84667686682937 94.85180937256065 0.0 1.0 1.0 1 0 0 0.0 1.0 0
cell 156.9223570663939 173.1448470824985 0.0 1.0 1.0 1 0 0 0.0 1.0 0
cell 25.535788334738577 37.56688779066938 0.0 1.0 1.0 1 0 0 0.0 1.0 0
cell 84.63277874683381 51.13695081722749 0.0 1.0 1.0 1 0 0 0.0 1.0 0
cell 92.36891873836879 143.18323762496027 0.0 2.23606797749979 0.4472135954999579 1 0 0 -0.19647631519233058 0.980508570879645 5.8876595344277485
cell 90.40652572381637 87.75045161767922 0.0 1.0 1.0 1 0 0 0.0 1.0 0
cell 20.570666823844405 150.84725203488745 0.0 2.23606797749979 0.4472135954999579 1 0 0 0.9951547157193084 -0.09832136991327214 3.3385536068944632
cell 64.44805110339226 98.41731307542857 0.0 1.0 1.0 1 0 0 0.0 1.0 0
cell 159.6047527074843 106.63978776353919 0.0 1.0 1.0 1 0 0 0.0 1.0 0
cell 146.01260235883993 37.323144039100235 0.0 2.23606797749979 0.4472135954999579 1 0 0 -0.07512145276434574 0.9971743916359737 6.132800732313633
cell 123.3450201751645 26.430610044020316 0.0 1.0 1.0 1 0 0 0.0 1.0 0
cell 115.2745029192634 72.36924232019491 0.0 1.0 1.0 1 0 0 0.0 1.0 0
cell 111.23540373363129 186.99142827567377 0.0 1.0 1.0 1 0 0 0.0 1.0 0
cell 101.41651193725394 101.20344795100291 0.0 1.0 1.0 1 0 0 0.0 1.0 0
cell 33.50273425900154 50.84788312078359 0.0 1.0 1.0 1 0 0 0.0 1.0 0
cell 46.71263407524139 73.63992045754945 0.0 1.0 1.0 1 0 0 0.0 1.0 0
cell 34.60815824649291 126.33933995211062 0.0 2.23606797749979 0.4472135954999579 1 0 0 0.7446956797470018 0.6674041838092948 1.6801574981649419
cell 51.93536552711367 51.5675066094255 0.0 1.0 1.0 1 0 0 0.0 1.0 0
cell 77.26561545111552 11.237916369927795 0.0 2.23606797749979 0.4472135954999579 1 0 0 0.9123757860404711 0.40935366744055496 2.29810156673733
cell 9.696328147035466 163.0076261618511 0.0 2.23606797749979 0.4472135954999579 1 0 0 0.999342713104747 -0.036251093286181646 3.2141107292520816
cell 94.10168479676639 113.74247629960789 0.0 1.0 1.0 1 0 0 0.0 1.0 0
cell 143.44715180615347 151.58503117174618 0.0 2.23606797749979 0.4472135954999579 1 0 0 0.32527410906358417 0.94561977241008 0.6626031720666026
cell 180.6113948565682 36.77480849519039 0.0 2.23606797749979 0.4472135954999579 1 0 0 0.9692374587066426 0.24612750484228565 2.644227030302517
cell 121.03030635573384 166.91025764061285 0.0 1.0 1.0 1 0 0 0.0 1.0 0
cell 27.332138010352086 133.26935696802101 0.0 1.0 1.0 1 0 0 0.0 1.0 0
cell 0.8721418044699832 34.54665388000574 0.0 2.23606797749979 0.4472135954999579 1 0 0 0.517203887802928 -0.8558622193095897 5.1960239043553225
cell 65.3473293558499 176.3796151734891 0.0 1.0 1.0 1 0 0 0.0 1.0 0
cell 106.28636140796864 69.60755117618744 0.0 1.0 1.0 1 0 0 0.0 1.0 0
cell 136.59864360998924 4.723777103875575 0.0 1.0 1.0 1 0 0 0.0 1.0 0
cell 92.9672938754429 29.78484710805046 0.0 1.0 1.0 1 0 0 0.0 1.0 0
cell 41.01177322673753 34.82173084788022 0.0 2.23606797749979 0.4472135954999579 1 0 0 -0.9734868562616344 -0.2287429576748534 2.6800202368326858
cell 143.69765603532804 145.18470124851228 0.0 2.23606797749979 0.4472135954999579 1 0 0 0.8996747914327811 0.43656072849075855 2.238048018157096
cell 49.303131892385196 11.584480325347622 0.0 1.0 1.0 1 0 0 0.0 1.0 0
cell 32.76963532095216 49.4735522222117 0.0 2.23606797749979 0.4472135954999579 1 0 0 0.9330989571419357 0.3596197105007345 2.405872041523525
cell 46.348079706379416 148.6964040707477 0.0 2.23606797749979 0.4472135954999579 1 0 0 0.9417719531687899 -0.3362522687278742 3.8274618720453266
cell 150.28473624496564 50.04069108722185 0.0 1.0 1.0 1 0 0 0.0 1.0 0
cell 110.8834506520251 76.90200269374242 0.0 2.23606797749979 0.4472135954999579 1 0 0 0.24216827687122222 0.9702342632979022 0.48920005443385733
cell 133.4430340327552 25.343795872346718 0.0 1.0 1.0 1 0 0 0.0 1.0 0
cell 120.8221215471812 178.74373514517603 0.0 2.23606797749979 0.4472135954999579 1 0 0 0.9981644407820115 0.0605619448031035 3.0203945995033825
cell 32.368224548898276 31.894414381126083 0.0 1.0 1.0 1 0 0 0.0 1.0 0
cell 95.96084526064169 126.57529981765948 0.0 2.23606797749979 0.4472135954999579 1 0 0 0.9494435886815613 0.3139376879437674 2.50291751713358
cell 105.67426244342315 174.97715815352558 0.0 2.23606797749979 0.4472135954999579 1 0 0 0.9602777785085156 0.2790458530470399 2.575991953614721
cell 167.4390435013592 85.44767682312447 0.0 2.23606797749979 0.4472135954999579 1 0 0 0.5667472779762114 0.8238916936749362 1.2051049444244983
cell 58.933279335517874 81.80336882172446 0.0 1.0 1.0 1 0 0 0.0 1.0 0
cell 89.70127585889921 50.40718707835155 0.0 1.0 1.0 1 0 0 0.0 1.0 0
cell 131.47557716909685 131.54706784197785 0.0 1.0 1.0 1 0 0 0.0 1.0 0
cell 186.94742738166596 172.46034449456403 0.0 2.23606797749979 0.4472135954999579 1 0 0 -0.09766735116526903 -0.9952191158314635 0.19564658971307303
cell 123.51981838867489 0.9656401571907073 0.0 1.0 1.0 1 0 0 0.0 1.0 0
cell 143.8994188917694 185.6495549289531 0.0 2.23606797749979 0.4472135954999579 1 0 0 0.9999134317887876 0.013157846646378198 3.1152762009032426
cell 133.93223886723442 29.023457562010844 0.0 1.0 1.0 1 0 0 0.0 1.0 0
cell 39.70487500746905 47.66292081363461 0.0 1.0 1.0 1 0 0 0.0 1.0 0
cell 83.31095675072146 101.87579693039605 0.0 2.23606797749979 0.4472135954999579 1 0 0 0.5447669157643037 -0.8385875073530776 5.13096302513917
cell 49.17189613333207 134.26046609697764 0.0 2.23606797749979 0.4472135954999579 1 0 0 0.7939385012272733 0.6079980725865757 1.8345193844405805
cell 80.0081865509183 28.180494773134335 0.0 1.0 1.0 1 0 0 0.0 1.0 0
cell 178.99796159044263 80.06033566770526 0.0 2.23606797749979 0.4472135954999579 1 0 0 0.9997568347201359 -0.022051562991655272 3.185699354703836
cell 57.239776416938284 5.246374435075677 0.0 1.0 1.0 1 0 0 0.0 1.0 0
cell 106.77904698854226 78.67226146899343 0.0 2.23606797749979 0.4472135954999579 1 0 0 0.20916427940268997 0.9778805163321097 0.42144051415612227
cell 32.23351702162712 4.795373698157092 0.0 2.23606797749979 0.4472135954999579 1 0 0 0.38930272030434043 0.9211098696483718 0.7997489440172144
cell 130.6421867993703 175.91046726136287 0.0 1.0 1.0 1 0 0 0.0 1.0 0
cell 182.31178205513913 18.15433258942967 0.0 2.23606797749979 0.4472135954999579 1 0 0 0.13907321568743425 -0.9902821015641736 6.004134359235758
cell 71.00313976342444 11.305930494413552 0.0 2.23606797749979 0.4472135954999579 1 0 0 0.8945121031085302 0.4470437309619206 2.214677246212468
cell 134.01426005767541 151.4289990988979 0.0 1.0 1.0 1 0 0 0.0 1.0 0
cell 125.59558753394896 45.06419115284685 0.0 1.0 1.0 1 0 0 0.0 1.0 0
cell 113.54385742837577 23.467563998161893 0.0 1.0 1.0 1 0 0 0.0 1.0 0
cell 166.61305549278617 157.45589588822637 0.0 2.23606797749979 0.4472135954999579 1 0 0 0.18354966744768947 0.9830104371672982 0.36919251915136037
cell 55.551199698060216 37.7778474810766 0.0 2.23606797749979 0.4472135954999579 1 0 0 0.9772915762018596 0.2118989737702494 2.7145573529805294
cell 34.918078285263434 185.14767632545346 0.0 1.0 1.0 1 0 0 0.0 1.0 0
cell 8.279234908837106 181.37804409473193 0.0 2.23606797749979 0.4472135954999579 1 0 0 -0.04937464205989426 -0.9987803285615198 0.09878945094374014
cell 35.23181125441767 39.64680366378011 0.0 2.23606797749979 0.4472135954999579 1 0 0 0.9808056766314579 0.19498775522454737 2.7491027221037974
cell 99.27355809030314 173.52518063755903 0.0 2.23606797749979 0.4472135954999579 1 0 0 0.9630938304129842 0.26916588532064395 2.5965389571830704
cell 84.24267861223612 9.226510235758075 0.0 1.0 1.0 1 0 0 0.0 1.0 0
cell 72.69784461753201 99.07490321878424 0.0 1.0 1.0 1 0 0 0.0 1.0 0
cell 33.95355317851356 149.86780000285856 0.0 2.23606797749979 0.4472135954999579 1 0 0 0.9928806899485592 0.11911312071838738 2.902799461814162
cell 42.46957091936968 26.796084382806733 0.0 2.23606797749979 0.4472135954999579 1 0 0 0.3777996199909615 0.9258873836135176 0.7748372630298569
cell 168.22977273929902 62.313503363911025 0.0 1.0 1.0 1 0 0 0.0 1.0 0
cell 134.9834075157496 52.339141040782586 0.0 1.0 1.0 1 0 0 0.0 1.0 0
cell 10.434834720953956 18.0083605387032 0.0 2.23606797749979 0.4472135954999579 1 0 0 0.31424361586832805 -0.9493423775888227 5.643865700146177
cell 101.02542907864101 21.46518195555909 0.0 1.0 1.0 1 0 0 0.0 1.0 0
cell 109.22123581529772 66.89236997618195 0.0 1.0 1.0 1 0 0 0.0 1.0 0
cell 157.39061617652345 7.560693747812359 0.0 1.0 1.0 1 0 0 0.0 1.0 0
cell 25.14079651660345 116.39193376206144 0.0 2.23606797749979 0.4472135954999579 1 0 0 -0.4665318752247224 -0.8845043863086853 0.9707314482279266
cell 75.35158465683325 84.740497964817 0.0 1.0 1.0 1 0 0 0.0 1.0 0
cell 81.1054257723228 181.41490192526706 0.0 2.23606797749979 0.4472135954999579 1 0 0 0.8878415412344135 0.4601493210453551 2.1852659025251713
cell 108.03126934879167 29.903209950167863 0.0 1.0 1.0 1 0 0 0.0 1.0 0
cell 84.92470755411765 15.219326396758806 0.0 1.0 1.0 1 0 0 0.0 1.0 0
cell 151.21029913713303 84.9358195781033 0.0 1.0 1.0 1 0 0 0.0 1.0 0
cell 82.36121492669265 84.65993098819503 0.0 1.0 1.0 1 0 0 0.0 1.0 0
cell 39.055652046926866 86.86567529095305 0.0 2.23606797749979 0.4472135954999579 1 0 0 0.8623071566248058 0.5063855918503632 2.0796165512244547
cell 76.98458952566155 12.120739010631862 0.0 2.23606797749979 0.4472135954999579 1 0 0 0.9267975729420803 0.3755612583702814 2.3715880751967156
cell 49.199024563800705 157.50637483490894 0.0 2.23606797749979 0.4472135954999579 1 0 0 0.9986229657868162 0.052461149464563636 3.036622167585737
cell 123.46114493613808 150.64207530394654 0.0 1.0 1.0 1 0 0 0.0 1.0 0
cell 143.24928959677536 38.57020845556222 0.0 2.23606797749979 0.4472135954999579 1 0 0 -0.07359165202205283 0.9972884581467215 6.135868827450031
cell 187.90168298792796 74.68852805773328 0.0 2.23606797749979 0.4472135954999579 1 0 0 0.06793921517978312 0.9976894622279796 0.13598317792382544
cell 112.16659532238504 178.21309441431427 0.0 2.23606797749979 0.4472135954999579 1 0 0 0.9961257073416157 0.08794074808168231 2.965483666043642
cell 72.98016233323374 2.51299164651022 0.0 2.23606797749979 0.4472135954999579 1 0 0 0.8621051368165403 0.5067294476094065 2.0788189327992237
cell 180.1593085533177 51.737834223864446 0.0 2.23606797749979 0.4472135954999579 1 0 0 0.8985977000300226 -0.4387734876912615 4.050059252950032
cell 70.57489844387385 127.94009340135797 0.0 2.23606797749979 0.4472135954999579 1 0 0 0.9360746258468842 -0.3518014992088802 3.8605825226793447
cell 141.8108280548651 79.31517943337587 0.0 1.0 1.0 1 0 0 0.0 1.0 0
cell 108.4262719123465 89.23245735297309 0.0 1.0 1.0 1 0 0 0.0 1.0 0
cell 35.403778949061525 183.06275423338235 0.0 2.23606797749979 0.4472135954999579 1 0 0 0.9682812920486955 0.2498626412021392 2.636515865223293
cell 155.9103673374423 21.69342402738434 0.0 1.0 1.0 1 0 0 0.0 1.0 0
cell 85.2098996503598 176.38279060475674 0.0 2.23606797749979 0.4472135954999579 1 0 0 0.8875897030665072 0.46063490858847156 2.184171886561293
cell 143.25911010080273 119.31714597644525 0.0 1.0 1.0 1 0 0 0.0 1.0 0
cell 175.86464850436568 77.21605668876346 0.0 2.23606797749979 0.4472135954999579 1 0 0 0.9999563565299213 -0.009342646060131823 3.1602782175451316
cell 110.65090776384731 69.73128779616563 0.0 1.0 1.0 1 0 0 0.0 1.0 0
cell 65.54651595267887 35.476162681110054 0.0 1.0 1.0 1 0 0 0.0 1.0 0
cell 177.09187700904235 176.91995225740564 0.0 2.23606797749979 0.4472135954999579 1 0 0 0.9973720948324631 -0.07244932331984982 3.286618360434487
cell 67.5414961428779 114.89735008319225 0.0 2.23606797749979 0.4472135954999579 1 0 0 0.3041552797564301 0.9526224676104841 0.6181031444263974
cell 59.576548604388066 20.548978863992527 0.0 2.23606797749979 0.4472135954999579 1 0 0 0.8343224107080429 0.5512768043282066 1.9738050248802634
cell 78.48935451149495 108.7964204563657 0.0 1.0 1.0 1 0 0 0.0 1.0 0
cell 96.6622478802921 47.654341845401525 0.0 1.0 1.0 1 0 0 0.0 1.0 0
cell 160.41029982101827 157.80022136947173 0.0 1.0 1.0 1 0 0 0.0 1.0 0
cell 32.84732892089485 125.40639444297597 0.0 2.23606797749979 0.4472135954999579 1 0 0 -0.7491441081139139 -0.6624070540673677 1.6935380792506285
cell 142.18508556196267 127.04986169369872 0.0 1.0 1.0 1 0 0 0.0 1.0 0
cell 183.25780022779094 149.91000772415134 0.0 2.23606797749979 0.4472135954999579 1 0 0 -0.7155216962871744 -0.698590511059465 1.5947412106076158
cell 73.72906130018157 42.78399959660839 0.0 1.0 1.0 1 0 0 0.0 1.0 0
cell 42.04243664791718 184.86653600251483 0.0 1.0 1.0 1 0 0 0.0 1.0 0
cell 69.32645403848674 92.91285404361317 0.0 1.0 1.0 1 0 0 0.0 1.0 0
cell 99.4596132106281 1.8364904444323178 0.0 1.0 1.0 1 0 0 0.0 1.0 0
cell 35.952203567628665 118.15806745333641 0.0 2.23606797749979 0.4472135954999579 1 0 0 0.7411899748738495 0.6712953307945038 1.6696825653778895
cell 134.40327908986688 8.109732349783208 0.0 1.0 1.0 1 0 0 0.0 1.0 0
cell 71.21583822001298 78.18759843637662 0.0 1.0 1.0 1 0 0 0.0 1.0 0
cell 32.86190294928236 145.57880319094764 0.0 2.23606797749979 0.4472135954999579 1 0 0 0.9764786786887969 0.2156139839300348 2.7069515340809094
cell 120.1174354084956 5.72914362357602 0.0 1.0 1.0 1 0 0 0.0 1.0 0
cell 11.653157496439885 138.16534226963824 0.0 2.23606797749979 0.4472135954999579 1 0 0 0.9999935134307025 0.0036018185017383693 3.134389001010646
cell 184.79905743670685 179.43739360474058 0.0 2.23606797749979 0.4472135954999579 1 0 0 -0.23681317475088287 0.9715552070080258 5.805016497123366
cell 148.63325746883234 10.621067400731533 0.0 1.0 1.0 1 0 0 0.0 1.0 0
cell 63.12958669466632 8.86664203062506 0.0 2.23606797749979 0.4472135954999579 1 0 0 0.29624385008088266 0.955112339617312 0.6015151274905611
cell 85.89495237818768 74.94003405669751 0.0 2.23606797749979 0.4472135954999579 1 0 0 0.2763023755340971 0.9610707556024243 0.55988913728938
cell 112.73372999683482 18.38454784132068 0.0 1.0 1.0 1 0 0 0.0 1.0 0
cell 148.1231904061415 27.500470491706263 0.0 1.0 1.0 1 0 0 0.0 1.0 0
cell 120.23431515450775 100.64217839405964 0.0 1.0 1.0 1 0 0 0.0 1.0 0
cell 87.48801434634221 90.70935851848233 0.0 1.0 1.0 1 0 0 0.0 1.0 0
cell 111.77256289387172 84.76897822081399 0.0 2.23606797749979 0.4472135954999579 1 0 0 -0.19655635316845424 -0.9804925293081624 0.39568903217289897
cell 148.09330584808353 120.07356900259266 0.0 1.0 1.0 1 0 0 0.0 1.0 0
cell 109.83059540739222 181.30994240367002 0.0 1.0 1.0 1 0 0 0.0 1.0 0
cell 127.13027588487425 90.81948427747557 0.0 2.23606797749979 0.4472135954999579 1 0 0 -0.28537333240227375 -0.9584164341003453 0.5787918721287113
cell 127.78645294681716 177.6329887222327 0.0 2.23606797749979 0.4472135954999579 1 0 0 0.9940893319777229 0.1085651880120179 2.9240334683847147
cell 120.09523911626557 72.20760018992893 0.0 1.0 1.0 1 0 0 0.0 1.0 0
cell 107.76481513752591 10.645444428737528 0.0 1.0 1.0 1 0 0 0.0 1.0 0
cell 81.46788564437975 70.42198231130797 0.0 2.23606797749979 0.4472135954999579 1 0 0 -0.37307244928957645 -0.927802213610787 0.7646367192900119
cell 164.92312106647495 120.3754404148103 0.0 2.23606797749979 0.4472135954999579 1 0 0 0.983249890840486 -0.18226259123081842 3.5081668499998346
cell 109.1218488782952 107.94991513601906 0.0 1.0 1.0 1 0 0 0.0 1.0 0
cell 145.53252105582894 110.94408896537871 0.0 2.23606797749979 0.4472135954999579 1 0 0 -0.31205732724687113 -0.9500632739515507 0.6347154559313957
cell 87.33591776932634 10.348193802162768 0.0 1.0 1.0 1 0 0 0.0 1.0 0
cell 96.57036753784865 20.77884151029613 0.0 1.0 1.0 1 0 0 0.0 1.0 0
cell 104.77285102849874 177.2069747503355 0.0 2.23606797749979 0.4472135954999579 1 0 0 0.9706849490865294 0.2403554235229193 2.6561286697962068
cell 39.34890147221903 28.916293605120007 0.0 1.0 1.0 1 0 0 0.0 1.0 0
cell 143.56396996828073 180.0955357162207 0.0 2.23606797749979 0.4472135954999579 1 0 0 0.9864339446183448 0.16415868208746157 2.811782528732399
cell 109.23370516207285 65.49884543162868 0.0 1.0 1.0 1 0 0 0.0 1.0 0
cell 118.30476009937634 175.9014154756984 0.0 2.23606797749979 0.4472135954999579 1 0 0 0.9935146309863516 0.11370434475451491 2.9136910754614713
cell 63.22852404740629 14.284169515861135 0.0 2.23606797749979 0.4472135954999579 1 0 0 0.8537226943108233 0.5207279147680377 2.0461859230354347
cell 40.57078674109005 183.4970564832101 0.0 1.0 1.0 1 0 0 0.0 1.0 0
cell 66.97776922008194 47.938525049908634 0.0 1.0 1.0 1 0 0 0.0 1.0 0
cell 159.32959109659555 149.12175237308884 0.0 1.0 1.0 1 0 0 0.0 1.0 0
cell 28.791063961135873 144.56486306708467 0.0 2.23606797749979 0.4472135954999579 1 0 0 0.9252339989919492 0.3793969518978318 2.3633037930030723
cell 47.0463495648227 39.140371902515504 0.0 2.23606797749979 0.4472135954999579 1 0 0 0.9819326557943217 0.18923070439204687 2.7608353799465823
cell 129.19914109134115 85.17652894818725 0.0 2.23606797749979 0.4472135954999579 1 0 0 0.345216143611343 0.9385232091909675 0.7049381543479668
cell 21.903137339815572 117.6966517816803 0.0 2.23606797749979 0.4472135954999579 1 0 0 -0.35639483810555117 -0.9343354426391616 0.7288130190823399
cell 57.03636893309413 50.7647296611589 0.0 1.0 1.0 1 0 0 0.0 1.0 0
cell 101.17904290642153 115.18894303456626 0.0 1.0 1.0 1 0 0 0.0 1.0 0
cell 25.298293819091306 181.48836479020594 0.0 2.23606797749979 0.4472135954999579 1 0 0 0.9999999945155837 -0.00010473219363481393 3.141802117977446
cell 72.61430130332437 39.336603877143 0.0 1.0 1.0 1 0 0 0.0 1.0 0
cell 181.95485416086862 131.4295059893591 0.0 2.23606797749979 0.4472135954999579 1 0 0 0.9776181071597613 -0.2103873488434263 3.565534973201689
cell 137.14849884865814 110.60125004113112 0.0 1.0 1.0 1 0 0 0.0 1.0 0
cell 155.00067757821202 18.79806461964792 0.0 1.0 1.0 1 0 0 0.0 1.0 0
cell 134.22297665828862 141.56759433063826 0.0 1.0 1.0 1 0 0 0.0 1.0 0
cell 172.49647712706079 95.99269397665584 0.0 2.23606797749979 0.4472135954999579 1 0 0 -0.05543707235149079 0.9984621830640836 6.172254292780501
cell 140.41144952769488 21.9358635577365 0.0 1.0 1.0 1 0 0 0.0 1.0 0
cell 89.8427393440007 110.25156142189186 0.0 1.0 1.0 1 0 0 0.0 1.0 0
cell 59.81847843273748 88.25417788542151 0.0 1.0 1.0 1 0 0 0.0 1.0 0
cell 102.8734316972813 187.41708173973444 0.0 1.0 1.0 1 0 0 0.0 1.0 0
cell 147.83550771646867 63.17928023249076 0.0 1.0 1.0 1 0 0 0.0 1.0 0
cell 44.413646377693524 26.13425604490468 0.0 1.0 1.0 1 0 0 0.0 1.0 0
cell 116.57862571776701 149.25489815728005 0.0 1.0 1.0 1 0 0 0.0 1.0 0
cell 136.84740533827107 97.61365284227767 0.0 2.23606797749979 0.4472135954999579 1 0 0 -0.24005747719713147 -0.9707586763154624 0.4848501182771212
cell 147.31026238490645 22.561530290477105 0.0 1.0 1.0 1 0 0 0.0 1.0 0
cell 57.874844354100375 10.391626281865562 0.0 1.0 1.0 1 0 0 0.0 1.0 0
cell 90.3446696259695 5.497251908621261 0.0 1.0 1.0 1 0 0 0.0 1.0 0
cell 75.35553516419716 29.516089286590997 0.0 1.0 1.0 1 0 0 0.0 1.0 0
cell 72.97030350239231 158.00862601588528 0.0 2.23606797749979 0.4472135954999579 1 0 0 0.5337944928770405 -0.8456142379206627 5.157022296681844
cell 53.70858631396634 31.623868863189923 0.0 2.23606797749979 0.4472135954999579 1 0 0 0.8986902988801841 0.43858379666677766 2.233548225910208
cell 73.078827455797 80.66728322878868 0.0 1.0 1.0 1 0 0 0.0 1.0 0
cell 83.75543302708249 127.27306698003595 0.0 1.0 1.0 1 0 0 0.0 1.0 0
cell 69.18114801399082 5.987838029320779 0.0 2.23606797749979 0.4472135954999579 1 0 0 0.8663988049775097 0.4993526917255411 2.095889674544893
cell 44.41390351554849 28.034135116071212 0.0 1.0 1.0 1 0 0 0.0 1.0 0
cell 71.06730202087826 98.05543929637388 0.0 1.0 1.0 1 0 0 0.0 1.0 0
cell 84.68323373240705 119.27296845991582 0.0 1.0 1.0 1 0 0 0.0 1.0 0
cell 67.52779753760935 92.11566893217271 0.0 1.0 1.0 1 0 0 0.0 1.0 0
cell 95.64902549971809 187.30766019838183 0.0 1.0 1.0 1 0 0 0.0 1.0 0
cell 107.96747690012958 59.63120886668245 0.0 1.0 1.0 1 0 0 0.0 1.0 0
cell 67.77905278634756 55.353313786742 0.0 2.23606797749979 0.4472135954999579 1 0 0 0.435090217353102 0.9003868628337657 0.9002769455576315
cell 116.55421371880976 84.93348817393546 0.0 2.23606797749979 0.4472135954999579 1 0 0 -0.2065476463719147 -0.9784365435623419 0.41609039678702064
cell 130.8664784845708 69.08621565239925 0.0 1.0 1.0 1 0 0 0.0 1.0 0
cell 92.31256396314522 129.04072915446434 0.0 2.23606797749979 0.4472135954999579 1 0 0 0.9664680293369908 0.25678697059912015 2.622200212530269
cell 57.41316074536672 119.93473324105682 0.0 2.23606797749979 0.4472135954999579 1 0 0 0.9964518862867789 -0.08416435299769243 3.310120725693362
cell 166.41377527126153 42.05158175369188 0.0 2.23606797749979 0.4472135954999579 1 0 0 0.9527230265643549 0.3038401465475809 2.524151086199034
cell 117.74545024203144 118.29341036285899 0.0 1.0 1.0 1 0 0 0.0 1.0 0
cell 84.09687487452547 18.329742240408457 0.0 1.0 1.0 1 0 0 0.0 1.0 0
cell 102.28165563904433 44.08973282524661 0.0 1.0 1.0 1 0 0 0.0 1.0 0
cell 20.098886041000387 139.57236071996232 0.0 1.0 1.0 1 0 0 0.0 1.0 0
cell 97.4140189521381 96.49557849295041 0.0 1.0 1.0 1 0 0 0.0 1.0 0
cell 48.455898395081135 58.27520568454226 0.0 2.23606797749979 0.4472135954999579 1 0 0 0.2375711173798182 -0.9713701478771646 5.803456081868953
cell 137.4085092306659 19.793129315396694 0.0 1.0 1.0 1 0 0 0.0 1.0 0
cell 140.597725730185 148.28507779630394 0.0 2.23606797749979 0.4472135954999579 1 0 0 0.25917233175960225 0.9658310941620645 0.5243303099842304
cell 148.79639236694337 23.60105471293108 0.0 1.0 1.0 1 0 0 0.0 1.0 0
cell 55.02502994286027 186.32248438326377 0.0 1.0 1.0 1 0 0 0.0 1.0 0
cell 100.42497339516981 72.90071002753352 0.0 2.23606797749979 0.4472135954999579 1 0 0 -0.2448203687239975 -0.9695684540339821 0.4946688377830659
cell 142.81158365724025 128.63757065067082 0.0 1.0 1.0 1 0 0 0.0 1.0 0
cell 168.95284341961172 46.41615583984104 0.0 2.23606797749979 0.4472135954999579 1 0 0 0.23881254190404444 -0.9710656877005432 5.800899653836757
cell 153.02938332176848 34.52260721638182 0.0 2.23606797749979 0.4472135954999579 1 0 0 -0.01946011044530991 -0.9998106341210101 0.038922677797335936
cell 121.40416184463109 39.8972655661194 0.0 1.0 1.0 1 0 0 0.0 1.0 0
cell 39.38340911390474 18.948079554707682 0.0 2.23606797749979 0.4472135954999579 1 0 0 0.4288977506089295 0.9033530425711758 0.8865444946717423
cell 26.491719214725844 23.894501475238464 0.0 1.0 1.0 1 0 0 0.0 1.0 0
cell 118.75587199852689 16.396431079176015 0.0 1.0 1.0 1 0 0 0.0 1.0 0
cell 153.60738356411238 158.48562698805463 0.0 1.0 1.0 1 0 0 0.0 1.0 0
cell 94.06142233535111 143.24766757757544 0.0 2.23606797749979 0.4472135954999579 1 0 0 0.24854864391794151 -0.9686194152537685 5.780822126335999
cell 157.20480569240203 88.33133351272862 0.0 1.0 1.0 1 0 0 0.0 1.0 0
cell 134.24470942343206 180.52546886230513 0.0 2.23606797749979 0.4472135954999579 1 0 0 0.9940607722133964 0.10882638074706895 2.923507969363292
cell 103.35081426590891 65.47959113312814 0.0 1.0 1.0 1 0 0 0.0 1.0 0
cell 125.78494555683942 73.98679910259415 0.0 1.0 1.0 1 0 0 0.0 1.0 0
cell 78.28371781017609 42.62000278686464 0.0 1.0 1.0 1 0 0 0.0 1.0 0
cell 78.5378683795471 123.46132216764323 0.0 2.23606797749979 0.4472135954999579 1 0 0 0.15648382831792448 0.9876805209555195 0.314259222948965
cell 145.73485949232906 99.03055256741304 0.0 2.23606797749979 0.4472135954999579 1 0 0 -0.32780317893590655 -0.9447460377686239 0.6679546619206294
cell 144.72244305797918 65.69311059037791 0.0 1.0 1.0 1 0 0 0.0 1.0 0
cell 111.83604496105667 160.21240172743228 0.0 2.23606797749979 0.4472135954999579 1 0 0 -0.37760710071187054 0.9259659159450607 5.508763885465979
cell 147.6507992979711 58.5969740835179 0.0 1.0 1.0 1 0 0 0.0 1.0 0
cell 96.79512420693527 9.02058405673698 0.0 1.0 1.0 1 0 0 0.0 1.0 0
cell 91.72403122782802 109.48374423979804 0.0 1.0 1.0 1 0 0 0.0 1.0 0
cell 65.52872468622787 146.92694559744479 0.0 2.23606797749979 0.4472135954999579 1 0 0 0.021627883822307313 0.9997660899637318 0.04325914061293138
cell 146.43454591745044 127.38259481225099 0.0 1.0 1.0 1 0 0 0.0 1.0 0
cell 181.5926338355404 47.324273980681276 0.0 2.23606797749979 0.4472135954999579 1 0 0 0.29038901262709266 -0.9569086797314894 5.693918620674137
cell 80.20713143389968 20.66691604909681 0.0 1.0 1.0 1 0 0 0.0 1.0 0
cell 69.56721582196232 80.75016021095522 0.0 1.0 1.0 1 0 0 0.0 1.0 0
cell 168.54970752433013 82.21959790026358 0.0 2.23606797749979 0.4472135954999579 1 0 0 0.9848529232480079 -0.17339180940821136 3.4901378696268908
cell 84.73985328526385 13.234602920782946 0.0 1.0 1.0 1 0 0 0.0 1.0 0
cell 78.34197249237953 92.50342338709682 0.0 1.0 1.0 1 0 0 0.0 1.0 0
cell 152.51088952665177 175.6996778249669 0.0 1.0 1.0 1 0 0 0.0 1.0 0
cell 123.78301339672966 47.30271019257529 0.0 1.0 1.0 1 0 0 0.0 1.0 0
cell 97.786803341778 185.2825623135812 0.0 2.23606797749979 0.4472135954999579 1 0 0 0.9743280272086182 0.22513306153420026 2.687433450559054
cell 148.5679880950295 107.87075824924099 0.0 2.23606797749979 0.4472135954999579 1 0 0 0.38259318996849406 0.9239169069725545 0.7852028120165372
cell 90.26205324475758 9.098753420710139 0.0 1.0 1.0 1 0 0 0.0 1.0 0
cell 168.57474007078983 96.52931953835879 0.0 2.23606797749979 0.4472135954999579 1 0 0 0.573178057117666 0.8194308481127724 1.2207579794234868
cell 19.518746447010162 132.35754289715882 0.0 1.0 1.0 1 0 0 0.0 1.0 0
cell 104.91645028709713 26.25462086130081 0.0 1.0 1.0 1 0 0 0.0 1.0 0
cell 34.80241352858023 181.48769998686987 0.0 2.23606797749979 0.4472135954999579 1 0 0 0.9836466598285654 0.18010899091413127 2.7793981475205296
cell 142.88751994549708 147.17059642608126 0.0 1.0 1.0 1 0 0 0.0 1.0 0
cell 98.51197484025664 95.13799138406807 0.0 1.0 1.0 1 0 0 0.0 1.0 0
cell 136.57970646644995 2.4894923531740223 0.0 2.23606797749979 0.4472135954999579 1 0 0 0.9986426857325915 -0.0520844144902911 3.24580863811926
cell 127.41417783009248 103.50387321531494 0.0 1.0 1.0 1 0 0 0.0 1.0 0
cell 92.39520568787141 178.36385430478464 0.0 2.23606797749979 0.4472135954999579 1 0 0 0.9596568086551535 0.28117398457504256 2.571558197026005
cell 72.81269846068508 187.18563985905698 0.0 2.23606797749979 0.4472135954999579 1 0 0 0.8414797241242331 0.5402886949472518 2.0000323501355455
cell 116.29368524769329 117.14737265135037 0.0 2.23606797749979 0.4472135954999579 1 0 0 0.34490895595684395 -0.9386361446805466 5.578901732638333
cell 41.42768460333144 40.452096110638564 0.0 2.23606797749979 0.4472135954999579 1 0 0 0.9808060081478764 0.1949860876601913 2.749106122500255
cell 125.47221930554163 182.99939136860857 0.0 2.23606797749979 0.4472135954999579 1 0 0 0.9913497319154827 -0.1312467486496355 3.4048456592277305
cell 146.63880125619917 81.18423148810722 0.0 1.0 1.0 1 0 0 0.0 1.0 0
cell 133.90477995043284 42.14883292852127 0.0 1.0 1.0 1 0 0 0.0 1.0 0
cell 32.634574974515495 52.07723314135739 0.0 1.0 1.0 1 0 0 0.0 1.0 0
cell 140.27314791944966 117.18483996218745 0.0 1.0 1.0 1 0 0 0.0 1.0 0
cell 182.0168369633959 143.9064561694445 0.0 1.0 1.0 1 0 0 0.0 1.0 0
cell 110.77298460458975 86.34048666736679 0.0 2.23606797749979 0.4472135954999579 1 0 0 -0.12259281832678762 -0.992457052418237 0.2458039768345115
cell 118.02063119480441 110.9669318007236 0.0 1.0 1.0 1 0 0 0.0 1.0 0
cell 8.908445767501648 61.547585121691384 0.0 2.23606797749979 0.4472135954999579 1 0 0 0.7866904196489226 0.6173477007591442 1.81085913374584
cell 172.09838111027554 153.04530608634116 0.0 2.23606797749979 0.4472135954999579 1 0 0 0.38076330471016945 0.9246725397599902 0.7812432856568504
cell 86.6183158749008 167.94965440376617 0.0 1.0 1.0 1 0 0 0.0 1.0 0
cell 57.87375098646251 167.79444932427756 0.0 2.23606797749979 0.4472135954999579 1 0 0 0.959169530631114 0.2828317724529697 2.568102360650375
cell 30.447184466639403 127.40864173789214 0.0 2.23606797749979 0.4472135954999579 1 0 0 -0.552722625513143 -0.8333652856016129 1.1712554742201702
cell 108.52636068487249 11.880868452244068 0.0 1.0 1.0 1 0 0 0.0 1.0 0
cell 76.03600373577042 100.73321394315461 0.0 1.0 1.0 1 0 0 0.0 1.0 0
cell 100.28531837181875 131.36683330543153 0.0 2.23606797749979 0.4472135954999579 1 0 0 0.9503910241095093 -0.3110577137639865 3.7742041633400687
cell 64.16912463722825 32.00877422991135 0.0 1.0 1.0 1 0 0 0.0 1.0 0
cell 82.31910962771568 5.070330470824727 0.0 2.23606797749979 0.4472135954999579 1 0 0 0.9205643243302156 0.390590994225998 2.339045660458909
cell 140.46434993436222 72.2893129198619 0.0 1.0 1.0 1 0 0 0.0 1.0 0
cell 62.26032763292634 93.57583075616988 0.0 1.0 1.0 1 0 0 0.0 1.0 0
cell 102.56734025052964 158.61820656038975 0.0 1.0 1.0 1 0 0 0.0 1.0 0
cell 117.78984226462583 115.19227042341554 0.0 2.23606797749979 0.4472135954999579 1 0 0 0.2986501349151613 -0.9543626652982377 5.67662945686351
cell 35.002120753727155 13.069739381943828 0.0 1.0 1.0 1 0 0 0.0 1.0 0
cell 93.17331777229718 186.34615546940768 0.0 2.23606797749979 0.4472135954999579 1 0 0 0.9502113148236692 0.311606253437048 2.5078266894929264
cell 44.161640004551636 20.238867122301496 0.0 1.0 1.0 1 0 0 0.0 1.0 0
cell 122.4060046652367 11.781215686541437 0.0 1.0 1.0 1 0 0 0.0 1.0 0
cell 173.7736234370137 57.472648398109754 0.0 2.23606797749979 0.4472135954999579 1 0 0 0.32433188322788453 -0.9459433542881169 5.622574615817373
cell 94.22436353595255 79.97395054037507 0.0 2.23606797749979 0.4472135954999579 1 0 0 -0.11402160078995546 -0.993478270800774 0.228540243787287
cell 137.31262177853654 86.55813898333419 0.0 1.0 1.0 1 0 0 0.0 1.0 0
cell 96.38161173216156 67.12436674405116 0.0 1.0 1.0 1 0 0 0.0 1.0 0
cell 29.819443759341894 9.726339770947698 0.0 1.0 1.0 1 0 0 0.0 1.0 0
cell 186.43514394368532 2.4510634593938234 0.0 2.23606797749979 0.4472135954999579 1 0 0 0.23106727439549457 -0.9729377753502211 5.8168363055435615
cell 53.67440934620336 51.47256838425773 0.0 1.0 1.0 1 0 0 0.0 1.0 0
cell 135.32562344763727 30.44504186847913 0.0 1.0 1.0 1 0 0 0.0 1.0 0
cell 79.6881316651835 45.58932256333396 0.0 1.0 1.0 1 0 0 0.0 1.0 0
cell 135.89249540960597 35.64994203306118 0.0 1.0 1.0 1 0 0 0.0 1.0 0
cell 129.67807215350595 140.01650130965385 0.0 1.0 1.0 1 0 0 0.0 1.0 0
cell 29.068196795949028 47.8575103998822 0.0 1.0 1.0 1 0 0 0.0 1.0 0
cell 104.17200640504015 150.97076866901511 0.0 1.0 1.0 1 0 0 0.0 1.0 0
cell 2.0312619118339823 94.30725286728659 0.0 2.23606797749979 0.4472135954999579 1 0 0 -0.06045202001858296 0.9981711042079273 6.1622075062158235
cell 77.54574068957666 97.57385324172502 0.0 1.0 1.0 1 0 0 0.0 1.0 0
cell 171.16424918781075 103.6935994247309 0.0 2.23606797749979 0.4472135954999579 1 0 0 0.9978327378584034 -0.06580142291776576 3.2732906545427043
cell 167.2797360360949 78.96495163903307 0.0 2.23606797749979 0.4472135954999579 1 0 0 0.9998852832700686 0.015146626684990776 3.1112982417856663
cell 149.4391547331944 87.4117870985028 0.0 1.0 1.0 1 0 0 0.0 1.0 0
cell 132.9568007475843 111.21360817105221 0.0 1.0 1.0 1 0 0 0.0 1.0 0
cell 19.08052293470202 30.90001602780992 0.0 2.23606797749979 0.4472135954999579 1 0 0 0.26326272407971535 -0.9647241772186119 5.75037995116077
cell 146.3890890571611 187.77522591090792 0.0 2.23606797749979 0.4472135954999579 1 0 0 0.9999026959452951 -0.013949861695752188 3.169493281935257
cell 120.07625247143976 105.40294992215084 0.0 1.0 1.0 1 0 0 0.0 1.0 0
cell 5.176947524354956 22.891405968750576 0.0 2.23606797749979 0.4472135954999579 1 0 0 0.45360191838907693 -0.8912044095681693 5.341579644332116
cell 6.607817635478593 9.536296609377747 0.0 2.23606797749979 0.4472135954999579 1 0 0 0.10223073666168689 -0.9947607131776007 6.07836600640525
cell 65.54422596120652 46.93041043103494 0.0 1.0 1.0 1 0 0 0.0 1.0 0
cell 107.47500661173872 103.44578912862502 0.0 1.0 1.0 1 0 0 0.0 1.0 0
cell 8.64885389608868 35.689411829104436 0.0 2.23606797749979 0.4472135954999579 1 0 0 -0.4605903653355914 0.8876128183842471 5.325864907860871
cell 186.41243108255387 176.5737373899586 0.0 2.23606797749979 0.4472135954999579 1 0 0 0.9979538208473685 -0.06393881024963191 3.2695575657126743
cell 100.48381946271832 25.983775451626514 0.0 1.0 1.0 1 0 0 0.0 1.0 0
cell 177.5842411437432 95.57682615112762 0.0 2.23606797749979 0.4472135954999579 1 0 0 0.07285986243951724 -0.9973421882409741 6.137336346363425
cell 105.17865782754004 123.00558771377689 0.0 1.0 1.0 1 0 0 0.0 1.0 0
cell 31.45145445938499 117.28244544574923 0.0 2.23606797749979 0.4472135954999579 1 0 0 -0.5780655666474199 -0.8159903189723499 1.2327120743748052
cell 172.3851969874957 184.3663255531556 0.0 2.23606797749979 0.4472135954999579 1 0 0 0.9867615783428811 0.16217764181990696 2.8157984300029923
cell 20.376812342932507 21.20642779287393 0.0 1.0 1.0 1 0 0 0.0 1.0 0
cell 47.204932245688006 33.712706852054104 0.0 2.23606797749979 0.4472135954999579 1 0 0 0.9546845086705257 0.29761970516838593 2.537195848185245
cell 181.48354290771672 20.298920585698383 0.0 2.23606797749979 0.4472135954999579 1 0 0 -0.11653138353346376 0.9931870099088976 6.049591808709277
cell 40.2154409651894 7.042575488659944 0.0 1.0 1.0 1 0 0 0.0 1.0 0
cell 106.18302918358806 40.961608891794036 0.0 1.0 1.0 1 0 0 0.0 1.0 0
cell 142.51263555380362 135.9534621339408 0.0 1.0 1.0 1 0 0 0.0 1.0 0
cell 113.12207505965561 184.93372017246995 0.0 1.0 1.0 1 0 0 0.0 1.0 0
cell 128.5837179373897 0.7906611621575576 0.0 1.0 1.0 1 0 0 0.0 1.0 0
cell 89.37111887022309 103.66242154291325 0.0 1.0 1.0 1 0 0 0.0 1.0 0
cell 18.45856445030865 34.227814602465656 0.0 1.0 1.0 1 0 0 0.0 1.0 0
cell 134.90025608257793 185.89847582618924 0.0 2.23606797749979 0.4472135954999579 1 0 0 0.9999820829966637 0.00598612442683146 3.1296203332333437
cell 155.2050281294489 137.6386408288668 0.0 1.0 1.0 1 0 0 0.0 1.0 0
cell 179.38043673047022 31.401954910366097 0.0 2.23606797749979 0.4472135954999579 1 0 0 0.33928275584545997 -0.9406844378355103 5.59087666305854
cell 160.99873329055745 9.354242767390764 0.0 1.0 1.0 1 0 0 0.0 1.0 0
cell 120.01459320381458 153.64649424336315 0.0 2.23606797749979 0.4472135954999579 1 0 0 -0.4955502444985394 0.8685792739741364 5.246248873799026
cell 134.7822813038526 50.65036778249877 0.0 1.0 1.0 1 0 0 0.0 1.0 0
cell 28.947062684671515 34.64135714199201 0.0 1.0 1.0 1 0 0 0.0 1.0 0
cell 157.03758051511502 3.548777525140102 0.0 1.0 1.0 1 0 0 0.0 1.0 0
cell 7.756215497098022 89.60207606898369 0.0 2.23606797749979 0.4472135954999579 1 0 0 0.9999887590530456 -0.004741494231768994 3.151075677586081
cell 59.95632378284019 35.243403683083386 0.0 1.0 1.0 1 0 0 0.0 1.0 0
cell 55.61183406844943 24.83734691118194 0.0 2.23606797749979 0.4472135954999579 1 0 0 0.8433992987188439 0.5372872815548144 2.0071578711419416
cell 56.95551973507365 118.09822197318978 0.0 2.23606797749979 0.4472135954999579 1 0 0 0.9989825662798174 -0.045098029546647274 3.2318193146416188
cell 136.40533782485713 114.67253112464891 0.0 1.0 1.0 1 0 0 0.0 1.0 0
cell 138.1269430713032 39.930268293976354 0.0 1.0 1.0 1 0 0 0.0 1.0 0
cell 83.10000527619441 79.3698841700132 0.0 1.0 1.0 1 0 0 0.0 1.0 0
cell 91.1271620566329 104.43475300895146 0.0 1.0 1.0 1 0 0 0.0 1.0 0
cell 85.2922094718534 186.4610474199414 0.0 2.23606797749979 0.4472135954999579 1 0 0 0.9124574674245459 0.4091715656557573 2.2985007304063334
cell 137.49186027586535 47.65945050382658 0.0 2.23606797749979 0.4472135954999579 1 0 0 0.9995947074917467 -0.028467889884734757 3.1985361264881282
cell 41.713411956318325 31.537422091203922 0.0 1.0 1.0 1 0 0 0.0 1.0 0
cell 158.0070845418814 175.82476339407066 0.0 2.23606797749979 0.4472135954999579 1 0 0 0.9110407073339585 0.4123164192467244 2.291602230552474
cell 62.44335150772062 32.229036520147595 0.0 1.0 1.0 1 0 0 0.0 1.0 0
cell 2.4103402406316716 28.552846685017002 0.0 2.23606797749979 0.4472135954999579 1 0 0 0.35235579213336604 -0.9358661206337519 5.563011014043862
cell 87.48373071811892 125.68078516007438 0.0 1.0 1.0 1 0 0 0.0 1.0 0
cell 80.95974471088206 175.8253231941256 0.0 2.23606797749979 0.4472135954999579 1 0 0 0.8335414818142186 0.5524568744209423 1.9709748901166044
cell 144.53320608081737 0.3802054257585162 0.0 2.23606797749979 0.4472135954999579 1 0 0 0.9996832898314623 -0.025165850507080176 3.191929668797687
cell 147.15090157530204 66.56798097460062 0.0 2.23606797749979 0.4472135954999579 1 0 0 0.927268484160967 -0.37439705965969156 3.9090855662239874
cell 71.29362726682756 79.88319842053704 0.0 1.0 1.0 1 0 0 0.0 1.0 0
cell 179.94291935671563 139.7306580516279 0.0 2.23606797749979 0.4472135954999579 1 0 0 0.1019719395761124 -0.9947872755212974 6.078886319733875
cell 120.3021380659019 86.44414156130622 0.0 2.23606797749979 0.4472135954999579 1 0 0 0.22900845495269168 0.9734244334103089 0.4621178905598453
cell 108.7531532308761 165.49155908006122 0.0 1.0 1.0 1 0 0 0.0 1.0 0
cell 163.39994041767636 58.9391171774828 0.0 1.0 1.0 1 0 0 0.0 1.0 0
cell 75.00722839929061 7.273396633307433 0.0 2.23606797749979 0.4472135954999579 1 0 0 0.8963564221310807 0.44333414543024746 2.222962790737689
cell 39.63866439186135 75.3438730135287 0.0 2.23606797749979 0.4472135954999579 1 0 0 0.7620441472483434 0.6475250710548165 1.732928279380353
cell 80.4775992141061 149.6995016024693 0.0 2.23606797749979 0.4472135954999579 1 0 0 0.41255559918094437 -0.9109324220733677 5.432669783241523
cell 143.7430232188945 130.18518419530196 0.0 1.0 1.0 1 0 0 0.0 1.0 0
cell 88.50937985667434 84.0762064784437 0.0 1.0 1.0 1 0 0 0.0 1.0 0
cell 95.37057888252504 182.65945054853964 0.0 2.23606797749979 0.4472135954999579 1 0 0 0.960200769011038 0.2793107287424013 2.575440266757247
cell 50.665098330276074 149.32174475326246 0.0 2.23606797749979 0.4472135954999579 1 0 0 0.974096383516621 -0.2261332253779617 3.597805133617904
cell 118.95693786944787 84.56373461760256 0.0 2.23606797749979 0.4472135954999579 1 0 0 -0.24272578001648004 -0.9700949415987031 0.4903493503956131
cell 130.51425559807848 41.6732811346294 0.0 1.0 1.0 1 0 0 0.0 1.0 0
cell 93.38889677926036 58.000065097367525 0.0 1.0 1.0 1 0 0 0.0 1.0 0
cell 0.6273437407962628 174.52660827786414 0.0 2.23606797749979 0.4472135954999579 1 0 0 -0.19652032162750946 -0.9804997517528601 0.39561553562466933
cell 114.95600539616056 32.24006595371168 0.0 1.0 1.0 1 0 0 0.0 1.0 0
cell 132.57174019027553 85.41098387014354 0.0 1.0 1.0 1 0 0 0.0 1.0 0
cell 72.68856270558437 172.47375729025347 0.0 1.0 1.0 1 0 0 0.0 1.0 0
cell 146.13040813425968 135.3204107536139 0.0 1.0 1.0 1 0 0 0.0 1.0 0
cell 141.56086343638273 47.755314516505564 0.0 2.23606797749979 0.4472135954999579 1 0 0 0.9990475167433431 0.04363552782950528 3.0542938792967793
cell 82.79294907243965 89.62449176317098 0.0 1.0 1.0 1 0 0 0.0 1.0 0
cell 111.75763889561561 152.64969000233094 0.0 1.0 1.0 1 0 0 0.0 1.0 0
cell 58.643996594250844 95.7337800142617 0.0 2.23606797749979 0.4472135954999579 1 0 0 0.30037288050254346 0.9538218558298005 0.6101671260606342
cell 115.85409267780204 108.82859516638706 0.0 1.0 1.0 1 0 0 0.0 1.0 0
cell 142.58666149693522 88.81824916431476 0.0 2.23606797749979 0.4472135954999579 1 0 0 0.9815017238899196 0.1914532997916618 2.7563074069758304
cell 182.75889468698014 32.05263079556837 0.0 2.23606797749979 0.4472135954999579 1 0 0 0.39097744624299735 -0.9204002588707285 5.4797986411623265
cell 92.52729319816828 82.48586061345527 0.0 2.23606797749979 0.4472135954999579 1 0 0 0.08926652766336983 0.9960077745875907 0.17877101676855942
cell 123.58321962706633 114.94389745773428 0.0 1.0 1.0 1 0 0 0.0 1.0 0
cell 119.9785038695592 140.1125457832694 0.0 1.0 1.0 1 0 0 0.0 1.0 0
cell 91.50270315917362 26.144753455617128 0.0 1.0 1.0 1 0 0 0.0 1.0 0
cell 62.811593388187944 64.80325763958245 0.0 1.0 1.0 1 0 0 0.0 1.0 0
cell 66.30318875165837 27.082658284902767 0.0 1.0 1.0 1 0 0 0.0 1.0 0
cell 32.58007953480818 33.13451135170943 0.0 1.0 1.0 1 0 0 0.0 1.0 0
cell 105.88677184757115 10.199112940841154 0.0 1.0 1.0 1 0 0 0.0 1.0 0
cell 88.11557188434722 100.12277114410159 0.0 1.0 1.0 1 0 0 0.0 1.0 0
cell 68.91391603604998 124.04604615294187 0.0 2.23606797749979 0.4472135954999579 1 0 0 0.9239680859215869 -0.3824695755199347 3.926527885212853
cell 9.18945065196417 145.04595968940848 0.0 2.23606797749979 0.4472135954999579 1 0 0 0.9807403852716884 0.1953158895152679 2.748433588109888
cell 91.23764680869797 124.18543344152661 0.0 1.0 1.0 1 0 0 0.0 1.0 0
cell 52.701736035805546 19.129294813132475 0.0 1.0 1.0 1 0 0 0.0 1.0 0
cell 178.238547976193 41.07880334814176 0.0 2.23606797749979 0.4472135954999579 1 0 0 0.9190640257213909 -0.3941082549564148 3.9517874011043803
cell 140.6446906052832 143.6634364480976 0.0 2.23606797749979 0.4472135954999579 1 0 0 0.9092013958720209 0.41635660405999186 2.282723899101009
cell 84.59330405701314 167.95308512069494 0.0 1.0 1.0 1 0 0 0.0 1.0 0
cell 80.93986510215606 100.85140131560085 0.0 1.0 1.0 1 0 0 0.0 1.0 0
cell 115.27408987159092 61.49036004697222 0.0 1.0 1.0 1 0 0 0.0 1.0 0
cell 27.100839406910932 47.59945810464702 0.0 1.0 1.0 1 0 0 0.0 1.0 0
cell 92.9096550625683 103.4040562655694 0.0 1.0 1.0 1 0 0 0.0 1.0 0
cell 40.232462898926066 141.88584900684842 0.0 2.23606797749979 0.4472135954999579 1 0 0 0.9523397445028604 0.30503935982136227 2.5216331363790148
cell 40.04327538652473 143.74791837769288 0.0 2.23606797749979 0.4472135954999579 1 0 0 0.9553814982834526 0.29537466502336507 2.541897338297117
cell 108.89812012968018 49.92136051663837 0.0 1.0 1.0 1 0 0 0.0 1.0 0
cell 54.68842292387138 22.899220677083047 0.0 2.23606797749979 0.4472135954999579 1 0 0 0.8361601022113289 0.5484854450848627 1.9804889778668826
cell 50.95407093926755 12.75178061827821 0.0 1.0 1.0 1 0 0 0.0 1.0 0
cell 80.7236358600563 12.88389236741916 0.0 1.0 1.0 1 0 0 0.0 1.0 0
cell 26.774341662472075 103.91410584410386 0.0 2.23606797749979 0.4472135954999579 1 0 0 0.9253479365589439 0.3791189738144279 2.363904637690839
cell 8.119057842109346 28.051167040314745 0.0 2.23606797749979 0.4472135954999579 1 0 0 0.2074392261380928 -0.9782479069536664 5.865272276795742
cell 167.76229777289055 116.75074432399802 0.0 2.23606797749979 0.4472135954999579 1 0 0 -0.20600160805555992 -0.9785516529435344 0.4149743178997598
cell 25.703840915140837 13.032615238743725 0.0 2.23606797749979 0.4472135954999579 1 0 0 0.067078170340522 0.9977477231563938 0.13425715058079266
cell 48.02320861119222 71.59120028065159 0.0 1.0 1.0 1 0 0 0.0 1.0 0
cell 49.04300244104266 118.12686642383628 0.0 2.23606797749979 0.4472135954999579 1 0 0 0.9999952425120409 -0.0030846317907470503 3.147761926954705
cell 36.1968265989511 28.38466953560051 0.0 1.0 1.0 1 0 0 0.0 1.0 0
cell 147.05262058190192 35.49062088576098 0.0 2.23606797749979 0.4472135954999579 1 0 0 0.01250109555504284 0.9999218582518954 0.02500284236874852
cell 31.224574844514148 5.852711437505695 0.0 2.23606797749979 0.4472135954999579 1 0 0 0.3123365411410903 0.9499715180298933 0.63530326388815
cell 1.9709271042523469 136.5850641614783 0.0 2.23606797749979 0.4472135954999579 1 0 0 0.8426317602724795 -0.5384902195770157 4.2788813284654745
cell 37.37493967535911 28.84061732826785 0.0 1.0 1.0 1 0 0 0.0 1.0 0
cell 123.43292307079993 69.608796040608 0.0 1.0 1.0 1 0 0 0.0 1.0 0
cell 38.462730680031804 38.72330548615852 0.0 2.23606797749979 0.4472135954999579 1 0 0 0.9823504195134378 0.18704986843559301 2.7652763591268315
cell 136.2733175241785 77.35199347628759 0.0 1.0 1.0 1 0 0 0.0 1.0 0
cell 110.60409324138446 164.80693828891202 0.0 1.0 1.0 1 0 0 0.0 1.0 0
cell 182.2868291704622 123.95559121058565 0.0 2.23606797749979 0.4472135954999579 1 0 0 -0.2883598761373273 -0.9575221051412157 0.5850270226932288
cell 122.43041726185119 85.7114459897501 0.0 2.23606797749979 0.4472135954999579 1 0 0 0.2593786803025711 0.9657756987026007 0.5247576196063463
cell 166.23448126011718 119.79727641066609 0.0 2.23606797749979 0.4472135954999579 1 0 0 0.16699701857617658 0.9859574005942996 0.33556625339929236
cell 35.29659101909549 128.88883522767327 0.0 2.23606797749979 0.4472135954999579 1 0 0 -0.8256405295114704 -0.5641965225238621 1.9426731073851666
cell 66.40628441271792 75.3702451800216 0.0 1.0 1.0 1 0 0 0.0 1.0 0
cell 91.87453410642658 183.74313093359763 0.0 2.23606797749979 0.4472135954999579 1 0 0 0.932888246657352 0.36016596070224566 2.404701079182958
cell 34.095234030808996 150.6413131307705 0.0 2.23606797749979 0.4472135954999579 1 0 0 0.9944345179864884 0.10535648739864285 2.930487900054857
cell 21.48074922722199 186.4230135846624 0.0 2.23606797749979 0.4472135954999579 1 0 0 0.1700146956458176 -0.9854415270651323 5.941496143454295
cell 133.32763475941118 68.312571060529 0.0 1.0 1.0 1 0 0 0.0 1.0 0
cell 76.98179363158323 83.76080864135879 0.0 1.0 1.0 1 0 0 0.0 1.0 0
cell 107.30395700589172 14.26164957517925 0.0 1.0 1.0 1 0 0 0.0 1.0 0
cell 124.49937401541602 162.71160062979214 0.0 1.0 1.0 1 0 0 0.0 1.0 0
cell 97.4514797264844 44.85518355672909 0.0 1.0 1.0 1 0 0 0.0 1.0 0
cell 132.29402044286488 157.84462888964958 0.0 1.0 1.0 1 0 0 0.0 1.0 0
cell 11.056289841339618 54.71270659590833 0.0 1.0 1.0 1 0 0 0.0 1.0 0
cell 52.78087851766827 26.956081353563945 0.0 2.23606797749979 0.4472135954999579 1 0 0 0.8643895586373525 0.5028227231527261 2.0878701457548754
cell 157.9496252273889 75.61912742292994 0.0 1.0 1.0 1 0 0 0.0 1.0 0
cell 128.52936429987244 51.55334837778621 0.0 1.0 1.0 1 0 0 0.0 1.0 0
cell 128.43538975809432 129.3591136307618 0.0 1.0 1.0 1 0 0 0.0 1.0 0
cell 116.73595067347165 72.25997530820861 0.0 1.0 1.0 1 0 0 0.0 1.0 0
cell 68.22654520872135 58.88009721538982 0.0 2.23606797749979 0.4472135954999579 1 0 0 -0.33712647930678524 -0.9414593655332192 0.687726049334322
cell 29.768616190246487 28.017537605587133 0.0 1.0 1.0 1 0 0 0.0 1.0 0
cell 11.902456940938876 32.610378802614484 0.0 2.23606797749979 0.4472135954999579 1 0 0 -0.35204073000658553 0.9359846817210367 5.563684277368927
cell 112.1754320333078 65.53115964941725 0.0 1.0 1.0 1 0 0 0.0 1.0 0
cell 48.7185771732335 73.49698995940581 0.0 1.0 1.0 1 0 0 0.0 1.0 0
cell 136.5676106882461 51.513653468101175 0.0 1.0 1.0 1 0 0 0.0 1.0 0
cell 116.3742719842495 84.375414953732 0.0 2.23606797749979 0.4472135954999579 1 0 0 0.21459325818635552 0.9767035033934117 0.43255073457680604
cell 87.61819519417223 136.61635968795576 0.0 2.23606797749979 0.4472135954999579 1 0 0 0.9992530086420696 0.03864485372946805 3.064283695464192
cell 135.0537198218703 115.45739040579257 0.0 1.0 1.0 1 0 0 0.0 1.0 0
cell 163.95182867370215 33.20858203373556 0.0 2.23606797749979 0.4472135954999579 1 0 0 0.1849566137063063 -0.982746687120489 5.911129878870243
cell 24.956167280613272 22.538220836065207 0.0 1.0 1.0 1 0 0 0.0 1.0 0
cell 138.6019457309034 160.15758592816414 0.0 1.0 1.0 1 0 0 0.0 1.0 0
cell 136.8250820587025 159.2083189013584 0.0 1.0 1.0 1 0 0 0.0 1.0 0
cell 119.57439586849492 73.36530833383759 0.0 1.0 1.0 1 0 0 0.0 1.0 0
cell 63.694444616869355 19.781777500977803 0.0 2.23606797749979 0.4472135954999579 1 0 0 0.868584489902852 0.49554110212998714 2.1046772714624122
cell 12.230323347799482 36.500642383609105 0.0 2.23606797749979 0.4472135954999579 1 0 0 0.4489690012916438 -0.8935473327581387 5.35196295217608
cell 136.2340039350063 49.89575496633111 0.0 1.0 1.0 1 0 0 0.0 1.0 0
cell 155.0409795819136 154.39363313091096 0.0 2.23606797749979 0.4472135954999579 1 0 0 0.7046072451381075 0.7095975127485207 1.5637390080147615
cell 80.50360793271302 68.53083351649559 0.0 2.23606797749979 0.4472135954999579 1 0 0 -0.39642501446020356 -0.9180671042523131 0.8152390434559482
cell 26.156620520218926 30.43782293877778 0.0 1.0 1.0 1 0 0 0.0 1.0 0
cell 149.39818319981768 53.42105159970533 0.0 1.0 1.0 1 0 0 0.0 1.0 0
cell 118.96841930571182 156.59304572470413 0.0 1.0 1.0 1 0 0 0.0 1.0 0
cell 69.29430546662427 4.638735185620186 0.0 2.23606797749979 0.4472135954999579 1 0 0 0.8570798307484204 0.5151836213664589 2.0591489013122266
cell 75.97880727108709 59.41426598722318 0.0 2.23606797749979 0.4472135954999579 1 0 0 -0.5146166415640537 -0.8574203824410371 1.0811209649664306
cell 113.20408722308872 5.915667742386922 0.0 1.0 1.0 1 0 0 0.0 1.0 0
cell 92.25510521939208 27.928229204169803 0.0 1.0 1.0 1 0 0 0.0 1.0 0
cell 87.80575668458643 26.149988022142807 0.0 1.0 1.0 1 0 0 0.0 1.0 0
cell 40.26615662294803 35.701354636172994 0.0 2.23606797749979 0.4472135954999579 1 0 0 0.9786495527928785 0.2055360134338965 2.7275698875519803
cell 169.75392482862156 143.12185870544252 0.0 2.23606797749979 0.4472135954999579 1 0 0 0.8809447463256103 -0.47321913942834787 4.127475446815855
cell 125.1431599573238 114.24918234415202 0.0 1.0 1.0 1 0 0 0.0 1.0 0
cell 79.65505062378018 82.91168557108982 0.0 1.0 1.0 1 0 0 0.0 1.0 0
cell 2.6983671836199177 133.9252053724437 0.0 2.23606797749979 0.4472135954999579 1 0 0 0.22174246411566678 0.9751052659112821 0.4472021165552544
cell 4.00940631900212 148.39929273792865 0.0 2.23606797749979 0.4472135954999579 1 0 0 0.9615965316111311 -0.2744669568335008 3.6976633077640484
cell 118.31335810947243 177.23964686330265 0.0 2.23606797749979 0.4472135954999579 1 0 0 0.9940535277645375 0.10889253389869281 2.923374872082919
cell 177.17937514160076 174.65444190652298 0.0 2.23606797749979 0.4472135954999579 1 0 0 0.9961035166014492 0.08819174686004527 2.96497971042645
cell 110.75234200115055 116.85263307221635 0.0 1.0 1.0 1 0 0 0.0 1.0 0
cell 42.525833184579184 18.593840185640516 0.0 1.0 1.0 1 0 0 0.0 1.0 0
cell 83.54537683546292 76.56692502532037 0.0 2.23606797749979 0.4472135954999579 1 0 0 -0.15469593333135662 -0.9879621289354873 0.3106393486795165
cell 74.61640214187868 8.642697249797646 0.0 2.23606797749979 0.4472135954999579 1 0 0 0.8979374461384525 0.44012309962367757 2.2301211329366732
cell 160.1053360288241 80.13561646318026 0.0 2.23606797749979 0.4472135954999579 1 0 0 0.9937532698296976 -0.11159945655237011 3.3652574855519055
cell 125.41033421724518 3.691559725651937 0.0 1.0 1.0 1 0 0 0.0 1.0 0
cell 106.23303675552401 65.48825398527326 0.0 1.0 1.0 1 0 0 0.0 1.0 0
cell 123.10420266160786 138.3470787746465 0.0 1.0 1.0 1 0 0 0.0 1.0 0
cell 142.42364078668353 63.26667061959626 0.0 1.0 1.0 1 0 0 0.0 1.0 0
cell 27.063791688414277 124.98705959847193 0.0 1.0 1.0 1 0 0 0.0 1.0 0
cell 114.25437433138826 99.78815180040985 0.0 1.0 1.0 1 0 0 0.0 1.0 0
cell 168.64100602073742 37.582009828444434 0.0 2.23606797749979 0.4472135954999579 1 0 0 0.10692657228011615 -0.9942669199668794 6.068922544050469
cell 13.344982425945618 44.786361316765166 0.0 1.0 1.0 1 0 0 0.0 1.0 0
cell 106.7593922676556 37.6947346844123 0.0 1.0 1.0 1 0 0 0.0 1.0 0
cell 140.98966852661195 170.80524881471896 0.0 2.23606797749979 0.4472135954999579 1 0 0 0.864991699312777 0.5017861697177338 2.0902676582897164
cell 49.0770579114717 33.66140580879706 0.0 2.23606797749979 0.4472135954999579 1 0 0 0.9244914597492169 0.3812027555655418 2.35939877437344
cell 10.784821397520394 135.34632298364576 0.0 2.23606797749979 0.4472135954999579 1 0 0 0.8734771916148961 -0.4868650693247094 4.158586901658579
cell 38.6417522339112 128.11941491506917 0.0 2.23606797749979 0.4472135954999579 1 0 0 0.8070168933575096 0.5905283514240395 1.8781658917203166
cell 96.25634265836402 176.34858375291594 0.0 2.23606797749979 0.4472135954999579 1 0 0 0.9600929981388996 0.27968095202329896 2.5746690862584214
cell 116.93855944847046 66.52087128555065 0.0 1.0 1.0 1 0 0 0.0 1.0 0
cell 101.72793087600367 73.05466412028102 0.0 2.23606797749979 0.4472135954999579 1 0 0 -0.25565619781749055 -0.9667677634869215 0.5170527933934244
cell 148.40787848056377 99.0456238136519 0.0 1.0 1.0 1 0 0 0.0 1.0 0
cell 15.108370536449893 38.22246875538186 0.0 1.0 1.0 1 0 0 0.0 1.0 0
cell 14.241234181424712 46.51938327656096 0.0 1.0 1.0 1 0 0 0.0 1.0 0
cell 64.63958697972802 17.23246772970207 0.0 2.23606797749979 0.4472135954999579 1 0 0 0.8519686028179188 0.5235928760138772 2.0394673367204548
cell 99.87456093369204 98.26644436397369 0.0 1.0 1.0 1 0 0 0.0 1.0 0
cell 139.3516532363014 181.459393883625 0.0 2.23606797749979 0.4472135954999579 1 0 0 0.9926514372742621 0.12100877686077914 2.8989805247334135
cell 110.19509482210769 27.461361312849778 0.0 1.0 1.0 1 0 0 0.0 1.0 0
cell 146.72646619236295 149.71144567092395 0.0 1.0 1.0 1 0 0 0.0 1.0 0
cell 126.59097257688548 39.324008379214916 0.0 1.0 1.0 1 0 0 0.0 1.0 0
cell 96.1234021716371 88.2884561094294 0.0 1.0 1.0 1 0 0 0.0 1.0 0
cell 74.23867597080734 135.7557734802629 0.0 2.23606797749979 0.4472135954999579 1 0 0 0.9645466688947881 -0.26391234060567903 3.6757448738972016
cell 115.93568531496041 54.42832578817809 0.0 1.0 1.0 1 0 0 0.0 1.0 0
cell 119.00230220229119 102.07567747951981 0.0 1.0 1.0 1 0 0 0.0 1.0 0
cell 167.03579732468458 103.78719490023745 0.0 2.23606797749979 0.4472135954999579 1 0 0 0.31591944323852517 -0.9487860166464619 5.640334164682381
cell 102.07675391274937 12.536646481674172 0.0 1.0 1.0 1 0 0 0.0 1.0 0
cell 123.76282815445903 89.39695933785768 0.0 2.23606797749979 0.4472135954999579 1 0 0 0.2294538488142524 0.9733195422184465 0.4630330470660224
cell 97.84566741393368 50.581033420541495 0.0 1.0 1.0 1 0 0 0.0 1.0 0
cell 81.87729653853005 165.88287374066738 0.0 1.0 1.0 1 0 0 0.0 1.0 0
cell 154.9628997774178 172.718292458351 0.0 1.0 1.0 1 0 0 0.0 1.0 0
cell 105.92834132577926 92.78949568541776 0.0 1.0 1.0 1 0 0 0.0 1.0 0
cell 171.05994662357608 24.46358409526691 0.0 2.23606797749979 0.4472135954999579 1 0 0 -0.051640741067600485 0.9986657267884931 6.179857865276009
cell 101.53822708318741 55.236417439275655 0.0 1.0 1.0 1 0 0 0.0 1.0 0
cell 125.6449785032959 160.1201816208796 0.0 1.0 1.0 1 0 0 0.0 1.0 0
cell 127.99435426340057 25.553575672085234 0.0 1.0 1.0 1 0 0 0.0 1.0 0
cell 119.29894225147761 185.98049641725294 0.0 1.0 1.0 1 0 0 0.0 1.0 0
cell 62.934826279626485 21.971698667067454 0.0 2.23606797749979 0.4472135954999579 1 0 0 0.8820913032699746 0.4710784782766855 2.1605666189086112
cell 21.373719041135075 58.018570877069976 0.0 2.23606797749979 0.4472135954999579 1 0 0 0.9327186830686113 0.3606048505701989 2.4037600666837795
cell 183.0932147955621 51.35181626069294 0.0 2.23606797749979 0.4472135954999579 1 0 0 0.967891524731608 -0.2513682484975442 3.649779922547446
cell 74.06367037522557 179.9866924961556 0.0 1.0 1.0 1 0 0 0.0 1.0 0
cell 88.23448006036928 166.76242455638814 0.0 1.0 1.0 1 0 0 0.0 1.0 0
cell 158.62858060984829 150.86388577141543 0.0 1.0 1.0 1 0 0 0.0 1.0 0
cell 99.73716972562485 35.3082275703025 0.0 1.0 1.0 1 0 0 0.0 1.0 0
cell 178.8208604685734 67.99449696852624 0.0 2.23606797749979 0.4472135954999579 1 0 0 0.12640759243567634 0.991978387150958 0.2534933565619046
cell 160.5236538282498 155.82260194688038 0.0 1.0 1.0 1 0 0 0.0 1.0 0
cell 96.18876425148684 27.785266578239472 0.0 1.0 1.0 1 0 0 0.0 1.0 0
cell 142.27297464432738 145.84681716316294 0.0 2.23606797749979 0.4472135954999579 1 0 0 0.8838468979811318 0.46777629368014234 2.168046338743325
cell 172.86454672402792 67.75996055902878 0.0 1.0 1.0 1 0 0 0.0 1.0 0
cell 73.740821241206 174.06242289268485 0.0 1.0 1.0 1 0 0 0.0 1.0 0
cell 79.65040921918543 129.35387867652287 0.0 2.23606797749979 0.4472135954999579 1 0 0 0.83501005166495 -0.5502346895811799 4.306883201256114
cell 129.6596120134049 62.306744068240526 0.0 1.0 1.0 1 0 0 0.0 1.0 0
cell 42.11338530730349 134.7224321437129 0.0 2.23606797749979 0.4472135954999579 1 0 0 0.9038726186664463 0.4278016938080784 2.2574741020417552
cell 18.923675981191177 48.49927365269106 0.0 2.23606797749979 0.4472135954999579 1 0 0 0.8398716705656916 0.5427850191200883 1.9940935027382753
cell 163.52786097070728 160.3393760988983 0.0 1.0 1.0 1 0 0 0.0 1.0 0
cell 162.4164615882057 31.737604240277744 0.0 2.23606797749979 0.4472135954999579 1 0 0 -0.16082581541958046 0.9869828048626922 5.9601307011449896
cell 151.35649950350944 141.67361303801172 0.0 1.0 1.0 1 0 0 0.0 1.0 0
cell 109.07138697571023 41.87727663023578 0.0 1.0 1.0 1 0 0 0.0 1.0 0
cell 44.40598682738592 4.413323614070798 0.0 1.0 1.0 1 0 0 0.0 1.0 0
cell 85.15378470877367 17.570603009630904 0.0 1.0 1.0 1 0 0 0.0 1.0 0
cell 153.00237544795465 123.516007323034 0.0 1.0 1.0 1 0 0 0.0 1.0 0
cell 18.08364940078154 62.74376836572766 0.0 2.23606797749979 0.4472135954999579 1 0 0 0.9314120355014605 0.3639665096173358 2.396546719744998
cell 59.8459406923919 56.40471551330477 0.0 2.23606797749979 0.4472135954999579 1 0 0 -0.14299668176847102 -0.9897231678622092 0.2869771105787482
cell 153.2887831670867 121.49128203528583 0.0 1.0 1.0 1 0 0 0.0 1.0 0
cell 73.01285840891505 40.91993046351092 0.0 1.0 1.0 1 0 0 0.0 1.0 0
cell 102.72444643577029 13.825779174146492 0.0 1.0 1.0 1 0 0 0.0 1.0 0
cell 23.548424548227185 44.64076361391897 0.0 2.23606797749979 0.4472135954999579 1 0 0 -0.8921462494876803 -0.4517466873426586 2.204148214711891
cell 83.90351253198173 174.51702181974395 0.0 2.23606797749979 0.4472135954999579 1 0 0 0.8709405166435678 0.4913884578097407 2.114226168813579
cell 100.37141720955357 54.399099542515174 0.0 1.0 1.0 1 0 0 0.0 1.0 0
cell 78.33788914226822 5.2940133441917165 0.0 2.23606797749979 0.4472135954999579 1 0 0 0.9078669805771286 0.4192583279766397 2.276336200129131
cell 66.18534845806072 80.85919278402876 0.0 1.0 1.0 1 0 0 0.0 1.0 0
cell 121.80809858067528 8.325685141064838 0.0 1.0 1.0 1 0 0 0.0 1.0 0
cell 69.51775420227254 20.88537218605001 0.0 2.23606797749979 0.4472135954999579 1 0 0 0.9151287457729319 0.40316172767273 2.3116542906096966
cell 31.465992498216433 38.7959132167053 0.0 2.23606797749979 0.4472135954999579 1 0 0 0.9487466440428145 0.3160376645551871 2.4984923004856596
cell 128.38703974025518 171.7981385555535 0.0 1.0 1.0 1 0 0 0.0 1.0 0
cell 114.8948277109774 85.73264993950536 0.0 2.23606797749979 0.4472135954999579 1 0 0 -0.23955427441422056 -0.9708829742094958 0.48381346401806447
cell 60.145333250258034 33.041721374138234 0.0 2.23606797749979 0.4472135954999579 1 0 0 0.956581902583779 0.29146365751015624 2.5500795075929608
cell 96.08882475606363 137.1429994804024 0.0 2.23606797749979 0.4472135954999579 1 0 0 0.9322228621114254 -0.361884698981295 3.8821703092910913
cell 112.55097508328048 80.91668195668879 0.0 2.23606797749979 0.4472135954999579 1 0 0 -0.24268289305919327 -0.9701056712628888 0.4902609328227179
cell 177.15477824222833 113.30000968171333 0.0 2.23606797749979 0.4472135954999579 1 0 0 0.9340503887910593 -0.3571412482467839 3.872003651181643
cell 92.52585319384184 7.012417246755519 0.0 1.0 1.0 1 0 0 0.0 1.0 0
cell 83.99994443782538 85.45226977084354 0.0 1.0 1.0 1 0 0 0.0 1.0 0
cell 115.00165022508163 161.0218640432236 0.0 1.0 1.0 1 0 0 0.0 1.0 0
cell 28.668395688759986 12.870190229667939 0.0 2.23606797749979 0.4472135954999579 1 0 0 -0.20843506419908872 -0.978036207925004 0.41994921309862665
cell 142.8939195936029 86.98524178728844 0.0 1.0 1.0 1 0 0 0.0 1.0 0
cell 9.99252309369267 146.8386368605459 0.0 2.23606797749979 0.4472135954999579 1 0 0 0.9894314726860257 0.14500124433384132 2.850564193331039
cell 47.20875112535265 43.6158173277172 0.0 1.0 1.0 1 0 0 0.0 1.0 0
cell 138.46973338401673 90.86541743441067 0.0 1.0 1.0 1 0 0 0.0 1.0 0
cell 155.54357331885666 47.75875867968979 0.0 1.0 1.0 1 0 0 0.0 1.0 0
cell 141.90798186990074 59.90882859546147 0.0 1.0 1.0 1 0 0 0.0 1.0 0
cell 103.48222855932599 47.469734737893184 0.0 1.0 1.0 1 0 0 0.0 1.0 0
cell 159.68681857767606 104.8717838671659 0.0 1.0 1.0 1 0 0 0.0 1.0 0
cell 32.25535136577863 10.670835918478456 0.0 1.0 1.0 1 0 0 0.0 1.0 0
cell 181.5411085372328 174.64517892317767 0.0 2.23606797749979 0.4472135954999579 1 0 0 0.9982626392179889 0.058921160388567734 3.023682040475403
cell 57.76341057832333 34.840282226592024 0.0 2.23606797749979 0.4472135954999579 1 0 0 0.9656574725034369 0.25981848625198706 2.615924195444747
cell 5.7514677493154105 48.26039738014878 0.0 2.23606797749979 0.4472135954999579 1 0 0 -0.7464399843181182 0.6654527404791173 4.597793027865921
cell 122.31929095481517 165.47972291550434 0.0 1.0 1.0 1 0 0 0.0 1.0 0
cell 38.320422207663675 9.637557201903071 0.0 2.23606797749979 0.4472135954999579 1 0 0 0.3937683459767777 0.9192097093192133 0.8094551210502928
cell 72.39839445384249 49.28312519138065 0.0 1.0 1.0 1 0 0 0.0 1.0 0
cell 153.8523813223511 91.16281870473331 0.0 1.0 1.0 1 0 0 0.0 1.0 0
cell 136.70244092766666 69.28145342282187 0.0 1.0 1.0 1 0 0 0.0 1.0 0
cell 110.32012045126348 157.8868131788911 0.0 1.0 1.0 1 0 0 0.0 1.0 0
cell 118.32607886839995 165.0247571152035 0.0 1.0 1.0 1 0 0 0.0 1.0 0
cell 85.4446266215369 187.55526362337932 0.0 2.23606797749979 0.4472135954999579 1 0 0 0.921559546427122 0.3882370440710639 2.344157040667495
cell 43.19279573425413 14.066146521650056 0.0 2.23606797749979 0.4472135954999579 1 0 0 0.4035640776126048 0.9149513840968204 0.8308177778796417
cell 169.1154030287571 80.50542786445375 0.0 2.23606797749979 0.4472135954999579 1 0 0 0.9975376787769166 -0.07013258458349615 3.2819730622350543
cell 103.7181908601247 154.99070960869713 0.0 1.0 1.0 1 0 0 0.0 1.0 0
cell 110.99885726728934 113.1410992413597 0.0 1.0 1.0 1 0 0 0.0 1.0 0
cell 29.298581472653957 35.96179413512969 0.0 1.0 1.0 1 0 0 0.0 1.0 0
cell 16.754631214030123 41.0667845579086 0.0 1.0 1.0 1 0 0 0.0 1.0 0
cell 13.61175554617846 25.345800694682996 0.0 1.0 1.0 1 0 0 0.0 1.0 0
cell 136.40557305093228 72.68883507381258 0.0 1.0 1.0 1 0 0 0.0 1.0 0
cell 124.80406232686724 149.2242034083244 0.0 1.0 1.0 1 0 0 0.0 1.0 0
cell 130.231188721191 84.55929337418819 0.0 1.0 1.0 1 0 0 0.0 1.0 0
cell 27.814033974943587 180.2116589210389 0.0 2.23606797749979 0.4472135954999579 1 0 0 0.9977317218925073 0.06731575691777236 3.0068592534004823
cell 91.83683853096812 19.033626377918818 0.0 1.0 1.0 1 0 0 0.0 1.0 0
cell 14.254205754844314 152.59133282648065 0.0 2.23606797749979 0.4472135954999579 1 0 0 0.9927063101868767 -0.12055779408713722 3.3832961648099573
cell 146.93136454383878 24.395327473994804 0.0 1.0 1.0 1 0 0 0.0 1.0 0
cell 46.711278866613014 6.146216263169693 0.0 1.0 1.0 1 0 0 0.0 1.0 0
cell 128.1127289025317 152.5132922166189 0.0 1.0 1.0 1 0 0 0.0 1.0 0
cell 43.874093383408024 46.36983821014188 0.0 1.0 1.0 1 0 0 0.0 1.0 0
cell 120.57708043154535 91.02093389350641 0.0 2.23606797749979 0.4472135954999579 1 0 0 -0.2078377924083067 -0.9781633054080702 0.41872792300392714
cell 95.30105980941028 120.876479427025 0.0 1.0 1.0 1 0 0 0.0 1.0 0
cell 31.797067335899623 5.425449022562424 0.0 2.23606797749979 0.4472135954999579 1 0 0 0.35285402950127714 0.9356783816380027 0.7212391619764841
cell 124.45622099738563 121.77590052825936 0.0 1.0 1.0 1 0 0 0.0 1.0 0
cell 30.86492182428973 65.79446096629242 0.0 1.0 1.0 1 0 0 0.0 1.0 0
cell 92.0620160943539 87.87345966121164 0.0 1.0 1.0 1 0 0 0.0 1.0 0
cell 143.3062935362892 112.05490953238969 0.0 1.0 1.0 1 0 0 0.0 1.0 0
cell 99.60426901454682 24.671350161827164 0.0 1.0 1.0 1 0 0 0.0 1.0 0
cell 135.4785701627004 6.418794111404058 0.0 1.0 1.0 1 0 0 0.0 1.0 0
cell 167.40430769212205 53.2655082588751 0.0 1.0 1.0 1 0 0 0.0 1.0 0
cell 97.49043556778888 13.464241932534058 0.0 1.0 1.0 1 0 0 0.0 1.0 0
cell 136.31917193255006 82.97553312474008 0.0 1.0 1.0 1 0 0 0.0 1.0 0
cell 136.84976093430268 103.95181115859306 0.0 2.23606797749979 0.4472135954999579 1 0 0 0.27639492006324307 0.961044144752588 0.5600817262528329
cell 75.0866526601112 68.01810529834823 0.0 2.23606797749979 0.4472135954999579 1 0 0 0.3617471795741857 0.9322762348521612 0.7402826286732155
cell 78.35831825399504 58.50481495889401 0.0 1.0 1.0 1 0 0 0.0 1.0 0
cell 119.58761930467745 42.76190085724238 0.0 1.0 1.0 1 0 0 0.0 1.0 0
cell 105.09737295463799 83.16036259365491 0.0 2.23606797749979 0.4472135954999579 1 0 0 -0.128448751151056 -0.991716148062405 0.25760922815154785
cell 130.4010118657062 52.22735484993208 0.0 1.0 1.0 1 0 0 0.0 1.0 0
cell 65.15872878953688 119.24891194352234 0.0 2.23606797749979 0.4472135954999579 1 0 0 0.981169317204218 -0.19314960775784354 3.5303350410251984
cell 115.0985070530931 97.27198504450821 0.0 1.0 1.0 1 0 0 0.0 1.0 0
cell 112.42510425489722 4.517919302686747 0.0 1.0 1.0 1 0 0 0.0 1.0 0
cell 35.14910487416808 43.96587249953239 0.0 1.0 1.0 1 0 0 0.0 1.0 0
cell 14.63647368017728 43.747067819627325 0.0 1.0 1.0 1 0 0 0.0 1.0 0
cell 29.073293454264757 147.41396111379285 0.0 2.23606797749979 0.4472135954999579 1 0 0 0.9807903334470238 0.195064916929918 2.7489453773601613
cell 85.74965629382848 146.62532890788492 0.0 2.23606797749979 0.4472135954999579 1 0 0 0.21962981470692233 -0.9755832842416904 5.840315299063826
cell 143.59274690414225 83.77164269305796 0.0 1.0 1.0 1 0 0 0.0 1.0 0
cell 157.1549677604083 144.03283420612686 0.0 2.23606797749979 0.4472135954999579 1 0 0 0.14256785843384556 0.9897850300654112 0.28611058559367075
cell 152.3358486205624 42.901636582940604 0.0 1.0 1.0 1 0 0 0.0 1.0 0
cell 111.98424319992291 156.74998205635205 0.0 1.0 1.0 1 0 0 0.0 1.0 0
cell 11.804893711779506 147.90265405427883 0.0 2.23606797749979 0.4472135954999579 1 0 0 0.9911086883384563 0.1330547552702442 2.8746916398002225
cell 127.20298533030797 17.266367277432668 0.0 1.0 1.0 1 0 0 0.0 1.0 0
cell 74.34021146681906 100.0055041616396 0.0 1.0 1.0 1 0 0 0.0 1.0 0
cell 44.20869004915384 71.03230911880108 0.0 1.0 1.0 1 0 0 0.0 1.0 0
cell 103.00190842663557 23.929950864986925 0.0 1.0 1.0 1 0 0 0.0 1.0 0
cell 185.74554604083215 185.27416340954997 0.0 2.23606797749979 0.4472135954999579 1 0 0 0.38763432479176285 -0.9218132295878781 5.487057556162737
cell 12.531503563095907 105.59369785974565 0.0 2.23606797749979 0.4472135954999579 1 0 0 0.36495674261059485 0.9310244765971859 0.7471726810246672
cell 99.99303853749899 107.48553907472736 0.0 1.0 1.0 1 0 0 0.0 1.0 0
cell 85.33299917939159 10.235687958254932 0.0 1.0 1.0 1 0 0 0.0 1.0 0
cell 162.66268454471327 7.348573569142416 0.0 2.23606797749979 0.4472135954999579 1 0 0 0.6215453035919964 0.7833782200078918 1.3414275563359244
cell 32.82743671364391 4.291048676321441 0.0 2.23606797749979 0.4472135954999579 1 0 0 0.42860279474159246 0.9034930239574052 0.8858915206964137
cell 71.09154976336924 76.46201979978348 0.0 1.0 1.0 1 0 0 0.0 1.0 0
cell 80.6786816620008 6.056557234721812 0.0 2.23606797749979 0.4472135954999579 1 0 0 -0.9166322083472813 -0.39973165326301885 2.3191445046419568
cell 158.26476309802396 90.00889278235343 0.0 1.0 1.0 1 0 0 0.0 1.0 0
cell 140.4188501168568 158.29949072352142 0.0 1.0 1.0 1 0 0 0.0 1.0 0
cell 167.98739270288507 64.24236708163487 0.0 1.0 1.0 1 0 0 0.0 1.0 0
cell 141.11493997362626 2.035790590487526 0.0 1.0 1.0 1 0 0 0.0 1.0 0
cell 78.84451650521397 84.43037619657066 0.0 1.0 1.0 1 0 0 0.0 1.0 0
cell 31.905664507803255 52.950878752583534 0.0 1.0 1.0 1 0 0 0.0 1.0 0
cell 106.38202038875347 20.342167883246844 0.0 1.0 1.0 1 0 0 0.0 1.0 0
cell 8.859898669349331 31.8159163318532 0.0 2.23606797749979 0.4472135954999579 1 0 0 0.3874374365010925 -0.9218959989052246 5.487484713085053
cell 151.10894738852008 86.85360203234224 0.0 1.0 1.0 1 0 0 0.0 1.0 0
cell 140.3052278582155 111.96821383785235 0.0 1.0 1.0 1 0 0 0.0 1.0 0
cell 18.373956019123128 14.26067370526568 0.0 2.23606797749979 0.4472135954999579 1 0 0 0.1782296140756928 -0.9839889250730567 5.924811379028999
cell 37.55026663663903 44.13118963766341 0.0 2.23606797749979 0.4472135954999579 1 0 0 0.9527566967097686 0.3037345500180875 2.5243727553736686
cell 149.65014876085687 70.77983479577 0.0 1.0 1.0 1 0 0 0.0 1.0 0
cell 34.615058958016995 66.00970005678957 0.0 1.0 1.0 1 0 0 0.0 1.0 0
cell 91.42417769116413 174.36487440405685 0.0 2.23606797749979 0.4472135954999579 1 0 0 0.9318563876796566 0.36282733185445315 2.398992266734945
cell 104.61198573490685 81.92045904956152 0.0 2.23606797749979 0.4472135954999579 1 0 0 -0.17479889179873723 -0.9846041577334179 0.3514030232260996
cell 101.15791539163938 119.3701411533651 0.0 1.0 1.0 1 0 0 0.0 1.0 0
cell 132.08693558407447 24.032016956788592 0.0 1.0 1.0 1 0 0 0.0 1.0 0
cell 114.25549597044504 124.27570595449978 0.0 1.0 1.0 1 0 0 0.0 1.0 0
cell 148.35553756265128 150.8739927354471 0.0 1.0 1.0 1 0 0 0.0 1.0 0
cell 74.09584051386297 44.4492215069307 0.0 1.0 1.0 1 0 0 0.0 1.0 0
cell 178.31981753418128 84.49872412716569 0.0 2.23606797749979 0.4472135954999579 1 0 0 -0.047016814260825594 -0.9988940980788519 0.09406830785305687
cell 109.51488540055479 25.626833513492404 0.0 1.0 1.0 1 0 0 0.0 1.0 0
cell 123.19935328982783 106.51706253348341 0.0 1.0 1.0 1 0 0 0.0 1.0 0
cell 14.618669523950068 104.70708431412356 0.0 2.23606797749979 0.4472135954999579 1 0 0 0.5539046492142193 0.8325801100067625 1.1740935588436894
cell 79.11830600757038 19.62849770060871 0.0 1.0 1.0 1 0 0 0.0 1.0 0
cell 95.42405537161899 181.2730459829877 0.0 2.23606797749979 0.4472135954999579 1 0 0 0.9559397660359361 0.2935628786327723 2.545689031262083
cell 132.80584470743273 66.4161778527431 0.0 1.0 1.0 1 0 0 0.0 1.0 0
cell 67.29956250302787 100.87231519455071 0.0 1.0 1.0 1 0 0 0.0 1.0 0
cell 82.69595709516626 169.8864959593647 0.0 1.0 1.0 1 0 0 0.0 1.0 0
cell 94.1020519993128 16.633050854531117 0.0 1.0 1.0 1 0 0 0.0 1.0 0
cell 131.47295900197776 118.30887710968248 0.0 1.0 1.0 1 0 0 0.0 1.0 0
cell 184.91247427707987 131.99890704209898 0.0 2.23606797749979 0.4472135954999579 1 0 0 0.9014063251847126 -0.43297417580843317 4.037171966620227
cell 19.535080814193087 45.61053443715663 0.0 2.23606797749979 0.4472135954999579 1 0 0 0.8256238246708124 0.5642209674727975 1.9426138922779748
cell 21.364632318433607 153.1687537376682 0.0 2.23606797749979 0.4472135954999579 1 0 0 0.9982574419744125 -0.05900914795777409 3.259679548565765
cell 163.3502320375307 169.83771385021976 0.0 2.23606797749979 0.4472135954999579 1 0 0 0.8492860678920557 0.5279329265015116 2.0292630065932764
cell 6.954469803515322 177.84980574712978 0.0 2.23606797749979 0.4472135954999579 1 0 0 -0.36753241421230487 -0.9300107120368425 0.7527086751271224
cell 174.8247124720654 106.19047431398762 0.0 2.23606797749979 0.4472135954999579 1 0 0 -0.9907852734314258 0.13544202431821098 3.4133118220121403
cell 99.62995999714849 176.6893805119864 0.0 2.23606797749979 0.4472135954999579 1 0 0 0.9687934373757132 0.24786947310580615 2.6406316948557427
cell 10.727940881215698 28.533077624467627 0.0 2.23606797749979 0.4472135954999579 1 0 0 -0.34039972911824234 0.9402808221038156 5.588501344034255
cell 30.9441926982079 32.16619887436903 0.0 1.0 1.0 1 0 0 0.0 1.0 0
cell 184.4348814190029 150.36354966188915 0.0 2.23606797749979 0.4472135954999579 1 0 0 0.808134208263825 0.5889983883117176 1.8819549184019109
cell 35.64179649881323 49.18147688753489 0.0 1.0 1.0 1 0 0 0.0 1.0 0
cell 52.552277381758316 38.41066998760849 0.0 2.23606797749979 0.4472135954999579 1 0 0 0.9844747532378709 0.1755262380307663 2.7887120944561268
cell 58.56522024084497 46.40811267494586 0.0 1.0 1.0 1 0 0 0.0 1.0 0
cell 89.14214676211313 51.9360233378581 0.0 1.0 1.0 1 0 0 0.0 1.0 0
cell 88.51081805646209 70.69134636680255 0.0 2.23606797749979 0.4472135954999579 1 0 0 -0.34840361491966637 -0.9373446117148745 0.7117349407848446
cell 119.28506213354832 174.50744536988327 0.0 2.23606797749979 0.4472135954999579 1 0 0 0.9911766236936496 0.13254772967975473 2.8757147530248526
cell 29.22373612270987 128.2325062768103 0.0 1.0 1.0 1 0 0 0.0 1.0 0
cell 9.21366299363471 135.4631407226309 0.0 2.23606797749979 0.4472135954999579 1 0 0 0.8629221191364786 -0.5053369334463977 4.201137407752198
cell 122.5625396788623 89.99717600172133 0.0 2.23606797749979 0.4472135954999579 1 0 0 0.2346667461868281 0.9720758809033824 0.4737514538926251
cell 132.64401513588692 88.05398558100372 0.0 2.23606797749979 0.4472135954999579 1 0 0 0.3450555850471146 0.9385822517114808 0.7045960136058911
cell 86.50471205679546 18.17204262414474 0.0 1.0 1.0 1 0 0 0.0 1.0 0
cell 19.370393165192574 39.282836398099754 0.0 1.0 1.0 1 0 0 0.0 1.0 0
cell 186.72557013055575 17.372277906912373 0.0 2.23606797749979 0.4472135954999579 1 0 0 -0.11072242033552936 0.9938513699920337 6.061285486512675
cell 75.42914285342461 36.26329786240396 0.0 1.0 1.0 1 0 0 0.0 1.0 0
cell 98.67428319534149 133.831814694797 0.0 2.23606797749979 0.4472135954999579 1 0 0 0.8077752771640846 -0.5894905441162618 4.402448664414435
cell 141.85468876779711 103.33699057963604 0.0 2.23606797749979 0.4472135954999579 1 0 0 0.2682678738423915 0.9633443558064181 0.5431890917292798
cell 184.32844937287484 79.27182933267592 0.0 2.23606797749979 0.4472135954999579 1 0 0 0.9983441009617606 -0.05752439547577948 3.2567049896938496
cell 162.1652246284849 151.1120317298953 0.0 1.0 1.0 1 0 0 0.0 1.0 0
cell 88.96415578521602 43.23316324052873 0.0 1.0 1.0 1 0 0 0.0 1.0 0
cell 151.5464996222862 38.326151116496405 0.0 2.23606797749979 0.4472135954999579 1 0 0 -0.08820811980963968 0.996102066858436 6.106539490000168
cell 27.85509873877053 114.99279508287584 0.0 2.23606797749979 0.4472135954999579 1 0 0 0.6032158433520385 0.797577987615687 1.295054003561297
cell 138.3528500348588 101.74052342379456 0.0 2.23606797749979 0.4472135954999579 1 0 0 0.2302788184814849 0.9731246917835202 0.4647283838312343
cell 81.94192086742594 31.522857467927555 0.0 1.0 1.0 1 0 0 0.0 1.0 0
cell 1.6525170324024256 41.11851614951696 0.0 2.23606797749979 0.4472135954999579 1 0 0 -0.49298531515487415 0.8700376308192935 5.25214994947776
cell 51.540514185698164 9.383044444067991 0.0 1.0 1.0 1 0 0 0.0 1.0 0
cell 121.6674803928268 79.77241820734572 0.0 2.23606797749979 0.4472135954999579 1 0 0 0.31157925013083343 0.9502201696911656 0.6337091279384832
cell 33.54074673693482 16.217042349289773 0.0 2.23606797749979 0.4472135954999579 1 0 0 -0.2677026235197939 -0.9635015855516894 0.5420156708672375
cell 134.06224190824514 58.5626945348348 0.0 1.0 1.0 1 0 0 0.0 1.0 0
cell 17.988688999965984 7.826132177848472 0.0 2.23606797749979 0.4472135954999579 1 0 0 -0.011316133063104783 -0.9999359705163616 0.022632749182686318
cell 92.27515020395197 184.1719370542789 0.0 2.23606797749979 0.4472135954999579 1 0 0 0.9424321388628353 0.3343974635645755 2.459661022515622
cell 17.265589366493344 45.464019587803215 0.0 1.0 1.0 1 0 0 0.0 1.0 0
cell 131.1150924109404 96.04176087505438 0.0 2.23606797749979 0.4472135954999579 1 0 0 0.2007388662561987 0.9796447864272927 0.404224162250709
cell 26.66068939991372 55.21162434296856 0.0 2.23606797749979 0.4472135954999579 1 0 0 0.9589213714111033 0.2836719997656603 2.5663501449278523
cell 77.56068236442582 65.11532721488003 0.0 2.23606797749979 0.4472135954999579 1 0 0 -0.424895129956573 -0.9052425799415242 0.8776920700218076
cell 140.19630280233767 32.501122291460696 0.0 1.0 1.0 1 0 0 0.0 1.0 0
cell 13.048967814014196 176.52164318371717 0.0 2.23606797749979 0.4472135954999579 1 0 0 0.49217147553506563 0.8704982703427022 1.0291650381986086
cell 88.1544023276332 7.281892518930633 0.0 1.0 1.0 1 0 0 0.0 1.0 0
cell 30.28613274166554 17.008241242175444 0.0 2.23606797749979 0.4472135954999579 1 0 0 -0.2117217337423374 -0.977329989031923 0.42667259095624743
cell 112.26726068168587 24.733835640394364 0.0 1.0 1.0 1 0 0 0.0 1.0 0
cell 122.91964065282056 29.441782372933805 0.0 1.0 1.0 1 0 0 0.0 1.0 0
cell 108.09316797049267 58.09475320916077 0.0 1.0 1.0 1 0 0 0.0 1.0 0
cell 5.1745840413480355 143.156092510269 0.0 1.0 1.0 1 0 0 0.0 1.0 0
cell 145.56190310393518 133.42064644435985 0.0 1.0 1.0 1 0 0 0.0 1.0 0
cell 39.37141450004196 181.89159220970103 0.0 1.0 1.0 1 0 0 0.0 1.0 0
cell 116.7256217739611 55.84667153713735 0.0 1.0 1.0 1 0 0 0.0 1.0 0
cell 152.37480176924228 11.463729705185022 0.0 1.0 1.0 1 0 0 0.0 1.0 0
cell 6.78547320008289 10.426952236385876 0.0 2.23606797749979 0.4472135954999579 1 0 0 0.0987885945254131 -0.9951084431315481 6.085285333119836
cell 100.0859241527325 124.19283067782952 0.0 2.23606797749979 0.4472135954999579 1 0 0 0.9696912477549736 0.24433355076084498 2.6479279473368726
cell 34.147789535477465 36.74315968407435 0.0 2.23606797749979 0.4472135954999579 1 0 0 0.9663119328702883 0.25737375233789395 2.6209858337965906
cell 106.25945562816722 21.93181619996529 0.0 1.0 1.0 1 0 0 0.0 1.0 0
cell 90.87385036300154 126.13900954151417 0.0 1.0 1.0 1 0 0 0.0 1.0 0
cell 75.2225182043123 42.81267011816977 0.0 1.0 1.0 1 0 0 0.0 1.0 0
cell 155.45696480177304 25.701094089213143 0.0 1.0 1.0 1 0 0 0.0 1.0 0
cell 94.43761611987816 30.33307353778631 0.0 1.0 1.0 1 0 0 0.0 1.0 0
cell 73.78417793592638 182.50121996564457 0.0 2.23606797749979 0.4472135954999579 1 0 0 0.8414793985156866 0.5402892020702229 2.0000311448229167
cell 46.207412117874334 76.68594752945747 0.0 1.0 1.0 1 0 0 0.0 1.0 0
cell 119.06767350122604 6.340954027293144 0.0 1.0 1.0 1 0 0 0.0 1.0 0
cell 49.59697718342439 19.507272762866478 0.0 1.0 1.0 1 0 0 0.0 1.0 0
cell 116.92480673485824 131.46293872731593 0.0 1.0 1.0 1 0 0 0.0 1.0 0
cell 81.21444964776313 155.1172958696625 0.0 1.0 1.0 1 0 0 0.0 1.0 0
cell 27.593532349698435 58.912510369044604 0.0 2.23606797749979 0.4472135954999579 1 0 0 0.9851028137214364 0.1719664106682145 2.7959417127173407
cell 122.93275748582377 146.39253533457222 0.0 1.0 1.0 1 0 0 0.0 1.0 0
cell 87.02245297110112 180.80577272063067 0.0 2.23606797749979 0.4472135954999579 1 0 0 0.9279606800465103 0.3726781135076463 2.37780590447074
cell 140.32446262971848 6.130609664383541 0.0 1.0 1.0 1 0 0 0.0 1.0 0
cell 114.51612695710081 156.4773238310979 0.0 2.23606797749979 0.4472135954999579 1 0 0 -0.2965198327608985 0.9550266953229364 5.681092247563568
cell 4.785754872800098 35.190665198660675 0.0 2.23606797749979 0.4472135954999579 1 0 0 -0.37686317321313473 0.9262689397122883 5.510370436506657
cell 38.889939955853194 140.0939341599166 0.0 2.23606797749979 0.4472135954999579 1 0 0 0.9394005594461676 0.3428215117407706 2.441755090890268
cell 120.20567136752446 142.1351383306882 0.0 1.0 1.0 1 0 0 0.0 1.0 0
cell 85.61544958125126 82.73277519147005 0.0 1.0 1.0 1 0 0 0.0 1.0 0
cell 18.216093311412973 89.17676108164655 0.0 2.23606797749979 0.4472135954999579 1 0 0 0.8158733395604595 0.5782306579510146 1.9084759098612267
cell 130.78499686358606 79.86832366052928 0.0 1.0 1.0 1 0 0 0.0 1.0 0
cell 94.91132361150144 8.461759862622905 0.0 1.0 1.0 1 0 0 0.0 1.0 0
cell 57.30681758291101 71.75771606372936 0.0 1.0 1.0 1 0 0 0.0 1.0 0
cell 159.9454610599173 43.58464765740817 0.0 1.0 1.0 1 0 0 0.0 1.0 0
cell 93.15791561167646 25.110133046073685 0.0 1.0 1.0 1 0 0 0.0 1.0 0
cell 39.716236253295655 121.30227709927114 0.0 2.23606797749979 0.4472135954999579 1 0 0 0.30281206868051963 0.95305028779253 0.6152837498589698
cell 115.52851144938101 122.81043432690555 0.0 1.0 1.0 1 0 0 0.0 1.0 0
cell 83.08495490032777 33.26137486687846 0.0 1.0 1.0 1 0 0 0.0 1.0 0
cell 180.80598792686047 2.986292977397184 0.0 2.23606797749979 0.4472135954999579 1 0 0 0.9954518931950944 0.09526556741185352 2.950772140264247
cell 117.08907790737321 10.823510168392977 0.0 1.0 1.0 1 0 0 0.0 1.0 0
cell 35.92722574473221 41.68655574120211 0.0 2.23606797749979 0.4472135954999579 1 0 0 0.984353088709667 0.17620725509393356 2.787328495501465
cell 12.757084579811023 104.6942340251266 0.0 2.23606797749979 0.4472135954999579 1 0 0 -0.3592538498691289 -0.9332398787847684 0.7349364872977615
cell 41.57801551533213 144.66757265668178 0.0 2.23606797749979 0.4472135954999579 1 0 0 0.9642552768912955 0.2649750195533366 2.605236622066922
cell 78.23245574138458 176.68681224909508 0.0 2.23606797749979 0.4472135954999579 1 0 0 0.8474841384722664 0.5308207183578278 2.0224552749222506
cell 13.0300918478694 153.13302349062303 0.0 2.23606797749979 0.4472135954999579 1 0 0 0.9861915407804743 -0.16560871019675882 3.4743430787907914
cell 69.30320585692526 114.50078481839645 0.0 2.23606797749979 0.4472135954999579 1 0 0 0.19958646784409712 0.9798802181152129 0.401871758935471
cell 183.2820552164847 68.32588369144376 0.0 2.23606797749979 0.4472135954999579 1 0 0 -0.9987403688360975 0.05017644524212413 3.2419877011918548
cell 158.62059137375755 138.30802335308653 0.0 2.23606797749979 0.4472135954999579 1 0 0 0.4115178067849512 0.9114017197146951 0.8482375832245457
cell 108.44497773471147 80.57193721446043 0.0 2.23606797749979 0.4472135954999579 1 0 0 -0.2206535721192623 -0.9753522446331938 0.4449690161110924
cell 93.20058003895534 181.40331941910839 0.0 2.23606797749979 0.4472135954999579 1 0 0 0.9356322947165295 0.3529762160308839 2.4200923131121077
cell 99.90363149957834 38.501239555068025 0.0 1.0 1.0 1 0 0 0.0 1.0 0
cell 5.253996889450851 136.30696567831558 0.0 2.23606797749979 0.4472135954999579 1 0 0 0.9524600230253952 -0.30466359240720525 3.7607630749266887
cell 8.243129776710882 180.03094450234673 0.0 2.23606797749979 0.4472135954999579 1 0 0 -0.24386346790799682 -0.9698095735864259 0.4926952138176084
cell 149.43989298172124 171.4376068974292 0.0 1.0 1.0 1 0 0 0.0 1.0 0
cell 54.013112778138506 31.92475575456154 0.0 2.23606797749979 0.4472135954999579 1 0 0 0.9069369283903473 0.4212664334146288 2.271910147025519
cell 157.16227346828137 48.82461613750999 0.0 1.0 1.0 1 0 0 0.0 1.0 0
cell 180.5469688235206 186.46092465786506 0.0 2.23606797749979 0.4472135954999579 1 0 0 0.5042702073056616 -0.8635459212015913 5.226112017255311
cell 163.0672731167152 27.386660508507664 0.0 2.23606797749979 0.4472135954999579 1 0 0 0.1687142540305709 -0.9856650041910324 5.94413515135355
cell 117.6496790591244 63.822624822798005 0.0 1.0 1.0 1 0 0 0.0 1.0 0
cell 128.56931804275405 175.17494395527956 0.0 1.0 1.0 1 0 0 0.0 1.0 0
cell 120.99799726089151 119.00954055865505 0.0 1.0 1.0 1 0 0 0.0 1.0 0
cell 133.06950153243545 57.060805074057164 0.0 1.0 1.0 1 0 0 0.0 1.0 0
cell 99.22867622137652 140.7293097491301 0.0 2.23606797749979 0.4472135954999579 1 0 0 -0.28978806234178367 0.9570908415214276 5.695174525409511
cell 113.59382777161882 66.9668928030787 0.0 1.0 1.0 1 0 0 0.0 1.0 0
cell 13.883992873544914 20.549173657404523 0.0 1.0 1.0 1 0 0 0.0 1.0 0
cell 142.41454731461226 45.61325024649751 0.0 2.23606797749979 0.4472135954999579 1 0 0 0.9948730577163066 0.10113159264150097 2.9389830939737562
cell 183.09184123847547 76.29507159946354 0.0 2.23606797749979 0.4472135954999579 1 0 0 0.9999999944158783 -0.00010567991051031942 3.1418040134112073
cell 29.430694992380502 24.388277127081142 0.0 1.0 1.0 1 0 0 0.0 1.0 0
cell 125.28392781903833 82.3408464733456 0.0 2.23606797749979 0.4472135954999579 1 0 0 0.2882303723525492 0.9575610959377531 0.584756530456635
cell 67.73429600656021 78.15017205502194 0.0 1.0 1.0 1 0 0 0.0 1.0 0
cell 39.91041298026183 87.43244076370188 0.0 2.23606797749979 0.4472135954999579 1 0 0 0.8671214678912372 0.49809673751405553 2.0987877173572804
cell 85.21894441394313 143.62180571382586 0.0 2.23606797749979 0.4472135954999579 1 0 0 0.17161143534683884 -0.9851647147853996 5.938255030506079
cell 142.934367927803 51.92221906388049 0.0 1.0 1.0 1 0 0 0.0 1.0 0
cell 125.84483671726277 88.59519219025265 0.0 2.23606797749979 0.4472135954999579 1 0 0 0.2832890551169108 0.9590345725003702 0.5744438570664725
cell 141.40176954503215 177.57122504584578 0.0 2.23606797749979 0.4472135954999579 1 0 0 0.9511832985001565 0.3086265261677329 2.5140951932725137
cell 99.34704678076412 75.9600741170772 0.0 2.23606797749979 0.4472135954999579 1 0 0 -0.2025670596714774 -0.9792683934121698 0.4079572381283212
cell 169.3351472635616 67.32832856443986 0.0 1.0 1.0 1 0 0 0.0 1.0 0
cell 138.55689105243795 155.36527352320985 0.0 1.0 1.0 1 0 0 0.0 1.0 0
cell 9.665742171149654 32.217806398066614 0.0 2.23606797749979 0.4472135954999579 1 0 0 -0.39130591086144717 0.9202606609678006 5.479084844044295
cell 164.99798851577003 83.38674752704756 0.0 1.0 1.0 1 0 0 0.0 1.0 0
cell 140.65331175308137 144.90702517544668 0.0 1.0 1.0 1 0 0 0.0 1.0 0
cell 4.222757970796484 22.738470773043073 0.0 2.23606797749979 0.4472135954999579 1 0 0 0.43164926606092835 -0.9020415240492324 5.390544608669576
cell 16.39302726978596 187.8167173847709 0.0 2.23606797749979 0.4472135954999579 1 0 0 0.11748905926467583 -0.9930741769641891 6.047663209060185
cell 56.52886070252935 40.861473204223564 0.0 1.0 1.0 1 0 0 0.0 1.0 0
cell 71.50000321610028 116.69680240802828 0.0 2.23606797749979 0.4472135954999579 1 0 0 0.2674160167295216 0.9635811714622262 0.5414207679506583
cell 70.13406562720755 186.75753415302978 0.0 1.0 1.0 1 0 0 0.0 1.0 0
cell 153.32278335529855 153.92757574913085 0.0 2.23606797749979 0.4472135954999579 1 0 0 0.6331990249191378 0.7739890146775037 1.3713588495061584
cell 50.407874488254514 15.802602861634936 0.0 1.0 1.0 1 0 0 0.0 1.0 0
cell 174.38231178409492 22.2886767019412 0.0 2.23606797749979 0.4472135954999579 1 0 0 -0.036662284699589265 0.9993277124550316 6.209844301628812
cell 141.79796349670164 24.77975449191078 0.0 1.0 1.0 1 0 0 0.0 1.0 0
cell 42.49258159736111 148.2255888475553 0.0 2.23606797749979 0.4472135954999579 1 0 0 0.9940755369712985 0.10869142926295755 2.9237794829074706
cell 90.2406774754709 37.133229829068114 0.0 1.0 1.0 1 0 0 0.0 1.0 0
cell 126.80945947175458 185.66029922798353 0.0 2.23606797749979 0.4472135954999579 1 0 0 0.997853284536982 -0.06548910244274926 3.27266466334176
cell 67.34207847150019 8.463696433234844 0.0 2.23606797749979 0.4472135954999579 1 0 0 0.8630250426034237 0.5051611384888576 2.0824553162031254
cell 69.96652297409942 178.37846997325755 0.0 1.0 1.0 1 0 0 0.0 1.0 0
cell 130.58327386705204 8.826203386694461 0.0 1.0 1.0 1 0 0 0.0 1.0 0
cell 18.042114566282187 13.662842943836402 0.0 2.23606797749979 0.4472135954999579 1 0 0 0.17371678075468472 -0.9847956539730609 5.933980133123007
cell 148.27959524324933 77.31173414255454 0.0 1.0 1.0 1 0 0 0.0 1.0 0
cell 137.79622135017536 173.50430812035344 0.0 2.23606797749979 0.4472135954999579 1 0 0 0.8954420581548904 0.44517807727619946 2.2188464099832483
cell 124.74543096489117 171.90880467277762 0.0 1.0 1.0 1 0 0 0.0 1.0 0
cell 134.3249814935018 13.330809880073586 0.0 1.0 1.0 1 0 0 0.0 1.0 0
cell 25.551919087831752 132.801315182283 0.0 2.23606797749979 0.4472135954999579 1 0 0 0.6418630791296903 0.7668192666138175 1.3938508441348856
cell 161.67130130673897 45.41749353881342 0.0 1.0 1.0 1 0 0 0.0 1.0 0
cell 129.92063261110897 48.31488542266473 0.0 1.0 1.0 1 0 0 0.0 1.0 0
cell 112.21416853598545 134.04242152758817 0.0 1.0 1.0 1 0 0 0.0 1.0 0
cell 129.39483467582028 153.8774468569381 0.0 1.0 1.0 1 0 0 0.0 1.0 0
cell 74.85912464261533 54.20345004892804 0.0 1.0 1.0 1 0 0 0.0 1.0 0
cell 118.50760008654136 173.11962982068357 0.0 2.23606797749979 0.4472135954999579 1 0 0 -0.9927161040786865 -0.12047712107630425 2.900051673043624
cell 126.20291522667691 179.1213140980709 0.0 2.23606797749979 0.4472135954999579 1 0 0 0.9971345300743332 0.07564872063319211 2.9901505337250267
cell 11.13049898890819 11.157440169042534 0.0 2.23606797749979 0.4472135954999579 1 0 0 0.09150392227233187 -0.9958047159000499 6.099921109092796
cell 84.13801314478432 23.183945155519766 0.0 1.0 1.0 1 0 0 0.0 1.0 0
cell 60.888425547989655 80.11268146763544 0.0 1.0 1.0 1 0 0 0.0 1.0 0
cell 14.866412580319828 149.26417928940586 0.0 2.23606797749979 0.4472135954999579 1 0 0 0.9962920719696722 0.08603550040754959 2.9693086612091926
cell 101.92212973056766 61.20103082697567 0.0 1.0 1.0 1 0 0 0.0 1.0 0
cell 69.86822045014853 1.5802202847340607 0.0 2.23606797749979 0.4472135954999579 1 0 0 0.8229116567429238 0.5681693455270325 1.9330335816351616
cell 98.86268037694757 15.978658034634288 0.0 1.0 1.0 1 0 0 0.0 1.0 0
cell 62.69998275749429 7.2414858348490085 0.0 1.0 1.0 1 0 0 0.0 1.0 0
cell 52.50505040281834 120.46269341925424 0.0 2.23606797749979 0.4472135954999579 1 0 0 0.9955044897633102 -0.0947143645974116 3.331305753804581
cell 15.789667217624654 146.57631775232963 0.0 2.23606797749979 0.4472135954999579 1 0 0 0.9838407462065505 0.17904576538901443 2.781559737817591
cell 118.74106519161697 76.527374471936 0.0 1.0 1.0 1 0 0 0.0 1.0 0
cell 141.788437384672 125.5028409194884 0.0 1.0 1.0 1 0 0 0.0 1.0 0
cell 80.55624411881098 31.369455894315823 0.0 1.0 1.0 1 0 0 0.0 1.0 0
cell 70.27458477997027 153.21367698230557 0.0 2.23606797749979 0.4472135954999579 1 0 0 0.667213346676523 -0.7448666659320405 4.8222626167275005
cell 129.30063567410312 68.85618242581009 0.0 1.0 1.0 1 0 0 0.0 1.0 0
cell 134.07727645088914 69.91344014037784 0.0 1.0 1.0 1 0 0 0.0 1.0 0
cell 135.81814514426114 85.89368727113666 0.0 1.0 1.0 1 0 0 0.0 1.0 0
cell 70.19686267272316 62.350723141773734 0.0 2.23606797749979 0.4472135954999579 1 0 0 -0.3357200577267025 -0.9419618054040086 0.6847390991176203
cell 151.54014657952587 153.43212305824048 0.0 1.0 1.0 1 0 0 0.0 1.0 0
cell 81.21616933103248 118.25504494734433 0.0 1.0 1.0 1 0 0 0.0 1.0 0
cell 57.4035083077654 175.3141952827187 0.0 2.23606797749979 0.4472135954999579 1 0 0 0.48069991480943347 0.8768851646037829 1.0029054418314252
cell 40.617221908111766 110.91245372273012 0.0 2.23606797749979 0.4472135954999579 1 0 0 0.9991016285217386 0.042378483753079635 3.056810295878735
cell 131.29965813470548 153.64141637590444 0.0 1.0 1.0 1 0 0 0.0 1.0 0
cell 87.60443829017105 148.77892505202504 0.0 2.23606797749979 0.4472135954999579 1 0 0 0.336939330837949 -0.9415263604034011 5.595856814694777
cell 116.05677013569405 180.29104739279026 0.0 1.0 1.0 1 0 0 0.0 1.0 0
cell 85.28973024704564 115.36728315098897 0.0 1.0 1.0 1 0 0 0.0 1.0 0
cell 140.52514475295834 120.693375117844 0.0 1.0 1.0 1 0 0 0.0 1.0 0
cell 176.14915242638673 119.38874425028203 0.0 2.23606797749979 0.4472135954999579 1 0 0 -0.24281261108474902 0.9700732116176626 5.792656939170335
cell 114.2706841339639 17.488471974341593 0.0 1.0 1.0 1 0 0 0.0 1.0 0
cell 64.04298350096458 33.474492859199714 0.0 1.0 1.0 1 0 0 0.0 1.0 0
cell 51.819376930000175 23.852245858231466 0.0 2.23606797749979 0.4472135954999579 1 0 0 0.3471927653180921 0.9377937852805254 0.7091519859795563
cell 55.170064588840525 58.38258476887599 0.0 2.23606797749979 0.4472135954999579 1 0 0 0.08570802152080713 -0.9963202974179483 6.111558700829154
cell 38.57948998654962 39.78995664285837 0.0 2.23606797749979 0.4472135954999579 1 0 0 0.9821372819290647 0.1881657764977174 2.763004198417896
cell 128.88462910525232 41.41639991821633 0.0 1.0 1.0 1 0 0 0.0 1.0 0
cell 82.7214570272975 69.30694135143162 0.0 2.23606797749979 0.4472135954999579 1 0 0 -0.36372983880313686 -0.9315044843500454 0.7445377611802586
cell 38.591596643168394 42.855583046341756 0.0 2.23606797749979 0.4472135954999579 1 0 0 0.9713855526206738 0.23750812230285553 2.661993130797957
cell 78.0440812873213 45.90731693339542 0.0 1.0 1.0 1 0 0 0.0 1.0 0
cell 148.28549619015075 148.78593535046505 0.0 1.0 1.0 1 0 0 0.0 1.0 0
cell 155.65365122302558 66.04971856921463 0.0 1.0 1.0 1 0 0 0.0 1.0 0
cell 107.69057078505685 118.48590457248403 0.0 1.0 1.0 1 0 0 0.0 1.0 0
cell 117.08531850352742 90.88504010945296 0.0 2.23606797749979 0.4472135954999579 1 0 0 -0.13326756817018598 -0.9910800952869575 0.2673304641040559
cell 47.602755662461675 16.491125454144463 0.0 1.0 1.0 1 0 0 0.0 1.0 0
cell 1.5259718903074446 185.34791426534792 0.0 2.23606797749979 0.4472135954999579 1 0 0 0.9357903216981467 0.3525570504415976 2.420988242398417
cell 97.07324393613872 57.53131310526063 0.0 1.0 1.0 1 0 0 0.0 1.0 0
cell 58.64222591800649 59.30161947153547 0.0 2.23606797749979 0.4472135954999579 1 0 0 0.01242948717401457 -0.9999227509405869 6.258325692700982
cell 64.61861923709135 116.33037818492606 0.0 2.23606797749979 0.4472135954999579 1 0 0 0.9491053583903685 -0.3149587571011326 3.782419052062176
cell 20.025332392335084 10.338026509450609 0.0 2.23606797749979 0.4472135954999579 1 0 0 -0.0466272590637191 -0.9989123578734046 0.09328834202401737
cell 124.54978862895913 147.1908691616828 0.0 1.0 1.0 1 0 0 0.0 1.0 0
cell 89.30178556751274 187.69312311920984 0.0 2.23606797749979 0.4472135954999579 1 0 0 0.930803358241178 0.36552032540878676 2.39320915646187
cell 145.66435739091196 159.43754482107147 0.0 2.23606797749979 0.4472135954999579 1 0 0 0.594566313473566 0.804046577557826 1.2734523224186154
cell 104.93194963334348 158.5248986659344 0.0 1.0 1.0 1 0 0 0.0 1.0 0
cell 87.7686643637107 89.02220248676238 0.0 1.0 1.0 1 0 0 0.0 1.0 0
cell 152.8272445242619 162.1060954832135 0.0 2.23606797749979 0.4472135954999579 1 0 0 0.6704691555974828 0.7419374039583113 1.469681890894917
cell 78.21540684755604 24.115301243144565 0.0 1.0 1.0 1 0 0 0.0 1.0 0
cell 146.23219589976716 86.71832336830118 0.0 1.0 1.0 1 0 0 0.0 1.0 0
cell 128.4560692399984 12.620644194049286 0.0 1.0 1.0 1 0 0 0.0 1.0 0
cell 89.86187559390284 101.05625210049008 0.0 1.0 1.0 1 0 0 0.0 1.0 0
cell 114.14892655365144 128.91419184152238 0.0 1.0 1.0 1 0 0 0.0 1.0 0
cell 158.74272264140896 152.85297794844644 0.0 1.0 1.0 1 0 0 0.0 1.0 0
cell 95.37318469531704 137.79065342992166 0.0 2.23606797749979 0.4472135954999579 1 0 0 0.9156790467865745 -0.4019102925728953 3.9687968466367756
cell 141.89991525328912 58.06058317472896 0.0 1.0 1.0 1 0 0 0.0 1.0 0
cell 135.08795266714444 169.58441859558198 0.0 1.0 1.0 1 0 0 0.0 1.0 0
cell 19.294354036484503 15.597210919387043 0.0 2.23606797749979 0.4472135954999579 1 0 0 0.15061379000544947 -0.9885926796513286 5.980807075276007
cell 79.75318936156368 36.40142668772131 0.0 1.0 1.0 1 0 0 0.0 1.0 0
cell 160.3855021477474 147.37947919205496 0.0 1.0 1.0 1 0 0 0.0 1.0 0
cell 1.1961490025127386 148.11214594081363 0.0 2.23606797749979 0.4472135954999579 1 0 0 0.7767992342709715 -0.6297483224559096 4.504051005505642
cell 16.991719806931492 152.33374158619125 0.0 2.23606797749979 0.4472135954999579 1 0 0 0.9979119447092235 -0.0645890904615912 3.2708608200700993
cell 92.39195919260696 52.06553904838007 0.0 1.0 1.0 1 0 0 0.0 1.0 0
cell 143.8243210324624 60.244051691390624 0.0 1.0 1.0 1 0 0 0.0 1.0 0
cell 114.16270898532171 59.79715159467703 0.0 1.0 1.0 1 0 0 0.0 1.0 0
cell 28.932756455810217 148.1684762293709 0.0 2.23606797749979 0.4472135954999579 1 0 0 0.9906516619912377 0.13641585169619597 2.8679075839930674
cell 123.44200481569372 55.20118306895028 0.0 1.0 1.0 1 0 0 0.0 1.0 0
cell 47.946674500038256 49.35258350358523 0.0 2.23606797749979 0.4472135954999579 1 0 0 0.9495915616085218 0.3134898182108774 2.503860879818611
cell 83.93966871031982 16.354006988345116 0.0 1.0 1.0 1 0 0 0.0 1.0 0
cell 46.94414743310744 179.15197691056687 0.0 1.0 1.0 1 0 0 0.0 1.0 0
cell 63.075191702729086 67.27552253226605 0.0 1.0 1.0 1 0 0 0.0 1.0 0
cell 140.19248979825093 148.81893278373255 0.0 2.23606797749979 0.4472135954999579 1 0 0 0.2591392044903793 0.9658399829661709 0.5242617118266828
cell 172.9707162592512 70.1398377792353 0.0 2.23606797749979 0.4472135954999579 1 0 0 0.9834403332372302 0.18123220178060365 2.777114139241567
cell 68.02306356702908 154.0577343012682 0.0 2.23606797749979 0.4472135954999579 1 0 0 0.5806283187142424 -0.8141687512469834 5.0441848895322785
cell 19.45850781469986 32.5166711181097 0.0 1.0 1.0 1 0 0 0.0 1.0 0
cell 113.84346623980619 106.47198244951748 0.0 1.0 1.0 1 0 0 0.0 1.0 0
cell 35.75545978508438 19.27461176908101 0.0 2.23606797749979 0.4472135954999579 1 0 0 -0.33119254358800826 -0.9435631929403061 0.6751343355823494
cell 77.38501974402489 2.3217924727187036 0.0 2.23606797749979 0.4472135954999579 1 0 0 0.8861245998008148 0.4634470774833367 2.177830016207098
cell 154.98849770113347 125.58717292930524 0.0 2.23606797749979 0.4472135954999579 1 0 0 -0.0688690249712425 -0.9976257100734275 0.13784716359799543
cell 115.93258397446563 25.08038222369001 0.0 1.0 1.0 1 0 0 0.0 1.0 0
cell 37.401273812586155 127.73403860357658 0.0 2.23606797749979 0.4472135954999579 1 0 0 0.876631269007846 0.4811627772362421 2.1376313621360064
cell 68.88953880189094 9.554592861067716 0.0 2.23606797749979 0.4472135954999579 1 0 0 0.8722929600914092 0.48898363139778733 2.119744247530002
cell 152.7249280532681 19.916366402650553 0.0 1.0 1.0 1 0 0 0.0 1.0 0
cell 143.45876692880302 48.58933020476494 0.0 1.0 1.0 1 0 0 0.0 1.0 0
cell 71.03389454579367 132.59401649109708 0.0 2.23606797749979 0.4472135954999579 1 0 0 0.839773591380551 -0.5429367506623689 4.289453146315826
cell 125.32507035346077 180.49571678949042 0.0 2.23606797749979 0.4472135954999579 1 0 0 0.999879920879093 0.015496574551122728 3.1105982638845933
cell 82.0433190640571 41.076027986343945 0.0 1.0 1.0 1 0 0 0.0 1.0 0
cell 117.58265653876556 133.3691303242865 0.0 1.0 1.0 1 0 0 0.0 1.0 0
cell 29.15699475015624 33.05567141279362 0.0 1.0 1.0 1 0 0 0.0 1.0 0
cell 1.1119019163233563 86.15420505998755 0.0 2.23606797749979 0.4472135954999579 1 0 0 0.02885362958605649 -0.9995836473550929 6.22547003781677
cell 40.16264905792484 146.3119676927924 0.0 2.23606797749979 0.4472135954999579 1 0 0 0.9744988786354729 0.22439236960780537 2.688953733121879
cell 122.64651521907467 68.51098835614432 0.0 1.0 1.0 1 0 0 0.0 1.0 0
cell 142.0783432323722 109.59371104072962 0.0 2.23606797749979 0.4472135954999579 1 0 0 -0.3095662014196772 -0.9508778927594184 0.6294735800758131
cell 116.03680807622666 182.27681641718883 0.0 1.0 1.0 1 0 0 0.0 1.0 0
cell 103.35682266045184 69.60599827609465 0.0 1.0 1.0 1 0 0 0.0 1.0 0
cell 30.372644768174883 46.93000100598185 0.0 1.0 1.0 1 0 0 0.0 1.0 0
cell 70.19072100762227 22.51467444739505 0.0 1.0 1.0 1 0 0 0.0 1.0 0
cell 12.987649570802525 51.47428396803476 0.0 1.0 1.0 1 0 0 0.0 1.0 0
cell 69.27013474253516 101.04333559897988 0.0 1.0 1.0 1 0 0 0.0 1.0 0
cell 86.28630038886507 56.75454195010039 0.0 1.0 1.0 1 0 0 0.0 1.0 0
cell 133.65671262311804 71.35187804958042 0.0 1.0 1.0 1 0 0 0.0 1.0 0
cell 122.81889892941565 38.79425690773132 0.0 1.0 1.0 1 0 0 0.0 1.0 0
cell 141.85718648183678 36.98750295047191 0.0 2.23606797749979 0.4472135954999579 1 0 0 -0.04192997941633267 0.9991205516984154 6.199300756196238
cell 101.05490963350418 41.29337925688269 0.0 1.0 1.0 1 0 0 0.0 1.0 0
cell 35.963072216348344 135.08420041309364 0.0 2.23606797749979 0.4472135954999579 1 0 0 -0.8860199797111088 -0.46364705925167504 2.177378626924753
cell 131.79826750976895 67.89904118295004 0.0 1.0 1.0 1 0 0 0.0 1.0 0
cell 128.69632434739475 14.043432722736718 0.0 1.0 1.0 1 0 0 0.0 1.0 0
cell 51.61391712189627 79.63441412025338 0.0 2.23606797749979 0.4472135954999579 1 0 0 0.9937092612436244 -0.11199064299596742 3.366044793855694
cell 5.709821059656966 151.02048051138848 0.0 2.23606797749979 0.4472135954999579 1 0 0 0.9566134304741009 -0.29136016309127205 3.732889419341504
cell 156.29203771301766 42.58157383951668 0.0 1.0 1.0 1 0 0 0.0 1.0 0
cell 99.70076594085786 103.95795477120969 0.0 1.0 1.0 1 0 0 0.0 1.0 0
cell 21.550041812746244 59.92707537333872 0.0 2.23606797749979 0.4472135954999579 1 0 0 0.9510857499870821 0.30892700783762767 2.513463354852739
cell 132.06846966081108 168.66314574536713 0.0 1.0 1.0 1 0 0 0.0 1.0 0
cell 3.1073085772996927 59.59439369772615 0.0 2.23606797749979 0.4472135954999579 1 0 0 0.27631219874330726 -0.9610679314313005 5.72327572764163
cell 105.31552421670514 32.37319946128965 0.0 1.0 1.0 1 0 0 0.0 1.0 0
cell 19.62352862048113 137.71914222022286 0.0 1.0 1.0 1 0 0 0.0 1.0 0
cell 135.0517730591388 105.51086891239174 0.0 1.0 1.0 1 0 0 0.0 1.0 0
cell 42.40115422771662 58.10654650112153 0.0 2.23606797749979 0.4472135954999579 1 0 0 -0.17733377499779449 0.9841507670296414 5.926632060801998
cell 47.770052065806915 31.401604658602682 0.0 2.23606797749979 0.4472135954999579 1 0 0 0.9423978198047299 0.33449416919774805 2.4594557931098753
cell 156.03398549596244 77.56165521198767 0.0 2.23606797749979 0.4472135954999579 1 0 0 0.9842531001024095 0.17676491433199135 2.7861953908179373
cell 83.74050184993133 94.6891488076614 0.0 1.0 1.0 1 0 0 0.0 1.0 0
cell 149.55723773777657 57.97939830510204 0.0 1.0 1.0 1 0 0 0.0 1.0 0
cell 116.12678944031798 52.472508799942716 0.0 1.0 1.0 1 0 0 0.0 1.0 0
cell 140.99847948250778 62.82071377849155 0.0 1.0 1.0 1 0 0 0.0 1.0 0
cell 130.87482848580365 27.78276057970645 0.0 1.0 1.0 1 0 0 0.0 1.0 0
cell 137.52625297652995 157.7494856748203 0.0 1.0 1.0 1 0 0 0.0 1.0 0
cell 63.383495764510876 185.69262135301136 0.0 2.23606797749979 0.4472135954999579 1 0 0 0.5167537937950405 0.8561340529370577 1.0861097790449044
cell 1.7090575196970863 152.57921501689265 0.0 2.23606797749979 0.4472135954999579 1 0 0 0.8098986246039814 -0.5865698746650557 4.395226773093867
cell 21.773723893895742 32.08227849602523 0.0 1.0 1.0 1 0 0 0.0 1.0 0
cell 59.89089465507769 32.636601379010514 0.0 2.23606797749979 0.4472135954999579 1 0 0 0.9518310448165871 0.306622996729476 2.5183064672548414
cell 43.25426400520206 23.322256817237673 0.0 1.0 1.0 1 0 0 0.0 1.0 0
cell 126.51120459075598 171.89524192911733 0.0 1.0 1.0 1 0 0 0.0 1.0 0
cell 63.49882068404746 6.00447613274584 0.0 1.0 1.0 1 0 0 0.0 1.0 0
cell 104.92639766020937 30.61181698633835 0.0 1.0 1.0 1 0 0 0.0 1.0 0
cell 109.56664152483758 58.01571768060625 0.0 1.0 1.0 1 0 0 0.0 1.0 0
cell 39.67022008210164 179.65558778037317 0.0 2.23606797749979 0.4472135954999579 1 0 0 0.9936633133520766 -0.11239759649642407 3.3668638722710265
cell 94.78004479594408 84.44886282331704 0.0 1.0 1.0 1 0 0 0.0 1.0 0
cell 58.54911445467451 77.1323088570179 0.0 1.0 1.0 1 0 0 0.0 1.0 0
cell 105.41830581357159 3.8780609820301493 0.0 1.0 1.0 1 0 0 0.0 1.0 0
cell 105.79812697473119 45.42735200744548 0.0 1.0 1.0 1 0 0 0.0 1.0 0
cell 134.43210209507862 48.96844935439131 0.0 1.0 1.0 1 0 0 0.0 1.0 0
cell 16.26054136591343 151.43599911925423 0.0 2.23606797749979 0.4472135954999579 1 0 0 -0.9988740355015616 0.047441134059221825 3.236510549109973
cell 40.431541712633646 81.64592110700318 0.0 2.23606797749979 0.4472135954999579 1 0 0 0.7599386211291785 0.6499948400689677 1.7264373600411227
cell 141.16841412668282 167.61503890416066 0.0 2.23606797749979 0.4472135954999579 1 0 0 -0.8455043314502028 -0.5339685622758569 2.015017917027766
cell 48.681704506058985 18.685315000222626 0.0 1.0 1.0 1 0 0 0.0 1.0 0
cell 156.21777077713742 108.75920053407312 0.0 2.23606797749979 0.4472135954999579 1 0 0 0.5049296141982823 0.8631605208219233 1.0586008381965633
cell 115.85920090606477 183.57279369273542 0.0 1.0 1.0 1 0 0 0.0 1.0 0
cell 70.3164783431158 112.14153205822986 0.0 1.0 1.0 1 0 0 0.0 1.0 0
cell 94.88680958720816 140.52287698024745 0.0 2.23606797749979 0.4472135954999579 1 0 0 -0.0024098551177299194 0.99999709629494 6.2783655922791155
cell 147.0361132120383 157.33440596050391 0.0 2.23606797749979 0.4472135954999579 1 0 0 0.6327515577123013 0.774354870981423 1.3702028603269492
cell 140.0241171470475 78.35759645985314 0.0 1.0 1.0 1 0 0 0.0 1.0 0
cell 36.335454345521754 21.84790937084051 0.0 2.23606797749979 0.4472135954999579 1 0 0 -0.34230316741056294 -0.9395895601701288 0.6987341097081607
cell 144.19587484723473 61.52783098784193 0.0 1.0 1.0 1 0 0 0.0 1.0 0
cell 104.77329366939257 65.49838716824934 0.0 1.0 1.0 1 0 0 0.0 1.0 0
cell 27.59680188184166 25.05115538311227 0.0 2.23606797749979 0.4472135954999579 1 0 0 0.0022682211401527717 0.999997427583121 0.00453644617018311
cell 41.467006722102504 4.538160260555149 0.0 1.0 1.0 1 0 0 0.0 1.0 0
cell 49.94644987004488 40.823311021142494 0.0 2.23606797749979 0.4472135954999579 1 0 0 0.9875138043839422 0.1575324923663466 2.8252097632397244
cell 118.08300908528211 129.92190363619463 0.0 1.0 1.0 1 0 0 0.0 1.0 0
cell 124.26429047925838 136.70684851697817 0.0 1.0 1.0 1 0 0 0.0 1.0 0
cell 96.71406867827164 5.87890510313305 0.0 1.0 1.0 1 0 0 0.0 1.0 0
cell 75.34960001961848 65.88104789444664 0.0 2.23606797749979 0.4472135954999579 1 0 0 0.43750209204934576 0.8992173927657571 0.9056378425318821
cell 16.188123722283972 49.02335763557024 0.0 2.23606797749979 0.4472135954999579 1 0 0 0.8280282677815909 0.5606863541719364 1.9511637146598657
cell 146.93387990019562 49.30498601279507 0.0 1.0 1.0 1 0 0 0.0 1.0 0
cell 56.551091436318195 16.347412109011696 0.0 1.0 1.0 1 0 0 0.0 1.0 0
cell 11.975212118978325 59.22644355818969 0.0 2.23606797749979 0.4472135954999579 1 0 0 0.8619331536858981 0.5070219310612532 2.0781403319800846
cell 137.48210863022973 97.3001378679011 0.0 2.23606797749979 0.4472135954999579 1 0 0 0.26936786293651205 0.9630373587857413 0.5454731436723306
cell 106.72409024220681 121.65351044255554 0.0 1.0 1.0 1 0 0 0.0 1.0 0
cell 34.47996955792046 24.53550842294903 0.0 1.0 1.0 1 0 0 0.0 1.0 0
cell 65.35003187071463 21.556328425353456 0.0 2.23606797749979 0.4472135954999579 1 0 0 0.8982204896847125 0.4395451648130773 2.2314081796470524
cell 104.93552366659793 19.5612128297556 0.0 1.0 1.0 1 0 0 0.0 1.0 0
cell 79.4816348330758 124.96986846958684 0.0 1.0 1.0 1 0 0 0.0 1.0 0
cell 51.269702753455356 25.50034782405046 0.0 1.0 1.0 1 0 0 0.0 1.0 0
cell 48.93839236095059 10.191922371843196 0.0 1.0 1.0 1 0 0 0.0 1.0 0
cell 104.33807389143793 112.918317636916 0.0 1.0 1.0 1 0 0 0.0 1.0 0
cell 33.86523194247018 130.87250035257145 0.0 2.23606797749979 0.4472135954999579 1 0 0 0.8027178419748842 0.5963590077924411 1.863677465169866
cell 19.792539709225153 4.764284076473744 0.0 2.23606797749979 0.4472135954999579 1 0 0 -0.049263503965114086 -0.9987858164677146 0.09856690393083234
cell 161.85549675852977 110.92236556110502 0.0 1.0 1.0 1 0 0 0.0 1.0 0
cell 32.71544178525394 16.93776003291238 0.0 2.23606797749979 0.4472135954999579 1 0 0 -0.25158770757610704 -0.9678345031029837 0.5086407609796995
cell 67.80064421198828 95.9134134182482 0.0 1.0 1.0 1 0 0 0.0 1.0 0
cell 28.305662008559576 20.05541431474277 0.0 1.0 1.0 1 0 0 0.0 1.0 0
cell 118.74424366228534 53.87882729324604 0.0 1.0 1.0 1 0 0 0.0 1.0 0
cell 54.03464761546089 15.412728087212852 0.0 1.0 1.0 1 0 0 0.0 1.0 0
cell 86.98258788415713 85.20737101083623 0.0 1.0 1.0 1 0 0 0.0 1.0 0
cell 68.34924836127642 14.92856593452292 0.0 2.23606797749979 0.4472135954999579 1 0 0 0.897949968139335 0.44009755136624795 2.230178036854424
cell 118.72801441584626 65.54931835376233 0.0 1.0 1.0 1 0 0 0.0 1.0 0
cell 127.2057996507959 41.193454421723494 0.0 1.0 1.0 1 0 0 0.0 1.0 0
cell 96.85799671378493 4.119180303434471 0.0 1.0 1.0 1 0 0 0.0 1.0 0
cell 109.64194756665285 132.2073263921619 0.0 1.0 1.0 1 0 0 0.0 1.0 0
cell 25.705133208077573 45.90480366410113 0.0 2.23606797749979 0.4472135954999579 1 0 0 0.9275956916197562 0.3735856433114984 2.3758495538141986
cell 127.95259872091631 76.09760247913955 0.0 1.0 1.0 1 0 0 0.0 1.0 0
cell 88.8393046048455 131.2379502175081 0.0 1.0 1.0 1 0 0 0.0 1.0 0
cell 141.52061291841758 71.20538110092451 0.0 1.0 1.0 1 0 0 0.0 1.0 0
cell 128.27241696766043 39.56179025375748 0.0 1.0 1.0 1 0 0 0.0 1.0 0
cell 23.399914364731888 49.421771005311676 0.0 2.23606797749979 0.4472135954999579 1 0 0 0.9104530517497942 0.4136124279557936 2.2887561961174794
cell 144.5836243743581 182.13308877961853 0.0 2.23606797749979 0.4472135954999579 1 0 0 0.9956677020945038 0.09298293932679476 2.9553577554939574
cell 23.9996063864845 5.936581820059977 0.0 2.23606797749979 0.4472135954999579 1 0 0 0.1102698742786611 0.9939016826761932 0.2209891521139096
cell 114.03771306115152 75.18527122869966 0.0 2.23606797749979 0.4472135954999579 1 0 0 0.24155126475576874 0.9703880597445995 0.48792827251661125
cell 149.27902756728508 89.24038652846465 0.0 1.0 1.0 1 0 0 0.0 1.0 0
cell 60.99993709993668 181.59444826994996 0.0 2.23606797749979 0.4472135954999579 1 0 0 0.4970811000205213 0.8677040855051845 1.0404631736835064
cell 47.03199803465944 32.58014554773662 0.0 2.23606797749979 0.4472135954999579 1 0 0 0.9521236368444086 0.3057132319056157 2.520217783240214
cell 0.3804113968841573 58.274790120517466 0.0 2.23606797749979 0.4472135954999579 1 0 0 0.9817282311940765 0.1902884128804221 2.7586808156975486
cell 181.38123843364534 85.64453114733315 0.0 2.23606797749979 0.4472135954999579 1 0 0 -0.03424253754582491 -0.9994135523507888 0.06849846586999675
cell 138.27970463930782 33.10170591546478 0.0 1.0 1.0 1 0 0 0.0 1.0 0
cell 3.7113105502426476 22.139421217122905 0.0 2.23606797749979 0.4472135954999579 1 0 0 0.39577289407243366 -0.9183484177138491 5.46936668378121
cell 124.2408181372334 144.68013567908136 0.0 1.0 1.0 1 0 0 0.0 1.0 0
cell 75.73578416150679 30.672195665154494 0.0 1.0 1.0 1 0 0 0.0 1.0 0
cell 31.46971058717201 99.1678819741957 0.0 2.23606797749979 0.4472135954999579 1 0 0 0.9624833143712282 0.2713408733622258 2.592020858030296
cell 155.18160146682376 40.88033636940329 0.0 1.0 1.0 1 0 0 0.0 1.0 0
cell 121.59276219106953 3.2831017891503125 0.0 1.0 1.0 1 0 0 0.0 1.0 0
cell 76.23201760904115 102.69958031090633 0.0 1.0 1.0 1 0 0 0.0 1.0 0
cell 132.55697272171537 100.3871227576434 0.0 2.23606797749979 0.4472135954999579 1 0 0 0.23485040482835345 0.97203152590436 0.47412933145296127
cell 149.35559755184457 182.66570048556233 0.0 2.23606797749979 0.4472135954999579 1 0 0 0.9999988747855363 -0.0015001425469740766 3.1445929398090633
cell 128.21886117427204 118.13665947203243 0.0 1.0 1.0 1 0 0 0.0 1.0 0
cell 101.63820405723615 38.856866620291875 0.0 1.0 1.0 1 0 0 0.0 1.0 0
cell 78.14343332339557 153.53174423708992 0.0 2.23606797749979 0.4472135954999579 1 0 0 0.5419649111407253 -0.8404011155943486 5.137638477215475
cell 10.808286332755474 152.97066151929485 0.0 2.23606797749979 0.4472135954999579 1 0 0 0.9721743973990858 -0.2342582784913361 3.6145037471768737
cell 78.31715383080193 70.78752704704566 0.0 2.23606797749979 0.4472135954999579 1 0 0 0.3348391109489502 0.9422753152762289 0.68286895930582
cell 136.40494687715386 61.39849011602635 0.0 1.0 1.0 1 0 0 0.0 1.0 0
cell 84.60783206935004 59.593391633913974 0.0 1.0 1.0 1 0 0 0.0 1.0 0
cell 164.66290389311425 28.71604676410505 0.0 2.23606797749979 0.4472135954999579 1 0 0 0.19496409643313872 -0.9808103797890854 5.8907436191637235
cell 167.41016705630128 126.48994167812313 0.0 2.23606797749979 0.4472135954999579 1 0 0 0.9606245358928787 0.2778497814298069 2.5784825986697886
cell 55.86260999036329 42.2470757007351 0.0 1.0 1.0 1 0 0 0.0 1.0 0
cell 53.21654478992873 185.52494997369158 0.0 1.0 1.0 1 0 0 0.0 1.0 0
cell 90.10300419060775 98.06415401493308 0.0 1.0 1.0 1 0 0 0.0 1.0 0
cell 168.18242977218176 34.064248609675325 0.0 2.23606797749979 0.4472135954999579 1 0 0 -0.08373318584407084 0.9964882104613192 6.115522624151381
cell 156.7694657650452 54.62307898702394 0.0 1.0 1.0 1 0 0 0.0 1.0 0
cell 131.93995247652424 9.422081753105934 0.0 1.0 1.0 1 0 0 0.0 1.0 0
cell 151.14498777236236 101.33390391186528 0.0 1.0 1.0 1 0 0 0.0 1.0 0
cell 88.16466571519241 14.695545091198316 0.0 1.0 1.0 1 0 0 0.0 1.0 0
cell 29.915364852958547 175.0326496228392 0.0 2.23606797749979 0.4472135954999579 1 0 0 0.7228676558950933 -0.6909865064244981 4.667298406668761
cell 149.8508839514991 81.86772426995924 0.0 1.0 1.0 1 0 0 0.0 1.0 0
cell 129.85584338595612 174.5127387696672 0.0 1.0 1.0 1 0 0 0.0 1.0 0
cell 23.58874955932445 172.52010170666298 0.0 2.23606797749979 0.4472135954999579 1 0 0 0.9956647570049134 0.0930144701557063 2.9552944193518385
cell 15.392036870311449 33.28483198534254 0.0 2.23606797749979 0.4472135954999579 1 0 0 -0.33029788999381926 0.9438767418819212 5.609946986428077
cell 167.4872140987576 78.18929632399318 0.0 2.23606797749979 0.4472135954999579 1 0 0 0.9955247037245075 0.09450166281199227 2.9523068736479696
cell 96.8387364579852 159.58243448946334 0.0 2.23606797749979 0.4472135954999579 1 0 0 0.33028869289071405 0.9438799602431146 0.6732188328522588
cell 106.07450770774403 110.08285489427554 0.0 1.0 1.0 1 0 0 0.0 1.0 0
cell 75.92928505375613 31.990178708199736 0.0 1.0 1.0 1 0 0 0.0 1.0 0
cell 134.42014294182508 130.2898341968512 0.0 1.0 1.0 1 0 0 0.0 1.0 0
cell 113.6000107440019 132.53038459496068 0.0 1.0 1.0 1 0 0 0.0 1.0 0
cell 114.29344501275034 5.313303417006248 0.0 1.0 1.0 1 0 0 0.0 1.0 0
cell 130.33366137850368 13.187995982389713 0.0 1.0 1.0 1 0 0 0.0 1.0 0
cell 38.38491136580582 22.230292372994942 0.0 2.23606797749979 0.4472135954999579 1 0 0 -0.35920844128549817 -0.9332573577043166 0.734839174357278
cell 130.4965253857562 30.053148156925833 0.0 1.0 1.0 1 0 0 0.0 1.0 0
cell 145.88309087037476 91.99248114434266 0.0 1.0 1.0 1 0 0 0.0 1.0 0
cell 110.88755643943895 80.53473398664111 0.0 2.23606797749979 0.4472135954999579 1 0 0 0.23044973426245888 0.9730842306698645 0.4650796632412971
cell 178.41819884710404 50.955263693559715 0.0 2.23606797749979 0.4472135954999579 1 0 0 0.8845213714747381 -0.4664996713872889 4.1122512847040325
cell 127.9661875806981 182.51621281403143 0.0 2.23606797749979 0.4472135954999579 1 0 0 0.9990156682332932 -0.04435870404313579 3.230339182263128
cell 158.5976138986693 96.60570566656948 0.0 1.0 1.0 1 0 0 0.0 1.0 0
cell 10.22923449262446 139.89798631259194 0.0 2.23606797749979 0.4472135954999579 1 0 0 0.5594518465507291 0.8288628543920759 1.1874486407648972
cell 55.66303026210796 7.95035479632209 0.0 1.0 1.0 1 0 0 0.0 1.0 0
cell 103.66484480366088 81.11728228643439 0.0 2.23606797749979 0.4472135954999579 1 0 0 -0.1856933777063569 -0.9826077393731459 0.3735549318199691
cell 114.16477792374509 78.54437652248843 0.0 2.23606797749979 0.4472135954999579 1 0 0 0.2862316548570918 0.9581604457280475 0.580583237570859
cell 138.84233853032495 20.965601770876425 0.0 1.0 1.0 1 0 0 0.0 1.0 0
cell 27.546113092223617 31.879163209400964 0.0 1.0 1.0 1 0 0 0.0 1.0 0
cell 153.6431727624824 26.603809492092292 0.0 1.0 1.0 1 0 0 0.0 1.0 0
cell 178.37653457896127 178.20277813810068 0.0 2.23606797749979 0.4472135954999579 1 0 0 0.9984799599338045 0.05511596511527462 3.0313048370611613
cell 93.53716876988919 87.2956148703194 0.0 1.0 1.0 1 0 0 0.0 1.0 0
cell 124.32639213628572 16.032508932292153 0.0 1.0 1.0 1 0 0 0.0 1.0 0
cell 63.43038826977141 101.06360326011952 0.0 1.0 1.0 1 0 0 0.0 1.0 0
cell 95.71352105020573 184.05709572119272 0.0 2.23606797749979 0.4472135954999579 1 0 0 0.9533974545859089 0.30171724112007553 2.528606008268759
cell 160.64749225251646 49.01398761773457 0.0 1.0 1.0 1 0 0 0.0 1.0 0
cell 78.08828927055758 55.049537717856005 0.0 1.0 1.0 1 0 0 0.0 1.0 0
cell 64.4209609588152 71.0605450549081 0.0 1.0 1.0 1 0 0 0.0 1.0 0
cell 176.27499252928104 123.58218363873453 0.0 2.23606797749979 0.4472135954999579 1 0 0 -0.05503788147289204 -0.998484267078343 0.11013141183938124
cell 95.07569978629218 94.51969449046035 0.0 1.0 1.0 1 0 0 0.0 1.0 0
cell 17.089046258589175 24.5570225347635 0.0 1.0 1.0 1 0 0 0.0 1.0 0
cell 165.3737460643368 161.9610762458908 0.0 2.23606797749979 0.4472135954999579 1 0 0 0.6555493816927719 0.7551523079235237 1.4298198041255972
cell 107.03902116765627 155.7270658055287 0.0 1.0 1.0 1 0 0 0.0 1.0 0
cell 85.0283276494066 47.86776830400124 0.0 1.0 1.0 1 0 0 0.0 1.0 0
cell 117.01245052501068 14.086724706677627 0.0 1.0 1.0 1 0 0 0.0 1.0 0
cell 106.77484660158616 94.32708830543716 0.0 1.0 1.0 1 0 0 0.0 1.0 0
cell 101.5644457176019 164.78847048617988 0.0 1.0 1.0 1 0 0 0.0 1.0 0
cell 83.56476536410274 129.27202943634828 0.0 1.0 1.0 1 0 0 0.0 1.0 0
cell 116.86095783369974 85.72285099635651 0.0 2.23606797749979 0.4472135954999579 1 0 0 -0.23398998971056173 -0.9722390059626549 0.4723591764307642
cell 71.77223952951557 47.63338818030161 0.0 1.0 1.0 1 0 0 0.0 1.0 0
cell 106.38990175558953 36.04576640718795 0.0 1.0 1.0 1 0 0 0.0 1.0 0
cell 122.80267810768355 20.408296788637738 0.0 1.0 1.0 1 0 0 0.0 1.0 0
cell 72.94190633776466 78.99744049230326 0.0 1.0 1.0 1 0 0 0.0 1.0 0
cell 6.267527437238565 99.10555331443851 0.0 2.23606797749979 0.4472135954999579 1 0 0 -0.19493736639843376 -0.9808156927688518 0.3923871821442759
cell 14.981754155595377 27.777627979087395 0.0 2.23606797749979 0.4472135954999579 1 0 0 0.05938368801144245 -0.9982352315953188 6.1643480161631325
cell 154.39940267720874 102.23537104797155 0.0 1.0 1.0 1 0 0 0.0 1.0 0
cell 124.60970661036662 68.67126844791035 0.0 1.0 1.0 1 0 0 0.0 1.0 0
cell 147.251896128784 13.247385898639996 0.0 1.0 1.0 1 0 0 0.0 1.0 0
cell 123.81905848215519 37.24663111063072 0.0 1.0 1.0 1 0 0 0.0 1.0 0
cell 32.53405940580318 14.955973258844557 0.0 2.23606797749979 0.4472135954999579 1 0 0 -0.26859619563132064 -0.9632528659144396 0.5438707532245823
cell 158.88048868459697 120.95150235361008 0.0 2.23606797749979 0.4472135954999579 1 0 0 0.2376187537711258 0.9713584960539837 0.47982730672091545
cell 35.58492665074548 42.71733954874789 0.0 2.23606797749979 0.4472135954999579 1 0 0 0.9807715792605866 0.19515918967523635 2.748753137197595
cell 83.44567296202642 152.00682120977223 0.0 1.0 1.0 1 0 0 0.0 1.0 0
cell 166.44030899041098 106.2309016388017 0.0 2.23606797749979 0.4472135954999579 1 0 0 0.4497271819865902 -0.8931659766148733 5.350265577123325
cell 101.54893564190373 24.780593516361137 0.0 1.0 1.0 1 0 0 0.0 1.0 0
cell 110.34686901893629 94.13678105597323 0.0 1.0 1.0 1 0 0 0.0 1.0 0
cell 28.843779408423977 22.035080259658923 0.0 1.0 1.0 1 0 0 0.0 1.0 0
cell 86.79547848635684 1.8489547146809895 0.0 2.23606797749979 0.4472135954999579 1 0 0 0.9273402613074943 0.37421924022977254 2.3744832599696415
cell 96.64840210430903 163.3037104321864 0.0 1.0 1.0 1 0 0 0.0 1.0 0
cell 94.16891774168731 46.5124113548177 0.0 1.0 1.0 1 0 0 0.0 1.0 0
cell 116.36797822958093 159.58336118543303 0.0 1.0 1.0 1 0 0 0.0 1.0 0
cell 156.68783966282925 70.58868110312612 0.0 1.0 1.0 1 0 0 0.0 1.0 0
cell 64.99141979344401 64.06399393848335 0.0 2.23606797749979 0.4472135954999579 1 0 0 0.17679615256530182 0.984247489424335 0.35546073896988006
cell 33.464339200221595 138.74118178510508 0.0 2.23606797749979 0.4472135954999579 1 0 0 -0.8897910262746579 -0.45636819516821175 2.193774117875998
cell 160.06050562475158 15.632100847317894 0.0 1.0 1.0 1 0 0 0.0 1.0 0
cell 70.82993671878181 9.899528665823045 0.0 2.23606797749979 0.4472135954999579 1 0 0 0.8987882590731742 0.43838301216198233 2.2339950395939026
cell 161.33506666353864 177.66089157573413 0.0 2.23606797749979 0.4472135954999579 1 0 0 0.9397884654441641 0.3417566974005091 2.4440216307906097
cell 66.98347075304754 13.579663596223494 0.0 2.23606797749979 0.4472135954999579 1 0 0 0.8723142230737944 0.488945698644709 2.119831218977646
cell 155.98975117136362 37.78923852232255 0.0 2.23606797749979 0.4472135954999579 1 0 0 -0.05160385225268464 0.9986676336162513 6.179931741406339
cell 173.6349152266691 4.0117765522636795 0.0 2.23606797749979 0.4472135954999579 1 0 0 0.4059772943509202 -0.9138831634686714 5.447089380238481
cell 117.92943256313475 168.13394023215625 0.0 1.0 1.0 1 0 0 0.0 1.0 0
cell 32.72834809763268 55.202614663663205 0.0 2.23606797749979 0.4472135954999579 1 0 0 0.985953346057196 0.16702095496858796 2.805977845472797
cell 186.1515355896062 146.66652783130607 0.0 2.23606797749979 0.4472135954999579 1 0 0 -0.6508921211813056 0.7591702355757243 4.865667362648982
cell 72.54133753392068 36.102207531119255 0.0 1.0 1.0 1 0 0 0.0 1.0 0
cell 101.5206813940256 37.35072457783165 0.0 1.0 1.0 1 0 0 0.0 1.0 0
cell 170.86263705469912 106.57787649625291 0.0 2.23606797749979 0.4472135954999579 1 0 0 0.9397184247396256 -0.34194923922254383 3.8395734473185046
cell 130.62481957030286 0.5753299946730501 0.0 1.0 1.0 1 0 0 0.0 1.0 0
cell 35.299877149314604 135.06719140461183 0.0 2.23606797749979 0.4472135954999579 1 0 0 0.8875073511809638 0.4607935563782868 2.183814389963542
cell 161.0752524765231 187.75505567552713 0.0 2.23606797749979 0.4472135954999579 1 0 0 0.7659701844259093 0.6428760973706664 1.7450982158607635
cell 128.04160895073844 120.01247446269998 0.0 1.0 1.0 1 0 0 0.0 1.0 0
cell 179.98337157434597 145.7843872128431 0.0 2.23606797749979 0.4472135954999579 1 0 0 -0.08614348393046846 -0.9962827410812259 0.17250076421191363
cell 180.9414344913857 46.48949235223033 0.0 2.23606797749979 0.4472135954999579 1 0 0 0.17944151019133914 -0.9837686437472235 5.922347872382401
cell 79.74189477421565 10.006454892447493 0.0 2.23606797749979 0.4472135954999579 1 0 0 0.9208412978516471 0.389937564452175 2.340465075580759
cell 68.73422823577855 72.72820095944638 0.0 1.0 1.0 1 0 0 0.0 1.0 0
cell 148.261597876653 80.67570322332305 0.0 1.0 1.0 1 0 0 0.0 1.0 0
cell 53.3438685306074 30.17830053309581 0.0 2.23606797749979 0.4472135954999579 1 0 0 0.8897172059227586 0.4565120956612207 2.1934506566183503
cell 46.44865200798103 58.24128996682652 0.0 2.23606797749979 0.4472135954999579 1 0 0 -0.17211348291232914 0.9850771284522788 5.937235769735941
cell 22.736467220234744 17.974934248711186 0.0 1.0 1.0 1 0 0 0.0 1.0 0
cell 45.6896784209947 47.086351495017325 0.0 1.0 1.0 1 0 0 0.0 1.0 0
cell 75.0675965090977 1.9238017778644658 0.0 2.23606797749979 0.4472135954999579 1 0 0 0.8663217677268363 0.49948633090671213 2.0955811673729663
cell 92.98210310887681 59.93578026153341 0.0 1.0 1.0 1 0 0 0.0 1.0 0
cell 139.5730096438114 93.6955860368329 0.0 2.23606797749979 0.4472135954999579 1 0 0 -0.3138021908776866 -0.949488380655795 0.6383897190362342
cell 78.25717194470465 49.28106922345428 0.0 1.0 1.0 1 0 0 0.0 1.0 0
cell 142.03320245725507 187.2828070744898 0.0 2.23606797749979 0.4472135954999579 1 0 0 0.9999202579354627 -0.012628450826518612 3.166850226610072
cell 98.8889215272123 51.59136658422525 0.0 1.0 1.0 1 0 0 0.0 1.0 0
cell 136.0150504057752 131.04981836289468 0.0 1.0 1.0 1 0 0 0.0 1.0 0
cell 97.28559053235897 77.0804009099498 0.0 2.23606797749979 0.4472135954999579 1 0 0 -0.2186793380871049 -0.9757967755090122 0.4409216915079277
cell 33.98058111052529 179.0893671816664 0.0 2.23606797749979 0.4472135954999579 1 0 0 0.6978764419187962 -0.716218173334607 4.738328832966842
cell 19.81169446690352 64.95775478177754 0.0 2.23606797749979 0.4472135954999579 1 0 0 0.9971100009544793 -0.07597134984030596 3.293681894104569
cell 109.21507832867738 180.24876079955533 0.0 2.23606797749979 0.4472135954999579 1 0 0 0.9986327358122685 0.05227484064159162 3.03699529722013
cell 104.44950785925866 118.9581431092612 0.0 1.0 1.0 1 0 0 0.0 1.0 0
cell 26.56707825073256 62.980480875695356 0.0 1.0 1.0 1 0 0 0.0 1.0 0
cell 65.83908005673726 93.22142937977904 0.0 1.0 1.0 1 0 0 0.0 1.0 0
cell 136.4280362227222 56.721953248157554 0.0 1.0 1.0 1 0 0 0.0 1.0 0
cell 78.88776780935825 168.82130067694962 0.0 1.0 1.0 1 0 0 0.0 1.0 0
cell 85.31194734187719 8.21299978764855 0.0 1.0 1.0 1 0 0 0.0 1.0 0
cell 77.30763934587051 44.406481210169616 0.0 1.0 1.0 1 0 0 0.0 1.0 0
cell 78.4288543090862 115.43788806972677 0.0 1.0 1.0 1 0 0 0.0 1.0 0
cell 41.88588454573861 43.80228144434867 0.0 2.23606797749979 0.4472135954999579 1 0 0 0.9857041470188317 0.16848541346323526 2.803006825951438
cell 156.17695033945355 31.56659475051019 0.0 2.23606797749979 0.4472135954999579 1 0 0 0.07696214386729926 -0.997034015674164 6.129108659662705
cell 124.43766689518601 5.438998256735613 0.0 1.0 1.0 1 0 0 0.0 1.0 0
cell 42.48232142139181 108.09979267852846 0.0 2.23606797749979 0.4472135954999579 1 0 0 0.9942969518696434 -0.10664694792977499 3.35529295181153
cell 178.51612024059517 87.35024083968888 0.0 2.23606797749979 0.4472135954999579 1 0 0 -0.061911175061762726 0.9980816631931837 6.159283718593053
cell 58.04268349873742 30.262936235260103 0.0 2.23606797749979 0.4472135954999579 1 0 0 0.9087751376180073 0.41728617188611916 2.2806786191361867
cell 104.61067220268083 179.46608418448494 0.0 2.23606797749979 0.4472135954999579 1 0 0 0.9886388030556624 0.15031073512117196 2.839827511017544
cell 0.8536096726859784 144.33612985615792 0.0 2.23606797749979 0.4472135954999579 1 0 0 0.7495069374685484 -0.6619964884246121 4.588551400761735
cell 117.4792087472821 128.15942884437095 0.0 2.23606797749979 0.4472135954999579 1 0 0 -0.0522954973416571 -0.9986316542939087 0.1046387263558648
cell 77.27779441927589 47.610925754739455 0.0 1.0 1.0 1 0 0 0.0 1.0 0
cell 99.31375882893187 7.653029840091981 0.0 1.0 1.0 1 0 0 0.0 1.0 0
cell 112.23989023685758 61.024587085599066 0.0 1.0 1.0 1 0 0 0.0 1.0 0
cell 17.331990150550908 47.98734489679962 0.0 2.23606797749979 0.4472135954999579 1 0 0 0.8199717824636276 0.5724039447483057 1.9227234409582807
cell 60.82747993246495 10.650910506348673 0.0 1.0 1.0 1 0 0 0.0 1.0 0
cell 47.09330220757659 37.34750189242293 0.0 2.23606797749979 0.4472135954999579 1 0 0 0.9663637333343955 0.2571791883026489 2.621388517056881
cell 29.01804490901907 49.62262305170632 0.0 1.0 1.0 1 0 0 0.0 1.0 0
cell 53.22446594884234 9.992992167046703 0.0 1.0 1.0 1 0 0 0.0 1.0 0
cell 83.17126788360851 73.46948885754054 0.0 2.23606797749979 0.4472135954999579 1 0 0 0.3192942404387195 0.9476556273365664 0.6499693022328504
cell 28.04601955988878 119.77626281896016 0.0 2.23606797749979 0.4472135954999579 1 0 0 0.36568419274861375 0.9307389919702487 0.7487356080307672
cell 134.95799881598478 38.43948611571649 0.0 2.23606797749979 0.4472135954999579 1 0 0 -0.11108135695240075 0.9938113161650018 6.060563157486791
cell 149.28717443663663 17.646624914741146 0.0 1.0 1.0 1 0 0 0.0 1.0 0
cell 96.33316445561186 124.94510841043981 0.0 2.23606797749979 0.4472135954999579 1 0 0 0.9663223610075433 0.25733459661850216 2.62106687493202
cell 174.91046364667724 107.89512648318471 0.0 2.23606797749979 0.4472135954999579 1 0 0 0.9913205520921742 -0.1314669654311187 3.4052899424398286
cell 58.63603452310412 70.28980577818729 0.0 1.0 1.0 1 0 0 0.0 1.0 0
cell 54.35109099047987 20.225163761113045 0.0 1.0 1.0 1 0 0 0.0 1.0 0
cell 54.127266541182486 7.726325414932661 0.0 1.0 1.0 1 0 0 0.0 1.0 0
cell 19.794507370401845 27.755182157044576 0.0 2.23606797749979 0.4472135954999579 1 0 0 -0.12522308564960036 0.9921286100200885 6.03207994006995
cell 118.1999986532282 112.40636209388333 0.0 1.0 1.0 1 0 0 0.0 1.0 0
cell 87.67881142122422 141.70229804950503 0.0 2.23606797749979 0.4472135954999579 1 0 0 -0.012364730490223394 -0.9999235537979412 0.02473009115750724
cell 99.60991858697906 67.0414939087268 0.0 1.0 1.0 1 0 0 0.0 1.0 0
cell 38.201859518426176 59.583211390238375 0.0 2.23606797749979 0.4472135954999579 1 0 0 -0.13536732500299722 0.9907954820857496 6.011616926081895
cell 11.94449859425949 64.28441983667979 0.0 2.23606797749979 0.4472135954999579 1 0 0 0.904202790216538 0.42710339985140294 2.2590189356665618
cell 161.71819863348207 69.99485344263084 0.0 1.0 1.0 1 0 0 0.0 1.0 0
cell 97.27381266137857 92.07130135109352 0.0 1.0 1.0 1 0 0 0.0 1.0 0
cell 152.5313489577846 109.57112869156352 0.0 2.23606797749979 0.4472135954999579 1 0 0 0.40311905985825375 0.9151475419728764 0.8298451140760832
cell 75.2092502607237 23.629139406469847 0.0 1.0 1.0 1 0 0 0.0 1.0 0
cell 4.55279319018602 149.31474172722184 0.0 2.23606797749979 0.4472135954999579 1 0 0 0.9715839199010057 -0.23669534551781174 3.6195189092528772
cell 95.55063535991194 9.691226678556339 0.0 1.0 1.0 1 0 0 0.0 1.0 0
cell 96.49963561189873 84.86686940038227 0.0 1.0 1.0 1 0 0 0.0 1.0 0
cell 52.20944449692352 3.5874311838621877 0.0 1.0 1.0 1 0 0 0.0 1.0 0
cell 128.0525696547118 80.6717254564142 0.0 1.0 1.0 1 0 0 0.0 1.0 0
cell 179.1370362055547 32.95515641876421 0.0 2.23606797749979 0.4472135954999579 1 0 0 0.34800156341641214 -0.9374939529723554 5.5723081501093805
cell 56.569315149278374 80.70126851675896 0.0 2.23606797749979 0.4472135954999579 1 0 0 0.4821722080052993 0.8760764588934543 1.0062649970662667
cell 140.89750656216066 147.67745250425168 0.0 2.23606797749979 0.4472135954999579 1 0 0 0.25992980552295825 0.9656275142107318 0.5258990181537733
cell 107.54321173683407 83.38074568249598 0.0 2.23606797749979 0.4472135954999579 1 0 0 -0.15237521094255363 -0.988322718088688 0.30594220934642635
cell 148.71017197487046 93.16141622307597 0.0 1.0 1.0 1 0 0 0.0 1.0 0
cell 154.12306456988222 162.3015581868911 0.0 2.23606797749979 0.4472135954999579 1 0 0 0.861810199261654 0.5072308946117026 2.07765542557202
cell 53.9551937956989 86.73115343532221 0.0 2.23606797749979 0.4472135954999579 1 0 0 -0.5205514657038213 -0.8538302943522228 1.0949933927200197
cell 168.5183270030108 60.35297609195157 0.0 1.0 1.0 1 0 0 0.0 1.0 0
cell 72.25661000563377 111.68048617988673 0.0 1.0 1.0 1 0 0 0.0 1.0 0
cell 15.036868449299947 97.35770005210718 0.0 2.23606797749979 0.4472135954999579 1 0 0 0.9928720344064849 0.11918524780159684 2.902654172660496
cell 122.97392200696129 126.68964704707707 0.0 1.0 1.0 1 0 0 0.0 1.0 0
cell 67.36436246044892 90.22462818853026 0.0 1.0 1.0 1 0 0 0.0 1.0 0
cell 46.64656438587175 37.15883699391656 0.0 2.23606797749979 0.4472135954999579 1 0 0 0.9636414658051197 0.267198662760427 2.6006230093733005
cell 108.12907610757664 5.476878470816483 0.0 1.0 1.0 1 0 0 0.0 1.0 0
cell 78.4703993718949 174.0465510899286 0.0 1.0 1.0 1 0 0 0.0 1.0 0
cell 126.83874555523771 80.57054002279172 0.0 1.0 1.0 1 0 0 0.0 1.0 0
cell 109.33280756613938 87.86920304414276 0.0 2.23606797749979 0.4472135954999579 1 0 0 -0.07604731561941701 -0.9971042100939504 0.15224161287006943
cell 47.28930003296542 54.94493145389001 0.0 2.23606797749979 0.4472135954999579 1 0 0 -0.08766005767917746 0.9961504476170672 6.107639876849032
cell 119.04675714532519 64.02415562621843 0.0 1.0 1.0 1 0 0 0.0 1.0 0
cell 158.79614831208625 129.89872616071514 0.0 2.23606797749979 0.4472135954999579 1 0 0 0.3850035543688498 0.922915089877369 0.7904233475842173
cell 92.11041274428078 170.54145593180587 0.0 2.23606797749979 0.4472135954999579 1 0 0 0.9444881882119481 0.32854537331715944 2.4720665732968645
cell 140.74566755888375 95.19998100811826 0.0 2.23606797749979 0.4472135954999579 1 0 0 0.32116659022192917 0.9470227142604445 0.653922161422952
cell 124.3976157674029 43.792408728547336 0.0 1.0 1.0 1 0 0 0.0 1.0 0
cell 33.791807117525806 74.90365933990203 0.0 2.23606797749979 0.4472135954999579 1 0 0 -0.6041322281224276 -0.7968840887756707 1.297352922257601
cell 60.8376063709602 26.810347886248202 0.0 2.23606797749979 0.4472135954999579 1 0 0 0.9003072928617568 0.43525484307464624 2.240950014123366
cell 101.72872068486248 42.72731521421796 0.0 1.0 1.0 1 0 0 0.0 1.0 0
cell 181.2935834827784 41.96558936828285 0.0 2.23606797749979 0.4472135954999579 1 0 0 0.945346003836919 -0.32606890840674757 3.805877081459844
cell 137.57240890403253 187.00836954397238 0.0 2.23606797749979 0.4472135954999579 1 0 0 0.9985793091369755 0.05328567690778441 3.034970802760592
cell 35.731920316595875 62.15996096550125 0.0 2.23606797749979 0.4472135954999579 1 0 0 0.09501229264809682 -0.9954760992840322 6.092873651559286
cell 7.66296361333099 53.91228019903919 0.0 2.23606797749979 0.4472135954999579 1 0 0 -0.8143276008289664 0.580405512144862 4.380045801806117
cell 155.05860600192952 71.2282665251497 0.0 1.0 1.0 1 0 0 0.0 1.0 0
cell 134.40598514235282 154.17371522028978 0.0 1.0 1.0 1 0 0 0.0 1.0 0
cell 72.80112431966742 33.196711642016126 0.0 1.0 1.0 1 0 0 0.0 1.0 0
cell 89.25065778639515 168.36607094221947 0.0 2.23606797749979 0.4472135954999579 1 0 0 0.9369646672875863 0.34942411515901817 2.4276798435494453
cell 126.03809778277548 42.87927078993636 0.0 1.0 1.0 1 0 0 0.0 1.0 0
cell 119.35724694750608 47.73386259462748 0.0 1.0 1.0 1 0 0 0.0 1.0 0
cell 113.87148053570051 14.060465245634154 0.0 1.0 1.0 1 0 0 0.0 1.0 0
cell 5.933223106330923 14.07241050078646 0.0 2.23606797749979 0.4472135954999579 1 0 0 0.16104705642743708 -0.9869467288643586 5.959682375096567
cell 102.37784469442906 102.47687800379471 0.0 1.0 1.0 1 0 0 0.0 1.0 0
cell 100.59307131855414 109.31515228345185 0.0 1.0 1.0 1 0 0 0.0 1.0 0
cell 61.55339230550474 1.3518026985565623 0.0 1.0 1.0 1 0 0 0.0 1.0 0
cell 91.77271959608709 9.45344748813872 0.0 1.0 1.0 1 0 0 0.0 1.0 0
cell 128.72217055890317 161.47408017877473 0.0 1.0 1.0 1 0 0 0.0 1.0 0
cell 100.85577670259937 1.7278024582507834 0.0 1.0 1.0 1 0 0 0.0 1.0 0
cell 122.91223784733194 124.75749326397418 0.0 1.0 1.0 1 0 0 0.0 1.0 0
cell 81.09950297883881 99.02519698921797 0.0 1.0 1.0 1 0 0 0.0 1.0 0
cell 140.51793080024265 165.26580396531514 0.0 1.0 1.0 1 0 0 0.0 1.0 0
cell 165.57577997496537 54.10751252871486 0.0 1.0 1.0 1 0 0 0.0 1.0 0
cell 155.35628620788927 158.38673207486008 0.0 2.23606797749979 0.4472135954999579 1 0 0 0.7762933124105169 0.6303718689049406 1.7775283538072582
cell 107.32885658708128 34.78753212387084 0.0 1.0 1.0 1 0 0 0.0 1.0 0
cell 90.39959493756328 138.85934732767734 0.0 2.23606797749979 0.4472135954999579 1 0 0 0.9995911418686101 0.02859281549285175 3.084399227725866
cell 22.31578133254774 174.9321694568937 0.0 2.23606797749979 0.4472135954999579 1 0 0 0.9970720123460642 -0.07646830844323685 3.294678711023644
cell 151.7616389300096 144.98185545473237 0.0 1.0 1.0 1 0 0 0.0 1.0 0
cell 70.25094093456676 27.067003549117988 0.0 1.0 1.0 1 0 0 0.0 1.0 0
cell 168.2298793963098 174.92234251170848 0.0 2.23606797749979 0.4472135954999579 1 0 0 0.9968438888243101 -0.07938678299078827 3.300533466405599
cell 156.58208206331452 161.48980188359366 0.0 2.23606797749979 0.4472135954999579 1 0 0 0.8346966903585524 0.5507099373576609 1.9751635879988911
cell 35.05996521659577 53.632968130422995 0.0 2.23606797749979 0.4472135954999579 1 0 0 0.9866555064789845 0.16282171702416895 2.814492927610525
cell 67.59596188532264 21.367499259865127 0.0 2.23606797749979 0.4472135954999579 1 0 0 0.9149219532040596 0.40363079608135527 2.3106290328971855
cell 143.04089564788714 96.49583929569665 0.0 2.23606797749979 0.4472135954999579 1 0 0 0.3418909404967528 0.9397396367112786 0.6978567181199641
cell 118.31812354426309 10.288997394379155 0.0 1.0 1.0 1 0 0 0.0 1.0 0
cell 139.96331670061883 176.57737099238804 0.0 2.23606797749979 0.4472135954999579 1 0 0 -0.943975909464988 -0.3300143668838508 2.468955064272773
cell 91.57532936379005 100.5429542845767 0.0 1.0 1.0 1 0 0 0.0 1.0 0
cell 45.92114783686662 150.92457884577414 0.0 2.23606797749979 0.4472135954999579 1 0 0 -0.008728219829011946 -0.9999619083638218 0.017456661309517507
cell 175.04599430211223 118.62074529414949 0.0 2.23606797749979 0.4472135954999579 1 0 0 0.12296887235729356 -0.9924105281742912 6.036623488301236
cell 6.016244919205171 101.54271241856338 0.0 2.23606797749979 0.4472135954999579 1 0 0 -0.268501292904053 -0.9632793238250533 0.5436737095879458
cell 134.40070018711637 61.38874204032255 0.0 1.0 1.0 1 0 0 0.0 1.0 0
cell 126.74171729345669 113.46288222462057 0.0 1.0 1.0 1 0 0 0.0 1.0 0
cell 75.89710116864349 96.77635067448477 0.0 1.0 1.0 1 0 0 0.0 1.0 0
cell 30.97730067202741 55.191064647889746 0.0 2.23606797749979 0.4472135954999579 1 0 0 0.9876469048176336 0.15669585637198 2.8269040779158576
cell 93.67042020123051 127.33208074149982 0.0 2.23606797749979 0.4472135954999579 1 0 0 0.953820542992755 0.3003770493313464 2.531416786207818
cell 20.464543196531316 57.88318294871507 0.0 2.23606797749979 0.4472135954999579 1 0 0 0.9143781377127721 0.4048612370589739 2.3079385158012418
cell 13.28526615118563 48.091894720429885 0.0 1.0 1.0 1 0 0 0.0 1.0 0
cell 159.48180757501385 62.51654453567631 0.0 1.0 1.0 1 0 0 0.0 1.0 0
cell 136.12093916727926 102.86346121718655 0.0 2.23606797749979 0.4472135954999579 1 0 0 -0.26620601440212455 -0.9639161570884347 0.5389097353271044
cell 134.52200730305654 67.35254668242571 0.0 1.0 1.0 1 0 0 0.0 1.0 0
cell 167.5327658919765 28.554083077634246 0.0 2.23606797749979 0.4472135954999579 1 0 0 0.17701306420238522 -0.984208501843833 5.927283793029225
cell 162.59124957098976 47.9073737925753 0.0 1.0 1.0 1 0 0 0.0 1.0 0
cell 149.1617576688455 21.665513166604676 0.0 1.0 1.0 1 0 0 0.0 1.0 0
cell 56.602602728021644 36.615382570234225 0.0 2.23606797749979 0.4472135954999579 1 0 0 0.9762792655543655 0.2165151164436995 2.705105667925597
cell 34.90207148835917 31.255660589478754 0.0 1.0 1.0 1 0 0 0.0 1.0 0
cell 137.8514177381036 162.44488416829574 0.0 1.0 1.0 1 0 0 0.0 1.0 0
cell 107.38617325766539 4.258806765173436 0.0 1.0 1.0 1 0 0 0.0 1.0 0
cell 56.615663169370016 28.592044002234754 0.0 2.23606797749979 0.4472135954999579 1 0 0 0.8847512475837266 0.4660635470609554 2.1719200193486246
cell 36.89533587164047 118.08931914679484 0.0 2.23606797749979 0.4472135954999579 1 0 0 0.8165803110888674 0.5772318386419867 1.9109233157866334
cell 137.6609411257206 12.891794836937951 0.0 1.0 1.0 1 0 0 0.0 1.0 0
cell 78.77666895942903 12.742170636165335 0.0 1.0 1.0 1 0 0 0.0 1.0 0
cell 115.02480687651875 6.740332405368343 0.0 1.0 1.0 1 0 0 0.0 1.0 0
cell 95.19820055957207 107.5007372048059 0.0 1.0 1.0 1 0 0 0.0 1.0 0
cell 35.92142524292958 4.104199685105124 0.0 1.0 1.0 1 0 0 0.0 1.0 0
cell 30.957675242326463 119.0068575897228 0.0 2.23606797749979 0.4472135954999579 1 0 0 0.6040864316158168 0.7969188058627235 1.2972379858203478
cell 158.29614948405631 57.56177651083401 0.0 1.0 1.0 1 0 0 0.0 1.0 0
cell 81.89895506646931 73.25746422866446 0.0 2.23606797749979 0.4472135954999579 1 0 0 -0.2997747391357008 -0.9540100134569461 0.6089130504644062
cell 172.5006479484728 97.98616908171678 0.0 2.23606797749979 0.4472135954999579 1 0 0 0.4290806207875368 -0.9032661960156497 5.396235923255971
cell 24.81522627613124 33.15189818591656 0.0 1.0 1.0 1 0 0 0.0 1.0 0
cell 89.84303528019223 121.01890772392333 0.0 1.0 1.0 1 0 0 0.0 1.0 0
cell 52.26817692748878 12.516364601762483 0.0 1.0 1.0 1 0 0 0.0 1.0 0
cell 92.28595717014478 5.948503829232391 0.0 1.0 1.0 1 0 0 0.0 1.0 0
cell 78.07584309187831 147.84898998075624 0.0 2.23606797749979 0.4472135954999579 1 0 0 -0.2932056513580887 0.9560493951735334 5.688029026474464
cell 153.21314650603207 2.7088378968088116 0.0 1.0 1.0 1 0 0 0.0 1.0 0
cell 46.75823740171512 12.31540127876234 0.0 1.0 1.0 1 0 0 0.0 1.0 0
cell 133.66552775478942 5.494575510308722 0.0 1.0 1.0 1 0 0 0.0 1.0 0
cell 31.23314680816958 25.23780243009336 0.0 1.0 1.0 1 0 0 0.0 1.0 0
cell 140.261897449185 106.8741523166258 0.0 2.23606797749979 0.4472135954999579 1 0 0 -0.32824933102968296 -0.944591116133624 0.6688992304102968
cell 162.44782872439748 93.30891749016328 0.0 1.0 1.0 1 0 0 0.0 1.0 0
cell 46.983880073790694 21.90149750587527 0.0 2.23606797749979 0.4472135954999579 1 0 0 0.3001293882484693 0.953898501052182 0.6096565852953201
cell 170.86845482205007 72.45456699281142 0.0 2.23606797749979 0.4472135954999579 1 0 0 0.9987313460846745 0.05035571812509664 3.040838606396094
cell 133.1419862647011 101.53109540068128 0.0 2.23606797749979 0.4472135954999579 1 0 0 -0.24581632936685943 -0.9693164252279044 0.4967235457565309
cell 126.3256121398733 18.716314358227454 0.0 1.0 1.0 1 0 0 0.0 1.0 0
cell 92.58736270684996 177.31732065690963 0.0 2.23606797749979 0.4472135954999579 1 0 0 0.9551474542820368 0.29613061405154356 2.5403146373645544
cell 77.56020916860487 105.48161624535233 0.0 1.0 1.0 1 0 0 0.0 1.0 0
cell 160.52570558766763 30.40615280914073 0.0 2.23606797749979 0.4472135954999579 1 0 0 0.16829405077797266 -0.9857368373317197 5.944987749210332
cell 67.66336902920622 93.97852183418081 0.0 1.0 1.0 1 0 0 0.0 1.0 0
cell 170.57656836991455 25.661459176468007 0.0 2.23606797749979 0.4472135954999579 1 0 0 -0.09538003477591203 0.9954409319322497 6.092134811883162
cell 127.63942196365494 164.3632643860352 0.0 1.0 1.0 1 0 0 0.0 1.0 0
cell 87.85898924875723 77.67284950075205 0.0 2.23606797749979 0.4472135954999579 1 0 0 -0.12590326960089854 -0.9920425226288455 0.25247658739091516
cell 62.63711076015752 36.47881537814569 0.0 1.0 1.0 1 0 0 0.0 1.0 0
cell 121.59066114564084 63.787280167100626 0.0 1.0 1.0 1 0 0 0.0 1.0 0
cell 141.4924007679277 49.04910297462356 0.0 1.0 1.0 1 0 0 0.0 1.0 0
cell 144.352867571699 15.327322027153564 0.0 1.0 1.0 1 0 0 0.0 1.0 0
cell 36.2510371242587 75.53313908403427 0.0 2.23606797749979 0.4472135954999579 1 0 0 0.708883409114987 0.7053256781668409 1.575827723460103
cell 111.35571725893695 173.94000620113314 0.0 1.0 1.0 1 0 0 0.0 1.0 0
cell 57.05732624289589 45.81152676644078 0.0 1.0 1.0 1 0 0 0.0 1.0 0
cell 142.63063656525168 41.45581872645809 0.0 1.0 1.0 1 0 0 0.0 1.0 0
cell 33.108469423607254 44.19345315581655 0.0 1.0 1.0 1 0 0 0.0 1.0 0
cell 125.23051952273623 117.96368889688314 0.0 1.0 1.0 1 0 0 0.0 1.0 0
cell 60.30390349877686 16.98210814438212 0.0 2.23606797749979 0.4472135954999579 1 0 0 0.8332906408655255 0.5528351543144862 1.970067108506441
cell 157.64042765457268 100.36656674514656 0.0 1.0 1.0 1 0 0 0.0 1.0 0
cell 89.38045911556073 124.93755659244994 0.0 1.0 1.0 1 0 0 0.0 1.0 0
cell 96.2973162375093 74.8411101774488 0.0 2.23606797749979 0.4472135954999579 1 0 0 -0.22658236083463165 -0.9739920090835472 0.4571346875632889
cell 81.85441549427674 114.77668543151826 0.0 1.0 1.0 1 0 0 0.0 1.0 0
cell 106.23661906830434 29.435576745646877 0.0 1.0 1.0 1 0 0 0.0 1.0 0
cell 134.47178631519884 87.70245925749678 0.0 1.0 1.0 1 0 0 0.0 1.0 0
cell 171.46556433762314 77.85707252003459 0.0 2.23606797749979 0.4472135954999579 1 0 0 0.9975569855658103 0.06985743016210787 3.0017639068271715
cell 21.343348513807587 48.194089165801905 0.0 2.23606797749979 0.4472135954999579 1 0 0 -0.8666072051495455 -0.4989909337682335 2.0967246582666785
cell 90.70995305829175 7.769568021788883 0.0 1.0 1.0 1 0 0 0.0 1.0 0
cell 70.34993693965521 30.820980123444627 0.0 2.23606797749979 0.4472135954999579 1 0 0 0.9866665298277792 0.16275490443488314 2.8146283593100265
cell 35.6071614834613 137.6811546785123 0.0 2.23606797749979 0.4472135954999579 1 0 0 0.8912913594908615 0.4534310449196569 2.2003704384269964
cell 81.81825242451961 57.955870620078024 0.0 1.0 1.0 1 0 0 0.0 1.0 0
cell 137.0463208943472 137.38125218210283 0.0 1.0 1.0 1 0 0 0.0 1.0 0
cell 161.49086829052445 95.06432963544839 0.0 1.0 1.0 1 0 0 0.0 1.0 0
cell 153.57283501141265 44.042779425363705 0.0 2.23606797749979 0.4472135954999579 1 0 0 0.9996488603651646 0.026498225801504224 3.0885899980638443
cell 82.66160613592234 119.96673544628243 0.0 1.0 1.0 1 0 0 0.0 1.0 0
cell 8.733070040263597 164.20892057409796 0.0 2.23606797749979 0.4472135954999579 1 0 0 0.9746528187464903 -0.22372278138249818 3.5928574620276037
cell 153.96058340438998 113.77347329134582 0.0 2.23606797749979 0.4472135954999579 1 0 0 -0.39298089957313886 -0.9195466342555372 0.8077421233314777
cell 84.99462629919775 34.91516469007178 0.0 1.0 1.0 1 0 0 0.0 1.0 0
cell 15.780947957306747 90.46999599955518 0.0 2.23606797749979 0.4472135954999579 1 0 0 0.8549953717418717 0.5186356276809168 2.051083831199461
cell 99.0763188082997 178.68330353170262 0.0 2.23606797749979 0.4472135954999579 1 0 0 0.9593376781264072 0.28226090648021696 2.5692925901231622
cell 97.49050494612155 10.302756609011526 0.0 1.0 1.0 1 0 0 0.0 1.0 0
cell 154.31611926501725 20.64621914026163 0.0 1.0 1.0 1 0 0 0.0 1.0 0
cell 102.64352621766024 105.172377444902 0.0 1.0 1.0 1 0 0 0.0 1.0 0
cell 182.62192253030423 185.47528823924074 0.0 2.23606797749979 0.4472135954999579 1 0 0 -0.4111128039126516 0.9115844790577984 5.435836382060975
cell 141.65103621844958 77.72382467487513 0.0 1.0 1.0 1 0 0 0.0 1.0 0
cell 121.85774361773962 57.82018450256002 0.0 1.0 1.0 1 0 0 0.0 1.0 0
cell 25.65331085249374 29.07182383615581 0.0 1.0 1.0 1 0 0 0.0 1.0 0
cell 20.093252114303723 36.710294862955394 0.0 1.0 1.0 1 0 0 0.0 1.0 0
cell 161.9335337857271 55.876173806236906 0.0 1.0 1.0 1 0 0 0.0 1.0 0
cell 80.01088323801096 29.939227402158956 0.0 1.0 1.0 1 0 0 0.0 1.0 0
cell 40.98333805693857 75.26507649386701 0.0 2.23606797749979 0.4472135954999579 1 0 0 0.8276552414526375 0.5612368495528215 1.9498337615437553
cell 154.07926237228608 175.76001475243675 0.0 1.0 1.0 1 0 0 0.0 1.0 0
cell 128.03918248748772 131.2381679115238 0.0 1.0 1.0 1 0 0 0.0 1.0 0
cell 166.12396120964908 65.0565660587396 0.0 1.0 1.0 1 0 0 0.0 1.0 0
cell 16.411803655807393 185.61884962106822 0.0 2.23606797749979 0.4472135954999579 1 0 0 -0.0069906880691825305 0.9999755648416212 6.269203817161062
cell 86.01858819829636 26.131900955398113 0.0 1.0 1.0 1 0 0 0.0 1.0 0
cell 32.97810468712208 110.24770831645402 0.0 2.23606797749979 0.4472135954999579 1 0 0 0.6233082608509157 0.7819762221161247 1.3459324951947453
cell 126.14943293095182 69.8831367289756 0.0 1.0 1.0 1 0 0 0.0 1.0 0
cell 101.03574302972821 157.31513922738472 0.0 1.0 1.0 1 0 0 0.0 1.0 0
cell 159.938226303716 123.6387422097473 0.0 2.23606797749979 0.4472135954999579 1 0 0 -0.0779830137898568 -0.9969546878169795 0.15612454243539187
cell 79.51242608170507 53.8248046563409 0.0 1.0 1.0 1 0 0 0.0 1.0 0
cell 11.329850740870727 156.3769336223196 0.0 2.23606797749979 0.4472135954999579 1 0 0 0.9676823963297848 -0.2521721234265303 3.651441186680052
cell 75.99554847029505 76.77780216675872 0.0 1.0 1.0 1 0 0 0.0 1.0 0
cell 151.19754953436825 58.93338197539044 0.0 1.0 1.0 1 0 0 0.0 1.0 0
cell 109.17738512772651 28.815249184140644 0.0 1.0 1.0 1 0 0 0.0 1.0 0
cell 53.27290805639767 49.92945889513373 0.0 1.0 1.0 1 0 0 0.0 1.0 0
cell 23.032025570363803 145.41001712832028 0.0 2.23606797749979 0.4472135954999579 1 0 0 0.9117525893751496 0.4107398395185325 2.295061930207711
cell 157.07936777809502 95.30133729956749 0.0 1.0 1.0 1 0 0 0.0 1.0 0
cell 129.4713453909416 6.705286453689235 0.0 1.0 1.0 1 0 0 0.0 1.0 0
cell 116.43288728438158 143.34425416350086 0.0 1.0 1.0 1 0 0 0.0 1.0 0
cell 72.14000164627883 174.42949143073616 0.0 1.0 1.0 1 0 0 0.0 1.0 0
cell 151.5874353409637 79.33033227459227 0.0 1.0 1.0 1 0 0 0.0 1.0 0
cell 6.2131988111181915 155.16094450854024 0.0 2.23606797749979 0.4472135954999579 1 0 0 0.8753374339069178 -0.48351254047982295 4.150918793926357
cell 90.88613878733916 90.88765012785848 0.0 1.0 1.0 1 0 0 0.0 1.0 0
cell 84.31067028396652 46.40213375904631 0.0 1.0 1.0 1 0 0 0.0 1.0 0
cell 112.53806049377573 123.6815366566771 0.0 1.0 1.0 1 0 0 0.0 1.0 0
cell 170.36941871694967 110.36958664065367 0.0 2.23606797749979 0.4472135954999579 1 0 0 0.9388751307381925 -0.3442578813641627 3.844489126865435
cell 114.05230730009131 33.54851553298851 0.0 1.0 1.0 1 0 0 0.0 1.0 0
cell 113.77141976366325 36.31050609653983 0.0 1.0 1.0 1 0 0 0.0 1.0 0
cell 82.84353663967438 24.354236506422655 0.0 1.0 1.0 1 0 0 0.0 1.0 0
cell 112.9957032382502 26.300989701889257 0.0 1.0 1.0 1 0 0 0.0 1.0 0
cell 106.3061387955139 62.66162660431194 0.0 1.0 1.0 1 0 0 0.0 1.0 0
cell 166.5201009469473 30.00850361816295 0.0 2.23606797749979 0.4472135954999579 1 0 0 0.17377305909291474 -0.9847857248830785 5.933865838098046
cell 149.15369179836884 13.818040930316755 0.0 1.0 1.0 1 0 0 0.0 1.0 0
cell 120.79037648444724 27.764309903517503 0.0 1.0 1.0 1 0 0 0.0 1.0 0
cell 157.202134804451 167.00968421498865 0.0 1.0 1.0 1 0 0 0.0 1.0 0
cell 86.07527859305505 111.57241492502011 0.0 1.0 1.0 1 0 0 0.0 1.0 0
cell 37.40881052633895 80.45359486165698 0.0 2.23606797749979 0.4472135954999579 1 0 0 0.8030781655262406 0.595873694716429 1.86488636856474
cell 35.28514299881177 6.523935636544974 0.0 2.23606797749979 0.4472135954999579 1 0 0 0.42040344274273356 0.9073372831147506 0.8677798380451802
cell 112.72768787111164 7.897482599571904 0.0 1.0 1.0 1 0 0 0.0 1.0 0
cell 158.28867329029086 121.64617428432388 0.0 2.23606797749979 0.4472135954999579 1 0 0 -0.1713981702387817 -0.985201840862469 0.34449733163267116
cell 9.675369316344272 96.42835840402142 0.0 2.23606797749979 0.4472135954999579 1 0 0 0.9913239038241121 0.13144168937944578 2.877946359362815
cell 111.81765143204704 86.15497555142287 0.0 2.23606797749979 0.4472135954999579 1 0 0 -0.13149994424683398 -0.9913161779488316 0.26376382411635557
cell 123.17709272794166 64.25627763125588 0.0 1.0 1.0 1 0 0 0.0 1.0 0
cell 45.722857221084865 9.234639277705869 0.0 1.0 1.0 1 0 0 0.0 1.0 0
cell 115.9287947205161 19.91284259329158 0.0 1.0 1.0 1 0 0 0.0 1.0 0
cell 93.52303253309016 108.62922494284174 0.0 1.0 1.0 1 0 0 0.0 1.0 0
cell 161.38077880292371 166.53464905457332 0.0 1.0 1.0 1 0 0 0.0 1.0 0
cell 171.18291031394185 66.58026291427404 0.0 1.0 1.0 1 0 0 0.0 1.0 0
cell 105.94074144684296 115.76248182693978 0.0 1.0 1.0 1 0 0 0.0 1.0 0
cell 137.28975270015556 150.0492073153546 0.0 2.23606797749979 0.4472135954999579 1 0 0 -0.3415020613375762 -0.9398810255038593 0.697029148682268
cell 148.38343689594143 160.21184801529265 0.0 2.23606797749979 0.4472135954999579 1 0 0 0.6971059538785284 0.7169681227691418 1.542706054638865
cell 36.52951695694269 143.2050479821403 0.0 2.23606797749979 0.4472135954999579 1 0 0 0.9542774531729588 0.29892230155298144 2.534466414684812
cell 140.9268558780691 74.22843213269637 0.0 1.0 1.0 1 0 0 0.0 1.0 0
cell 76.84148287658209 185.7568909379548 0.0 2.23606797749979 0.4472135954999579 1 0 0 0.8616401851397144 0.5075196462723377 2.076985254476764
cell 50.60956867830674 187.95393132028653 0.0 1.0 1.0 1 0 0 0.0 1.0 0
cell 133.75032410373797 128.6366644478122 0.0 1.0 1.0 1 0 0 0.0 1.0 0
cell 115.59501318077876 103.70032018781758 0.0 1.0 1.0 1 0 0 0.0 1.0 0
cell 155.40674753444694 119.839068003695 0.0 2.23606797749979 0.4472135954999579 1 0 0 -0.24946926207418946 -0.9683827173592884 0.504264300251621
cell 163.22260294612423 183.41327607646346 0.0 2.23606797749979 0.4472135954999579 1 0 0 0.9023415928741028 0.431021634920368 2.2503433028691995
cell 62.51124975291389 175.7686584169744 0.0 2.23606797749979 0.4472135954999579 1 0 0 0.5190184681007258 0.85476302550495 1.091404482067225
cell 119.45658142101897 134.1099267741298 0.0 1.0 1.0 1 0 0 0.0 1.0 0
cell 103.55995346350696 165.08109978799834 0.0 1.0 1.0 1 0 0 0.0 1.0 0
cell 53.16823517084804 2.5045421991344137 0.0 1.0 1.0 1 0 0 0.0 1.0 0
cell 96.87667292127625 83.16988883435553 0.0 2.23606797749979 0.4472135954999579 1 0 0 -0.09690467167555311 -0.9952936675210253 0.1941139606161455
cell 32.80777827275424 146.91968823262326 0.0 2.23606797749979 0.4472135954999579 1 0 0 0.9838352451529433 0.17907599055944903 2.7814982944284052
cell 106.50305629957386 51.96394563440121 0.0 1.0 1.0 1 0 0 0.0 1.0 0
cell 96.67788101486255 86.37480604107776 0.0 1.0 1.0 1 0 0 0.0 1.0 0
cell 134.3148592070548 2.7175590622090064 0.0 1.0 1.0 1 0 0 0.0 1.0 0
cell 116.09191927855403 21.68855852571874 0.0 1.0 1.0 1 0 0 0.0 1.0 0
cell 78.20419337058377 20.618462846458616 0.0 1.0 1.0 1 0 0 0.0 1.0 0
cell 99.85289010270736 105.49239397158051 0.0 1.0 1.0 1 0 0 0.0 1.0 0
cell 163.9999084878112 35.45428508332368 0.0 2.23606797749979 0.4472135954999579 1 0 0 -0.09653439994666535 0.995329648722943 6.089815378287768
cell 58.6427646120734 18.348662917964344 0.0 2.23606797749979 0.4472135954999579 1 0 0 0.8283382311932568 0.5602283237606134 1.9522698234828386
cell 101.63894370701908 180.1361683265486 0.0 2.23606797749979 0.4472135954999579 1 0 0 0.973128985542179 0.23026067292885627 2.6769015630525206
cell 94.43539127930099 44.96067763271426 0.0 1.0 1.0 1 0 0 0.0 1.0 0
cell 72.06432664817089 180.10004220482776 0.0 1.0 1.0 1 0 0 0.0 1.0 0
cell 147.00380984296197 139.06548286332097 0.0 2.23606797749979 0.4472135954999579 1 0 0 0.8122625709990966 0.5832919644174241 1.8960413455720673
cell 144.81743185773468 118.69930403676543 0.0 1.0 1.0 1 0 0 0.0 1.0 0
cell 127.22774769246273 160.80837377636536 0.0 1.0 1.0 1 0 0 0.0 1.0 0
cell 92.28356632697334 32.602403413060536 0.0 1.0 1.0 1 0 0 0.0 1.0 0
cell 38.38161184951021 83.51836190049652 0.0 2.23606797749979 0.4472135954999579 1 0 0 0.8431473420443537 0.5376825825740887 2.0062203316693146
cell 147.51606790754408 94.49855819771962 0.0 1.0 1.0 1 0 0 0.0 1.0 0
cell 162.32710634266803 180.65925816970443 0.0 2.23606797749979 0.4472135954999579 1 0 0 0.8378025862550973 0.5459732836543105 1.9864918823806212
cell 144.8132655685818 146.7255541770006 0.0 1.0 1.0 1 0 0 0.0 1.0 0
cell 38.81532681361632 27.878359765297017 0.0 1.0 1.0 1 0 0 0.0 1.0 0
cell 152.1602968173741 47.40642960835888 0.0 1.0 1.0 1 0 0 0.0 1.0 0
cell 63.99883024881365 47.20921630340753 0.0 1.0 1.0 1 0 0 0.0 1.0 0
cell 30.626413124078464 134.62882946249385 0.0 2.23606797749979 0.4472135954999579 1 0 0 -0.8201100618845043 -0.5722058077263761 1.9232066778690449
cell 174.2369110496224 30.135056114456837 0.0 2.23606797749979 0.4472135954999579 1 0 0 0.1375201580484074 -0.9904989682631381 6.007270611584762
cell 44.11195615866125 33.407766966347346 0.0 2.23606797749979 0.4472135954999579 1 0 0 0.9643031315628484 0.2648008127972493 2.605597942221603
cell 83.29528029242991 4.6889127296763835 0.0 2.23606797749979 0.4472135954999579 1 0 0 0.9255180322872381 0.3787035409276747 2.364802450685987
cell 163.78108064332037 55.0166443700879 0.0 1.0 1.0 1 0 0 0.0 1.0 0
cell 148.51997172625988 143.50767670410397 0.0 1.0 1.0 1 0 0 0.0 1.0 0
cell 94.01023387988627 3.301699627601917 0.0 1.0 1.0 1 0 0 0.0 1.0 0
cell 51.6129298503357 32.92205308610207 0.0 2.23606797749979 0.4472135954999579 1 0 0 0.9066051040159208 0.4219800769850177 2.2703361145061702
cell 36.12921288220388 131.9532409159311 0.0 2.23606797749979 0.4472135954999579 1 0 0 0.8885457286081021 0.45878806454865084 2.1883311265410366
cell 4.700514117704567 105.86680421317337 0.0 2.23606797749979 0.4472135954999579 1 0 0 -0.021000018676481377 -0.9997794752922203 0.04200312497397807
cell 136.2298155079581 67.40828988361798 0.0 1.0 1.0 1 0 0 0.0 1.0 0
cell 163.04028847293674 140.57124862111513 0.0 2.23606797749979 0.4472135954999579 1 0 0 0.13702287176607475 0.9905678838994215 0.2749106178750952
cell 24.75594498599584 40.289846757315914 0.0 2.23606797749979 0.4472135954999579 1 0 0 0.8831284415199447 0.46913127776620633 2.164978986777108
cell 179.4979351360741 30.05066355397878 0.0 2.23606797749979 0.4472135954999579 1 0 0 -0.3134931682962353 0.949590455634211 5.645446477559459
cell 101.3273653341092 141.1286800464651 0.0 2.23606797749979 0.4472135954999579 1 0 0 0.4591650689804787 -0.8883509663574145 5.329075099558146
cell 20.27155719839005 31.537714497531834 0.0 1.0 1.0 1 0 0 0.0 1.0 0
cell 101.16867171531433 117.28142032474875 0.0 1.0 1.0 1 0 0 0.0 1.0 0
cell 149.01797635728133 163.39318467815005 0.0 1.0 1.0 1 0 0 0.0 1.0 0
cell 76.57588019754034 51.124800883134775 0.0 1.0 1.0 1 0 0 0.0 1.0 0
cell 126.20305101044623 81.6418133377632 0.0 1.0 1.0 1 0 0 0.0 1.0 0
cell 140.9551443392822 54.483077361012874 0.0 1.0 1.0 1 0 0 0.0 1.0 0
cell 133.4708220049893 165.13786327945877 0.0 1.0 1.0 1 0 0 0.0 1.0 0
cell 108.40527816905936 174.7513680526486 0.0 2.23606797749979 0.4472135954999579 1 0 0 0.9678530861620949 0.2515162094309402 2.633099639892312
cell 6.793913695860549 8.489427819337358 0.0 2.23606797749979 0.4472135954999579 1 0 0 -0.13282507285948006 0.9911394957420846 6.016747772002998
cell 96.96160794125281 186.93842751224008 0.0 1.0 1.0 1 0 0 0.0 1.0 0
cell 72.88578889983846 77.36532496504088 0.0 1.0 1.0 1 0 0 0.0 1.0 0
cell 109.59569142182772 18.59716130500846 0.0 1.0 1.0 1 0 0 0.0 1.0 0
cell 100.40902729048614 44.11275077157899 0.0 1.0 1.0 1 0 0 0.0 1.0 0
cell 78.02053821444578 103.57407126952236 0.0 1.0 1.0 1 0 0 0.0 1.0 0
cell 105.93541552929652 39.489460622936235 0.0 1.0 1.0 1 0 0 0.0 1.0 0
cell 161.9752122712124 16.14081599538246 0.0 2.23606797749979 0.4472135954999579 1 0 0 0.8609791302402049 -0.5086402828038892 4.208802221071561
cell 162.92635765175385 182.04415029694397 0.0 2.23606797749979 0.4472135954999579 1 0 0 0.8804521473371973 0.4741350190075799 2.1536299668428915
cell 74.32183913998898 97.99100341775883 0.0 1.0 1.0 1 0 0 0.0 1.0 0
cell 31.524486558592564 131.13707466148236 0.0 2.23606797749979 0.4472135954999579 1 0 0 0.5427163561477681 0.8399160415003925 1.1473356469235187
cell 17.337793767054887 19.14154022079018 0.0 1.0 1.0 1 0 0 0.0 1.0 0
cell 63.834817694689214 3.233290740256207 0.0 1.0 1.0 1 0 0 0.0 1.0 0
cell 75.38595564657793 10.380700366598955 0.0 2.23606797749979 0.4472135954999579 1 0 0 0.8956887749258943 0.44468147979396516 2.2199554243787087
cell 96.83397431228707 38.58568225245086 0.0 1.0 1.0 1 0 0 0.0 1.0 0
cell 116.9657808088655 121.44744472230204 0.0 1.0 1.0 1 0 0 0.0 1.0 0
cell 96.19770223655587 174.66994971871495 0.0 2.23606797749979 0.4472135954999579 1 0 0 0.9585732038293908 0.28484629697480196 2.563900496146576
cell 118.4979728908802 174.0326463058563 0.0 2.23606797749979 0.4472135954999579 1 0 0 0.9933011013362745 0.1155548444858297 2.909965517693601
cell 28.817139799244664 10.589538719095334 0.0 2.23606797749979 0.4472135954999579 1 0 0 -0.3040978316638905 -0.9526408078480157 0.6179825351788208
cell 153.93364305174885 164.87745453818764 0.0 2.23606797749979 0.4472135954999579 1 0 0 0.9159761108926295 0.4012328055805175 2.3158679682080874
cell 60.20540592246169 73.39566601892747 0.0 1.0 1.0 1 0 0 0.0 1.0 0
cell 167.22245159995188 91.25640423372244 0.0 2.23606797749979 0.4472135954999579 1 0 0 0.25823584571469393 -0.9660819054241813 5.760793978861213
cell 135.12222975899496 25.646105081644244 0.0 1.0 1.0 1 0 0 0.0 1.0 0
cell 103.75390175711142 91.41086081808771 0.0 1.0 1.0 1 0 0 0.0 1.0 0
cell 10.768537090889165 16.93513148198472 0.0 2.23606797749979 0.4472135954999579 1 0 0 0.285506567607404 -0.958376752562915 5.704115397324442
cell 152.0473639393971 103.99647847021127 0.0 2.23606797749979 0.4472135954999579 1 0 0 0.4209033483319937 0.9071054907577819 0.8688818966690391
cell 120.27719190080892 144.13600136278328 0.0 1.0 1.0 1 0 0 0.0 1.0 0
cell 72.17933502116614 31.118146648669686 0.0 1.0 1.0 1 0 0 0.0 1.0 0
cell 136.02575903347517 92.93228094398442 0.0 2.23606797749979 0.4472135954999579 1 0 0 0.3031642512074533 0.9529383174108512 0.6160228571589066
cell 126.2733235880257 106.07037406947903 0.0 1.0 1.0 1 0 0 0.0 1.0 0
cell 128.8234871702707 180.45634354342488 0.0 2.23606797749979 0.4472135954999579 1 0 0 0.9987490128819553 0.05000409250571426 3.041542744715496
cell 66.86730463217776 32.36298606353287 0.0 1.0 1.0 1 0 0 0.0 1.0 0
cell 15.486149044798145 140.5922398697226 0.0 1.0 1.0 1 0 0 0.0 1.0 0
cell 46.27379976296523 10.908601566930537 0.0 1.0 1.0 1 0 0 0.0 1.0 0
cell 68.9588987286942 129.84754663773555 0.0 2.23606797749979 0.4472135954999579 1 0 0 0.8310827166507243 -0.5561488272795798 4.321081961303286
cell 121.39145156236333 25.875970566772104 0.0 1.0 1.0 1 0 0 0.0 1.0 0
cell 90.47912157233844 70.6221122407448 0.0 2.23606797749979 0.4472135954999579 1 0 0 -0.3051985877414598 -0.952288728296528 0.620293919267664
cell 11.857738560887867 68.1978037218332 0.0 2.23606797749979 0.4472135954999579 1 0 0 -0.08451776634312566 -0.9964219724455944 0.1692374262660108
cell 173.16974670812994 40.79998423383935 0.0 2.23606797749979 0.4472135954999579 1 0 0 0.21555092505400966 -0.9764926004370749 5.848673342413893
cell 88.6727685388447 15.983390746658573 0.0 1.0 1.0 1 0 0 0.0 1.0 0
cell 58.28380998496876 44.439986638294855 0.0 1.0 1.0 1 0 0 0.0 1.0 0
cell 157.4614587424326 34.17226596013258 0.0 2.23606797749979 0.4472135954999579 1 0 0 -0.060768115415522024 0.9981519103567582 6.161574151008292
cell 112.34029418477549 117.34517307795831 0.0 1.0 1.0 1 0 0 0.0 1.0 0
cell 98.17785318338363 17.803130465824914 0.0 1.0 1.0 1 0 0 0.0 1.0 0
cell 119.39812859082713 153.40275734941142 0.0 2.23606797749979 0.4472135954999579 1 0 0 0.4900531718750319 -0.8716925425488167 5.258883806546385
cell 53.536106871692745 21.54838386212685 0.0 1.0 1.0 1 0 0 0.0 1.0 0
cell 130.1778687987361 64.82870783308246 0.0 1.0 1.0 1 0 0 0.0 1.0 0
cell 68.38946109302844 85.30798167494835 0.0 1.0 1.0 1 0 0 0.0 1.0 0
cell 74.35223501255223 112.00442154171913 0.0 1.0 1.0 1 0 0 0.0 1.0 0
cell 45.33061890078644 131.80790276184928 0.0 2.23606797749979 0.4472135954999579 1 0 0 0.9107220327662456 0.4130198288631157 2.2900577712967167
cell 18.268190284095137 158.84969106859012 0.0 2.23606797749979 0.4472135954999579 1 0 0 0.22176720789483131 -0.9750996387562302 5.835932439487149
cell 179.60688198817246 137.9345378782225 0.0 2.23606797749979 0.4472135954999579 1 0 0 -0.24313714010884313 -0.9699919232136383 0.49119747754632925
cell 48.537697266696014 176.4166299691943 0.0 2.23606797749979 0.4472135954999579 1 0 0 0.6833112387671753 -0.730127215610039 4.778608868236707
cell 80.98298840076714 17.58290924365116 0.0 1.0 1.0 1 0 0 0.0 1.0 0
cell 33.81597284899258 21.545397079099725 0.0 1.0 1.0 1 0 0 0.0 1.0 0
cell 122.46595526381356 156.4826925530388 0.0 1.0 1.0 1 0 0 0.0 1.0 0
cell 152.24185932716148 148.16637795536613 0.0 1.0 1.0 1 0 0 0.0 1.0 0
cell 92.58405600921076 76.30989840328184 0.0 2.23606797749979 0.4472135954999579 1 0 0 -0.23754625933914578 -0.9713762271509321 0.4796780440736166
cell 69.46251689481444 120.44931695835712 0.0 2.23606797749979 0.4472135954999579 1 0 0 0.9848619169375544 -0.17334071814229238 3.4900341159974513
cell 142.28742225955614 131.56033702947084 0.0 1.0 1.0 1 0 0 0.0 1.0 0
cell 99.04076657707517 59.65603813264592 0.0 1.0 1.0 1 0 0 0.0 1.0 0
cell 41.578866011791725 105.58428906058283 0.0 2.23606797749979 0.4472135954999579 1 0 0 0.6032399952074133 -0.7975597207621258 4.988070739930913
cell 135.2470589647139 178.40978892214295 0.0 2.23606797749979 0.4472135954999579 1 0 0 0.9722805888295768 0.233817143480138 2.6695890328046117
cell 146.37337820148142 114.5964556058441 0.0 1.0 1.0 1 0 0 0.0 1.0 0
cell 142.0711636841193 22.94634778756163 0.0 1.0 1.0 1 0 0 0.0 1.0 0
cell 29.468877078946015 31.969718067960606 0.0 1.0 1.0 1 0 0 0.0 1.0 0
cell 126.79396414795565 89.72840224797501 0.0 2.23606797749979 0.4472135954999579 1 0 0 0.29022564600312556 0.9569582406782797 0.5889252487140793
cell 150.50112817986704 155.09945524731572 0.0 2.23606797749979 0.4472135954999579 1 0 0 0.5801238331824227 0.8145282918190949 1.237761425981342
cell 126.47939924310438 152.03364329378795 0.0 1.0 1.0 1 0 0 0.0 1.0 0
cell 56.55627512198618 31.397135656857067 0.0 2.23606797749979 0.4472135954999579 1 0 0 0.911087970182742 0.4122119728832375 2.291831514827863
cell 7.617572013156427 152.8256158180555 0.0 2.23606797749979 0.4472135954999579 1 0 0 0.9648629134231727 -0.26275379788034886 3.6733430145995034
cell 40.79826718831869 41.344556703394645 0.0 2.23606797749979 0.4472135954999579 1 0 0 0.97962257878548 0.20084721340781908 2.7371472920205355
cell 155.64753292938917 63.28116280098295 0.0 1.0 1.0 1 0 0 0.0 1.0 0
cell 138.63049351359223 89.32377128635369 0.0 1.0 1.0 1 0 0 0.0 1.0 0
cell 27.963658101576677 141.6538063838412 0.0 2.23606797749979 0.4472135954999579 1 0 0 0.8934820888296069 0.4490988275877397 2.2100797017012006
cell 107.7360020227077 68.25478115525877 0.0 1.0 1.0 1 0 0 0.0 1.0 0
cell 150.30175768509122 6.227876289350979 0.0 1.0 1.0 1 0 0 0.0 1.0 0
cell 103.06329464904852 55.424097930811556 0.0 1.0 1.0 1 0 0 0.0 1.0 0
cell 70.46113710606103 38.034449860059134 0.0 1.0 1.0 1 0 0 0.0 1.0 0
cell 157.9202537501777 20.965118554435726 0.0 1.0 1.0 1 0 0 0.0 1.0 0
cell 110.50915015131118 72.63714624954922 0.0 1.0 1.0 1 0 0 0.0 1.0 0
cell 26.855623112971653 141.91523933392648 0.0 2.23606797749979 0.4472135954999579 1 0 0 0.87365883641834 0.48653904010690885 2.1253448367290764
cell 44.64541368605895 17.403901817363106 0.0 2.23606797749979 0.4472135954999579 1 0 0 0.3248390994492534 0.945769295055088 0.6616831929588805
cell 143.98434553036344 30.99162318844873 0.0 1.0 1.0 1 0 0 0.0 1.0 0
cell 115.4388271327156 30.8691730008337 0.0 1.0 1.0 1 0 0 0.0 1.0 0
cell 141.78808365390685 114.2839620410974 0.0 1.0 1.0 1 0 0 0.0 1.0 0
cell 128.47373334988688 44.93816171917955 0.0 1.0 1.0 1 0 0 0.0 1.0 0
cell 106.9904990498263 153.6612398727722 0.0 1.0 1.0 1 0 0 0.0 1.0 0
cell 118.17651926732367 62.435994328215955 0.0 1.0 1.0 1 0 0 0.0 1.0 0
cell 31.132914202994947 33.47361479839391 0.0 1.0 1.0 1 0 0 0.0 1.0 0
cell 182.19832548012735 136.49490544997124 0.0 2.23606797749979 0.4472135954999579 1 0 0 -0.36098642350559895 -0.9325710707740383 0.7386508467592972
cell 107.65389665203172 7.39729361968827 0.0 1.0 1.0 1 0 0 0.0 1.0 0
cell 43.28866061095213 127.48628749827829 0.0 2.23606797749979 0.4472135954999579 1 0 0 0.8616533166834512 0.5074973515678757 2.077037003536195
cell 130.71927879478207 87.26352931035986 0.0 2.23606797749979 0.4472135954999579 1 0 0 -0.3376371009104348 -0.9412763611654108 0.6888108996059534
cell 142.09503989541201 170.501277147974 0.0 2.23606797749979 0.4472135954999579 1 0 0 0.8581908412797281 0.5133307705014306 2.0634697357427965
cell 18.46170033672216 44.14344832191263 0.0 1.0 1.0 1 0 0 0.0 1.0 0
cell 135.48539410795877 101.61116691759119 0.0 2.23606797749979 0.4472135954999579 1 0 0 -0.2669521958202593 -0.96370977225861 0.5404581298978641
cell 90.88619320130654 173.79810955587664 0.0 2.23606797749979 0.4472135954999579 1 0 0 0.9104173147133274 0.41369108410766364 2.2885834080854046
cell 68.966792633727 107.20405661709266 0.0 1.0 1.0 1 0 0 0.0 1.0 0
cell 59.00932247282642 42.867433327375174 0.0 1.0 1.0 1 0 0 0.0 1.0 0
cell 38.206292900373825 31.59976383648288 0.0 1.0 1.0 1 0 0 0.0 1.0 0
cell 23.248511459112457 25.20110277106296 0.0 2.23606797749979 0.4472135954999579 1 0 0 -0.044272054606335154 0.9990195119120215 6.194612247797698
cell 72.67236979712136 97.09702732568363 0.0 1.0 1.0 1 0 0 0.0 1.0 0
cell 5.36085377847066 152.3216176528958 0.0 2.23606797749979 0.4472135954999579 1 0 0 0.8583222054597907 -0.513111090909796 4.219203650852551
cell 88.82916085411703 3.402625181532653 0.0 1.0 1.0 1 0 0 0.0 1.0 0
cell 65.50329888948376 89.38846029638167 0.0 1.0 1.0 1 0 0 0.0 1.0 0
cell 67.32081416750168 24.02450257346538 0.0 2.23606797749979 0.4472135954999579 1 0 0 0.9250576358039768 0.3798267637236178 2.362374616628987
cell 109.32443974203531 21.790881542192725 0.0 1.0 1.0 1 0 0 0.0 1.0 0
cell 132.2062062528054 58.34003446943676 0.0 1.0 1.0 1 0 0 0.0 1.0 0
cell 113.8574057906059 56.76628351445042 0.0 1.0 1.0 1 0 0 0.0 1.0 0
cell 75.40819777841462 25.551503702749763 0.0 1.0 1.0 1 0 0 0.0 1.0 0
cell 55.96340871401064 87.67053266265302 0.0 2.23606797749979 0.4472135954999579 1 0 0 0.6660537702464489 0.7459037304776608 1.4578113429259822
cell 103.2596071083711 183.41896741008117 0.0 1.0 1.0 1 0 0 0.0 1.0 0
cell 40.53996212354139 131.20010150183637 0.0 2.23606797749979 0.4472135954999579 1 0 0 0.7317893115576573 0.6815309262901942 1.6418873863282426
cell 98.12386305440954 14.696247960424916 0.0 1.0 1.0 1 0 0 0.0 1.0 0
cell 36.84454218146569 36.725179876442276 0.0 2.23606797749979 0.4472135954999579 1 0 0 0.9844652423593816 0.17557957337425087 2.788603741040399
cell 121.13694129435495 12.402268164521109 0.0 1.0 1.0 1 0 0 0.0 1.0 0
cell 144.85752073600997 108.69404002968515 0.0 2.23606797749979 0.4472135954999579 1 0 0 -0.33444424738490575 -0.9424155375369954 0.6820309151084336
cell 31.225475184935867 125.10358716534937 0.0 2.23606797749979 0.4472135954999579 1 0 0 -0.46525015795298075 -0.8851792420322149 0.9678343947046777
cell 83.18581310472734 140.75505760632467 0.0 2.23606797749979 0.4472135954999579 1 0 0 0.04752148431884719 0.9988702160581892 0.09507877749397485
cell 111.5517774073349 144.30186011047408 0.0 2.23606797749979 0.4472135954999579 1 0 0 0.932914228606816 -0.3600986560138058 3.878339936863343
cell 74.37321794769272 141.44977037111744 0.0 2.23606797749979 0.4472135954999579 1 0 0 -0.02370707769910048 0.9997189477382975 6.235766709330086
cell 187.06448885351833 177.7242560909669 0.0 2.23606797749979 0.4472135954999579 1 0 0 0.9924402776304975 -0.12272854328436007 3.3876701457448326
cell 65.95391850109367 63.49957403677677 0.0 2.23606797749979 0.4472135954999579 1 0 0 0.2456489670115268 0.9693588525443866 0.4963782329404325
cell 49.34901064239823 17.48760735335185 0.0 1.0 1.0 1 0 0 0.0 1.0 0
cell 42.50132626453228 36.83869671256334 0.0 2.23606797749979 0.4472135954999579 1 0 0 0.9813511960077949 0.19222338591875512 2.754738086972736
cell 136.70076902319866 64.32211121549747 0.0 1.0 1.0 1 0 0 0.0 1.0 0
cell 150.5630635360343 162.85301127609128 0.0 1.0 1.0 1 0 0 0.0 1.0 0
cell 23.062976898574078 55.507961176112914 0.0 2.23606797749979 0.4472135954999579 1 0 0 0.9219075745239681 0.3874098915042492 2.3459518163961315
cell 33.68595391290839 149.13266561328484 0.0 2.23606797749979 0.4472135954999579 1 0 0 0.9940357987483615 0.10905425625213869 2.9230494896145713
cell 71.90184782645574 18.45734232855717 0.0 2.23606797749979 0.4472135954999579 1 0 0 0.9072964373701926 0.42049158699711947 2.273618519024447
cell 104.94751276206861 76.11323298740044 0.0 2.23606797749979 0.4472135954999579 1 0 0 0.21419049899050865 0.9767919072874206 0.43172604015891697
cell 172.97983856577716 175.57237575519514 0.0 2.23606797749979 0.4472135954999579 1 0 0 0.9976197078595369 -0.06895591700682584 3.2796140153786424
cell 60.797640509818564 38.86656809629746 0.0 1.0 1.0 1 0 0 0.0 1.0 0
cell 58.09121597179363 154.8260494140303 0.0 2.23606797749979 0.4472135954999579 1 0 0 0.7735060788134227 -0.6337888812835731 4.514476176972721
cell 83.49039263444264 8.121496632349261 0.0 1.0 1.0 1 0 0 0.0 1.0 0
cell 173.91954685800172 173.21358639552793 0.0 2.23606797749979 0.4472135954999579 1 0 0 0.9948796957902445 0.10106626986443383 2.939114412353748
cell 12.491465102997365 177.45059305474098 0.0 2.23606797749979 0.4472135954999579 1 0 0 -0.3754700053390513 -0.9268345456934008 0.7698076611510016
cell 101.2971296029441 45.34761780318411 0.0 1.0 1.0 1 0 0 0.0 1.0 0
cell 63.95640050708278 90.52762487021991 0.0 1.0 1.0 1 0 0 0.0 1.0 0
cell 121.9921827582387 151.7671825718579 0.0 1.0 1.0 1 0 0 0.0 1.0 0
cell 144.07796202439545 151.0392321209756 0.0 2.23606797749979 0.4472135954999579 1 0 0 0.30742478218168773 0.9515723846878607 0.6249711373912755
cell 89.89102123218956 144.9209568961774 0.0 2.23606797749979 0.4472135954999579 1 0 0 -0.19210534676120336 0.9813743097033658 5.8965713022856345
cell 70.11345198846989 168.2311235676963 0.0 2.23606797749979 0.4472135954999579 1 0 0 0.8587698513112937 0.5123615349328817 2.0657277617297085
cell 174.97190215862702 7.594142266806292 0.0 2.23606797749979 0.4472135954999579 1 0 0 0.39633056924170096 -0.9181078803084903 5.468152007117843
cell 31.404492042560406 62.634017548797075 0.0 2.23606797749979 0.4472135954999579 1 0 0 -0.05037797254525549 -0.9987302237752843 0.10079861259709677
cell 107.69147816031428 85.88269225781012 0.0 2.23606797749979 0.4472135954999579 1 0 0 -0.124163575672757 -0.9922617630827842 0.24896967870774667
cell 186.70405866745676 47.35452834639816 0.0 2.23606797749979 0.4472135954999579 1 0 0 -0.43264811366538997 0.9015628706539438 5.388329383412244
cell 97.71317047490581 118.22930677847737 0.0 2.23606797749979 0.4472135954999579 1 0 0 0.7471471734960762 -0.6646586350426994 4.595666321413105
cell 147.04518380279853 166.2103094726969 0.0 2.23606797749979 0.4472135954999579 1 0 0 0.7688609124431018 0.6394160596334446 1.7541155777917676
cell 128.70072354274248 2.265436125425917 0.0 1.0 1.0 1 0 0 0.0 1.0 0
cell 7.46538355839291 30.701581093648127 0.0 2.23606797749979 0.4472135954999579 1 0 0 -0.35470045063571043 0.9349799946088815 5.5579979726062225
cell 143.95275157895543 100.1456423765312 0.0 2.23606797749979 0.4472135954999579 1 0 0 0.29168230369634524 0.9565152553464022 0.5919703024655056
cell 17.33104818662345 57.566001316218696 0.0 2.23606797749979 0.4472135954999579 1 0 0 0.8893071620573617 0.45731036672426467 2.191655805409258
cell 28.00430537738658 123.1533019425983 0.0 2.23606797749979 0.4472135954999579 1 0 0 -0.29394981851380675 -0.9558208536099744 0.5967132213366542
cell 110.63822518204067 105.0466600305814 0.0 1.0 1.0 1 0 0 0.0 1.0 0
cell 135.76312207969724 28.593053543473935 0.0 1.0 1.0 1 0 0 0.0 1.0 0
cell 131.6557742437785 116.47020660443822 0.0 1.0 1.0 1 0 0 0.0 1.0 0
cell 145.1979189285799 154.52228530668802 0.0 2.23606797749979 0.4472135954999579 1 0 0 -0.44023510471542404 -0.8978825382956278 0.9117210002057972
cell 104.72439857955315 66.97696824225612 0.0 1.0 1.0 1 0 0 0.0 1.0 0
cell 86.61200321154867 77.82928474520209 0.0 2.23606797749979 0.4472135954999579 1 0 0 -0.1122869110905603 -0.9936758272181831 0.2250484375695656
cell 159.72898350221146 81.87406737532363 0.0 1.0 1.0 1 0 0 0.0 1.0 0
cell 7.664214042280165 117.72973439012395 0.0 2.23606797749979 0.4472135954999579 1 0 0 0.9157226713329073 -0.4018108873673337 3.9685797338002406
cell 130.32650649640908 96.35024599818425 0.0 2.23606797749979 0.4472135954999579 1 0 0 -0.18433124271708418 -0.9828641782862856 0.3707828041513732
cell 83.37052472542153 75.2465180877937 0.0 2.23606797749979 0.4472135954999579 1 0 0 -0.18467452029575204 -0.9827997362400612 0.3714813520010667
cell 65.50731037230565 169.61650858720628 0.0 1.0 1.0 1 0 0 0.0 1.0 0
cell 50.439285817448365 135.90703531415025 0.0 2.23606797749979 0.4472135954999579 1 0 0 0.9163077003674591 0.4004749658184625 2.3175223837831935
cell 64.68240318980062 26.35203214548859 0.0 2.23606797749979 0.4472135954999579 1 0 0 0.925416356220381 0.3789519331522046 2.3642656575406846
cell 171.53521558414374 76.94503854497013 0.0 2.23606797749979 0.4472135954999579 1 0 0 0.9956412448233529 0.09326581156353166 2.9547895418367607
cell 98.66044955548509 99.67996833223438 0.0 1.0 1.0 1 0 0 0.0 1.0 0
cell 169.87018335527674 173.47172467589513 0.0 2.23606797749979 0.4472135954999579 1 0 0 0.9905867451799469 0.1368864502929301 2.866957474029157
cell 123.2377221936116 52.40065187040202 0.0 1.0 1.0 1 0 0 0.0 1.0 0
cell 49.88038960808386 26.713783229533195 0.0 1.0 1.0 1 0 0 0.0 1.0 0
cell 114.7906637048869 55.28319736969891 0.0 1.0 1.0 1 0 0 0.0 1.0 0
cell 29.233228385219054 114.87318965482685 0.0 2.23606797749979 0.4472135954999579 1 0 0 0.4897264565170062 0.8718761367231568 1.0235519681184553
cell 3.9312031607165667 130.5510067977418 0.0 2.23606797749979 0.4472135954999579 1 0 0 0.94751976079257 -0.31969720503562554 3.7924124619939614
cell 103.20892542160216 25.60974180570147 0.0 1.0 1.0 1 0 0 0.0 1.0 0
cell 67.35294144693135 0.10989610513172313 0.0 2.23606797749979 0.4472135954999579 1 0 0 0.6482179253399033 0.761454871458599 1.4104834872612062
cell 85.31595309571206 180.3751669141645 0.0 2.23606797749979 0.4472135954999579 1 0 0 0.9218125781167529 0.3876358740180602 2.3454615413132114
cell 38.49023919652163 45.09488203096856 0.0 2.23606797749979 0.4472135954999579 1 0 0 0.9661023281425647 0.2581594305027735 2.6193595197345627
cell 140.93793789350042 99.41677229167739 0.0 2.23606797749979 0.4472135954999579 1 0 0 0.25538859230183675 0.9668384906084813 0.5164992049606634
cell 64.22549948513668 77.95593500773725 0.0 1.0 1.0 1 0 0 0.0 1.0 0
cell 144.29713106045298 70.95767969816637 0.0 1.0 1.0 1 0 0 0.0 1.0 0
cell 55.844119559960575 72.96271663456884 0.0 1.0 1.0 1 0 0 0.0 1.0 0
cell 47.414901178706856 183.8329445128914 0.0 1.0 1.0 1 0 0 0.0 1.0 0
cell 174.48714461652494 159.79678251520548 0.0 2.23606797749979 0.4472135954999579 1 0 0 0.3976466177800764 0.9175386462531515 0.8179010598267047
cell 152.03490674594156 93.74257242870469 0.0 1.0 1.0 1 0 0 0.0 1.0 0
cell 69.78267156552847 150.98317463102495 0.0 2.23606797749979 0.4472135954999579 1 0 0 0.6015910218042063 -0.7988042579284182 4.992202561592478
cell 105.33927740783682 177.59352339837264 0.0 2.23606797749979 0.4472135954999579 1 0 0 0.9721225076999521 0.23447351667759106 2.6682387507078746
cell 75.73426660717303 16.611375153005216 0.0 1.0 1.0 1 0 0 0.0 1.0 0
cell 40.00481969636178 34.59349422771168 0.0 2.23606797749979 0.4472135954999579 1 0 0 0.978015609962525 0.20853169224276208 2.721445842364755
cell 4.49812784951402 32.8556338810106 0.0 2.23606797749979 0.4472135954999579 1 0 0 -0.4752272557841873 0.8798630889859118 5.292740708979776
cell 125.39086877782826 23.365740311580215 0.0 1.0 1.0 1 0 0 0.0 1.0 0
cell 104.83190612536436 62.646371634488005 0.0 1.0 1.0 1 0 0 0.0 1.0 0
cell 55.38856081263438 34.504389483908774 0.0 2.23606797749979 0.4472135954999579 1 0 0 0.9452002900565398 0.32649105910734055 2.4764150432677914
cell 91.51259969925344 35.547780159414984 0.0 1.0 1.0 1 0 0 0.0 1.0 0
cell 150.32508249355266 135.43782598722217 0.0 2.23606797749979 0.4472135954999579 1 0 0 0.5322705789922922 0.8465742913290067 1.1225607795490262
cell 54.2105854590229 33.56957952424327 0.0 2.23606797749979 0.4472135954999579 1 0 0 0.9226307398296489 0.3856844797517715 2.349693481691569
cell 97.6077381879073 66.78783807627408 0.0 1.0 1.0 1 0 0 0.0 1.0 0
cell 111.43212452747082 85.3808662390509 0.0 2.23606797749979 0.4472135954999579 1 0 0 -0.14476544174848685 -0.9894660008688351 0.2905518259967179
cell 78.57631331243083 30.187073981806655 0.0 1.0 1.0 1 0 0 0.0 1.0 0
cell 184.89316849720495 138.24041880089578 0.0 1.0 1.0 1 0 0 0.0 1.0 0
cell 113.25124925287092 160.09910068253913 0.0 2.23606797749979 0.4472135954999579 1 0 0 -0.4400578480770926 0.8979694261753897 5.371859120446754
cell 58.146973641580736 151.4109257002691 0.0 2.23606797749979 0.4472135954999579 1 0 0 0.8251762503743998 -0.5648753453798863 4.342157016653649
cell 109.5829851345074 147.92495593253162 0.0 1.0 1.0 1 0 0 0.0 1.0 0
cell 141.46637357231322 151.83774201127744 0.0 2.23606797749979 0.4472135954999579 1 0 0 0.33608683917031495 0.9418310021105203 0.6855179139374125
cell 26.837577395553588 76.08491754739978 0.0 2.23606797749979 0.4472135954999579 1 0 0 -0.4451644538131465 -0.8954488310681091 0.9227158152579849
cell 78.95197453198838 47.446423299660275 0.0 1.0 1.0 1 0 0 0.0 1.0 0
cell 80.3543314666349 8.007407567322323 0.0 2.23606797749979 0.4472135954999579 1 0 0 -0.9289531834267232 -0.3701972217634228 2.3831500193850954
cell 51.828140662509604 30.07794558286926 0.0 2.23606797749979 0.4472135954999579 1 0 0 0.8936113541729311 0.44884156190488894 2.210655532096821
cell 125.34547191086102 91.69441615849414 0.0 2.23606797749979 0.4472135954999579 1 0 0 -0.23524822512475413 -0.9719353232472071 0.47494790568126355
cell 125.4643721321501 155.45537306136538 0.0 1.0 1.0 1 0 0 0.0 1.0 0
cell 128.92694694971476 27.22037412451537 0.0 1.0 1.0 1 0 0 0.0 1.0 0
cell 151.42350039025374 57.231133248662786 0.0 1.0 1.0 1 0 0 0.0 1.0 0
cell 128.43356991598944 133.2005670687526 0.0 1.0 1.0 1 0 0 0.0 1.0 0
cell 29.899167801356814 79.06531710645389 0.0 2.23606797749979 0.4472135954999579 1 0 0 -0.47769166053445666 -0.8785275621492097 0.9960506406002834
cell 73.2709781279957 82.30370253683833 0.0 1.0 1.0 1 0 0 0.0 1.0 0
cell 75.87977720544924 134.71755250931975 0.0 2.23606797749979 0.4472135954999579 1 0 0 0.9829328625575838 -0.18396463710277033 3.5116294893579676
cell 39.86572936300127 142.94235329071876 0.0 2.23606797749979 0.4472135954999579 1 0 0 0.9551520294746727 0.29611585670209223 2.5403455379632858
cell 39.08118192949367 134.9587117716094 0.0 2.23606797749979 0.4472135954999579 1 0 0 0.8565715661382548 0.5160282473697126 2.057177377964146
cell 49.941306619305166 8.178777770930035 0.0 1.0 1.0 1 0 0 0.0 1.0 0
cell 138.24193809445944 112.06482884527608 0.0 2.23606797749979 0.4472135954999579 1 0 0 0.2266316976079913 -0.9739805304210757 5.825949310645358
cell 94.33783862359762 101.91605178689109 0.0 1.0 1.0 1 0 0 0.0 1.0 0
cell 168.0983985540964 31.556382625819953 0.0 2.23606797749979 0.4472135954999579 1 0 0 0.21350028561772222 -0.9769430014290246 5.852872382671094
cell 91.6950255728056 24.42331556798383 0.0 1.0 1.0 1 0 0 0.0 1.0 0
cell 147.26794969201654 64.95200778586884 0.0 2.23606797749979 0.4472135954999579 1 0 0 0.9395276672327669 -0.342473009891517 3.840688300040877
cell 86.04081548992357 72.19451933863193 0.0 2.23606797749979 0.4472135954999579 1 0 0 -0.3135096115834824 -0.9495850269695568 0.637773462095951
cell 184.12212258101803 117.56552949619861 0.0 2.23606797749979 0.4472135954999579 1 0 0 0.9107017418546978 -0.4130645680554305 3.9932257869168777
cell 3.1034455725751506 168.10275151518243 0.0 2.23606797749979 0.4472135954999579 1 0 0 0.9997225212780333 0.023555900523906874 3.0944764945508276
cell 150.72514106323072 35.089401993562696 0.0 2.23606797749979 0.4472135954999579 1 0 0 0.04917658002472891 0.9987901000596028 0.09839284508358404
cell 27.961734729805045 146.77140157196172 0.0 2.23606797749979 0.4472135954999579 1 0 0 0.9572486023342031 0.28926650917314084 2.55467165379629
cell 96.77303509615406 99.38188419031373 0.0 1.0 1.0 1 0 0 0.0 1.0 0
cell 145.55934669044245 14.249429309446858 0.0 1.0 1.0 1 0 0 0.0 1.0 0
cell 79.21024025174188 21.628325342180602 0.0 1.0 1.0 1 0 0 0.0 1.0 0
cell 70.79524824255482 25.413148401752956 0.0 1.0 1.0 1 0 0 0.0 1.0 0
cell 64.7511488702135 171.43172598881398 0.0 1.0 1.0 1 0 0 0.0 1.0 0
cell 136.44777362142617 125.97448975739712 0.0 1.0 1.0 1 0 0 0.0 1.0 0
cell 47.25808657526999 20.058852552191347 0.0 2.23606797749979 0.4472135954999579 1 0 0 0.31199898265698317 0.9500824358028137 0.6345926346349651
cell 102.53136873405386 166.86378138327336 0.0 2.23606797749979 0.4472135954999579 1 0 0 -0.01100084248567058 0.9999394889015062 6.261183178415461
cell 76.05648147923202 154.24024112803525 0.0 2.23606797749979 0.4472135954999579 1 0 0 0.707483100563258 -0.7067302614275116 4.711324305018347
cell 71.76647881673338 127.54749612550448 0.0 2.23606797749979 0.4472135954999579 1 0 0 0.9318959127726472 -0.3627258024426092 3.88397513721422
cell 141.58478555848902 88.55908912633055 0.0 2.23606797749979 0.4472135954999579 1 0 0 0.9766711633347187 0.21474039841261175 2.7087406143457686
cell 161.9785599388223 43.49365815648864 0.0 1.0 1.0 1 0 0 0.0 1.0 0
cell 134.08221207980316 146.7085653947791 0.0 2.23606797749979 0.4472135954999579 1 0 0 0.24422770081610937 0.9697179126705234 0.493446392455522
cell 37.75210531048298 138.65341224567638 0.0 2.23606797749979 0.4472135954999579 1 0 0 0.9022081763554006 0.43130083064777697 2.2497244322125027
cell 95.38159067223101 15.953563595117508 0.0 1.0 1.0 1 0 0 0.0 1.0 0
cell 77.52228055390619 143.14202821961592 0.0 2.23606797749979 0.4472135954999579 1 0 0 0.06439089276171012 -0.9979247531399098 6.154314362975919
cell 114.66493040201574 45.716486713513504 0.0 1.0 1.0 1 0 0 0.0 1.0 0
cell 83.18998465918345 56.49292530079981 0.0 1.0 1.0 1 0 0 0.0 1.0 0
cell 120.16913629110016 58.49708226686356 0.0 1.0 1.0 1 0 0 0.0 1.0 0
cell 15.532642213925982 9.633266700622102 0.0 2.23606797749979 0.4472135954999579 1 0 0 0.008794370493035374 0.9999613287760838 0.017588967715624942
cell 61.34626096944252 74.98515821035383 0.0 1.0 1.0 1 0 0 0.0 1.0 0
cell 144.01782119080585 55.000090615780465 0.0 1.0 1.0 1 0 0 0.0 1.0 0
cell 35.869677600181284 186.70484009053516 0.0 1.0 1.0 1 0 0 0.0 1.0 0
cell 185.77741853339842 117.85331744237425 0.0 2.23606797749979 0.4472135954999579 1 0 0 0.9252897509840703 -0.3792609612441506 3.919587563551048
cell 112.43115428564455 109.11670344776066 0.0 1.0 1.0 1 0 0 0.0 1.0 0
cell 141.75711625730426 33.732824989232526 0.0 1.0 1.0 1 0 0 0.0 1.0 0
cell 13.636712762609164 140.91704235441154 0.0 1.0 1.0 1 0 0 0.0 1.0 0
cell 93.04946137704698 23.439333930266375 0.0 1.0 1.0 1 0 0 0.0 1.0 0
cell 40.29007555750539 49.04217374211051 0.0 1.0 1.0 1 0 0 0.0 1.0 0
cell 28.41448140091038 23.161461185489717 0.0 1.0 1.0 1 0 0 0.0 1.0 0
cell 155.37968956360268 67.83007408092809 0.0 1.0 1.0 1 0 0 0.0 1.0 0
cell 73.42336472248915 92.15533994190586 0.0 1.0 1.0 1 0 0 0.0 1.0 0
cell 114.48718687967693 117.05648158183602 0.0 2.23606797749979 0.4472135954999579 1 0 0 0.30391305892337905 -0.9526997704501847 5.665590676907714
cell 23.62288409478728 142.116599613913 0.0 2.23606797749979 0.4472135954999579 1 0 0 0.8615754610392485 0.50762951542932 2.076730221609399
cell 131.2423351551802 85.77519213851008 0.0 1.0 1.0 1 0 0 0.0 1.0 0
cell 129.49357044103616 43.33462901670331 0.0 1.0 1.0 1 0 0 0.0 1.0 0
cell 141.83298622124533 155.7924170975357 0.0 2.23606797749979 0.4472135954999579 1 0 0 -0.44802237966982467 -0.894022341619597 0.929104123648612
cell 151.8211610614865 95.56507596166016 0.0 1.0 1.0 1 0 0 0.0 1.0 0
cell 81.63500413633949 128.9641327172079 0.0 1.0 1.0 1 0 0 0.0 1.0 0
cell 133.95011687333138 160.83863568005214 0.0 1.0 1.0 1 0 0 0.0 1.0 0
cell 16.056332075623608 156.95338705067198 0.0 2.23606797749979 0.4472135954999579 1 0 0 0.9995654617086012 -0.029476902131515118 3.2005549985658073
cell 48.82145510098043 154.94603545430692 0.0 2.23606797749979 0.4472135954999579 1 0 0 0.4421533692871961 0.8969394617408581 0.9159961067987233
cell 88.31144434915093 11.505860570082405 0.0 1.0 1.0 1 0 0 0.0 1.0 0
cell 46.53748675982627 15.879817291005052 0.0 1.0 1.0 1 0 0 0.0 1.0 0
cell 147.84896481709316 29.510865285237863 0.0 1.0 1.0 1 0 0 0.0 1.0 0
cell 8.424713481001145 15.888514345957867 0.0 2.23606797749979 0.4472135954999579 1 0 0 -0.2517301005232287 0.9677974770015497 5.77425028996042
cell 35.337333436890695 32.75764869942338 0.0 1.0 1.0 1 0 0 0.0 1.0 0
cell 83.38112342804304 41.82287253477218 0.0 1.0 1.0 1 0 0 0.0 1.0 0
cell 134.75299437602166 56.96842710423819 0.0 1.0 1.0 1 0 0 0.0 1.0 0
cell 116.7711237489265 141.4337019017656 0.0 2.23606797749979 0.4472135954999579 1 0 0 0.18491617529580623 -0.9827542969196169 5.9112121752635245
cell 34.38197810225955 111.39501953927949 0.0 2.23606797749979 0.4472135954999579 1 0 0 0.7698356898839284 0.6382421253575606 1.757167340033485
cell 138.72178733096314 87.36730555696754 0.0 1.0 1.0 1 0 0 0.0 1.0 0
cell 99.42039344897465 83.3222423504652 0.0 2.23606797749979 0.4472135954999579 1 0 0 -0.11552103243260019 -0.9933050342496539 0.2315590558623688
cell 129.43820680970344 28.805184603780127 0.0 1.0 1.0 1 0 0 0.0 1.0 0
cell 87.45943176333701 53.040249992814466 0.0 1.0 1.0 1 0 0 0.0 1.0 0
cell 89.22076590876931 142.36907266756313 0.0 2.23606797749979 0.4472135954999579 1 0 0 -0.07367044889746484 0.9972826404581833 6.135710804754472
cell 154.92759149734556 179.0617697945896 0.0 2.23606797749979 0.4472135954999579 1 0 0 0.9727593015207413 0.23181747411461331 2.6737013775866822
cell 134.27173857104435 139.50099994318015 0.0 1.0 1.0 1 0 0 0.0 1.0 0
cell 147.9614907412445 179.47461929907652 0.0 2.23606797749979 0.4472135954999579 1 0 0 0.9908796961173195 0.1347495002678991 2.871271348141787
cell 90.6703591995658 128.10885446686981 0.0 1.0 1.0 1 0 0 0.0 1.0 0
cell 98.62473383716463 86.72310741314078 0.0 1.0 1.0 1 0 0 0.0 1.0 0
cell 20.97013483955146 41.85623913695201 0.0 1.0 1.0 1 0 0 0.0 1.0 0
cell 106.4506648810775 18.728554231399986 0.0 1.0 1.0 1 0 0 0.0 1.0 0
cell 3.0094087464198154 174.3423307188392 0.0 2.23606797749979 0.4472135954999579 1 0 0 -0.18652931185233093 -0.9824493960606296 0.37525652935721254
cell 152.45581164733693 17.095256937459965 0.0 1.0 1.0 1 0 0 0.0 1.0 0
cell 155.7622934529257 45.74409551050643 0.0 1.0 1.0 1 0 0 0.0 1.0 0
cell 65.22614756533456 30.56523408835984 0.0 1.0 1.0 1 0 0 0.0 1.0 0
cell 18.74966628490216 130.40815743090332 0.0 2.23606797749979 0.4472135954999579 1 0 0 0.46707259890477687 -0.8842189702513384 5.311231002564982
cell 14.26607192518011 23.51894769186364 0.0 1.0 1.0 1 0 0 0.0 1.0 0
cell 185.8391555722975 20.514797092787614 0.0 2.23606797749979 0.4472135954999579 1 0 0 -0.18765760756169797 0.9822345047513958 5.9056316233847355
cell 121.92039808005373 16.040184678089123 0.0 1.0 1.0 1 0 0 0.0 1.0 0
cell 139.92171326328182 118.83485388442395 0.0 1.0 1.0 1 0 0 0.0 1.0 0
cell 101.94162110904244 9.422228775554709 0.0 1.0 1.0 1 0 0 0.0 1.0 0
cell 135.50578424683414 41.987069533736594 0.0 1.0 1.0 1 0 0 0.0 1.0 0
cell 85.54767963832812 12.231614248420923 0.0 1.0 1.0 1 0 0 0.0 1.0 0
cell 116.63598006828461 93.03447414020768 0.0 1.0 1.0 1 0 0 0.0 1.0 0
cell 21.955748222457807 111.50401078683622 0.0 2.23606797749979 0.4472135954999579 1 0 0 -0.47390839064933465 -0.8805741520577115 0.9874479224709294
cell 163.7574988711552 13.522508040519023 0.0 2.23606797749979 0.4472135954999579 1 0 0 0.7112940102405054 0.702894608740158 1.5826749441495203
cell 24.66423995358141 100.8717019110293 0.0 2.23606797749979 0.4472135954999579 1 0 0 0.9535610171762053 0.3011999112248884 2.5296911496394947
cell 116.15913701057305 50.90707533446226 0.0 1.0 1.0 1 0 0 0.0 1.0 0
cell 134.68153769036348 40.23502351776133 0.0 1.0 1.0 1 0 0 0.0 1.0 0
cell 118.58895232877236 58.2612413071724 0.0 1.0 1.0 1 0 0 0.0 1.0 0
cell 22.92556625971864 129.00858413491 0.0 2.23606797749979 0.4472135954999579 1 0 0 -0.6668184284821757 -0.7452202247903378 1.4598625692267815
cell 117.71402644782425 44.83451673981391 0.0 2.23606797749979 0.4472135954999579 1 0 0 0.9507026070942132 -0.3101041000442693 3.772197710582385
cell 24.537687010377002 142.0350243695683 0.0 2.23606797749979 0.4472135954999579 1 0 0 -0.8635202061792326 -0.5043142408460974 2.084417379057683
cell 78.31907918660814 36.380621243999975 0.0 1.0 1.0 1 0 0 0.0 1.0 0
cell 141.13899830619337 137.38297945551062 0.0 1.0 1.0 1 0 0 0.0 1.0 0
cell 67.75985758420791 79.91318604128573 0.0 1.0 1.0 1 0 0 0.0 1.0 0
cell 150.01562335270575 51.891782363268554 0.0 1.0 1.0 1 0 0 0.0 1.0 0
cell 169.62845549003214 65.36048930660564 0.0 1.0 1.0 1 0 0 0.0 1.0 0
cell 153.41907041843578 72.4908233325016 0.0 2.23606797749979 0.4472135954999579 1 0 0 0.9182382394897767 -0.3960284529408406 3.9559678722694325
cell 101.57744368526092 106.07533488899678 0.0 2.23606797749979 0.4472135954999579 1 0 0 0.7924457242827294 -0.6099424350428657 4.453568547087874
cell 110.67127294463558 182.40594953702427 0.0 1.0 1.0 1 0 0 0.0 1.0 0
cell 133.7004735227577 147.39520404930892 0.0 2.23606797749979 0.4472135954999579 1 0 0 -0.23503008858895355 -0.9719880953272363 0.47449904739229876
cell 115.79091722245226 28.20830374401981 0.0 1.0 1.0 1 0 0 0.0 1.0 0
cell 52.1819341340899 121.57099470301095 0.0 2.23606797749979 0.4472135954999579 1 0 0 0.9838540244477474 -0.17897278725541318 3.501477216813305
cell 103.98087632080444 95.67188669588343 0.0 1.0 1.0 1 0 0 0.0 1.0 0
cell 89.40651345892533 112.14626437473537 0.0 1.0 1.0 1 0 0 0.0 1.0 0
cell 45.83708505007629 116.36084468141142 0.0 2.23606797749979 0.4472135954999579 1 0 0 0.9718374028062469 0.23565241884353486 2.6658129763592386
cell 144.7940960401218 113.34973154362405 0.0 1.0 1.0 1 0 0 0.0 1.0 0
cell 176.84704298374976 144.35497048608948 0.0 2.23606797749979 0.4472135954999579 1 0 0 0.07843229054398156 0.9969194429842486 0.15702585659475737
cell 107.31269102888915 73.19996734949974 0.0 2.23606797749979 0.4472135954999579 1 0 0 0.2606622631928854 0.9654300516076568 0.5274162336894793
cell 70.35481568209217 182.92252337056178 0.0 1.0 1.0 1 0 0 0.0 1.0 0
cell 148.62737489032054 101.78739228699018 0.0 2.23606797749979 0.4472135954999579 1 0 0 0.38225064800184433 0.9240586789280052 0.7844613694015153
cell 116.37791723291997 118.00959408187389 0.0 2.23606797749979 0.4472135954999579 1 0 0 0.34102128715122365 -0.9400555737347248 5.587179116773818
cell 157.69864082617366 77.7411056874732 0.0 2.23606797749979 0.4472135954999579 1 0 0 0.9948302602371265 0.10155172729467056 2.938138476300087
cell 124.13253920623812 156.95103569808992 0.0 1.0 1.0 1 0 0 0.0 1.0 0
cell 43.57485383506706 131.15579816732986 0.0 2.23606797749979 0.4472135954999579 1 0 0 0.8586949962498551 0.5124869787764966 2.065435601238459
cell 78.6026609629622 61.07255295023064 0.0 2.23606797749979 0.4472135954999579 1 0 0 0.4753195460772169 0.8798132353613172 0.9906543874472251
cell 92.85858688469003 56.509587305261434 0.0 1.0 1.0 1 0 0 0.0 1.0 0
cell 123.41698508596 153.01272506987033 0.0 1.0 1.0 1 0 0 0.0 1.0 0
cell 118.25478609855891 144.3355469515294 0.0 1.0 1.0 1 0 0 0.0 1.0 0
cell 101.48727491962772 144.9350920316137 0.0 2.23606797749979 0.4472135954999579 1 0 0 0.9944641330425363 -0.10507658203404079 3.352134471728078
cell 95.24768392533433 28.99584801221843 0.0 1.0 1.0 1 0 0 0.0 1.0 0
cell 107.60788319166637 114.69991503998196 0.0 1.0 1.0 1 0 0 0.0 1.0 0
cell 21.74654588422909 48.86383951007716 0.0 2.23606797749979 0.4472135954999579 1 0 0 0.859451458363171 0.5112173615179931 2.0683913842545274
cell 35.14688033862647 177.55100634923718 0.0 2.23606797749979 0.4472135954999579 1 0 0 0.8280496692421824 -0.5606547469413884 4.331945250145156
cell 109.72350803834323 149.9143390862416 0.0 1.0 1.0 1 0 0 0.0 1.0 0
cell 153.01467142448644 58.16486274990282 0.0 1.0 1.0 1 0 0 0.0 1.0 0
cell 76.37291668887826 111.85320243290752 0.0 1.0 1.0 1 0 0 0.0 1.0 0
cell 183.80953524117348 123.27721210587399 0.0 1.0 1.0 1 0 0 0.0 1.0 0
cell 124.0743922966914 183.11280368797964 0.0 1.0 1.0 1 0 0 0.0 1.0 0
cell 60.16463736153795 21.979433169547693 0.0 2.23606797749979 0.4472135954999579 1 0 0 0.8491864692733608 0.528093117170678 2.028885748403494
cell 170.07711757641513 50.566410931645834 0.0 1.0 1.0 1 0 0 0.0 1.0 0
cell 14.860162244973415 56.551003885941526 0.0 2.23606797749979 0.4472135954999579 1 0 0 0.8580467965084297 0.5135715091412503 2.0629086511168913
cell 7.204349582952087 43.164629205123774 0.0 2.23606797749979 0.4472135954999579 1 0 0 0.7501428162603984 -0.6612758540979083 4.586629260556814
cell 82.41943146758865 183.7698493220822 0.0 2.23606797749979 0.4472135954999579 1 0 0 0.8967897942913854 0.4424568508395081 2.224919785683683
cell 12.989989310113783 84.55615839738942 0.0 2.23606797749979 0.4472135954999579 1 0 0 0.898721370361213 0.43852012320538203 2.233689926250667
cell 110.34459529712409 97.03727257624259 0.0 1.0 1.0 1 0 0 0.0 1.0 0
cell 15.811623955755703 58.68804607944375 0.0 2.23606797749979 0.4472135954999579 1 0 0 0.8883789073291153 0.4591110072877007 2.1876041565188693
cell 39.777197283234095 27.117668852416056 0.0 1.0 1.0 1 0 0 0.0 1.0 0
cell 124.41346595065497 187.19123505339456 0.0 1.0 1.0 1 0 0 0.0 1.0 0
cell 39.06032981643002 26.310208477748255 0.0 1.0 1.0 1 0 0 0.0 1.0 0
cell 129.843476675119 10.012948528271284 0.0 1.0 1.0 1 0 0 0.0 1.0 0
cell 20.5094263269034 151.53631289777016 0.0 2.23606797749979 0.4472135954999579 1 0 0 0.9967816028622174 -0.080165055949763 3.3020949892145413
cell 170.89851804616183 21.739498070997527 0.0 2.23606797749979 0.4472135954999579 1 0 0 -0.05037816278710505 0.9987302141790825 6.182386313615045
cell 83.4009145966761 116.02970692271502 0.0 1.0 1.0 1 0 0 0.0 1.0 0
cell 108.56088966697376 156.92910033240142 0.0 1.0 1.0 1 0 0 0.0 1.0 0
cell 103.09821524748348 78.87653546239633 0.0 2.23606797749979 0.4472135954999579 1 0 0 -0.21397744833037668 -0.9768386005917359 0.4312898253098387
cell 27.8795325163348 52.84950003772608 0.0 2.23606797749979 0.4472135954999579 1 0 0 0.9384813826260513 0.3453298343095991 2.436412218112387
cell 150.2296580413109 187.54233813935528 0.0 2.23606797749979 0.4472135954999579 1 0 0 0.9993974527506104 -0.03470924135718617 3.2110250823040785
cell 143.2642229156332 133.10921817423994 0.0 1.0 1.0 1 0 0 0.0 1.0 0
cell 101.2617487394909 121.42334212807789 0.0 1.0 1.0 1 0 0 0.0 1.0 0
cell 71.00485707304547 42.86498940658905 0.0 1.0 1.0 1 0 0 0.0 1.0 0
cell 120.47682563704099 155.15928973137406 0.0 1.0 1.0 1 0 0 0.0 1.0 0
cell 133.64692504468564 167.87135519682369 0.0 1.0 1.0 1 0 0 0.0 1.0 0
cell 102.75397063539727 21.507263450206608 0.0 1.0 1.0 1 0 0 0.0 1.0 0
cell 99.07034019243036 61.10526315090647 0.0 1.0 1.0 1 0 0 0.0 1.0 0
cell 45.989755714691626 143.8684806848616 0.0 2.23606797749979 0.4472135954999579 1 0 0 0.9356863987102665 0.3528327695504092 2.420398934278663
cell 162.6923219271208 64.69645495537203 0.0 1.0 1.0 1 0 0 0.0 1.0 0
cell 97.34176314165073 90.52880625954712 0.0 1.0 1.0 1 0 0 0.0 1.0 0
cell 132.4237259638664 130.0199190615904 0.0 1.0 1.0 1 0 0 0.0 1.0 0
cell 59.4211141906609 185.3554169877316 0.0 1.0 1.0 1 0 0 0.0 1.0 0
cell 144.77574414202644 95.92551703817406 0.0 1.0 1.0 1 0 0 0.0 1.0 0
cell 25.769030750205527 69.29309822340643 0.0 2.23606797749979 0.4472135954999579 1 0 0 0.9931166007734936 -0.117129916196082 3.3763914716120254
cell 151.9103614632702 149.8522082747397 0.0 1.0 1.0 1 0 0 0.0 1.0 0
cell 117.94484333752602 77.32595129003302 0.0 2.23606797749979 0.4472135954999579 1 0 0 0.2920508456008456 0.9564027935884708 0.5927409406016156
cell 11.428120899269722 155.13772715882237 0.0 2.23606797749979 0.4472135954999579 1 0 0 0.9620670449870158 -0.27281312459255214 3.694224386627112
cell 148.79122921320035 174.47920098677744 0.0 1.0 1.0 1 0 0 0.0 1.0 0
cell 77.97956342402898 187.8509066555649 0.0 2.23606797749979 0.4472135954999579 1 0 0 0.8824097101802802 0.470481777946345 2.1619192966414005
cell 67.77904525340301 59.54174352954383 0.0 2.23606797749979 0.4472135954999579 1 0 0 -0.32484070767787687 -0.9457687426825525 0.6616865938497778
cell 135.83068744817905 150.9273364723014 0.0 1.0 1.0 1 0 0 0.0 1.0 0
cell 181.03546149827596 119.1570408673603 0.0 1.0 1.0 1 0 0 0.0 1.0 0
cell 70.48018073985747 30.04250892452387 0.0 2.23606797749979 0.4472135954999579 1 0 0 0.9900770945266449 0.14052525357983534 2.85960882834763
cell 59.524823026313136 39.82225294841181 0.0 1.0 1.0 1 0 0 0.0 1.0 0
cell 101.73877891725891 181.59036269253227 0.0 2.23606797749979 0.4472135954999579 1 0 0 0.9923266224497007 0.1236441441297129 2.8936699053890873
cell 130.525610995299 24.29095475961591 0.0 1.0 1.0 1 0 0 0.0 1.0 0
cell 102.0001099347372 26.615865960644324 0.0 1.0 1.0 1 0 0 0.0 1.0 0
cell 26.143597160731254 149.29932803474944 0.0 2.23606797749979 0.4472135954999579 1 0 0 0.9999975731905749 -0.002203091682340414 3.1459988405188
cell 65.23438475642634 28.530771777807143 0.0 1.0 1.0 1 0 0 0.0 1.0 0
cell 99.3128350027917 69.31711900610212 0.0 2.23606797749979 0.4472135954999579 1 0 0 0.24566232625271744 0.9693554670295637 0.4964057960342943
cell 28.36629858167105 167.49056804897265 0.0 2.23606797749979 0.4472135954999579 1 0 0 0.9814490261850276 -0.19172326150068741 3.5274280142752645
cell 49.945720627526995 43.55982889699594 0.0 1.0 1.0 1 0 0 0.0 1.0 0
cell 85.55576009886191 132.29944564308167 0.0 1.0 1.0 1 0 0 0.0 1.0 0
cell 122.1936522633706 1.4007208639574693 0.0 1.0 1.0 1 0 0 0.0 1.0 0
cell 73.63274275097694 169.0917694497261 0.0 1.0 1.0 1 0 0 0.0 1.0 0
cell 2.8701784442346914 182.91405835503997 0.0 2.23606797749979 0.4472135954999579 1 0 0 0.9462821528016521 0.32334205926397946 2.483074363730283
cell 160.67242748307137 128.79099152167467 0.0 2.23606797749979 0.4472135954999579 1 0 0 0.40080553494797827 0.9161631531310703 0.8247918509991164
cell 104.99386588760015 5.865116624269591 0.0 1.0 1.0 1 0 0 0.0 1.0 0
cell 121.30543726741158 41.716989317526426 0.0 1.0 1.0 1 0 0 0.0 1.0 0
cell 144.87852130089496 63.4719450366375 0.0 2.23606797749979 0.4472135954999579 1 0 0 0.9306775059825477 -0.36584064817636763 3.8906644688639314
cell 147.2328803650158 47.42085775645121 0.0 1.0 1.0 1 0 0 0.0 1.0 0
cell 94.01921914950924 92.09007041730372 0.0 1.0 1.0 1 0 0 0.0 1.0 0
cell 80.9141989908073 144.0553591660257 0.0 2.23606797749979 0.4472135954999579 1 0 0 0.20526557150071664 -0.9787063120040067 5.869715209026695
cell 46.241310062667296 27.34794625061525 0.0 1.0 1.0 1 0 0 0.0 1.0 0
cell 114.4382825684772 93.65224600611292 0.0 1.0 1.0 1 0 0 0.0 1.0 0
cell 20.070539163582723 117.63467619118641 0.0 2.23606797749979 0.4472135954999579 1 0 0 0.4156961530867411 0.909503550465244 0.8574161803468402
cell 48.841234576091516 39.946819843934236 0.0 2.23606797749979 0.4472135954999579 1 0 0 0.986962942964643 0.16094765986049847 2.818291142206562
cell 41.49985374580021 129.08208687168644 0.0 2.23606797749979 0.4472135954999579 1 0 0 0.75657570330004 0.653906113426117 1.7161209004554534
cell 149.85435759055184 98.19919905905067 0.0 1.0 1.0 1 0 0 0.0 1.0 0
cell 109.56096794278261 7.871645180387071 0.0 1.0 1.0 1 0 0 0.0 1.0 0
cell 19.08400720770856 24.47106761033826 0.0 1.0 1.0 1 0 0 0.0 1.0 0
cell 156.61119599638423 56.503523621386016 0.0 1.0 1.0 1 0 0 0.0 1.0 0
cell 112.0059215110794 62.44543296296495 0.0 1.0 1.0 1 0 0 0.0 1.0 0
cell 122.1567510778105 117.82192634813778 0.0 1.0 1.0 1 0 0 0.0 1.0 0
cell 14.974668173311603 175.91899822978235 0.0 2.23606797749979 0.4472135954999579 1 0 0 -0.19641479225943398 -0.9805208969632841 0.39540028165874563
cell 128.07061140774027 127.36039916214429 0.0 1.0 1.0 1 0 0 0.0 1.0 0
cell 81.90073371990607 130.88188290623108 0.0 1.0 1.0 1 0 0 0.0 1.0 0
cell 129.29165894828316 124.44570421795156 0.0 1.0 1.0 1 0 0 0.0 1.0 0
cell 163.33781246548 177.26180283783793 0.0 2.23606797749979 0.4472135954999579 1 0 0 0.3913429650387275 -0.9202449042046891 5.479004313611839
cell 74.71144464647193 15.865032134023094 0.0 2.23606797749979 0.4472135954999579 1 0 0 0.9197560525301484 0.3924905143237972 2.334916989283783
cell 131.8698019803871 17.17919245229444 0.0 1.0 1.0 1 0 0 0.0 1.0 0
cell 82.77194005165236 184.02158714833644 0.0 2.23606797749979 0.4472135954999579 1 0 0 0.8996752164760214 0.4365598525503964 2.2380499653943944
cell 155.78807334736777 36.955449263958464 0.0 2.23606797749979 0.4472135954999579 1 0 0 -0.08134273048820666 0.9966861894281083 6.120319904730295
cell 90.24974122007669 177.7278999574054 0.0 2.23606797749979 0.4472135954999579 1 0 0 0.9454269168303631 0.3258342292219063 2.4778046982068846
cell 162.11010254015505 19.053707877554366 0.0 1.0 1.0 1 0 0 0.0 1.0 0
cell 106.56345542106892 146.85812772081673 0.0 2.23606797749979 0.4472135954999579 1 0 0 0.882555430233143 0.4702083714333379 2.1625389270342277
cell 158.66664227302405 28.189123092395544 0.0 2.23606797749979 0.4472135954999579 1 0 0 -0.11858369375805347 0.9929440606472734 6.045458527629166
cell 58.00226176277052 185.5248565122444 0.0 1.0 1.0 1 0 0 0.0 1.0 0
cell 64.64933976425269 56.90758901668145 0.0 2.23606797749979 0.4472135954999579 1 0 0 -0.2431264943946499 -0.9699945915949059 0.49117552746758
cell 76.7614748241124 25.63577464383501 0.0 1.0 1.0 1 0 0 0.0 1.0 0
cell 111.42620131306658 148.57142793495234 0.0 1.0 1.0 1 0 0 0.0 1.0 0
cell 4.165556003240102 16.993292565379516 0.0 2.23606797749979 0.4472135954999579 1 0 0 0.17297555585300878 -0.9849261175729592 5.935485370821844
cell 158.3771796748563 168.27068348398646 0.0 1.0 1.0 1 0 0 0.0 1.0 0
cell 109.05264096344168 13.362618482675535 0.0 1.0 1.0 1 0 0 0.0 1.0 0
cell 21.3821171960157 176.51692865444613 0.0 2.23606797749979 0.4472135954999579 1 0 0 -0.15584187095371868 -0.9877820160630808 0.31295936060365914
cell 1.7358952372343819 126.13094922233033 0.0 2.23606797749979 0.4472135954999579 1 0 0 0.9415588849637191 -0.3368484320074505 3.828728061177036
cell 87.30610656034851 8.295729117788772 0.0 1.0 1.0 1 0 0 0.0 1.0 0
cell 127.71305560619685 100.28019032746118 0.0 1.0 1.0 1 0 0 0.0 1.0 0
cell 17.97494015225808 40.36588827833678 0.0 1.0 1.0 1 0 0 0.0 1.0 0
cell 137.46550109799827 81.8793768992024 0.0 1.0 1.0 1 0 0 0.0 1.0 0
cell 7.492843842346884 35.99425328264815 0.0 2.23606797749979 0.4472135954999579 1 0 0 -0.4796278799622335 0.8774719920105333 5.282724144632395
cell 141.38599540116348 130.02742669301486 0.0 1.0 1.0 1 0 0 0.0 1.0 0
cell 130.66777274878817 169.7641893397274 0.0 1.0 1.0 1 0 0 0.0 1.0 0
cell 51.79162198390392 54.68669344141866 0.0 2.23606797749979 0.4472135954999579 1 0 0 0.0031336370343400927 -0.9999950901474152 6.2769180228537556
cell 134.39840878685325 86.23425416382184 0.0 1.0 1.0 1 0 0 0.0 1.0 0
cell 40.256442518403425 36.8183362202325 0.0 2.23606797749979 0.4472135954999579 1 0 0 0.9809932001170071 0.19404211224420792 2.7510308359758295
cell 72.9603790099384 31.834709877928727 0.0 1.0 1.0 1 0 0 0.0 1.0 0
cell 161.76581000532605 21.02991643040738 0.0 1.0 1.0 1 0 0 0.0 1.0 0
cell 131.80914041901778 0.6186381396260006 0.0 1.0 1.0 1 0 0 0.0 1.0 0
cell 162.180926428423 28.78540117688675 0.0 2.23606797749979 0.4472135954999579 1 0 0 0.19185776029458287 -0.9814227426622772 5.897075860747263
cell 146.05150724033615 163.81182851080789 0.0 2.23606797749979 0.4472135954999579 1 0 0 0.6887030780973005 0.7250434953982442 1.5193975581814207
cell 100.09770412204526 31.022630346741675 0.0 1.0 1.0 1 0 0 0.0 1.0 0
cell 111.54916805161595 51.484500752324855 0.0 1.0 1.0 1 0 0 0.0 1.0 0
cell 107.7308832559692 61.169884777247276 0.0 1.0 1.0 1 0 0 0.0 1.0 0
cell 129.40312143684167 134.94706862594583 0.0 1.0 1.0 1 0 0 0.0 1.0 0
cell 83.05503215168599 180.4892111687344 0.0 2.23606797749979 0.4472135954999579 1 0 0 0.8920142274960817 0.45200732067585864 2.203563887607444
cell 104.7769918064878 121.03115725397653 0.0 1.0 1.0 1 0 0 0.0 1.0 0
cell 34.5168537113508 14.56215458636426 0.0 2.23606797749979 0.4472135954999579 1 0 0 -0.36676850867889826 -0.9303122384669874 0.751066152810739
cell 47.668795745679944 26.655479071616337 0.0 1.0 1.0 1 0 0 0.0 1.0 0
cell 94.53033514253991 47.82223784024215 0.0 1.0 1.0 1 0 0 0.0 1.0 0
cell 73.49631438648885 175.6742653201834 0.0 1.0 1.0 1 0 0 0.0 1.0 0
cell 175.35749432296245 158.73508968988386 0.0 2.23606797749979 0.4472135954999579 1 0 0 0.521964852521293 0.8529669939290879 1.0983057638002995
cell 73.3427741621281 107.86720451635722 0.0 1.0 1.0 1 0 0 0.0 1.0 0
cell 167.76828618589158 66.16773369696905 0.0 1.0 1.0 1 0 0 0.0 1.0 0
cell 82.87575911766001 15.347298406831218 0.0 1.0 1.0 1 0 0 0.0 1.0 0
cell 72.1412330457265 124.23927833405384 0.0 2.23606797749979 0.4472135954999579 1 0 0 0.9411274908435359 -0.3380518391882381 3.831284848185979
cell 140.28646568498164 60.99212366002678 0.0 1.0 1.0 1 0 0 0.0 1.0 0
cell 94.80244830073599 85.7810971025319 0.0 1.0 1.0 1 0 0 0.0 1.0 0
cell 65.4233561623716 18.270262744986034 0.0 2.23606797749979 0.4472135954999579 1 0 0 0.8971299310893746 0.441766778678042 2.2264584768919136
cell 109.98263645857904 87.46135614072747 0.0 2.23606797749979 0.4472135954999579 1 0 0 -0.10298036716728244 -0.9946833888117825 0.20632651672349223
cell 52.79531374438025 24.928058068887907 0.0 2.23606797749979 0.4472135954999579 1 0 0 0.8472329467519132 0.5312215488269182 2.0215092044185403
cell 117.38801004456488 107.84557953892792 0.0 1.0 1.0 1 0 0 0.0 1.0 0
cell 70.18100416990298 176.65824122019472 0.0 1.0 1.0 1 0 0 0.0 1.0 0
cell 30.364508676008093 38.86629587630816 0.0 2.23606797749979 0.4472135954999579 1 0 0 0.9372728342123058 0.34859666413726836 2.429445790431477
cell 181.41416299605987 121.86023840150844 0.0 2.23606797749979 0.4472135954999579 1 0 0 -0.013459718624813979 -0.9999094138843483 0.0269202501215009
cell 77.62659789633261 125.01004614142711 0.0 1.0 1.0 1 0 0 0.0 1.0 0
cell 144.28736941613673 150.5107995363865 0.0 2.23606797749979 0.4472135954999579 1 0 0 0.2958859164739128 0.9552232851184024 0.6007656600186748
cell 78.66218404038568 34.779168130065635 0.0 1.0 1.0 1 0 0 0.0 1.0 0
cell 124.37852591042706 53.510986757710526 0.0 1.0 1.0 1 0 0 0.0 1.0 0
cell 63.35728627204874 104.82149368759039 0.0 1.0 1.0 1 0 0 0.0 1.0 0
cell 156.18121275148678 64.62087615338886 0.0 1.0 1.0 1 0 0 0.0 1.0 0
cell 131.86074250212747 4.598111331586843 0.0 1.0 1.0 1 0 0 0.0 1.0 0
cell 117.10816119323611 49.771559941957236 0.0 1.0 1.0 1 0 0 0.0 1.0 0
cell 47.71736898629332 75.38582596426951 0.0 1.0 1.0 1 0 0 0.0 1.0 0
cell 8.731714029344507 39.69147023494614 0.0 2.23606797749979 0.4472135954999579 1 0 0 -0.5385041228830612 0.8426228750977183 5.145863632409994
cell 103.61416156365748 31.812848161237742 0.0 1.0 1.0 1 0 0 0.0 1.0 0
cell 22.099853415383958 66.17043113434285 0.0 2.23606797749979 0.4472135954999579 1 0 0 0.06401398895027534 0.997949001311527 0.1281155781769058
cell 130.92161306445786 149.74089727663684 0.0 1.0 1.0 1 0 0 0.0 1.0 0
cell 123.56846999962512 181.86645263636052 0.0 2.23606797749979 0.4472135954999579 1 0 0 0.9969029461703947 -0.07864169324720387 3.299038613205946
cell 147.90705510947535 162.4982624922288 0.0 2.23606797749979 0.4472135954999579 1 0 0 0.6901734692464736 0.7236439610390505 1.5234574832886991
cell 69.43955459816573 43.54239194939329 0.0 1.0 1.0 1 0 0 0.0 1.0 0
cell 35.70508921946836 35.311922619762726 0.0 2.23606797749979 0.4472135954999579 1 0 0 -0.9645997566260658 -0.26371823887803925 2.6078428946495826
cell 82.50691727837528 100.77287177150983 0.0 1.0 1.0 1 0 0 0.0 1.0 0
cell 43.70556974442469 44.366188344592715 0.0 1.0 1.0 1 0 0 0.0 1.0 0
cell 24.797442071484895 89.76666018935053 0.0 2.23606797749979 0.4472135954999579 1 0 0 0.8953834387005078 0.44529596640981817 2.2185830920136183
cell 151.18200522838114 41.485558374513836 0.0 1.0 1.0 1 0 0 0.0 1.0 0
cell 138.32608975052167 69.83200133081091 0.0 1.0 1.0 1 0 0 0.0 1.0 0
cell 113.8882047994776 104.70588259634644 0.0 1.0 1.0 1 0 0 0.0 1.0 0
cell 42.094825350037674 50.292246265334654 0.0 1.0 1.0 1 0 0 0.0 1.0 0
cell 23.98121878980899 51.30015327336984 0.0 1.0 1.0 1 0 0 0.0 1.0 0
cell 112.8156911006806 183.36592994483948 0.0 1.0 1.0 1 0 0 0.0 1.0 0
cell 130.0923477882506 179.15269889902817 0.0 2.23606797749979 0.4472135954999579 1 0 0 0.9940782975944101 0.10866617804910275 2.923830286247563
cell 185.97149840826953 14.45812796790168 0.0 2.23606797749979 0.4472135954999579 1 0 0 0.2568665246976673 -0.9664468886026498 5.763628235803924
cell 164.1954324575245 76.27203045514557 0.0 1.0 1.0 1 0 0 0.0 1.0 0
cell 24.808747105819858 31.941148063923368 0.0 1.0 1.0 1 0 0 0.0 1.0 0
cell 26.28609862051483 33.25969962453984 0.0 1.0 1.0 1 0 0 0.0 1.0 0
cell 32.389838718639105 140.83805191964808 0.0 2.23606797749979 0.4472135954999579 1 0 0 0.9110020426928611 0.41240184069598235 2.291414701584355
cell 75.83208100034973 88.20294256281612 0.0 1.0 1.0 1 0 0 0.0 1.0 0
cell 15.668766055649268 65.13262433361966 0.0 2.23606797749979 0.4472135954999579 1 0 0 0.9835597310242343 0.18058309862092795 2.7784341252403624
cell 90.47423081221812 139.713927613682 0.0 2.23606797749979 0.4472135954999579 1 0 0 0.999998947218301 -0.0014510555777171063 3.1444947657636577
cell 121.78418549878249 114.12431278317467 0.0 1.0 1.0 1 0 0 0.0 1.0 0
cell 54.629673567932905 9.324333398304109 0.0 1.0 1.0 1 0 0 0.0 1.0 0
cell 93.80788118668873 28.434060846247633 0.0 1.0 1.0 1 0 0 0.0 1.0 0
cell 168.32911576098743 118.84886869899756 0.0 2.23606797749979 0.4472135954999579 1 0 0 -0.0007210074744449796 -0.9999997400740771 0.0014420150738292392
cell 118.63688493317552 88.41527759648052 0.0 2.23606797749979 0.4472135954999579 1 0 0 -0.24674769031750488 -0.9690797579781433 0.49864546633611706
cell 101.95080001402988 160.9881494758701 0.0 1.0 1.0 1 0 0 0.0 1.0 0
cell 53.8845180968865 45.145651215760964 0.0 1.0 1.0 1 0 0 0.0 1.0 0
cell 168.30514615005978 73.25447835044903 0.0 2.23606797749979 0.4472135954999579 1 0 0 0.999990260940724 -0.004413391406035847 3.1504194650568302
cell 163.93023097237437 73.314376636455 0.0 2.23606797749979 0.4472135954999579 1 0 0 0.9976116013668941 0.0690730976443153 3.003336370392458
cell 65.7079292935325 167.6438286076051 0.0 1.0 1.0 1 0 0 0.0 1.0 0
cell 78.88287905179315 176.98419069128573 0.0 2.23606797749979 0.4472135954999579 1 0 0 0.8478715370623537 0.5302017131616246 2.023915747618639
cell 56.353927663841596 6.674668384288433 0.0 1.0 1.0 1 0 0 0.0 1.0 0
cell 143.37838208498644 36.042875842551446 0.0 2.23606797749979 0.4472135954999579 1 0 0 -0.02930531578383609 0.9995705070012868 6.224566283218137
cell 46.303832183576034 0.44095741253885035 0.0 1.0 1.0 1 0 0 0.0 1.0 0
cell 120.88162172900616 122.3941820027386 0.0 1.0 1.0 1 0 0 0.0 1.0 0
cell 146.01362081254607 130.19666013051372 0.0 1.0 1.0 1 0 0 0.0 1.0 0
cell 145.99043238110679 2.0917797697696914 0.0 1.0 1.0 1 0 0 0.0 1.0 0
cell 41.92429917907198 21.873092564666113 0.0 1.0 1.0 1 0 0 0.0 1.0 0
cell 102.77154341462209 114.0675589392728 0.0 1.0 1.0 1 0 0 0.0 1.0 0
cell 92.83581252269776 34.18410804939929 0.0 1.0 1.0 1 0 0 0.0 1.0 0
cell 104.49264086359426 109.27701877062916 0.0 1.0 1.0 1 0 0 0.0 1.0 0
cell 21.54974742291036 138.19463505613183 0.0 1.0 1.0 1 0 0 0.0 1.0 0
cell 95.6841046423523 175.9755457218861 0.0 2.23606797749979 0.4472135954999579 1 0 0 0.9614523416919046 0.2749716251818594 2.584472273963878
cell 113.25156079268719 165.8474829398293 0.0 1.0 1.0 1 0 0 0.0 1.0 0
cell 25.092733795229375 36.09957924752299 0.0 1.0 1.0 1 0 0 0.0 1.0 0
cell 150.14094455205543 76.62662577799951 0.0 1.0 1.0 1 0 0 0.0 1.0 0
cell 179.79988015384916 136.18968771484836 0.0 2.23606797749979 0.4472135954999579 1 0 0 0.9766155347714901 -0.21499324929633581 3.574962488572778
cell 14.905820044620517 113.41978570802559 0.0 2.23606797749979 0.4472135954999579 1 0 0 -0.3788449352007305 -0.9254601639577764 0.7770957586862952
cell 48.60564202526431 34.661717081372835 0.0 2.23606797749979 0.4472135954999579 1 0 0 0.926720305922392 0.3757518790253858 2.371176704674519
cell 162.1014310581872 122.77868053648376 0.0 2.23606797749979 0.4472135954999579 1 0 0 -0.006151336837818356 0.9999810803485772 6.27088255591593
cell 78.09511543307657 51.17291977846496 0.0 1.0 1.0 1 0 0 0.0 1.0 0
cell 185.5510086630157 175.3840578981941 0.0 2.23606797749979 0.4472135954999579 1 0 0 0.9990509337349757 -0.04355722446705425 3.228734672118561
cell 46.467045957842295 147.26038320970574 0.0 2.23606797749979 0.4472135954999579 1 0 0 0.9694754296457149 -0.24518848120019143 3.6370208604100838
cell 133.10304870406958 109.6169156797708 0.0 1.0 1.0 1 0 0 0.0 1.0 0
cell 149.4594286021305 65.89717708478317 0.0 2.23606797749979 0.4472135954999579 1 0 0 0.9349829677243905 -0.3546926134913038 3.866763223885865
cell 95.38770195919366 2.2588366815226903 0.0 1.0 1.0 1 0 0 0.0 1.0 0
cell 157.1818766710089 26.57711748164169 0.0 1.0 1.0 1 0 0 0.0 1.0 0
cell 82.83405766774928 30.320817624327997 0.0 1.0 1.0 1 0 0 0.0 1.0 0
cell 85.09679789196733 31.69663641986868 0.0 1.0 1.0 1 0 0 0.0 1.0 0
cell 67.55150439354782 22.28365681028331 0.0 2.23606797749979 0.4472135954999579 1 0 0 0.9123513583038462 0.4094081081282183 2.2979822268397108
cell 45.61335860676589 42.92102503280792 0.0 2.23606797749979 0.4472135954999579 1 0 0 0.9912514933913168 0.13198665405822024 2.8768468507825826
cell 94.99698136765768 82.30853473125495 0.0 2.23606797749979 0.4472135954999579 1 0 0 -0.0899257915193031 -0.9959484685562937 0.1800948688042281
cell 80.5274212878134 95.23794862208256 0.0 1.0 1.0 1 0 0 0.0 1.0 0
cell 104.24206990567802 80.05598656023345 0.0 2.23606797749979 0.4472135954999579 1 0 0 -0.21028004642386497 -0.9776411929107617 0.4237228041349468
cell 96.85319021270809 131.53090021500807 0.0 2.23606797749979 0.4472135954999579 1 0 0 0.010286578120688884 -0.9999470917556423 6.262611788100671
cell 71.61038567057278 83.29715513419319 0.0 1.0 1.0 1 0 0 0.0 1.0 0
cell 163.29496751294167 22.964063717934028 0.0 1.0 1.0 1 0 0 0.0 1.0 0
cell 123.9376330318155 2.3914101171294613 0.0 1.0 1.0 1 0 0 0.0 1.0 0
cell 109.63516139346514 185.59193795681463 0.0 1.0 1.0 1 0 0 0.0 1.0 0
cell 144.7430916814021 3.6386299713040344 0.0 1.0 1.0 1 0 0 0.0 1.0 0
cell 158.7229629909761 51.81974453718061 0.0 1.0 1.0 1 0 0 0.0 1.0 0
cell 45.654899375104215 37.038126421500586 0.0 2.23606797749979 0.4472135954999579 1 0 0 0.9591880996721269 0.2827687915017745 2.5682336832988275
cell 148.49417563411052 69.24928833104597 0.0 1.0 1.0 1 0 0 0.0 1.0 0
cell 82.56215222875436 123.99181488220606 0.0 1.0 1.0 1 0 0 0.0 1.0 0
cell 62.9757831030814 116.53552311495707 0.0 2.23606797749979 0.4472135954999579 1 0 0 0.9738695150781731 -0.22710827285989402 3.5998073193875912
cell 110.56917047583906 106.78523013462596 0.0 1.0 1.0 1 0 0 0.0 1.0 0
cell 48.11743056575246 55.555663963510284 0.0 2.23606797749979 0.4472135954999579 1 0 0 -0.09373614597638773 0.9955970745926754 6.095437387565991
cell 73.02773010422605 167.14509733076122 0.0 1.0 1.0 1 0 0 0.0 1.0 0
cell 12.566567565277161 100.79523616548764 0.0 2.23606797749979 0.4472135954999579 1 0 0 0.4189413580805726 0.9080132920225372 0.864558235857595
cell 74.13691744140002 171.0466737196029 0.0 1.0 1.0 1 0 0 0.0 1.0 0
cell 130.0375693141793 3.715383361399678 0.0 1.0 1.0 1 0 0 0.0 1.0 0
cell 26.926798378641166 22.602754711005826 0.0 1.0 1.0 1 0 0 0.0 1.0 0
cell 42.82533742187779 183.0617720888592 0.0 1.0 1.0 1 0 0 0.0 1.0 0
cell 136.54487513735043 171.9819124346894 0.0 2.23606797749979 0.4472135954999579 1 0 0 -0.8864445788984409 -0.4628347529535415 2.1792117947301524
cell 107.6984915982249 112.7874115269142 0.0 1.0 1.0 1 0 0 0.0 1.0 0
cell 80.58699780790671 167.41144072637792 0.0 1.0 1.0 1 0 0 0.0 1.0 0
cell 43.984913760727245 56.670457022963845 0.0 2.23606797749979 0.4472135954999579 1 0 0 -0.18098133017514795 0.9834865317471481 5.919216972662774
cell 19.104439629355607 27.31135830661454 0.0 2.23606797749979 0.4472135954999579 1 0 0 -0.08957105357856625 0.9959804347279245 6.1038027889746225
cell 90.57765206416958 157.14545818789932 0.0 2.23606797749979 0.4472135954999579 1 0 0 0.3533897920174021 0.9354761647941102 0.7223844709035427
cell 77.44411453462817 145.1625582698043 0.0 2.23606797749979 0.4472135954999579 1 0 0 0.22667404859755882 -0.9739706749653151 5.825862345449425
cell 96.77750542765975 105.85771931644635 0.0 1.0 1.0 1 0 0 0.0 1.0 0
cell 57.45788570527196 47.70821674901715 0.0 1.0 1.0 1 0 0 0.0 1.0 0
cell 98.94576441120634 19.125093473427967 0.0 1.0 1.0 1 0 0 0.0 1.0 0
cell 58.60757131753549 115.5481689045203 0.0 2.23606797749979 0.4472135954999579 1 0 0 0.9999105540831169 0.013374746098308955 3.114842363820354
cell 67.73120026917734 183.6113664670032 0.0 1.0 1.0 1 0 0 0.0 1.0 0
cell 83.12613505110208 70.39684220590405 0.0 2.23606797749979 0.4472135954999579 1 0 0 -0.34606310237995863 -0.9382112390987214 0.7067433297405508
cell 147.82591660913602 87.92253434428115 0.0 1.0 1.0 1 0 0 0.0 1.0 0
cell 79.05396071402583 121.04393636035735 0.0 2.23606797749979 0.4472135954999579 1 0 0 0.4487723022722732 0.8936461384201486 0.9307821138729331
cell 52.554980025202845 66.90274323666729 0.0 1.0 1.0 1 0 0 0.0 1.0 0
cell 61.616515281564325 117.11412544293496 0.0 2.23606797749979 0.4472135954999579 1 0 0 0.9838884251619247 -0.17878357539882617 3.5010925895343816
cell 66.58523507233345 116.52058016575567 0.0 2.23606797749979 0.4472135954999579 1 0 0 0.285100487879948 0.9584976326578045 0.5782225309668626
cell 145.1706740984449 76.56567840339764 0.0 1.0 1.0 1 0 0 0.0 1.0 0
cell 127.39145514745826 104.99301691669918 0.0 1.0 1.0 1 0 0 0.0 1.0 0
cell 104.41801936077277 181.9188649714243 0.0 2.23606797749979 0.4472135954999579 1 0 0 0.9894143992016046 0.14511769930827853 2.850328793543805
cell 60.48805677805653 2.6035072558954373 0.0 1.0 1.0 1 0 0 0.0 1.0 0
cell 97.9210590244076 35.22380085988414 0.0 1.0 1.0 1 0 0 0.0 1.0 0
cell 85.13498739768772 21.409811896334745 0.0 1.0 1.0 1 0 0 0.0 1.0 0
cell 128.32869061039491 67.27391819376261 0.0 1.0 1.0 1 0 0 0.0 1.0 0
cell 135.87531047981162 124.35763785256748 0.0 1.0 1.0 1 0 0 0.0 1.0 0
cell 144.29673627053018 16.9647058875185 0.0 1.0 1.0 1 0 0 0.0 1.0 0
cell 49.312970386854346 77.78014913544696 0.0 2.23606797749979 0.4472135954999579 1 0 0 0.999997051431425 0.00242840039037684 3.136735848035497
cell 74.71234757271023 172.9038249477138 0.0 1.0 1.0 1 0 0 0.0 1.0 0
cell 92.08366076425153 92.46724275178843 0.0 1.0 1.0 1 0 0 0.0 1.0 0
cell 87.62423524264874 13.388564232455147 0.0 1.0 1.0 1 0 0 0.0 1.0 0
cell 181.8057241790338 81.42163106088209 0.0 2.23606797749979 0.4472135954999579 1 0 0 0.9901894906297586 -0.13973107258723527 3.421972288858799
cell 131.80945237917027 106.94422482772539 0.0 1.0 1.0 1 0 0 0.0 1.0 0
cell 43.553185272568044 0.6878520452268605 0.0 1.0 1.0 1 0 0 0.0 1.0 0
cell 158.86926563744063 4.40714053516504 0.0 1.0 1.0 1 0 0 0.0 1.0 0
cell 138.0725198686084 148.965547158875 0.0 2.23606797749979 0.4472135954999579 1 0 0 -0.29802246778981406 -0.9545588555413801 0.6052406215947803
cell 124.35869891095774 42.027518723298016 0.0 1.0 1.0 1 0 0 0.0 1.0 0
cell 124.8360778340125 82.96173976082547 0.0 2.23606797749979 0.4472135954999579 1 0 0 0.3408758766165854 0.9401083111752999 0.6956968332576701
cell 31.992390394036924 59.88493252922111 0.0 1.0 1.0 1 0 0 0.0 1.0 0
cell 156.9685386804802 116.3472444565558 0.0 2.23606797749979 0.4472135954999579 1 0 0 0.4061019048827819 0.9138277971535862 0.8363686408096622
cell 164.56932230928638 177.93243790169166 0.0 2.23606797749979 0.4472135954999579 1 0 0 0.8511477895457807 0.524926128470789 2.0363360130116583
cell 36.644480806188085 48.17315145957257 0.0 1.0 1.0 1 0 0 0.0 1.0 0
cell 80.02948720872678 4.526877448291405 0.0 2.23606797749979 0.4472135954999579 1 0 0 0.9091837783884572 0.4163950733561683 2.2826392761141627
cell 178.00132402840742 112.39741438387152 0.0 2.23606797749979 0.4472135954999579 1 0 0 0.8956313976314222 -0.4447970318884617 4.063487909469938
cell 30.87552706176277 121.60835851910568 0.0 2.23606797749979 0.4472135954999579 1 0 0 -0.5856427608611829 -0.8105692793653676 1.2513456108568013
cell 110.56129601244106 162.53196531243643 0.0 2.23606797749979 0.4472135954999579 1 0 0 -0.0390255718504235 0.9992382122105556 6.205114337968067
cell 112.79306046756369 11.180671566460923 0.0 1.0 1.0 1 0 0 0.0 1.0 0
cell 137.54257485767386 88.26736606220405 0.0 1.0 1.0 1 0 0 0.0 1.0 0
cell 97.21762099788033 128.8187252356362 0.0 2.23606797749979 0.4472135954999579 1 0 0 0.9685781132353373 -0.24870954658290512 3.6442880724467526
cell 103.14317890489588 66.91500039935445 0.0 1.0 1.0 1 0 0 0.0 1.0 0
cell 11.7980132343724 140.43207939326587 0.0 1.0 1.0 1 0 0 0.0 1.0 0
cell 175.89600425663122 75.95472017788485 0.0 2.23606797749979 0.4472135954999579 1 0 0 0.9929070611714484 0.11889309431534477 2.90324266406882
cell 45.50119359689404 38.63952012863761 0.0 2.23606797749979 0.4472135954999579 1 0 0 0.9779549176537092 0.20881613691697024 2.7208641471537343
cell 44.190436274815205 47.64752415598007 0.0 1.0 1.0 1 0 0 0.0 1.0 0
cell 37.01953576600709 35.602858702133204 0.0 2.23606797749979 0.4472135954999579 1 0 0 0.9718235449220828 0.23570956182360628 2.665695377700642
cell 140.77898656741735 128.4233533822569 0.0 1.0 1.0 1 0 0 0.0 1.0 0
cell 166.5200715089777 98.10055340524316 0.0 1.0 1.0 1 0 0 0.0 1.0 0
cell 119.12240734987863 59.8038783541865 0.0 1.0 1.0 1 0 0 0.0 1.0 0
cell 149.2081845791313 61.15275966635806 0.0 1.0 1.0 1 0 0 0.0 1.0 0
cell 116.50981209199878 96.3692628996931 0.0 1.0 1.0 1 0 0 0.0 1.0 0
cell 61.65509235500808 110.87119800716847 0.0 2.23606797749979 0.4472135954999579 1 0 0 0.999966537959792 -0.008180645494575041 3.157954127075445
cell 63.98873977274775 148.55673020832208 0.0 2.23606797749979 0.4472135954999579 1 0 0 0.1749676772557466 -0.9845741779651388 5.931439429365792
cell 113.48282355399202 180.83375226857177 0.0 2.23606797749979 0.4472135954999579 1 0 0 0.9999455421868678 -0.010436122872546723 3.1624652782287597
cell 155.42479356141618 186.79071667312388 0.0 2.23606797749979 0.4472135954999579 1 0 0 0.9962950573579473 -0.08600092257716987 3.313807233035085
cell 96.52817959719805 26.172953028789454 0.0 1.0 1.0 1 0 0 0.0 1.0 0
cell 146.80021039887143 55.759849612417824 0.0 1.0 1.0 1 0 0 0.0 1.0 0
cell 24.97573902555906 151.65805201456936 0.0 2.23606797749979 0.4472135954999579 1 0 0 0.9957346680791129 -0.09226305211393526 3.326381561277496
cell 167.58853695719296 49.05092928708527 0.0 1.0 1.0 1 0 0 0.0 1.0 0
cell 159.69799712854086 34.635452027689915 0.0 2.23606797749979 0.4472135954999579 1 0 0 -0.12512919767811861 0.9921404557261186 6.032269204667242
cell 73.1525100615364 126.32738481811415 0.0 2.23606797749979 0.4472135954999579 1 0 0 0.931813357539805 -0.36293782761017823 3.8844301978184284
cell 82.84955705282475 139.8536661304642 0.0 2.23606797749979 0.4472135954999579 1 0 0 -0.12154573592636773 -0.992585832096206 0.24369403289027858
cell 81.83115661497872 177.40895527106989 0.0 2.23606797749979 0.4472135954999579 1 0 0 0.8556024995673167 0.51763342505499 2.053427345190835
cell 77.41211203367352 31.844759810792592 0.0 1.0 1.0 1 0 0 0.0 1.0 0
cell 152.351935840461 89.9524658689908 0.0 1.0 1.0 1 0 0 0.0 1.0 0
cell 120.35578160575676 16.83281414936594 0.0 1.0 1.0 1 0 0 0.0 1.0 0
cell 166.82352761345743 24.5440082204879 0.0 2.23606797749979 0.4472135954999579 1 0 0 -0.1592379749113098 0.9872402277795131 5.963347845590452
cell 70.7626802324653 89.84671240522805 0.0 1.0 1.0 1 0 0 0.0 1.0 0
cell 96.71624227814667 18.480279017310895 0.0 1.0 1.0 1 0 0 0.0 1.0 0
cell 138.08699039417039 166.71202455041336 0.0 1.0 1.0 1 0 0 0.0 1.0 0
cell 71.40830398210252 27.7678721268978 0.0 2.23606797749979 0.4472135954999579 1 0 0 0.978167868147171 0.20781631727181255 2.7229086395861084
cell 44.2292391378562 31.75511444169319 0.0 2.23606797749979 0.4472135954999579 1 0 0 0.9541275119863128 0.29940055255595055 2.533464004815442
cell 103.17957361679593 8.658018274865173 0.0 1.0 1.0 1 0 0 0.0 1.0 0
cell 28.02795249808623 36.39127885930604 0.0 1.0 1.0 1 0 0 0.0 1.0 0
cell 83.54420713015341 12.28506687082668 0.0 1.0 1.0 1 0 0 0.0 1.0 0
cell 145.45899416938389 4.859138934357957 0.0 1.0 1.0 1 0 0 0.0 1.0 0
cell 146.56889303787102 26.349808068705265 0.0 1.0 1.0 1 0 0 0.0 1.0 0
cell 60.788509526312055 4.558181327233027 0.0 1.0 1.0 1 0 0 0.0 1.0 0
cell 86.09740831918171 140.12349420975218 0.0 2.23606797749979 0.4472135954999579 1 0 0 -0.06921603737723839 -0.9976016941494199 0.13854284851443666
cell 125.77121958813508 157.44439791799311 0.0 1.0 1.0 1 0 0 0.0 1.0 0
cell 122.9258399449176 7.409671654069528 0.0 1.0 1.0 1 0 0 0.0 1.0 0
cell 118.22042467958926 151.8571853486856 0.0 1.0 1.0 1 0 0 0.0 1.0 0
cell 136.94977940336534 11.562996481786469 0.0 1.0 1.0 1 0 0 0.0 1.0 0
cell 52.467581431452466 17.747641560704217 0.0 1.0 1.0 1 0 0 0.0 1.0 0
cell 132.95445201956875 43.797530330224625 0.0 1.0 1.0 1 0 0 0.0 1.0 0
cell 53.95434577683615 165.887727362788 0.0 2.23606797749979 0.4472135954999579 1 0 0 0.7508275053707666 -0.6604983400272187 4.584557230244314
cell 113.85242976461976 15.538195381716449 0.0 1.0 1.0 1 0 0 0.0 1.0 0
cell 28.36047287660827 15.808925588878244 0.0 2.23606797749979 0.4472135954999579 1 0 0 -0.08564153766866145 -0.9963260144278816 0.17149314794042603
cell 56.07522519314079 113.23642430166491 0.0 2.23606797749979 0.4472135954999579 1 0 0 0.9666849718901477 0.25596907063499763 2.62389257710731
cell 162.15504102811084 108.76035878220172 0.0 1.0 1.0 1 0 0 0.0 1.0 0
cell 62.88398051809379 82.90906612824169 0.0 1.0 1.0 1 0 0 0.0 1.0 0
cell 30.431431268344518 13.20789829239217 0.0 2.23606797749979 0.4472135954999579 1 0 0 -0.2797505129507129 -0.9600727318822324 0.5670684734221245
cell 130.29648432106782 136.60463891143817 0.0 1.0 1.0 1 0 0 0.0 1.0 0
cell 88.53323862736795 29.218012275663487 0.0 1.0 1.0 1 0 0 0.0 1.0 0
cell 151.5947129845581 97.42846411600598 0.0 1.0 1.0 1 0 0 0.0 1.0 0
cell 170.05396017879258 19.802056452613023 0.0 2.23606797749979 0.4472135954999579 1 0 0 0.22298599118232612 -0.9748216491935515 5.83343227061098
cell 80.15003571521717 74.38143208489848 0.0 2.23606797749979 0.4472135954999579 1 0 0 -0.2355312527682615 -0.9718667753192375 0.47553032637463755
cell 124.42964716513491 14.21092182883756 0.0 1.0 1.0 1 0 0 0.0 1.0 0
cell 91.12044601302334 176.24366312404467 0.0 2.23606797749979 0.4472135954999579 1 0 0 0.9471920782675759 0.32066675360434593 2.488725993597732
cell 140.48321403185082 67.53252336158914 0.0 1.0 1.0 1 0 0 0.0 1.0 0
cell 186.58895647698589 109.50860981316325 0.0 2.23606797749979 0.4472135954999579 1 0 0 0.9579500303790486 -0.2869350785400418 3.7236443318588712
cell 77.44521467042077 170.21656770009793 0.0 1.0 1.0 1 0 0 0.0 1.0 0
cell 49.689010383644856 6.335224852753762 0.0 1.0 1.0 1 0 0 0.0 1.0 0
cell 156.42487956892782 163.933423703195 0.0 1.0 1.0 1 0 0 0.0 1.0 0
cell 88.66857056288592 37.073332430790074 0.0 1.0 1.0 1 0 0 0.0 1.0 0
cell 118.51825469254442 100.52468655772142 0.0 1.0 1.0 1 0 0 0.0 1.0 0
cell 139.52865826661693 101.57639175798026 0.0 2.23606797749979 0.4472135954999579 1 0 0 -0.24503352691495214 -0.9695146057113423 0.49510854703435303
cell 93.37095109579796 2.150499707103161 0.0 1.0 1.0 1 0 0 0.0 1.0 0
cell 123.77071220369535 61.404545992965936 0.0 1.0 1.0 1 0 0 0.0 1.0 0
cell 24.026102882975245 118.2992574293264 0.0 2.23606797749979 0.4472135954999579 1 0 0 0.36992897449246503 0.9290600377967794 0.7578651415022133
cell 82.74934034740086 64.52822845973655 0.0 2.23606797749979 0.4472135954999579 1 0 0 -0.413911389255406 -0.9103171765075401 0.8534932373169886
cell 118.1852999538237 142.38392586326967 0.0 1.0 1.0 1 0 0 0.0 1.0 0
cell 153.28437195606065 54.34303812495387 0.0 1.0 1.0 1 0 0 0.0 1.0 0
cell 101.07181863164297 74.36915167271624 0.0 2.23606797749979 0.4472135954999579 1 0 0 0.2172621850410672 0.9761132838718983 0.438017556063323
cell 70.58815767109652 10.980897647272272 0.0 2.23606797749979 0.4472135954999579 1 0 0 0.9021133360155817 0.4314991645215991 2.2492847458890544
cell 37.37763989418863 33.475970910410936 0.0 1.0 1.0 1 0 0 0.0 1.0 0
cell 88.006881797646 21.519603952342422 0.0 1.0 1.0 1 0 0 0.0 1.0 0
cell 128.33269313682734 77.48260568088062 0.0 1.0 1.0 1 0 0 0.0 1.0 0
cell 104.50962170494542 85.60915167694431 0.0 2.23606797749979 0.4472135954999579 1 0 0 -0.08746543830870582 -0.9961675547323683 0.1751546907606194
cell 100.7622499407574 182.84930412527922 0.0 2.23606797749979 0.4472135954999579 1 0 0 0.9840216519233574 0.17804883753068057 2.783586155465481
cell 97.41436545987217 7.126529089734018 0.0 1.0 1.0 1 0 0 0.0 1.0 0
cell 42.81627388653196 87.68420799253728 0.0 2.23606797749979 0.4472135954999579 1 0 0 0.9653294241644215 0.2610346774709952 2.6134048804555214
cell 13.984131155750967 89.88955628589667 0.0 2.23606797749979 0.4472135954999579 1 0 0 -0.5934667605403954 -0.8048584994480017 1.270718655211768
cell 67.28624598450982 11.342863004745608 0.0 2.23606797749979 0.4472135954999579 1 0 0 0.8760863838362751 0.4821541745714527 2.13536882492045
cell 86.03327762037819 170.7282018851938 0.0 2.23606797749979 0.4472135954999579 1 0 0 0.8951497918228961 0.4457654654629784 2.2175342445878425
cell 167.94252605025903 186.5791615867877 0.0 2.23606797749979 0.4472135954999579 1 0 0 0.9994448161237641 -0.033317555782731434 3.2082400994742697
cell 55.99574705580127 105.94200664810602 0.0 2.23606797749979 0.4472135954999579 1 0 0 0.605686029954386 0.7957037345131005 1.3012555047493755
cell 143.56837119312348 159.92940408738247 0.0 2.23606797749979 0.4472135954999579 1 0 0 -0.6375272713820902 -0.7704277891172583 1.3825688677367722
cell 19.691739179467824 42.96144241894885 0.0 1.0 1.0 1 0 0 0.0 1.0 0
cell 36.16794361112033 38.63208324640203 0.0 2.23606797749979 0.4472135954999579 1 0 0 0.9815795621137764 0.191053822889067 2.7571213863050184
cell 160.4319513780925 172.71541927500465 0.0 2.23606797749979 0.4472135954999579 1 0 0 0.7691420712934373 0.6390778310710216 1.754995234230792
cell 131.2508642500477 7.643957691157305 0.0 1.0 1.0 1 0 0 0.0 1.0 0
cell 79.46769810381622 89.70681714731845 0.0 1.0 1.0 1 0 0 0.0 1.0 0
cell 173.54692174021864 109.92208618020709 0.0 1.0 1.0 1 0 0 0.0 1.0 0
cell 106.50942628643423 31.105630152951438 0.0 1.0 1.0 1 0 0 0.0 1.0 0
cell 150.62731633684174 68.96148784494926 0.0 2.23606797749979 0.4472135954999579 1 0 0 0.9113527035901839 -0.411626347138837 3.9900684265613937
cell 18.543784783137667 20.44978493486529 0.0 1.0 1.0 1 0 0 0.0 1.0 0
cell 79.9011010167166 114.05893275811883 0.0 1.0 1.0 1 0 0 0.0 1.0 0
cell 112.91460133916482 135.91642291504874 0.0 1.0 1.0 1 0 0 0.0 1.0 0
cell 93.72143000809308 161.01240089104977 0.0 1.0 1.0 1 0 0 0.0 1.0 0
cell 87.8321901119639 102.41189982373366 0.0 1.0 1.0 1 0 0 0.0 1.0 0
cell 89.96214846997097 184.3812229872324 0.0 2.23606797749979 0.4472135954999579 1 0 0 0.9187706728983317 0.3947916547014979 2.3299105041579438
cell 147.86105618609238 144.98938849024174 0.0 1.0 1.0 1 0 0 0.0 1.0 0
cell 160.03261152164225 86.7764308787365 0.0 1.0 1.0 1 0 0 0.0 1.0 0
cell 90.3340900446294 108.32108347557823 0.0 1.0 1.0 1 0 0 0.0 1.0 0
cell 161.69121227138396 33.028928660818075 0.0 2.23606797749979 0.4472135954999579 1 0 0 -0.1369148220591763 0.9905828241497548 6.008492844755971
cell 101.17848480657332 2.836408571196805 0.0 1.0 1.0 1 0 0 0.0 1.0 0
cell 20.797531213550794 24.395634408986098 0.0 1.0 1.0 1 0 0 0.0 1.0 0
cell 170.362615071116 41.097810436087066 0.0 2.23606797749979 0.4472135954999579 1 0 0 -0.26827182809513755 0.9633432546348643 5.739988006018275
cell 140.29851472745491 141.89404788060813 0.0 1.0 1.0 1 0 0 0.0 1.0 0
cell 76.90728023023847 29.00547780614324 0.0 1.0 1.0 1 0 0 0.0 1.0 0
cell 40.808650008617455 30.284175088650255 0.0 1.0 1.0 1 0 0 0.0 1.0 0
cell 126.24211564840677 150.04198614941055 0.0 1.0 1.0 1 0 0 0.0 1.0 0
cell 47.2012158481014 53.03521602037527 0.0 1.0 1.0 1 0 0 0.0 1.0 0
cell 11.217790518896662 29.097436363292704 0.0 2.23606797749979 0.4472135954999579 1 0 0 0.3275290343510524 -0.9448411145039504 5.6158109721999
cell 15.98668518363548 62.01619002908023 0.0 2.23606797749979 0.4472135954999579 1 0 0 0.8981100043668562 0.4397708722234404 2.2309055830259457
cell 49.18216458160429 36.66550466831182 0.0 2.23606797749979 0.4472135954999579 1 0 0 0.9623443380492716 0.271833358925113 2.590997419798782
cell 128.77897392215493 35.746915396335176 0.0 1.0 1.0 1 0 0 0.0 1.0 0
cell 126.81348226847801 181.41541087017433 0.0 2.23606797749979 0.4472135954999579 1 0 0 0.999547516640446 -0.030079261591953284 3.2017602519931674
cell 160.275646292669 69.06724342657871 0.0 1.0 1.0 1 0 0 0.0 1.0 0
cell 103.22700591599632 94.0865002762267 0.0 1.0 1.0 1 0 0 0.0 1.0 0
cell 143.72485818897766 124.8112984226279 0.0 1.0 1.0 1 0 0 0.0 1.0 0
cell 135.9576193052428 0.5952685115656131 0.0 1.0 1.0 1 0 0 0.0 1.0 0
cell 12.776369421659679 151.52065846919288 0.0 2.23606797749979 0.4472135954999579 1 0 0 0.9970540002733361 -0.07670280659101232 3.2951490888136346
cell 64.87752586557693 185.7588618382645 0.0 2.23606797749979 0.4472135954999579 1 0 0 0.5601084125226276 0.8284193178707158 1.1890333218736127
cell 29.06018562671397 42.170955765706275 0.0 2.23606797749979 0.4472135954999579 1 0 0 0.957252572761863 0.2892533698002396 2.5546991061124795
cell 181.12459242706143 159.51860815092854 0.0 2.23606797749979 0.4472135954999579 1 0 0 0.10425496666985132 0.9945506029984941 0.20888951199379932
cell 126.33615202780396 7.576673742137743 0.0 1.0 1.0 1 0 0 0.0 1.0 0
cell 87.11040541655964 187.80371132622977 0.0 2.23606797749979 0.4472135954999579 1 0 0 0.9191245380417247 0.39396710975611426 2.3317050458383526
cell 63.76173003479811 58.490336026498134 0.0 2.23606797749979 0.4472135954999579 1 0 0 -0.27063588671597116 -0.9626817837798013 0.548107013935482
cell 101.0281340148998 34.16614793191877 0.0 1.0 1.0 1 0 0 0.0 1.0 0
cell 152.62380441597452 168.36474505653686 0.0 1.0 1.0 1 0 0 0.0 1.0 0
cell 44.90042489305359 187.24915454892204 0.0 1.0 1.0 1 0 0 0.0 1.0 0
cell 80.21933054281105 110.14263705014505 0.0 1.0 1.0 1 0 0 0.0 1.0 0
cell 140.11594058963325 0.12434076736224378 0.0 2.23606797749979 0.4472135954999579 1 0 0 0.9985314734231393 -0.05417468581740363 3.2499950943765703
cell 161.82920192322027 84.39026316183299 0.0 1.0 1.0 1 0 0 0.0 1.0 0
cell 76.267472298889 22.625244500117947 0.0 1.0 1.0 1 0 0 0.0 1.0 0
cell 142.0003301629744 139.0127376767282 0.0 1.0 1.0 1 0 0 0.0 1.0 0
cell 49.64452427388652 86.52567011509669 0.0 2.23606797749979 0.4472135954999579 1 0 0 0.9003635854735293 -0.43513838483090717 4.041976593379388
cell 10.26918017438353 13.656759787217544 0.0 2.23606797749979 0.4472135954999579 1 0 0 -0.19198899675144324 0.9813970782136935 5.896808416012358
cell 40.27874184114493 29.09524760915316 0.0 1.0 1.0 1 0 0 0.0 1.0 0
cell 148.59266411401046 132.17951458648656 0.0 2.23606797749979 0.4472135954999579 1 0 0 0.06608452517341402 0.9978140285306698 0.13226544055899211
cell 26.069580443282057 44.61337109541625 0.0 2.23606797749979 0.4472135954999579 1 0 0 0.9292361724481626 0.3694863134324309 2.384680344147875
cell 58.04153579494249 24.815598483811616 0.0 2.23606797749979 0.4472135954999579 1 0 0 0.8541460886220402 0.5200331328787329 2.047813171821571
cell 132.83106332157183 174.5334342479492 0.0 1.0 1.0 1 0 0 0.0 1.0 0
cell 64.64388262501116 5.4663674667722635 0.0 1.0 1.0 1 0 0 0.0 1.0 0
cell 149.4473259438069 165.4500158147173 0.0 1.0 1.0 1 0 0 0.0 1.0 0
cell 62.54454205494588 127.87935429332987 0.0 2.23606797749979 0.4472135954999579 1 0 0 0.9273709792200806 -0.37414311018698293 3.908537859834394
cell 115.04745630301215 95.57126378789968 0.0 1.0 1.0 1 0 0 0.0 1.0 0
cell 83.44931327142457 2.563207757511632 0.0 2.23606797749979 0.4472135954999579 1 0 0 0.9184667982096203 0.39549809176096995 2.3283724623190065
cell 180.23263955973584 163.29540252952756 0.0 2.23606797749979 0.4472135954999579 1 0 0 0.27547995143317294 -0.9613068169728002 5.725007434238027
cell 35.52145714564619 25.31562031163227 0.0 1.0 1.0 1 0 0 0.0 1.0 0
cell 126.5606293211589 133.51124163678196 0.0 1.0 1.0 1 0 0 0.0 1.0 0
cell 112.0121627129521 37.23138598169808 0.0 1.0 1.0 1 0 0 0.0 1.0 0
cell 80.92604346633755 177.6847417974874 0.0 2.23606797749979 0.4472135954999579 1 0 0 0.8321580796298584 0.5545384842432003 1.9659761285468564
cell 85.69305454888615 29.806403711971573 0.0 1.0 1.0 1 0 0 0.0 1.0 0
cell 120.77823138063927 102.37155465146968 0.0 1.0 1.0 1 0 0 0.0 1.0 0
cell 119.62395108211965 22.344731670209136 0.0 1.0 1.0 1 0 0 0.0 1.0 0
cell 135.10877932713143 116.94839275982613 0.0 1.0 1.0 1 0 0 0.0 1.0 0
cell 169.8422365557294 178.38066114903432 0.0 2.23606797749979 0.4472135954999579 1 0 0 0.5445978447162282 -0.8386973158001872 5.1313662268975575
cell 69.73637329135275 39.88836783575614 0.0 1.0 1.0 1 0 0 0.0 1.0 0
cell 41.89065048269635 166.83370995048662 0.0 2.23606797749979 0.4472135954999579 1 0 0 -0.1212906885147345 0.9926170303191567 6.040005171211499
cell 63.38055225033742 19.04868702129959 0.0 2.23606797749979 0.4472135954999579 1 0 0 0.8325553732358516 0.5539418295237434 1.9674097799488588
cell 50.58637049643916 66.52568081790692 0.0 1.0 1.0 1 0 0 0.0 1.0 0
cell 102.41876728028113 2.9901687308178873 0.0 1.0 1.0 1 0 0 0.0 1.0 0
cell 147.27900315518426 41.92088659143984 0.0 1.0 1.0 1 0 0 0.0 1.0 0
cell 125.68727738859523 187.17486590602047 0.0 1.0 1.0 1 0 0 0.0 1.0 0
cell 71.43169558884216 165.0869388762363 0.0 2.23606797749979 0.4472135954999579 1 0 0 0.9801404691868112 0.19830446455452705 2.7423371999108026
cell 130.61643840911836 14.494288181099684 0.0 1.0 1.0 1 0 0 0.0 1.0 0
cell 44.03669809114675 18.776567200012344 0.0 2.23606797749979 0.4472135954999579 1 0 0 0.37238237869209256 0.9280793953318967 0.763149403369952
cell 24.319864499209984 176.4422529390701 0.0 2.23606797749979 0.4472135954999579 1 0 0 0.14373755461816268 0.9896158423309475 0.2884743231558292
cell 138.95470850780373 6.92986809716402 0.0 1.0 1.0 1 0 0 0.0 1.0 0
cell 103.86573274386438 170.09918268484492 0.0 2.23606797749979 0.4472135954999579 1 0 0 0.9780848328297329 0.20820677171608398 2.722110267394435
cell 119.84721305727764 129.30966041426012 0.0 1.0 1.0 1 0 0 0.0 1.0 0
cell 155.23877740385637 2.631373501044339 0.0 1.0 1.0 1 0 0 0.0 1.0 0
cell 24.06186371425749 6.923055238936144 0.0 2.23606797749979 0.4472135954999579 1 0 0 0.13852204488865213 0.9903593504783333 0.2779378322226839
cell 13.76596947249661 145.80126589415053 0.0 2.23606797749979 0.4472135954999579 1 0 0 -0.9814221630103801 -0.19186072540263896 2.755477164687079
cell 106.86601286666847 26.52393867244399 0.0 1.0 1.0 1 0 0 0.0 1.0 0
cell 164.26815384432365 65.77084661866711 0.0 1.0 1.0 1 0 0 0.0 1.0 0
cell 22.115950089061716 7.386468110878163 0.0 2.23606797749979 0.4472135954999579 1 0 0 -0.17416544391794422 -0.9847164049333521 0.3501163909307685
cell 137.86675494022467 124.68590519518811 0.0 1.0 1.0 1 0 0 0.0 1.0 0
cell 90.4722080406254 54.577256345160045 0.0 1.0 1.0 1 0 0 0.0 1.0 0
cell 98.56770297442519 20.888928405932646 0.0 1.0 1.0 1 0 0 0.0 1.0 0
cell 134.6025426412387 132.78911915406275 0.0 1.0 1.0 1 0 0 0.0 1.0 0
cell 37.91376090213819 12.151592716082241 0.0 2.23606797749979 0.4472135954999579 1 0 0 -0.34973467400348707 -0.9368487913210299 0.7145757550954146
cell 34.99669677375804 9.970380148004635 0.0 2.23606797749979 0.4472135954999579 1 0 0 -0.32419916143350475 -0.9459888496836589 0.6603300855479386
cell 81.15425082218893 19.594907872003425 0.0 1.0 1.0 1 0 0 0.0 1.0 0
cell 129.77267465735295 81.68378588746786 0.0 1.0 1.0 1 0 0 0.0 1.0 0
cell 138.4616180629604 24.35096439180167 0.0 1.0 1.0 1 0 0 0.0 1.0 0
cell 72.52887228475724 75.90616318592087 0.0 1.0 1.0 1 0 0 0.0 1.0 0
cell 138.36653654946497 114.81676640918201 0.0 1.0 1.0 1 0 0 0.0 1.0 0
cell 141.63831523914212 13.187675939666144 0.0 1.0 1.0 1 0 0 0.0 1.0 0
cell 24.399939525950128 144.8933735161498 0.0 2.23606797749979 0.4472135954999579 1 0 0 0.9078857208599609 0.419217745161854 2.2764256017634987
cell 110.91393652042474 29.130344011729676 0.0 1.0 1.0 1 0 0 0.0 1.0 0
cell 3.7163148373727597 101.43433294261443 0.0 2.23606797749979 0.4472135954999579 1 0 0 -0.25621321837370353 -0.9666202908746478 0.5182052170665603
cell 12.754234402800158 139.12953748018597 0.0 2.23606797749979 0.4472135954999579 1 0 0 0.9999250354688619 -0.012244322872059043 3.1660819112788765
cell 158.15248647166467 33.07440829156818 0.0 2.23606797749979 0.4472135954999579 1 0 0 0.09296530122030919 -0.9956693491159689 6.096985838759454
cell 146.99952565674639 11.71753256342832 0.0 1.0 1.0 1 0 0 0.0 1.0 0
cell 100.7244894402958 58.17470879523529 0.0 1.0 1.0 1 0 0 0.0 1.0 0
cell 177.52271020699342 109.26474537532167 0.0 2.23606797749979 0.4472135954999579 1 0 0 0.9886681391825765 -0.15011765574129424 3.4429672055559215
cell 34.90420167159725 118.6968770866514 0.0 2.23606797749979 0.4472135954999579 1 0 0 0.615776013040461 0.7879212535298143 1.326740948917412
cell 128.1844316854561 88.18460741966508 0.0 2.23606797749979 0.4472135954999579 1 0 0 -0.3215101478072082 -0.9469061330760231 0.6546477590756705
cell 148.45948249544148 50.558801040315934 0.0 1.0 1.0 1 0 0 0.0 1.0 0
cell 116.44623509840689 9.474908262614925 0.0 1.0 1.0 1 0 0 0.0 1.0 0
cell 84.59293349433662 103.86454670179081 0.0 1.0 1.0 1 0 0 0.0 1.0 0
cell 4.7224165822347945 30.771997913616538 0.0 2.23606797749979 0.4472135954999579 1 0 0 -0.45588140083145307 0.890040531872539 5.336460794824108
cell 122.11339522705714 62.538715177035115 0.0 1.0 1.0 1 0 0 0.0 1.0 0
cell 155.2967963467315 169.9903455936467 0.0 1.0 1.0 1 0 0 0.0 1.0 0
cell 136.06660101791596 166.56165017133944 0.0 1.0 1.0 1 0 0 0.0 1.0 0
cell 137.1123507701066 80.31236843108331 0.0 1.0 1.0 1 0 0 0.0 1.0 0
cell 94.30224035265859 152.38692598222374 0.0 2.23606797749979 0.4472135954999579 1 0 0 0.9955082136138079 -0.09467521654289938 3.3312271042722283
cell 102.5721489710291 110.02206141689079 0.0 1.0 1.0 1 0 0 0.0 1.0 0
cell 125.75205942147588 13.142736370860936 0.0 1.0 1.0 1 0 0 0.0 1.0 0
cell 111.38515826919564 111.66536560536358 0.0 1.0 1.0 1 0 0 0.0 1.0 0
cell 119.57674637084482 93.52394857079487 0.0 2.23606797749979 0.4472135954999579 1 0 0 0.216022620180695 0.9763883589895299 0.43547811708590667
cell 29.531856598540152 117.49087514348813 0.0 2.23606797749979 0.4472135954999579 1 0 0 0.5637424162435032 0.8259506571992886 1.1978197431236475
cell 142.19115657624522 173.7883694467814 0.0 2.23606797749979 0.4472135954999579 1 0 0 0.8901683063617307 0.45563185396665146 2.1954288549164565
cell 72.35840814677209 42.42892360228315 0.0 1.0 1.0 1 0 0 0.0 1.0 0
cell 10.555769175501974 46.16252458841951 0.0 1.0 1.0 1 0 0 0.0 1.0 0
cell 23.43640045451729 39.49546891837764 0.0 1.0 1.0 1 0 0 0.0 1.0 0
cell 104.83954265664005 64.06470177368844 0.0 1.0 1.0 1 0 0 0.0 1.0 0
cell 89.12746793579895 20.445988621188302 0.0 1.0 1.0 1 0 0 0.0 1.0 0
cell 33.257628474388284 14.824380504135931 0.0 2.23606797749979 0.4472135954999579 1 0 0 -0.33121852649780864 -0.9435540724858436 0.6751894098700468
cell 41.740308799382554 124.98150110059314 0.0 2.23606797749979 0.4472135954999579 1 0 0 0.6066866874599598 0.7949410438887031 1.303771861354336
cell 3.233056713087784 140.57990051046283 0.0 1.0 1.0 1 0 0 0.0 1.0 0
cell 133.95716917925262 21.377262043731385 0.0 1.0 1.0 1 0 0 0.0 1.0 0
cell 35.08095037220783 57.196281433142794 0.0 2.23606797749979 0.4472135954999579 1 0 0 0.9927705509777729 0.12002763478170073 2.9009572168523015
cell 44.31538071100323 7.872785295392085 0.0 1.0 1.0 1 0 0 0.0 1.0 0
cell 18.067251957808693 32.68222611720721 0.0 1.0 1.0 1 0 0 0.0 1.0 0
cell 77.97763189305032 90.68659672205328 0.0 1.0 1.0 1 0 0 0.0 1.0 0
cell 148.5474557405001 55.20352657108576 0.0 1.0 1.0 1 0 0 0.0 1.0 0
cell 116.7153728342481 61.97428254537532 0.0 1.0 1.0 1 0 0 0.0 1.0 0
cell 54.911543837683745 169.46576579090038 0.0 2.23606797749979 0.4472135954999579 1 0 0 0.6311578986971119 -0.7756543733598401 4.917095089301571
cell 63.46617096652869 38.232656251936135 0.0 1.0 1.0 1 0 0 0.0 1.0 0
cell 48.20829014417693 93.99666224229993 0.0 2.23606797749979 0.4472135954999579 1 0 0 0.9886768619447102 -0.15006019677169727 3.4428509709695483
cell 170.30633920977857 126.89804876261783 0.0 2.23606797749979 0.4472135954999579 1 0 0 0.7953267937139408 -0.6061809063313547 4.444092323934309
cell 123.33594192198422 111.40316923816911 0.0 1.0 1.0 1 0 0 0.0 1.0 0
cell 90.71865101976275 106.36332336292126 0.0 1.0 1.0 1 0 0 0.0 1.0 0
cell 129.89386376601595 160.23551125819995 0.0 1.0 1.0 1 0 0 0.0 1.0 0
cell 146.1613533621921 62.114036142125975 0.0 1.0 1.0 1 0 0 0.0 1.0 0
cell 84.84649647165638 92.02994192417955 0.0 1.0 1.0 1 0 0 0.0 1.0 0
cell 62.564982719551686 30.193022421126432 0.0 2.23606797749979 0.4472135954999579 1 0 0 0.933689963491117 0.3580824654684401 2.409165921549989
cell 142.6685879024369 70.10199686040181 0.0 1.0 1.0 1 0 0 0.0 1.0 0
cell 117.79746951185864 178.38318943163011 0.0 2.23606797749979 0.4472135954999579 1 0 0 0.9949702220165048 0.10017114005753971 2.940913803832479
cell 67.15526812152669 176.5296164459442 0.0 1.0 1.0 1 0 0 0.0 1.0 0
cell 68.08846745561122 28.703224076195646 0.0 1.0 1.0 1 0 0 0.0 1.0 0
cell 106.59742622728335 11.456215387380844 0.0 1.0 1.0 1 0 0 0.0 1.0 0
cell 71.42603147512582 40.87151790095583 0.0 1.0 1.0 1 0 0 0.0 1.0 0
cell 115.55782254400148 82.21081331721304 0.0 2.23606797749979 0.4472135954999579 1 0 0 0.25232356108667336 0.9676429199454414 0.5101615298945903
cell 162.1812848067454 96.89942882682678 0.0 1.0 1.0 1 0 0 0.0 1.0 0
cell 126.43702028386748 78.5971884255386 0.0 1.0 1.0 1 0 0 0.0 1.0 0
cell 56.82606566608263 38.433908151817946 0.0 1.0 1.0 1 0 0 0.0 1.0 0
cell 119.78551209212849 39.47251976496538 0.0 1.0 1.0 1 0 0 0.0 1.0 0
cell 63.11730063947987 15.6623604764269 0.0 2.23606797749979 0.4472135954999579 1 0 0 0.8564096308717902 0.5162969534580307 2.0565499196205677
cell 96.54928373846649 179.86104026080943 0.0 2.23606797749979 0.4472135954999579 1 0 0 0.9570440171626103 0.2899426653896478 2.553258795215525
cell 79.22774415843011 117.7102779346173 0.0 1.0 1.0 1 0 0 0.0 1.0 0
cell 104.26192662913714 185.9436358141962 0.0 1.0 1.0 1 0 0 0.0 1.0 0
cell 28.41390950629001 40.200119172188884 0.0 2.23606797749979 0.4472135954999579 1 0 0 -0.9167324498070406 -0.3995017089710402 2.319646192704395
cell 138.89513332643224 110.53172506431888 0.0 1.0 1.0 1 0 0 0.0 1.0 0
cell 88.6214660815441 170.33371193431248 0.0 2.23606797749979 0.4472135954999579 1 0 0 0.912525291357437 0.40902028388947265 2.2988323100121355
cell 27.660313947792748 123.89686231440722 0.0 2.23606797749979 0.4472135954999579 1 0 0 0.2831321225207412 0.9590809148329978 0.5741165929432103
cell 134.8468693385185 0.9212025326248958 0.0 1.0 1.0 1 0 0 0.0 1.0 0
cell 61.1313866444936 40.635519676195635 0.0 1.0 1.0 1 0 0 0.0 1.0 0
cell 127.13314274441144 138.30872557493655 0.0 1.0 1.0 1 0 0 0.0 1.0 0
cell 95.77330190176812 33.71243224126623 0.0 1.0 1.0 1 0 0 0.0 1.0 0
cell 38.35484881056417 7.1713022832993945 0.0 2.23606797749979 0.4472135954999579 1 0 0 0.41581169869869355 0.9094507305100739 0.8576702727404875
cell 94.22914373787731 90.4526400960871 0.0 1.0 1.0 1 0 0 0.0 1.0 0
cell 154.81063884927434 32.66766335499764 0.0 2.23606797749979 0.4472135954999579 1 0 0 0.04379100113591928 -0.9990407139949372 6.195575288760896
cell 21.916664756075676 34.401084528541375 0.0 1.0 1.0 1 0 0 0.0 1.0 0
cell 11.21538799043973 88.09222746919338 0.0 2.23606797749979 0.4472135954999579 1 0 0 0.11439921555796703 -0.9934348592030188 6.053884859520751
cell 145.41711644153312 112.39700249478626 0.0 2.23606797749979 0.4472135954999579 1 0 0 -0.297819840092906 -0.9546220942587889 0.6048160883494251
cell 140.98625208054807 122.25810714479498 0.0 1.0 1.0 1 0 0 0.0 1.0 0
cell 10.042996764778888 12.91862093974367 0.0 2.23606797749979 0.4472135954999579 1 0 0 0.15732560905672527 -0.9875467850866259 5.967221408145465
cell 100.24648262384103 183.73819942881312 0.0 2.23606797749979 0.4472135954999579 1 0 0 0.9828787800394333 0.18425336834965922 2.7709683124094906
cell 172.22955496194336 35.212210546612745 0.0 2.23606797749979 0.4472135954999579 1 0 0 -0.2885256672188323 0.9574721611388645 5.697811983541211
cell 85.68099282775695 24.44792219614186 0.0 1.0 1.0 1 0 0 0.0 1.0 0
cell 101.65277710154021 103.79846963409463 0.0 1.0 1.0 1 0 0 0.0 1.0 0
cell 182.29560992509442 69.71021192222636 0.0 2.23606797749979 0.4472135954999579 1 0 0 0.9950397027396991 0.09947859051922275 2.942305856207178
cell 21.618479870269734 27.821201448664322 0.0 2.23606797749979 0.4472135954999579 1 0 0 0.15131784126274767 -0.9884851596840399 5.979382647337906
cell 163.2760036923652 82.94414134391155 0.0 1.0 1.0 1 0 0 0.0 1.0 0
cell 23.490013570781795 19.523946155547293 0.0 1.0 1.0 1 0 0 0.0 1.0 0
cell 90.54738941873377 43.355910213003234 0.0 1.0 1.0 1 0 0 0.0 1.0 0
cell 1.3661573887481535 120.05630386596664 0.0 2.23606797749979 0.4472135954999579 1 0 0 0.9370003068168449 -0.3493285345131981 3.8553014456318158
cell 151.95102557866903 117.80202376055408 0.0 2.23606797749979 0.4472135954999579 1 0 0 0.3313516423401244 0.9435073338975709 0.675471575233918
cell 141.72337089312742 117.984890586492 0.0 1.0 1.0 1 0 0 0.0 1.0 0
cell 120.72964743903964 132.66913531503366 0.0 1.0 1.0 1 0 0 0.0 1.0 0
cell 33.19278032530514 22.99962527693018 0.0 1.0 1.0 1 0 0 0.0 1.0 0
cell 137.8662243818587 72.49429929189346 0.0 1.0 1.0 1 0 0 0.0 1.0 0
cell 116.07538584963876 0.8224096384132014 0.0 1.0 1.0 1 0 0 0.0 1.0 0
cell 34.58825483315118 139.88380100335257 0.0 2.23606797749979 0.4472135954999579 1 0 0 0.8987128233133226 0.4385376394475126 2.233650945703414
cell 127.84817077125193 94.31473170517572 0.0 2.23606797749979 0.4472135954999579 1 0 0 -0.21487606897777956 -0.9766413236089575 0.4331298658915408
cell 136.70060012425117 108.1071403627833 0.0 1.0 1.0 1 0 0 0.0 1.0 0
cell 108.97948937173615 167.57546515336642 0.0 2.23606797749979 0.4472135954999579 1 0 0 0.9720212198444758 0.23489305688346207 2.6673755630877114
cell 74.47694958625048 41.081860580015125 0.0 1.0 1.0 1 0 0 0.0 1.0 0
cell 33.85853343728696 46.460325618770916 0.0 2.23606797749979 0.4472135954999579 1 0 0 0.9222348537302102 0.3866301521676987 2.347643094202309
cell 53.58856910413967 76.2767969630118 0.0 1.0 1.0 1 0 0 0.0 1.0 0
cell 66.69885980110969 29.795493504112418 0.0 1.0 1.0 1 0 0 0.0 1.0 0
cell 87.92135020822445 34.00720337395505 0.0 1.0 1.0 1 0 0 0.0 1.0 0
cell 69.42120855851422 145.3619830073302 0.0 2.23606797749979 0.4472135954999579 1 0 0 0.009866038497028287 0.9999513294577768 0.01973239712391777
cell 107.00815505411867 88.31713735845376 0.0 1.0 1.0 1 0 0 0.0 1.0 0
cell 108.24183109238895 16.254668334136547 0.0 1.0 1.0 1 0 0 0.0 1.0 0
cell 160.40748088045 120.91061235369926 0.0 2.23606797749979 0.4472135954999579 1 0 0 0.2473914874861755 0.9689156061904347 0.4999742561916379
cell 184.04055680206253 72.11699603582615 0.0 2.23606797749979 0.4472135954999579 1 0 0 0.9963806713992884 -0.08500328030083969 3.311804614789521
cell 54.29848768185371 26.021357846188348 0.0 2.23606797749979 0.4472135954999579 1 0 0 0.8557508004668043 0.517388217396206 2.0540004767752977
cell 117.61445526470467 77.84793782286913 0.0 2.23606797749979 0.4472135954999579 1 0 0 0.2886900200374265 0.9574226195002864 0.5857166382055303
cell 107.3037308977783 80.44679426465916 0.0 2.23606797749979 0.4472135954999579 1 0 0 -0.22129352621264148 -0.9752072473358547 0.446281365871358
cell 126.3609925639464 126.41536309426499 0.0 1.0 1.0 1 0 0 0.0 1.0 0
cell 106.15028514785247 108.15304774884292 0.0 1.0 1.0 1 0 0 0.0 1.0 0
cell 51.63630811347074 179.81680972743578 0.0 1.0 1.0 1 0 0 0.0 1.0 0
cell 97.16628950185992 72.32700937284066 0.0 2.23606797749979 0.4472135954999579 1 0 0 0.24316088329142152 0.9699859714639876 0.49124643311977617
cell 110.59953303806668 62.51126391442132 0.0 1.0 1.0 1 0 0 0.0 1.0 0
cell 125.69153876073565 104.44962105167346 0.0 1.0 1.0 1 0 0 0.0 1.0 0
cell 155.11686835243108 16.57627087909205 0.0 2.23606797749979 0.4472135954999579 1 0 0 0.9597446664641581 0.2808739489408051 2.5721834661751286
cell 69.43743432942165 77.29694838469119 0.0 1.0 1.0 1 0 0 0.0 1.0 0
cell 111.20803976548487 26.13833699335999 0.0 1.0 1.0 1 0 0 0.0 1.0 0
cell 132.24270511709526 181.74023856005851 0.0 2.23606797749979 0.4472135954999579 1 0 0 0.9969916346081737 0.07750922862035022 2.986418558325946
cell 19.00720746993542 21.975904867622376 0.0 1.0 1.0 1 0 0 0.0 1.0 0
cell 111.79930307654448 30.640543828009164 0.0 1.0 1.0 1 0 0 0.0 1.0 0
cell 74.1451936791577 20.51201167813395 0.0 1.0 1.0 1 0 0 0.0 1.0 0
cell 120.51296967201473 98.03631952229122 0.0 1.0 1.0 1 0 0 0.0 1.0 0
cell 98.69541528275806 44.11645722726674 0.0 1.0 1.0 1 0 0 0.0 1.0 0
cell 129.87347236646684 122.84658982502935 0.0 1.0 1.0 1 0 0 0.0 1.0 0
cell 83.29530428208423 145.78283625961967 0.0 2.23606797749979 0.4472135954999579 1 0 0 0.20359799082452898 -0.9790545736230514 5.873122326382319
cell 82.38183735939785 86.31344764409243 0.0 1.0 1.0 1 0 0 0.0 1.0 0
cell 99.10571261664322 53.55569263245542 0.0 1.0 1.0 1 0 0 0.0 1.0 0
cell 130.11315736250302 92.33402663754465 0.0 2.23606797749979 0.4472135954999579 1 0 0 0.28257429711980186 0.9592454152130465 0.5729534428024243
cell 186.36607336167523 140.64215889061583 0.0 2.23606797749979 0.4472135954999579 1 0 0 -0.6379450473348748 0.7700818895292268 4.899531666141267
cell 136.93136783324658 6.090066787233663 0.0 1.0 1.0 1 0 0 0.0 1.0 0
cell 3.569149428658841 118.71012912005764 0.0 2.23606797749979 0.4472135954999579 1 0 0 0.92027707295365 -0.3912673114328136 3.9456092294395013
cell 91.4712641770487 57.47203526702995 0.0 1.0 1.0 1 0 0 0.0 1.0 0
cell 153.83273838607073 93.05819292982514 0.0 1.0 1.0 1 0 0 0.0 1.0 0
cell 161.24645053893286 114.67697304569414 0.0 2.23606797749979 0.4472135954999579 1 0 0 0.41082057105380254 0.9117162159351053 0.8467078177968203
cell 9.758313860766867 121.36783507827427 0.0 2.23606797749979 0.4472135954999579 1 0 0 0.9143527704894293 -0.4049185240246548 3.9753720956872622
cell 35.3291385302592 126.78956082275027 0.0 2.23606797749979 0.4472135954999579 1 0 0 0.8015124965552145 0.5979780245676485 1.8596405979279098
cell 125.87038858691318 168.70936967205677 0.0 1.0 1.0 1 0 0 0.0 1.0 0
cell 121.18509219964001 181.73311629853285 0.0 2.23606797749979 0.4472135954999579 1 0 0 0.9923961545419584 -0.12308481811471869 3.388388139068126
cell 155.0769741355888 118.61095304919657 0.0 2.23606797749979 0.4472135954999579 1 0 0 -0.31228225568136664 -0.9499893645649711 0.6351889763568517
cell 114.40375298829153 22.11242485381618 0.0 1.0 1.0 1 0 0 0.0 1.0 0
cell 144.58552295904047 120.63732455892152 0.0 1.0 1.0 1 0 0 0.0 1.0 0
cell 38.91115061620422 49.489670461751786 0.0 1.0 1.0 1 0 0 0.0 1.0 0
cell 23.14249424180102 48.75710528129216 0.0 2.23606797749979 0.4472135954999579 1 0 0 0.9127384523444196 0.40854438879014543 2.299875217022557
cell 86.26043710776787 103.00063267738909 0.0 1.0 1.0 1 0 0 0.0 1.0 0
cell 94.01525653163866 130.4416017443718 0.0 1.0 1.0 1 0 0 0.0 1.0 0
cell 88.76779332084722 115.96605477296096 0.0 1.0 1.0 1 0 0 0.0 1.0 0
cell 101.06952452062438 96.89567175766787 0.0 1.0 1.0 1 0 0 0.0 1.0 0
cell 48.28603631486376 23.335833216381474 0.0 2.23606797749979 0.4472135954999579 1 0 0 0.2655544256619871 0.9640958702387082 0.5375578999524392
cell 107.79918831297425 82.81030028474119 0.0 2.23606797749979 0.4472135954999579 1 0 0 -0.1822024436466901 -0.9832610383459597 0.3664518526524416
cell 93.86522674359318 95.46630803555776 0.0 1.0 1.0 1 0 0 0.0 1.0 0
cell 110.96893589507225 135.58301540485897 0.0 2.23606797749979 0.4472135954999579 1 0 0 0.4136440994439931 0.9104386629505405 0.8529060310508866
cell 125.17357018242963 138.4552974755904 0.0 1.0 1.0 1 0 0 0.0 1.0 0
cell 95.75234828087328 146.45448626824265 0.0 2.23606797749979 0.4472135954999579 1 0 0 0.4618075390752142 -0.8869801558396301 5.3231213524283145
cell 149.1267728208691 91.19293425507378 0.0 1.0 1.0 1 0 0 0.0 1.0 0
cell 20.150932798679882 119.19082677933397 0.0 2.23606797749979 0.4472135954999579 1 0 0 -0.34258631947507107 -0.9394863563184537 0.6993368571754246
cell 113.48020718104256 96.34425475134093 0.0 1.0 1.0 1 0 0 0.0 1.0 0
cell 157.101066755247 165.5309069817348 0.0 1.0 1.0 1 0 0 0.0 1.0 0
cell 38.24057016603663 29.60535235077099 0.0 1.0 1.0 1 0 0 0.0 1.0 0
cell 137.40378676316 58.23406282749889 0.0 1.0 1.0 1 0 0 0.0 1.0 0
cell 109.0299612053718 1.1554353998828897 0.0 1.0 1.0 1 0 0 0.0 1.0 0
cell 120.31882815683419 81.25024857434771 0.0 2.23606797749979 0.4472135954999579 1 0 0 -0.2866685847230483 -0.9580298129666344 0.581495317895663
cell 105.57405607268167 0.6690130596787857 0.0 1.0 1.0 1 0 0 0.0 1.0 0
cell 114.85424049840964 181.80497031818132 0.0 1.0 1.0 1 0 0 0.0 1.0 0
cell 126.00700197170616 140.23447170317525 0.0 1.0 1.0 1 0 0 0.0 1.0 0
cell 59.692980259253716 45.31710764163758 0.0 1.0 1.0 1 0 0 0.0 1.0 0
cell 108.53212844198771 94.30268661502697 0.0 1.0 1.0 1 0 0 0.0 1.0 0
cell 155.50121077933352 167.07467520195135 0.0 1.0 1.0 1 0 0 0.0 1.0 0
cell 28.288410741845787 44.078332179178624 0.0 2.23606797749979 0.4472135954999579 1 0 0 0.9481883056392529 0.31770888726783003 2.4949682528518027
cell 127.70924913083232 146.57090320095952 0.0 1.0 1.0 1 0 0 0.0 1.0 0
cell 84.41052081397915 11.257277588860184 0.0 1.0 1.0 1 0 0 0.0 1.0 0
cell 75.1643057816525 12.283027727337384 0.0 2.23606797749979 0.4472135954999579 1 0 0 0.9004518940347616 0.4349556144357843 2.2416146863089312
cell 42.8793233716776 33.344943306336376 0.0 2.23606797749979 0.4472135954999579 1 0 0 0.9579646932470939 0.2868861211212584 2.55964318742477
cell 112.14185459022497 9.824494064288166 0.0 1.0 1.0 1 0 0 0.0 1.0 0
cell 21.143800500207252 46.13367170057552 0.0 2.23606797749979 0.4472135954999579 1 0 0 0.8543512754845607 0.5196959669632853 2.048602557671743
cell 61.31486585069768 177.51115610825488 0.0 2.23606797749979 0.4472135954999579 1 0 0 0.5555180738660548 0.8315044615683962 1.1779717851642353
cell 171.09688998974826 101.82465414533164 0.0 2.23606797749979 0.4472135954999579 1 0 0 0.24943151949515255 -0.9683924396040787 5.7789989562529485
cell 96.01664269199523 111.03889940399291 0.0 1.0 1.0 1 0 0 0.0 1.0 0
cell 175.3658259479328 53.90596831732164 0.0 2.23606797749979 0.4472135954999579 1 0 0 0.2542568201197252 0.9671367377070347 0.5141583847963848
cell 4.7816219416527765 47.90523956356541 0.0 2.23606797749979 0.4472135954999579 1 0 0 0.6851215117207694 -0.7284287982894744 4.773644308749622
cell 81.92958649898061 9.405238956542556 0.0 1.0 1.0 1 0 0 0.0 1.0 0
cell 88.36031092549125 5.317591631422021 0.0 1.0 1.0 1 0 0 0.0 1.0 0
cell 112.04266879613965 13.29669688245023 0.0 1.0 1.0 1 0 0 0.0 1.0 0
cell 83.64037889622814 71.72986922172022 0.0 2.23606797749979 0.4472135954999579 1 0 0 -0.3402975139822833 -0.9403178196639037 0.694466553361897
cell 113.95627118972742 114.48081077539184 0.0 1.0 1.0 1 0 0 0.0 1.0 0
cell 25.599906851157282 40.082645873134155 0.0 2.23606797749979 0.4472135954999579 1 0 0 0.886100447721919 0.463493254046933 2.177725793408418
cell 23.977487190391916 183.51113732556308 0.0 2.23606797749979 0.4472135954999579 1 0 0 0.008454997932415522 -0.9999642558661599 6.266275109834156
cell 59.194676476340504 7.5119816126173244 0.0 1.0 1.0 1 0 0 0.0 1.0 0
cell 141.46053496462386 91.68407518270386 0.0 1.0 1.0 1 0 0 0.0 1.0 0
cell 7.004615800202419 150.99107112088643 0.0 2.23606797749979 0.4472135954999579 1 0 0 0.9730084797355655 -0.2307693618370596 3.607329279513326
cell 38.21132110427057 35.77461116520222 0.0 2.23606797749979 0.4472135954999579 1 0 0 0.981527543199965 0.1913208873590143 2.756577219422678
cell 142.2032414681744 95.05231925181201 0.0 2.23606797749979 0.4472135954999579 1 0 0 0.33520547724166033 0.9421450461723985 0.6836466335351782
cell 170.6639726318368 28.302998206919654 0.0 2.23606797749979 0.4472135954999579 1 0 0 0.18038659352790345 -0.9835957893745778 5.920426350882966
cell 84.34036664070648 25.0496162438034 0.0 1.0 1.0 1 0 0 0.0 1.0 0
cell 149.3128351051078 59.572857135043115 0.0 1.0 1.0 1 0 0 0.0 1.0 0
cell 158.96896514672338 47.88796618036634 0.0 1.0 1.0 1 0 0 0.0 1.0 0
cell 119.74718331556501 67.23719819322942 0.0 1.0 1.0 1 0 0 0.0 1.0 0
cell 101.03838604031311 184.9221166649294 0.0 1.0 1.0 1 0 0 0.0 1.0 0
cell 61.70613262918493 11.340059777549508 0.0 2.23606797749979 0.4472135954999579 1 0 0 0.8749747623159815 0.4841685298634059 2.1307673764608683
cell 118.0307473953854 135.4232430728117 0.0 1.0 1.0 1 0 0 0.0 1.0 0
cell 54.58951432877673 48.695122689306665 0.0 1.0 1.0 1 0 0 0.0 1.0 0
cell 67.18623717447457 25.86265978428866 0.0 1.0 1.0 1 0 0 0.0 1.0 0
cell 37.75885728643004 47.12545836681991 0.0 1.0 1.0 1 0 0 0.0 1.0 0
cell 57.244047130254856 1.969453082084736 0.0 1.0 1.0 1 0 0 0.0 1.0 0
cell 101.02223128621738 4.991166515150373 0.0 1.0 1.0 1 0 0 0.0 1.0 0
cell 109.84895223781915 30.533056620528285 0.0 1.0 1.0 1 0 0 0.0 1.0 0
cell 85.9338972547554 166.0333287747433 0.0 1.0 1.0 1 0 0 0.0 1.0 0
cell 68.50004375341236 12.210027195030435 0.0 2.23606797749979 0.4472135954999579 1 0 0 0.8796716267340755 0.47558156936431567 2.150342584324994
cell 66.2970342918167 82.66316509864926 0.0 1.0 1.0 1 0 0 0.0 1.0 0
cell 84.92257376713606 101.96140190126478 0.0 1.0 1.0 1 0 0 0.0 1.0 0
cell 41.63189427430403 64.02586762094548 0.0 1.0 1.0 1 0 0 0.0 1.0 0
cell 83.2296189841352 109.0548345369825 0.0 1.0 1.0 1 0 0 0.0 1.0 0
cell 27.2468511520707 128.05374473737535 0.0 1.0 1.0 1 0 0 0.0 1.0 0
cell 156.90996278235855 118.12986884025617 0.0 2.23606797749979 0.4472135954999579 1 0 0 -0.3236351471165421 -0.9461819547797633 0.6591377739470454
cell 115.84260636652468 11.434016481628998 0.0 1.0 1.0 1 0 0 0.0 1.0 0
cell 102.7553773237206 118.12504248492202 0.0 1.0 1.0 1 0 0 0.0 1.0 0
cell 163.45547062022462 24.953411112753106 0.0 2.23606797749979 0.4472135954999579 1 0 0 0.2263781572580463 -0.9740394909429757 5.8264699220266225
cell 185.583912730309 140.44184280228856 0.0 2.23606797749979 0.4472135954999579 1 0 0 0.5832115760181403 -0.8123202924945535 5.037831929106893
cell 30.64211441048548 35.494100771833516 0.0 1.0 1.0 1 0 0 0.0 1.0 0
cell 62.85829463221834 25.733083163799524 0.0 2.23606797749979 0.4472135954999579 1 0 0 0.8999975525874667 0.4358949475923873 2.2395278005635113
cell 156.42749094526604 168.6102833989482 0.0 1.0 1.0 1 0 0 0.0 1.0 0
cell 149.43657507974223 107.65629845255958 0.0 2.23606797749979 0.4472135954999579 1 0 0 -0.39131780236217667 -0.920255604467822 0.8041263069725941
cell 148.9343466432515 95.12392956639083 0.0 1.0 1.0 1 0 0 0.0 1.0 0
cell 185.52900526532534 19.538632853196034 0.0 2.23606797749979 0.4472135954999579 1 0 0 -0.15207946461406205 0.9883682696458341 5.977841565328828
cell 58.223585130094364 113.02206710282971 0.0 2.23606797749979 0.4472135954999579 1 0 0 0.9452003214597401 0.3264909681942274 2.4764152356357214
cell 165.40450603152857 75.21051597346418 0.0 2.23606797749979 0.4472135954999579 1 0 0 0.9999348397672803 -0.011415612974499495 3.1644243754477164
cell 159.83246951145892 143.61794267882078 0.0 1.0 1.0 1 0 0 0.0 1.0 0
cell 70.84319753212638 94.05537759421462 0.0 1.0 1.0 1 0 0 0.0 1.0 0
cell 74.66540284679387 46.16507402703907 0.0 1.0 1.0 1 0 0 0.0 1.0 0
cell 80.852141121186 121.31991823096206 0.0 1.0 1.0 1 0 0 0.0 1.0 0
cell 39.27096097217389 37.790366219995875 0.0 2.23606797749979 0.4472135954999579 1 0 0 0.9834633305191564 0.18110736463260846 2.777368014711175
cell 109.93520439507888 89.66419243974882 0.0 1.0 1.0 1 0 0 0.0 1.0 0
cell 77.53675703032762 41.07266029934 0.0 1.0 1.0 1 0 0 0.0 1.0 0
cell 20.485630059576206 35.116476731457674 0.0 1.0 1.0 1 0 0 0.0 1.0 0
cell 28.345380008242362 38.239174589065996 0.0 2.23606797749979 0.4472135954999579 1 0 0 -0.9033881155655272 -0.42882387136791433 2.2552117224493102
cell 89.92464907381805 35.54131703664934 0.0 1.0 1.0 1 0 0 0.0 1.0 0
cell 82.60189725818748 167.7980686460158 0.0 1.0 1.0 1 0 0 0.0 1.0 0
cell 26.027765934021435 142.14108177642774 0.0 2.23606797749979 0.4472135954999579 1 0 0 0.8776406423691164 0.4793192076914139 2.1418349724297014
cell 71.60865923271125 54.288956835625235 0.0 1.0 1.0 1 0 0 0.0 1.0 0
cell 152.504719044547 182.4521977317507 0.0 2.23606797749979 0.4472135954999579 1 0 0 0.9963176070329334 -0.0857392903876008 3.313282028728717
cell 146.78285534366216 69.60874257458981 0.0 1.0 1.0 1 0 0 0.0 1.0 0
cell 24.630788376695392 38.62994585960182 0.0 1.0 1.0 1 0 0 0.0 1.0 0
cell 122.29991194018909 154.6885126077111 0.0 1.0 1.0 1 0 0 0.0 1.0 0
cell 104.75551274054472 68.41348839625475 0.0 1.0 1.0 1 0 0 0.0 1.0 0
cell 44.33716319912753 9.778712285803323 0.0 1.0 1.0 1 0 0 0.0 1.0 0
cell 46.91449479671371 64.08792318417188 0.0 1.0 1.0 1 0 0 0.0 1.0 0
cell 92.77560918104042 62.21842716284855 0.0 1.0 1.0 1 0 0 0.0 1.0 0
cell 127.18190287964929 170.2601857850923 0.0 1.0 1.0 1 0 0 0.0 1.0 0
cell 72.65375487084309 14.919644116808826 0.0 2.23606797749979 0.4472135954999579 1 0 0 0.9039294472706616 0.42768160394966276 2.25773981665842
cell 32.54020716193063 34.42438642837817 0.0 1.0 1.0 1 0 0 0.0 1.0 0
cell 116.92627922678089 23.407520832461696 0.0 1.0 1.0 1 0 0 0.0 1.0 0
cell 90.1116112145194 92.19125716047824 0.0 1.0 1.0 1 0 0 0.0 1.0 0
cell 39.83135689968868 64.60702420252656 0.0 1.0 1.0 1 0 0 0.0 1.0 0
cell 186.75134608026255 121.44494868726746 0.0 2.23606797749979 0.4472135954999579 1 0 0 -0.9488266336343842 0.31579743397634175 3.7841866113301474
cell 136.99029825674188 59.87264555733957 0.0 1.0 1.0 1 0 0 0.0 1.0 0
cell 90.59971681747804 27.622762154705 0.0 1.0 1.0 1 0 0 0.0 1.0 0
cell 6.400510520632969 14.795003619954457 0.0 2.23606797749979 0.4472135954999579 1 0 0 -0.1754179370313099 0.9844940565425875 5.930524763718711
cell 147.51121017640875 166.78220378280926 0.0 2.23606797749979 0.4472135954999579 1 0 0 0.7911054649761252 0.6116797718454557 1.8252283042784223
cell 118.3265699099498 150.10748882876777 0.0 1.0 1.0 1 0 0 0.0 1.0 0
cell 154.86937188589462 75.32199575317655 0.0 1.0 1.0 1 0 0 0.0 1.0 0
cell 112.7886792763898 52.410013689898754 0.0 1.0 1.0 1 0 0 0.0 1.0 0
cell 140.22005682726044 97.76298132562516 0.0 2.23606797749979 0.4472135954999579 1 0 0 0.28769276851077824 0.957722752651624 0.5836337646001839
cell 134.971106921609 55.36112784140203 0.0 1.0 1.0 1 0 0 0.0 1.0 0
cell 104.77957171009572 97.1219218267771 0.0 1.0 1.0 1 0 0 0.0 1.0 0
cell 107.42017817408775 101.47797862667433 0.0 1.0 1.0 1 0 0 0.0 1.0 0
cell 65.36556387045151 107.32546295063639 0.0 2.23606797749979 0.4472135954999579 1 0 0 0.9777300675823221 -0.2098664216721386 3.5644693273679855
cell 113.96117838719228 37.76768981448635 0.0 1.0 1.0 1 0 0 0.0 1.0 0
cell 134.413202514827 112.06703335303386 0.0 1.0 1.0 1 0 0 0.0 1.0 0
cell 163.64563317696644 74.59444692476342 0.0 2.23606797749979 0.4472135954999579 1 0 0 0.9986816758998271 0.05133137658306588 3.0388847623595625
cell 99.27098918655945 165.88201727609894 0.0 2.23606797749979 0.4472135954999579 1 0 0 0.0390671567666356 0.9992365872315581 0.07815420251767381
cell 87.73706238616481 56.47212735903466 0.0 1.0 1.0 1 0 0 0.0 1.0 0
cell 50.76645000196315 20.291658282208775 0.0 1.0 1.0 1 0 0 0.0 1.0 0
cell 97.52125688666378 73.80392165233371 0.0 2.23606797749979 0.4472135954999579 1 0 0 -0.2131792814088617 -0.977013098160921 0.42965578752155587
cell 103.8971106090304 22.630664958603862 0.0 1.0 1.0 1 0 0 0.0 1.0 0
cell 164.05717262549578 51.0254499885185 0.0 1.0 1.0 1 0 0 0.0 1.0 0
cell 66.11690856712643 29.015038007329117 0.0 1.0 1.0 1 0 0 0.0 1.0 0
cell 91.30558296650196 146.10242805272676 0.0 2.23606797749979 0.4472135954999579 1 0 0 0.24035941985853174 -0.9706839595281618 5.797713089328898
cell 87.52276092709472 135.82944265748773 0.0 2.23606797749979 0.4472135954999579 1 0 0 0.9963328599788057 0.08556186140128928 2.9702594452523834
cell 88.09192294972783 30.806491797981316 0.0 1.0 1.0 1 0 0 0.0 1.0 0
cell 36.63329182620453 146.29274202200628 0.0 2.23606797749979 0.4472135954999579 1 0 0 0.973819088148987 0.22732440158653355 2.6829341206863515
cell 98.00379592732374 81.78962889291817 0.0 2.23606797749979 0.4472135954999579 1 0 0 -0.11890204516237633 -0.9929059893344405 0.23836801910745287
cell 123.31153254169963 58.61642024657112 0.0 1.0 1.0 1 0 0 0.0 1.0 0
cell 97.52349682883313 19.704682437381237 0.0 1.0 1.0 1 0 0 0.0 1.0 0
cell 42.13239450520789 20.26485198820267 0.0 1.0 1.0 1 0 0 0.0 1.0 0
cell 97.48011437967341 0.1908627249264822 0.0 1.0 1.0 1 0 0 0.0 1.0 0
cell 33.55985822657728 141.7511425065286 0.0 2.23606797749979 0.4472135954999579 1 0 0 0.9285537279799259 0.3711980256609428 2.3809948644415915
cell 146.4854216910927 84.82668062182316 0.0 1.0 1.0 1 0 0 0.0 1.0 0
cell 160.73729072337116 38.33338375658266 0.0 1.0 1.0 1 0 0 0.0 1.0 0
cell 137.16583295171398 0.7353185703036953 0.0 1.0 1.0 1 0 0 0.0 1.0 0
cell 29.26933812127474 119.23260618461453 0.0 2.23606797749979 0.4472135954999579 1 0 0 0.54994912928684 0.8351981532526557 1.1646066561832908
cell 130.5777104675772 53.73714930929715 0.0 1.0 1.0 1 0 0 0.0 1.0 0
cell 167.81855910724036 74.77086674487862 0.0 2.23606797749979 0.4472135954999579 1 0 0 0.9993595040204288 -0.035785216557155275 3.2131783708114945
cell 11.798808809681645 53.058480099285035 0.0 1.0 1.0 1 0 0 0.0 1.0 0
cell 48.45333328326753 13.361410141593112 0.0 1.0 1.0 1 0 0 0.0 1.0 0
cell 79.07479938405395 76.97005917564024 0.0 1.0 1.0 1 0 0 0.0 1.0 0
cell 40.68921212926331 32.18200347351978 0.0 1.0 1.0 1 0 0 0.0 1.0 0
cell 169.0733998591021 108.18934034194812 0.0 2.23606797749979 0.4472135954999579 1 0 0 0.9435736259137002 -0.3311628186860244 3.8166639838792893
cell 183.76912721562084 178.73106945182337 0.0 2.23606797749979 0.4472135954999579 1 0 0 -0.2790446696910532 0.9602781223775803 5.717587071815903
cell 181.27851172110647 54.54927168140356 0.0 2.23606797749979 0.4472135954999579 1 0 0 0.9200892098515859 -0.3917088790347805 3.946568967938558
cell 64.52086861636144 81.83471009461802 0.0 1.0 1.0 1 0 0 0.0 1.0 0
cell 94.8568678467082 20.80111709261396 0.0 1.0 1.0 1 0 0 0.0 1.0 0
cell 61.32428929159995 48.541614983593 0.0 1.0 1.0 1 0 0 0.0 1.0 0
cell 42.37371805250772 60.10527065535137 0.0 2.23606797749979 0.4472135954999579 1 0 0 -0.28185314160289104 0.9594575585030224 5.711735287247364
cell 45.34607176211727 26.299596055149976 0.0 1.0 1.0 1 0 0 0.0 1.0 0
cell 103.88755206343525 73.0754824336675 0.0 2.23606797749979 0.4472135954999579 1 0 0 0.24780340276764654 0.9688103393217764 0.5008245627609861
cell 124.6433026461598 18.017531339414433 0.0 1.0 1.0 1 0 0 0.0 1.0 0
cell 82.7588615937502 38.080384982282325 0.0 1.0 1.0 1 0 0 0.0 1.0 0
cell 71.93553214191208 64.82696875370402 0.0 2.23606797749979 0.4472135954999579 1 0 0 -0.31393633254901826 -0.9494440368477082 0.638672281322016
cell 123.9686141161688 89.01445091919291 0.0 2.23606797749979 0.4472135954999579 1 0 0 -0.25962827251982695 -0.9657086310623771 0.5252745116401467
cell 17.77553175344582 121.16511410564216 0.0 2.23606797749979 0.4472135954999579 1 0 0 0.3418006504368626 0.9397724806361046 0.697664561742812
cell 83.27945100961391 34.91285354623281 0.0 1.0 1.0 1 0 0 0.0 1.0 0
cell 140.13160939001403 113.86121548973925 0.0 1.0 1.0 1 0 0 0.0 1.0 0
cell 34.03366937089289 46.92756495213109 0.0 2.23606797749979 0.4472135954999579 1 0 0 0.9337291444044086 0.3579802856161371 2.40938479015162
cell 35.95748741009287 52.528405027163465 0.0 2.23606797749979 0.4472135954999579 1 0 0 -0.14946458960560802 0.9887670789695757 5.983131791889548
cell 55.9803230571788 27.73650377576468 0.0 2.23606797749979 0.4472135954999579 1 0 0 0.8672182088728447 0.49792828620131135 2.099176225593519
cell 144.78756911450012 43.9806657289969 0.0 1.0 1.0 1 0 0 0.0 1.0 0
cell 108.49547717211402 76.7804134242163 0.0 2.23606797749979 0.4472135954999579 1 0 0 -0.2368549066216971 -0.9715450340613281 0.4782547178646306
cell 119.85458443233914 13.052340985465733 0.0 1.0 1.0 1 0 0 0.0 1.0 0
cell 55.061484850726224 158.19431212830935 0.0 2.23606797749979 0.4472135954999579 1 0 0 0.7886528017025837 -0.6148388068157906 4.4659557729059545
cell 30.362751619010414 40.298832208571724 0.0 2.23606797749979 0.4472135954999579 1 0 0 0.9600594141441772 0.27979621390065185 2.5744289764078134
cell 65.96375990466392 183.91459123696004 0.0 2.23606797749979 0.4472135954999579 1 0 0 0.5754867383920982 0.8178111114033758 1.226398391290106
cell 101.09590570725757 169.53116223916433 0.0 2.23606797749979 0.4472135954999579 1 0 0 0.9636362331827786 0.2672175332894635 2.600583844225391
cell 4.404704282866498 154.156809828782 0.0 2.23606797749979 0.4472135954999579 1 0 0 0.8543540725127556 -0.5196913687765741 4.234571985365935
cell 152.95300486942313 84.31130189611646 0.0 1.0 1.0 1 0 0 0.0 1.0 0
cell 126.28806303392547 136.69473157169486 0.0 1.0 1.0 1 0 0 0.0 1.0 0
cell 31.55203087923447 8.580111193831534 0.0 2.23606797749979 0.4472135954999579 1 0 0 -0.23058466929632293 -0.9730522649300527 0.4653570025419125
cell 140.51602379725375 110.1060704562356 0.0 1.0 1.0 1 0 0 0.0 1.0 0
cell 112.88761739904734 181.89939986830873 0.0 1.0 1.0 1 0 0 0.0 1.0 0
cell 93.49668378581308 65.90234767084662 0.0 1.0 1.0 1 0 0 0.0 1.0 0
cell 77.23383279963811 136.60720102559392 0.0 2.23606797749979 0.4472135954999579 1 0 0 0.9655675089761518 -0.2601526198399487 3.6679531773156637
cell 42.4737239846114 23.28056967135377 0.0 1.0 1.0 1 0 0 0.0 1.0 0
cell 157.95399663268898 61.355050407038455 0.0 1.0 1.0 1 0 0 0.0 1.0 0
cell 107.72985579331545 69.69204211534662 0.0 1.0 1.0 1 0 0 0.0 1.0 0
cell 17.354665804519197 143.43209718632616 0.0 2.23606797749979 0.4472135954999579 1 0 0 0.9702593880006035 0.24206759385901772 2.6526001401845742
cell 162.22978517220582 51.91109574528371 0.0 1.0 1.0 1 0 0 0.0 1.0 0
cell 149.7131969430582 155.0476402569825 0.0 2.23606797749979 0.4472135954999579 1 0 0 0.5464154119706088 0.8375142969293061 1.1561564002915783
cell 80.30659083806616 5.740837357124852 0.0 2.23606797749979 0.4472135954999579 1 0 0 0.9218807655929646 0.3874736817252618 2.345813426930054
cell 123.07793116086128 24.838523109833982 0.0 1.0 1.0 1 0 0 0.0 1.0 0
cell 112.93206711578038 179.76786800956225 0.0 2.23606797749979 0.4472135954999579 1 0 0 0.998083697222919 0.061878375365134956 3.017756790413139
cell 137.1210431819395 70.97962362415754 0.0 1.0 1.0 1 0 0 0.0 1.0 0
cell 63.56769724003299 1.1973650470715527 0.0 1.0 1.0 1 0 0 0.0 1.0 0
cell 63.14953982609808 74.693325113781 0.0 1.0 1.0 1 0 0 0.0 1.0 0
cell 122.61108274673337 32.72272227347521 0.0 1.0 1.0 1 0 0 0.0 1.0 0
cell 1.3243472001396175 23.727870856931187 0.0 2.23606797749979 0.4472135954999579 1 0 0 0.3919453112055085 -0.9199885178761836 5.477695031565243
cell 177.7605917562607 129.53168195263777 0.0 2.23606797749979 0.4472135954999579 1 0 0 0.9419811382923267 -0.33566580865720086 3.826216570727687
cell 12.745566423785695 103.42483054959466 0.0 2.23606797749979 0.4472135954999579 1 0 0 -0.4150161695588558 -0.9098140353966271 0.8559211505587347
cell 145.01682715703322 49.76132027746714 0.0 1.0 1.0 1 0 0 0.0 1.0 0
cell 116.59560763479007 113.81400469255564 0.0 1.0 1.0 1 0 0 0.0 1.0 0
cell 30.925909113385103 186.44210279325523 0.0 2.23606797749979 0.4472135954999579 1 0 0 0.4244660777336092 -0.9054438408059583 5.4064410593980465
cell 121.3641270740663 96.47727527879319 0.0 1.0 1.0 1 0 0 0.0 1.0 0
cell 127.51265922520453 2.480691885579198 0.0 1.0 1.0 1 0 0 0.0 1.0 0
cell 178.52430611800816 108.44189704532498 0.0 2.23606797749979 0.4472135954999579 1 0 0 0.9793124272291281 -0.2023540705659105 3.5491149051145845
cell 22.932675106739943 154.05377791225382 0.0 2.23606797749979 0.4472135954999579 1 0 0 0.9998694331904371 -0.01615910181396515 3.1739122638527673
cell 18.50335862483517 17.467028103432806 0.0 2.23606797749979 0.4472135954999579 1 0 0 0.19723070150977726 -0.9803571034995162 5.886120650270441
cell 52.388251948399926 42.315992817288745 0.0 1.0 1.0 1 0 0 0.0 1.0 0
cell 13.294053680628213 67.45439397397203 0.0 2.23606797749979 0.4472135954999579 1 0 0 0.9983935806573687 -0.05665913961717168 3.254971650733176
cell 148.76043788132912 102.89272401959397 0.0 2.23606797749979 0.4472135954999579 1 0 0 0.38672341215430833 0.9221957506363435 0.7941518114783123
cell 176.87937919408094 116.20786388993622 0.0 2.23606797749979 0.4472135954999579 1 0 0 -0.0611090169513719 -0.998131097625576 0.12229422872397944
cell 71.39770812436903 4.492664839854308 0.0 2.23606797749979 0.4472135954999579 1 0 0 0.8729425024027501 0.4878231108699389 2.1224041072033497
cell 100.56667561929592 80.1856909800707 0.0 2.23606797749979 0.4472135954999579 1 0 0 0.1703714478565167 0.9853799113820386 0.3424132317709149
cell 61.948523059782055 186.75230559911193 0.0 1.0 1.0 1 0 0 0.0 1.0 0
cell 171.63122843319084 185.84679484019432 0.0 2.23606797749979 0.4472135954999579 1 0 0 0.9999513414109001 -0.009864826939254008 3.161322627480237
cell 124.52577252586953 74.57415129083023 0.0 1.0 1.0 1 0 0 0.0 1.0 0
cell 77.73378829683276 75.85134281107263 0.0 1.0 1.0 1 0 0 0.0 1.0 0
cell 115.98810415521525 18.045524736756185 0.0 1.0 1.0 1 0 0 0.0 1.0 0
cell 128.5648865836675 51.52566646661741 0.0 1.0 1.0 1 0 0 0.0 1.0 0
cell 50.2809785580763 25.199999334773263 0.0 1.0 1.0 1 0 0 0.0 1.0 0
cell 83.66852480523745 131.55611440599603 0.0 1.0 1.0 1 0 0 0.0 1.0 0
cell 82.24846136047132 1.7520882154716222 0.0 2.23606797749979 0.4472135954999579 1 0 0 0.912492697157217 0.4090929938715002 2.298672947238844
cell 128.4382873284281 63.88197814396399 0.0 1.0 1.0 1 0 0 0.0 1.0 0
cell 42.67157936626582 21.489909768656727 0.0 1.0 1.0 1 0 0 0.0 1.0 0
cell 99.66614021124882 85.87827734844825 0.0 1.0 1.0 1 0 0 0.0 1.0 0
cell 64.70481126702165 83.68371748027819 0.0 1.0 1.0 1 0 0 0.0 1.0 0
cell 88.94118902033024 184.6666843016346 0.0 2.23606797749979 0.4472135954999579 1 0 0 0.9199914293276245 0.39193847726870934 2.336117234521706
cell 33.056457119026774 49.88774412462922 0.0 2.23606797749979 0.4472135954999579 1 0 0 0.938656179362138 0.3448544286293476 2.4374252619717485
cell 55.32563352007372 18.892035681395335 0.0 1.0 1.0 1 0 0 0.0 1.0 0
cell 99.0833352068058 4.519279374230054 0.0 1.0 1.0 1 0 0 0.0 1.0 0
cell 137.97991532434892 83.57127465971122 0.0 1.0 1.0 1 0 0 0.0 1.0 0
cell 92.10053052051774 43.00289591240287 0.0 1.0 1.0 1 0 0 0.0 1.0 0
cell 150.8957141229155 138.3743287489366 0.0 1.0 1.0 1 0 0 0.0 1.0 0
cell 0.7767740941320256 152.7433349354709 0.0 2.23606797749979 0.4472135954999579 1 0 0 0.7807184891841116 -0.6248829015472246 4.491555725331542
cell 85.26465823862524 130.3782958799396 0.0 1.0 1.0 1 0 0 0.0 1.0 0
cell 144.77088888170513 116.77537277133497 0.0 1.0 1.0 1 0 0 0.0 1.0 0
cell 84.18023436880101 54.70706746940544 0.0 1.0 1.0 1 0 0 0.0 1.0 0
cell 36.62179926165744 113.7361508180625 0.0 2.23606797749979 0.4472135954999579 1 0 0 0.7582873400920216 0.6519204781690531 1.7213639727676164
cell 41.71111736960104 25.19912402666945 0.0 2.23606797749979 0.4472135954999579 1 0 0 -0.37798795852085415 -0.9258105115050471 0.7752441080767509
cell 113.8897759928173 7.32068539551709 0.0 1.0 1.0 1 0 0 0.0 1.0 0
cell 13.231563840293973 145.17990643819186 0.0 2.23606797749979 0.4472135954999579 1 0 0 -0.9816997133118414 -0.1904354822070943 2.758381198231456
cell 50.34580508848138 110.42235853010529 0.0 2.23606797749979 0.4472135954999579 1 0 0 0.355194078790005 0.934792579341813 0.7262433520798849
cell 118.03204618746143 6.954875456779828 0.0 1.0 1.0 1 0 0 0.0 1.0 0
cell 136.02435854887534 90.97569805390958 0.0 2.23606797749979 0.4472135954999579 1 0 0 0.3257143704667142 0.94546821674315 0.6635344061449769
cell 46.652250964721574 56.645470227114195 0.0 2.23606797749979 0.4472135954999579 1 0 0 -0.12255056986561247 0.992462270227747 6.037466469243541
cell 140.2683567005301 47.08199675902574 0.0 2.23606797749979 0.4472135954999579 1 0 0 0.9999814034773665 0.006098581756134204 3.1293954144686866
cell 14.083293952354484 148.65434537293896 0.0 2.23606797749979 0.4472135954999579 1 0 0 0.9907145502333556 0.13595837582113104 2.8688311404040188
cell 111.16867185802562 32.05429182340612 0.0 1.0 1.0 1 0 0 0.0 1.0 0
cell 143.65154923021726 140.5818219321429 0.0 2.23606797749979 0.4472135954999579 1 0 0 0.8204626529479053 0.5717001269176745 1.9244396150942347
cell 137.4571304651274 7.407793501759148 0.0 1.0 1.0 1 0 0 0.0 1.0 0
cell 19.060405230951424 8.719671309593377 0.0 2.23606797749979 0.4472135954999579 1 0 0 0.017998695325461875 -0.9998380103629694 6.2471859726679595
cell 112.5686516274813 59.64132862003887 0.0 1.0 1.0 1 0 0 0.0 1.0 0
cell 124.48631458327549 21.479509747262785 0.0 1.0 1.0 1 0 0 0.0 1.0 0
cell 4.906736129888464 33.85942296823632 0.0 2.23606797749979 0.4472135954999579 1 0 0 0.3913997788237643 -0.9202207415271123 5.478880836631651
cell 102.98830415090703 5.507598626547823 0.0 1.0 1.0 1 0 0 0.0 1.0 0
cell 104.3487411127382 184.41266236891312 0.0 1.0 1.0 1 0 0 0.0 1.0 0
cell 7.629058722601454 83.92632772340492 0.0 2.23606797749979 0.4472135954999579 1 0 0 0.9876521004511831 -0.1566631050195483 3.4562149074515043
cell 55.69472847053422 1.7495391663827045 0.0 1.0 1.0 1 0 0 0.0 1.0 0
cell 41.66682568484836 131.58396984229026 0.0 2.23606797749979 0.4472135954999579 1 0 0 0.828075974586226 0.5606158937392626 1.951333898228819
cell 125.77337014287632 10.805199730975852 0.0 1.0 1.0 1 0 0 0.0 1.0 0
cell 72.8119300213688 14.018272751849699 0.0 2.23606797749979 0.4472135954999579 1 0 0 0.903478817831861 0.42863273991745304 2.2556348448081636
cell 31.162057257165053 114.12010374627447 0.0 2.23606797749979 0.4472135954999579 1 0 0 0.5754045078153887 0.8178689701814896 1.2261972992120986
cell 38.43725119106831 75.99718459763663 0.0 2.23606797749979 0.4472135954999579 1 0 0 0.7311233040387427 0.6822453475777407 1.6399339648507445
cell 117.7607551148895 124.91689235670408 0.0 1.0 1.0 1 0 0 0.0 1.0 0
cell 159.9235966015877 78.07819078620413 0.0 2.23606797749979 0.4472135954999579 1 0 0 0.9987797908482778 0.04938551805003632 3.04278142409724
cell 125.0991751291216 174.65193739783828 0.0 2.23606797749979 0.4472135954999579 1 0 0 0.9894116708472639 0.14513630004663075 2.8502911940020703
cell 2.1879780124028425 107.89304958646201 0.0 2.23606797749979 0.4472135954999579 1 0 0 0.9973268638502611 -0.07306932764575513 3.2878616644493404
cell 131.78191644083034 50.92589938005048 0.0 1.0 1.0 1 0 0 0.0 1.0 0
cell 63.66475262510163 10.512973441459517 0.0 1.0 1.0 1 0 0 0.0 1.0 0
cell 14.608326131904462 102.23972862721838 0.0 2.23606797749979 0.4472135954999579 1 0 0 -0.5591103128353315 -0.8290932746568251 1.1866246534359624
cell 91.35312009178634 89.39247040216276 0.0 1.0 1.0 1 0 0 0.0 1.0 0
cell 49.41443831990175 32.45918710784759 0.0 2.23606797749979 0.4472135954999579 1 0 0 0.9211110125580682 0.38930001611128967 2.3418495811661035
cell 49.84008395898596 41.99612526172069 0.0 2.23606797749979 0.4472135954999579 1 0 0 0.9877098614790982 0.15629852698263194 2.8277086503166893
cell 174.94392087074075 23.33369767221635 0.0 2.23606797749979 0.4472135954999579 1 0 0 -0.10014559118303513 0.9949727938826269 6.082557813414477
cell 137.37317653679355 176.4988858601237 0.0 2.23606797749979 0.4472135954999579 1 0 0 0.9392134066594914 0.34333391436191224 2.4406640682157223
cell 103.26346868678463 71.4457777037612 0.0 2.23606797749979 0.4472135954999579 1 0 0 0.23819432594491538 0.9712175158468094 0.4810124797147553
cell 4.758795959530015 39.339532067757126 0.0 2.23606797749979 0.4472135954999579 1 0 0 0.5490381695033468 -0.8357972771123475 5.120759290576019
cell 35.08318754856102 75.32590839463722 0.0 2.23606797749979 0.4472135954999579 1 0 0 -0.65561135087835 -0.7550985078779225 1.4299839336460582
cell 69.86859897033277 21.25568930668636 0.0 2.23606797749979 0.4472135954999579 1 0 0 0.9257552698113 0.37812323443106116 2.366056304402667
cell 35.75911835817039 142.84180753680647 0.0 2.23606797749979 0.4472135954999579 1 0 0 -0.9489485506834118 -0.3154308928368498 2.49977126604208
cell 85.60709263847205 75.51710735603119 0.0 2.23606797749979 0.4472135954999579 1 0 0 -0.20929508062309973 -0.9778525293861903 0.4217080378255744
cell 152.58689986225227 69.1293153148968 0.0 2.23606797749979 0.4472135954999579 1 0 0 0.9085845975829292 -0.41770088464721566 4.00341946881182
cell 125.37169197450318 65.87402890752638 0.0 1.0 1.0 1 0 0 0.0 1.0 0
cell 97.46157487311831 87.53135679510919 0.0 1.0 1.0 1 0 0 0.0 1.0 0
cell 150.87521561110782 16.436180506013375 0.0 1.0 1.0 1 0 0 0.0 1.0 0
cell 72.70928602452385 101.06351387120355 0.0 1.0 1.0 1 0 0 0.0 1.0 0
cell 26.3447083397545 46.89230920133429 0.0 2.23606797749979 0.4472135954999579 1 0 0 0.9397710257404819 0.3418046506100855 2.4439195787730155
cell 110.5750929860405 24.434716718561454 0.0 1.0 1.0 1 0 0 0.0 1.0 0
cell 23.488583245962605 10.282347934128621 0.0 2.23606797749979 0.4472135954999579 1 0 0 -0.1035881383708643 -0.9946202780905177 0.207548594970838
cell 81.70365232490158 33.022477499522275 0.0 1.0 1.0 1 0 0 0.0 1.0 0
cell 23.075616485985726 62.20484538410546 0.0 1.0 1.0 1 0 0 0.0 1.0 0
cell 94.25795560282374 55.57025348005616 0.0 1.0 1.0 1 0 0 0.0 1.0 0
cell 89.02214604285787 187.2006165461198 0.0 2.23606797749979 0.4472135954999579 1 0 0 0.9297895978337707 0.36809143396731614 2.3876816563957077
cell 162.36086717772017 66.50246329203621 0.0 1.0 1.0 1 0 0 0.0 1.0 0
cell 51.44727946596943 122.64515541979648 0.0 2.23606797749979 0.4472135954999579 1 0 0 0.996335731350879 -0.08552841886477795 3.312858730771217
cell 124.75202583290523 64.51708703757583 0.0 1.0 1.0 1 0 0 0.0 1.0 0
cell 163.22198514837368 167.17667127227446 0.0 2.23606797749979 0.4472135954999579 1 0 0 0.798524339825779 0.6019625226754602 1.849679602578797
cell 1.396128383379185 103.71778487015882 0.0 2.23606797749979 0.4472135954999579 1 0 0 0.12281182650093608 0.992429974996475 0.2462453282469288
cell 97.62109564072288 22.038065397890495 0.0 1.0 1.0 1 0 0 0.0 1.0 0
cell 170.21715972065073 81.85084685292962 0.0 2.23606797749979 0.4472135954999579 1 0 0 0.98416159805226 -0.17727365545737983 3.4980237251714246
cell 133.30058762366153 117.65946033098602 0.0 1.0 1.0 1 0 0 0.0 1.0 0
cell 150.85123809105775 185.3988039593679 0.0 1.0 1.0 1 0 0 0.0 1.0 0
cell 159.36159439176515 119.27487090510219 0.0 2.23606797749979 0.4472135954999579 1 0 0 -0.32459455689619 -0.945853251637571 0.6611660865157827
cell 126.96990928179424 11.929994792397538 0.0 1.0 1.0 1 0 0 0.0 1.0 0
cell 0.14534937029159162 135.0798966459076 0.0 2.23606797749979 0.4472135954999579 1 0 0 0.8862331551259309 -0.4632394572524427 4.104886716883838
cell 118.07555618201494 41.9327734587723 0.0 1.0 1.0 1 0 0 0.0 1.0 0
cell 77.60976514865285 187.59991861286196 0.0 2.23606797749979 0.4472135954999579 1 0 0 0.8843602793368397 0.46680498747471294 2.1702436063942927
cell 123.70370795320775 116.71246522586753 0.0 1.0 1.0 1 0 0 0.0 1.0 0
cell 36.658711664207964 87.76151872375917 0.0 2.23606797749979 0.4472135954999579 1 0 0 0.8093225772944391 0.5873644234046582 1.8859957419115574
cell 125.87479512932681 101.06835208068844 0.0 1.0 1.0 1 0 0 0.0 1.0 0
cell 128.37827859422515 112.48982566465148 0.0 1.0 1.0 1 0 0 0.0 1.0 0
cell 75.2567789001435 2.562634330653151 0.0 2.23606797749979 0.4472135954999579 1 0 0 0.8883785516974112 0.4591116954337038 2.187602607301221
cell 32.443133496573914 121.46807220132149 0.0 2.23606797749979 0.4472135954999579 1 0 0 -0.6025956767548196 -0.7980466467296263 1.2934993357462181
cell 64.43742282376525 96.28978214221895 0.0 1.0 1.0 1 0 0 0.0 1.0 0
cell 1.2680220435085328 142.532695807387 0.0 2.23606797749979 0.4472135954999579 1 0 0 0.7747045293345046 -0.6323234079398008 4.510689940401587
cell 73.28371550128809 69.8371700964468 0.0 2.23606797749979 0.4472135954999579 1 0 0 0.2649219985096987 0.9642698453781634 0.5362460593104023
cell 152.50412502003812 13.276452870702308 0.0 1.0 1.0 1 0 0 0.0 1.0 0
cell 135.04595230041454 104.19702924420442 0.0 2.23606797749979 0.4472135954999579 1 0 0 -0.28934878299872246 -0.9572237365303674 0.5870928984913553
cell 6.294803932027944 45.28758244205851 0.0 2.23606797749979 0.4472135954999579 1 0 0 -0.7086895676136459 0.7055204438962657 4.707907158891687
cell 115.17863877097612 13.397719913236335 0.0 1.0 1.0 1 0 0 0.0 1.0 0
cell 116.94656009333742 57.55961389749202 0.0 1.0 1.0 1 0 0 0.0 1.0 0
cell 72.02384744018423 132.21846550711845 0.0 2.23606797749979 0.4472135954999579 1 0 0 0.8755031126292079 -0.48321247891229846 4.150233268188036
cell 38.45625833490553 16.730719115163062 0.0 1.0 1.0 1 0 0 0.0 1.0 0
cell 49.60665778059208 1.209041430504869 0.0 1.0 1.0 1 0 0 0.0 1.0 0
cell 148.8211963326855 33.94421654958406 0.0 2.23606797749979 0.4472135954999579 1 0 0 0.00709580847111834 -0.9999748244341661 6.268993571142155
cell 93.94212921764017 63.15485954683092 0.0 1.0 1.0 1 0 0 0.0 1.0 0
cell 150.49104542217822 112.01344586649353 0.0 2.23606797749979 0.4472135954999579 1 0 0 -0.3751206869661242 -0.9269759814634159 0.7690539306835662
cell 115.6332138223405 94.27012026170208 0.0 1.0 1.0 1 0 0 0.0 1.0 0
cell 143.68390870648025 42.602651534970136 0.0 1.0 1.0 1 0 0 0.0 1.0 0
cell 128.8158615389115 16.944407782491414 0.0 1.0 1.0 1 0 0 0.0 1.0 0
cell 120.47425636300177 60.461344817143925 0.0 1.0 1.0 1 0 0 0.0 1.0 0
cell 20.3350324801625 64.2609444079895 0.0 2.23606797749979 0.4472135954999579 1 0 0 0.0979549659310434 0.9951908483549515 0.19622459076601687
cell 15.125818129346587 171.42685813265504 0.0 2.23606797749979 0.4472135954999579 1 0 0 0.9978831541729428 0.06503238130238523 3.011436037521145
cell 134.59458483547195 110.19429869656582 0.0 1.0 1.0 1 0 0 0.0 1.0 0
cell 169.29455817839124 116.5156230530474 0.0 2.23606797749979 0.4472135954999579 1 0 0 0.238321865135594 0.9711862275579755 0.4812751216931357
cell 182.29671232904397 161.00374240487946 0.0 2.23606797749979 0.4472135954999579 1 0 0 -0.1852859442829688 0.9826846487307963 5.910459632970378
cell 33.83539145893826 106.59752485858824 0.0 2.23606797749979 0.4472135954999579 1 0 0 0.9195172156665612 0.39304972979613506 2.3337008231712737
cell 95.17943678840345 43.36404878238989 0.0 1.0 1.0 1 0 0 0.0 1.0 0
cell 114.55270253633564 176.61473970685435 0.0 2.23606797749979 0.4472135954999579 1 0 0 0.9937745970802587 0.11140938110396924 2.9183103580458836
cell 60.5570550267532 89.87445539324452 0.0 1.0 1.0 1 0 0 0.0 1.0 0
cell 101.17102789977783 107.04497944796194 0.0 2.23606797749979 0.4472135954999579 1 0 0 0.7869575098839069 -0.617007194153618 4.4714606517530155
cell 31.958888637417534 172.05139922709589 0.0 2.23606797749979 0.4472135954999579 1 0 0 0.9837929724338941 -0.17930807954379346 3.502158827459252
cell 118.46158662602414 83.73420649088926 0.0 2.23606797749979 0.4472135954999579 1 0 0 0.26810783639975994 0.963388908001872 0.5428568455480992
cell 126.13986008847449 22.042095457437302 0.0 1.0 1.0 1 0 0 0.0 1.0 0
cell 86.78267145635859 44.55732830435295 0.0 1.0 1.0 1 0 0 0.0 1.0 0
cell 119.80548675276471 147.28097256835497 0.0 1.0 1.0 1 0 0 0.0 1.0 0
cell 46.839197978262064 84.02055544319384 0.0 2.23606797749979 0.4472135954999579 1 0 0 0.4648290851071706 0.8854004301096938 0.9668831292078526
cell 97.30425952480132 151.60720449566082 0.0 2.23606797749979 0.4472135954999579 1 0 0 0.9994811573483119 0.03220894449805759 3.0771636213648965
cell 76.95567637153522 181.02174853157285 0.0 2.23606797749979 0.4472135954999579 1 0 0 0.8553613900835317 0.5180317484038679 2.052496119595506
cell 114.74062209358685 87.42923612262888 0.0 2.23606797749979 0.4472135954999579 1 0 0 -0.1566870868043644 -0.9876482961200114 0.3146708171786763
cell 111.52589804516873 8.47086877412275 0.0 1.0 1.0 1 0 0 0.0 1.0 0
cell 116.58782357799241 69.42722613627546 0.0 1.0 1.0 1 0 0 0.0 1.0 0
cell 78.0823561263687 18.604739436313416 0.0 1.0 1.0 1 0 0 0.0 1.0 0
cell 28.57828917313493 43.257225936878456 0.0 2.23606797749979 0.4472135954999579 1 0 0 0.9544227858333194 0.29845794658907254 2.5354395480145158
cell 128.2616802089788 110.66178972315137 0.0 1.0 1.0 1 0 0 0.0 1.0 0
cell 59.7854230280348 21.69248862029428 0.0 2.23606797749979 0.4472135954999579 1 0 0 0.832914351525792 0.5534019181592792 1.9687064984361982
cell 26.98275644670174 28.69427630105185 0.0 1.0 1.0 1 0 0 0.0 1.0 0
cell 149.7823358757084 107.07465917033383 0.0 2.23606797749979 0.4472135954999579 1 0 0 0.3789840410953484 0.9254032075776695 0.7773963878877699
cell 14.370967529069139 109.80003585547918 0.0 2.23606797749979 0.4472135954999579 1 0 0 -0.15656989123514703 -0.9876668816755041 0.314433496936525
cell 102.52601009787517 99.8477035773913 0.0 1.0 1.0 1 0 0 0.0 1.0 0
cell 135.73924296484756 182.21765749978368 0.0 2.23606797749979 0.4472135954999579 1 0 0 0.9987823317803247 0.04933410304705361 3.0428843795996277
cell 30.73168430566763 142.03897156025397 0.0 2.23606797749979 0.4472135954999579 1 0 0 0.9097900424917501 0.4150687636800191 2.2855558864048096
cell 84.84186953862874 61.438538425208876 0.0 1.0 1.0 1 0 0 0.0 1.0 0
cell 154.9059630756292 97.98458141015574 0.0 1.0 1.0 1 0 0 0.0 1.0 0
cell 153.30893885988309 156.62898082871072 0.0 1.0 1.0 1 0 0 0.0 1.0 0
cell 118.71238422631865 38.29236162247951 0.0 1.0 1.0 1 0 0 0.0 1.0 0
cell 132.9285768386489 179.83438660518078 0.0 2.23606797749979 0.4472135954999579 1 0 0 0.9933169632994243 0.11541841456895058 2.9102402155212173
cell 68.24299555559317 26.777809676724566 0.0 1.0 1.0 1 0 0 0.0 1.0 0
cell 46.99083199801011 7.680513959004989 0.0 1.0 1.0 1 0 0 0.0 1.0 0
cell 86.57662503227237 118.61527660355395 0.0 1.0 1.0 1 0 0 0.0 1.0 0
cell 110.31840895849864 178.03346591874623 0.0 2.23606797749979 0.4472135954999579 1 0 0 0.9882480932881724 0.15285845122953348 2.834672507557122
cell 101.58030135703348 178.51295237818385 0.0 2.23606797749979 0.4472135954999579 1 0 0 0.968334812765732 0.24965514291909727 2.636944444293212
cell 117.96052577736937 43.589814612702206 0.0 1.0 1.0 1 0 0 0.0 1.0 0
cell 50.003677518253525 21.977054039564393 0.0 2.23606797749979 0.4472135954999579 1 0 0 0.3432182990777254 0.9392556623082946 0.7006823949289881
cell 2.7186208415809103 152.79053768689587 0.0 2.23606797749979 0.4472135954999579 1 0 0 0.8377938555879231 -0.5459866807341753 4.296725406437336
cell 61.31803266086555 17.50380100724495 0.0 2.23606797749979 0.4472135954999579 1 0 0 0.8454670574381256 0.5340275786763427 2.0148783134818995
cell 164.85318021033268 101.30780378101316 0.0 2.23606797749979 0.4472135954999579 1 0 0 0.08169108524849582 0.996657697803475 0.16356443839381404
cell 150.6059480814198 46.140352182113375 0.0 1.0 1.0 1 0 0 0.0 1.0 0
cell 133.4735225541966 30.956836469067536 0.0 1.0 1.0 1 0 0 0.0 1.0 0
cell 159.8787951669254 111.69507319937775 0.0 1.0 1.0 1 0 0 0.0 1.0 0
cell 104.52046100636576 24.515588036344656 0.0 1.0 1.0 1 0 0 0.0 1.0 0
cell 151.8033601609063 51.344801958308786 0.0 1.0 1.0 1 0 0 0.0 1.0 0
cell 179.90952530393605 26.859983457487637 0.0 2.23606797749979 0.4472135954999579 1 0 0 0.20742633165386137 -0.9782506411634098 5.8652986391648705
cell 162.7107325749111 15.452938595748824 0.0 2.23606797749979 0.4472135954999579 1 0 0 0.5432469924193818 0.8395729302611514 1.148599451004114
cell 178.96995974597442 24.981662731358163 0.0 2.23606797749979 0.4472135954999579 1 0 0 0.13741239639954297 -0.990513923837386 6.0074882005750965
cell 95.56749872013499 116.91276604020585 0.0 1.0 1.0 1 0 0 0.0 1.0 0
cell 140.211924729473 146.14850197835773 0.0 1.0 1.0 1 0 0 0.0 1.0 0
cell 149.91754178014222 121.03384757374063 0.0 1.0 1.0 1 0 0 0.0 1.0 0
cell 129.1477517535322 163.25637349945598 0.0 1.0 1.0 1 0 0 0.0 1.0 0
cell 92.36844497750643 94.43192196301543 0.0 1.0 1.0 1 0 0 0.0 1.0 0
cell 107.83699256197986 22.50685927378895 0.0 1.0 1.0 1 0 0 0.0 1.0 0
cell 134.2302343795204 157.58226904146375 0.0 1.0 1.0 1 0 0 0.0 1.0 0
cell 48.43587318908892 152.80055696435093 0.0 2.23606797749979 0.4472135954999579 1 0 0 0.933002691769941 -0.3598693890150208 3.877848453035467
cell 53.06699640709001 178.48984314299403 0.0 1.0 1.0 1 0 0 0.0 1.0 0
cell 73.0248976407116 113.48851823573663 0.0 1.0 1.0 1 0 0 0.0 1.0 0
cell 75.44291903105172 161.32198434305434 0.0 2.23606797749979 0.4472135954999579 1 0 0 0.2740126874223843 -0.9617260769738766 5.72805941266373
cell 88.34915610412831 35.510099737427 0.0 1.0 1.0 1 0 0 0.0 1.0 0
cell 93.6900688261489 38.73173655434094 0.0 1.0 1.0 1 0 0 0.0 1.0 0
cell 62.31352912508796 91.63737194579305 0.0 1.0 1.0 1 0 0 0.0 1.0 0
cell 91.31056852438049 102.40438220114274 0.0 1.0 1.0 1 0 0 0.0 1.0 0
cell 102.97666094241734 120.27752581978773 0.0 1.0 1.0 1 0 0 0.0 1.0 0
cell 2.0252947973325295 88.27451084478538 0.0 2.23606797749979 0.4472135954999579 1 0 0 0.04906099684281061 -0.9987957842265804 6.18502390782797
cell 50.78703059830712 34.95128168120846 0.0 2.23606797749979 0.4472135954999579 1 0 0 0.9384932270611578 0.34529764372253424 2.4364808191193386
cell 10.776280674851195 7.878510300817343 0.0 2.23606797749979 0.4472135954999579 1 0 0 -0.20232093493736225 0.9793192734170362 5.875730726628433
cell 128.0769973173448 47.943106270792164 0.0 1.0 1.0 1 0 0 0.0 1.0 0
cell 145.29900920155575 148.69806711247793 0.0 1.0 1.0 1 0 0 0.0 1.0 0
cell 67.46285935698212 178.49187183904777 0.0 1.0 1.0 1 0 0 0.0 1.0 0
cell 130.9369744445585 47.00123446155541 0.0 1.0 1.0 1 0 0 0.0 1.0 0
cell 25.64716168738409 8.360731187867085 0.0 2.23606797749979 0.4472135954999579 1 0 0 -0.21744146117859983 -0.9760733635134786 0.4383848900726379
cell 173.3595402207837 176.82798057970155 0.0 2.23606797749979 0.4472135954999579 1 0 0 0.9798620933808254 -0.19967543152663156 3.54364599493424
cell 56.51566940723025 122.15991817294723 0.0 2.23606797749979 0.4472135954999579 1 0 0 0.9918200208256936 -0.12764421761020198 3.3975794591017063
cell 119.1529227996636 1.0778667997969527 0.0 1.0 1.0 1 0 0 0.0 1.0 0
cell 98.55743268896056 23.344783368441067 0.0 1.0 1.0 1 0 0 0.0 1.0 0
cell 96.60571893005466 171.30771253186904 0.0 2.23606797749979 0.4472135954999579 1 0 0 0.9525998547143032 0.304226094867433 2.5233408333681555
cell 134.48644407912877 125.6623778495302 0.0 1.0 1.0 1 0 0 0.0 1.0 0
cell 126.87456487289379 60.65120232148742 0.0 1.0 1.0 1 0 0 0.0 1.0 0
cell 145.32140257523673 42.0360494403235 0.0 1.0 1.0 1 0 0 0.0 1.0 0
cell 42.02899585691286 1.7992479692505912 0.0 1.0 1.0 1 0 0 0.0 1.0 0
cell 68.22767153209912 74.59035502238018 0.0 1.0 1.0 1 0 0 0.0 1.0 0
cell 32.34571296228207 13.30933564059089 0.0 2.23606797749979 0.4472135954999579 1 0 0 -0.3275710644254554 -0.9448265437376187 0.6674633031624522
cell 27.340500994597196 61.687332269985774 0.0 2.23606797749979 0.4472135954999579 1 0 0 -0.08055226480847556 -0.9967503863225864 0.1612792659292408
cell 83.62120105817839 154.22632977028113 0.0 1.0 1.0 1 0 0 0.0 1.0 0
cell 104.48872698917457 28.903051126824124 0.0 1.0 1.0 1 0 0 0.0 1.0 0
cell 79.0063600638161 17.62037277379075 0.0 1.0 1.0 1 0 0 0.0 1.0 0
cell 122.75601274424871 22.08582922704371 0.0 1.0 1.0 1 0 0 0.0 1.0 0
cell 129.73484733135342 90.70271306228499 0.0 2.23606797749979 0.4472135954999579 1 0 0 0.29342867037610426 0.9559809702087754 0.5956228402766485
cell 42.04098232533553 32.536340228475744 0.0 2.23606797749979 0.4472135954999579 1 0 0 -0.9696859014434976 -0.2443547677900133 2.647884186835361
cell 65.08717017681559 102.6297606167592 0.0 1.0 1.0 1 0 0 0.0 1.0 0
cell 135.35045482898593 107.03065860135523 0.0 1.0 1.0 1 0 0 0.0 1.0 0
cell 2.2902933944895505 144.88208516651773 0.0 2.23606797749979 0.4472135954999579 1 0 0 0.776175307200919 -0.6305171627256145 4.506031308946191
cell 127.49820163191191 8.535346994389148 0.0 1.0 1.0 1 0 0 0.0 1.0 0
cell 140.2259230501395 183.00870044529296 0.0 2.23606797749979 0.4472135954999579 1 0 0 0.995688027085514 0.0927650403899914 2.9557954451196546
cell 19.252874457975913 89.59941550500082 0.0 2.23606797749979 0.4472135954999579 1 0 0 0.8810181367588348 0.4730824903777259 2.1560200804067526
cell 82.90211592535562 67.6235203630722 0.0 2.23606797749979 0.4472135954999579 1 0 0 0.38415416580393513 0.923268962380672 0.7885830359339345
cell 145.1032046366429 83.38322058751096 0.0 1.0 1.0 1 0 0 0.0 1.0 0
cell 83.22586717300332 141.5240348072368 0.0 2.23606797749979 0.4472135954999579 1 0 0 0.00807267638034272 -0.9999674154171516 6.2670397790534205
cell 114.53775492848764 3.3628840851223267 0.0 1.0 1.0 1 0 0 0.0 1.0 0
cell 100.40714255659701 95.38301595780386 0.0 1.0 1.0 1 0 0 0.0 1.0 0
cell 159.47260004466645 95.08848852270228 0.0 1.0 1.0 1 0 0 0.0 1.0 0
cell 83.95707236944817 83.6923350039544 0.0 1.0 1.0 1 0 0 0.0 1.0 0
cell 138.7931886167641 158.671158568375 0.0 1.0 1.0 1 0 0 0.0 1.0 0
cell 102.23786638858418 56.85060201440228 0.0 1.0 1.0 1 0 0 0.0 1.0 0
cell 130.34152598005244 171.73936128416472 0.0 1.0 1.0 1 0 0 0.0 1.0 0
cell 80.02870260404598 78.01782152653381 0.0 1.0 1.0 1 0 0 0.0 1.0 0
cell 133.39131077620812 159.00150499777234 0.0 1.0 1.0 1 0 0 0.0 1.0 0
cell 77.14031676601546 187.28170565160994 0.0 2.23606797749979 0.4472135954999579 1 0 0 0.889268715089524 0.45738512477235954 2.191487675279953
cell 74.10334597800528 71.64969263203952 0.0 2.23606797749979 0.4472135954999579 1 0 0 -0.2274678145449768 -0.9737855992702562 0.45895307513598116
cell 71.38876992334671 14.14301507243288 0.0 2.23606797749979 0.4472135954999579 1 0 0 0.9075930156128486 0.41985106646378273 2.2750302204494353
cell 112.13968704803699 66.96060607355966 0.0 1.0 1.0 1 0 0 0.0 1.0 0
cell 13.552926462759862 94.38757480218825 0.0 2.23606797749979 0.4472135954999579 1 0 0 0.9196931563371818 0.39263787156431057 2.3345965515364666
cell 18.666938790481353 141.0132031296035 0.0 1.0 1.0 1 0 0 0.0 1.0 0
cell 138.12777643974624 50.511203882932925 0.0 1.0 1.0 1 0 0 0.0 1.0 0
cell 113.33211314416167 151.48440804985725 0.0 1.0 1.0 1 0 0 0.0 1.0 0
cell 64.70086576401052 14.720408037978851 0.0 2.23606797749979 0.4472135954999579 1 0 0 0.8488251798164587 0.5286736366696911 2.0275182207385183
cell 107.85190484298029 40.74335764893908 0.0 1.0 1.0 1 0 0 0.0 1.0 0
cell 76.97394225678717 114.0206053647014 0.0 1.0 1.0 1 0 0 0.0 1.0 0
cell 79.45426894285727 101.94587764019188 0.0 1.0 1.0 1 0 0 0.0 1.0 0
cell 133.25918225420486 64.47672154702647 0.0 1.0 1.0 1 0 0 0.0 1.0 0
cell 138.71644189890986 11.556457525781004 0.0 1.0 1.0 1 0 0 0.0 1.0 0
cell 93.74256265295216 150.47148343440236 0.0 2.23606797749979 0.4472135954999579 1 0 0 0.2104514070519174 0.977604319379711 0.42407337009003815
cell 129.01426820401747 104.72923716203718 0.0 1.0 1.0 1 0 0 0.0 1.0 0
cell 50.805434653446056 85.07695951625551 0.0 2.23606797749979 0.4472135954999579 1 0 0 -0.3492232455434513 -0.9370395534725833 0.7134840604941681
cell 77.39195874702193 117.12270176532627 0.0 1.0 1.0 1 0 0 0.0 1.0 0
cell 135.4632489487577 122.85479371409728 0.0 1.0 1.0 1 0 0 0.0 1.0 0
cell 158.49977618761332 69.88622283825995 0.0 1.0 1.0 1 0 0 0.0 1.0 0
cell 29.807887795477566 142.1091242815758 0.0 2.23606797749979 0.4472135954999579 1 0 0 0.9170998972950998 0.3986574699931226 2.3214876672963536
cell 104.60374355404404 16.36225082788185 0.0 1.0 1.0 1 0 0 0.0 1.0 0
cell 139.5453379156417 170.0645927902594 0.0 2.23606797749979 0.4472135954999579 1 0 0 0.8401826177661208 0.5423035762408991 1.995239758235742
cell 1.7695397655179659 146.3880140489905 0.0 2.23606797749979 0.4472135954999579 1 0 0 0.7718388834014277 -0.6358181643124372 4.519728808358104
cell 118.78119509267744 8.312459966780631 0.0 1.0 1.0 1 0 0 0.0 1.0 0
cell 15.603111054702685 145.88002071231764 0.0 2.23606797749979 0.4472135954999579 1 0 0 0.9794976915559257 0.20145538522614023 2.7359055677466517
cell 150.9965663694015 62.260863303292766 0.0 1.0 1.0 1 0 0 0.0 1.0 0
cell 38.316973156417596 134.1523839659396 0.0 2.23606797749979 0.4472135954999579 1 0 0 0.8996254613948005 0.4366623743926104 2.2378220505308835
cell 7.467843010713581 88.24832158871601 0.0 2.23606797749979 0.4472135954999579 1 0 0 0.15447109942144605 -0.9879973074070241 5.973001097213558
cell 99.91735552019342 82.77474523356399 0.0 2.23606797749979 0.4472135954999579 1 0 0 -0.11490614396223525 -0.9933763526880082 0.2303210345978144
cell 138.2104123085764 3.4211750919515986 0.0 1.0 1.0 1 0 0 0.0 1.0 0
cell 110.33421894889952 43.15549443167226 0.0 1.0 1.0 1 0 0 0.0 1.0 0
cell 145.37160782692493 48.04095607233688 0.0 1.0 1.0 1 0 0 0.0 1.0 0
cell 186.16263170985175 70.0890767313547 0.0 2.23606797749979 0.4472135954999579 1 0 0 0.9997749396418804 0.021214854797395318 3.099159760626542
cell 97.97597384781112 3.2438593650441625 0.0 1.0 1.0 1 0 0 0.0 1.0 0
cell 27.028936235915943 49.589543378610436 0.0 1.0 1.0 1 0 0 0.0 1.0 0
cell 103.61843802881849 15.11730689907092 0.0 1.0 1.0 1 0 0 0.0 1.0 0
cell 78.93292149102781 44.13259104113826 0.0 1.0 1.0 1 0 0 0.0 1.0 0
cell 185.92337288871474 151.17026998320253 0.0 1.0 1.0 1 0 0 0.0 1.0 0
cell 108.89613291384906 6.6682412215627735 0.0 1.0 1.0 1 0 0 0.0 1.0 0
cell 55.22141388897927 53.461394419423854 0.0 2.23606797749979 0.4472135954999579 1 0 0 -0.01879351401713284 -0.9998233863192478 0.037589240985058225
cell 123.06715667028291 173.4765194963593 0.0 2.23606797749979 0.4472135954999579 1 0 0 0.9907883730810102 0.1354193478328888 2.8699192598685
cell 75.07122744376062 19.58408640386093 0.0 1.0 1.0 1 0 0 0.0 1.0 0
cell 22.89305133651359 43.65118897698858 0.0 2.23606797749979 0.4472135954999579 1 0 0 0.8685427575520717 0.49561424344326843 2.1045088524514384
cell 103.2554733890132 30.126042613727048 0.0 1.0 1.0 1 0 0 0.0 1.0 0
cell 13.170283373373408 183.0423544477933 0.0 2.23606797749979 0.4472135954999579 1 0 0 0.9810422163626079 0.19379414262134467 2.751536371440603
cell 160.83572387383686 65.43750382207803 0.0 1.0 1.0 1 0 0 0.0 1.0 0
cell 108.6566406455903 3.489160964815531 0.0 1.0 1.0 1 0 0 0.0 1.0 0
cell 21.88486805447013 35.865481800001504 0.0 1.0 1.0 1 0 0 0.0 1.0 0
cell 33.65678947845297 129.19766206358156 0.0 2.23606797749979 0.4472135954999579 1 0 0 -0.768263250418572 -0.6401340313217931 1.7522472273917629
cell 132.43991186032997 162.14858990875274 0.0 1.0 1.0 1 0 0 0.0 1.0 0
cell 20.6768669378842 45.95053360933662 0.0 2.23606797749979 0.4472135954999579 1 0 0 -0.8586134468480575 -0.512623593771978 2.065117393997955
cell 138.61063945318676 132.85227449012623 0.0 1.0 1.0 1 0 0 0.0 1.0 0
cell 163.65749150680296 110.04563673062844 0.0 1.0 1.0 1 0 0 0.0 1.0 0
cell 142.7165322999923 94.045194141408 0.0 1.0 1.0 1 0 0 0.0 1.0 0
cell 28.896384227417645 25.785320992418715 0.0 2.23606797749979 0.4472135954999579 1 0 0 0.13411898847560544 -0.9909652349756173 6.014136577120561
cell 11.796130000502435 25.818223234600048 0.0 1.0 1.0 1 0 0 0.0 1.0 0
cell 178.4941293578302 111.41844276896262 0.0 2.23606797749979 0.4472135954999579 1 0 0 -0.9239111330552596 0.38260713299224625 3.926825648119962
cell 94.74355278053065 14.72363790071318 0.0 1.0 1.0 1 0 0 0.0 1.0 0
cell 58.06983392808535 180.44991269781863 0.0 1.0 1.0 1 0 0 0.0 1.0 0
cell 35.413204120503245 7.931203540123943 0.0 2.23606797749979 0.4472135954999579 1 0 0 0.40818913316079497 0.9128973828253857 0.8409390652885341
cell 153.96507569096602 39.32288085084758 0.0 1.0 1.0 1 0 0 0.0 1.0 0
cell 70.54906374047576 179.93315532178138 0.0 1.0 1.0 1 0 0 0.0 1.0 0
cell 114.84601034819276 49.96644628643668 0.0 1.0 1.0 1 0 0 0.0 1.0 0
cell 69.63484261138059 32.22663411668004 0.0 1.0 1.0 1 0 0 0.0 1.0 0
cell 114.93942432301795 62.86795457202725 0.0 1.0 1.0 1 0 0 0.0 1.0 0
cell 18.192928509457744 171.91217582417065 0.0 2.23606797749979 0.4472135954999579 1 0 0 0.9957302166276586 0.09231108110425398 2.9567072762315916
cell 54.050017410575556 1.2474121864408187 0.0 1.0 1.0 1 0 0 0.0 1.0 0
cell 98.5810396988539 108.10419140530298 0.0 1.0 1.0 1 0 0 0.0 1.0 0
cell 135.3491295272936 84.49015848788878 0.0 1.0 1.0 1 0 0 0.0 1.0 0
cell 96.3018342923628 10.98273853230391 0.0 1.0 1.0 1 0 0 0.0 1.0 0
cell 65.34084193563406 24.132039199500714 0.0 2.23606797749979 0.4472135954999579 1 0 0 0.9084230552537064 0.4180520932653269 2.2789926801189524
cell 11.083364837742003 9.313499553956078 0.0 2.23606797749979 0.4472135954999579 1 0 0 0.014347382147440265 0.9998970710155697 0.02869574884306518
cell 169.22676559312555 86.61828060263956 0.0 2.23606797749979 0.4472135954999579 1 0 0 0.5357825242105227 0.8443560189579989 1.1308684907471063
cell 82.63648832735718 46.45479472825689 0.0 1.0 1.0 1 0 0 0.0 1.0 0
cell 69.19176805391486 25.76164270316946 0.0 1.0 1.0 1 0 0 0.0 1.0 0
cell 60.1714947447159 49.79883115588416 0.0 1.0 1.0 1 0 0 0.0 1.0 0
cell 150.02016939209614 56.293574472097504 0.0 1.0 1.0 1 0 0 0.0 1.0 0
cell 94.41129747434591 49.784874802581164 0.0 1.0 1.0 1 0 0 0.0 1.0 0
cell 66.03068602586679 120.88410707042765 0.0 2.23606797749979 0.4472135954999579 1 0 0 0.9562964141471786 -0.2923989881809577 3.73506165969143
cell 135.0122847572319 24.06547838098909 0.0 1.0 1.0 1 0 0 0.0 1.0 0
cell 149.25989093223563 15.628637998561905 0.0 1.0 1.0 1 0 0 0.0 1.0 0
cell 87.2519943741837 6.298285965248867 0.0 1.0 1.0 1 0 0 0.0 1.0 0
cell 42.13891796833427 146.24847556514445 0.0 2.23606797749979 0.4472135954999579 1 0 0 0.9690724240140303 0.2467764920237978 2.6428877456751287
cell 26.72106050308736 26.86887455788084 0.0 2.23606797749979 0.4472135954999579 1 0 0 -0.17974617278542798 0.9837130238890767 5.92172847633584
cell 119.88667814482817 7.696217748215554 0.0 1.0 1.0 1 0 0 0.0 1.0 0
cell 80.76445837818314 169.39426017014583 0.0 1.0 1.0 1 0 0 0.0 1.0 0
cell 148.4453086947706 127.5252706324674 0.0 1.0 1.0 1 0 0 0.0 1.0 0
cell 130.21499167837678 17.95831423243593 0.0 1.0 1.0 1 0 0 0.0 1.0 0
cell 81.45960325051423 186.46078875354382 0.0 2.23606797749979 0.4472135954999579 1 0 0 0.8946400427932842 0.44678763840423186 2.2152497912730467
cell 18.309533720277397 95.5077110408296 0.0 2.23606797749979 0.4472135954999579 1 0 0 0.9796134747434003 0.20089161281935422 2.7370566456454903
cell 87.06842515463283 22.997188264675927 0.0 1.0 1.0 1 0 0 0.0 1.0 0
cell 98.31940104710415 116.10470723785411 0.0 2.23606797749979 0.4472135954999579 1 0 0 0.7211600938458326 -0.692768445473861 4.672234428556673
cell 141.97677852465242 39.94089525336913 0.0 1.0 1.0 1 0 0 0.0 1.0 0
cell 107.19396709863922 76.67861955196847 0.0 2.23606797749979 0.4472135954999579 1 0 0 0.22144651572977758 0.9751725184146348 0.4465951294152765
cell 113.50960439333657 155.4884063073206 0.0 1.0 1.0 1 0 0 0.0 1.0 0
cell 68.49944878007452 182.1629647784247 0.0 1.0 1.0 1 0 0 0.0 1.0 0
cell 116.69067354166225 40.94267741984052 0.0 1.0 1.0 1 0 0 0.0 1.0 0
cell 146.7916027176371 153.90344178720193 0.0 2.23606797749979 0.4472135954999579 1 0 0 0.4438797537964593 0.8960863597720895 0.9198474377836315
cell 107.91523397174305 163.72749664490098 0.0 2.23606797749979 0.4472135954999579 1 0 0 0.03381717057771945 -0.9994280359156018 6.215538068268607
cell 111.55486969681294 95.6984804586155 0.0 1.0 1.0 1 0 0 0.0 1.0 0
cell 122.77774573978851 162.26049818235356 0.0 1.0 1.0 1 0 0 0.0 1.0 0
cell 53.46393247821812 12.421321792870291 0.0 1.0 1.0 1 0 0 0.0 1.0 0
cell 102.23102616841369 95.56767442106569 0.0 1.0 1.0 1 0 0 0.0 1.0 0
cell 152.89185862588334 115.98034627893466 0.0 2.23606797749979 0.4472135954999579 1 0 0 -0.37844781273948325 -0.9256226299268515 0.7762376178047168
cell 58.25517581428004 49.418589135223534 0.0 1.0 1.0 1 0 0 0.0 1.0 0
cell 76.8592431707052 36.34667829522034 0.0 1.0 1.0 1 0 0 0.0 1.0 0
cell 154.03842567353684 15.805179195653091 0.0 1.0 1.0 1 0 0 0.0 1.0 0
cell 139.06055812331232 82.4398589979223 0.0 1.0 1.0 1 0 0 0.0 1.0 0
cell 56.759125157281744 69.86820769141278 0.0 1.0 1.0 1 0 0 0.0 1.0 0
cell 17.10016964317244 109.49970747562246 0.0 2.23606797749979 0.4472135954999579 1 0 0 -0.7268960637432239 -0.6867474881749528 1.627582616472865
cell 176.04503293102604 132.49465296082238 0.0 2.23606797749979 0.4472135954999579 1 0 0 -0.29255492195754634 -0.9562487216401463 0.5937951344074746
cell 154.96753082203057 69.61270738696129 0.0 1.0 1.0 1 0 0 0.0 1.0 0
cell 115.54638682367593 107.20077016911524 0.0 1.0 1.0 1 0 0 0.0 1.0 0
cell 54.025973990793666 37.287041117108735 0.0 2.23606797749979 0.4472135954999579 1 0 0 0.978126514091448 0.208010870945036 2.722510839184802
cell 101.56185269311595 67.35176490233084 0.0 1.0 1.0 1 0 0 0.0 1.0 0
cell 118.24816093334269 159.9715073647051 0.0 1.0 1.0 1 0 0 0.0 1.0 0
cell 186.92234176545975 112.33598489772709 0.0 2.23606797749979 0.4472135954999579 1 0 0 -0.957925840693687 0.2870158248795577 3.7238129155143938
cell 184.47256817318697 140.20538045068506 0.0 1.0 1.0 1 0 0 0.0 1.0 0
cell 87.34874383131324 81.74155717804207 0.0 1.0 1.0 1 0 0 0.0 1.0 0
cell 39.263933792817795 40.26760361754882 0.0 2.23606797749979 0.4472135954999579 1 0 0 0.982686379461331 0.1852767649252899 2.76888566156842
cell 158.8361982437497 141.95874819402036 0.0 2.23606797749979 0.4472135954999579 1 0 0 -0.039792795397674774 0.9992079530480323 6.2035786978834935
cell 29.960019668950856 151.6307856312376 0.0 2.23606797749979 0.4472135954999579 1 0 0 0.9993264044399411 -0.03669792077406144 3.215004979283792
cell 83.02475662306368 63.38696891833562 0.0 2.23606797749979 0.4472135954999579 1 0 0 0.4955806466666121 0.8685619279300139 1.037006438439531
cell 150.25019186679012 170.33507857981482 0.0 1.0 1.0 1 0 0 0.0 1.0 0
cell 7.987709702550913 148.45769674322472 0.0 2.23606797749979 0.4472135954999579 1 0 0 0.9995254908025447 0.030802487495850954 3.079977932705846
cell 117.08768625227599 170.79378024419967 0.0 1.0 1.0 1 0 0 0.0 1.0 0
cell 96.2137602806709 143.76062152198705 0.0 2.23606797749979 0.4472135954999579 1 0 0 0.3312942594647563 -0.9435274843085911 5.607835368016814
cell 120.15691488581636 179.3767741013799 0.0 2.23606797749979 0.4472135954999579 1 0 0 0.9997376380832493 -0.022905348714351518 3.1874073577664483
cell 35.550132676476935 84.3336417900652 0.0 2.23606797749979 0.4472135954999579 1 0 0 0.775551848064236 0.6312838751022777 1.7751775881108622
cell 2.823850661931212 131.9298394231328 0.0 2.23606797749979 0.4472135954999579 1 0 0 0.2839491690547976 0.95883933450453 0.575820618926381
cell 81.7790827668179 49.49236379671436 0.0 1.0 1.0 1 0 0 0.0 1.0 0
cell 97.45351741502516 41.31156601243222 0.0 1.0 1.0 1 0 0 0.0 1.0 0
cell 103.34394110531004 11.741872788246257 0.0 1.0 1.0 1 0 0 0.0 1.0 0
cell 122.49038953642004 102.80840117645053 0.0 1.0 1.0 1 0 0 0.0 1.0 0
cell 62.33905251053855 39.79174607147337 0.0 1.0 1.0 1 0 0 0.0 1.0 0
cell 182.75920287768446 110.03051988902457 0.0 2.23606797749979 0.4472135954999579 1 0 0 0.9782923709520007 -0.20722943067313848 3.5590767728665793
cell 6.227856615759896 145.74887425568033 0.0 2.23606797749979 0.4472135954999579 1 0 0 0.9874310210520607 0.1580505573039363 2.82416048850752
cell 59.84574766234303 30.083493286165158 0.0 2.23606797749979 0.4472135954999579 1 0 0 0.9301249601857601 0.367243187056531 2.3895059269748407
cell 118.210129077813 185.8371833824495 0.0 1.0 1.0 1 0 0 0.0 1.0 0
cell 128.64797165056407 4.025215566371325 0.0 1.0 1.0 1 0 0 0.0 1.0 0
cell 90.07108476406263 86.16428130316653 0.0 1.0 1.0 1 0 0 0.0 1.0 0
cell 14.752709237281005 177.2655384095785 0.0 1.0 1.0 1 0 0 0.0 1.0 0
cell 82.57893665801534 22.596381220269883 0.0 1.0 1.0 1 0 0 0.0 1.0 0
cell 151.84561382639586 27.493286745305667 0.0 1.0 1.0 1 0 0 0.0 1.0 0
cell 79.57252591730351 11.792467729472229 0.0 1.0 1.0 1 0 0 0.0 1.0 0
cell 175.25453015867663 30.805439732119755 0.0 2.23606797749979 0.4472135954999579 1 0 0 0.1959938604015265 -0.9806051227099045 5.888643576878012
cell 1.1409850036265976 22.724585725891533 0.0 2.23606797749979 0.4472135954999579 1 0 0 0.3363982145720948 -0.9417198316021103 5.597006141327184
cell 93.73196954208277 93.52286873447581 0.0 1.0 1.0 1 0 0 0.0 1.0 0
cell 65.96204124547117 78.98671282196628 0.0 1.0 1.0 1 0 0 0.0 1.0 0
cell 56.40704334956999 93.4278854633726 0.0 2.23606797749979 0.4472135954999579 1 0 0 -0.2765998464851018 -0.9609851845499067 0.5605082055327442
cell 92.70472003568052 64.06541874722875 0.0 1.0 1.0 1 0 0 0.0 1.0 0
cell 91.54749917612124 29.283385038051346 0.0 1.0 1.0 1 0 0 0.0 1.0 0
cell 20.397606282522066 177.4873627839769 0.0 2.23606797749979 0.4472135954999579 1 0 0 0.9956704707909282 -0.09295328716603513 3.3277679894050256
cell 167.3841333757816 112.34772618939623 0.0 1.0 1.0 1 0 0 0.0 1.0 0
cell 118.95013783642507 116.7420105861341 0.0 1.0 1.0 1 0 0 0.0 1.0 0
cell 154.1870048200137 89.45760908180597 0.0 1.0 1.0 1 0 0 0.0 1.0 0
cell 147.2336604929909 108.95874169359978 0.0 2.23606797749979 0.4472135954999579 1 0 0 -0.3446473157335907 -0.9387322449759732 0.7037261128880141
cell 183.21630671248784 140.75886060124208 0.0 2.23606797749979 0.4472135954999579 1 0 0 -0.3776972922071025 -0.9259291309055043 0.7746162307991744
cell 112.97442823545572 32.2290517203782 0.0 1.0 1.0 1 0 0 0.0 1.0 0
cell 93.20307851346926 31.45214771022914 0.0 1.0 1.0 1 0 0 0.0 1.0 0
cell 72.19078171340792 52.36275592735477 0.0 1.0 1.0 1 0 0 0.0 1.0 0
cell 171.66638619834953 69.74513125164808 0.0 2.23606797749979 0.4472135954999579 1 0 0 0.9826391325317728 0.1855271818823459 2.768375991380611
cell 121.14045277831735 22.53749601673612 0.0 1.0 1.0 1 0 0 0.0 1.0 0
cell 114.45383189129979 74.20869900540168 0.0 1.0 1.0 1 0 0 0.0 1.0 0
cell 117.27582317899683 65.16971338411025 0.0 1.0 1.0 1 0 0 0.0 1.0 0
cell 36.91140147340436 15.560635331315908 0.0 1.0 1.0 1 0 0 0.0 1.0 0
cell 31.249130298265367 144.40363602692693 0.0 2.23606797749979 0.4472135954999579 1 0 0 0.927705744199376 0.37331227167008857 2.3764389386638056
cell 106.10740246440486 145.01258499149912 0.0 2.23606797749979 0.4472135954999579 1 0 0 0.8004508474488715 0.5993983990789293 1.8560940145572173
cell 143.3009869987564 117.36224235389476 0.0 1.0 1.0 1 0 0 0.0 1.0 0
cell 142.45272138146998 75.09317344400435 0.0 1.0 1.0 1 0 0 0.0 1.0 0
cell 0.338813899925368 116.0917035275605 0.0 2.23606797749979 0.4472135954999579 1 0 0 0.8904088143041451 -0.4551616673331428 4.086700195576188
cell 112.41617187409966 40.50050556559222 0.0 1.0 1.0 1 0 0 0.0 1.0 0
cell 144.85817482496688 88.89800856897675 0.0 1.0 1.0 1 0 0 0.0 1.0 0
cell 11.835833026966542 149.9167241869271 0.0 2.23606797749979 0.4472135954999579 1 0 0 0.9991191368135471 -0.041963680164546845 3.225544665445638
cell 138.20064129789787 54.443167384850994 0.0 1.0 1.0 1 0 0 0.0 1.0 0
cell 143.22481546923996 85.43706441597969 0.0 1.0 1.0 1 0 0 0.0 1.0 0
cell 31.529202869967904 136.48271418223845 0.0 2.23606797749979 0.4472135954999579 1 0 0 0.8639410101012117 0.503593021263498 2.086087389437997
cell 80.007377459744 74.91039631001661 0.0 2.23606797749979 0.4472135954999579 1 0 0 -0.19543410174316847 -0.9807168357257058 0.39340013569340204
cell 84.59388187747483 137.3015751387417 0.0 2.23606797749979 0.4472135954999579 1 0 0 0.9999183912845052 -0.012775397097824851 3.167144142863964
cell 62.921316075089976 24.690997421666463 0.0 2.23606797749979 0.4472135954999579 1 0 0 0.9000221472082929 0.4358441631300963 2.239640653689026
cell 4.7641397232335905 96.07033889547562 0.0 2.23606797749979 0.4472135954999579 1 0 0 -0.09582707522677912 0.9953979966091359 6.091236616781701
cell 45.7640584333787 39.25463252431195 0.0 2.23606797749979 0.4472135954999579 1 0 0 0.9796292640326318 0.20081460367932416 2.737213867899714
cell 106.88696044155239 74.94008337126206 0.0 2.23606797749979 0.4472135954999579 1 0 0 -0.23680404166777383 -0.9715574331195286 0.47815000912225436
cell 153.02109058920692 18.493280403261338 0.0 2.23606797749979 0.4472135954999579 1 0 0 0.9744150459422504 0.22475613059794847 2.688207140917202
cell 106.71426224771092 97.05116647945393 0.0 1.0 1.0 1 0 0 0.0 1.0 0
cell 27.24518618224876 138.64079955162438 0.0 2.23606797749979 0.4472135954999579 1 0 0 0.8019034845261739 0.5974535977837779 1.8609488716918194
cell 152.60484859488673 70.43543086122983 0.0 2.23606797749979 0.4472135954999579 1 0 0 0.9034333577311924 -0.4287285483129662 4.027762555458667
cell 65.7529663337178 54.389044191553076 0.0 2.23606797749979 0.4472135954999579 1 0 0 0.33133308029728376 0.9435138525218979 0.6754322284730578
cell 91.9244804831252 61.09683700241527 0.0 1.0 1.0 1 0 0 0.0 1.0 0
cell 32.546440658594186 145.21154402204766 0.0 2.23606797749979 0.4472135954999579 1 0 0 0.9716723646602434 0.23633200324029507 2.6644143018983453
cell 130.8025016833891 93.28974528503049 0.0 2.23606797749979 0.4472135954999579 1 0 0 0.27875383782152613 0.9603625866826395 0.5649925377630183
cell 41.40975932429768 134.07759146997017 0.0 2.23606797749979 0.4472135954999579 1 0 0 0.8625336418467908 0.5059997200419304 2.080511409004575
cell 95.65433078537222 91.5207098017585 0.0 1.0 1.0 1 0 0 0.0 1.0 0
cell 38.90355545079615 33.15389707659988 0.0 1.0 1.0 1 0 0 0.0 1.0 0
cell 155.45534523808783 174.3679114706427 0.0 1.0 1.0 1 0 0 0.0 1.0 0
cell 86.05135214561231 89.99598533970835 0.0 1.0 1.0 1 0 0 0.0 1.0 0
cell 110.37809970241717 12.613800323915306 0.0 1.0 1.0 1 0 0 0.0 1.0 0
cell 139.46750635652026 48.99809957175845 0.0 1.0 1.0 1 0 0 0.0 1.0 0
cell 185.86256419184255 16.391544108878147 0.0 2.23606797749979 0.4472135954999579 1 0 0 -0.11058117752239771 0.9938670953290284 6.061569717535042
cell 148.49876030078843 172.502182477643 0.0 1.0 1.0 1 0 0 0.0 1.0 0
cell 14.83029842893665 60.99785761844954 0.0 2.23606797749979 0.4472135954999579 1 0 0 0.9044025858477736 0.4266801644227917 2.2599549837984245
cell 34.68944713435311 27.091370916338878 0.0 1.0 1.0 1 0 0 0.0 1.0 0
cell 39.118864094752176 58.492631274728794 0.0 2.23606797749979 0.4472135954999579 1 0 0 -0.14193300691567073 0.9898762657766254 5.998357469291789
cell 29.379500181855953 81.35809327755891 0.0 2.23606797749979 0.4472135954999579 1 0 0 0.5492487609605463 0.8356589008580622 1.162929987832633
cell 60.49897033515838 31.336061938938695 0.0 2.23606797749979 0.4472135954999579 1 0 0 0.941052476161937 0.3382606053170941 2.4514567902017608
cell 41.79512679744034 38.72764780039034 0.0 2.23606797749979 0.4472135954999579 1 0 0 0.9771265187669755 0.212658802597803 2.7130022531966542
cell 52.910996424700876 59.75610188853135 0.0 1.0 1.0 1 0 0 0.0 1.0 0
cell 69.08109978301461 15.614502261920823 0.0 2.23606797749979 0.4472135954999579 1 0 0 0.8963963620370972 0.44325338366069744 2.2231429868477353
cell 174.83678414991854 24.47697178772558 0.0 2.23606797749979 0.4472135954999579 1 0 0 0.11013048925385549 -0.993917137057565 6.062476633393366
cell 132.79993237306783 184.9572008378846 0.0 2.23606797749979 0.4472135954999579 1 0 0 0.9999613796012012 -0.008788589537702347 3.1591700589479155
cell 65.95842512548332 16.78088970462848 0.0 2.23606797749979 0.4472135954999579 1 0 0 0.894683660241949 0.44670028889185737 2.2154450594900985
cell 144.0792054471136 101.69512387198985 0.0 2.23606797749979 0.4472135954999579 1 0 0 -0.2827600107056258 -0.9591906882084262 0.5733406615060606
cell 80.66709779563567 46.70734539357203 0.0 1.0 1.0 1 0 0 0.0 1.0 0
cell 114.1622532799802 24.99378619869108 0.0 1.0 1.0 1 0 0 0.0 1.0 0
cell 23.799538140405915 24.1427490763043 0.0 1.0 1.0 1 0 0 0.0 1.0 0
cell 32.03291987538211 30.710809479528105 0.0 1.0 1.0 1 0 0 0.0 1.0 0
cell 149.29711960897538 141.85009553862682 0.0 1.0 1.0 1 0 0 0.0 1.0 0
cell 83.07515006079885 19.48244379471705 0.0 1.0 1.0 1 0 0 0.0 1.0 0
cell 111.11947306427054 88.74305855644037 0.0 2.23606797749979 0.4472135954999579 1 0 0 -0.07594416080135666 -0.9971120721564741 0.15203470488544113
cell 151.56138991010295 29.44411125705146 0.0 1.0 1.0 1 0 0 0.0 1.0 0
cell 43.12348982514121 51.05514105547981 0.0 2.23606797749979 0.4472135954999579 1 0 0 0.9656829799553688 0.2597236651222195 2.6161205795251834
cell 112.48598384985827 82.49338348935252 0.0 2.23606797749979 0.4472135954999579 1 0 0 -0.20956573238136908 -0.9777945611484349 0.42226161777944515
cell 156.05091085650193 39.193635279220075 0.0 1.0 1.0 1 0 0 0.0 1.0 0
cell 153.10833656188157 80.46548382627581 0.0 1.0 1.0 1 0 0 0.0 1.0 0
cell 95.4745329393205 6.687946509637475 0.0 1.0 1.0 1 0 0 0.0 1.0 0
cell 65.19770595703613 48.82814500935434 0.0 1.0 1.0 1 0 0 0.0 1.0 0
cell 166.56602377242885 151.07668760175937 0.0 2.23606797749979 0.4472135954999579 1 0 0 0.8108770584530748 -0.5852165377657135 4.3918868005141505
cell 21.371256228065356 135.3677110852098 0.0 1.0 1.0 1 0 0 0.0 1.0 0
cell 129.39290903583407 75.78471772320987 0.0 1.0 1.0 1 0 0 0.0 1.0 0
cell 64.03652217247159 22.28630980137196 0.0 2.23606797749979 0.4472135954999579 1 0 0 0.8865329074151895 0.4626655423413018 2.1795935494067504
cell 119.31170653358335 138.2419642129164 0.0 1.0 1.0 1 0 0 0.0 1.0 0
cell 132.97365516178812 8.599254229652075 0.0 1.0 1.0 1 0 0 0.0 1.0 0
cell 110.69433939884601 66.88242101165734 0.0 1.0 1.0 1 0 0 0.0 1.0 0
cell 157.22410820954167 125.03265633243439 0.0 2.23606797749979 0.4472135954999579 1 0 0 -0.10808024190818531 -0.9941421735894057 0.2165835521505617
cell 158.33163686993362 98.55421693606665 0.0 1.0 1.0 1 0 0 0.0 1.0 0
cell 90.58357890362443 81.56096581592735 0.0 2.23606797749979 0.4472135954999579 1 0 0 -0.10108125465653861 -0.9948781734247968 0.2025083650864623
cell 6.853420248585885 19.09909474534416 0.0 2.23606797749979 0.4472135954999579 1 0 0 -0.3498747159024427 0.936796500405603 5.568310580022996
cell 47.97269337322578 120.00912701602873 0.0 2.23606797749979 0.4472135954999579 1 0 0 0.994706271340477 -0.10275910546479725 3.3474742867271186
cell 155.62746767872414 175.9435710956722 0.0 2.23606797749979 0.4472135954999579 1 0 0 0.9365430684673692 0.35055253658435354 2.425270627366672
cell 145.36828417870143 6.430857299016769 0.0 1.0 1.0 1 0 0 0.0 1.0 0
cell 80.45933453483578 10.94816508498208 0.0 1.0 1.0 1 0 0 0.0 1.0 0
cell 88.16672203094666 143.8804362771603 0.0 2.23606797749979 0.4472135954999579 1 0 0 0.2111717435322889 -0.9774489729564062 5.8576381431002
cell 114.41129479619701 51.77308879019904 0.0 1.0 1.0 1 0 0 0.0 1.0 0
cell 121.08967261462917 43.40662814353926 0.0 1.0 1.0 1 0 0 0.0 1.0 0
cell 79.21523360764233 87.96886099033964 0.0 1.0 1.0 1 0 0 0.0 1.0 0
cell 89.46596396636929 182.81870060318062 0.0 2.23606797749979 0.4472135954999579 1 0 0 0.9321288011149284 0.36212690887594406 2.4004953322093985
cell 77.74280000012179 2.5284311166072166 0.0 2.23606797749979 0.4472135954999579 1 0 0 0.8837121899056113 0.4680307312690362 2.167470544499432
cell 106.29272395218723 170.60848030200341 0.0 2.23606797749979 0.4472135954999579 1 0 0 0.9402470454152771 0.3404930154758564 2.4467102645468217
cell 142.05252142614918 82.53896306353533 0.0 1.0 1.0 1 0 0 0.0 1.0 0
cell 120.49765161729789 107.28950859217223 0.0 1.0 1.0 1 0 0 0.0 1.0 0
cell 81.55607624363398 56.105995540055126 0.0 1.0 1.0 1 0 0 0.0 1.0 0
cell 162.0935629957321 53.961202982389025 0.0 1.0 1.0 1 0 0 0.0 1.0 0
cell 124.78594636207164 173.66469487983542 0.0 2.23606797749979 0.4472135954999579 1 0 0 0.9845793648922873 0.17493848698414066 2.78990607084054
cell 147.41623803690558 18.32544580867265 0.0 1.0 1.0 1 0 0 0.0 1.0 0
cell 86.84659360968672 158.5931761284694 0.0 1.0 1.0 1 0 0 0.0 1.0 0
cell 146.0731499862011 40.329223348627366 0.0 1.0 1.0 1 0 0 0.0 1.0 0
cell 133.91870986812182 102.62615229116294 0.0 2.23606797749979 0.4472135954999579 1 0 0 0.2713399842916377 0.9624835650153273 0.5495699481083071
cell 27.421761860718284 145.02858747441073 0.0 2.23606797749979 0.4472135954999579 1 0 0 0.9302433125689438 0.36694329183234625 2.390150735265713
cell 113.21264897904582 149.45536140756408 0.0 1.0 1.0 1 0 0 0.0 1.0 0
cell 118.2461244755757 148.24792920375893 0.0 1.0 1.0 1 0 0 0.0 1.0 0
cell 67.83559404998519 18.6967223624052 0.0 2.23606797749979 0.4472135954999579 1 0 0 0.8987770695448016 0.43840595258328635 2.2339439918329393
cell 23.420307069180367 63.95840803483065 0.0 1.0 1.0 1 0 0 0.0 1.0 0
cell 150.07533403112242 112.46323832047138 0.0 2.23606797749979 0.4472135954999579 1 0 0 0.3849755166902665 0.9229267855843508 0.7903625890133908
cell 32.23742632793278 187.9952184198101 0.0 1.0 1.0 1 0 0 0.0 1.0 0
cell 161.0725607887574 127.5333387414633 0.0 2.23606797749979 0.4472135954999579 1 0 0 0.4262818267654845 0.9045904068524503 0.8807568755539636
cell 113.64509493182194 30.798971057938097 0.0 1.0 1.0 1 0 0 0.0 1.0 0
cell 138.9937715501131 113.01331185147701 0.0 1.0 1.0 1 0 0 0.0 1.0 0
cell 89.03293702359214 160.56373814795666 0.0 2.23606797749979 0.4472135954999579 1 0 0 0.9920901329682815 -0.12552755899394116 3.39331181057119
cell 133.62498993903043 178.5503900419416 0.0 2.23606797749979 0.4472135954999579 1 0 0 0.9795997204893673 0.20095867141567547 2.7369197364077245
cell 76.00250425745034 41.08913606981712 0.0 1.0 1.0 1 0 0 0.0 1.0 0
cell 54.61018294439598 17.051547648495344 0.0 1.0 1.0 1 0 0 0.0 1.0 0
cell 139.1241076532623 184.30525456280196 0.0 2.23606797749979 0.4472135954999579 1 0 0 0.9996993000296913 0.024521613326721845 3.0925445105794056
cell 30.17941609270192 45.37779791954161 0.0 1.0 1.0 1 0 0 0.0 1.0 0
cell 146.60737680493247 82.95511214924723 0.0 1.0 1.0 1 0 0 0.0 1.0 0
cell 51.354723477963766 17.34866991770476 0.0 1.0 1.0 1 0 0 0.0 1.0 0
cell 120.21744520033445 70.16681050037495 0.0 1.0 1.0 1 0 0 0.0 1.0 0
cell 126.97734506243144 26.970866187699635 0.0 1.0 1.0 1 0 0 0.0 1.0 0
cell 117.88258744868826 139.5457160712394 0.0 1.0 1.0 1 0 0 0.0 1.0 0
cell 106.57052276279784 58.21547515203802 0.0 1.0 1.0 1 0 0 0.0 1.0 0
cell 135.77751769825105 65.80517873043664 0.0 1.0 1.0 1 0 0 0.0 1.0 0
cell 97.22096515704034 184.39339480177188 0.0 2.23606797749979 0.4472135954999579 1 0 0 0.9752865238281698 0.22094387622010406 2.6960283368963642
cell 154.19035879149698 133.32644909926324 0.0 2.23606797749979 0.4472135954999579 1 0 0 0.9341595860118685 -0.35685552799716364 3.8713918992881275
cell 132.86592924079196 2.902686105526715 0.0 1.0 1.0 1 0 0 0.0 1.0 0
cell 136.16346348472152 135.98970148515278 0.0 1.0 1.0 1 0 0 0.0 1.0 0
cell 100.38194220776487 39.94269379463738 0.0 1.0 1.0 1 0 0 0.0 1.0 0
cell 76.9985642786789 93.64814867535053 0.0 1.0 1.0 1 0 0 0.0 1.0 0
cell 162.33709804463433 0.42916307894347666 0.0 2.23606797749979 0.4472135954999579 1 0 0 0.4884349908167809 -0.8726002863544173 5.262594606859774
cell 113.90634243363507 116.07719262719945 0.0 1.0 1.0 1 0 0 0.0 1.0 0
cell 60.49414328702285 62.52143783777476 0.0 1.0 1.0 1 0 0 0.0 1.0 0
cell 92.15141236203718 116.43271116099332 0.0 1.0 1.0 1 0 0 0.0 1.0 0
cell 79.70072342358503 162.3443269942212 0.0 2.23606797749979 0.4472135954999579 1 0 0 0.7090103012706286 -0.7051981230066715 4.706997739652496
cell 155.3216606514778 27.72854461331969 0.0 1.0 1.0 1 0 0 0.0 1.0 0
cell 120.41675697451568 53.844131990279905 0.0 1.0 1.0 1 0 0 0.0 1.0 0
cell 124.45530332963664 32.87252123464536 0.0 1.0 1.0 1 0 0 0.0 1.0 0
cell 108.84326360489308 175.91406083185555 0.0 2.23606797749979 0.4472135954999579 1 0 0 0.9657420326438249 0.2595040007109209 2.6165755066570546
cell 107.78557719629829 47.15794227267238 0.0 1.0 1.0 1 0 0 0.0 1.0 0
cell 94.1088789582325 184.66553278956954 0.0 2.23606797749979 0.4472135954999579 1 0 0 0.9525009114539178 0.3045357346510518 2.522690705487487
cell 81.99115143489118 183.3831533927726 0.0 2.23606797749979 0.4472135954999579 1 0 0 0.8945415624505799 0.4469847794371474 2.2148090511457394
cell 53.58708713648071 180.44486449604872 0.0 1.0 1.0 1 0 0 0.0 1.0 0
cell 108.35457888878618 43.415031082425266 0.0 1.0 1.0 1 0 0 0.0 1.0 0
cell 29.38036583338339 43.80384740643021 0.0 2.23606797749979 0.4472135954999579 1 0 0 0.953491357351299 0.3014203567385213 2.529228770072797
cell 129.6292258618496 0.42989728087012696 0.0 1.0 1.0 1 0 0 0.0 1.0 0
cell 132.69679860482708 90.84884438587854 0.0 2.23606797749979 0.4472135954999579 1 0 0 0.33126787434360816 0.943536748318722 0.675294010762053
cell 17.519792083479583 180.49006687343925 0.0 2.23606797749979 0.4472135954999579 1 0 0 0.967824549339106 0.2516259956692796 2.632872771045541
cell 43.11388710104212 123.68993589538421 0.0 2.23606797749979 0.4472135954999579 1 0 0 0.7704276262679185 0.6375274681793567 1.759023274975065
cell 133.09660858149977 77.60127504047746 0.0 1.0 1.0 1 0 0 0.0 1.0 0
cell 118.06947131364001 126.69190060336759 0.0 1.0 1.0 1 0 0 0.0 1.0 0
cell 93.24773958324512 85.62983648706856 0.0 1.0 1.0 1 0 0 0.0 1.0 0
cell 139.63205293398457 12.937502670831973 0.0 1.0 1.0 1 0 0 0.0 1.0 0
cell 51.297190417344375 184.94818471586547 0.0 1.0 1.0 1 0 0 0.0 1.0 0
cell 126.02880473882638 175.1605722932716 0.0 2.23606797749979 0.4472135954999579 1 0 0 0.9905493945094324 0.1371564691766191 2.8664122941667385
cell 155.802833564097 103.3526429885666 0.0 1.0 1.0 1 0 0 0.0 1.0 0
cell 79.00898076452458 122.43505352143097 0.0 2.23606797749979 0.4472135954999579 1 0 0 0.32050253405409285 0.9472476580413937 0.6525199199048589
cell 133.59656597070105 78.99439031104858 0.0 1.0 1.0 1 0 0 0.0 1.0 0
cell 126.41028112684812 110.09135936513263 0.0 1.0 1.0 1 0 0 0.0 1.0 0
cell 72.83479848499039 4.693431704791519 0.0 2.23606797749979 0.4472135954999579 1 0 0 0.8740875298620865 0.4857684532157229 2.127108449244302
cell 37.66449019456029 55.85006584892719 0.0 2.23606797749979 0.4472135954999579 1 0 0 0.9919530177007118 0.12660651908354276 2.8876982213723226
cell 99.45622006779344 65.08105978484664 0.0 1.0 1.0 1 0 0 0.0 1.0 0
cell 15.13012837287546 8.705565880101979 0.0 2.23606797749979 0.4472135954999579 1 0 0 -0.03878631876756965 0.9992475276308971 6.205593206697408
cell 18.89998370035615 155.10683332128457 0.0 2.23606797749979 0.4472135954999579 1 0 0 0.996611334841483 -0.08225477047246241 3.306288269360486
cell 20.6006964763745 141.50816063749082 0.0 1.0 1.0 1 0 0 0.0 1.0 0
cell 43.884147025943975 14.024557421349487 0.0 2.23606797749979 0.4472135954999579 1 0 0 0.3949513039177168 0.9187020559102365 0.8120296902977663
cell 126.40861593082855 57.54082017859523 0.0 1.0 1.0 1 0 0 0.0 1.0 0
cell 113.79800752893561 41.2210541632516 0.0 1.0 1.0 1 0 0 0.0 1.0 0
cell 72.63357260578432 90.58178546083849 0.0 1.0 1.0 1 0 0 0.0 1.0 0
cell 95.52850937428634 114.87898249284964 0.0 1.0 1.0 1 0 0 0.0 1.0 0
cell 62.251237603165876 5.2471178978178274 0.0 1.0 1.0 1 0 0 0.0 1.0 0
cell 43.59424265358629 120.29993363023777 0.0 2.23606797749979 0.4472135954999579 1 0 0 0.9999573815783738 0.009232281783097176 3.123127827708942
cell 124.78594615733161 38.573587349163176 0.0 1.0 1.0 1 0 0 0.0 1.0 0
cell 95.685952154339 93.10290473803263 0.0 1.0 1.0 1 0 0 0.0 1.0 0
cell 7.150305067503085 76.95276409402108 0.0 2.23606797749979 0.4472135954999579 1 0 0 0.8510367209386601 0.525106179371347 2.03591290752861
cell 118.41326290503905 56.809099465364525 0.0 1.0 1.0 1 0 0 0.0 1.0 0
cell 80.1644750356566 34.717300954779006 0.0 1.0 1.0 1 0 0 0.0 1.0 0
cell 32.67059119163448 28.823326164714807 0.0 1.0 1.0 1 0 0 0.0 1.0 0
cell 44.03393524001553 53.837316354813645 0.0 1.0 1.0 1 0 0 0.0 1.0 0
cell 111.6421708574242 3.24878662719804 0.0 1.0 1.0 1 0 0 0.0 1.0 0
cell 144.77486272731102 142.80171421437782 0.0 2.23606797749979 0.4472135954999579 1 0 0 0.8908415327796455 0.4543141682523359 2.1983882669195363
cell 8.7635972551143 85.49187263164116 0.0 2.23606797749979 0.4472135954999579 1 0 0 0.0794427315905598 0.9968394316024173 0.15905306454442023
cell 71.56469602284896 26.440476925452202 0.0 1.0 1.0 1 0 0 0.0 1.0 0
cell 124.79709319703622 177.96632139069845 0.0 2.23606797749979 0.4472135954999579 1 0 0 0.995429963580231 0.09549443756921154 2.9503123035229137
cell 94.42136056878803 10.362819411010001 0.0 1.0 1.0 1 0 0 0.0 1.0 0
cell 109.9358500456956 120.43706811073629 0.0 1.0 1.0 1 0 0 0.0 1.0 0
cell 75.1644972971657 50.20406778432458 0.0 1.0 1.0 1 0 0 0.0 1.0 0
cell 132.64946745982988 139.30999146742798 0.0 1.0 1.0 1 0 0 0.0 1.0 0
cell 90.83436265843801 3.690701624721546 0.0 1.0 1.0 1 0 0 0.0 1.0 0
cell 86.15345506004475 122.48487764664377 0.0 1.0 1.0 1 0 0 0.0 1.0 0
cell 124.82921420724416 80.82821406856736 0.0 1.0 1.0 1 0 0 0.0 1.0 0
cell 187.5103493239242 139.3310199497561 0.0 2.23606797749979 0.4472135954999579 1 0 0 0.7212294823247702 -0.6926962060135337 4.6720340958269855
cell 131.079459153246 163.5870100550594 0.0 1.0 1.0 1 0 0 0.0 1.0 0
cell 153.7620889232007 6.670512463305461 0.0 1.0 1.0 1 0 0 0.0 1.0 0
cell 68.79813789154778 4.531506260993861 0.0 2.23606797749979 0.4472135954999579 1 0 0 0.8631538140313039 0.504941079060927 2.082965250445206
cell 43.124852643954014 129.9580992285479 0.0 2.23606797749979 0.4472135954999579 1 0 0 0.8250946475413478 0.5649945332466669 1.9407393976739236
cell 134.8712369928542 72.31113391936601 0.0 1.0 1.0 1 0 0 0.0 1.0 0
cell 141.30428863915137 16.681512673580837 0.0 1.0 1.0 1 0 0 0.0 1.0 0
cell 146.63042250743078 77.85767730843837 0.0 1.0 1.0 1 0 0 0.0 1.0 0
cell 41.0351753075071 186.5037872907759 0.0 1.0 1.0 1 0 0 0.0 1.0 0
cell 26.05294380658469 9.480661078759228 0.0 2.23606797749979 0.4472135954999579 1 0 0 0.24333345741082493 0.9699426934126028 0.49160226912977534
cell 56.30433885493228 49.07494074384428 0.0 1.0 1.0 1 0 0 0.0 1.0 0
cell 32.05415308002309 22.516915411657205 0.0 1.0 1.0 1 0 0 0.0 1.0 0
cell 132.1654600662431 71.53584365662095 0.0 1.0 1.0 1 0 0 0.0 1.0 0
cell 55.04435972069161 178.87877626461756 0.0 1.0 1.0 1 0 0 0.0 1.0 0
cell 154.55470439538703 79.82348060720854 0.0 1.0 1.0 1 0 0 0.0 1.0 0
cell 77.05369182616204 107.42539438524632 0.0 1.0 1.0 1 0 0 0.0 1.0 0
cell 68.08112373069052 36.68100907630417 0.0 1.0 1.0 1 0 0 0.0 1.0 0
cell 112.45714558803586 186.78252433512318 0.0 1.0 1.0 1 0 0 0.0 1.0 0
cell 133.3719867327393 14.544281127888903 0.0 1.0 1.0 1 0 0 0.0 1.0 0
cell 48.309727237149005 180.67259442331564 0.0 1.0 1.0 1 0 0 0.0 1.0 0
cell 187.59242128946278 29.494911198244427 0.0 2.23606797749979 0.4472135954999579 1 0 0 -0.3539876589201641 0.9352500934681705 5.559522473116781
cell 93.43577821641038 15.346110821829555 0.0 1.0 1.0 1 0 0 0.0 1.0 0
cell 73.88583055549263 139.08812512620116 0.0 2.23606797749979 0.4472135954999579 1 0 0 0.24593489503974597 0.9692863495385609 0.4969681872566502
cell 96.7229942252137 129.73188548092307 0.0 2.23606797749979 0.4472135954999579 1 0 0 0.9509262049154142 -0.3094177642042673 3.770754030709918
cell 122.07488483829852 177.93267530207424 0.0 2.23606797749979 0.4472135954999579 1 0 0 0.9948697208042945 0.1011644138360181 2.9389171131949974
cell 146.04505974038622 96.85966238501796 0.0 1.0 1.0 1 0 0 0.0 1.0 0
cell 93.28649201202033 18.45252214004597 0.0 1.0 1.0 1 0 0 0.0 1.0 0
cell 74.29587111574611 6.379446893215932 0.0 2.23606797749979 0.4472135954999579 1 0 0 0.8863392611924631 0.46303640685025904 2.1787567953302536
cell 141.5942689566775 173.6351257619594 0.0 2.23606797749979 0.4472135954999579 1 0 0 0.8926022953838284 0.45084492042776825 2.2061692654436458
cell 87.3378472770015 27.665035326442162 0.0 1.0 1.0 1 0 0 0.0 1.0 0
cell 86.845980033139 116.65373100513422 0.0 1.0 1.0 1 0 0 0.0 1.0 0
cell 154.5979695692256 135.0679793407698 0.0 2.23606797749979 0.4472135954999579 1 0 0 0.3541866178048811 0.9351747642916478 0.7240883178947619
cell 86.59995257039446 177.59417042803705 0.0 2.23606797749979 0.4472135954999579 1 0 0 0.9307259093126197 0.36571748896408723 2.39278549714477
cell 76.04583121652239 18.58385473058426 0.0 1.0 1.0 1 0 0 0.0 1.0 0
cell 131.48595005729857 82.70179093639997 0.0 1.0 1.0 1 0 0 0.0 1.0 0
cell 34.01168507284693 33.02188835328208 0.0 1.0 1.0 1 0 0 0.0 1.0 0
cell 168.80240938372557 134.54977882662055 0.0 2.23606797749979 0.4472135954999579 1 0 0 0.9944524221602474 -0.10518735693807027 3.3523572561453028
cell 111.7560294058994 183.46554857135166 0.0 1.0 1.0 1 0 0 0.0 1.0 0
cell 119.20903551385085 184.1549317353528 0.0 1.0 1.0 1 0 0 0.0 1.0 0
cell 25.07015888337554 128.06554194850096 0.0 1.0 1.0 1 0 0 0.0 1.0 0
cell 151.3658439689587 37.553041817838384 0.0 2.23606797749979 0.4472135954999579 1 0 0 -0.10960232525530915 0.9939755179573737 6.0635393949761625
cell 75.96174495275518 98.7798094620433 0.0 1.0 1.0 1 0 0 0.0 1.0 0
cell 147.23574980524987 162.09688884680105 0.0 2.23606797749979 0.4472135954999579 1 0 0 0.6822523585202372 0.731116761737531 1.5016778673750621
cell 139.23533480072652 8.329645670635994 0.0 1.0 1.0 1 0 0 0.0 1.0 0
cell 84.40468508439109 64.31173478150875 0.0 2.23606797749979 0.4472135954999579 1 0 0 0.4858202826065607 0.8740587240043323 1.0146027971479137
cell 74.69250892552121 176.69641363019034 0.0 1.0 1.0 1 0 0 0.0 1.0 0
cell 70.85137116819884 44.44135180981242 0.0 1.0 1.0 1 0 0 0.0 1.0 0
cell 44.62201705796253 45.36698133662083 0.0 1.0 1.0 1 0 0 0.0 1.0 0
cell 93.84069931791961 19.743681323219686 0.0 1.0 1.0 1 0 0 0.0 1.0 0
cell 98.25848497912337 65.65963885569731 0.0 1.0 1.0 1 0 0 0.0 1.0 0
cell 182.94011394415793 109.03585015101487 0.0 2.23606797749979 0.4472135954999579 1 0 0 -0.9938495022624179 0.11073918390860708 3.363526208855932
cell 185.815221669873 28.79272668781607 0.0 2.23606797749979 0.4472135954999579 1 0 0 0.3398625521168546 -0.9404751169853556 5.589643814411439
cell 120.85033105251306 171.70201176486486 0.0 1.0 1.0 1 0 0 0.0 1.0 0
cell 59.690416213048266 25.633121256160585 0.0 2.23606797749979 0.4472135954999579 1 0 0 0.8680630994474671 0.4964538804135353 2.1025748801537945
cell 47.76904973619955 169.21659608185544 0.0 2.23606797749979 0.4472135954999579 1 0 0 0.6167447235446886 -0.7871632270246024 4.953984273373908
cell 167.45605167787505 71.06642358744209 0.0 2.23606797749979 0.4472135954999579 1 0 0 0.9819625834419673 0.1890753413853256 2.761151818427196
cell 39.14450821219115 187.4851696838482 0.0 1.0 1.0 1 0 0 0.0 1.0 0
cell 107.97192049226756 17.731151122439908 0.0 1.0 1.0 1 0 0 0.0 1.0 0
cell 100.98453693599879 186.95174742192103 0.0 1.0 1.0 1 0 0 0.0 1.0 0
cell 81.0218150053364 88.81901368554607 0.0 1.0 1.0 1 0 0 0.0 1.0 0
cell 9.087419779478363 105.90248207906474 0.0 2.23606797749979 0.4472135954999579 1 0 0 0.2704331810538012 0.9627387467974486 0.5476858993619079
cell 143.75631769845316 69.01308766449046 0.0 1.0 1.0 1 0 0 0.0 1.0 0
cell 20.1208841570529 63.09757757817219 0.0 1.0 1.0 1 0 0 0.0 1.0 0
cell 49.405092486234366 184.4002235264976 0.0 1.0 1.0 1 0 0 0.0 1.0 0
cell 76.59415508177399 71.66570512333384 0.0 2.23606797749979 0.4472135954999579 1 0 0 -0.28116624716098526 -0.9596590756395772 0.5700183312055387
cell 89.05395355159925 90.53890173604347 0.0 1.0 1.0 1 0 0 0.0 1.0 0
cell 61.73962128640274 87.91345948108435 0.0 1.0 1.0 1 0 0 0.0 1.0 0
cell 30.30151411526052 30.822315191734912 0.0 1.0 1.0 1 0 0 0.0 1.0 0
cell 145.02318984565605 159.8854729186865 0.0 2.23606797749979 0.4472135954999579 1 0 0 -0.5993709296365315 -0.8004714165456753 1.2854300049882807
cell 52.68455848910688 33.92749024978262 0.0 2.23606797749979 0.4472135954999579 1 0 0 0.9334090616076448 0.3588140517158378 2.4075985998383436
cell 71.0148908909437 100.07735075493608 0.0 1.0 1.0 1 0 0 0.0 1.0 0
cell 61.30636704597542 184.9807656154714 0.0 1.0 1.0 1 0 0 0.0 1.0 0
cell 66.65893512159211 52.62634384008979 0.0 1.0 1.0 1 0 0 0.0 1.0 0
cell 115.86807469559753 58.7432295344429 0.0 1.0 1.0 1 0 0 0.0 1.0 0
cell 125.65497661582793 40.92939161316648 0.0 1.0 1.0 1 0 0 0.0 1.0 0
cell 163.65163174468324 45.02795403206607 0.0 1.0 1.0 1 0 0 0.0 1.0 0
cell 15.117458060663152 48.29355424314703 0.0 1.0 1.0 1 0 0 0.0 1.0 0
cell 26.68644731853647 18.98330704313966 0.0 1.0 1.0 1 0 0 0.0 1.0 0
cell 157.72565090576805 11.656497422965664 0.0 1.0 1.0 1 0 0 0.0 1.0 0
cell 23.435747791883628 34.61200157786104 0.0 1.0 1.0 1 0 0 0.0 1.0 0
cell 155.03791091485346 147.9034490969637 0.0 2.23606797749979 0.4472135954999579 1 0 0 -0.7089608070585903 -0.7052478812834763 1.5760472028144612
cell 150.73364703322093 167.801438095706 0.0 2.23606797749979 0.4472135954999579 1 0 0 0.8952110160756979 0.4456424987551306 2.2178089751496644
cell 80.11984797778835 187.35174138710974 0.0 2.23606797749979 0.4472135954999579 1 0 0 0.8900845571176096 0.4557954378674152 2.1950613028598713
cell 139.96097665716292 131.40928266164718 0.0 1.0 1.0 1 0 0 0.0 1.0 0
cell 148.17698374470172 82.41686678628292 0.0 1.0 1.0 1 0 0 0.0 1.0 0
cell 9.51004205381871 156.38857493966495 0.0 2.23606797749979 0.4472135954999579 1 0 0 0.9153460757476855 -0.40266805387727544 3.9704522280988743
cell 136.12895039916458 100.17719701470213 0.0 2.23606797749979 0.4472135954999579 1 0 0 0.2129405150104531 0.977065165210122 0.42916703248713156
cell 63.33917816954518 175.56434375042815 0.0 2.23606797749979 0.4472135954999579 1 0 0 0.5027620761632652 0.864424834657128 1.053582187417246
cell 46.88234837635532 187.04322369551235 0.0 1.0 1.0 1 0 0 0.0 1.0 0
cell 32.079415071427015 58.502427029688654 0.0 2.23606797749979 0.4472135954999579 1 0 0 0.9930573497012998 0.11763120421142731 2.905784280478831
cell 76.24899378354347 78.64114249070617 0.0 1.0 1.0 1 0 0 0.0 1.0 0
cell 94.79821399809671 27.068176319560774 0.0 1.0 1.0 1 0 0 0.0 1.0 0
cell 109.40990492539193 84.37000787617396 0.0 2.23606797749979 0.4472135954999579 1 0 0 -0.1435629179750336 -0.989641191837978 0.28812138942431087
cell 27.771336469814035 18.407471877062605 0.0 1.0 1.0 1 0 0 0.0 1.0 0
cell 121.38978292184655 10.420682271544939 0.0 1.0 1.0 1 0 0 0.0 1.0 0
cell 90.03284344305939 84.57257773708443 0.0 1.0 1.0 1 0 0 0.0 1.0 0
cell 161.76288786922188 57.82098411187795 0.0 1.0 1.0 1 0 0 0.0 1.0 0
cell 111.28110212836461 5.202475862762568 0.0 1.0 1.0 1 0 0 0.0 1.0 0
cell 36.90365163079312 138.77122156380545 0.0 2.23606797749979 0.4472135954999579 1 0 0 0.8991501564064049 0.43764025892773806 2.235647494840636
cell 125.04804701915455 72.65072224339139 0.0 1.0 1.0 1 0 0 0.0 1.0 0
cell 0.7359244544122002 183.4432515397676 0.0 2.23606797749979 0.4472135954999579 1 0 0 0.33646303773011016 -0.9416966731604325 5.59686846990331
cell 112.34164318904436 91.17199188008001 0.0 1.0 1.0 1 0 0 0.0 1.0 0
cell 2.193052898991163 12.817702564296063 0.0 2.23606797749979 0.4472135954999579 1 0 0 -0.13569635709993175 0.990750472455001 6.010952733372851
cell 97.89164928340686 5.156010743076007 0.0 1.0 1.0 1 0 0 0.0 1.0 0
cell 177.52582680912633 85.76518107166748 0.0 2.23606797749979 0.4472135954999579 1 0 0 0.9875318655745535 -0.15741923159144777 3.4577461603331994
cell 106.22171329114714 119.72832729757067 0.0 1.0 1.0 1 0 0 0.0 1.0 0
cell 29.33136936283468 17.94496001113705 0.0 2.23606797749979 0.4472135954999579 1 0 0 -0.1609189306148424 -0.9869676275186413 0.32324329404553254
cell 37.110018113188275 77.45048190735044 0.0 2.23606797749979 0.4472135954999579 1 0 0 0.7665495007831042 0.6421852247203867 1.7469014490854873
cell 76.58173862118765 173.55790494821343 0.0 1.0 1.0 1 0 0 0.0 1.0 0
cell 66.70204779688005 40.19363635476089 0.0 1.0 1.0 1 0 0 0.0 1.0 0
cell 174.16593041849202 20.486749090858964 0.0 2.23606797749979 0.4472135954999579 1 0 0 0.05077346090148408 -0.9987101960369111 6.18159470429905
cell 119.77837073649748 85.67668505750537 0.0 2.23606797749979 0.4472135954999579 1 0 0 0.2304508197802065 0.9730839735925316 0.4650818943285079
cell 14.128651237874594 55.314099838783605 0.0 2.23606797749979 0.4472135954999579 1 0 0 0.8499979375495433 0.5267860155333687 2.031962757289017
cell 122.54446156627372 45.88999283028263 0.0 1.0 1.0 1 0 0 0.0 1.0 0
cell 59.711364640939145 180.85598889763736 0.0 2.23606797749979 0.4472135954999579 1 0 0 -0.4736979592630918 -0.8806873698367556 0.9869700118764477
cell 55.91508545554177 66.0786708431074 0.0 1.0 1.0 1 0 0 0.0 1.0 0
cell 33.84614112375757 125.03253588955498 0.0 2.23606797749979 0.4472135954999579 1 0 0 -0.7047076879863958 -0.7094977621478933 1.5640221259981626
cell 70.00516972242433 47.46238192548579 0.0 1.0 1.0 1 0 0 0.0 1.0 0
cell 20.83596471031859 128.9171750619321 0.0 2.23606797749979 0.4472135954999579 1 0 0 -0.8369721779362149 -0.5472454416079762 1.9834534852511894
cell 129.82451296887137 19.482178604195546 0.0 1.0 1.0 1 0 0 0.0 1.0 0
cell 5.590700509585912 85.99504532190583 0.0 2.23606797749979 0.4472135954999579 1 0 0 -0.06296969435057458 -0.9980154395566209 0.12602276633511256
cell 132.14847192942906 74.55411508219797 0.0 1.0 1.0 1 0 0 0.0 1.0 0
cell 130.4822194828873 16.262480792120872 0.0 1.0 1.0 1 0 0 0.0 1.0 0
cell 135.13134517477195 149.10956808410785 0.0 2.23606797749979 0.4472135954999579 1 0 0 -0.30205002561243677 -0.9532920759282153 0.6136847862268429
cell 60.521596361564626 46.90037246004162 0.0 1.0 1.0 1 0 0 0.0 1.0 0
cell 79.74603239548485 64.61748993324684 0.0 2.23606797749979 0.4472135954999579 1 0 0 -0.43075293238622847 -0.9024698949220773 0.8906538258495011
cell 137.21053113125328 29.89300602449958 0.0 1.0 1.0 1 0 0 0.0 1.0 0
cell 110.65021600219711 77.24745313923925 0.0 2.23606797749979 0.4472135954999579 1 0 0 0.24466847958197097 0.9696067940660517 0.49435553109896946
cell 146.28453735586206 116.31259259460788 0.0 1.0 1.0 1 0 0 0.0 1.0 0
cell 167.1086399551039 8.349225189664535 0.0 2.23606797749979 0.4472135954999579 1 0 0 0.506884007908191 -0.8620142704891428 5.220053002644259
cell 128.4287113865534 81.95240804929747 0.0 1.0 1.0 1 0 0 0.0 1.0 0
cell 125.21846475993463 77.70744696081488 0.0 1.0 1.0 1 0 0 0.0 1.0 0
cell 184.75641379950625 134.34446762446373 0.0 1.0 1.0 1 0 0 0.0 1.0 0
cell 126.80865182840043 117.11920126660617 0.0 1.0 1.0 1 0 0 0.0 1.0 0
cell 139.6461991381005 51.815257235123546 0.0 1.0 1.0 1 0 0 0.0 1.0 0
cell 22.268299222592812 22.847823146641602 0.0 1.0 1.0 1 0 0 0.0 1.0 0
cell 7.344460279237637 47.402227443937676 0.0 2.23606797749979 0.4472135954999579 1 0 0 0.7976255015970873 -0.6031530147499843 4.436489113358222
cell 98.81972699282561 12.827246598936657 0.0 1.0 1.0 1 0 0 0.0 1.0 0
cell 161.49279761016027 142.1939497657866 0.0 2.23606797749979 0.4472135954999579 1 0 0 0.7383468154198488 -0.674421218645564 4.621953719757956
cell 73.0211918923438 181.33605577360996 0.0 1.0 1.0 1 0 0 0.0 1.0 0
cell 174.63382838954675 25.580411406263224 0.0 2.23606797749979 0.4472135954999579 1 0 0 0.09629056299951445 -0.995353267677982 6.090305334661879
cell 138.91020455061104 44.85082334442384 0.0 1.0 1.0 1 0 0 0.0 1.0 0
cell 79.85195186886175 50.19829935649619 0.0 1.0 1.0 1 0 0 0.0 1.0 0
cell 125.0709324075208 76.0729213558102 0.0 1.0 1.0 1 0 0 0.0 1.0 0
cell 120.50185361618077 3.796055260973073 0.0 1.0 1.0 1 0 0 0.0 1.0 0
cell 85.63862609071873 113.43682881668256 0.0 1.0 1.0 1 0 0 0.0 1.0 0
cell 32.29308187680374 100.07865987171033 0.0 2.23606797749979 0.4472135954999579 1 0 0 0.9668753537738553 0.2552489965987767 2.6253822104916424
cell 133.38603834288128 73.16536794723407 0.0 1.0 1.0 1 0 0 0.0 1.0 0
cell 112.35431023452604 56.817667888505916 0.0 1.0 1.0 1 0 0 0.0 1.0 0
cell 156.9172157180293 16.27121543230583 0.0 2.23606797749979 0.4472135954999579 1 0 0 0.9552119563767848 0.29592248713951325 2.54075042323824
cell 1.7632608312330955 102.77280438534018 0.0 2.23606797749979 0.4472135954999579 1 0 0 -0.1868291045023298 -0.9823924295875134 0.37586684341661236
cell 93.64182759830284 8.687348152124628 0.0 1.0 1.0 1 0 0 0.0 1.0 0
cell 88.04468414492213 54.722795011990485 0.0 1.0 1.0 1 0 0 0.0 1.0 0
cell 23.087941397390793 52.43617559955465 0.0 1.0 1.0 1 0 0 0.0 1.0 0
cell 126.73224055135097 186.2877572506065 0.0 2.23606797749979 0.4472135954999579 1 0 0 0.9964822945015797 -0.08380356045459621 3.309396582281838
cell 52.85872384497301 5.3218562303221235 0.0 1.0 1.0 1 0 0 0.0 1.0 0
cell 74.99589612383419 167.69317672010308 0.0 1.0 1.0 1 0 0 0.0 1.0 0
cell 112.81534198343945 110.69972019291613 0.0 1.0 1.0 1 0 0 0.0 1.0 0
cell 13.80418392656885 136.6912869977498 0.0 1.0 1.0 1 0 0 0.0 1.0 0
cell 95.1180943201747 31.89362566203761 0.0 1.0 1.0 1 0 0 0.0 1.0 0
cell 64.67484077939437 182.27897468367772 0.0 2.23606797749979 0.4472135954999579 1 0 0 0.5438234682457195 0.8391996397670801 1.1499730159859842
cell 119.35253090264858 118.51411606569275 0.0 1.0 1.0 1 0 0 0.0 1.0 0
cell 117.17562761954694 53.871165718315844 0.0 1.0 1.0 1 0 0 0.0 1.0 0
cell 17.72573348626623 65.64294138701956 0.0 2.23606797749979 0.4472135954999579 1 0 0 0.03223524193698746 -0.9994803095495498 6.218703652751883
cell 4.655851241412037 117.97231568197333 0.0 2.23606797749979 0.4472135954999579 1 0 0 -0.9260457567077387 0.3774112564346639 3.915591088171368
cell 161.15399256911093 101.77668122416851 0.0 1.0 1.0 1 0 0 0.0 1.0 0
cell 104.48661382944427 105.46653699341697 0.0 1.0 1.0 1 0 0 0.0 1.0 0
cell 26.25229010849007 31.759664454502634 0.0 1.0 1.0 1 0 0 0.0 1.0 0
cell 133.47275622328098 48.11803717535638 0.0 2.23606797749979 0.4472135954999579 1 0 0 0.9145255444557768 0.40452815543280163 2.308666999484089
cell 52.25413646890031 40.58162530887945 0.0 2.23606797749979 0.4472135954999579 1 0 0 0.9828528968927569 0.18439138556211282 2.7706874659158487
cell 151.23228316317756 2.8028495026911298 0.0 1.0 1.0 1 0 0 0.0 1.0 0
cell 15.492331876304759 17.41801125573607 0.0 2.23606797749979 0.4472135954999579 1 0 0 0.28861505020425077 -0.9574452218250389 5.697625274733513
cell 143.49260806241458 58.80682844588927 0.0 1.0 1.0 1 0 0 0.0 1.0 0
cell 28.263889545835934 46.60190015001178 0.0 1.0 1.0 1 0 0 0.0 1.0 0
cell 135.7156441790038 111.2508655159073 0.0 1.0 1.0 1 0 0 0.0 1.0 0
cell 187.1792201110355 33.7487846750928 0.0 2.23606797749979 0.4472135954999579 1 0 0 0.3307227214002855 -0.9437279701002769 5.609046731418972
cell 149.68038009189763 112.89795529041038 0.0 2.23606797749979 0.4472135954999579 1 0 0 0.372741714241874 0.9279351348364977 0.7639238273616847
cell 109.26876480809904 113.84747375576852 0.0 1.0 1.0 1 0 0 0.0 1.0 0
cell 111.90231210853146 143.01501262477083 0.0 2.23606797749979 0.4472135954999579 1 0 0 0.9664413676800355 -0.25688729598160837 3.6611927099313437
cell 118.23295788139407 146.2360429329713 0.0 1.0 1.0 1 0 0 0.0 1.0 0
cell 97.91517986685764 128.0204687541929 0.0 2.23606797749979 0.4472135954999579 1 0 0 0.9901729452078636 -0.13984826984408885 3.4222090076625813
cell 96.09458160685095 30.51830158755874 0.0 1.0 1.0 1 0 0 0.0 1.0 0
cell 20.80754148138475 18.185457868683823 0.0 1.0 1.0 1 0 0 0.0 1.0 0
cell 98.86802958044913 175.58145957844047 0.0 2.23606797749979 0.4472135954999579 1 0 0 0.9623673680130267 0.27175181505130674 2.591166886994312
cell 164.70058278768272 115.16678611816843 0.0 1.0 1.0 1 0 0 0.0 1.0 0
cell 127.38494951896797 15.579227116224684 0.0 1.0 1.0 1 0 0 0.0 1.0 0
cell 146.77928998820855 102.95505434269376 0.0 2.23606797749979 0.4472135954999579 1 0 0 0.3261451839616765 0.9453196914158745 0.6644458007771259
cell 100.21389287136398 84.01990926459895 0.0 2.23606797749979 0.4472135954999579 1 0 0 -0.06506753427468337 -0.997880862620089 0.13022707123669175
cell 10.765530302598243 22.363129669119765 0.0 2.23606797749979 0.4472135954999579 1 0 0 0.34624633465172033 -0.9381436327877778 5.576051364183677
cell 92.67477688939171 112.51680070445188 0.0 1.0 1.0 1 0 0 0.0 1.0 0
cell 169.09552711686035 54.435957081225666 0.0 1.0 1.0 1 0 0 0.0 1.0 0
cell 119.88148671208285 111.6178715626722 0.0 1.0 1.0 1 0 0 0.0 1.0 0
cell 95.13203790795852 178.05334985955125 0.0 2.23606797749979 0.4472135954999579 1 0 0 0.949180691357159 0.3147316557875069 2.501244794824474
cell 150.75811208855617 128.0891105352935 0.0 2.23606797749979 0.4472135954999579 1 0 0 0.4776404934702923 0.8785553818613006 0.9959341587590034
cell 146.5146801390162 43.65432744476754 0.0 1.0 1.0 1 0 0 0.0 1.0 0
cell 15.362679068664285 52.02242335074671 0.0 2.23606797749979 0.4472135954999579 1 0 0 0.841999334870732 0.5394785631304037 2.001957249052425
cell 174.84192340693028 112.8531699179094 0.0 1.0 1.0 1 0 0 0.0 1.0 0
cell 117.91541983091587 90.48871253773373 0.0 2.23606797749979 0.4472135954999579 1 0 0 -0.13221507473573915 -0.991221052042693 0.2652066831902138
cell 169.96519333364117 112.58868598521535 0.0 2.23606797749979 0.4472135954999579 1 0 0 0.3397831585915412 0.9405038038931877 0.6933726582865162
cell 115.75262823877353 102.15519801729016 0.0 1.0 1.0 1 0 0 0.0 1.0 0
cell 187.4777239311507 151.37502710918744 0.0 2.23606797749979 0.4472135954999579 1 0 0 0.7780183325473704 -0.6282415731390348 4.50017466945862
cell 160.208877627603 182.67226185373457 0.0 2.23606797749979 0.4472135954999579 1 0 0 0.8602215957286059 0.5099203920634386 2.0714081651607783
cell 75.25284955321105 187.597955366483 0.0 2.23606797749979 0.4472135954999579 1 0 0 0.8670780537411349 0.4981723082634015 2.098613410425799
cell 37.324838531370006 32.41679544514357 0.0 1.0 1.0 1 0 0 0.0 1.0 0
cell 168.82275489314435 27.064256154903948 0.0 2.23606797749979 0.4472135954999579 1 0 0 0.15789067276287386 -0.987456599276387 5.966076977315211
cell 109.12803466122858 80.22204807000263 0.0 2.23606797749979 0.4472135954999579 1 0 0 0.22249583561336223 0.9749336403749291 0.4487474630768753
cell 34.537537317060334 22.513680217492773 0.0 1.0 1.0 1 0 0 0.0 1.0 0
cell 117.97917870592057 80.81013754466444 0.0 2.23606797749979 0.4472135954999579 1 0 0 0.2912958024681643 0.9566330307199455 0.5911622078170401
cell 107.33101903520237 12.664393130776686 0.0 1.0 1.0 1 0 0 0.0 1.0 0
cell 76.38554709317253 121.28361585420635 0.0 2.23606797749979 0.4472135954999579 1 0 0 -0.3079435459713699 -0.9514046313186513 0.6260615631241526
cell 36.90144213390513 37.8858596841847 0.0 2.23606797749979 0.4472135954999579 1 0 0 0.9818773764503338 0.18951732800725477 2.7602515686645
cell 10.36408497370805 32.7278555393404 0.0 2.23606797749979 0.4472135954999579 1 0 0 -0.3968906799962821 0.9178658878791002 5.466931704852288
cell 81.60278235888548 92.31625032305026 0.0 1.0 1.0 1 0 0 0.0 1.0 0
cell 117.99022922073134 22.02108358069747 0.0 1.0 1.0 1 0 0 0.0 1.0 0
cell 105.68770760510787 7.008531137739012 0.0 1.0 1.0 1 0 0 0.0 1.0 0
cell 85.65119505696217 22.84857935219992 0.0 1.0 1.0 1 0 0 0.0 1.0 0
cell 38.870360043668384 118.61741317043398 0.0 2.23606797749979 0.4472135954999579 1 0 0 0.9186257754833238 0.3951286937412441 2.329176772390338
cell 164.93393401068005 13.154679322061577 0.0 2.23606797749979 0.4472135954999579 1 0 0 0.6467360830838119 0.7627138643275135 1.4065945693103128
cell 128.46722122582642 183.82839191936478 0.0 2.23606797749979 0.4472135954999579 1 0 0 0.9980842875128495 -0.061868853391409184 3.2654094362606014
cell 68.17063780909437 24.78160787163764 0.0 1.0 1.0 1 0 0 0.0 1.0 0
cell 164.36321250890293 46.99005838556416 0.0 1.0 1.0 1 0 0 0.0 1.0 0
cell 8.517941486118687 6.0926875049456335 0.0 2.23606797749979 0.4472135954999579 1 0 0 -0.1155377555661922 0.9933030892123142 6.0515925795862024
cell 69.04162864583874 65.92530836926262 0.0 2.23606797749979 0.4472135954999579 1 0 0 -0.2416313889830653 -0.9703681115216609 0.48809341274068974
cell 60.9184433191756 183.30191603121335 0.0 1.0 1.0 1 0 0 0.0 1.0 0
cell 76.79409680928727 133.47123189507437 0.0 2.23606797749979 0.4472135954999579 1 0 0 0.9230295103319214 -0.38472915545408487 3.931421402803696
cell 115.03930409249675 166.7392134287855 0.0 1.0 1.0 1 0 0 0.0 1.0 0
cell 102.65661860438107 48.75465739460032 0.0 1.0 1.0 1 0 0 0.0 1.0 0
cell 59.63302360536942 78.5187216046093 0.0 1.0 1.0 1 0 0 0.0 1.0 0
cell 180.00844661832423 78.17828294830123 0.0 2.23606797749979 0.4472135954999579 1 0 0 0.9996881877882825 -0.02497052655791665 3.191538898096537
cell 163.50504972701893 146.49253572821692 0.0 2.23606797749979 0.4472135954999579 1 0 0 0.6022065616641918 0.7983403140820285 1.292524346367142
cell 112.00204671610435 6.510911096297519 0.0 1.0 1.0 1 0 0 0.0 1.0 0
cell 112.06142694457746 45.98949001712727 0.0 1.0 1.0 1 0 0 0.0 1.0 0
cell 84.93995571662657 100.13793399024198 0.0 1.0 1.0 1 0 0 0.0 1.0 0
cell 183.47337233670177 81.05382888926862 0.0 2.23606797749979 0.4472135954999579 1 0 0 0.98721056603798 -0.15942176232550911 3.4618024463897012
cell 144.6677237800002 136.72026296675102 0.0 1.0 1.0 1 0 0 0.0 1.0 0
cell 68.11946454568499 45.00334345849875 0.0 1.0 1.0 1 0 0 0.0 1.0 0
cell 146.0028409603844 158.540603353221 0.0 2.23606797749979 0.4472135954999579 1 0 0 0.5908212747421209 0.8068024673438321 1.264152799298442
cell 61.488625158912065 78.1974122900728 0.0 1.0 1.0 1 0 0 0.0 1.0 0
cell 62.469566682623544 54.11403805719623 0.0 2.23606797749979 0.4472135954999579 1 0 0 0.23039686203741766 0.9730967505666182 0.4649709945706278
cell 125.18200770637375 2.4362409666029032 0.0 1.0 1.0 1 0 0 0.0 1.0 0
cell 69.14817673633229 168.20639482648951 0.0 2.23606797749979 0.4472135954999579 1 0 0 0.8145735254035331 0.5800603173047262 1.903987180728122
cell 37.28667494414257 49.43427363605949 0.0 1.0 1.0 1 0 0 0.0 1.0 0
cell 135.0206057654465 18.28417521754731 0.0 1.0 1.0 1 0 0 0.0 1.0 0
cell 26.541321705091114 14.34181664845343 0.0 2.23606797749979 0.4472135954999579 1 0 0 -0.04407774025502436 -0.9990281041162008 0.0881840509335623
cell 169.70926883718886 122.27952436534723 0.0 2.23606797749979 0.4472135954999579 1 0 0 0.0996859885230109 0.9950189463986051 0.19970366550482255
cell 120.02090396127676 149.13989553165285 0.0 1.0 1.0 1 0 0 0.0 1.0 0
cell 45.10630836344203 1.3091874457489838 0.0 1.0 1.0 1 0 0 0.0 1.0 0
cell 152.2281456130628 155.0677784112012 0.0 1.0 1.0 1 0 0 0.0 1.0 0
cell 67.89363994064561 150.23763649121855 0.0 2.23606797749979 0.4472135954999579 1 0 0 0.4477565546514853 -0.8941555053605784 5.354675811222689
cell 95.13484520757994 138.89229421511476 0.0 2.23606797749979 0.4472135954999579 1 0 0 0.39169142783226996 0.9200966391432575 0.8049383807834791
cell 103.34646975683641 84.80547748656956 0.0 2.23606797749979 0.4472135954999579 1 0 0 -0.07350615923796996 -0.9972947631237629 0.14714502980835142
cell 156.02583697513728 12.728619772122107 0.0 1.0 1.0 1 0 0 0.0 1.0 0
cell 169.2374371208305 52.39164756496092 0.0 1.0 1.0 1 0 0 0.0 1.0 0
cell 69.54197515808245 67.71237856463337 0.0 2.23606797749979 0.4472135954999579 1 0 0 -0.2480158148473725 -0.9687559835095698 0.5012630759130206
cell 134.9649444757016 93.01092959527938 0.0 2.23606797749979 0.4472135954999579 1 0 0 0.3372187213333091 0.9414263295565554 0.6879220081791749
cell 47.363430775551805 19.632902161870774 0.0 2.23606797749979 0.4472135954999579 1 0 0 0.3437974846003956 0.9390438166467211 0.7019158201858282
cell 135.68583563930312 48.38147427158869 0.0 1.0 1.0 1 0 0 0.0 1.0 0
cell 57.68700543915225 39.596297558976126 0.0 1.0 1.0 1 0 0 0.0 1.0 0
cell 105.9153425119446 152.00558065702404 0.0 1.0 1.0 1 0 0 0.0 1.0 0
cell 51.068188897311714 32.55075439251272 0.0 2.23606797749979 0.4472135954999579 1 0 0 0.9103629597447173 0.4138106831932187 2.2883206655962405
cell 128.87958995044175 93.59109484156646 0.0 2.23606797749979 0.4472135954999579 1 0 0 0.2285340969640006 0.9735359092118013 0.46114332940639896
cell 109.76866630826265 2.5022341799062158 0.0 1.0 1.0 1 0 0 0.0 1.0 0
cell 19.69858666465781 49.753771662680535 0.0 2.23606797749979 0.4472135954999579 1 0 0 0.8484793551719882 0.5292284798146515 2.0262106342358983
cell 112.60702172809606 172.85715683331082 0.0 2.23606797749979 0.4472135954999579 1 0 0 0.9995479068249885 0.03006629278418167 3.0814510045385495
cell 21.939137788668557 19.407017642612853 0.0 1.0 1.0 1 0 0 0.0 1.0 0
cell 57.064336754723044 106.55827902804504 0.0 2.23606797749979 0.4472135954999579 1 0 0 0.7747101576472878 -0.6323165122295277 4.5106721382977835
cell 16.072781279427385 46.71619006117975 0.0 1.0 1.0 1 0 0 0.0 1.0 0
cell 124.01655296516051 132.20373267124688 0.0 2.23606797749979 0.4472135954999579 1 0 0 0.06585892510085453 0.9978289442507469 0.13181325532410706
cell 90.42279245862552 145.55779104780964 0.0 2.23606797749979 0.4472135954999579 1 0 0 0.20371799078800445 -0.9790296115181085 5.872877188886728
cell 61.36805339550579 45.360748353813875 0.0 1.0 1.0 1 0 0 0.0 1.0 0
cell 103.75132693345469 84.37973516344003 0.0 2.23606797749979 0.4472135954999579 1 0 0 -0.10974865194958383 -0.9939593721049412 0.2199403417538921
cell 156.46179199302347 85.17625511344966 0.0 1.0 1.0 1 0 0 0.0 1.0 0
cell 42.335214554263565 27.66331372584773 0.0 2.23606797749979 0.4472135954999579 1 0 0 -0.33193540700978985 -0.9433021178674652 0.6767091451443141
cell 47.59526781197841 10.564653392039926 0.0 1.0 1.0 1 0 0 0.0 1.0 0
cell 110.36773095138828 49.075266617964516 0.0 1.0 1.0 1 0 0 0.0 1.0 0
cell 15.231736944810244 142.78316635279361 0.0 2.23606797749979 0.4472135954999579 1 0 0 0.9499745695504376 0.3123272597892488 2.506308929944184
cell 4.512205690183061 13.415694443045636 0.0 2.23606797749979 0.4472135954999579 1 0 0 -0.08465965853077635 0.9964099267959209 6.113663075782817
cell 86.13663782430912 62.3627289597197 0.0 1.0 1.0 1 0 0 0.0 1.0 0
cell 170.87506000776284 145.85077582332087 0.0 2.23606797749979 0.4472135954999579 1 0 0 0.9335286349801692 -0.3585028419302445 3.8749199260484777
cell 116.5461516487719 136.76084868178103 0.0 1.0 1.0 1 0 0 0.0 1.0 0
cell 85.18928650689931 108.52021210144636 0.0 1.0 1.0 1 0 0 0.0 1.0 0
cell 61.87194974561789 147.4415680505167 0.0 2.23606797749979 0.4472135954999579 1 0 0 0.04935664939979189 0.9987812178650668 0.09875342169571183
cell 16.500805246131375 90.93932857778606 0.0 2.23606797749979 0.4472135954999579 1 0 0 0.8597487289737729 0.5107172632954382 2.069554944407982
cell 92.7825245448364 41.5593095938191 0.0 1.0 1.0 1 0 0 0.0 1.0 0
cell 15.299218536349445 16.728605345651324 0.0 2.23606797749979 0.4472135954999579 1 0 0 0.2660594163436614 -0.9639566312728339 5.744579737270586
cell 127.61683026955902 0.08007578278289415 0.0 1.0 1.0 1 0 0 0.0 1.0 0
cell 123.86764883842116 108.18466732747598 0.0 1.0 1.0 1 0 0 0.0 1.0 0
cell 134.03252759129367 80.38442581728181 0.0 1.0 1.0 1 0 0 0.0 1.0 0
cell 160.21034396451356 78.71591979233662 0.0 2.23606797749979 0.4472135954999579 1 0 0 0.9995929785866132 0.02852853239026902 3.0845278463996597
cell 55.58668497249664 182.94784409747592 0.0 1.0 1.0 1 0 0 0.0 1.0 0
cell 174.98046320326617 5.935592689002964 0.0 2.23606797749979 0.4472135954999579 1 0 0 0.36173891233849165 -0.9322794427102665 5.542920414068346
cell 105.85812948691823 86.85471536003993 0.0 2.23606797749979 0.4472135954999579 1 0 0 -0.09000260668734969 -0.9959415298045775 0.18024912464781728
cell 60.95482247455416 71.35142786195374 0.0 1.0 1.0 1 0 0 0.0 1.0 0
cell 141.81728181834384 164.54883634017764 0.0 1.0 1.0 1 0 0 0.0 1.0 0
cell 154.69941384940503 107.22192235762145 0.0 2.23606797749979 0.4472135954999579 1 0 0 0.5060212192520368 0.862521029115628 1.0611310962460778
cell 91.50609480997987 66.71026827519154 0.0 2.23606797749979 0.4472135954999579 1 0 0 0.3541654895645515 0.9351827660952171 0.7240431324369327
cell 162.95054620810737 117.20804001865996 0.0 2.23606797749979 0.4472135954999579 1 0 0 -0.338730711223905 -0.9408833643304293 0.6911350598259087
cell 117.67905515703478 181.18401974751697 0.0 2.23606797749979 0.4472135954999579 1 0 0 0.9958632401881521 -0.09086477228252397 3.3235732040365975
cell 12.337816135196363 98.58396528174069 0.0 2.23606797749979 0.4472135954999579 1 0 0 0.9994586955091106 0.03289857096025638 3.07578363700198
cell 163.9324873249156 39.95716075455911 0.0 1.0 1.0 1 0 0 0.0 1.0 0
cell 132.9450175577989 38.039599392803154 0.0 2.23606797749979 0.4472135954999579 1 0 0 0.12087029677981784 -0.9926683088304767 6.0408521864396745
cell 138.85433120433467 66.60407819796656 0.0 1.0 1.0 1 0 0 0.0 1.0 0
cell 62.2916551040054 47.11618605929262 0.0 1.0 1.0 1 0 0 0.0 1.0 0
cell 104.66579851435979 144.8975229006902 0.0 2.23606797749979 0.4472135954999579 1 0 0 0.6566324243888154 0.7542107525362302 1.43269000159773
cell 163.76339466742616 99.41340111972052 0.0 1.0 1.0 1 0 0 0.0 1.0 0
cell 59.27141510930902 71.85708546546469 0.0 1.0 1.0 1 0 0 0.0 1.0 0
cell 111.86124906373021 35.73218459874743 0.0 1.0 1.0 1 0 0 0.0 1.0 0
cell 87.85717614626097 51.23997008849298 0.0 1.0 1.0 1 0 0 0.0 1.0 0
cell 139.04643448674562 41.637114372701916 0.0 1.0 1.0 1 0 0 0.0 1.0 0
cell 60.8963055228511 51.50565735777021 0.0 1.0 1.0 1 0 0 0.0 1.0 0
cell 126.17455144847321 147.78873469660223 0.0 1.0 1.0 1 0 0 0.0 1.0 0
cell 32.17733624355508 40.546994176733875 0.0 2.23606797749979 0.4472135954999579 1 0 0 0.9759267891775417 0.21809837726497192 2.7018616241520195
cell 23.62512528700063 28.28015232494105 0.0 2.23606797749979 0.4472135954999579 1 0 0 -0.2007134079665358 0.9796500027369259 5.879013119322526
cell 50.00816241272638 71.90414405556463 0.0 1.0 1.0 1 0 0 0.0 1.0 0
cell 121.38522049445528 25.851989488314633 0.0 1.0 1.0 1 0 0 0.0 1.0 0
cell 98.6896225655163 56.89564814587815 0.0 1.0 1.0 1 0 0 0.0 1.0 0
cell 154.38053715012234 150.27208071236203 0.0 2.23606797749979 0.4472135954999579 1 0 0 0.6553766068216389 0.7553022595166488 1.4293622600879177
cell 174.01929084275966 51.89872127177711 0.0 2.23606797749979 0.4472135954999579 1 0 0 0.32517263575543176 0.9456546710908086 0.6623885584585062
cell 153.09885386589178 82.47309200783552 0.0 1.0 1.0 1 0 0 0.0 1.0 0
cell 94.90705704656929 66.61877643028056 0.0 1.0 1.0 1 0 0 0.0 1.0 0
cell 147.4943586043319 133.8327572505633 0.0 1.0 1.0 1 0 0 0.0 1.0 0
cell 107.75991243929982 62.68796823732969 0.0 1.0 1.0 1 0 0 0.0 1.0 0
cell 120.79077898518265 174.817321121125 0.0 2.23606797749979 0.4472135954999579 1 0 0 -0.9901605496091359 -0.1399360067950126 2.8607990830005026
cell 138.9076701681014 163.636292133232 0.0 1.0 1.0 1 0 0 0.0 1.0 0
cell 118.23886826358765 96.13686314267967 0.0 1.0 1.0 1 0 0 0.0 1.0 0
cell 51.342788614717904 1.841035241473361 0.0 1.0 1.0 1 0 0 0.0 1.0 0
cell 92.98923812874662 178.65568945529742 0.0 2.23606797749979 0.4472135954999579 1 0 0 0.9526604847630912 0.30403618332519594 2.5237395432718324
cell 128.35979878076955 89.15626518189461 0.0 2.23606797749979 0.4472135954999579 1 0 0 0.3018100528851703 0.9533680779098127 0.613181345221866
cell 138.10258990928872 52.4591226569075 0.0 1.0 1.0 1 0 0 0.0 1.0 0
cell 118.82442997793503 106.60270931117782 0.0 1.0 1.0 1 0 0 0.0 1.0 0
cell 7.411617927216769 19.639476203682744 0.0 2.23606797749979 0.4472135954999579 1 0 0 0.3673174232976438 -0.9300956459106663 5.530938951667222
cell 51.80789781105072 36.06653596809686 0.0 2.23606797749979 0.4472135954999579 1 0 0 0.9524315882598148 0.30475247281176693 2.522235596112614
cell 29.489543491802113 20.894404244813824 0.0 1.0 1.0 1 0 0 0.0 1.0 0
cell 173.00989905909174 64.78657192787901 0.0 2.23606797749979 0.4472135954999579 1 0 0 0.8165188382168825 0.5773187913423158 1.9107103398622167
cell 80.31922201987835 64.14868340480399 0.0 2.23606797749979 0.4472135954999579 1 0 0 -0.4307832942174991 -0.9024554024566087 0.8907211124708629
cell 73.82923236371829 6.20719823137025 0.0 2.23606797749979 0.4472135954999579 1 0 0 0.8908003034790117 0.45439500362757146 2.1982067817892816
cell 68.63344878458895 87.16028979371698 0.0 1.0 1.0 1 0 0 0.0 1.0 0
cell 34.70470200062448 141.64044092046953 0.0 2.23606797749979 0.4472135954999579 1 0 0 0.9275555524452501 0.37368529155960484 2.3756346964038837
cell 121.75969219466126 61.301626160537815 0.0 1.0 1.0 1 0 0 0.0 1.0 0
cell 156.44533587189875 105.02647956894553 0.0 1.0 1.0 1 0 0 0.0 1.0 0
cell 76.36378385233769 119.86746370779653 0.0 2.23606797749979 0.4472135954999579 1 0 0 -0.31829653048665135 -0.9479912017947003 0.6478640369595707
cell 109.10432574904313 140.66508550233294 0.0 2.23606797749979 0.4472135954999579 1 0 0 0.789607542721536 0.613612197138598 1.8203382975003286
cell 175.97650998351176 32.78206192733852 0.0 2.23606797749979 0.4472135954999579 1 0 0 -0.26315719948580796 0.9647529675304382 5.75059871424711
cell 44.50374512524972 59.84150116365741 0.0 2.23606797749979 0.4472135954999579 1 0 0 0.2240258135660094 -0.9745832108425055 5.831298650640325
cell 5.829475941122205 7.695168897814478 0.0 2.23606797749979 0.4472135954999579 1 0 0 -0.11470816870984071 0.9933992329528117 6.053262858618706
cell 95.82036996173163 178.97849126534283 0.0 2.23606797749979 0.4472135954999579 1 0 0 0.9468125162785915 0.3217857346406174 2.486362787279645
cell 54.039887252466706 18.798881601540664 0.0 1.0 1.0 1 0 0 0.0 1.0 0
cell 58.03612053183923 35.35097627169748 0.0 2.23606797749979 0.4472135954999579 1 0 0 0.9715349050135235 0.23689645067067563 2.663252413666833
cell 121.3249880563601 84.48814222953645 0.0 2.23606797749979 0.4472135954999579 1 0 0 -0.2710533485115815 -0.9625643262975515 0.5489743561145053
cell 17.484834864273402 183.44769592603907 0.0 2.23606797749979 0.4472135954999579 1 0 0 0.9964363570587369 0.08434800727648176 2.9726959621642277
cell 130.85942188514034 70.70203774582538 0.0 1.0 1.0 1 0 0 0.0 1.0 0
cell 106.83207768201534 81.91906694076971 0.0 2.23606797749979 0.4472135954999579 1 0 0 -0.19283460215514445 -0.9812312755979944 0.38810030528123374
cell 104.3705402288049 114.89015797861825 0.0 1.0 1.0 1 0 0 0.0 1.0 0
cell 156.19669980211916 61.87501451904617 0.0 1.0 1.0 1 0 0 0.0 1.0 0
cell 92.9990837417082 54.57988737887897 0.0 1.0 1.0 1 0 0 0.0 1.0 0
cell 143.0819382175255 50.17974711260119 0.0 1.0 1.0 1 0 0 0.0 1.0 0
cell 144.00248230418663 105.23925858391655 0.0 2.23606797749979 0.4472135954999579 1 0 0 -0.28587022918424954 -0.9582683403233901 0.5798288642882454
cell 179.95417944367608 17.520520336250232 0.0 2.23606797749979 0.4472135954999579 1 0 0 -0.06991183718155053 0.997553174032292 6.14324747968442
cell 65.25414281330744 125.95367138642916 0.0 2.23606797749979 0.4472135954999579 1 0 0 0.8358213753229348 -0.5490014831977031 4.303930883889746
cell 154.76884012925382 83.60716886604575 0.0 1.0 1.0 1 0 0 0.0 1.0 0
cell 166.49899017232403 124.64794445186973 0.0 2.23606797749979 0.4472135954999579 1 0 0 -0.02424768522334113 0.999705981657262 6.234685183331048
cell 22.21263775869048 113.61530096831186 0.0 2.23606797749979 0.4472135954999579 1 0 0 0.4318574019341483 0.9019418963518036 0.893102201359632
cell 121.8641135393376 176.96909317363625 0.0 1.0 1.0 1 0 0 0.0 1.0 0
cell 128.9047089550027 24.39926611988356 0.0 1.0 1.0 1 0 0 0.0 1.0 0
cell 162.19006270296168 157.0570521791106 0.0 1.0 1.0 1 0 0 0.0 1.0 0
cell 129.34040175361886 70.35877235453452 0.0 1.0 1.0 1 0 0 0.0 1.0 0
cell 15.745637478683122 102.53565761260325 0.0 2.23606797749979 0.4472135954999579 1 0 0 0.5947646395377425 0.8038998840375207 1.2739456872610593
cell 64.12951535590078 173.34646687789325 0.0 1.0 1.0 1 0 0 0.0 1.0 0
cell 124.9482931256 56.30615796436016 0.0 1.0 1.0 1 0 0 0.0 1.0 0
cell 132.358193150415 22.136192836335223 0.0 1.0 1.0 1 0 0 0.0 1.0 0
cell 160.53964223858776 137.42136607394846 0.0 2.23606797749979 0.4472135954999579 1 0 0 0.21717075155394308 0.9761336305391263 0.43783021605754335
cell 113.47030081022906 62.58265038523523 0.0 1.0 1.0 1 0 0 0.0 1.0 0
cell 124.5276904149507 90.42558855468873 0.0 2.23606797749979 0.4472135954999579 1 0 0 0.23477406574267276 0.9720499668508071 0.4739722617294421
cell 102.79874636571117 147.03739266518193 0.0 2.23606797749979 0.4472135954999579 1 0 0 0.9982670945054927 0.058845628788906035 3.023833366245012
cell 65.76624053861558 41.99878481097712 0.0 1.0 1.0 1 0 0 0.0 1.0 0
cell 139.95018116924066 25.51296967041739 0.0 1.0 1.0 1 0 0 0.0 1.0 0
cell 178.63519239783253 4.490204135621835 0.0 2.23606797749979 0.4472135954999579 1 0 0 0.9950368666641316 0.09950695442644758 2.9422488455219433
cell 175.84573243377454 31.62934047367592 0.0 2.23606797749979 0.4472135954999579 1 0 0 -0.2282519175475486 0.9736021066821225 5.822621658129019
cell 64.53650372824998 76.04374044921802 0.0 1.0 1.0 1 0 0 0.0 1.0 0
cell 111.44595009704364 16.078048802932354 0.0 1.0 1.0 1 0 0 0.0 1.0 0
cell 88.50185105642933 47.81205966379974 0.0 1.0 1.0 1 0 0 0.0 1.0 0
cell 59.21174478515723 105.52506136947208 0.0 2.23606797749979 0.4472135954999579 1 0 0 0.9959151571909698 -0.09029396257383972 3.3224268723085126
cell 40.99892075455413 33.59326456949321 0.0 2.23606797749979 0.4472135954999579 1 0 0 0.9742254897557153 0.22557636203786227 2.686523441175879
cell 62.947515973405714 13.69774721165497 0.0 2.23606797749979 0.4472135954999579 1 0 0 0.856936176775258 0.5154225343674875 2.0585913499277995
cell 69.9811418124082 84.29772413820898 0.0 1.0 1.0 1 0 0 0.0 1.0 0
cell 2.3848240932225537 30.383994813151563 0.0 2.23606797749979 0.4472135954999579 1 0 0 -0.47072955274860445 0.8822775573305143 5.302950321425471
cell 164.23965675355117 48.98694022391047 0.0 1.0 1.0 1 0 0 0.0 1.0 0
cell 151.41370964146944 183.3310739631407 0.0 2.23606797749979 0.4472135954999579 1 0 0 0.9999903931011322 0.004383344093616083 3.132825937328891
cell 94.94713478108909 11.630687952267898 0.0 1.0 1.0 1 0 0 0.0 1.0 0
cell 133.20868658617425 59.86077237791454 0.0 1.0 1.0 1 0 0 0.0 1.0 0
cell 96.12826386789938 7.7984300905571 0.0 1.0 1.0 1 0 0 0.0 1.0 0
cell 122.76663822567639 122.99051313519443 0.0 1.0 1.0 1 0 0 0.0 1.0 0
cell 23.12389214434295 42.10081172211629 0.0 2.23606797749979 0.4472135954999579 1 0 0 0.8612656128962155 0.5081550393752936 2.075510088336226
cell 18.706337871711384 98.34926960101808 0.0 2.23606797749979 0.4472135954999579 1 0 0 0.9692175566026885 0.24620586502582428 2.6440653341416525
cell 100.39912577521804 46.63802589972483 0.0 1.0 1.0 1 0 0 0.0 1.0 0
cell 80.33995234298611 33.12913125798739 0.0 1.0 1.0 1 0 0 0.0 1.0 0
cell 115.05045194411319 67.19392389989981 0.0 1.0 1.0 1 0 0 0.0 1.0 0
cell 37.70805972676691 118.230082112885 0.0 2.23606797749979 0.4472135954999579 1 0 0 0.8376903380738745 0.546145491144693 1.9860807615999232
cell 67.81950374842148 19.367116467320052 0.0 2.23606797749979 0.4472135954999579 1 0 0 0.9101848376472832 0.4142023193042124 2.2874601858977375
cell 41.25124033762911 24.029010220847244 0.0 2.23606797749979 0.4472135954999579 1 0 0 -0.3808024196851171 -0.9246564319583571 0.7813278892628936
cell 33.481122875036846 135.39908855093424 0.0 2.23606797749979 0.4472135954999579 1 0 0 -0.878721191006623 -0.47733538364121086 2.146353000933532
cell 130.3700082891571 73.73377667806122 0.0 1.0 1.0 1 0 0 0.0 1.0 0
cell 75.97415510591217 123.8773095596522 0.0 1.0 1.0 1 0 0 0.0 1.0 0
cell 159.7427287514713 40.08311912662055 0.0 1.0 1.0 1 0 0 0.0 1.0 0
cell 153.11562412141632 101.28964536842679 0.0 1.0 1.0 1 0 0 0.0 1.0 0
cell 64.15244732741584 35.02952748930052 0.0 1.0 1.0 1 0 0 0.0 1.0 0
cell 107.1494239036469 73.64397900897181 0.0 2.23606797749979 0.4472135954999579 1 0 0 -0.26825439505295884 -0.9633481092184544 0.5431611084580998
cell 110.97942755002293 1.8725573123168584 0.0 1.0 1.0 1 0 0 0.0 1.0 0
cell 107.58697523116305 45.2968720651871 0.0 1.0 1.0 1 0 0 0.0 1.0 0
cell 156.81491144372265 17.903167663130628 0.0 1.0 1.0 1 0 0 0.0 1.0 0
cell 91.99786764928577 58.80098452734458 0.0 1.0 1.0 1 0 0 0.0 1.0 0
cell 129.56094378463638 181.4219107035482 0.0 1.0 1.0 1 0 0 0.0 1.0 0
cell 122.46439374487385 185.66827538942505 0.0 1.0 1.0 1 0 0 0.0 1.0 0
cell 96.13848193298377 81.9600657707873 0.0 2.23606797749979 0.4472135954999579 1 0 0 -0.10812038814009005 -0.9941378081877966 0.21666431790240193
cell 158.29081667757032 160.57405383404037 0.0 1.0 1.0 1 0 0 0.0 1.0 0
cell 156.37614421552982 60.1958685019809 0.0 1.0 1.0 1 0 0 0.0 1.0 0
cell 92.77863212536829 184.9297964758575 0.0 2.23606797749979 0.4472135954999579 1 0 0 0.945825217845699 0.3246762345585771 2.4802538576761846
cell 113.53565001396025 89.5237926914621 0.0 2.23606797749979 0.4472135954999579 1 0 0 -0.07922020477053825 -0.9968571407960691 0.15860660378970337
cell 134.61124124185235 172.53160116651446 0.0 1.0 1.0 1 0 0 0.0 1.0 0
cell 56.73413373551809 60.918801864111025 0.0 1.0 1.0 1 0 0 0.0 1.0 0
cell 105.58526219956245 15.316821937056504 0.0 1.0 1.0 1 0 0 0.0 1.0 0
cell 151.1482163624766 105.17270448880343 0.0 2.23606797749979 0.4472135954999579 1 0 0 -0.43110892916093374 -0.902299889835809 0.8914428389925506
cell 91.09226839929546 21.102303382747337 0.0 1.0 1.0 1 0 0 0.0 1.0 0
cell 18.045122092232937 23.39382460640323 0.0 1.0 1.0 1 0 0 0.0 1.0 0
cell 81.89329864380304 39.48815738916589 0.0 1.0 1.0 1 0 0 0.0 1.0 0
cell 37.72490384553936 133.69761478800982 0.0 2.23606797749979 0.4472135954999579 1 0 0 0.8711702226170018 0.4909811027172466 2.115161482685171
cell 85.94666077413882 173.94308771303074 0.0 2.23606797749979 0.4472135954999579 1 0 0 0.8765842320059752 0.48124846409988103 2.137435865658771
cell 139.37612936039147 129.83519356434604 0.0 1.0 1.0 1 0 0 0.0 1.0 0
cell 187.77065589497602 148.38669174895563 0.0 2.23606797749979 0.4472135954999579 1 0 0 0.7444871177581243 -0.6676368260455686 4.603652694649292
cell 72.84478401710446 123.34574358706098 0.0 2.23606797749979 0.4472135954999579 1 0 0 0.90661098598104 -0.42196743961884847 4.012821314327887
cell 0.08259806242095497 61.72322257428786 0.0 2.23606797749979 0.4472135954999579 1 0 0 0.023998501573922023 -0.9997119944875156 6.235183695700352
cell 144.1766127003492 18.670839303370734 0.0 1.0 1.0 1 0 0 0.0 1.0 0
cell 64.75471173113931 0.9996019898390518 0.0 2.23606797749979 0.4472135954999579 1 0 0 -0.5376828366328532 -0.843147180028759 1.1353729245643498
cell 111.19344806586561 17.701440574577713 0.0 1.0 1.0 1 0 0 0.0 1.0 0
cell 50.781086646502274 48.20197111728943 0.0 1.0 1.0 1 0 0 0.0 1.0 0
cell 4.906281795560332 164.72257647133964 0.0 2.23606797749979 0.4472135954999579 1 0 0 0.9979440898030106 -0.06409051121063583 3.269861591203963
cell 10.216072500714304 151.7145455020405 0.0 2.23606797749979 0.4472135954999579 1 0 0 0.9905697398475578 -0.1370094540473089 3.4164761805276314
cell 62.31280779023293 172.37975055698797 0.0 2.23606797749979 0.4472135954999579 1 0 0 0.5468974321939373 0.8371996169729641 1.157307689968022
cell 56.04262484688427 14.322124248337289 0.0 1.0 1.0 1 0 0 0.0 1.0 0
cell 42.82407865441423 38.86861728920152 0.0 2.23606797749979 0.4472135954999579 1 0 0 0.9736111840297788 0.22821319491241557 2.681108549261548
cell 42.8078528969456 46.15611493158778 0.0 1.0 1.0 1 0 0 0.0 1.0 0
cell 93.04879097214965 9.8896511498173 0.0 1.0 1.0 1 0 0 0.0 1.0 0
cell 138.5834222250393 120.31629194199175 0.0 1.0 1.0 1 0 0 0.0 1.0 0
cell 186.97394494262767 32.05111596746392 0.0 2.23606797749979 0.4472135954999579 1 0 0 -0.3026810160603625 0.95309191713951 5.66817656853355
cell 139.2546814626139 143.40095824592348 0.0 1.0 1.0 1 0 0 0.0 1.0 0
cell 91.96786142528155 165.70256782101464 0.0 2.23606797749979 0.4472135954999579 1 0 0 0.4927045446589017 0.8701966626415344 1.0303899951903728
cell 121.67127123169314 163.74010662784391 0.0 1.0 1.0 1 0 0 0.0 1.0 0
cell 145.3627421166235 33.67966587043731 0.0 2.23606797749979 0.4472135954999579 1 0 0 0.989375273182728 0.14538421102238858 2.8497900567266123
cell 10.021101492968082 61.226117567309856 0.0 2.23606797749979 0.4472135954999579 1 0 0 0.8002992897917404 0.5996007394582131 1.8555884006615846
cell 37.9042749244915 50.98536816269976 0.0 1.0 1.0 1 0 0 0.0 1.0 0
cell 43.406001399816475 173.4746544977562 0.0 2.23606797749979 0.4472135954999579 1 0 0 0.44471848184903134 -0.8956704036094375 5.361465454549359
cell 129.85819915623551 128.14973347242002 0.0 1.0 1.0 1 0 0 0.0 1.0 0
cell 158.6149780357753 53.74974239569392 0.0 1.0 1.0 1 0 0 0.0 1.0 0
cell 117.52091353780395 3.5556944534780786 0.0 1.0 1.0 1 0 0 0.0 1.0 0
cell 43.32946585449013 35.86904674399152 0.0 2.23606797749979 0.4472135954999579 1 0 0 0.9781479278180479 0.20791015200143292 2.722716779499425
cell 79.713800519804 187.2230869397739 0.0 2.23606797749979 0.4472135954999579 1 0 0 0.8907356592343577 0.4545217105577401 2.19792229260106
cell 125.82656727715353 16.79574115976874 0.0 1.0 1.0 1 0 0 0.0 1.0 0
cell 185.8020716862674 114.37024622148843 0.0 2.23606797749979 0.4472135954999579 1 0 0 0.9068019859983906 -0.42155682676167705 4.011915590465758
cell 181.60478530474495 132.43146431074194 0.0 2.23606797749979 0.4472135954999579 1 0 0 0.9688458025998803 -0.24766471445200613 3.6421309151595556
cell 75.02933150074281 113.89015263452056 0.0 1.0 1.0 1 0 0 0.0 1.0 0
cell 83.5317972053077 173.34821531779178 0.0 2.23606797749979 0.4472135954999579 1 0 0 0.8480915247060566 0.5298497576877393 2.024745849350845
cell 115.73083443176749 46.83489833541389 0.0 1.0 1.0 1 0 0 0.0 1.0 0
cell 12.349422630621815 43.03383426433055 0.0 1.0 1.0 1 0 0 0.0 1.0 0
cell 59.688985272244395 67.15886519665732 0.0 1.0 1.0 1 0 0 0.0 1.0 0
cell 81.39985884831003 29.54323609749394 0.0 1.0 1.0 1 0 0 0.0 1.0 0
cell 164.69804584796336 36.568697316740796 0.0 2.23606797749979 0.4472135954999579 1 0 0 0.06330127697597072 -0.9979944630774318 6.156498049908015
cell 31.96948989903077 134.73891724733735 0.0 2.23606797749979 0.4472135954999579 1 0 0 0.8537563431868859 0.5206727441187569 2.046315167724359
cell 103.25183777045737 174.1302501167204 0.0 2.23606797749979 0.4472135954999579 1 0 0 0.9602238424006211 0.2792313959521513 2.5756055068603647
cell 182.04065168184053 103.37125704312693 0.0 2.23606797749979 0.4472135954999579 1 0 0 0.06449898484757778 0.9979177726414296 0.129087578701361
cell 31.12013261789507 134.8123815641013 0.0 2.23606797749979 0.4472135954999579 1 0 0 0.8368878782291939 0.5473743502147667 1.9831454341544186
cell 157.41367631749432 157.15638734346143 0.0 2.23606797749979 0.4472135954999579 1 0 0 0.7326699993818042 0.6805840668175145 1.6444736223094418
cell 142.5190866390117 109.11101706723036 0.0 2.23606797749979 0.4472135954999579 1 0 0 -0.31232367311894066 -0.9499757487480894 0.6352761725633025
cell 111.57395204107445 78.6142631230022 0.0 2.23606797749979 0.4472135954999579 1 0 0 0.2693318373696132 0.9630474346464499 0.5453983275125904
cell 144.08387464929444 20.47495011493354 0.0 1.0 1.0 1 0 0 0.0 1.0 0
cell 113.67253880492018 180.19460501459054 0.0 2.23606797749979 0.4472135954999579 1 0 0 0.9985138044882599 0.054499378403621505 3.032539866840512
cell 74.37762449411633 130.4663809217301 0.0 2.23606797749979 0.4472135954999579 1 0 0 0.9563239932631824 -0.2923087749438264 3.7348729902895665
cell 90.9593637934575 59.980793623112355 0.0 1.0 1.0 1 0 0 0.0 1.0 0
cell 54.78830764417476 3.065177194205786 0.0 1.0 1.0 1 0 0 0.0 1.0 0
cell 98.55606957520614 26.000041497623418 0.0 1.0 1.0 1 0 0 0.0 1.0 0
cell 58.613708939424576 100.18977447644961 0.0 2.23606797749979 0.4472135954999579 1 0 0 0.9995442618166073 -0.03018722692619487 3.2019762807624317
cell 12.395079486278425 46.3016425983517 0.0 1.0 1.0 1 0 0 0.0 1.0 0
cell 187.68329980729843 131.90141887024174 0.0 2.23606797749979 0.4472135954999579 1 0 0 -0.19297782262423202 -0.9812031186126604 0.38839222937154894
cell 131.47548753239028 48.88735828507671 0.0 1.0 1.0 1 0 0 0.0 1.0 0
cell 77.81176077434422 101.52420797113632 0.0 1.0 1.0 1 0 0 0.0 1.0 0
cell 26.295094870383828 16.760309444391584 0.0 2.23606797749979 0.4472135954999579 1 0 0 -0.05997608469430028 -0.9981998142980903 0.12002419998539882
cell 95.73058248827262 58.39091963888224 0.0 1.0 1.0 1 0 0 0.0 1.0 0
cell 16.55532193990294 31.767819850366777 0.0 2.23606797749979 0.4472135954999579 1 0 0 0.26146012633270593 -0.9652142779394042 5.7541160230919814
cell 125.53149361561212 184.3710734583744 0.0 2.23606797749979 0.4472135954999579 1 0 0 0.9957309544190683 -0.09230312243738643 3.326462045365181
cell 173.0282583344939 61.7002105163873 0.0 2.23606797749979 0.4472135954999579 1 0 0 0.32811512690536454 -0.9446377419391396 5.614570222596344
cell 75.40548998651994 47.8863901969499 0.0 1.0 1.0 1 0 0 0.0 1.0 0
cell 106.01049394247737 111.90001954771608 0.0 1.0 1.0 1 0 0 0.0 1.0 0
cell 65.26048320250327 87.49097815661844 0.0 1.0 1.0 1 0 0 0.0 1.0 0
cell 54.85945689656245 116.35214289587167 0.0 2.23606797749979 0.4472135954999579 1 0 0 0.9996331371366809 -0.027084887636422472 3.195769054127828
cell 91.78959620715645 181.09537041932558 0.0 2.23606797749979 0.4472135954999579 1 0 0 0.9245166428836514 0.3811416757993581 2.3595309095784174
cell 2.802016191697877 115.10159771011483 0.0 2.23606797749979 0.4472135954999579 1 0 0 0.9501524248512476 -0.31178577509131855 3.775736485670538
cell 125.87478900030241 183.87063358650644 0.0 2.23606797749979 0.4472135954999579 1 0 0 0.9982992170286524 -0.05829814130810181 3.2582550828659618
cell 65.91166119653055 55.509109729118656 0.0 2.23606797749979 0.4472135954999579 1 0 0 0.27576177352977155 0.9612260110191125 0.5587642287956222
cell 158.14543885973757 59.46571581213857 0.0 1.0 1.0 1 0 0 0.0 1.0 0
cell 116.49978293189413 145.2908791119572 0.0 1.0 1.0 1 0 0 0.0 1.0 0
cell 140.43268656053849 163.3159303585154 0.0 1.0 1.0 1 0 0 0.0 1.0 0
cell 109.66482347709808 17.008861772878856 0.0 1.0 1.0 1 0 0 0.0 1.0 0
cell 97.28548780680357 110.42952344226154 0.0 2.23606797749979 0.4472135954999579 1 0 0 0.6848380638051351 -0.7286952904771882 4.774422411079394
cell 72.60973857101635 131.3696039520078 0.0 2.23606797749979 0.4472135954999579 1 0 0 0.8910239085109304 -0.4539563794704345 4.083993862267365
cell 151.6263003842784 178.65507462897656 0.0 2.23606797749979 0.4472135954999579 1 0 0 0.9834707305085303 0.18106717602320377 2.7774497431436536
cell 119.90412848219145 55.49855880347925 0.0 1.0 1.0 1 0 0 0.0 1.0 0
cell 27.30768888556903 60.413011716481556 0.0 2.23606797749979 0.4472135954999579 1 0 0 0.16444729539092293 -0.9863858712687498 5.9527900030796115
cell 23.634645363854013 147.68816965407277 0.0 2.23606797749979 0.4472135954999579 1 0 0 -0.9583296141871424 -0.28566475206423847 2.562192626489317
cell 54.8654315759343 69.34760894467233 0.0 1.0 1.0 1 0 0 0.0 1.0 0
cell 43.29796130464083 140.53525711867985 0.0 2.23606797749979 0.4472135954999579 1 0 0 0.9243848215782821 0.38146127147547704 2.358839481335044
cell 89.11733523297615 72.09096679492963 0.0 2.23606797749979 0.4472135954999579 1 0 0 -0.2916932303839429 -0.956511923265037 0.591993149370599
cell 166.79233993301605 140.39774814758238 0.0 2.23606797749979 0.4472135954999579 1 0 0 0.4373526452694443 -0.8992900887232216 5.377879844203743
cell 138.8299321822127 116.0935883546412 0.0 1.0 1.0 1 0 0 0.0 1.0 0
cell 126.13552232340678 37.47482135497579 0.0 1.0 1.0 1 0 0 0.0 1.0 0
cell 72.4913740740759 109.68077489940967 0.0 1.0 1.0 1 0 0 0.0 1.0 0
cell 24.512610848794235 11.281793651104545 0.0 2.23606797749979 0.4472135954999579 1 0 0 0.13421565078021722 0.9909521477274484 0.26924381852311347
cell 65.65092461745276 1.4167002485010045 0.0 2.23606797749979 0.4472135954999579 1 0 0 0.5548082777613169 0.8319782298398928 1.176265014026003
cell 88.56893586263458 184.34972786624965 0.0 2.23606797749979 0.4472135954999579 1 0 0 0.9250426132705096 0.3798633486316709 2.3622955184113272
cell 121.50895118732421 54.95766848923719 0.0 1.0 1.0 1 0 0 0.0 1.0 0
cell 107.73239594526491 65.5058283355784 0.0 1.0 1.0 1 0 0 0.0 1.0 0
cell 18.17465309367495 139.0538763251076 0.0 1.0 1.0 1 0 0 0.0 1.0 0
cell 96.86485010217115 118.76657948043972 0.0 2.23606797749979 0.4472135954999579 1 0 0 0.7142056342025557 -0.6999359342635048 4.692208234749099
cell 95.82914889929165 63.69005072826483 0.0 1.0 1.0 1 0 0 0.0 1.0 0
cell 124.60566763130446 125.52084386924902 0.0 1.0 1.0 1 0 0 0.0 1.0 0
cell 123.2360939393052 130.17109852916428 0.0 1.0 1.0 1 0 0 0.0 1.0 0
cell 137.99378184250122 4.343090843305715 0.0 1.0 1.0 1 0 0 0.0 1.0 0
cell 168.6875264554146 77.00825084706752 0.0 2.23606797749979 0.4472135954999579 1 0 0 0.9870367855382808 0.16049418679272415 2.819210034044792
cell 64.97647946977045 184.24044804396877 0.0 2.23606797749979 0.4472135954999579 1 0 0 0.5480249920728288 0.8364619585274491 1.1600025232002684
cell 117.78013489673508 158.14085816016853 0.0 1.0 1.0 1 0 0 0.0 1.0 0
cell 149.79054349494086 177.37872513779305 0.0 1.0 1.0 1 0 0 0.0 1.0 0
cell 14.124647260913589 39.64308333445477 0.0 1.0 1.0 1 0 0 0.0 1.0 0
cell 125.4787035427945 61.31921439744964 0.0 1.0 1.0 1 0 0 0.0 1.0 0
cell 100.42710129855725 91.2181736965705 0.0 1.0 1.0 1 0 0 0.0 1.0 0
cell 141.28726617873085 123.93115660234176 0.0 1.0 1.0 1 0 0 0.0 1.0 0
cell 143.14155408667114 137.76927486030917 0.0 1.0 1.0 1 0 0 0.0 1.0 0
cell 64.38293388549926 79.96335074338695 0.0 1.0 1.0 1 0 0 0.0 1.0 0
cell 171.88685808262431 120.26817633189711 0.0 2.23606797749979 0.4472135954999579 1 0 0 -0.12720357995713763 0.9918766300533994 6.028087019870538
cell 40.20139772588936 126.79527203633751 0.0 2.23606797749979 0.4472135954999579 1 0 0 0.6274765130881186 0.7786354895089076 1.3566161067412459
cell 79.83389994478905 91.50520935717924 0.0 1.0 1.0 1 0 0 0.0 1.0 0
cell 72.75000585342673 70.1655364129699 0.0 2.23606797749979 0.4472135954999579 1 0 0 -0.2540638116761035 -0.9671874583536583 0.5137592615400575
cell 130.15536889458969 94.8290875286815 0.0 2.23606797749979 0.4472135954999579 1 0 0 0.2251460874578322 0.9743250172824416 0.45418594134348006
cell 122.79871971531185 158.41844702584916 0.0 1.0 1.0 1 0 0 0.0 1.0 0
cell 84.23648624801305 76.24077811932227 0.0 2.23606797749979 0.4472135954999579 1 0 0 -0.17170874203124334 -0.9851477594300502 0.34512782236354145
cell 153.9491456200937 166.9874995932259 0.0 1.0 1.0 1 0 0 0.0 1.0 0
cell 122.93625744602947 187.6401806170816 0.0 1.0 1.0 1 0 0 0.0 1.0 0
cell 31.520342088313424 105.61933764085174 0.0 2.23606797749979 0.4472135954999579 1 0 0 0.8491299160102044 0.5281840453255884 2.02867158770738
cell 28.28808587524032 31.105405737117596 0.0 1.0 1.0 1 0 0 0.0 1.0 0
cell 130.23248291305174 45.17841199303222 0.0 1.0 1.0 1 0 0 0.0 1.0 0
cell 161.80965905979969 40.04583928741581 0.0 1.0 1.0 1 0 0 0.0 1.0 0
cell 94.90821700348857 145.9237661701113 0.0 2.23606797749979 0.4472135954999579 1 0 0 0.37580689244060295 -0.9266979980522981 5.512650629718073
cell 21.59198700665716 46.92123937889991 0.0 2.23606797749979 0.4472135954999579 1 0 0 0.8663587645917648 0.49942215711262866 2.0957293165392024
cell 105.5118832159257 49.87758354156461 0.0 1.0 1.0 1 0 0 0.0 1.0 0
cell 92.04196351106646 154.35027983429367 0.0 2.23606797749979 0.4472135954999579 1 0 0 0.15814233422064847 0.9874163266460834 0.3176180567498048
cell 178.00877227012828 71.01241470210542 0.0 2.23606797749979 0.4472135954999579 1 0 0 0.9904818667182448 0.13764327699652196 2.8654293559978528
cell 79.88973735662971 172.75424350317195 0.0 1.0 1.0 1 0 0 0.0 1.0 0
cell 95.96710885196549 44.85874239325404 0.0 1.0 1.0 1 0 0 0.0 1.0 0
cell 100.48138149813076 61.1616865310805 0.0 1.0 1.0 1 0 0 0.0 1.0 0
cell 129.0450883643974 98.31905812048218 0.0 2.23606797749979 0.4472135954999579 1 0 0 0.23088882677422656 0.9729801383742739 0.4659821873536563
cell 92.79649184700455 45.874580344202585 0.0 1.0 1.0 1 0 0 0.0 1.0 0
cell 183.80702888200017 80.13330969446555 0.0 2.23606797749979 0.4472135954999579 1 0 0 0.9977498822301387 -0.06704604768175565 3.27578541389785
cell 94.24049968841636 22.328837155200876 0.0 1.0 1.0 1 0 0 0.0 1.0 0
cell 30.071103455046025 26.989726618368305 0.0 1.0 1.0 1 0 0 0.0 1.0 0
cell 63.27971560334574 30.991814241214506 0.0 1.0 1.0 1 0 0 0.0 1.0 0
cell 92.06256566543556 15.95982040056841 0.0 1.0 1.0 1 0 0 0.0 1.0 0
cell 160.39872611615056 52.86556525482304 0.0 1.0 1.0 1 0 0 0.0 1.0 0
cell 121.55646245015885 160.06378688421455 0.0 1.0 1.0 1 0 0 0.0 1.0 0
cell 95.96640549762085 52.94094396867823 0.0 1.0 1.0 1 0 0 0.0 1.0 0
cell 139.99716230895092 39.85697854875358 0.0 1.0 1.0 1 0 0 0.0 1.0 0
cell 142.4743527293867 55.2110611956443 0.0 1.0 1.0 1 0 0 0.0 1.0 0
cell 135.36342098291033 134.4047434052558 0.0 1.0 1.0 1 0 0 0.0 1.0 0
cell 65.78593214186986 62.40822391612315 0.0 2.23606797749979 0.4472135954999579 1 0 0 -0.2731486168230269 -0.9619718463279823 0.5533292079762901
cell 19.17848767708676 57.7621859666503 0.0 1.0 1.0 1 0 0 0.0 1.0 0
cell 150.71802913534887 90.63605718952624 0.0 1.0 1.0 1 0 0 0.0 1.0 0
cell 116.98064592195776 161.45625431483091 0.0 1.0 1.0 1 0 0 0.0 1.0 0
cell 136.38161519783836 170.2056547648313 0.0 1.0 1.0 1 0 0 0.0 1.0 0
cell 163.22477198160246 87.9607695121063 0.0 1.0 1.0 1 0 0 0.0 1.0 0
cell 105.8614807909741 95.75943488827131 0.0 1.0 1.0 1 0 0 0.0 1.0 0
cell 92.99826967528605 21.528114043482375 0.0 1.0 1.0 1 0 0 0.0 1.0 0
cell 107.9318388866505 181.2330946491157 0.0 1.0 1.0 1 0 0 0.0 1.0 0
cell 51.601981423741485 70.41772825237832 0.0 1.0 1.0 1 0 0 0.0 1.0 0
cell 24.467210917443822 136.64733007418985 0.0 2.23606797749979 0.4472135954999579 1 0 0 0.7115327033690817 0.7026529812334723 1.5833542327854495
cell 148.70824773558732 157.2948704111539 0.0 2.23606797749979 0.4472135954999579 1 0 0 0.5819396305695418 0.813231988040673 1.2422234998048758
cell 76.11113429253757 104.44661755453006 0.0 1.0 1.0 1 0 0 0.0 1.0 0
cell 12.087898144929808 142.19046067648532 0.0 1.0 1.0 1 0 0 0.0 1.0 0
cell 43.86642568759727 40.32046909404954 0.0 1.0 1.0 1 0 0 0.0 1.0 0
cell 114.5608140161615 111.48228533850498 0.0 1.0 1.0 1 0 0 0.0 1.0 0
cell 89.19042702037682 6.440053156984593 0.0 1.0 1.0 1 0 0 0.0 1.0 0
cell 98.64211123569233 47.28109587448438 0.0 1.0 1.0 1 0 0 0.0 1.0 0
cell 71.67870849664793 72.71014741363378 0.0 1.0 1.0 1 0 0 0.0 1.0 0
cell 59.38039630955899 10.612114091893998 0.0 1.0 1.0 1 0 0 0.0 1.0 0
cell 163.80548739035154 34.387303496764154 0.0 2.23606797749979 0.4472135954999579 1 0 0 -0.11705077051061943 0.9931259321570807 6.048545876914103
cell 25.869334739439367 50.50986491162273 0.0 1.0 1.0 1 0 0 0.0 1.0 0
cell 53.85971044937501 27.52334706995841 0.0 2.23606797749979 0.4472135954999579 1 0 0 0.8654582278748266 0.5009810932597804 2.092128622625566
cell 149.76232477329316 145.26040262646677 0.0 1.0 1.0 1 0 0 0.0 1.0 0
cell 85.41272091943198 71.02658704279328 0.0 2.23606797749979 0.4472135954999579 1 0 0 -0.34156052128839304 -0.9398597822532897 0.6971535487071154
cell 186.82644173788677 142.23089344611586 0.0 2.23606797749979 0.4472135954999579 1 0 0 0.67112586357449 -0.7413434259784024 4.811732455800737
cell 59.3894266219467 48.0969892657145 0.0 1.0 1.0 1 0 0 0.0 1.0 0
cell 150.52396009426718 143.4332843410321 0.0 1.0 1.0 1 0 0 0.0 1.0 0
cell 38.8867019963229 3.1252867734162373 0.0 1.0 1.0 1 0 0 0.0 1.0 0
cell 43.99231825530706 61.49597017748689 0.0 1.0 1.0 1 0 0 0.0 1.0 0
cell 127.81904540326477 43.05077293627989 0.0 1.0 1.0 1 0 0 0.0 1.0 0
cell 100.4809619410499 32.59025477039844 0.0 1.0 1.0 1 0 0 0.0 1.0 0
cell 93.20361856832415 165.64834272135087 0.0 2.23606797749979 0.4472135954999579 1 0 0 0.5632977827915405 0.8262539608995133 1.1967432821663107
cell 120.3200110011267 24.1737793772057 0.0 1.0 1.0 1 0 0 0.0 1.0 0
cell 133.96208200370634 36.208402746304735 0.0 1.0 1.0 1 0 0 0.0 1.0 0
cell 86.14189829405602 69.11279958861383 0.0 2.23606797749979 0.4472135954999579 1 0 0 -0.3468938454070081 -0.937904398123145 0.7085145275415234
cell 56.14970116681085 54.324743509782564 0.0 2.23606797749979 0.4472135954999579 1 0 0 -0.01700544451414259 -0.9998553969734205 0.034012528482277204
cell 125.28916194972804 185.0115967834063 0.0 2.23606797749979 0.4472135954999579 1 0 0 0.9950793388963908 -0.09908132670449012 3.3400809785169527
cell 51.98937419950859 35.169979521165295 0.0 2.23606797749979 0.4472135954999579 1 0 0 0.9407184990593204 0.3391883039368831 2.4494848211218923
cell 126.26997360319866 6.219006273617303 0.0 1.0 1.0 1 0 0 0.0 1.0 0
cell 86.04101091048835 104.93864988397497 0.0 1.0 1.0 1 0 0 0.0 1.0 0
cell 51.11916079871786 68.45121576614751 0.0 1.0 1.0 1 0 0 0.0 1.0 0
cell 74.15621994698573 182.93218184955415 0.0 2.23606797749979 0.4472135954999579 1 0 0 0.8630855484158851 0.5050577552277075 2.082694891260632
cell 77.64350817808808 99.55877492082894 0.0 1.0 1.0 1 0 0 0.0 1.0 0
cell 71.68320718771308 168.62741660216116 0.0 1.0 1.0 1 0 0 0.0 1.0 0
cell 156.0480886758666 80.61614891947059 0.0 1.0 1.0 1 0 0 0.0 1.0 0
cell 155.88565744674142 155.0208854852333 0.0 2.23606797749979 0.4472135954999579 1 0 0 0.6946324640594435 0.7193648169563939 1.5358177147405982
cell 98.2435978901167 78.11210817716784 0.0 2.23606797749979 0.4472135954999579 1 0 0 -0.20969595849812372 -0.9777666413769459 0.422527988612317
cell 163.40193283570997 91.49932618979608 0.0 1.0 1.0 1 0 0 0.0 1.0 0
cell 139.13624870279142 137.23699149983116 0.0 1.0 1.0 1 0 0 0.0 1.0 0
cell 7.69562947353609 17.4018450578601 0.0 2.23606797749979 0.4472135954999579 1 0 0 -0.32555220865042883 0.9455240660304886 5.619993920553759
cell 119.56117602878203 125.36794058335651 0.0 1.0 1.0 1 0 0 0.0 1.0 0
cell 89.59414803293511 48.90540804773506 0.0 1.0 1.0 1 0 0 0.0 1.0 0
cell 120.44170286999598 15.334578013683803 0.0 1.0 1.0 1 0 0 0.0 1.0 0
cell 64.10689354755559 50.450616109169026 0.0 1.0 1.0 1 0 0 0.0 1.0 0
cell 163.60281319999024 69.25558885683171 0.0 1.0 1.0 1 0 0 0.0 1.0 0
cell 155.14019506806218 73.16245122144502 0.0 2.23606797749979 0.4472135954999579 1 0 0 0.9032678521808349 -0.42907713434372297 4.028534317882954
cell 128.49219831047753 185.18502785334067 0.0 2.23606797749979 0.4472135954999579 1 0 0 0.9992230067640419 -0.039412976967332244 3.220439029616071
cell 116.29846968787236 164.73803901514657 0.0 1.0 1.0 1 0 0 0.0 1.0 0
cell 36.83584283806128 57.94966247986129 0.0 1.0 1.0 1 0 0 0.0 1.0 0
cell 170.95140664230587 46.544138623340025 0.0 2.23606797749979 0.4472135954999579 1 0 0 0.4725538337737118 -0.881301806525873 5.298812644580708
cell 109.29511819743578 39.886534245552895 0.0 1.0 1.0 1 0 0 0.0 1.0 0
cell 165.2386485203939 146.97504557269127 0.0 2.23606797749979 0.4472135954999579 1 0 0 0.8886689476931742 -0.45854934457035973 4.094316890506888
cell 94.36612459831811 132.6643940729365 0.0 2.23606797749979 0.4472135954999579 1 0 0 0.8895630010257428 -0.45681250771632154 4.0904100069240465
cell 43.73040000137182 6.644721811352531 0.0 1.0 1.0 1 0 0 0.0 1.0 0
cell 78.37336234748308 150.96321140837549 0.0 2.23606797749979 0.4472135954999579 1 0 0 0.4220996141307818 -0.9065494557665594 5.411665057217162
cell 170.24068635688067 104.77835206431072 0.0 2.23606797749979 0.4472135954999579 1 0 0 0.9825548912398034 -0.18597280903599345 3.5157163552884487
cell 129.3793079877366 176.42258257221073 0.0 1.0 1.0 1 0 0 0.0 1.0 0
cell 47.40009714210518 13.9004962629647 0.0 1.0 1.0 1 0 0 0.0 1.0 0
cell 43.37700236701104 12.630089050839018 0.0 2.23606797749979 0.4472135954999579 1 0 0 0.42807002728855037 0.9037455680318326 0.8847123350814755
cell 148.6066133692756 7.308091489933755 0.0 1.0 1.0 1 0 0 0.0 1.0 0
cell 113.97144988842732 10.618439998143234 0.0 1.0 1.0 1 0 0 0.0 1.0 0
cell 143.83767043414008 5.492338396001665 0.0 1.0 1.0 1 0 0 0.0 1.0 0
cell 74.83009637052417 13.85463394464186 0.0 2.23606797749979 0.4472135954999579 1 0 0 0.9023476013919214 0.43100905589354643 2.2503711836297455
cell 117.60863026224693 15.369613907102261 0.0 1.0 1.0 1 0 0 0.0 1.0 0
cell 86.36578086078916 60.2262413709202 0.0 1.0 1.0 1 0 0 0.0 1.0 0
cell 0.31592348293394246 179.3509229094109 0.0 2.23606797749979 0.4472135954999579 1 0 0 0.06786460793729661 -0.9976945399216721 6.147351688924219
cell 71.16284160910095 181.64266488531365 0.0 1.0 1.0 1 0 0 0.0 1.0 0
cell 18.709404610027615 84.54235346028368 0.0 2.23606797749979 0.4472135954999579 1 0 0 0.828744688040873 0.5596268775211177 1.9537216427155486
cell 44.92044771440097 24.358855812282606 0.0 1.0 1.0 1 0 0 0.0 1.0 0
cell 105.14289089758476 8.963550167068611 0.0 1.0 1.0 1 0 0 0.0 1.0 0
cell 149.41425749857612 2.85270148029728 0.0 1.0 1.0 1 0 0 0.0 1.0 0
cell 6.788664204755681 135.906992032929 0.0 2.23606797749979 0.4472135954999579 1 0 0 -0.20743250609683683 -0.9782493319263682 0.4178992914607891
cell 154.2231232619894 64.63279313735148 0.0 1.0 1.0 1 0 0 0.0 1.0 0
cell 137.29645696291888 169.17783047461475 0.0 1.0 1.0 1 0 0 0.0 1.0 0
cell 159.2956478022943 10.464994584283458 0.0 1.0 1.0 1 0 0 0.0 1.0 0
cell 142.5252808549868 160.9885080730282 0.0 1.0 1.0 1 0 0 0.0 1.0 0
cell 15.157261346990094 85.8721621345178 0.0 2.23606797749979 0.4472135954999579 1 0 0 0.8512126733244626 0.5248209073310836 2.0365832488747238
cell 106.38840577596223 8.165365336103498 0.0 1.0 1.0 1 0 0 0.0 1.0 0
cell 137.02487190740285 141.69452604171292 0.0 1.0 1.0 1 0 0 0.0 1.0 0
cell 76.5275164016422 37.86543829203375 0.0 1.0 1.0 1 0 0 0.0 1.0 0
cell 114.95880441014128 53.32604057459895 0.0 1.0 1.0 1 0 0 0.0 1.0 0
cell 84.9289358728808 41.23708960608723 0.0 1.0 1.0 1 0 0 0.0 1.0 0
cell 42.13257494662781 122.44046882311328 0.0 2.23606797749979 0.4472135954999579 1 0 0 0.6628213267037938 0.74877759639737 1.4491608340979123
cell 145.6644621599625 125.5184993451737 0.0 1.0 1.0 1 0 0 0.0 1.0 0
cell 60.68850849517631 17.155025050143024 0.0 2.23606797749979 0.4472135954999579 1 0 0 0.8444348280362073 0.5356583063852003 2.0110183800344004
cell 71.50537436298694 178.24727203336312 0.0 1.0 1.0 1 0 0 0.0 1.0 0
cell 77.71124847425347 3.7895298390713807 0.0 2.23606797749979 0.4472135954999579 1 0 0 0.9048330771281542 0.4257664882712068 2.2619750104707044
cell 129.9515066346188 67.39349717258443 0.0 1.0 1.0 1 0 0 0.0 1.0 0
cell 134.7353473762089 175.67379202617397 0.0 2.23606797749979 0.4472135954999579 1 0 0 -0.9383897943973603 -0.34557863616097567 2.4358819699995387
cell 104.86793144124219 61.23955044549498 0.0 1.0 1.0 1 0 0 0.0 1.0 0
cell 107.68652978885679 0.5240808550400903 0.0 1.0 1.0 1 0 0 0.0 1.0 0
cell 104.93455180864449 38.36243461386326 0.0 1.0 1.0 1 0 0 0.0 1.0 0
cell 116.14217176791581 110.4680413605054 0.0 1.0 1.0 1 0 0 0.0 1.0 0
cell 127.80084837092669 125.44524229818695 0.0 1.0 1.0 1 0 0 0.0 1.0 0
cell 60.91613699007126 166.54420197032692 0.0 2.23606797749979 0.4472135954999579 1 0 0 0.6755204085322438 -0.7373412898084784 4.799844777588227
cell 24.60317753566562 3.904891049303694 0.0 2.23606797749979 0.4472135954999579 1 0 0 0.12840620494255434 0.9917216577912629 0.2575234251919195
cell 106.2193181066269 66.92684066175022 0.0 1.0 1.0 1 0 0 0.0 1.0 0
cell 122.51390270181241 179.16786861977837 0.0 2.23606797749979 0.4472135954999579 1 0 0 0.9999891587439319 0.004656435826193404 3.1322797482828517
cell 134.3498302868116 27.150436475302886 0.0 1.0 1.0 1 0 0 0.0 1.0 0
cell 121.28798900239103 52.55056282474622 0.0 1.0 1.0 1 0 0 0.0 1.0 0
cell 108.36931773519342 55.04303149235146 0.0 1.0 1.0 1 0 0 0.0 1.0 0
cell 16.18502831234615 39.541641163430675 0.0 1.0 1.0 1 0 0 0.0 1.0 0
cell 58.992272120472116 187.18235113768347 0.0 1.0 1.0 1 0 0 0.0 1.0 0
cell 179.93155956455314 183.81626248037546 0.0 2.23606797749979 0.4472135954999579 1 0 0 0.9914242778440004 0.13068244450385172 2.8794780613620987
cell 119.52495464980167 158.43545640832042 0.0 1.0 1.0 1 0 0 0.0 1.0 0
cell 66.92418262774932 73.49381304345087 0.0 1.0 1.0 1 0 0 0.0 1.0 0
cell 98.51334039553981 62.348932385163856 0.0 1.0 1.0 1 0 0 0.0 1.0 0
cell 82.65546440763521 43.644706253399924 0.0 1.0 1.0 1 0 0 0.0 1.0 0
cell 122.23590988228563 136.5869237016279 0.0 1.0 1.0 1 0 0 0.0 1.0 0
cell 134.7412348319533 83.11299767279283 0.0 1.0 1.0 1 0 0 0.0 1.0 0
cell 72.32392631019219 88.6531431058061 0.0 1.0 1.0 1 0 0 0.0 1.0 0
cell 32.82873498726453 88.55279953691925 0.0 2.23606797749979 0.4472135954999579 1 0 0 0.9806213734285748 0.19591253654387603 2.747216786553403
cell 105.33324605338937 89.4956174601701 0.0 1.0 1.0 1 0 0 0.0 1.0 0
cell 116.49503443314005 147.25424589345553 0.0 1.0 1.0 1 0 0 0.0 1.0 0
cell 132.9047056321743 86.83294770507244 0.0 1.0 1.0 1 0 0 0.0 1.0 0
cell 108.60877916574313 158.96290938562876 0.0 1.0 1.0 1 0 0 0.0 1.0 0
cell 126.89999453743022 44.5347454993234 0.0 1.0 1.0 1 0 0 0.0 1.0 0
cell 111.97942874945716 53.890945182383504 0.0 1.0 1.0 1 0 0 0.0 1.0 0
cell 86.30604723372709 147.32578779831795 0.0 2.23606797749979 0.4472135954999579 1 0 0 0.23027664710916854 -0.973125205611364 5.818461386027722
cell 52.35308188677334 22.230159328166142 0.0 1.0 1.0 1 0 0 0.0 1.0 0
cell 89.41214176007608 96.6584150259433 0.0 1.0 1.0 1 0 0 0.0 1.0 0
cell 153.93706959867086 66.49150329764973 0.0 1.0 1.0 1 0 0 0.0 1.0 0
cell 22.892696426649383 29.164591583932868 0.0 2.23606797749979 0.4472135954999579 1 0 0 -0.197709373591824 0.980260681448526 5.885144076302356
cell 107.5767907878668 92.70072759035651 0.0 1.0 1.0 1 0 0 0.0 1.0 0
cell 117.20326805081204 101.43251798729617 0.0 1.0 1.0 1 0 0 0.0 1.0 0
cell 63.2044757092209 181.5595146883962 0.0 2.23606797749979 0.4472135954999579 1 0 0 0.5175090090687338 0.8556777579981247 1.0878744945816725
cell 44.455353873976236 73.03899538654869 0.0 1.0 1.0 1 0 0 0.0 1.0 0
cell 114.9929889819132 152.2776630113344 0.0 1.0 1.0 1 0 0 0.0 1.0 0
cell 39.30609392771239 24.665473280740937 0.0 2.23606797749979 0.4472135954999579 1 0 0 -0.3394876109982794 -0.9406105261896025 0.6927442061268501
cell 110.82128044807497 101.72027229057568 0.0 1.0 1.0 1 0 0 0.0 1.0 0
cell 170.60380186885362 86.82929739437763 0.0 2.23606797749979 0.4472135954999579 1 0 0 0.7764348760217402 -0.6301974954703525 4.505207748069934
cell 115.05704250363833 120.92568537549812 0.0 1.0 1.0 1 0 0 0.0 1.0 0
cell 147.59349737057497 91.68733890495862 0.0 1.0 1.0 1 0 0 0.0 1.0 0
cell 65.54317354747373 165.59645060839185 0.0 2.23606797749979 0.4472135954999579 1 0 0 0.3154562556219696 -0.9489401197067002 5.641310464894482
cell 70.55992910153653 110.12821373746033 0.0 1.0 1.0 1 0 0 0.0 1.0 0
cell 46.15561163779313 22.93547595745754 0.0 1.0 1.0 1 0 0 0.0 1.0 0
cell 77.47224186974026 60.75625324196884 0.0 2.23606797749979 0.4472135954999579 1 0 0 0.5266254759612284 0.8500974109292473 1.1092521773174107
cell 32.53984810111522 146.46911831144328 0.0 2.23606797749979 0.4472135954999579 1 0 0 0.9825570091741982 0.18596161895040214 2.767491729394218
cell 174.40958832903638 94.8497597523314 0.0 2.23606797749979 0.4472135954999579 1 0 0 0.005105841789751245 -0.9999869651048547 6.272973579230444
cell 116.96242082234528 31.93003163847931 0.0 1.0 1.0 1 0 0 0.0 1.0 0
cell 57.384771832139656 8.380111350771779 0.0 1.0 1.0 1 0 0 0.0 1.0 0
cell 5.6211440434159154 25.445718571406225 0.0 2.23606797749979 0.4472135954999579 1 0 0 0.43272401382199904 -0.9015264432404512 5.388161005382427
cell 145.11261861203403 56.19310708399634 0.0 1.0 1.0 1 0 0 0.0 1.0 0
cell 14.60708710250924 51.78978516648753 0.0 2.23606797749979 0.4472135954999579 1 0 0 0.8155121837566439 0.5787399054363452 1.9072272841709494
cell 118.63587649445448 3.0119335564489753 0.0 1.0 1.0 1 0 0 0.0 1.0 0
cell 129.8261235648603 60.54806145554461 0.0 1.0 1.0 1 0 0 0.0 1.0 0
cell 80.59427306617829 85.45934901972787 0.0 1.0 1.0 1 0 0 0.0 1.0 0
cell 178.74210477728712 22.938567084728202 0.0 2.23606797749979 0.4472135954999579 1 0 0 0.14893951939291902 -0.9888463073516562 5.9841938198955935
cell 107.91966279249503 20.831195916397657 0.0 1.0 1.0 1 0 0 0.0 1.0 0
cell 89.29159355635083 55.64823809240167 0.0 1.0 1.0 1 0 0 0.0 1.0 0
cell 131.78186153754407 180.61246873209956 0.0 2.23606797749979 0.4472135954999579 1 0 0 0.994701599141466 0.10280432221171538 2.9356201054669966
cell 109.25386509315408 61.06913212942942 0.0 1.0 1.0 1 0 0 0.0 1.0 0
cell 123.60430545436698 164.06925454485068 0.0 1.0 1.0 1 0 0 0.0 1.0 0
cell 10.670760201724312 6.655128046667419 0.0 2.23606797749979 0.4472135954999579 1 0 0 -0.1354758611546403 0.9907806472900087 6.011397835530842
cell 171.8461635670315 84.49163759539732 0.0 2.23606797749979 0.4472135954999579 1 0 0 0.09151207917989156 0.9958039663328185 0.18328058063750394
cell 115.68834883052867 98.79087658687698 0.0 1.0 1.0 1 0 0 0.0 1.0 0
cell 184.53087584102755 114.32002625952748 0.0 2.23606797749979 0.4472135954999579 1 0 0 0.9050388409298805 -0.42532892731190813 4.020243242750184
cell 137.30921893915462 41.710123297622985 0.0 1.0 1.0 1 0 0 0.0 1.0 0
cell 148.6035949335401 97.09430315434601 0.0 1.0 1.0 1 0 0 0.0 1.0 0
cell 133.59758908615294 173.3635313854407 0.0 1.0 1.0 1 0 0 0.0 1.0 0
cell 23.087930153819975 9.432711276797892 0.0 2.23606797749979 0.4472135954999579 1 0 0 0.1302239541401672 0.9914846049072571 0.2611897078631087
cell 140.4556876780567 81.49430255055277 0.0 1.0 1.0 1 0 0 0.0 1.0 0
cell 158.32317950849534 147.4031701420779 0.0 1.0 1.0 1 0 0 0.0 1.0 0
cell 130.16500121361472 115.24237561465333 0.0 1.0 1.0 1 0 0 0.0 1.0 0
cell 87.78671784259927 46.11255270582954 0.0 1.0 1.0 1 0 0 0.0 1.0 0
cell 116.92035324169605 7.509657713922683 0.0 1.0 1.0 1 0 0 0.0 1.0 0
cell 122.6720861757124 119.74378522866057 0.0 1.0 1.0 1 0 0 0.0 1.0 0
cell 125.75383853565879 1.586251900489954 0.0 1.0 1.0 1 0 0 0.0 1.0 0
cell 80.92487770798736 133.95699926912468 0.0 2.23606797749979 0.4472135954999579 1 0 0 0.9744099769302927 -0.22477810582595997 3.59502327083104
cell 67.70735069562153 173.01685963265774 0.0 1.0 1.0 1 0 0 0.0 1.0 0
cell 79.38159039780847 100.06932133368375 0.0 1.0 1.0 1 0 0 0.0 1.0 0
cell 17.299713810444814 22.024136165065638 0.0 1.0 1.0 1 0 0 0.0 1.0 0
cell 28.93537883912867 65.40442256389613 0.0 1.0 1.0 1 0 0 0.0 1.0 0
cell 69.24683252719275 65.02472375373897 0.0 2.23606797749979 0.4472135954999579 1 0 0 -0.26934486599585405 -0.9630437908847528 0.5454253846448136
cell 142.81187695402238 15.826406593943648 0.0 1.0 1.0 1 0 0 0.0 1.0 0
cell 128.9398649110913 156.49407869905872 0.0 1.0 1.0 1 0 0 0.0 1.0 0
cell 94.7761967219239 4.1434293704974445 0.0 1.0 1.0 1 0 0 0.0 1.0 0
cell 142.29460613289305 151.46804341868355 0.0 2.23606797749979 0.4472135954999579 1 0 0 0.31172532548932236 0.9501722588291956 0.6340165915044478
cell 138.2124341944143 75.7274741927282 0.0 1.0 1.0 1 0 0 0.0 1.0 0
cell 126.59729702927456 66.92705093102455 0.0 1.0 1.0 1 0 0 0.0 1.0 0
cell 104.3828773976589 52.6867297756772 0.0 1.0 1.0 1 0 0 0.0 1.0 0
cell 77.9771475011938 164.95687326048989 0.0 1.0 1.0 1 0 0 0.0 1.0 0
cell 55.30448960791606 12.307544595686934 0.0 1.0 1.0 1 0 0 0.0 1.0 0
cell 159.376834161484 170.02920587481506 0.0 1.0 1.0 1 0 0 0.0 1.0 0
cell 50.98134944930347 100.18723283474193 0.0 2.23606797749979 0.4472135954999579 1 0 0 0.9638991298668623 -0.2662676612769671 3.6806302992519564
cell 131.10293018067603 66.37135188673723 0.0 1.0 1.0 1 0 0 0.0 1.0 0
cell 74.4737541186807 184.74430239150135 0.0 2.23606797749979 0.4472135954999579 1 0 0 0.8660634743640779 0.49993405402355034 2.0945473947547475
cell 86.2356068803145 9.192356049486596 0.0 1.0 1.0 1 0 0 0.0 1.0 0
cell 10.195752478952384 38.70166746069927 0.0 2.23606797749979 0.4472135954999579 1 0 0 0.5022165403786444 -0.8647418959262385 5.230865081970778
cell 15.892005655569672 1.2515286042055684 0.0 2.23606797749979 0.4472135954999579 1 0 0 -0.21525201581349862 0.9765585336723167 5.849285531686271
cell 29.634083682622688 149.93835727146308 0.0 2.23606797749979 0.4472135954999579 1 0 0 0.9998867603565744 -0.015048802730922928 3.171691395183805
cell 136.86110793012293 78.72823324602801 0.0 1.0 1.0 1 0 0 0.0 1.0 0
cell 105.34303802199503 91.08171803533493 0.0 1.0 1.0 1 0 0 0.0 1.0 0
cell 38.21928945280127 1.2386628330161735 0.0 1.0 1.0 1 0 0 0.0 1.0 0
cell 103.29974819909445 45.138788793813475 0.0 1.0 1.0 1 0 0 0.0 1.0 0
cell 98.88698618907922 142.55056760095133 0.0 2.23606797749979 0.4472135954999579 1 0 0 0.3985102202055141 -0.9171638917836619 5.463401430179519
cell 99.03713561737479 89.47801252218856 0.0 1.0 1.0 1 0 0 0.0 1.0 0
cell 117.41867245735409 37.0232042229896 0.0 1.0 1.0 1 0 0 0.0 1.0 0
cell 110.54198839922168 3.8658025239780645 0.0 1.0 1.0 1 0 0 0.0 1.0 0
cell 155.9675577389781 140.57689444037632 0.0 2.23606797749979 0.4472135954999579 1 0 0 0.9926508732819384 -0.12101340327668314 3.3842141037790086
cell 65.12411456872307 69.54483667365713 0.0 1.0 1.0 1 0 0 0.0 1.0 0
cell 158.75173482936435 154.80561308268656 0.0 1.0 1.0 1 0 0 0.0 1.0 0
cell 85.59042273475158 53.757033178906035 0.0 1.0 1.0 1 0 0 0.0 1.0 0
cell 146.43099015338666 145.73540467066988 0.0 1.0 1.0 1 0 0 0.0 1.0 0
cell 78.12417398519084 80.64032859312714 0.0 1.0 1.0 1 0 0 0.0 1.0 0
cell 18.18605057753011 59.248401791791956 0.0 1.0 1.0 1 0 0 0.0 1.0 0
cell 110.80238485147811 7.184670225227741 0.0 1.0 1.0 1 0 0 0.0 1.0 0
cell 129.8874598943848 31.945870600192755 0.0 1.0 1.0 1 0 0 0.0 1.0 0
cell 86.54744890254102 31.283750865006756 0.0 1.0 1.0 1 0 0 0.0 1.0 0
cell 62.43803133812322 177.57793272301194 0.0 2.23606797749979 0.4472135954999579 1 0 0 0.5039004968587553 0.8637617086126819 1.056217135676175
cell 43.11008398087817 186.05525457130585 0.0 2.23606797749979 0.4472135954999579 1 0 0 0.9007493268065321 0.4343393261697348 2.2429833023966155
cell 88.2353208123535 59.43787991998765 0.0 1.0 1.0 1 0 0 0.0 1.0 0
cell 89.72075304562644 30.81387153165235 0.0 1.0 1.0 1 0 0 0.0 1.0 0
cell 77.32729847365925 33.359232278449305 0.0 1.0 1.0 1 0 0 0.0 1.0 0
cell 48.67934763604332 14.794183675462026 0.0 1.0 1.0 1 0 0 0.0 1.0 0
cell 163.19973038497068 137.766587323735 0.0 2.23606797749979 0.4472135954999579 1 0 0 0.2677967044205004 0.9634754408398375 0.5422109630774571
cell 115.16424380271306 34.93835854488074 0.0 1.0 1.0 1 0 0 0.0 1.0 0
cell 68.41471613740738 15.677198526310976 0.0 2.23606797749979 0.4472135954999579 1 0 0 0.8999322909205215 0.43602966843844687 2.239228409237135
cell 184.25810564839352 12.781393363800968 0.0 2.23606797749979 0.4472135954999579 1 0 0 0.22597895666965873 -0.9741321836088224 5.827289563515132
cell 143.33444956952275 177.44137673066078 0.0 1.0 1.0 1 0 0 0.0 1.0 0
cell 91.71911479645563 83.4572141062245 0.0 1.0 1.0 1 0 0 0.0 1.0 0
cell 66.83282437256918 86.37633371885144 0.0 1.0 1.0 1 0 0 0.0 1.0 0
cell 123.52652924728287 85.30592573646466 0.0 2.23606797749979 0.4472135954999579 1 0 0 -0.28918728670720145 -0.957272538625718 0.5867554806687485
cell 29.601797075240913 150.63647784077278 0.0 2.23606797749979 0.4472135954999579 1 0 0 0.9967053433054596 -0.0811076977009329 3.3039864321110692
cell 19.347115764164823 156.10434289319056 0.0 2.23606797749979 0.4472135954999579 1 0 0 -0.009722218234744118 0.9999527381194553 6.263740564377429
cell 148.15794308948273 56.943091278867435 0.0 1.0 1.0 1 0 0 0.0 1.0 0
cell 90.89382954440347 13.477276971358034 0.0 1.0 1.0 1 0 0 0.0 1.0 0
cell 119.74236984763932 34.01199963887283 0.0 1.0 1.0 1 0 0 0.0 1.0 0
cell 61.735199621333756 3.3399455990419966 0.0 1.0 1.0 1 0 0 0.0 1.0 0
cell 70.42789955220861 13.17499944101343 0.0 1.0 1.0 1 0 0 0.0 1.0 0
cell 155.2321145932572 112.2251933132398 0.0 2.23606797749979 0.4472135954999579 1 0 0 0.4283603362606541 0.9036080025755966 0.8853548412835341
cell 144.89988288007234 85.23903304923716 0.0 1.0 1.0 1 0 0 0.0 1.0 0
cell 25.266829515469606 120.62263146232912 0.0 2.23606797749979 0.4472135954999579 1 0 0 -0.2950334643778842 -0.9554869203171668 0.5989810837139169
cell 142.14611337418017 178.46473481171242 0.0 1.0 1.0 1 0 0 0.0 1.0 0
cell 90.06606513551718 44.944891327045184 0.0 1.0 1.0 1 0 0 0.0 1.0 0
cell 144.74148866375955 46.72117563716889 0.0 2.23606797749979 0.4472135954999579 1 0 0 0.9960986490943443 0.08824670686446172 2.964869360171142
cell 74.92914197040568 121.80509255893118 0.0 2.23606797749979 0.4472135954999579 1 0 0 -0.1655728882464352 -0.9861975556032034 0.33267777837814716
cell 109.29872984487544 44.48767090945572 0.0 1.0 1.0 1 0 0 0.0 1.0 0
cell 131.44345758935864 91.28503648306078 0.0 2.23606797749979 0.4472135954999579 1 0 0 0.3345037849395417 0.9423944067433342 0.6821572674863945
cell 149.6055751091931 85.61383852049592 0.0 1.0 1.0 1 0 0 0.0 1.0 0
cell 114.39709918446631 18.989353813588938 0.0 1.0 1.0 1 0 0 0.0 1.0 0
cell 0.021200875847771142 136.49792557086576 0.0 2.23606797749979 0.4472135954999579 1 0 0 0.8411935387406948 -0.5407341586962185 4.284211899973464
cell 157.61611068264193 45.14510825791776 0.0 1.0 1.0 1 0 0 0.0 1.0 0
cell 91.80424351368644 75.17988044958172 0.0 2.23606797749979 0.4472135954999579 1 0 0 -0.26502497646838097 -0.9642415474599371 0.5364596498735006
cell 89.14847744399488 53.61782756089561 0.0 1.0 1.0 1 0 0 0.0 1.0 0
cell 101.48002130217606 14.529612459807717 0.0 1.0 1.0 1 0 0 0.0 1.0 0
cell 108.96881610668775 106.00200249929107 0.0 1.0 1.0 1 0 0 0.0 1.0 0
cell 93.54213330103389 100.05162060173215 0.0 1.0 1.0 1 0 0 0.0 1.0 0
cell 66.96080809562217 49.54428452124264 0.0 1.0 1.0 1 0 0 0.0 1.0 0
cell 172.886052515963 75.82201999967221 0.0 2.23606797749979 0.4472135954999579 1 0 0 0.9967874687427947 0.0800920854849729 2.9812367296761755
cell 23.174710355874485 31.92344933144869 0.0 1.0 1.0 1 0 0 0.0 1.0 0
cell 119.91255758812359 30.69116581623684 0.0 1.0 1.0 1 0 0 0.0 1.0 0
cell 103.3662996194128 61.22543135299635 0.0 1.0 1.0 1 0 0 0.0 1.0 0
cell 148.2168603089633 121.98180318200143 0.0 1.0 1.0 1 0 0 0.0 1.0 0
cell 116.86004244373265 177.93615859423576 0.0 2.23606797749979 0.4472135954999579 1 0 0 0.9980074789661934 0.06309573620731612 3.0153173012640004
cell 2.213202661507625 47.730065578493274 0.0 2.23606797749979 0.4472135954999579 1 0 0 0.7161731680989694 -0.6979226270118238 4.686578101195983
cell 137.4116209261668 129.60237995868997 0.0 1.0 1.0 1 0 0 0.0 1.0 0
cell 29.814567491183194 134.69603081709622 0.0 2.23606797749979 0.4472135954999579 1 0 0 0.8041342113946475 0.5944477858186608 1.8684351429373793
cell 93.63522097528997 12.246337695000719 0.0 1.0 1.0 1 0 0 0.0 1.0 0
cell 85.50027187288158 36.580156998250196 0.0 1.0 1.0 1 0 0 0.0 1.0 0
cell 186.87679674369855 60.39706980528956 0.0 2.23606797749979 0.4472135954999579 1 0 0 0.07707395054402168 -0.99702537888839 6.128884380131393
cell 75.62202137483816 69.29464641926444 0.0 2.23606797749979 0.4472135954999579 1 0 0 0.3166657500832629 0.9485371910073978 0.6444245313710403
cell 52.817464546274365 8.462923938397045 0.0 1.0 1.0 1 0 0 0.0 1.0 0
cell 159.99828428647447 73.38311052910306 0.0 2.23606797749979 0.4472135954999579 1 0 0 0.9846897131926398 0.1743162893495523 2.791169885157859
cell 161.3311906284071 103.77628197113755 0.0 1.0 1.0 1 0 0 0.0 1.0 0
cell 24.21896377545051 4.947955095948486 0.0 2.23606797749979 0.4472135954999579 1 0 0 -0.12014785249871264 -0.9927560090676599 0.24087762481854647
cell 161.85563905873886 173.50742006950037 0.0 2.23606797749979 0.4472135954999579 1 0 0 0.9204824954320374 0.39078379649520945 2.3386267634130826
cell 166.97694871190305 72.47666170439255 0.0 2.23606797749979 0.4472135954999579 1 0 0 0.9983552542001827 0.05733050157541437 3.0268687463180584
cell 22.66502222102296 110.44753761454608 0.0 2.23606797749979 0.4472135954999579 1 0 0 0.42550815329740516 0.9049545908372596 0.8790466701223782
cell 74.74980278019811 183.1740969183462 0.0 2.23606797749979 0.4472135954999579 1 0 0 0.8662449357076524 0.4996195666312972 2.095273564268143
cell 174.29114116604183 121.51540954408992 0.0 2.23606797749979 0.4472135954999579 1 0 0 0.9846140210676992 0.1747433246704901 2.790302501814568
cell 16.644649348017133 43.86373254358426 0.0 1.0 1.0 1 0 0 0.0 1.0 0
cell 59.72359310552884 157.55354054439096 0.0 2.23606797749979 0.4472135954999579 1 0 0 0.7895640135814097 -0.613668207142276 4.462988881544746
cell 138.99402186147907 121.87435022251819 0.0 1.0 1.0 1 0 0 0.0 1.0 0
cell 104.86040570743265 181.10115863738167 0.0 2.23606797749979 0.4472135954999579 1 0 0 0.9908866518667627 0.1346983413122704 2.87137460745017
cell 43.76565244580077 141.32822828741666 0.0 2.23606797749979 0.4472135954999579 1 0 0 0.9353271894066097 0.353783901211929 2.4183655303832987
cell 22.043819214892267 16.933050563451136 0.0 2.23606797749979 0.4472135954999579 1 0 0 0.07902411956231802 -0.9968727042744226 6.124972107156342
cell 99.28817634442429 156.84897768048623 0.0 2.23606797749979 0.4472135954999579 1 0 0 0.6108144888548882 0.7917737430635988 1.314177744294431
cell 95.99280078649664 24.714309538187795 0.0 1.0 1.0 1 0 0 0.0 1.0 0
cell 133.1761701147803 119.23680391599996 0.0 1.0 1.0 1 0 0 0.0 1.0 0
cell 96.70510407317087 94.8206477740784 0.0 1.0 1.0 1 0 0 0.0 1.0 0
cell 103.77940016336221 50.81722891369332 0.0 1.0 1.0 1 0 0 0.0 1.0 0
cell 28.136050527019687 161.33020041706624 0.0 2.23606797749979 0.4472135954999579 1 0 0 0.19263803431396323 0.9812698852689062 0.38769965769040704
cell 26.42740015329165 16.085097069909434 0.0 2.23606797749979 0.4472135954999579 1 0 0 0.05958037931333681 0.9982235112442899 0.11923137138894033
cell 86.56748855044667 41.38815920860452 0.0 1.0 1.0 1 0 0 0.0 1.0 0
cell 47.95073602801629 29.94782710038684 0.0 2.23606797749979 0.4472135954999579 1 0 0 0.9358577188181523 0.3523781067667005 2.4213706725786177
cell 65.08309438170123 74.17023799638795 0.0 1.0 1.0 1 0 0 0.0 1.0 0
cell 36.19463277123676 1.5566576826394194 0.0 1.0 1.0 1 0 0 0.0 1.0 0
cell 126.0278013283763 59.386638989528535 0.0 1.0 1.0 1 0 0 0.0 1.0 0
cell 134.78141247134315 3.8322517885375476 0.0 1.0 1.0 1 0 0 0.0 1.0 0
cell 114.75551127584181 43.766665894945724 0.0 1.0 1.0 1 0 0 0.0 1.0 0
cell 34.95341132038654 151.35290306954843 0.0 2.23606797749979 0.4472135954999579 1 0 0 0.9969711774362245 0.07777191884882469 2.9858915871600487
cell 103.45737971407196 58.47554919145939 0.0 1.0 1.0 1 0 0 0.0 1.0 0
cell 77.24067121108845 21.619785925028786 0.0 1.0 1.0 1 0 0 0.0 1.0 0
