1000
 Lattice="66.99245856906788 0.0 0.0 0.0 66.99245856906788 0.0 0.0 0.0 1.0"Properties=species:S:1:pos:R:3:aspherical_shape:R:3:orientation:R:4:Color:R:1
cell 18.17471639575388 33.45457501808811 0.0 1.6431676725154984 0.6085806194501846 1 0 0 0.19689083636290278 0.9804254171309089 0.3963713313824336
cell 37.0970607110108 47.08293880037072 0.0 1.6431676725154984 0.6085806194501846 1 0 0 -0.8337971023671927 -0.5520710027560524 1.9719006088918114
cell 15.933917082727474 16.33205032935655 0.0 1.6431676725154984 0.6085806194501846 1 0 0 0.9866945817967808 -0.16258475406038492 3.4682120533176723
cell 49.44280127339818 32.40309061648782 0.0 1.6431676725154984 0.6085806194501846 1 0 0 0.7145628661814412 0.6995712331668332 1.5919980946287027
cell 12.312398606842581 21.47911213428314 0.0 1.6431676725154984 0.6085806194501846 1 0 0 0.8521315072647214 0.5233277121715932 2.040089750482592
cell 10.93466770416081 10.722148600572677 0.0 1.6431676725154984 0.6085806194501846 1 0 0 0.8435841509528769 0.536997002096952 2.0078461516465405
cell 5.685837030628408 29.088737490432763 0.0 1.6431676725154984 0.6085806194501846 1 0 0 0.7336392798138976 0.6795391137485359 1.64732418844009
cell 34.6714721259449 60.36393448823564 0.0 1.6431676725154984 0.6085806194501846 1 0 0 0.9151275226798656 0.4031645039358154 2.3116482231247586
cell 15.08110265054195 18.889104073824758 0.0 1.6431676725154984 0.6085806194501846 1 0 0 0.7740146538915545 -0.6331676836045385 4.512870517978845
cell 28.548452627768423 44.68900955974772 0.0 1.6431676725154984 0.6085806194501846 1 0 0 0.4437555727736083 0.8961478625943192 0.9195702842261276
cell 26.987355137183375 50.6203528139164 0.0 1.6431676725154984 0.6085806194501846 1 0 0 0.6050975664095727 0.7961513267747613 1.2997768185741874
cell 49.66357380897692 55.39213473948337 0.0 1.6431676725154984 0.6085806194501846 1 0 0 0.6372052085859667 -0.7706941819884945 4.9014523571637305
cell 13.646954350271336 57.86518006053535 0.0 1.6431676725154984 0.6085806194501846 1 0 0 0.994632600425953 -0.10346975485573805 3.3489032023750203
cell 54.251160489340904 53.09655114217347 0.0 1.6431676725154984 0.6085806194501846 1 0 0 0.8980096096229087 0.4399758414105384 2.2304491118987184
cell 32.708336606244934 51.41025273671897 0.0 1.0 1.0 1 0 0 0.0 1.0 0
cell 32.46688491566186 47.58538815173095 0.0 1.6431676725154984 0.6085806194501846 1 0 0 0.8881953183979356 0.4594660775029967 2.186804707319559
cell 53.432555173331934 20.944389594038036 0.0 1.6431676725154984 0.6085806194501846 1 0 0 -0.46868151924100687 -0.8833672132935101 0.9755952470633797
cell 56.131987420757305 1.7531904668594582 0.0 1.0 1.0 1 0 0 0.0 1.0 0
cell 27.09896857840633 35.521145520363206 0.0 1.6431676725154984 0.6085806194501846 1 0 0 0.2092509731210287 0.9778619689137636 0.4216178252672444
cell 32.54008362662644 15.385118630944007 0.0 1.6431676725154984 0.6085806194501846 1 0 0 0.8383650061387963 -0.5451092702219401 4.294631546595936
cell 7.559137529808354 62.07032458606658 0.0 1.6431676725154984 0.6085806194501846 1 0 0 0.29813737032624826 0.954522974272987 0.6054813709110242
cell 19.617847841915978 48.50360501915394 0.0 1.0 1.0 1 0 0 0.0 1.0 0
cell 40.818869038305785 22.257247510003896 0.0 1.6431676725154984 0.6085806194501846 1 0 0 0.7971597573941593 -0.6037684334173865 4.4380326907982175
cell 13.66963564804076 21.149494295736417 0.0 1.6431676725154984 0.6085806194501846 1 0 0 0.8506943398619152 0.525660670135117 2.0346095505953814
cell 33.44672139793662 54.823830597839276 0.0 1.6431676725154984 0.6085806194501846 1 0 0 0.8459501350963303 0.5332620077696334 2.016688797276929
cell 30.170065519382938 48.215859709503725 0.0 1.6431676725154984 0.6085806194501846 1 0 0 0.7880850705504583 0.615566342139886 1.8153838621799607
cell 2.8118099242669663 31.842073076768795 0.0 1.6431676725154984 0.6085806194501846 1 0 0 0.5516317627410257 0.8340877641682731 1.1686386386417602
cell 35.73672251942044 1.02950891654148 0.0 1.6431676725154984 0.6085806194501846 1 0 0 0.7713528324582376 0.6364077371140722 1.7619283082100607
cell 2.9246574014563285 11.897720604243297 0.0 1.6431676725154984 0.6085806194501846 1 0 0 0.8138718322161788 0.5810444395440681 1.9015698515498825
cell 51.27939341183997 11.045506716427335 0.0 1.6431676725154984 0.6085806194501846 1 0 0 0.46118774976774823 0.887302574922535 0.9586666818781032
cell 49.48146902184934 29.258619858597143 0.0 1.6431676725154984 0.6085806194501846 1 0 0 0.6189942817630394 0.7853954921850895 1.3349230628947273
cell 7.294245109700196 11.032687476035687 0.0 1.6431676725154984 0.6085806194501846 1 0 0 -0.7610117283843562 -0.6487381207093159 1.729742449057488
cell 65.18831679160716 4.01359665062582 0.0 1.0 1.0 1 0 0 0.0 1.0 0
cell 31.711058394859425 58.73853311577928 0.0 1.6431676725154984 0.6085806194501846 1 0 0 0.8550084830001435 0.5186140125351352 2.051134392829999
cell 36.32320251332142 31.172682515907198 0.0 1.6431676725154984 0.6085806194501846 1 0 0 0.6396625233634421 -0.768655876321982 4.895067031936619
cell 20.689427809486556 66.14045036666025 0.0 1.6431676725154984 0.6085806194501846 1 0 0 0.25718818108498276 0.9663613400329083 0.5202227481449987
cell 5.407709007765824 3.390086058898446 0.0 1.6431676725154984 0.6085806194501846 1 0 0 0.04696517792544787 -0.998896527205111 6.189220386207443
cell 11.440699818974844 33.47775822229439 0.0 1.6431676725154984 0.6085806194501846 1 0 0 0.12065222758988094 0.992694837287673 0.24189376698342405
cell 35.7733106357566 49.87002658256091 0.0 1.6431676725154984 0.6085806194501846 1 0 0 -0.7878298750468627 -0.6158929192511022 1.8145549415394058
cell 33.62227586714414 0.28225031534497036 0.0 1.6431676725154984 0.6085806194501846 1 0 0 0.49402122283315764 0.8694498440913263 1.033417456040017
cell 47.25920185411594 37.701065391295536 0.0 1.6431676725154984 0.6085806194501846 1 0 0 0.775754833877738 -0.6310344188040167 4.507364503129504
cell 58.48760533204608 33.00920324461591 0.0 1.6431676725154984 0.6085806194501846 1 0 0 0.22372501957366414 0.9746523049871496 0.45126940123580545
cell 40.53175817210759 52.72675784226519 0.0 1.6431676725154984 0.6085806194501846 1 0 0 0.8625423185147318 0.5059849293914107 2.080545704654991
cell 33.60945818012781 36.68369404422001 0.0 1.6431676725154984 0.6085806194501846 1 0 0 0.35707264463348404 0.9340766170151406 0.730264104766992
cell 16.805148452797845 41.061111281152975 0.0 1.6431676725154984 0.6085806194501846 1 0 0 -0.15973972428187064 0.9871591667438194 5.962331335230589
cell 63.448984468119924 24.5474817788366 0.0 1.0 1.0 1 0 0 0.0 1.0 0
cell 51.191415302825824 14.082924312516166 0.0 1.6431676725154984 0.6085806194501846 1 0 0 0.3930303980054523 0.9195254788442111 0.8078497829103464
cell 12.33798543984229 0.41277018674042143 0.0 1.6431676725154984 0.6085806194501846 1 0 0 -0.23969559233380608 -0.9708480947170601 0.4841045814062497
cell 11.473783809648042 7.777363098341785 0.0 1.6431676725154984 0.6085806194501846 1 0 0 0.8018879082108414 0.5974745037783965 1.8608967302606783
cell 46.12647747703873 66.03452023681501 0.0 1.6431676725154984 0.6085806194501846 1 0 0 0.543321242612303 0.8395248818982217 1.1487763321657356
cell 56.10373382004393 43.69342138364241 0.0 1.6431676725154984 0.6085806194501846 1 0 0 0.5930305725856039 -0.8051799426083531 5.013550322848529
cell 41.601782314943314 48.03751217684455 0.0 1.6431676725154984 0.6085806194501846 1 0 0 0.8923830386168189 0.45127875242361354 2.2051970849354046
cell 15.160986065371475 12.92341681755152 0.0 1.6431676725154984 0.6085806194501846 1 0 0 0.7192502282746444 0.6947511130807003 1.605445040948068
cell 57.89565912574911 24.307943896466426 0.0 1.6431676725154984 0.6085806194501846 1 0 0 0.10907055477113181 0.9940340105257554 0.2185759566244875
cell 56.993952270866735 31.209551134824647 0.0 1.6431676725154984 0.6085806194501846 1 0 0 0.2647040405981962 0.9643297003053408 0.5357940050494491
cell 39.53858408229087 19.724294637197424 0.0 1.6431676725154984 0.6085806194501846 1 0 0 0.7698249807347153 -0.6382550423120801 4.526051525071599
cell 3.174879307227337 19.68697377989184 0.0 1.6431676725154984 0.6085806194501846 1 0 0 0.7688190506780102 0.6394663926388652 1.7539846454609584
cell 21.532611177998735 64.69784424206091 0.0 1.6431676725154984 0.6085806194501846 1 0 0 0.997165100649172 0.07524468118961444 2.9909609223583598
cell 48.71906506307007 39.43207964280591 0.0 1.6431676725154984 0.6085806194501846 1 0 0 0.6832070843730922 -0.7302246776591561 4.778894153980195
cell 22.7429382847847 35.73595985297406 0.0 1.6431676725154984 0.6085806194501846 1 0 0 0.3404265349331288 0.9402711174514632 0.6947409800547198
cell 54.17740498795021 1.6810918255384566 0.0 1.0 1.0 1 0 0 0.0 1.0 0
cell 66.67154300090208 13.745849172351498 0.0 1.0 1.0 1 0 0 0.0 1.0 0
cell 39.00482881433107 61.18386609385219 0.0 1.6431676725154984 0.6085806194501846 1 0 0 0.6453342925550436 0.7639002885537362 1.4029216303895067
cell 5.966589882701543 2.186484174011186 0.0 1.6431676725154984 0.6085806194501846 1 0 0 0.017923929614670445 -0.9998393534699304 6.247335528215487
cell 14.57473283953982 35.73985896074098 0.0 1.6431676725154984 0.6085806194501846 1 0 0 0.23496973811530128 0.972002686297742 0.47437486887416286
cell 52.32643185253355 24.748072621201437 0.0 1.0 1.0 1 0 0 0.0 1.0 0
cell 22.727634276595573 49.85298394612949 0.0 1.0 1.0 1 0 0 0.0 1.0 0
cell 42.80132591716492 28.42125381556466 0.0 1.6431676725154984 0.6085806194501846 1 0 0 0.6446236931276619 -0.7645000289460125 4.882123397356857
cell 7.183958524652548 31.449978131981627 0.0 1.6431676725154984 0.6085806194501846 1 0 0 0.7009951737235783 0.7131660160272993 1.5535839440673473
cell 36.729868248182385 26.12969163994889 0.0 1.6431676725154984 0.6085806194501846 1 0 0 0.9836187870214489 0.18026114894356368 2.7790887677581337
cell 49.36603589461513 42.69466024871216 0.0 1.6431676725154984 0.6085806194501846 1 0 0 0.8580822872820217 -0.5135122084749825 4.220138436468833
cell 20.535286980531094 43.915922962643585 0.0 1.6431676725154984 0.6085806194501846 1 0 0 -0.12362794805465431 0.9923286403504615 6.0352952015750265
cell 30.317078958115374 42.88435809101958 0.0 1.6431676725154984 0.6085806194501846 1 0 0 0.612190546536737 0.7907102723065201 1.3176559654243991
cell 59.58811027412226 27.6064556831399 0.0 1.6431676725154984 0.6085806194501846 1 0 0 -0.09973260299334731 -0.9950142752243163 0.1997973613684323
cell 58.01451746956776 17.647058150357175 0.0 1.0 1.0 1 0 0 0.0 1.0 0
cell 64.78348010619416 14.226593069463165 0.0 1.0 1.0 1 0 0 0.0 1.0 0
cell 26.53492652129353 46.77981441124979 0.0 1.6431676725154984 0.6085806194501846 1 0 0 0.1725660365308393 0.9849979507775826 0.34686839300467676
cell 25.82833763248515 54.7406777678395 0.0 1.6431676725154984 0.6085806194501846 1 0 0 -0.6538425698414327 -0.7566306191683965 1.4253037824255124
cell 4.476950154538338 41.01688119926039 0.0 1.6431676725154984 0.6085806194501846 1 0 0 0.05372791146404874 -0.9985556126374291 6.1756777183980525
cell 4.193381573117841 16.615612742675825 0.0 1.6431676725154984 0.6085806194501846 1 0 0 0.8088216861678794 0.5880539771012083 1.884291187699969
cell 4.20339709762386 19.53552967886944 0.0 1.6431676725154984 0.6085806194501846 1 0 0 0.7459859305781471 0.665961704138801 1.6840281549444152
cell 60.93754624023641 32.23310689913214 0.0 1.0 1.0 1 0 0 0.0 1.0 0
cell 62.61360347983168 10.431020122139303 0.0 1.0 1.0 1 0 0 0.0 1.0 0
cell 16.961824412369918 27.051160566257494 0.0 1.0 1.0 1 0 0 0.0 1.0 0
cell 11.80118202417384 59.502697426465886 0.0 1.0 1.0 1 0 0 0.0 1.0 0
cell 48.618603883167225 23.64947781768291 0.0 1.0 1.0 1 0 0 0.0 1.0 0
cell 40.06811346024413 64.59167592468604 0.0 1.6431676725154984 0.6085806194501846 1 0 0 0.6959390939053135 0.7181008129603053 1.539453640243956
cell 54.982382014276226 21.081192840917346 0.0 1.6431676725154984 0.6085806194501846 1 0 0 0.45724733882911694 0.8893395702057177 0.9497951046988691
cell 14.11509437604952 27.654798135507658 0.0 1.6431676725154984 0.6085806194501846 1 0 0 0.9197391171930944 0.39253019795280375 2.334830696849525
cell 8.583547621176429 65.36920264684854 0.0 1.6431676725154984 0.6085806194501846 1 0 0 0.25130746770117124 0.9679073078955571 0.5080616757496634
cell 25.755799443243532 26.203035089196955 0.0 1.6431676725154984 0.6085806194501846 1 0 0 0.992496539451698 -0.12227272458076698 3.3867515901683367
cell 48.55602512595684 19.50750249458943 0.0 1.0 1.0 1 0 0 0.0 1.0 0
cell 50.1339615428206 6.780562077176558 0.0 1.6431676725154984 0.6085806194501846 1 0 0 0.5259889274943279 0.8504914156847009 1.10775493488653
cell 54.90662571525066 55.74313498814458 0.0 1.6431676725154984 0.6085806194501846 1 0 0 -0.9695722773688935 -0.2448052265734895 2.646955050570172
cell 60.39993651660186 35.24640728701852 0.0 1.6431676725154984 0.6085806194501846 1 0 0 0.4180369837386903 0.9084300084357947 0.8625667082014843
cell 54.2008612065916 5.246029994612258 0.0 1.0 1.0 1 0 0 0.0 1.0 0
cell 4.713619589668536 64.88359913805601 0.0 1.6431676725154984 0.6085806194501846 1 0 0 0.8325876301226238 -0.5538933454797891 4.315659059050295
cell 22.52311035089996 6.521415759780977 0.0 1.6431676725154984 0.6085806194501846 1 0 0 -0.4708089931002028 -0.8822351682040187 0.980415070262195
cell 26.189112346315994 8.549425233813157 0.0 1.6431676725154984 0.6085806194501846 1 0 0 0.7084826097527224 -0.7057282704256446 4.708493753890399
cell 6.802514794917758 8.356593540304623 0.0 1.6431676725154984 0.6085806194501846 1 0 0 -0.7091215586043825 -0.7050862465844099 1.5765031275259735
cell 22.94314070852483 39.46540738857152 0.0 1.6431676725154984 0.6085806194501846 1 0 0 0.05672165139894536 0.9983900311314093 0.11350422209291507
cell 1.8157896533093607 14.800377605506135 0.0 1.6431676725154984 0.6085806194501846 1 0 0 -0.7592675261348395 -0.6507786288416981 1.7243736803894816
cell 35.12345841028335 7.441197035459582 0.0 1.6431676725154984 0.6085806194501846 1 0 0 0.5708611532835896 0.821046614798289 1.215108642944423
cell 42.42241004239265 25.33769566353792 0.0 1.6431676725154984 0.6085806194501846 1 0 0 0.8638083812062756 -0.5038204844563128 4.1976245292806125
cell 44.166741409265406 31.02141189478969 0.0 1.6431676725154984 0.6085806194501846 1 0 0 0.5958566445106184 -0.8030908162795455 5.0065214839527705
cell 13.989880178401757 10.152427840942678 0.0 1.6431676725154984 0.6085806194501846 1 0 0 0.5414431404119331 0.8407373702297667 1.144305360052053
cell 35.920284751959606 16.44074798791052 0.0 1.0 1.0 1 0 0 0.0 1.0 0
cell 56.9648403339704 35.3793120988012 0.0 1.6431676725154984 0.6085806194501846 1 0 0 0.22857320375577864 0.9735267282025796 0.461223669485904
cell 44.361605528075096 6.340893535634553 0.0 1.6431676725154984 0.6085806194501846 1 0 0 0.27325175859570955 0.9619425535988894 0.5535436494765723
cell 6.341855562142485 13.929636146213277 0.0 1.6431676725154984 0.6085806194501846 1 0 0 0.7837254747525451 0.6211073822004516 1.8012828825838632
cell 46.56567112808176 19.445702178277855 0.0 1.0 1.0 1 0 0 0.0 1.0 0
cell 65.87510623831037 43.66041083127511 0.0 1.6431676725154984 0.6085806194501846 1 0 0 0.976788903225752 -0.21420419821990527 3.573346743224468
cell 31.817785894682608 24.984931611822088 0.0 1.6431676725154984 0.6085806194501846 1 0 0 0.9997719726035792 -0.021354221979459055 3.1843043440765926
cell 0.3966544322013641 65.89930772949428 0.0 1.6431676725154984 0.6085806194501846 1 0 0 0.17711423026032738 0.9841903014352924 0.3561070945595443
cell 46.85563196397108 10.911797564216057 0.0 1.6431676725154984 0.6085806194501846 1 0 0 -0.21532600604861543 -0.9765422218824702 0.43405130937577585
cell 57.21788472436996 19.32932462462414 0.0 1.6431676725154984 0.6085806194501846 1 0 0 0.2144721867153626 0.9767300963549401 0.43230281937589315
cell 37.348289326965066 63.75460300462563 0.0 1.6431676725154984 0.6085806194501846 1 0 0 0.5453555192715666 0.8382048422671154 1.1536263998090117
cell 8.802459486208791 58.593329637364036 0.0 1.6431676725154984 0.6085806194501846 1 0 0 0.5057237031801658 0.8626955059821162 1.0604412905020009
cell 63.04816506121826 22.605828192500848 0.0 1.0 1.0 1 0 0 0.0 1.0 0
cell 65.53529685551666 66.44682547278596 0.0 1.6431676725154984 0.6085806194501846 1 0 0 0.06858308649095787 0.9976454080721134 0.13727393126735746
cell 9.227573454874106 5.3732105230865415 0.0 1.6431676725154984 0.6085806194501846 1 0 0 -0.7387001622946964 -0.674034175858902 1.662279740347416
cell 55.45639517111674 23.305663166378025 0.0 1.6431676725154984 0.6085806194501846 1 0 0 -0.44085478475865464 -0.897578441561182 0.9131015482111895
cell 56.9477067348346 7.063009618570886 0.0 1.0 1.0 1 0 0 0.0 1.0 0
cell 6.664238454657666 28.801003577357136 0.0 1.6431676725154984 0.6085806194501846 1 0 0 0.7227354550993831 0.6911247802982379 1.61550429515458
cell 29.610866577190237 58.262850525468984 0.0 1.6431676725154984 0.6085806194501846 1 0 0 0.8666450326032336 0.49892523233861436 2.0968762840442925
cell 10.053082738297912 36.979931067994094 0.0 1.6431676725154984 0.6085806194501846 1 0 0 -0.03731638213311674 0.9993035012569981 6.208535210875727
cell 5.330451822034023 37.4426750904113 0.0 1.6431676725154984 0.6085806194501846 1 0 0 0.19823171248175203 0.9801551857571086 0.39910700245418046
cell 24.699584355771872 36.57156000298442 0.0 1.6431676725154984 0.6085806194501846 1 0 0 -0.3388002600917966 -0.940858322895499 0.6912828991777857
cell 49.226487655938314 63.72882601191448 0.0 1.6431676725154984 0.6085806194501846 1 0 0 0.6470210443017306 -0.7624721425932216 4.8758433897732125
cell 9.04533036910238 15.358698518589836 0.0 1.6431676725154984 0.6085806194501846 1 0 0 0.862056481013645 0.5068122172386644 2.078626909897569
cell 4.191840931811486 31.819344660841303 0.0 1.6431676725154984 0.6085806194501846 1 0 0 0.678871643446016 0.7342569657312794 1.4924496165531684
cell 22.850377080396207 4.92823515680789 0.0 1.6431676725154984 0.6085806194501846 1 0 0 0.4835043834434906 0.8753419395818585 1.0093075029173868
cell 12.542899157363873 1.8994681368932136 0.0 1.6431676725154984 0.6085806194501846 1 0 0 -0.32131366701822156 -0.9469728229401853 0.6542327784082786
cell 53.32188154430778 7.028711961113487 0.0 1.0 1.0 1 0 0 0.0 1.0 0
cell 38.70290381432971 55.120905455009684 0.0 1.6431676725154984 0.6085806194501846 1 0 0 0.977466329174753 0.21109139094153845 2.7162099009109775
cell 20.346720484723892 24.475751699605592 0.0 1.6431676725154984 0.6085806194501846 1 0 0 0.9933175799373248 -0.11541310752014355 3.3729344061524213
cell 56.09966374974363 12.36390671395954 0.0 1.0 1.0 1 0 0 0.0 1.0 0
cell 24.721536383041602 41.08478801756731 0.0 1.0 1.0 1 0 0 0.0 1.0 0
cell 12.09900997749975 26.144608704193317 0.0 1.6431676725154984 0.6085806194501846 1 0 0 0.8198873015544159 0.5725249450895727 1.9224282928148173
cell 59.281777379589286 42.74294687424049 0.0 1.6431676725154984 0.6085806194501846 1 0 0 0.9105352636821498 -0.4134314134064779 3.9940314928079195
cell 1.905817884953989 43.60723168833732 0.0 1.6431676725154984 0.6085806194501846 1 0 0 0.5036867483691522 0.86388636956333 1.055722246719998
cell 51.543339615412776 7.0636527479773425 0.0 1.0 1.0 1 0 0 0.0 1.0 0
cell 51.89478190492091 37.77572509338051 0.0 1.6431676725154984 0.6085806194501846 1 0 0 0.9917490766211141 -0.12819426282469687 3.398688662105734
cell 5.131354798288909 13.707452675234906 0.0 1.6431676725154984 0.6085806194501846 1 0 0 0.6982524906629203 0.7158515623249198 1.5459068385242491
cell 17.867462971438506 49.439996703912286 0.0 1.0 1.0 1 0 0 0.0 1.0 0
cell 35.47951343262385 38.59603711747932 0.0 1.0 1.0 1 0 0 0.0 1.0 0
cell 9.136202899267023 30.08476123074211 0.0 1.6431676725154984 0.6085806194501846 1 0 0 0.739292418340646 0.6733845262433933 1.664037934758355
cell 43.0087321162102 14.607110233654128 0.0 1.0 1.0 1 0 0 0.0 1.0 0
cell 27.020166185196036 37.40002712320093 0.0 1.6431676725154984 0.6085806194501846 1 0 0 0.21907748451525688 0.9757074642424682 0.4417377725894187
cell 66.61913766139865 21.178841847137882 0.0 1.6431676725154984 0.6085806194501846 1 0 0 0.5193167608909176 0.8545818286494077 1.0921025104058342
cell 13.284656131500956 30.95526109799511 0.0 1.6431676725154984 0.6085806194501846 1 0 0 0.3473695737257488 0.9377283078000747 0.7095290722485694
cell 61.803657879442696 5.486801306695165 0.0 1.0 1.0 1 0 0 0.0 1.0 0
cell 16.236816665675867 32.02136526489739 0.0 1.6431676725154984 0.6085806194501846 1 0 0 0.1949463278170491 0.980813911642085 0.39240545556061307
cell 6.128635845155403 49.06860518886034 0.0 1.6431676725154984 0.6085806194501846 1 0 0 0.9752874118779834 -0.22093995616987158 3.587148931520557
cell 48.707717893922734 14.137139851027195 0.0 1.6431676725154984 0.6085806194501846 1 0 0 0.37369167093372385 0.9275529823545183 0.765971712443889
cell 26.233128564710455 31.57126550352972 0.0 1.0 1.0 1 0 0 0.0 1.0 0
cell 12.313403234801982 40.3903646457268 0.0 1.6431676725154984 0.6085806194501846 1 0 0 0.035254505037405424 0.9993783667233185 0.07052362395765521
cell 65.68643933325814 41.580443923073055 0.0 1.6431676725154984 0.6085806194501846 1 0 0 -0.541069786219701 -0.840977696755489 1.1434173280817683
cell 62.7995780766055 19.53979400309601 0.0 1.0 1.0 1 0 0 0.0 1.0 0
cell 10.50998065841354 6.0313788831929385 0.0 1.6431676725154984 0.6085806194501846 1 0 0 0.6786841983533746 0.734430227390892 1.4919391059624816
cell 18.19697707529785 42.627111502021144 0.0 1.0 1.0 1 0 0 0.0 1.0 0
cell 0.08938148286692797 17.7353668730314 0.0 1.6431676725154984 0.6085806194501846 1 0 0 -0.688301201284668 -0.7254250177034722 1.518289290614855
cell 38.02006213839231 56.55796680204774 0.0 1.6431676725154984 0.6085806194501846 1 0 0 0.9940246660519668 0.10915568368287469 2.922845416484113
cell 26.578804011343795 42.429051414981274 0.0 1.6431676725154984 0.6085806194501846 1 0 0 0.16372680728087086 0.9865057184718254 0.32893452828893893
cell 65.74556029675354 29.55612350449342 0.0 1.0 1.0 1 0 0 0.0 1.0 0
cell 12.852057295079803 62.345297938516296 0.0 1.6431676725154984 0.6085806194501846 1 0 0 0.4901410969680843 0.8716431064735859 1.0245032405403205
cell 3.7230390308771177 24.625031101864966 0.0 1.6431676725154984 0.6085806194501846 1 0 0 0.7363957741250663 0.6765510060969124 1.6554548885297968
cell 25.125275632118452 6.522921944913382 0.0 1.6431676725154984 0.6085806194501846 1 0 0 0.5927455160265471 0.8053898144565912 1.2689270198238893
cell 16.03670565337826 43.74720560838902 0.0 1.6431676725154984 0.6085806194501846 1 0 0 0.13959724034457932 -0.9902083672077194 6.003075985760745
cell 40.304652517856674 47.7571857250844 0.0 1.6431676725154984 0.6085806194501846 1 0 0 0.8692624853558693 0.49435081829904676 2.1074169456955527
cell 30.248923937293124 45.809856800240645 0.0 1.6431676725154984 0.6085806194501846 1 0 0 0.6383119036120186 0.76977783399316 1.3846066012712523
cell 16.820332359210543 29.281556182712045 0.0 1.0 1.0 1 0 0 0.0 1.0 0
cell 57.15684753523842 0.014320481363427442 0.0 1.0 1.0 1 0 0 0.0 1.0 0
cell 59.98556497334189 12.261120365555742 0.0 1.0 1.0 1 0 0 0.0 1.0 0
cell 65.37488595320545 12.399394567775927 0.0 1.0 1.0 1 0 0 0.0 1.0 0
cell 47.637151886560694 66.83763868249876 0.0 1.6431676725154984 0.6085806194501846 1 0 0 0.6094377350740166 0.7928339341046478 1.310702427459134
cell 19.437680364492515 16.97218969502071 0.0 1.6431676725154984 0.6085806194501846 1 0 0 0.7864702656556504 -0.6176281415540671 4.473039236745262
cell 54.52960611777341 28.223974393995537 0.0 1.6431676725154984 0.6085806194501846 1 0 0 0.20591737452832456 0.9785693817340504 0.41480215986621777
cell 66.43477046573632 63.11204308874657 0.0 1.6431676725154984 0.6085806194501846 1 0 0 0.32957850126094973 0.9441281753589319 0.6717141961234738
cell 22.551352387011423 45.87693596210324 0.0 1.0 1.0 1 0 0 0.0 1.0 0
cell 31.14243525040474 45.29622902708395 0.0 1.6431676725154984 0.6085806194501846 1 0 0 0.7000060682550094 0.714136894724088 1.5508119878055493
cell 35.008426903992046 24.810514220841835 0.0 1.6431676725154984 0.6085806194501846 1 0 0 0.9340838991453216 0.3570535945169474 2.411369337858585
cell 29.168297230576528 42.465163477867314 0.0 1.6431676725154984 0.6085806194501846 1 0 0 0.47477259196694377 0.8801085080357932 0.9894112546892698
cell 7.252443304339482 36.251165984158185 0.0 1.6431676725154984 0.6085806194501846 1 0 0 0.49065561670873215 0.8713535825324721 1.025684010943267
cell 23.933448520494156 29.226685771180176 0.0 1.6431676725154984 0.6085806194501846 1 0 0 0.9829027930470225 -0.18412522755006136 3.511956252068728
cell 59.302576981720556 38.29956372644478 0.0 1.6431676725154984 0.6085806194501846 1 0 0 0.055525654191901606 0.9984572608412247 0.11110845138208025
cell 7.594402498256672 16.045476894515694 0.0 1.6431676725154984 0.6085806194501846 1 0 0 -0.8176644515096306 -0.5756950970239845 1.914684664637738
cell 18.20550717028134 4.450167087110069 0.0 1.6431676725154984 0.6085806194501846 1 0 0 0.5853128002526187 0.8108075763462241 1.2505315851653727
cell 50.549868158516084 1.5326732034746113 0.0 1.0 1.0 1 0 0 0.0 1.0 0
cell 35.277824318026155 58.1073526106624 0.0 1.6431676725154984 0.6085806194501846 1 0 0 0.9110305649916717 0.4123388286966866 2.2915530350016713
cell 18.668347182247288 63.01228112076768 0.0 1.6431676725154984 0.6085806194501846 1 0 0 0.9664592328451435 -0.25682007563346126 3.6610536022129194
cell 16.803662797181754 37.17034031585519 0.0 1.6431676725154984 0.6085806194501846 1 0 0 0.1787855758892083 0.9838880616482569 0.3595040024437981
cell 48.0273449098129 15.130529532075526 0.0 1.6431676725154984 0.6085806194501846 1 0 0 0.23350767074994755 0.9723549597245514 0.4713670537373191
cell 59.34577454181519 52.27312026001585 0.0 1.6431676725154984 0.6085806194501846 1 0 0 0.936151185886988 0.35159772064446904 2.42303815626433
cell 4.753981698960708 29.686601957044402 0.0 1.6431676725154984 0.6085806194501846 1 0 0 0.7270726094551537 0.6865605731325339 1.6280968367441393
cell 16.391235918677665 55.893792543798895 0.0 1.6431676725154984 0.6085806194501846 1 0 0 0.9622496011826991 0.2721685232052679 2.5903008276087425
cell 50.95166650889683 33.230322073015955 0.0 1.0 1.0 1 0 0 0.0 1.0 0
cell 14.274201792266485 65.30404276131031 0.0 1.6431676725154984 0.6085806194501846 1 0 0 -0.5752154464396141 -0.8180019499837855 1.2257350099871918
cell 51.990410692815516 22.607372434330976 0.0 1.6431676725154984 0.6085806194501846 1 0 0 -0.4005829221209523 -0.916260510174393 0.8243059091716045
cell 29.977254258384164 20.528373817304114 0.0 1.6431676725154984 0.6085806194501846 1 0 0 -0.958614031773504 0.28470886548709257 3.718998075371679
cell 32.51799301757329 37.388748967320836 0.0 1.6431676725154984 0.6085806194501846 1 0 0 0.4237459309492541 0.905781091657333 0.8751538395809925
cell 48.05321152817348 42.72721887506767 0.0 1.6431676725154984 0.6085806194501846 1 0 0 0.8190749253645553 -0.573686557833673 4.363592009657569
cell 59.72373666560432 17.015332522274704 0.0 1.0 1.0 1 0 0 0.0 1.0 0
cell 43.97495060921089 13.05898347861992 0.0 1.0 1.0 1 0 0 0.0 1.0 0
cell 13.890654023109802 24.730628332541833 0.0 1.6431676725154984 0.6085806194501846 1 0 0 0.8906197007177508 0.45474888531300883 2.197412175958094
cell 5.242655314200516 26.792647243813583 0.0 1.6431676725154984 0.6085806194501846 1 0 0 -0.788095646856981 -0.6155528014761015 1.8154182254065496
cell 18.22349304412999 28.455162864002205 0.0 1.0 1.0 1 0 0 0.0 1.0 0
cell 33.63630752881877 58.15932159465007 0.0 1.6431676725154984 0.6085806194501846 1 0 0 0.9421303699058773 0.3352467242211546 2.45785845964994
cell 24.189453861878796 50.764880771232214 0.0 1.0 1.0 1 0 0 0.0 1.0 0
cell 6.761484525230049 41.529603350091485 0.0 1.6431676725154984 0.6085806194501846 1 0 0 -0.12288360283639489 0.9924210901396379 6.036795330627929
cell 58.0112220081048 12.258135977563377 0.0 1.0 1.0 1 0 0 0.0 1.0 0
cell 62.445320497726385 40.12155390999784 0.0 1.6431676725154984 0.6085806194501846 1 0 0 0.4106209887025878 0.9118061217369124 0.8462700225556112
cell 59.269664906407954 28.98163380472648 0.0 1.0 1.0 1 0 0 0.0 1.0 0
cell 38.12667119402579 47.85035018623282 0.0 1.6431676725154984 0.6085806194501846 1 0 0 -0.7697777342498862 -0.6383120238982747 1.7569857397965158
cell 37.059814057448456 58.178262465062545 0.0 1.6431676725154984 0.6085806194501846 1 0 0 0.9636207350099668 0.26727341629659207 2.6004678596773307
cell 44.35848655130885 16.03876632600769 0.0 1.0 1.0 1 0 0 0.0 1.0 0
cell 26.696698805910223 33.229866983364445 0.0 1.6431676725154984 0.6085806194501846 1 0 0 0.21030126951865408 0.9776366278116028 0.42376622117688983
cell 52.959113905265156 26.343851449662427 0.0 1.6431676725154984 0.6085806194501846 1 0 0 0.9672631672361865 0.2537754229790999 2.628429713694863
cell 42.06459704088984 16.248261098980635 0.0 1.0 1.0 1 0 0 0.0 1.0 0
cell 12.585568220551073 27.624449944225223 0.0 1.6431676725154984 0.6085806194501846 1 0 0 0.8146326321851208 0.5799773052276629 1.904190990605969
cell 59.719549600198626 53.55781397576394 0.0 1.6431676725154984 0.6085806194501846 1 0 0 0.9519600200853877 0.30622233778584496 2.519148280088408
cell 64.45144407021694 26.194333139276274 0.0 1.0 1.0 1 0 0 0.0 1.0 0
cell 1.4351752415877554 12.823048316798717 0.0 1.6431676725154984 0.6085806194501846 1 0 0 -0.8205890492633046 -0.5715186893087102 1.924881862240941
cell 38.52552933769186 20.879212939342427 0.0 1.6431676725154984 0.6085806194501846 1 0 0 0.7144434374629732 -0.6996932003857768 4.691528616835347
cell 3.9280529238663036 14.634614390416804 0.0 1.6431676725154984 0.6085806194501846 1 0 0 -0.787289224824427 -0.6165838762693627 1.8128002628640054
cell 34.42082828959251 42.75829705243633 0.0 1.6431676725154984 0.6085806194501846 1 0 0 0.777358523271219 0.6290578083909217 1.7809115061210485
cell 31.608367018508858 40.1581359030576 0.0 1.6431676725154984 0.6085806194501846 1 0 0 0.5295061259919839 0.848306113697739 1.1160365421087117
cell 66.56181274595166 31.17217451923152 0.0 1.0 1.0 1 0 0 0.0 1.0 0
cell 31.907558614178825 33.75922464801769 0.0 1.6431676725154984 0.6085806194501846 1 0 0 0.9815671021497866 0.19111782747109302 2.7569909740782226
cell 41.01770400712781 25.0810633959816 0.0 1.6431676725154984 0.6085806194501846 1 0 0 -0.8279721310015777 0.5607692486974534 4.3322218207938405
cell 6.3540724709016825 18.917067081419933 0.0 1.6431676725154984 0.6085806194501846 1 0 0 0.785102921869136 0.6193653219809335 1.8057245653256158
cell 6.780391537374206 65.56151083761443 0.0 1.6431676725154984 0.6085806194501846 1 0 0 0.4042114670915436 0.9146655617610745 0.8322331330519608
cell 59.47850103457306 20.88515544155527 0.0 1.6431676725154984 0.6085806194501846 1 0 0 0.49254379043114277 0.8702876619300784 1.0300205480772162
cell 35.26074941627916 52.5011769059863 0.0 1.6431676725154984 0.6085806194501846 1 0 0 0.8573735305225846 0.5146946950952951 2.060289617692046
cell 10.831033636636645 53.724847585216715 0.0 1.6431676725154984 0.6085806194501846 1 0 0 0.9653353465444466 0.2610127749975336 2.6134502585528336
cell 33.94276573409918 32.472088097178094 0.0 1.6431676725154984 0.6085806194501846 1 0 0 0.3072951490620391 0.951614255548402 0.6246986825164723
cell 1.6097795026565944 31.31611315400554 0.0 1.6431676725154984 0.6085806194501846 1 0 0 0.5677395100643421 0.8232082656970233 1.2075145904510385
cell 24.57236899654177 3.285789475903533 0.0 1.6431676725154984 0.6085806194501846 1 0 0 0.8689711468037484 -0.49486275473365177 4.1769464227304205
cell 53.21841364791894 3.4365914571855 0.0 1.0 1.0 1 0 0 0.0 1.0 0
cell 45.20805171824169 28.681641688270492 0.0 1.6431676725154984 0.6085806194501846 1 0 0 0.7316837630633856 -0.681644240692609 4.641607634515786
cell 35.787121090741216 56.27761547188543 0.0 1.6431676725154984 0.6085806194501846 1 0 0 0.9643747395591039 0.26453990568591057 2.606139053028449
cell 43.02516234721272 33.688955270693526 0.0 1.6431676725154984 0.6085806194501846 1 0 0 -0.28888088470127077 0.9573650476459913 5.697069951839019
cell 39.69589662424744 22.89054645789111 0.0 1.6431676725154984 0.6085806194501846 1 0 0 0.7441205960058865 -0.6680453117864417 4.60475032628681
cell 16.277157848032182 25.02776295585582 0.0 1.6431676725154984 0.6085806194501846 1 0 0 0.951789539358236 -0.3067518097228393 3.7651495093937295
cell 24.480065489136035 52.925089682573265 0.0 1.0 1.0 1 0 0 0.0 1.0 0
cell 66.10931276512969 8.548494161536423 0.0 1.0 1.0 1 0 0 0.0 1.0 0
cell 6.323686900525119 26.20937547880732 0.0 1.6431676725154984 0.6085806194501846 1 0 0 0.7791537349995635 0.6268328782348849 1.7866292346614616
cell 33.75571940634445 10.990004019561708 0.0 1.6431676725154984 0.6085806194501846 1 0 0 0.9995824130398406 -0.028896358619201395 3.199393416667184
cell 41.50122913778963 9.764908980569777 0.0 1.6431676725154984 0.6085806194501846 1 0 0 0.2923700968916911 0.9563052475248388 0.5934085830875958
cell 38.76021538563008 52.65321100359006 0.0 1.6431676725154984 0.6085806194501846 1 0 0 0.9546469957496982 0.2977400099181763 2.5369438128538158
cell 20.65804092439991 34.915194974284276 0.0 1.6431676725154984 0.6085806194501846 1 0 0 0.2687592112865173 0.9632073952937908 0.5442092302917505
cell 51.76537057252357 62.03193040560028 0.0 1.6431676725154984 0.6085806194501846 1 0 0 0.8806898489592795 -0.4736933501117378 4.128552198312914
cell 15.374102764777668 61.489273893152564 0.0 1.6431676725154984 0.6085806194501846 1 0 0 0.9993864066337756 -0.03502585096224859 3.211658686784979
cell 10.831848248339849 24.365526243102973 0.0 1.6431676725154984 0.6085806194501846 1 0 0 0.8182194748122266 0.5749059845209511 1.916614171809074
cell 38.12790038181271 16.62904798578949 0.0 1.0 1.0 1 0 0 0.0 1.0 0
cell 66.24133712723717 24.284495480810868 0.0 1.6431676725154984 0.6085806194501846 1 0 0 -0.5617954037427124 -0.8272762080064691 1.1931089278287645
cell 0.12558040368582313 19.861709711090896 0.0 1.0 1.0 1 0 0 0.0 1.0 0
cell 58.40105194349275 25.4064099858527 0.0 1.6431676725154984 0.6085806194501846 1 0 0 0.11802360944834075 0.9930107892731003 0.23659868885916197
cell 0.9488767642107041 7.7646736770932145 0.0 1.0 1.0 1 0 0 0.0 1.0 0
cell 23.402884015839277 8.772907839164429 0.0 1.6431676725154984 0.6085806194501846 1 0 0 -0.29785977744589076 -0.9546096338189157 0.6048997604409614
cell 12.088541050224885 23.925118351932383 0.0 1.6431676725154984 0.6085806194501846 1 0 0 0.8396965256106542 0.5430559316289583 1.9934483071287434
cell 58.626927547534706 21.523181282702495 0.0 1.6431676725154984 0.6085806194501846 1 0 0 0.4252940271704569 0.9050552416582839 0.8785734657847992
cell 61.33471567107666 15.943134124838647 0.0 1.0 1.0 1 0 0 0.0 1.0 0
cell 13.23831030493976 16.46672191861838 0.0 1.6431676725154984 0.6085806194501846 1 0 0 0.8893128559230297 0.4572992939968579 2.1916807072484246
cell 18.90742237720818 45.332874571655225 0.0 1.0 1.0 1 0 0 0.0 1.0 0
cell 26.21495173705539 57.721755641966816 0.0 1.6431676725154984 0.6085806194501846 1 0 0 -0.7963287952486716 -0.604863992859386 1.8424025262911368
cell 13.35639561476711 48.97472216100666 0.0 1.0 1.0 1 0 0 0.0 1.0 0
cell 10.194697593646747 56.6301913260737 0.0 1.0 1.0 1 0 0 0.0 1.0 0
cell 16.204175456077614 1.942839503810362 0.0 1.0 1.0 1 0 0 0.0 1.0 0
cell 49.507679091795985 10.535540024746018 0.0 1.6431676725154984 0.6085806194501846 1 0 0 0.35496980552623597 0.9348777658949143 0.7257635385913419
cell 8.694390761627423 20.238371806281506 0.0 1.6431676725154984 0.6085806194501846 1 0 0 0.8185928301110824 0.5743742495017762 1.9179136121880842
cell 58.16013616167715 50.46639433903268 0.0 1.6431676725154984 0.6085806194501846 1 0 0 0.7885840585850499 0.6149269733436082 1.8170059368420841
cell 51.1157351895614 15.355428939526561 0.0 1.6431676725154984 0.6085806194501846 1 0 0 0.3341867473789942 0.9425068794848387 0.6814844735106587
cell 2.5835120159022757 1.8247780963236704 0.0 1.6431676725154984 0.6085806194501846 1 0 0 -0.07610230877526934 -0.9971000143411259 0.15235191883605737
cell 6.277191286339911 43.22998195250208 0.0 1.6431676725154984 0.6085806194501846 1 0 0 0.9963677818527189 -0.08515423234280703 3.312107617492009
cell 60.49999589872077 23.660309034134464 0.0 1.6431676725154984 0.6085806194501846 1 0 0 -0.4920348158750318 -0.8705755222649116 1.0288510718168657
cell 8.88312217007454 17.67842348302461 0.0 1.6431676725154984 0.6085806194501846 1 0 0 0.8382539704314337 0.5452800024353882 1.9881464355676652
cell 64.11760277132483 11.001922324743786 0.0 1.0 1.0 1 0 0 0.0 1.0 0
cell 31.35063672242504 52.96885986502917 0.0 1.0 1.0 1 0 0 0.0 1.0 0
cell 52.93036157032413 13.094796523223065 0.0 1.6431676725154984 0.6085806194501846 1 0 0 0.624432425550647 0.7810788346389471 1.348809334372082
cell 20.901959597735033 45.284176305519 0.0 1.0 1.0 1 0 0 0.0 1.0 0
cell 6.149228095097541 33.93878398416963 0.0 1.6431676725154984 0.6085806194501846 1 0 0 0.6395123498075168 0.7687808234104622 1.387727563728214
cell 18.634655181485165 43.68058204365823 0.0 1.6431676725154984 0.6085806194501846 1 0 0 -0.15993742243645528 0.9871271553879889 5.96193078916651
cell 34.73059640003431 45.21920332102751 0.0 1.0 1.0 1 0 0 0.0 1.0 0
cell 15.234551331347623 21.79524517035742 0.0 1.6431676725154984 0.6085806194501846 1 0 0 0.7984626286707591 -0.6020443759526215 4.43371072387447
cell 1.4968386682988133 34.707757461063046 0.0 1.6431676725154984 0.6085806194501846 1 0 0 0.43450779475501616 0.9006680722092533 0.8989834312589798
cell 30.181328335201556 40.01076645084018 0.0 1.6431676725154984 0.6085806194501846 1 0 0 0.40072705969506195 0.9161974806929728 0.8246205413749743
cell 18.554034614248945 38.19839144821441 0.0 1.6431676725154984 0.6085806194501846 1 0 0 -0.100737130613412 -0.9949130768643945 0.20181658590682083
cell 32.54425385108539 62.84748552995379 0.0 1.6431676725154984 0.6085806194501846 1 0 0 0.8768668101088034 0.48073339527186143 2.1386108487083892
cell 60.04273197217818 30.5338202092148 0.0 1.0 1.0 1 0 0 0.0 1.0 0
cell 43.409816515942595 0.26199479455146046 0.0 1.6431676725154984 0.6085806194501846 1 0 0 0.4952225527092413 0.8687661499437824 1.0361819679048974
cell 63.44861065469656 12.855618391726296 0.0 1.0 1.0 1 0 0 0.0 1.0 0
cell 4.419659540131434 25.84332492452381 0.0 1.6431676725154984 0.6085806194501846 1 0 0 0.7418187280122099 0.6706004583732007 1.6715567886891864
cell 55.969027326590705 50.342250788864916 0.0 1.6431676725154984 0.6085806194501846 1 0 0 0.8049068437276712 0.5934011905282616 1.8710369289874476
cell 57.88975260864875 8.87001876679839 0.0 1.0 1.0 1 0 0 0.0 1.0 0
cell 4.247206559658953 11.887435436808591 0.0 1.6431676725154984 0.6085806194501846 1 0 0 -0.8642359421169176 -0.503086708583405 2.0872592894913033
cell 29.062217155217773 40.66710940159761 0.0 1.6431676725154984 0.6085806194501846 1 0 0 -0.2934220801831439 -0.9559829929768607 0.5956090530022289
cell 10.153250842561757 17.3297063543082 0.0 1.6431676725154984 0.6085806194501846 1 0 0 0.8458499564821275 0.5334208949030615 2.016313133192852
cell 18.29856297172743 47.52328751059829 0.0 1.0 1.0 1 0 0 0.0 1.0 0
cell 18.95689535610251 58.23972057405182 0.0 1.6431676725154984 0.6085806194501846 1 0 0 0.9997480680058616 -0.022445501075874622 3.186487425948043
cell 21.325071130155244 53.101168934593545 0.0 1.0 1.0 1 0 0 0.0 1.0 0
cell 21.47870712391331 29.68292070212672 0.0 1.0 1.0 1 0 0 0.0 1.0 0
cell 33.29257070572849 42.82245965096905 0.0 1.6431676725154984 0.6085806194501846 1 0 0 0.7775055400768212 0.6288760888679508 1.7813789927044155
cell 4.515896177963287 22.5479935981483 0.0 1.6431676725154984 0.6085806194501846 1 0 0 0.7142635399798812 0.699876843062698 1.5911425396364751
cell 47.825440065004564 25.625156907246026 0.0 1.0 1.0 1 0 0 0.0 1.0 0
cell 27.706343075974477 60.62490878860646 0.0 1.6431676725154984 0.6085806194501846 1 0 0 0.9087131651150184 0.4174211105665899 2.280381640762197
cell 45.44827997825606 17.75280400439469 0.0 1.0 1.0 1 0 0 0.0 1.0 0
cell 55.223366751868944 17.244702812953342 0.0 1.6431676725154984 0.6085806194501846 1 0 0 0.6267801330558047 0.7791961658058564 1.3548280316727925
cell 64.68822969190212 30.18800509806258 0.0 1.6431676725154984 0.6085806194501846 1 0 0 0.609251050576397 0.7929774002905484 1.3102315404306253
cell 1.8870075176444134 26.831140254657225 0.0 1.6431676725154984 0.6085806194501846 1 0 0 -0.663633246951128 -0.7480580950307958 1.451330531606744
cell 19.50923748098355 31.9352722720569 0.0 1.0 1.0 1 0 0 0.0 1.0 0
cell 62.39871613094437 33.59202006661233 0.0 1.0 1.0 1 0 0 0.0 1.0 0
cell 22.83637652529247 43.93428117218439 0.0 1.6431676725154984 0.6085806194501846 1 0 0 0.15471819748093088 -0.9879586425393786 5.972500887564242
cell 39.98843038053565 12.40899314245343 0.0 1.0 1.0 1 0 0 0.0 1.0 0
cell 8.18878889355511 31.078493419316708 0.0 1.6431676725154984 0.6085806194501846 1 0 0 0.6850910489296677 0.7284574487754572 1.5094573603527741
cell 16.319011104417967 21.095256934454245 0.0 1.6431676725154984 0.6085806194501846 1 0 0 0.7702410491159846 -0.6377528724017694 4.524747243611506
cell 20.85453425306835 2.947707945319921 0.0 1.6431676725154984 0.6085806194501846 1 0 0 0.5108627021161672 0.8596623171842349 1.072376054851294
cell 33.920322078509926 29.997506449225135 0.0 1.6431676725154984 0.6085806194501846 1 0 0 0.6801256375183596 0.7330955716618707 1.4958680009839282
cell 10.54351863748011 1.8166340089835804 0.0 1.6431676725154984 0.6085806194501846 1 0 0 0.2922312948803652 0.9563476722889772 0.5931183014381771
cell 11.10222458703522 19.564889296583566 0.0 1.6431676725154984 0.6085806194501846 1 0 0 0.8472674100461618 0.5311665801551047 2.0216389622473274
cell 7.589224829057576 18.297915152847377 0.0 1.6431676725154984 0.6085806194501846 1 0 0 -0.8232385803140188 -0.5676955521074292 1.934184857857355
cell 46.15726282994363 24.5426139561409 0.0 1.0 1.0 1 0 0 0.0 1.0 0
cell 7.992510241309799 4.419344843189805 0.0 1.6431676725154984 0.6085806194501846 1 0 0 0.6470443003338695 0.7624524073051728 1.4074029198530555
cell 13.789557412163042 18.517047059037495 0.0 1.6431676725154984 0.6085806194501846 1 0 0 0.7823604083206094 0.622825972075996 1.7968933680514747
cell 11.330230365021873 31.65515602087786 0.0 1.6431676725154984 0.6085806194501846 1 0 0 0.21138738898147336 0.9774023592050488 0.4259884159429159
cell 27.992669338547845 62.211730584703346 0.0 1.0 1.0 1 0 0 0.0 1.0 0
cell 11.325637065646218 65.7699602390071 0.0 1.6431676725154984 0.6085806194501846 1 0 0 -0.15698207758519628 -0.9876014516580236 0.3152681913162416
cell 0.1741888482628051 11.801641340270578 0.0 1.0 1.0 1 0 0 0.0 1.0 0
cell 58.215428369412614 15.709221880744314 0.0 1.0 1.0 1 0 0 0.0 1.0 0
cell 3.5992061310505226 66.8042771660148 0.0 1.6431676725154984 0.6085806194501846 1 0 0 0.1033156020707568 0.9946486245749084 0.20700058198368015
cell 9.258860326608788 32.68573281953482 0.0 1.6431676725154984 0.6085806194501846 1 0 0 0.7778985828254772 0.6283898430418129 1.7826294608062754
cell 15.549018938299925 47.002184195269436 0.0 1.0 1.0 1 0 0 0.0 1.0 0
cell 57.331255629871634 26.238823436562825 0.0 1.6431676725154984 0.6085806194501846 1 0 0 0.18006594035303675 0.9836545415565247 0.3621069738478482
cell 27.437982665634816 57.752964450466315 0.0 1.6431676725154984 0.6085806194501846 1 0 0 0.892118221363574 0.4518020353109238 2.204024134522767
cell 2.5962212995453346 28.831357837908364 0.0 1.6431676725154984 0.6085806194501846 1 0 0 0.7027733946005716 0.7114137725976277 1.5585769110254328
cell 31.388015495970816 51.215630243293 0.0 1.0 1.0 1 0 0 0.0 1.0 0
cell 6.410366620277448 53.220205755159284 0.0 1.6431676725154984 0.6085806194501846 1 0 0 0.9999895418718029 0.004573417433587381 3.132445786836228
cell 11.429361518976016 37.891707692642235 0.0 1.6431676725154984 0.6085806194501846 1 0 0 0.06321960136074982 0.9979996402823941 0.12652357820050075
cell 14.187822829259593 53.302539893184985 0.0 1.0 1.0 1 0 0 0.0 1.0 0
cell 21.73048427836349 55.451660787686315 0.0 1.0 1.0 1 0 0 0.0 1.0 0
cell 43.69186491648223 34.62178365866124 0.0 1.6431676725154984 0.6085806194501846 1 0 0 0.3598680603471182 -0.9330032042506622 5.54693235588762
cell 33.810068492815475 21.040902247419574 0.0 1.6431676725154984 0.6085806194501846 1 0 0 0.9955986923042609 -0.0937189622330804 3.329306053758153
cell 5.2150517404605745 16.78054564540046 0.0 1.6431676725154984 0.6085806194501846 1 0 0 -0.7841506011598381 -0.6205705718938536 1.8026524048155483
cell 6.8141551923671715 37.1587614718511 0.0 1.6431676725154984 0.6085806194501846 1 0 0 -0.4237332133138555 -0.9057870411607326 0.8751257586379291
cell 2.861768340596146 14.767290858481422 0.0 1.6431676725154984 0.6085806194501846 1 0 0 -0.7694131330355184 -0.6387514623955609 1.7558437411147754
cell 56.99237435038937 3.5372499781845312 0.0 1.0 1.0 1 0 0 0.0 1.0 0
cell 9.669647023064508 22.464514751612075 0.0 1.6431676725154984 0.6085806194501846 1 0 0 0.8219761409064906 0.5695219256362947 1.9297444094342642
cell 59.14117674112592 31.838013875323043 0.0 1.6431676725154984 0.6085806194501846 1 0 0 0.44966309033717405 0.8931982451776439 0.9327762169952475
cell 36.79473718114524 33.24817186856103 0.0 1.6431676725154984 0.6085806194501846 1 0 0 0.8611481144997367 0.5083541333495267 2.075047727940045
cell 63.720967734561924 18.04855726051636 0.0 1.0 1.0 1 0 0 0.0 1.0 0
cell 41.364180663259575 2.8285083701839273 0.0 1.6431676725154984 0.6085806194501846 1 0 0 0.31509556451241505 0.9490599481721913 0.641114692459366
cell 29.595152873868997 62.82862724165961 0.0 1.6431676725154984 0.6085806194501846 1 0 0 0.9050713489418456 0.42525974806533007 2.2630949374355462
cell 54.941901708828176 24.752429311162274 0.0 1.6431676725154984 0.6085806194501846 1 0 0 -0.15031112819932863 -0.9886387432927384 0.3017659377629043
cell 61.011407774224715 22.489890197176106 0.0 1.6431676725154984 0.6085806194501846 1 0 0 0.5828564680492695 0.8125751273901576 1.244479209904399
cell 20.05677405390844 59.46170712703712 0.0 1.6431676725154984 0.6085806194501846 1 0 0 0.9999884978204607 0.0047962721751838525 3.132000072460867
cell 11.338875935624257 54.8233108641519 0.0 1.6431676725154984 0.6085806194501846 1 0 0 -0.9816173678558084 -0.19085948528651758 2.7575173478083155
cell 12.867404472291874 44.980209225289435 0.0 1.6431676725154984 0.6085806194501846 1 0 0 0.13966537665951206 -0.9901987591198833 6.002938364937228
cell 64.90732694366552 19.494299155992973 0.0 1.0 1.0 1 0 0 0.0 1.0 0
cell 2.876387878274254 33.64372370676483 0.0 1.6431676725154984 0.6085806194501846 1 0 0 0.44524103062007075 0.8954107575031569 0.922886854478181
cell 1.5796257531950264 4.811273435527509 0.0 1.6431676725154984 0.6085806194501846 1 0 0 0.6653994814005396 -0.7464874614833747 4.827127629934596
cell 41.92434810592561 5.949982724321239 0.0 1.6431676725154984 0.6085806194501846 1 0 0 0.2436238098800657 0.9698698053138481 0.4922009918769749
cell 45.35888291165889 2.0919479061318293 0.0 1.6431676725154984 0.6085806194501846 1 0 0 0.4851077673896177 0.8744543750352334 1.0129728060934673
cell 7.522929349199879 47.48508021601961 0.0 1.6431676725154984 0.6085806194501846 1 0 0 0.9466691490683297 -0.3222072659054178 3.79771300913055
cell 45.591278301959285 0.4134986293150789 0.0 1.6431676725154984 0.6085806194501846 1 0 0 0.4712606364100944 0.8819939980353341 0.9814390716984436
cell 35.694706915702795 43.461558824637486 0.0 1.0 1.0 1 0 0 0.0 1.0 0
cell 19.57782562036656 50.32221299233788 0.0 1.0 1.0 1 0 0 0.0 1.0 0
cell 6.4073440455465835 16.375252730527468 0.0 1.6431676725154984 0.6085806194501846 1 0 0 0.815504496874047 0.578750737000142 1.9072007202150434
cell 10.972032945095537 12.72391534691828 0.0 1.6431676725154984 0.6085806194501846 1 0 0 0.9099463098847305 0.4147260699873617 2.286309168468244
cell 50.66920175387393 5.1338972408343055 0.0 1.0 1.0 1 0 0 0.0 1.0 0
cell 50.73400081419199 16.657697246648116 0.0 1.6431676725154984 0.6085806194501846 1 0 0 -0.40686895238221726 -0.9134865382628236 0.838047711431539
cell 64.62198561539395 22.84400367909968 0.0 1.0 1.0 1 0 0 0.0 1.0 0
cell 0.44513740107379973 47.38780093733174 0.0 1.6431676725154984 0.6085806194501846 1 0 0 0.9880443353284728 0.15417000819003773 2.8320179271944883
cell 19.93270297515618 28.992549743190867 0.0 1.0 1.0 1 0 0 0.0 1.0 0
cell 28.43499222024823 6.941048053588687 0.0 1.6431676725154984 0.6085806194501846 1 0 0 0.9190714765771899 -0.39409087903962436 3.951749589056752
cell 30.354063185764023 65.16498014042973 0.0 1.6431676725154984 0.6085806194501846 1 0 0 0.9104930971294593 0.41352426782427787 2.2889498539727677
cell 0.527340515950118 3.344941664788318 0.0 1.6431676725154984 0.6085806194501846 1 0 0 0.32324365118866955 -0.946315772861373 5.624875002489851
cell 26.313913828468802 28.846171531595854 0.0 1.6431676725154984 0.6085806194501846 1 0 0 0.9983069480901705 -0.05816560319372317 3.2579895560605268
cell 61.83581333299684 12.20178094174754 0.0 1.0 1.0 1 0 0 0.0 1.0 0
cell 29.403854265829818 46.84107183151867 0.0 1.6431676725154984 0.6085806194501846 1 0 0 0.7116728749137595 0.70251100995784 1.5837532511067032
cell 8.18708023324386 35.95931965444876 0.0 1.6431676725154984 0.6085806194501846 1 0 0 0.6355489371063937 0.7720605860571651 1.3774386295507939
cell 16.016315069670544 52.19634960809387 0.0 1.0 1.0 1 0 0 0.0 1.0 0
cell 7.6276965422979 28.509524227026432 0.0 1.6431676725154984 0.6085806194501846 1 0 0 0.7310966643451371 0.6822738946958281 1.6398558723100845
cell 58.9422121444807 3.6329546826027497 0.0 1.0 1.0 1 0 0 0.0 1.0 0
cell 24.47663148551838 58.216753327533496 0.0 1.0 1.0 1 0 0 0.0 1.0 0
cell 17.881990333494507 51.41099278099544 0.0 1.0 1.0 1 0 0 0.0 1.0 0
cell 25.35764611237975 2.2097227316611407 0.0 1.6431676725154984 0.6085806194501846 1 0 0 -0.9628979589015136 0.2698657457761152 3.6880998565556826
cell 56.8207671206032 47.10387155121571 0.0 1.6431676725154984 0.6085806194501846 1 0 0 0.7627900648749538 0.646646206923124 1.735233747154845
cell 34.48673972604389 9.749800461553331 0.0 1.6431676725154984 0.6085806194501846 1 0 0 0.23760615585448902 0.9713615777351152 0.47980136800373935
cell 9.784864370781557 27.344350490906987 0.0 1.6431676725154984 0.6085806194501846 1 0 0 0.7601189327342827 0.6497839703308286 1.726992259390165
cell 46.4960265161739 11.96779123777615 0.0 1.6431676725154984 0.6085806194501846 1 0 0 -0.24780270920560726 -0.9688105167215936 0.5008231309802804
cell 64.92081417368134 24.624759465077673 0.0 1.0 1.0 1 0 0 0.0 1.0 0
cell 29.308015888985206 51.12509442183254 0.0 1.6431676725154984 0.6085806194501846 1 0 0 -0.7930905748260626 -0.6091037186900647 1.8317326782830339
cell 42.58856198375702 30.951028703840223 0.0 1.6431676725154984 0.6085806194501846 1 0 0 -0.38005321704787537 0.924964622140523 5.50347764730283
cell 0.09551104707411917 29.643092036355274 0.0 1.6431676725154984 0.6085806194501846 1 0 0 -0.5303680337400042 -0.8477675086878252 1.1180692549873275
cell 1.436728427719538 45.75847792116534 0.0 1.6431676725154984 0.6085806194501846 1 0 0 0.23367150436867767 -0.9723156010504403 5.811481263472558
cell 26.32946695726777 52.120616829660605 0.0 1.6431676725154984 0.6085806194501846 1 0 0 0.6888946245441561 0.7248615014429765 1.519925996792664
cell 17.145873747874663 23.854500413154593 0.0 1.6431676725154984 0.6085806194501846 1 0 0 0.9992272269140426 -0.03930583918035916 3.220224587875036
cell 39.84823236643056 26.348381424037303 0.0 1.0 1.0 1 0 0 0.0 1.0 0
cell 17.613951971925868 1.058098527544086 0.0 1.6431676725154984 0.6085806194501846 1 0 0 0.5094532813217274 0.860498317343227 1.0690986388919956
cell 65.96924969225083 35.463552789170485 0.0 1.6431676725154984 0.6085806194501846 1 0 0 -0.49795062194664674 -0.8672053840371079 1.042467939623366
cell 27.677885769086227 46.06127188379076 0.0 1.6431676725154984 0.6085806194501846 1 0 0 0.08333433139449904 0.9965216451292124 0.16686217631093467
cell 6.165957773019746 31.461357237459193 0.0 1.6431676725154984 0.6085806194501846 1 0 0 0.6946747222537455 0.7193240092348382 1.5359352055934377
cell 24.45099667473475 7.881850872356687 0.0 1.6431676725154984 0.6085806194501846 1 0 0 0.5136088697817813 0.8580244337322109 1.0787710865982385
cell 17.13960238806346 19.64522381538673 0.0 1.6431676725154984 0.6085806194501846 1 0 0 0.940243817580296 -0.34050192877872376 3.836494002156669
cell 1.1151955131811304 38.47918158944303 0.0 1.6431676725154984 0.6085806194501846 1 0 0 -0.18903358823565838 -0.9819706220242801 0.3803557953057535
cell 61.71885440311531 44.936085054763396 0.0 1.6431676725154984 0.6085806194501846 1 0 0 0.9945424280939034 -0.10433292251769404 3.350638932203523
cell 32.986151312615306 13.760316967673683 0.0 1.6431676725154984 0.6085806194501846 1 0 0 0.9261600087145586 -0.3771307972810609 3.914985412156974
cell 64.02577429701977 8.960982325696481 0.0 1.0 1.0 1 0 0 0.0 1.0 0
cell 62.89657673801562 14.752946726445149 0.0 1.0 1.0 1 0 0 0.0 1.0 0
cell 1.754544197535586 0.39906956630417406 0.0 1.6431676725154984 0.6085806194501846 1 0 0 0.1441291831425612 0.9895588807982363 0.28926582178343496
cell 19.668864072694287 39.254181464511895 0.0 1.6431676725154984 0.6085806194501846 1 0 0 0.06973655361901833 0.9975654430108041 0.1395864026513826
cell 25.094486149310853 37.97993891040669 0.0 1.6431676725154984 0.6085806194501846 1 0 0 0.34780983648530933 0.9375651004831944 0.7104681525002831
cell 14.634082580601847 2.60065163103116 0.0 1.6431676725154984 0.6085806194501846 1 0 0 -0.49042505963112176 -0.8714833681062483 1.0251548574245035
cell 13.273569041431799 29.832412265159768 0.0 1.6431676725154984 0.6085806194501846 1 0 0 0.4184402239782108 0.908244338797146 0.8634545728504508
cell 49.99198876309557 8.276918138573112 0.0 1.6431676725154984 0.6085806194501846 1 0 0 0.4816266243686468 0.876376514233045 1.0050196943337146
cell 15.511483313052674 44.88127868387137 0.0 1.6431676725154984 0.6085806194501846 1 0 0 -0.18744839402873537 0.9822744522668031 5.906057609800168
cell 38.582569471033395 3.367913136414715 0.0 1.6431676725154984 0.6085806194501846 1 0 0 0.49880793916318134 0.8667125474041437 1.0444456967735192
cell 31.660567758958905 60.530714783591975 0.0 1.6431676725154984 0.6085806194501846 1 0 0 0.9015902556600609 0.4325910434796658 2.246863330685954
cell 0.43954196191080114 36.04597628370193 0.0 1.6431676725154984 0.6085806194501846 1 0 0 -0.6864223753621805 -0.7272030820906508 1.5131157024815325
cell 21.221930672213247 51.13004035745638 0.0 1.0 1.0 1 0 0 0.0 1.0 0
cell 41.05388996430456 17.83561440071094 0.0 1.0 1.0 1 0 0 0.0 1.0 0
cell 12.820609401945502 31.65808484596413 0.0 1.6431676725154984 0.6085806194501846 1 0 0 0.31245454089182884 0.949932713341359 0.6355516969378551
cell 54.516190790130146 57.17405932753553 0.0 1.6431676725154984 0.6085806194501846 1 0 0 0.9923290069296292 0.123625005585666 2.893708478416595
cell 64.07790398707075 51.85341468950814 0.0 1.6431676725154984 0.6085806194501846 1 0 0 0.6014406574036533 0.7989174773541141 1.2906062985580955
cell 10.27098062805787 46.71953816210425 0.0 1.6431676725154984 0.6085806194501846 1 0 0 0.11464771910202408 0.9934062112271613 0.2298007464425879
cell 42.481338600221314 51.80578367267641 0.0 1.6431676725154984 0.6085806194501846 1 0 0 0.843585207209115 -0.5369953427898184 4.27533522158978
cell 42.21748827608821 7.3754639483003945 0.0 1.6431676725154984 0.6085806194501846 1 0 0 0.2252360161209792 0.9743042322816575 0.4543705401595006
cell 8.32186598245944 63.91324847110829 0.0 1.6431676725154984 0.6085806194501846 1 0 0 -0.3038651994235183 -0.952715036398243 0.6174941597608248
cell 8.459257809043915 42.187245491928216 0.0 1.6431676725154984 0.6085806194501846 1 0 0 0.12336660371895497 -0.9923611646406012 6.035821922342235
cell 25.695707294553156 39.84017684225751 0.0 1.6431676725154984 0.6085806194501846 1 0 0 0.039474826939487326 0.9992205652597916 0.07897017231054873
cell 1.334784046511971 63.34565951127069 0.0 1.6431676725154984 0.6085806194501846 1 0 0 0.43624411239107613 0.8998283583018053 0.902840849842854
cell 16.441389383349364 40.1282191436524 0.0 1.6431676725154984 0.6085806194501846 1 0 0 0.005315038761189762 0.9999858750817269 0.010630127572321051
cell 60.76507652987489 62.83464520000357 0.0 1.6431676725154984 0.6085806194501846 1 0 0 -0.18169124183630345 -0.9833556287732236 0.3654120937458485
cell 37.11760144562088 14.839848307930142 0.0 1.0 1.0 1 0 0 0.0 1.0 0
cell 7.5756385260563555 59.08218573853598 0.0 1.6431676725154984 0.6085806194501846 1 0 0 -0.40447843520948834 -0.9145475359162495 0.8328169209471783
cell 33.440264511319654 49.53461543290697 0.0 1.0 1.0 1 0 0 0.0 1.0 0
cell 21.214773315786115 40.04239910941669 0.0 1.6431676725154984 0.6085806194501846 1 0 0 0.011152683656126022 0.9999378068896417 0.022305829737146197
cell 53.94883784390086 63.438102499259536 0.0 1.6431676725154984 0.6085806194501846 1 0 0 0.9184848930259233 -0.39545606745017603 3.954721336061547
cell 6.335662277520966 23.773174290328168 0.0 1.6431676725154984 0.6085806194501846 1 0 0 -0.7985725426566417 -0.6018985746078039 1.8498397633513175
cell 55.6299695726708 46.95612306243101 0.0 1.6431676725154984 0.6085806194501846 1 0 0 0.6693994736409 -0.7429026481910574 4.816385024360871
cell 52.26411855410429 49.743139067420856 0.0 1.6431676725154984 0.6085806194501846 1 0 0 -0.46597838133123465 0.8847961054005168 5.313705187096372
cell 9.317918881626252 43.47729940161784 0.0 1.0 1.0 1 0 0 0.0 1.0 0
cell 10.225239277959483 29.806568160659356 0.0 1.6431676725154984 0.6085806194501846 1 0 0 0.7554354702179777 0.6552230538805414 1.7126369576262672
cell 57.10480736344351 22.99604840242926 0.0 1.6431676725154984 0.6085806194501846 1 0 0 0.24505127456976428 0.9695101200254354 0.4951451585423466
cell 40.931417968084155 50.29824463474568 0.0 1.6431676725154984 0.6085806194501846 1 0 0 0.8974643712401877 0.4410869555478313 2.227973745488965
cell 64.74499747789784 38.83902769323224 0.0 1.6431676725154984 0.6085806194501846 1 0 0 0.4029860717411999 0.9152061112026059 0.8295544858325432
cell 48.38471275609389 36.40062779053553 0.0 1.6431676725154984 0.6085806194501846 1 0 0 -0.6981886554888047 0.7159138225699622 4.737456808416158
cell 44.90781297061272 9.125366709663666 0.0 1.6431676725154984 0.6085806194501846 1 0 0 -0.24633318670951368 -0.969185204759924 0.49779005469809867
cell 46.48324269070422 16.042836789069117 0.0 1.0 1.0 1 0 0 0.0 1.0 0
cell 32.40345322534752 12.00776799466806 0.0 1.6431676725154984 0.6085806194501846 1 0 0 0.9789247558034928 -0.20422125862669618 3.552928922152153
cell 0.6407065252395189 9.855928126419606 0.0 1.0 1.0 1 0 0 0.0 1.0 0
cell 20.424258244211583 35.834642139715484 0.0 1.6431676725154984 0.6085806194501846 1 0 0 0.18153492971233923 0.9833844971801905 0.36509418265719473
cell 60.34539764220186 1.8331312853019088 0.0 1.0 1.0 1 0 0 0.0 1.0 0
cell 12.982101841031186 42.7594821779886 0.0 1.0 1.0 1 0 0 0.0 1.0 0
cell 13.317377418575402 56.75850790877403 0.0 1.6431676725154984 0.6085806194501846 1 0 0 0.9999841155149061 0.005636374532541279 3.13031984483706
cell 52.67485155027658 56.40791851583537 0.0 1.6431676725154984 0.6085806194501846 1 0 0 -0.8088313773126804 -0.5880406474679046 1.884324148125426
cell 1.9286262739171556 17.493075273032883 0.0 1.6431676725154984 0.6085806194501846 1 0 0 0.7345071027649157 0.6786009991061681 1.64988010391507
cell 36.85161913256751 49.751545485538514 0.0 1.6431676725154984 0.6085806194501846 1 0 0 -0.8178384115774537 -0.5754479407804561 1.9152891423117921
cell 51.716256244654176 9.829033897211525 0.0 1.6431676725154984 0.6085806194501846 1 0 0 0.5342507378589776 0.8453260608174445 1.1272422797568777
cell 65.70809646377957 64.00169677973992 0.0 1.6431676725154984 0.6085806194501846 1 0 0 0.2620373578854069 0.9650577304350425 0.5302654502921403
cell 65.72775477411737 36.84617795808802 0.0 1.6431676725154984 0.6085806194501846 1 0 0 -0.27216329831054875 -0.9622510790083445 0.5512809662400846
cell 57.17885765530782 13.996573475620762 0.0 1.0 1.0 1 0 0 0.0 1.0 0
cell 62.70657143713726 16.70919108629137 0.0 1.0 1.0 1 0 0 0.0 1.0 0
cell 9.3893631489194 34.99088877993761 0.0 1.6431676725154984 0.6085806194501846 1 0 0 0.8069683306217936 0.590594711603038 1.8780014288046092
cell 1.2681850532918568 48.612893771236976 0.0 1.6431676725154984 0.6085806194501846 1 0 0 0.9999638199002764 -0.008506402908842919 3.158605664585452
cell 17.915894673606058 31.864174375135047 0.0 1.6431676725154984 0.6085806194501846 1 0 0 0.4001571730562519 0.9164465270006913 0.8233766847000314
cell 42.894996370662774 49.825029873958364 0.0 1.6431676725154984 0.6085806194501846 1 0 0 0.8069049895858005 -0.5906812488826264 4.405398361825251
cell 48.93813149962384 1.6951328424313137 0.0 1.0 1.0 1 0 0 0.0 1.0 0
cell 36.30339373908616 18.047735448939207 0.0 1.6431676725154984 0.6085806194501846 1 0 0 0.9976532048305177 0.06846957639271022 3.004546277431012
cell 61.08134525938564 13.925291611692316 0.0 1.0 1.0 1 0 0 0.0 1.0 0
cell 3.3234573843051365 30.527332633476053 0.0 1.6431676725154984 0.6085806194501846 1 0 0 -0.674193615983425 -0.7385546480574028 1.4797446332754731
cell 11.34978541664284 29.28262805510388 0.0 1.6431676725154984 0.6085806194501846 1 0 0 -0.7558389893760011 -0.6547575292725278 1.7138690954165527
cell 37.24205215972351 52.60147454688955 0.0 1.6431676725154984 0.6085806194501846 1 0 0 0.9185218446961387 0.3953702325871314 2.3286508726926924
cell 50.27496920645836 41.786492455359344 0.0 1.6431676725154984 0.6085806194501846 1 0 0 0.8970426217398539 -0.4419440403287381 4.0571220244953645
cell 45.40388593805193 14.408871328667447 0.0 1.0 1.0 1 0 0 0.0 1.0 0
cell 25.099668925301668 60.300827743320404 0.0 1.6431676725154984 0.6085806194501846 1 0 0 0.9334313860716821 0.3587559720705685 2.4077230446355897
cell 13.77221959917884 12.49402260048619 0.0 1.6431676725154984 0.6085806194501846 1 0 0 0.6027492608546865 0.7979306539663262 1.2938842637757728
cell 40.9957599053019 14.389861486524957 0.0 1.0 1.0 1 0 0 0.0 1.0 0
cell 38.853124347765885 65.28010188704856 0.0 1.6431676725154984 0.6085806194501846 1 0 0 0.7294545233308297 0.6840293110621737 1.635048329689442
cell 60.352534168489825 26.668448696438503 0.0 1.6431676725154984 0.6085806194501846 1 0 0 0.13286971773915035 0.9911335117469888 0.266527623432836
cell 63.54234056754922 36.18366416929666 0.0 1.6431676725154984 0.6085806194501846 1 0 0 0.48657800680456487 0.8736371347957325 1.0163370214334773
cell 1.5949752420335213 28.777728098680118 0.0 1.6431676725154984 0.6085806194501846 1 0 0 0.5885038675420567 0.808494401890354 1.2584141498792216
cell 60.64772745648149 54.895132977627455 0.0 1.6431676725154984 0.6085806194501846 1 0 0 0.9104778854461697 0.4135577591020043 2.288876286017994
cell 14.429184423485435 29.900366366111736 0.0 1.6431676725154984 0.6085806194501846 1 0 0 0.6382029017665721 0.7698682070177513 1.384323414506604
cell 42.45852496977237 19.48907792084044 0.0 1.0 1.0 1 0 0 0.0 1.0 0
cell 53.65337165104895 22.763765573396096 0.0 1.6431676725154984 0.6085806194501846 1 0 0 -0.38395968942077385 -0.9233498561758176 0.7881617765370565
cell 34.28118431014749 17.0176620767998 0.0 1.6431676725154984 0.6085806194501846 1 0 0 0.6953983243338653 -0.7186244989656645 4.745237228343709
cell 9.1107576585008 13.37137367639203 0.0 1.6431676725154984 0.6085806194501846 1 0 0 -0.9020317362916899 -0.43166971948771116 2.2489066056425253
cell 52.788509609811044 65.07056583558627 0.0 1.6431676725154984 0.6085806194501846 1 0 0 0.7524888775768679 -0.6586049568011962 4.5795193493395
cell 49.09019099413673 12.998565990631084 0.0 1.6431676725154984 0.6085806194501846 1 0 0 0.37670995372953076 0.9263312640524959 0.7724840502769404
cell 12.872278099370368 46.26927588104947 0.0 1.0 1.0 1 0 0 0.0 1.0 0
cell 18.071883807641086 22.50541161934485 0.0 1.6431676725154984 0.6085806194501846 1 0 0 0.9901125390606211 0.1402753007301356 2.860113735239642
cell 23.40091172400565 27.824697420509512 0.0 1.6431676725154984 0.6085806194501846 1 0 0 0.9849834587021237 -0.17264873611817122 3.4886289661228176
cell 9.952587616477771 61.26322626640526 0.0 1.6431676725154984 0.6085806194501846 1 0 0 0.3988222496888262 0.9170282510114635 0.8204643498317231
cell 27.98907481463998 32.032016175774125 0.0 1.0 1.0 1 0 0 0.0 1.0 0
cell 55.13009746326546 66.88953337252333 0.0 1.0 1.0 1 0 0 0.0 1.0 0
cell 7.5657576415939145 20.647614536185145 0.0 1.6431676725154984 0.6085806194501846 1 0 0 0.8065022423309008 0.5912310319284915 1.876423909380009
cell 4.4991850443190025 46.50728524145251 0.0 1.6431676725154984 0.6085806194501846 1 0 0 0.9984952461359106 -0.05483833917969612 3.25132437721763
cell 54.24515750180887 8.83295563523416 0.0 1.0 1.0 1 0 0 0.0 1.0 0
cell 25.810610154745806 63.74939712145361 0.0 1.6431676725154984 0.6085806194501846 1 0 0 0.4313744720006581 0.902172968396944 0.8920314714823016
cell 34.97822035747792 48.64461882695457 0.0 1.6431676725154984 0.6085806194501846 1 0 0 0.7444826476937292 0.6676418106162425 1.6795192218737758
cell 47.019920049146755 4.828747513710234 0.0 1.6431676725154984 0.6085806194501846 1 0 0 0.4046444542157087 0.9144740924009117 0.8331799981316008
cell 7.697250373597297 1.190778905585369 0.0 1.6431676725154984 0.6085806194501846 1 0 0 0.3460316133221091 0.9382228533678437 0.706676204424563
cell 16.735151789553417 58.82323391059087 0.0 1.6431676725154984 0.6085806194501846 1 0 0 0.9833935032947586 -0.18148613632358132 3.506587601074058
cell 65.75555154755959 10.424258319558142 0.0 1.0 1.0 1 0 0 0.0 1.0 0
cell 45.118067310183704 31.974084527538846 0.0 1.6431676725154984 0.6085806194501846 1 0 0 0.6762603846711331 -0.7366626718685093 4.797836706793399
cell 44.731070837660376 7.783532281670892 0.0 1.6431676725154984 0.6085806194501846 1 0 0 0.26856521790735916 0.9632615032951191 0.5438064345266187
cell 39.304184989333436 1.0039138475750307 0.0 1.6431676725154984 0.6085806194501846 1 0 0 0.7543963893984932 0.6564191402316945 1.7094681647747387
cell 12.148317858309786 41.92956834053496 0.0 1.6431676725154984 0.6085806194501846 1 0 0 -0.26020467339241 0.9655534826951583 5.756716963068202
cell 44.553276735914636 19.40778651272401 0.0 1.0 1.0 1 0 0 0.0 1.0 0
cell 4.152799378901486 33.90837748944413 0.0 1.6431676725154984 0.6085806194501846 1 0 0 -0.5529961312725168 -0.8331838205327978 1.171911934341055
cell 18.716348229256507 36.045820409256535 0.0 1.6431676725154984 0.6085806194501846 1 0 0 0.24740961452580207 0.9689109776652312 0.5000116734502864
cell 17.97509153779997 53.397057298171624 0.0 1.0 1.0 1 0 0 0.0 1.0 0
cell 35.57260403953398 5.313611012559781 0.0 1.6431676725154984 0.6085806194501846 1 0 0 0.6223986338194916 0.7827004156250529 1.3436070896585268
cell 6.093662143238938 11.30735794175949 0.0 1.6431676725154984 0.6085806194501846 1 0 0 0.7601532634632627 0.6497438080090886 1.7270979307872503
cell 52.298995076889966 47.631269678052334 0.0 1.6431676725154984 0.6085806194501846 1 0 0 0.8782746091964408 0.47815657565366515 2.1444834644154285
cell 12.516811006543678 64.96068390866517 0.0 1.6431676725154984 0.6085806194501846 1 0 0 0.35363312091324123 0.9353842075816552 0.7229047211543042
cell 2.6561003399902297 22.255773049507738 0.0 1.6431676725154984 0.6085806194501846 1 0 0 -0.7045402325879958 -0.7096640477471384 1.563550142052554
cell 42.058338176073576 8.59714862760688 0.0 1.6431676725154984 0.6085806194501846 1 0 0 -0.15616473703470723 -0.9877310235620226 0.31361309676563387
cell 15.133225274266781 39.21929170565191 0.0 1.6431676725154984 0.6085806194501846 1 0 0 0.04942576704417261 0.9987777998894926 0.09889182590552753
cell 27.185174518411838 40.75567183922104 0.0 1.6431676725154984 0.6085806194501846 1 0 0 0.12048747373529835 0.9927148476137978 0.24156183779932197
cell 7.313937952791217 45.685417249844065 0.0 1.6431676725154984 0.6085806194501846 1 0 0 0.4166454518775715 0.9090690663694009 0.8595041887020064
cell 10.192238284147852 64.03698192668092 0.0 1.6431676725154984 0.6085806194501846 1 0 0 0.3020420067246307 0.953294616670921 0.6136679626796373
cell 14.299004295355022 33.31727031122831 0.0 1.6431676725154984 0.6085806194501846 1 0 0 0.2516233828922987 0.9678252286347135 0.5087144832679767
cell 32.26547536661419 23.636878684196017 0.0 1.6431676725154984 0.6085806194501846 1 0 0 0.9949062355510623 0.10080467480039845 2.939640288144521
cell 8.652260725595784 10.033408598985309 0.0 1.6431676725154984 0.6085806194501846 1 0 0 -0.8013528326959561 -0.5981919738095512 1.8591066809812329
cell 9.590460435430781 24.909407151702094 0.0 1.6431676725154984 0.6085806194501846 1 0 0 0.7963923751833756 0.6047802780760808 1.842612769702933
cell 43.10227656155724 2.8605281092020856 0.0 1.6431676725154984 0.6085806194501846 1 0 0 0.4024899051187282 0.915424424121138 0.8284703421984277
cell 58.61685399861609 55.86936511686036 0.0 1.6431676725154984 0.6085806194501846 1 0 0 0.894841650680387 0.44638371409315586 2.216152676853132
cell 40.40291197762786 35.618982473469956 0.0 1.6431676725154984 0.6085806194501846 1 0 0 0.24991840341072352 -0.9682669010333023 5.77799334025204
cell 7.46311293204508 23.189018623346886 0.0 1.6431676725154984 0.6085806194501846 1 0 0 -0.7980285293646424 -0.6026196697089351 1.8480331879587855
cell 13.785399417317826 36.44474724199284 0.0 1.6431676725154984 0.6085806194501846 1 0 0 0.13281445920110113 0.9911409180470349 0.2664161181090431
cell 1.6760122813760614 65.11463950937035 0.0 1.6431676725154984 0.6085806194501846 1 0 0 0.22964410164497082 0.973274671703561 0.4634239920893908
cell 29.113505157791867 43.83304205154353 0.0 1.6431676725154984 0.6085806194501846 1 0 0 0.35726211275758496 0.9340041663654326 0.7306698005487523
cell 7.950242585149957 56.10354904837652 0.0 1.6431676725154984 0.6085806194501846 1 0 0 0.9339070349757986 -0.35751594373218165 3.8728060152518404
cell 48.685204563991135 59.69559940765612 0.0 1.6431676725154984 0.6085806194501846 1 0 0 0.7710511637187046 -0.6367731958303767 4.522204762876703
cell 20.148536556979753 40.84359287691355 0.0 1.6431676725154984 0.6085806194501846 1 0 0 0.10649375509689119 0.994313371189065 0.21339215774634157
cell 4.434454701193043 8.936821159646758 0.0 1.6431676725154984 0.6085806194501846 1 0 0 0.7102474409482953 0.7039521096114407 1.5796992991542278
cell 56.97509160668236 10.596814183642113 0.0 1.0 1.0 1 0 0 0.0 1.0 0
cell 25.71219253968291 35.88560850081265 0.0 1.6431676725154984 0.6085806194501846 1 0 0 0.24255715049293672 0.9701371185274517 0.4900017022424172
cell 23.021638334634552 53.89510536823615 0.0 1.0 1.0 1 0 0 0.0 1.0 0
cell 21.04898697388895 27.772912611760617 0.0 1.6431676725154984 0.6085806194501846 1 0 0 0.9639876195214828 -0.26594711769317014 3.6799652320099208
cell 15.22082258321783 8.645420969516325 0.0 1.6431676725154984 0.6085806194501846 1 0 0 0.7695239673191343 0.6386179325084913 1.7561908115355318
cell 7.648332422179566 60.61594504515328 0.0 1.6431676725154984 0.6085806194501846 1 0 0 0.2658783290766873 0.964006594441858 0.5382298630199349
cell 12.215272986917608 55.665455115820436 0.0 1.6431676725154984 0.6085806194501846 1 0 0 0.9833233571079093 0.1818658169256419 2.7758254940906966
cell 29.757519093932377 52.971514701895906 0.0 1.6431676725154984 0.6085806194501846 1 0 0 0.8378612759527398 0.545883213021656 1.9867068912128798
cell 32.31466669567353 7.318132603938105 0.0 1.6431676725154984 0.6085806194501846 1 0 0 0.5439927760925829 0.8390898995692208 1.1503765407469289
cell 30.724774449273657 35.22089301002428 0.0 1.6431676725154984 0.6085806194501846 1 0 0 0.1304811993692784 0.9914507837563873 0.26170862588562976
cell 49.80050099108484 25.29841673462561 0.0 1.0 1.0 1 0 0 0.0 1.0 0
cell 10.718518235237111 58.27571425095329 0.0 1.6431676725154984 0.6085806194501846 1 0 0 0.9353479796029337 0.35372893160259006 2.418483069997303
cell 14.621125530855716 41.0808192437105 0.0 1.6431676725154984 0.6085806194501846 1 0 0 -0.06908363626458852 0.9976108716330542 6.144907896272603
cell 62.83945385647923 7.232577001968131 0.0 1.0 1.0 1 0 0 0.0 1.0 0
cell 62.07574372935495 28.836455357688035 0.0 1.6431676725154984 0.6085806194501846 1 0 0 -0.4534418473926539 -0.8912858638131411 0.9412464552862669
cell 59.495641862584776 18.777765719267183 0.0 1.0 1.0 1 0 0 0.0 1.0 0
cell 25.288791543350122 45.09501412046439 0.0 1.0 1.0 1 0 0 0.0 1.0 0
cell 4.200306682103112 39.635027987157095 0.0 1.6431676725154984 0.6085806194501846 1 0 0 0.16925060644627923 0.9855730476314613 0.3401385122566086
cell 29.199465126996504 60.86221626507217 0.0 1.6431676725154984 0.6085806194501846 1 0 0 0.770128178256143 0.6378891667491104 1.7580841371339155
cell 29.00308043706682 33.818582873933025 0.0 1.6431676725154984 0.6085806194501846 1 0 0 0.9996124842840634 -0.027836689160945508 3.1972732244629403
cell 34.596471484301674 66.24021899133653 0.0 1.6431676725154984 0.6085806194501846 1 0 0 0.632783005097875 0.7743291731939993 1.3702840838294128
cell 66.92019569381674 41.45364296276816 0.0 1.6431676725154984 0.6085806194501846 1 0 0 0.49935354914235475 0.8663983108010621 1.0457049583113842
cell 24.289957175712036 64.26820630914523 0.0 1.6431676725154984 0.6085806194501846 1 0 0 0.9750727765560662 -0.2218852866218123 3.5890877126411276
cell 15.438621001310658 28.29801855236677 0.0 1.6431676725154984 0.6085806194501846 1 0 0 0.7771946016542697 0.6292603206618553 1.7803904244891866
cell 42.25647813225413 23.096537923727084 0.0 1.6431676725154984 0.6085806194501846 1 0 0 0.8572281615925103 -0.514936771820313 4.223460431082099
cell 57.16702071177031 28.08398566579153 0.0 1.0 1.0 1 0 0 0.0 1.0 0
cell 46.36626243417987 27.6229136700029 0.0 1.6431676725154984 0.6085806194501846 1 0 0 0.8846945002557233 -0.4661712573907535 4.111508777250847
cell 66.02853644115177 26.63978054985677 0.0 1.6431676725154984 0.6085806194501846 1 0 0 0.6246695557001563 0.7808892022440632 1.3494165942956862
cell 63.58579047453224 27.33738461100001 0.0 1.6431676725154984 0.6085806194501846 1 0 0 0.5724142604420068 0.8199645812122803 1.2188943738363727
cell 26.961065446493844 44.79482095564007 0.0 1.0 1.0 1 0 0 0.0 1.0 0
cell 3.03659092162676 35.11899729289036 0.0 1.6431676725154984 0.6085806194501846 1 0 0 -0.4121946104417936 -0.9110958254337126 0.8497230252818628
cell 64.22333943458588 34.68235140160464 0.0 1.6431676725154984 0.6085806194501846 1 0 0 -0.502067737225008 -0.8648282992812852 1.051976086176622
cell 64.82471315823109 7.127152364391486 0.0 1.0 1.0 1 0 0 0.0 1.0 0
cell 65.89161063034754 38.30649841858031 0.0 1.6431676725154984 0.6085806194501846 1 0 0 -0.3154411905178895 -0.9489451276679051 0.6418430909363853
cell 29.549397997142766 55.069903292149554 0.0 1.6431676725154984 0.6085806194501846 1 0 0 0.9022434324889185 0.4312270730492398 2.2498879336289654
cell 59.87515807582652 8.825218151715896 0.0 1.0 1.0 1 0 0 0.0 1.0 0
cell 22.996985684700313 30.56372436960444 0.0 1.0 1.0 1 0 0 0.0 1.0 0
cell 52.30133773508499 32.04986802485388 0.0 1.6431676725154984 0.6085806194501846 1 0 0 0.6415753651324755 0.7670600047291807 1.3931005530286276
cell 21.16624726354716 26.354826037451534 0.0 1.6431676725154984 0.6085806194501846 1 0 0 0.9937443258889572 -0.11167907039146592 3.3654177148557793
cell 28.06968064188309 48.814889179518076 0.0 1.6431676725154984 0.6085806194501846 1 0 0 0.8004666023121931 0.5993773590842194 1.8561465844001204
cell 50.63460929905093 23.50501608352126 0.0 1.0 1.0 1 0 0 0.0 1.0 0
cell 28.27887443833544 38.998286399818106 0.0 1.6431676725154984 0.6085806194501846 1 0 0 0.331320774366769 0.9435181738965098 0.6754061432125168
cell 8.516088952202278 22.877137507458215 0.0 1.6431676725154984 0.6085806194501846 1 0 0 0.8070411926349286 0.5904951425629106 1.8782481907686903
cell 20.34162312811629 4.344348611889354 0.0 1.6431676725154984 0.6085806194501846 1 0 0 0.4214337094441022 0.9068592109827104 0.8700514036533528
cell 55.55530822044774 31.75782870930189 0.0 1.6431676725154984 0.6085806194501846 1 0 0 0.2601336687109778 0.9655726147747601 0.526321269963314
cell 15.341050142608783 37.55547284747871 0.0 1.6431676725154984 0.6085806194501846 1 0 0 0.11542045681569826 0.9933167259985385 0.23135655004303549
cell 40.05672590776351 16.119908539347968 0.0 1.0 1.0 1 0 0 0.0 1.0 0
cell 49.040913365050926 16.82259150636273 0.0 1.6431676725154984 0.6085806194501846 1 0 0 -0.253748055783141 -0.9672703470004009 0.5131063532382392
cell 62.112281645270365 21.191205295836106 0.0 1.0 1.0 1 0 0 0.0 1.0 0
cell 19.929294574903036 42.11438813483928 0.0 1.0 1.0 1 0 0 0.0 1.0 0
cell 36.0530688545351 54.70740224807536 0.0 1.6431676725154984 0.6085806194501846 1 0 0 0.9362420369544865 0.35135572891204436 2.4235551240211564
cell 9.880898187573363 19.9164527557978 0.0 1.6431676725154984 0.6085806194501846 1 0 0 0.8330726563471217 0.5531635827192083 1.9692787368445859
cell 9.71082218349644 40.87842806293704 0.0 1.6431676725154984 0.6085806194501846 1 0 0 -0.04554564904807732 0.9989622584726559 6.192062486257087
cell 24.16652950841394 26.802877866114667 0.0 1.6431676725154984 0.6085806194501846 1 0 0 0.981802670629356 -0.18990396505882723 3.5237213149782707
cell 26.36477962064088 6.003973171423438 0.0 1.6431676725154984 0.6085806194501846 1 0 0 0.8986733352522895 -0.43861855467652755 4.049714434586393
cell 12.703915925096643 51.580881218168095 0.0 1.6431676725154984 0.6085806194501846 1 0 0 0.9991764987666983 0.040574922209686726 3.06042052616456
cell 14.02945141395412 38.32639048456644 0.0 1.6431676725154984 0.6085806194501846 1 0 0 0.03140086427959744 0.9995068712732766 0.06281205370802138
cell 43.936242517039624 28.2097130221096 0.0 1.6431676725154984 0.6085806194501846 1 0 0 -0.6806254668690527 0.732631540304732 4.785953261477545
cell 4.988221066870044 38.68570474653974 0.0 1.6431676725154984 0.6085806194501846 1 0 0 -0.30763638411908917 -0.951503996400505 0.625415895023985
cell 62.856660898344956 64.88757265646659 0.0 1.6431676725154984 0.6085806194501846 1 0 0 0.3350551949367352 0.9421985015621211 0.683327620996754
cell 59.15587765621363 23.499689901859043 0.0 1.6431676725154984 0.6085806194501846 1 0 0 0.37216297645480223 0.9281673981326334 0.7626766165895711
cell 65.69924224841414 32.69907182701809 0.0 1.6431676725154984 0.6085806194501846 1 0 0 -0.6567867630184281 -0.7540763541736176 1.4330993099539109
cell 38.12537957799299 23.72756936995611 0.0 1.0 1.0 1 0 0 0.0 1.0 0
cell 56.6627539091998 51.780268316854546 0.0 1.6431676725154984 0.6085806194501846 1 0 0 -0.7996034604552877 -0.6005283557234654 1.8532692192959281
cell 9.948435070059835 8.39629101419358 0.0 1.6431676725154984 0.6085806194501846 1 0 0 -0.5931802128807457 -0.805069708191007 1.2700067038209815
cell 37.97350097942638 62.218840948485024 0.0 1.6431676725154984 0.6085806194501846 1 0 0 0.5219919699407506 0.8529503990956183 1.098369348167435
cell 64.08861055734705 21.022267244138867 0.0 1.0 1.0 1 0 0 0.0 1.0 0
cell 43.91752896309942 4.885493466567397 0.0 1.6431676725154984 0.6085806194501846 1 0 0 0.30372906037561886 0.9527584467656761 0.6172083745239884
cell 45.76988000139747 21.127640187353055 0.0 1.0 1.0 1 0 0 0.0 1.0 0
cell 55.97033978327909 33.47382505260242 0.0 1.6431676725154984 0.6085806194501846 1 0 0 0.3302420160583444 0.943896292412318 0.6731199295372193
cell 1.0790460591673285 32.63238927292173 0.0 1.6431676725154984 0.6085806194501846 1 0 0 0.53923639340507 0.8421544466589799 1.1390602320648293
cell 24.295516443742716 48.82562518690455 0.0 1.0 1.0 1 0 0 0.0 1.0 0
cell 17.28263978179491 46.35375847446516 0.0 1.0 1.0 1 0 0 0.0 1.0 0
cell 35.39110035759508 14.329181011030771 0.0 1.6431676725154984 0.6085806194501846 1 0 0 0.9090720301169963 0.41663898528457816 2.2821026917110094
cell 0.42790002146051054 40.18701417348326 0.0 1.6431676725154984 0.6085806194501846 1 0 0 0.9415476255266264 -0.3368799027326677 3.828794909706397
cell 58.320840161278845 36.94942786977713 0.0 1.6431676725154984 0.6085806194501846 1 0 0 0.12437032532957709 0.9922358702331896 0.24938640816632807
cell 59.83090538775426 5.412870253891351 0.0 1.0 1.0 1 0 0 0.0 1.0 0
cell 31.95784369775883 49.46928494309643 0.0 1.6431676725154984 0.6085806194501846 1 0 0 0.9000181349007323 0.43585244848435467 2.239622242202704
cell 57.902071152680726 5.366746308263146 0.0 1.0 1.0 1 0 0 0.0 1.0 0
cell 25.175725096534094 56.2650521825653 0.0 1.6431676725154984 0.6085806194501846 1 0 0 0.6430601901708373 0.7658156382690592 1.3969751649862143
cell 61.89097850057418 8.814390474882721 0.0 1.0 1.0 1 0 0 0.0 1.0 0
cell 38.99548569990664 14.164038895491363 0.0 1.0 1.0 1 0 0 0.0 1.0 0
cell 13.90314749181411 39.90492171849507 0.0 1.6431676725154984 0.6085806194501846 1 0 0 0.09715041740177043 0.9952697103793834 0.19460778206930196
cell 11.541016754169751 17.083999722038886 0.0 1.6431676725154984 0.6085806194501846 1 0 0 0.8777030469237338 0.47920492633193357 2.1420953917652787
cell 62.08156459945491 25.588432482527857 0.0 1.6431676725154984 0.6085806194501846 1 0 0 0.5155068726979454 0.85688544403624 1.083198146389068
cell 60.64362503276533 25.544578370615067 0.0 1.6431676725154984 0.6085806194501846 1 0 0 -0.3168562790717167 -0.9484735623162232 0.6448262770912043
cell 22.813497824727914 58.36659873631086 0.0 1.6431676725154984 0.6085806194501846 1 0 0 0.7365676587231678 0.676363869616844 1.6559630789570357
cell 8.124701109355756 7.93584711725194 0.0 1.6431676725154984 0.6085806194501846 1 0 0 0.7628424902896832 0.6465843603186167 1.7353959004971138
cell 18.281288848430346 56.10338695679067 0.0 1.6431676725154984 0.6085806194501846 1 0 0 0.9796720443559912 0.20060579629550274 2.737640157377778
cell 10.942597055114994 49.248904658480825 0.0 1.6431676725154984 0.6085806194501846 1 0 0 0.9849629236273643 -0.17276585044341103 3.488866768179061
cell 32.55054188794463 27.21111814978151 0.0 1.6431676725154984 0.6085806194501846 1 0 0 0.4573448832049825 0.8892894117250136 0.9500144745095688
cell 37.51922991677402 35.92124929798252 0.0 1.6431676725154984 0.6085806194501846 1 0 0 -0.24086052401219918 0.9705597395176501 5.79668054685567
cell 58.105794574769206 1.7917463359582213 0.0 1.0 1.0 1 0 0 0.0 1.0 0
cell 39.32984921087461 46.66081052005822 0.0 1.6431676725154984 0.6085806194501846 1 0 0 -0.7354898268001937 -0.6775357663425755 1.6527787020160893
cell 63.80818889904582 5.473718606897985 0.0 1.0 1.0 1 0 0 0.0 1.0 0
cell 3.3223047400960084 27.254105342766863 0.0 1.6431676725154984 0.6085806194501846 1 0 0 0.7291892438996005 0.6843120973511494 1.6342728523815873
cell 62.668633469978936 27.923517107219794 0.0 1.6431676725154984 0.6085806194501846 1 0 0 -0.41206234743305986 -0.9111556518114544 0.849432696509675
cell 29.789355938752855 32.58199675079844 0.0 1.6431676725154984 0.6085806194501846 1 0 0 0.991726646764292 0.12836766764903568 2.88414694616531
cell 59.62441162426026 50.43434583513438 0.0 1.6431676725154984 0.6085806194501846 1 0 0 0.9004868634804372 0.4348832127125219 2.241775495160251
cell 58.2702116265169 34.38078005840895 0.0 1.0 1.0 1 0 0 0.0 1.0 0
cell 15.707614077930106 66.42370000970561 0.0 1.6431676725154984 0.6085806194501846 1 0 0 0.711782779690834 0.702399654424452 1.5840661671650311
cell 22.11603743765573 62.91279203683205 0.0 1.6431676725154984 0.6085806194501846 1 0 0 0.9960364932557723 0.0889455119876431 2.9634662322815455
cell 13.242206709122954 58.974550924257336 0.0 1.6431676725154984 0.6085806194501846 1 0 0 0.9582975205881531 -0.28577239550838063 3.7212173325113276
cell 26.872145617506117 55.227333273967865 0.0 1.6431676725154984 0.6085806194501846 1 0 0 0.6676690039566375 0.7444582601835723 1.4621464858990227
cell 2.4568049754256553 38.027605666917005 0.0 1.6431676725154984 0.6085806194501846 1 0 0 -0.24052549065793952 -0.9706428222285257 0.4858143978495706
cell 32.88104376053102 40.491490483422815 0.0 1.6431676725154984 0.6085806194501846 1 0 0 0.7126975848100968 0.7014714196643045 1.5866726885377274
cell 9.743355127885055 0.10724955094959493 0.0 1.6431676725154984 0.6085806194501846 1 0 0 -0.18229452441007044 -0.983243970929955 0.366639150956547
cell 27.561395146449186 34.63972002111629 0.0 1.6431676725154984 0.6085806194501846 1 0 0 0.15457931475638176 0.9879803821177056 0.3104032718216378
cell 35.92809431007838 46.7063410990429 0.0 1.6431676725154984 0.6085806194501846 1 0 0 0.7274026671835704 0.6862108712154217 1.6290585633983923
cell 31.362877176342568 47.69676551774464 0.0 1.6431676725154984 0.6085806194501846 1 0 0 0.8263821301609385 0.563109736153327 1.9453045149082924
cell 5.22466970666493 19.38322831707387 0.0 1.6431676725154984 0.6085806194501846 1 0 0 0.7995066208055324 0.6006572760635791 1.8529467390831016
cell 38.80447046382854 41.519221742644774 0.0 1.6431676725154984 0.6085806194501846 1 0 0 0.9396000896744516 0.3422742635427948 2.4429200679918113
cell 47.10209252411126 3.3126227158455976 0.0 1.6431676725154984 0.6085806194501846 1 0 0 0.49700779876907525 0.8677460734354944 1.0402942232794286
cell 17.086863305297587 45.102265780489226 0.0 1.6431676725154984 0.6085806194501846 1 0 0 -0.23082428781511716 0.9729954512507466 5.817335781220923
cell 41.649731862653695 4.421074048880009 0.0 1.6431676725154984 0.6085806194501846 1 0 0 0.27552204836346467 0.9612947523343714 0.5582654562057308
cell 11.029041634733682 36.071229266684114 0.0 1.6431676725154984 0.6085806194501846 1 0 0 0.07467042169653633 0.9972082671757497 0.14947997201428365
cell 22.867136844520708 51.8969715911173 0.0 1.0 1.0 1 0 0 0.0 1.0 0
cell 9.870157886654074 52.93047058770205 0.0 1.6431676725154984 0.6085806194501846 1 0 0 0.9331151654286908 0.3595776523186433 2.405962188054034
cell 50.616247517621204 40.29432636191409 0.0 1.6431676725154984 0.6085806194501846 1 0 0 0.9110265976492178 -0.4123475941189547 3.991651515091799
cell 49.09490158788299 8.923226017479093 0.0 1.6431676725154984 0.6085806194501846 1 0 0 -0.35267836912241457 -0.9357446061576599 0.7208637035590293
cell 29.97296629508143 36.292483620157576 0.0 1.6431676725154984 0.6085806194501846 1 0 0 0.23506843271136157 0.9719788227850564 0.4745779461061517
cell 22.73624270611825 47.855638367354416 0.0 1.0 1.0 1 0 0 0.0 1.0 0
cell 10.630721588573772 14.9159805961374 0.0 1.6431676725154984 0.6085806194501846 1 0 0 0.8801780169073005 0.47464371749042655 2.152474247762253
cell 2.74490772150438 25.472729612036108 0.0 1.6431676725154984 0.6085806194501846 1 0 0 0.7470127559200426 0.664809703970048 1.6871145607143578
cell 12.515907257438565 9.852010319661611 0.0 1.6431676725154984 0.6085806194501846 1 0 0 -0.6674048899383226 -0.7446950469060577 1.461437051848712
cell 41.58548957257462 28.082346820137325 0.0 1.6431676725154984 0.6085806194501846 1 0 0 -0.6005455209049431 0.7995905685543137 4.994818938304512
cell 46.25495501757369 13.13334622638957 0.0 1.6431676725154984 0.6085806194501846 1 0 0 -0.2896338037769851 -0.9571375343751153 0.587688440786299
cell 0.2882267484007943 26.50421900414795 0.0 1.0 1.0 1 0 0 0.0 1.0 0
cell 13.383443038233438 60.57729844767205 0.0 1.6431676725154984 0.6085806194501846 1 0 0 0.999391832508198 0.03487069135973567 3.071837129282813
cell 37.8983457534885 0.32483904343431985 0.0 1.6431676725154984 0.6085806194501846 1 0 0 0.6339800757184464 0.7733493800295136 1.3733779313970873
cell 60.7012365069595 42.303103787417214 0.0 1.6431676725154984 0.6085806194501846 1 0 0 0.9566917076038441 -0.29110303434014695 3.73235186002708
cell 36.638935918827386 51.79190748646643 0.0 1.6431676725154984 0.6085806194501846 1 0 0 -0.8714840585396844 -0.4904238327316486 2.1164406118219787
cell 24.746180216036606 33.13788502367612 0.0 1.6431676725154984 0.6085806194501846 1 0 0 0.3688919696301807 0.9294722775545088 0.7556332626242368
cell 26.86236272981266 38.95850315231292 0.0 1.6431676725154984 0.6085806194501846 1 0 0 0.4184496254884991 0.908240007337562 0.863475275501279
cell 23.01337344868516 37.02367229057758 0.0 1.6431676725154984 0.6085806194501846 1 0 0 -0.3088562922830563 -0.9511087165603958 0.6279805956348588
cell 51.4164946647936 3.2935393979911742 0.0 1.0 1.0 1 0 0 0.0 1.0 0
cell 55.09933992398978 3.495047646322372 0.0 1.0 1.0 1 0 0 0.0 1.0 0
cell 56.4133233266443 15.694624941232952 0.0 1.0 1.0 1 0 0 0.0 1.0 0
cell 10.880566070548285 26.911529022672493 0.0 1.6431676725154984 0.6085806194501846 1 0 0 0.7751991560508915 0.6317169211426789 1.7740605911771297
cell 32.415251845177806 29.62471629032856 0.0 1.6431676725154984 0.6085806194501846 1 0 0 -0.5199587696422705 -0.8541913590478988 1.0936053633901075
cell 66.13883448155566 15.670975178038828 0.0 1.0 1.0 1 0 0 0.0 1.0 0
cell 14.17012711067848 46.749506788243195 0.0 1.0 1.0 1 0 0 0.0 1.0 0
cell 19.440501908620828 56.9899282851215 0.0 1.6431676725154984 0.6085806194501846 1 0 0 0.9941096600151296 0.10837889030896863 2.924408275339661
cell 30.505642447317452 50.050197492899954 0.0 1.6431676725154984 0.6085806194501846 1 0 0 0.8443432887759985 0.5358025855657387 2.0106766437725407
cell 34.88883078255363 54.49412390380556 0.0 1.6431676725154984 0.6085806194501846 1 0 0 0.9105007448680286 0.4135074287056583 2.2889868428262843
cell 30.41038463623181 9.51764660159424 0.0 1.6431676725154984 0.6085806194501846 1 0 0 -0.8479253234746066 0.5301156909680036 4.259066652725703
cell 47.50212147085537 2.058125353830262 0.0 1.6431676725154984 0.6085806194501846 1 0 0 0.5005067988420172 0.865732605550303 1.0483681508411609
cell 12.419263573172048 19.17849049943383 0.0 1.6431676725154984 0.6085806194501846 1 0 0 0.835863577260712 0.5489372279313235 1.9794081729930937
cell 11.52026614058525 4.595746593277779 0.0 1.6431676725154984 0.6085806194501846 1 0 0 0.6807736931980719 0.7324938079256763 1.4976367246018842
cell 16.803094289246282 38.5981259563054 0.0 1.6431676725154984 0.6085806194501846 1 0 0 -0.08042667298799558 -0.9967605280467732 0.16102726465970463
cell 5.331033442305391 24.132977940205112 0.0 1.6431676725154984 0.6085806194501846 1 0 0 0.7662839334711685 0.6425020881708897 1.746074579214545
cell 12.106446423466314 14.730117505449696 0.0 1.6431676725154984 0.6085806194501846 1 0 0 0.9073167265039171 0.42044780628065603 2.273715026020707
cell 31.150091013648336 62.80674753742687 0.0 1.6431676725154984 0.6085806194501846 1 0 0 0.8922324625559293 0.45157638640808295 2.204529974330315
cell 49.502509012585364 3.538029387558401 0.0 1.0 1.0 1 0 0 0.0 1.0 0
cell 16.289555367954122 35.67314680648779 0.0 1.6431676725154984 0.6085806194501846 1 0 0 -0.20629473643996396 -0.9784898986280675 0.4155734434154681
cell 23.01936951856083 25.375879390225116 0.0 1.6431676725154984 0.6085806194501846 1 0 0 0.9970167033075806 0.07718609541675076 2.987066766650107
cell 65.02809902706431 2.0065759520688284 0.0 1.0 1.0 1 0 0 0.0 1.0 0
cell 0.8300818262122058 15.965209374393394 0.0 1.6431676725154984 0.6085806194501846 1 0 0 -0.6706151647488389 -0.7418054332565162 1.4700755147688733
cell 4.477551927217103 45.28895969247447 0.0 1.6431676725154984 0.6085806194501846 1 0 0 0.06105509515161663 -0.9981343974415605 6.160999123803033
cell 26.571165967513 4.365447075203121 0.0 1.6431676725154984 0.6085806194501846 1 0 0 0.9103146018661845 -0.41391705162895853 3.9950983313653516
cell 57.21580035956777 53.597623464487796 0.0 1.6431676725154984 0.6085806194501846 1 0 0 0.8554257000337742 0.5179255465042514 2.0527444307970426
cell 57.29531994400107 55.5198532259998 0.0 1.6431676725154984 0.6085806194501846 1 0 0 0.8726722466626874 0.4883064098541997 2.1212966487056013
cell 5.426277906249821 34.770581640590265 0.0 1.6431676725154984 0.6085806194501846 1 0 0 0.5587901912842179 0.829309063090804 1.185852533088924
cell 61.41114634379455 18.056399385050828 0.0 1.0 1.0 1 0 0 0.0 1.0 0
cell 15.599446892357674 32.93488771868981 0.0 1.6431676725154984 0.6085806194501846 1 0 0 0.2694423374850287 0.9630165246612354 0.5456278113046739
cell 55.08341818771469 7.031949038544395 0.0 1.0 1.0 1 0 0 0.0 1.0 0
cell 28.951867458121715 65.03554346956936 0.0 1.6431676725154984 0.6085806194501846 1 0 0 0.8978859246621621 0.4402281979764292 2.229887037859528
cell 58.93571660501548 10.555037805512496 0.0 1.0 1.0 1 0 0 0.0 1.0 0
cell 50.52795825971812 62.86510641547747 0.0 1.6431676725154984 0.6085806194501846 1 0 0 0.7180859623563157 -0.6959544170898004 4.681088971247996
cell 55.949488088555775 40.49599416478367 0.0 1.6431676725154984 0.6085806194501846 1 0 0 0.6448692089049258 -0.7642929434492609 4.881481019272743
cell 8.199610992179801 33.67850262644482 0.0 1.6431676725154984 0.6085806194501846 1 0 0 0.6446826155283 0.7644503419029847 1.4012160610672237
cell 56.02654931832434 5.2970585442019065 0.0 1.0 1.0 1 0 0 0.0 1.0 0
cell 22.993079011243584 40.56731215466581 0.0 1.6431676725154984 0.6085806194501846 1 0 0 -0.08024103053922074 0.9967754897759092 6.122530531296766
cell 18.526149431333884 30.380096941278822 0.0 1.0 1.0 1 0 0 0.0 1.0 0
cell 59.85356173919539 15.290880931470245 0.0 1.0 1.0 1 0 0 0.0 1.0 0
cell 51.336264387161535 20.64635672457246 0.0 1.6431676725154984 0.6085806194501846 1 0 0 -0.22523887279256669 -0.9743035718825699 0.4543764041852558
cell 27.390215197732463 64.1664389435131 0.0 1.6431676725154984 0.6085806194501846 1 0 0 -0.5970548865756542 -0.8022003879431452 1.279649554013469
cell 25.162467826108415 15.545403790252891 0.0 1.6431676725154984 0.6085806194501846 1 0 0 -0.43820556405199396 -0.8988747875170789 0.9072027722378682
cell 15.082423652974247 48.968435376229245 0.0 1.0 1.0 1 0 0 0.0 1.0 0
cell 60.09276015331249 36.50633800885536 0.0 1.6431676725154984 0.6085806194501846 1 0 0 0.28026807591857916 0.9599217705734658 0.5681467326664461
cell 47.97578706399689 32.765384948412574 0.0 1.6431676725154984 0.6085806194501846 1 0 0 0.8561183942264335 -0.516779735542284 4.2277630352573645
cell 41.95115348197255 32.809685966955165 0.0 1.6431676725154984 0.6085806194501846 1 0 0 -0.1658229519986791 0.986155539755491 5.950000390903073
cell 18.208691113263402 36.82135248508111 0.0 1.6431676725154984 0.6085806194501846 1 0 0 -0.16214033028246724 -0.9867677098972647 0.325718599601573
cell 61.43914700763778 29.70533814814256 0.0 1.6431676725154984 0.6085806194501846 1 0 0 0.41927759307758394 0.9078580835918508 0.865298894029058
cell 52.40047090246456 5.27688273249894 0.0 1.0 1.0 1 0 0 0.0 1.0 0
cell 56.615497458001485 65.30778283555706 0.0 1.6431676725154984 0.6085806194501846 1 0 0 0.9964112192175321 -0.08464444587467825 3.3110843500715186
cell 35.752751026930326 35.299110849967654 0.0 1.6431676725154984 0.6085806194501846 1 0 0 -0.09140006760019387 0.9958142535848139 6.1001296925088715
cell 47.28815563252548 9.75610019792191 0.0 1.6431676725154984 0.6085806194501846 1 0 0 0.30718108463891974 0.9516510816680959 0.6244589588778343
cell 13.589431704250952 23.2776987097043 0.0 1.6431676725154984 0.6085806194501846 1 0 0 0.8652675293803066 0.5013103854899679 2.091367572586682
cell 8.638878971898333 27.93896672761807 0.0 1.6431676725154984 0.6085806194501846 1 0 0 0.7575417254055182 0.652786744863612 1.7190780511687453
cell 36.60078492212246 21.54798174322592 0.0 1.6431676725154984 0.6085806194501846 1 0 0 0.8484862224375923 0.5292174697925085 2.026236586493948
cell 51.63038841326911 12.963611521652634 0.0 1.6431676725154984 0.6085806194501846 1 0 0 0.4481666851760205 0.8939500110735151 0.9294269597498861
cell 48.67650949016467 5.271474493009784 0.0 1.6431676725154984 0.6085806194501846 1 0 0 0.6015539894609698 0.7988321461756477 1.2908900277618642
cell 1.083983898567906 22.269086632988888 0.0 1.6431676725154984 0.6085806194501846 1 0 0 0.6164222691661724 0.7874157644319975 1.3283818830974372
cell 40.72499451095284 45.136705472787284 0.0 1.6431676725154984 0.6085806194501846 1 0 0 0.8145672602610279 0.580069115287862 1.9039655791987438
cell 23.627134643665784 42.30137202249288 0.0 1.6431676725154984 0.6085806194501846 1 0 0 -0.009208035433427476 0.9999576051430664 6.264768976059421
cell 23.62108820959818 3.8938924682350713 0.0 1.6431676725154984 0.6085806194501846 1 0 0 0.548754792230097 0.835983359884934 1.1617479915941507
cell 5.164082761874126 32.22340550769764 0.0 1.6431676725154984 0.6085806194501846 1 0 0 0.725449408811932 0.6882754937192073 1.6233742376557192
cell 64.61763302743799 54.47504220612759 0.0 1.6431676725154984 0.6085806194501846 1 0 0 0.05664475468125815 -0.9983943969028973 6.169835126187092
cell 65.05319026711469 45.392740681447066 0.0 1.6431676725154984 0.6085806194501846 1 0 0 0.5980824829223453 0.8014345535484745 1.2822127214263381
cell 25.44774858252399 51.50754395449195 0.0 1.6431676725154984 0.6085806194501846 1 0 0 0.7018078990594654 0.7123662490725815 1.5558644262920684
cell 23.27719557748131 66.69252673697886 0.0 1.6431676725154984 0.6085806194501846 1 0 0 0.7583479078300785 -0.6518500216228751 4.561635511100205
cell 22.99642006659704 34.58511451111436 0.0 1.6431676725154984 0.6085806194501846 1 0 0 0.30001653571121306 0.9539340010188558 0.6094199763959496
cell 30.323021169129845 16.108073811470447 0.0 1.6431676725154984 0.6085806194501846 1 0 0 0.4877920780228132 -0.8729598436458493 5.264067859493921
cell 27.825545197620016 3.307874908559187 0.0 1.6431676725154984 0.6085806194501846 1 0 0 0.8976482318876733 -0.4407126635223158 4.054377537085281
cell 59.0729313718729 13.866336840489387 0.0 1.0 1.0 1 0 0 0.0 1.0 0
cell 61.20438423803565 34.32310300590337 0.0 1.6431676725154984 0.6085806194501846 1 0 0 -0.3874155792274149 -0.921905184371954 0.7956531762408634
cell 15.777367657626469 30.449624215435033 0.0 1.0 1.0 1 0 0 0.0 1.0 0
cell 14.242223465463708 26.071532946191606 0.0 1.6431676725154984 0.6085806194501846 1 0 0 0.8932290716488144 0.44960185226642163 2.208953555121903
cell 15.64606889299282 59.630415426768195 0.0 1.6431676725154984 0.6085806194501846 1 0 0 0.9588973591316164 -0.28375315795672096 3.7170044341223645
cell 6.4467479390186435 21.35738998269669 0.0 1.6431676725154984 0.6085806194501846 1 0 0 0.791503384456979 0.6111647833384608 1.8265299234093966
cell 3.562766877295246 47.57320069043885 0.0 1.6431676725154984 0.6085806194501846 1 0 0 0.9945662453577329 -0.10410563671109258 3.3501818715941236
cell 39.204389974683394 7.456324087045538 0.0 1.6431676725154984 0.6085806194501846 1 0 0 0.5623223907944899 -0.8269180907509335 5.088802074308554
cell 18.668465918246216 25.139150177953653 0.0 1.6431676725154984 0.6085806194501846 1 0 0 0.9923538573238158 -0.12342536957426511 3.3890744752901556
cell 45.605679774483335 4.91822752327645 0.0 1.6431676725154984 0.6085806194501846 1 0 0 0.34395039064130967 0.9389878214213913 0.7022414931670001
cell 16.123207513900383 50.410955693061744 0.0 1.0 1.0 1 0 0 0.0 1.0 0
cell 57.59738265083696 62.688013652926514 0.0 1.6431676725154984 0.6085806194501846 1 0 0 -0.03694528204188533 0.999317290020965 6.2092779232273365
cell 41.17936467292995 36.60896920200959 0.0 1.6431676725154984 0.6085806194501846 1 0 0 0.3568090501557724 -0.934177339549047 5.553485567819206
cell 16.546518015766633 34.717370741895934 0.0 1.6431676725154984 0.6085806194501846 1 0 0 0.2862323942594296 0.9581602248457793 0.5805847809500003
cell 4.574332773515474 4.7650214048022 0.0 1.6431676725154984 0.6085806194501846 1 0 0 0.08179476222795912 0.9966491944872437 0.1637724886037858
cell 0.9522473867997878 24.04616477448919 0.0 1.6431676725154984 0.6085806194501846 1 0 0 0.5056758614335186 0.8627235496747895 1.0603303800620631
cell 27.125191711868137 30.235327602753927 0.0 1.6431676725154984 0.6085806194501846 1 0 0 0.9891006665022868 -0.1472408622792329 3.4371489492967933
cell 27.171360913591858 41.725209004858044 0.0 1.6431676725154984 0.6085806194501846 1 0 0 0.2111160153054612 0.9774610110288514 0.425433136881676
cell 10.85164259050328 60.73466239325926 0.0 1.6431676725154984 0.6085806194501846 1 0 0 0.46029573291360043 0.8877656437717848 0.9566565804754282
cell 59.73058808793785 48.240595070717276 0.0 1.6431676725154984 0.6085806194501846 1 0 0 0.8203242621596228 0.5718986841323124 1.9239555614688908
cell 3.303730266130578 36.72132966536265 0.0 1.0 1.0 1 0 0 0.0 1.0 0
cell 19.712031381683662 46.630424703223504 0.0 1.0 1.0 1 0 0 0.0 1.0 0
cell 50.1246738027916 38.25930937658722 0.0 1.6431676725154984 0.6085806194501846 1 0 0 0.9123415004517014 -0.40943007529190883 3.985251235652336
cell 1.7207142460578075 36.31623423037387 0.0 1.6431676725154984 0.6085806194501846 1 0 0 -0.45338615515765407 -0.8913141950577023 0.9411214867388811
cell 11.684833185239933 32.66245660536677 0.0 1.6431676725154984 0.6085806194501846 1 0 0 0.1599841327116283 0.9871195861092557 0.32134915719709023
cell 23.202492598209414 60.59266118827603 0.0 1.6431676725154984 0.6085806194501846 1 0 0 0.9271409238565822 0.3747128331274006 2.373418610967169
cell 56.963061150836964 29.755876094749617 0.0 1.6431676725154984 0.6085806194501846 1 0 0 0.13347341990540768 0.9910523932561561 0.2677458787863162
cell 40.73513913106113 19.61841668431986 0.0 1.6431676725154984 0.6085806194501846 1 0 0 0.8407232281337219 -0.5414650992228527 4.285950251109533
cell 19.643283727339238 52.31160402690672 0.0 1.0 1.0 1 0 0 0.0 1.0 0
cell 54.22710061010686 12.416940187831973 0.0 1.0 1.0 1 0 0 0.0 1.0 0
cell 1.1890776756347285 19.1451833882117 0.0 1.6431676725154984 0.6085806194501846 1 0 0 -0.6876633369813419 -0.7260297066730022 1.516531428653197
cell 13.764645905627148 43.84210336010377 0.0 1.6431676725154984 0.6085806194501846 1 0 0 -0.14611110746346556 0.9892681862244432 5.989913225948375
cell 63.70950689759395 30.27990939035148 0.0 1.6431676725154984 0.6085806194501846 1 0 0 -0.5722726293706749 -0.8200634351519241 1.2185489381009669
cell 8.030205108235426 54.567812657956054 0.0 1.6431676725154984 0.6085806194501846 1 0 0 0.9856977711398918 -0.16852271054623308 3.480254157492131
cell 19.906725046063563 13.014318591206157 0.0 1.6431676725154984 0.6085806194501846 1 0 0 0.46411317506687455 0.8857759088671043 0.9652663280219884
cell 44.86469640010253 22.80476402998243 0.0 1.0 1.0 1 0 0 0.0 1.0 0
cell 60.81858164937081 19.940697714086305 0.0 1.0 1.0 1 0 0 0.0 1.0 0
cell 1.9483472934564816 20.63272589477434 0.0 1.6431676725154984 0.6085806194501846 1 0 0 0.7562238812588182 0.6543129537261575 1.715045172264132
cell 42.516644005304165 21.542731931307753 0.0 1.6431676725154984 0.6085806194501846 1 0 0 0.8928642639431422 -0.4503258888552499 4.075853249735863
cell 28.89396437767799 5.710473466756889 0.0 1.6431676725154984 0.6085806194501846 1 0 0 0.9287123464827456 -0.37080099445728654 3.9013353553532255
cell 58.94420812557562 46.46036319536065 0.0 1.6431676725154984 0.6085806194501846 1 0 0 -0.7407364154917035 -0.6717957745956001 1.6683317728275275
cell 44.586118271991815 2.8876117358491102 0.0 1.6431676725154984 0.6085806194501846 1 0 0 0.39430410492968837 0.9189800176476076 0.8106209613982835
cell 45.1350134976686 35.395880218505376 0.0 1.6431676725154984 0.6085806194501846 1 0 0 0.6893144460230632 -0.7244622795590654 4.762100641847378
cell 27.928053242006204 24.60501552081965 0.0 1.6431676725154984 0.6085806194501846 1 0 0 0.9110500658043271 0.4122957404557209 2.2916476262952274
cell 21.860800598749925 2.0466800187015983 0.0 1.6431676725154984 0.6085806194501846 1 0 0 0.5285431580565442 0.8489064318708011 1.1137670141474192
cell 22.709476076106547 38.05711885888062 0.0 1.6431676725154984 0.6085806194501846 1 0 0 -0.09923288715126907 -0.9950642361715265 0.19879294706273765
cell 35.9501494346928 41.06737027711479 0.0 1.0 1.0 1 0 0 0.0 1.0 0
cell 56.60029418319385 17.62925004908039 0.0 1.6431676725154984 0.6085806194501846 1 0 0 0.4573342794249211 0.8892948649704935 0.9499906268230685
cell 52.59936282837069 8.745872562881273 0.0 1.0 1.0 1 0 0 0.0 1.0 0
cell 62.23282861139845 31.780092565404658 0.0 1.6431676725154984 0.6085806194501846 1 0 0 -0.4303075095027394 -0.9026823623321494 0.8896668224038713
cell 55.19450157314561 38.35719410011992 0.0 1.6431676725154984 0.6085806194501846 1 0 0 0.9999724320269544 0.007425307138299181 3.1267419028445786
cell 5.59923929169977 8.804322272989202 0.0 1.6431676725154984 0.6085806194501846 1 0 0 -0.7357420499739112 -0.6772618665628434 1.653523383478996
cell 43.41916257099819 11.534881612786489 0.0 1.6431676725154984 0.6085806194501846 1 0 0 -0.09666809218416966 -0.995316673201787 0.19363856975650862
cell 35.180310236191765 19.68132416742495 0.0 1.0 1.0 1 0 0 0.0 1.0 0
cell 4.866601195665144 36.015097111477175 0.0 1.6431676725154984 0.6085806194501846 1 0 0 0.39087305104409126 0.9204445979891909 0.8031598240899673
cell 37.74939946947035 37.393285753557386 0.0 1.6431676725154984 0.6085806194501846 1 0 0 0.4278617711054093 -0.9038441817185872 5.398933820434407
cell 46.33568930854401 31.597410879654774 0.0 1.6431676725154984 0.6085806194501846 1 0 0 0.827143184819917 -0.5619912381932344 4.335175063415822
cell 16.666154611018797 48.22939028319739 0.0 1.0 1.0 1 0 0 0.0 1.0 0
cell 24.96915715981886 43.0460776436386 0.0 1.6431676725154984 0.6085806194501846 1 0 0 0.03820516895486652 -0.999269916021257 6.206756368516523
cell 54.44869064442384 18.377305542384732 0.0 1.6431676725154984 0.6085806194501846 1 0 0 0.5650015253498055 0.8250898595622135 1.2008702045736916
cell 25.82917595609442 61.306438455060636 0.0 1.6431676725154984 0.6085806194501846 1 0 0 0.898710595351799 0.4385422052692478 2.2336407848883546
cell 53.009313139287045 15.755924767740975 0.0 1.6431676725154984 0.6085806194501846 1 0 0 0.5584416372521254 0.8295438130582167 1.1850120630702152
cell 19.77144397106955 54.3142344167356 0.0 1.0 1.0 1 0 0 0.0 1.0 0
cell 11.889564494463185 34.44421013833853 0.0 1.6431676725154984 0.6085806194501846 1 0 0 0.10544611654990632 0.9944250180403466 0.21128501594076057
cell 34.060568840799625 39.925116803760055 0.0 1.6431676725154984 0.6085806194501846 1 0 0 0.687276206810366 0.7263961836025538 1.5154652670971407
cell 66.0725415940522 22.183775150247737 0.0 1.6431676725154984 0.6085806194501846 1 0 0 0.491653752600883 0.8707907828827024 1.0279757516342256
cell 62.1680270529608 38.29609415956431 0.0 1.6431676725154984 0.6085806194501846 1 0 0 -0.18372791084702364 -0.9829771384807422 0.3695551733228388
cell 24.132133592537414 34.088555192072576 0.0 1.6431676725154984 0.6085806194501846 1 0 0 0.25966847125231013 0.9656978228397785 0.5253577644063291
cell 12.875548609831325 6.902170807092643 0.0 1.6431676725154984 0.6085806194501846 1 0 0 0.6924323131632307 0.7214828422682119 1.5297097846700904
cell 49.61907441967679 35.5611891832885 0.0 1.6431676725154984 0.6085806194501846 1 0 0 0.846337784044494 -0.5326465575770254 4.265041792514409
cell 60.850537596931424 7.125909419300495 0.0 1.0 1.0 1 0 0 0.0 1.0 0
cell 33.16494270235543 60.31129453627933 0.0 1.6431676725154984 0.6085806194501846 1 0 0 0.8728350612626488 0.48801532335637604 2.1219637017595843
cell 20.624217099462683 33.648065778434834 0.0 1.6431676725154984 0.6085806194501846 1 0 0 0.22601319906332204 0.9741242394320979 0.4559660473334272
cell 38.173465621383386 27.454752999003794 0.0 1.0 1.0 1 0 0 0.0 1.0 0
cell 66.64522191202397 6.191039841110081 0.0 1.0 1.0 1 0 0 0.0 1.0 0
cell 14.65781500159597 55.49863004667905 0.0 1.6431676725154984 0.6085806194501846 1 0 0 -0.9886682086560528 -0.1501171981913855 2.8402190272120897
cell 41.05699161885746 0.6002792873685425 0.0 1.6431676725154984 0.6085806194501846 1 0 0 -0.551733051067729 -0.834020767343053 1.1688815205038585
cell 54.30470820676033 46.422996798285794 0.0 1.6431676725154984 0.6085806194501846 1 0 0 -0.45904259720958596 0.8884142580728193 5.3293508180808065
cell 62.8327920308362 3.7560921761537314 0.0 1.0 1.0 1 0 0 0.0 1.0 0
cell 47.32256499350489 34.637070495170654 0.0 1.6431676725154984 0.6085806194501846 1 0 0 0.7418315132967426 -0.6705863150108753 4.611590387232962
cell 2.1842587666211015 9.796955224746542 0.0 1.6431676725154984 0.6085806194501846 1 0 0 0.6873885222463554 0.726289900441946 1.5157745298814385
cell 54.043192112249045 15.284345963942311 0.0 1.6431676725154984 0.6085806194501846 1 0 0 0.6499209974002417 0.7600017744310043 1.4149609631160205
cell 8.673107732849195 39.17390168292102 0.0 1.6431676725154984 0.6085806194501846 1 0 0 -0.051796938661816165 0.9986576376042312 6.179545051443894
cell 49.52884795434918 11.89814372141813 0.0 1.6431676725154984 0.6085806194501846 1 0 0 0.3316237695789079 0.9434117210689484 0.6760484462685935
cell 20.259911524612566 23.19632164557579 0.0 1.6431676725154984 0.6085806194501846 1 0 0 0.9999737406787544 -0.0072469271377006445 3.1560866347327856
cell 21.179014801254606 47.24071826122546 0.0 1.0 1.0 1 0 0 0.0 1.0 0
cell 27.46069948423126 8.97893285975078 0.0 1.6431676725154984 0.6085806194501846 1 0 0 -0.7841696849346488 0.620546456947015 4.480471397205811
cell 5.455949377373361 21.52662639068093 0.0 1.6431676725154984 0.6085806194501846 1 0 0 0.752502509910617 0.6585893808574671 1.7037073559340772
cell 28.427116058041655 53.564188229725126 0.0 1.6431676725154984 0.6085806194501846 1 0 0 0.8340199273419782 0.5517343208433579 1.9727080881347343
cell 66.79151276903808 33.83041275961372 0.0 1.6431676725154984 0.6085806194501846 1 0 0 -0.721292050857771 -0.6926310542918146 1.611331872008754
cell 64.31560151353794 16.130549991218107 0.0 1.0 1.0 1 0 0 0.0 1.0 0
cell 53.116283158555476 18.925270128640047 0.0 1.6431676725154984 0.6085806194501846 1 0 0 0.3099773988968636 0.9507439256567116 0.6303385206582047
cell 46.005361560238576 37.36110794272729 0.0 1.6431676725154984 0.6085806194501846 1 0 0 0.6843701303202655 -0.7291347781620506 4.775706328811277
cell 47.49466497769459 17.79050881669821 0.0 1.0 1.0 1 0 0 0.0 1.0 0
cell 28.145110820399225 51.39483528654561 0.0 1.6431676725154984 0.6085806194501846 1 0 0 0.738697525945278 0.6740370651250013 1.662271917765528
cell 26.260712576715754 43.685350574947506 0.0 1.6431676725154984 0.6085806194501846 1 0 0 0.10181403467335393 -0.9948034491011444 6.079203781813835
cell 14.197887464183161 0.3291542624010046 0.0 1.6431676725154984 0.6085806194501846 1 0 0 -0.37588975924883267 -0.9266643884880085 0.7707135238841589
cell 62.4635547764384 36.7239919447584 0.0 1.6431676725154984 0.6085806194501846 1 0 0 -0.4505496172213864 -0.8927513889217211 0.9347617753659243
cell 31.620624046666993 38.23676353102169 0.0 1.6431676725154984 0.6085806194501846 1 0 0 -0.31766802649350206 -0.9482019958551678 0.6465382143146803
cell 5.176756861945169 54.33769997576603 0.0 1.6431676725154984 0.6085806194501846 1 0 0 0.9799040740224523 -0.19946931020635797 3.543225288988925
cell 22.382372087461327 31.973246201647175 0.0 1.6431676725154984 0.6085806194501846 1 0 0 0.36992806447146004 0.9290604001443605 0.7578631824881764
cell 32.19515156869249 45.20492597629915 0.0 1.6431676725154984 0.6085806194501846 1 0 0 0.7707259883689825 0.6371667370890096 1.7599595374743597
cell 46.82515242523867 22.768150288256155 0.0 1.0 1.0 1 0 0 0.0 1.0 0
cell 9.354414087719775 11.335170713647177 0.0 1.6431676725154984 0.6085806194501846 1 0 0 0.8680535991984437 0.49647049148829336 2.1025366083607278
cell 33.13331641664766 45.4448658163416 0.0 1.6431676725154984 0.6085806194501846 1 0 0 0.8413200234726106 0.5405373420070495 1.9994413182950825
cell 14.147179806603358 7.323375054804766 0.0 1.6431676725154984 0.6085806194501846 1 0 0 0.7055057096926622 0.7087042356237565 1.5662729241871207
cell 61.198373863164875 0.094441802709399 0.0 1.0 1.0 1 0 0 0.0 1.0 0
cell 27.669345678211666 59.06780980718567 0.0 1.6431676725154984 0.6085806194501846 1 0 0 0.9323836585461274 0.36147021077280844 2.401904168224579
cell 62.209304219610104 23.879185584637934 0.0 1.6431676725154984 0.6085806194501846 1 0 0 -0.5923369639995912 -0.8056903382067746 1.2679126642872696
cell 28.740374358198274 36.98232738493827 0.0 1.6431676725154984 0.6085806194501846 1 0 0 0.1655425916013641 0.9862026416340123 0.33261633720589157
cell 9.803318778756617 45.30294591770064 0.0 1.6431676725154984 0.6085806194501846 1 0 0 0.1760677018979163 0.9843780596642666 0.3539806187215662
cell 9.270167125881265 38.19960803034316 0.0 1.6431676725154984 0.6085806194501846 1 0 0 -0.05813800732701173 -0.9983085555598752 0.11634161718088354
cell 47.746646791266045 21.15753250408146 0.0 1.0 1.0 1 0 0 0.0 1.0 0
cell 18.214979886510008 34.55207888219771 0.0 1.6431676725154984 0.6085806194501846 1 0 0 0.21626784266025917 0.9763340720424938 0.43598043625708655
cell 7.020563675018179 5.509468461888061 0.0 1.6431676725154984 0.6085806194501846 1 0 0 0.5767875628995697 0.8168941836519433 1.2295814096282358
cell 37.619089098047624 11.975203499145122 0.0 1.6431676725154984 0.6085806194501846 1 0 0 0.9615303552402079 0.2746987003093382 2.5850399855114112
cell 24.496204436660435 38.89155269126676 0.0 1.6431676725154984 0.6085806194501846 1 0 0 0.0970807770489829 0.9952765056644137 0.19446783987213453
cell 30.382429721835933 59.88497086002701 0.0 1.6431676725154984 0.6085806194501846 1 0 0 0.7464294886766438 0.6654645132792011 1.6853607352294793
cell 37.57691402118211 29.94062442089105 0.0 1.6431676725154984 0.6085806194501846 1 0 0 0.5816609570311196 0.8134313314998642 1.2415382356021405
cell 40.128049830180444 34.30577811826844 0.0 1.6431676725154984 0.6085806194501846 1 0 0 -0.13736428461584616 0.9905205971164743 6.007585345340982
cell 36.69011751962413 2.2250211144604193 0.0 1.6431676725154984 0.6085806194501846 1 0 0 0.6481910099505069 -0.761477783404967 4.872772513495821
cell 8.448963176402826 25.477647901913834 0.0 1.6431676725154984 0.6085806194501846 1 0 0 0.7872586793431189 0.6166228764803722 1.8127011862696423
cell 4.931466705641792 0.9868085356106274 0.0 1.6431676725154984 0.6085806194501846 1 0 0 0.011599801636287188 -0.9999327200377027 6.259985183603532
cell 14.729578510698154 42.45590820222506 0.0 1.0 1.0 1 0 0 0.0 1.0 0
cell 51.42036718768515 18.982154369277282 0.0 1.6431676725154984 0.6085806194501846 1 0 0 0.46222464723570894 0.8867628631645692 0.9610045828994022
cell 23.8155999907369 44.789702289337846 0.0 1.0 1.0 1 0 0 0.0 1.0 0
cell 29.36120932085548 56.678707082742235 0.0 1.6431676725154984 0.6085806194501846 1 0 0 0.8899530449019524 0.45605216573298235 2.194484398498984
cell 3.3975618956406013 64.82620831167216 0.0 1.6431676725154984 0.6085806194501846 1 0 0 0.49353836791440964 0.8697240248471815 1.0323069174907311
cell 24.289306980612302 46.817507732096885 0.0 1.0 1.0 1 0 0 0.0 1.0 0
cell 38.10393840850356 54.22692306453576 0.0 1.6431676725154984 0.6085806194501846 1 0 0 0.9565949669076271 0.2914207770338204 2.5501691605194883
cell 10.380824655242677 39.76828469783398 0.0 1.6431676725154984 0.6085806194501846 1 0 0 -0.04315777137476788 0.9990682693239553 6.19684294682207
cell 11.191791373937164 41.4934657503104 0.0 1.6431676725154984 0.6085806194501846 1 0 0 -0.2041370438643986 0.9789423207330985 5.872021092712736
cell 64.10269716722595 40.56793035405629 0.0 1.6431676725154984 0.6085806194501846 1 0 0 0.5890223695933954 0.8081167292653838 1.259697085579877
cell 11.511458171548272 47.947114447963 0.0 1.6431676725154984 0.6085806194501846 1 0 0 0.00762769908747247 -0.999970908680163 6.267929761069698
cell 33.9535983080528 47.45527105047423 0.0 1.0 1.0 1 0 0 0.0 1.0 0
cell 49.74255631244923 66.90550943083282 0.0 1.6431676725154984 0.6085806194501846 1 0 0 0.9997836087667024 0.02080229894577798 3.0999850544817114
cell 46.59648781785149 6.842921220082903 0.0 1.6431676725154984 0.6085806194501846 1 0 0 -0.32164458840158866 -0.9468604748071242 0.6549317235168957
cell 35.14544747484618 30.94671589963258 0.0 1.6431676725154984 0.6085806194501846 1 0 0 0.6996586560767704 0.7144772669419563 1.5498392628229394
cell 16.486300322536895 42.39596881485742 0.0 1.0 1.0 1 0 0 0.0 1.0 0
cell 52.327082594393815 1.5112098175275606 0.0 1.0 1.0 1 0 0 0.0 1.0 0
cell 16.390461428672115 10.06830259286282 0.0 1.6431676725154984 0.6085806194501846 1 0 0 0.9248713870711486 0.3802800512478791 2.3613944979118155
cell 64.70062765481596 33.008486121935455 0.0 1.6431676725154984 0.6085806194501846 1 0 0 0.6226939407381105 0.7824654983882948 1.344361787706755
cell 49.76906437851449 18.59249917629907 0.0 1.6431676725154984 0.6085806194501846 1 0 0 -0.3657906802497543 -0.930697146359879 0.748964436726701
cell 2.369970749772886 61.892487167400375 0.0 1.6431676725154984 0.6085806194501846 1 0 0 0.9060910603829275 -0.42308272275542275 4.015282354184014
cell 39.52577877646973 50.43983358486929 0.0 1.6431676725154984 0.6085806194501846 1 0 0 0.8827719945891201 0.46980166620516206 2.163460467628367
cell 24.628881569345484 31.124297419442442 0.0 1.0 1.0 1 0 0 0.0 1.0 0
cell 11.891353262765135 38.968388809228635 0.0 1.6431676725154984 0.6085806194501846 1 0 0 -0.03855227638909589 -0.9992565846594251 0.07712366536420312
cell 44.122660397821555 25.749515667797272 0.0 1.6431676725154984 0.6085806194501846 1 0 0 0.9124538237094673 -0.4091796910869019 3.984702386803108
cell 21.767875133824145 42.88938678783637 0.0 1.6431676725154984 0.6085806194501846 1 0 0 -0.00038776765702339615 0.9999999248181193 6.282409771846104
cell 39.41746576242641 29.311711513900523 0.0 1.6431676725154984 0.6085806194501846 1 0 0 0.8839267579170871 0.4676253699685117 2.168387838823407
cell 55.99737256911306 8.86111626312372 0.0 1.0 1.0 1 0 0 0.0 1.0 0
cell 43.86751222975779 21.04023825812489 0.0 1.0 1.0 1 0 0 0.0 1.0 0
cell 18.093269120244155 39.67552224157446 0.0 1.6431676725154984 0.6085806194501846 1 0 0 0.11752417777894889 0.9930700215178092 0.23559282513770388
cell 10.926142604885634 22.02155415767774 0.0 1.6431676725154984 0.6085806194501846 1 0 0 0.8311089250127842 0.5561096607361665 1.9621975986505875
cell 38.44084204571365 44.08025664571807 0.0 1.6431676725154984 0.6085806194501846 1 0 0 0.835119446340894 0.5500686414832959 1.976699795078799
cell 55.52434780051375 26.904907709547683 0.0 1.0 1.0 1 0 0 0.0 1.0 0
cell 66.61065317872847 1.0554508065027062 0.0 1.0 1.0 1 0 0 0.0 1.0 0
cell 3.9841084941467506 28.611838620146223 0.0 1.6431676725154984 0.6085806194501846 1 0 0 -0.7404877132401726 -0.6720698970645389 1.6675915135771087
cell 37.51598981034853 19.076492094456427 0.0 1.6431676725154984 0.6085806194501846 1 0 0 0.9681457808692888 0.2503871941313992 2.6354323172317047
cell 56.24982719396697 20.098908724270505 0.0 1.6431676725154984 0.6085806194501846 1 0 0 0.18008227716899017 0.9836515508296783 0.3621401904703479
cell 59.428118064096324 63.891086386887665 0.0 1.6431676725154984 0.6085806194501846 1 0 0 0.01318273837875067 0.9999131039289552 0.026366240469493988
cell 43.397047268606414 17.75071879422014 0.0 1.0 1.0 1 0 0 0.0 1.0 0
cell 60.88365948334614 3.6966029267442537 0.0 1.0 1.0 1 0 0 0.0 1.0 0
cell 60.8319457672908 10.500306724951974 0.0 1.0 1.0 1 0 0 0.0 1.0 0
cell 38.455609393890605 49.843706132773434 0.0 1.6431676725154984 0.6085806194501846 1 0 0 -0.8452398089639646 -0.5343871867312696 2.0140275260233516
cell 2.909959708086398 17.65188666642671 0.0 1.6431676725154984 0.6085806194501846 1 0 0 0.7882306916121701 0.6153798638244512 1.8158570625857198
cell 49.66803733624759 21.73479688945339 0.0 1.0 1.0 1 0 0 0.0 1.0 0
cell 25.55713357703091 0.7500633267150724 0.0 1.6431676725154984 0.6085806194501846 1 0 0 0.9989686617171105 0.045404987689958216 3.050751446724047
cell 44.17588532752825 24.21597711456037 0.0 1.6431676725154984 0.6085806194501846 1 0 0 0.9037269572303399 -0.4281093163844853 4.026391936816548
cell 20.106925413638752 37.702296837222576 0.0 1.6431676725154984 0.6085806194501846 1 0 0 0.0939016336309844 0.9955814799409601 0.18808036122982014
cell 61.492416011366124 65.48920463273188 0.0 1.6431676725154984 0.6085806194501846 1 0 0 0.23507002931586563 0.9719784366525 0.474581231372834
cell 48.13193092046617 28.50914024209091 0.0 1.6431676725154984 0.6085806194501846 1 0 0 0.5586988122367269 0.8293706271657265 1.185632167341552
cell 55.213377850332186 14.141200719844617 0.0 1.0 1.0 1 0 0 0.0 1.0 0
cell 29.015876601121793 49.195456161221486 0.0 1.6431676725154984 0.6085806194501846 1 0 0 0.759272988635293 0.6507722556538733 1.7243904680556985
cell 43.80787368536026 10.132925916003918 0.0 1.0 1.0 1 0 0 0.0 1.0 0
cell 25.760929777768382 48.12727176685622 0.0 1.0 1.0 1 0 0 0.0 1.0 0
cell 30.424005844023906 2.9927199653416388 0.0 1.6431676725154984 0.6085806194501846 1 0 0 0.911841589384202 0.41054222178637406 2.295495398867979
cell 54.08728046090219 48.71018045903932 0.0 1.6431676725154984 0.6085806194501846 1 0 0 0.5380447338761023 -0.8429162854923342 5.14695382125004
cell 23.72561373851655 55.67575291320936 0.0 1.0 1.0 1 0 0 0.0 1.0 0
cell 64.44398297719067 64.70884215765709 0.0 1.6431676725154984 0.6085806194501846 1 0 0 0.3113950649297193 0.9502805446484822 0.6333214717820865
cell 57.00400545868579 21.6273115048277 0.0 1.6431676725154984 0.6085806194501846 1 0 0 -0.2893956187211313 -0.9572095778172164 0.587190756634647
cell 12.791552961644106 37.22859778251218 0.0 1.6431676725154984 0.6085806194501846 1 0 0 0.10521327423824484 0.9944496804384161 0.21081672638833013
cell 47.082404542464104 8.368651671687802 0.0 1.6431676725154984 0.6085806194501846 1 0 0 -0.30994541746950915 -0.9507543521802315 0.6302712443893297
cell 18.254400700892894 41.35680444356496 0.0 1.0 1.0 1 0 0 0.0 1.0 0
cell 7.411316865007512 25.803718778964477 0.0 1.6431676725154984 0.6085806194501846 1 0 0 0.7783557998132595 0.6278234217493491 1.7840853185986039
cell 16.09294964384578 54.00780934621062 0.0 1.0 1.0 1 0 0 0.0 1.0 0
cell 63.23117455030156 2.2378120042293816 0.0 1.6431676725154984 0.6085806194501846 1 0 0 0.30079303163637583 0.9536894421765391 0.6110481716984282
cell 32.39289376541421 54.33188880938993 0.0 1.6431676725154984 0.6085806194501846 1 0 0 0.8088648905733562 0.5879945482721354 1.8844381353965147
cell 63.50472047426577 0.4659264848074492 0.0 1.0 1.0 1 0 0 0.0 1.0 0
cell 46.11488268266659 34.122810176570965 0.0 1.6431676725154984 0.6085806194501846 1 0 0 0.757078288513847 -0.6533241653734724 4.565526543970509
cell 7.684398486205022 13.39786624664573 0.0 1.6431676725154984 0.6085806194501846 1 0 0 -0.8056698542982014 -0.5923648249812905 1.873610827902544
cell 54.74559352280631 50.122567730712376 0.0 1.6431676725154984 0.6085806194501846 1 0 0 0.55040949779818 -0.8348948345351977 5.117476033350342
cell 53.32060555453436 10.62532729938531 0.0 1.0 1.0 1 0 0 0.0 1.0 0
cell 54.83563575544169 54.313069712316015 0.0 1.6431676725154984 0.6085806194501846 1 0 0 -0.9378571026597059 -0.34702169239219316 2.432805496537677
cell 65.15139459681437 27.914648068953205 0.0 1.0 1.0 1 0 0 0.0 1.0 0
cell 55.119957105346295 10.621570078195965 0.0 1.0 1.0 1 0 0 0.0 1.0 0
cell 48.043023166998864 30.563217656429206 0.0 1.6431676725154984 0.6085806194501846 1 0 0 0.827758664690743 -0.5610843011788854 4.332982940846568
cell 34.57121132203819 51.351365068524245 0.0 1.6431676725154984 0.6085806194501846 1 0 0 -0.7298091152132742 -0.6836509748048472 1.6360853904065227
cell 21.380026556142575 32.57154991092069 0.0 1.6431676725154984 0.6085806194501846 1 0 0 0.4170390507438626 0.9088885686125984 0.8603702129757679
cell 7.303312979721264 40.23052553831291 0.0 1.6431676725154984 0.6085806194501846 1 0 0 -8.142104853812169e-05 0.9999999966853064 6.28302246508233
cell 63.36303958313259 31.761032234855918 0.0 1.6431676725154984 0.6085806194501846 1 0 0 -0.5575678661166371 -0.8301313598907946 1.182906178571847
cell 42.00556528534846 12.756307505393236 0.0 1.0 1.0 1 0 0 0.0 1.0 0
cell 2.059499130801035 39.880156981001775 0.0 1.6431676725154984 0.6085806194501846 1 0 0 -0.20180017629774258 -0.9794267143825515 0.40639112744269834
cell 14.477269813835266 62.838572156010315 0.0 1.0 1.0 1 0 0 0.0 1.0 0
cell 21.090343535436126 36.989246090469656 0.0 1.6431676725154984 0.6085806194501846 1 0 0 0.1283494117861834 0.9917290096060217 0.25740889114821686
cell 32.05050524097062 42.99450778361306 0.0 1.6431676725154984 0.6085806194501846 1 0 0 0.7385609969001851 0.6741866609907118 1.6618668542972572
cell 3.5362626345359045 22.28127846518231 0.0 1.6431676725154984 0.6085806194501846 1 0 0 0.7623876880620889 0.6471205552996621 1.7339896997372104
cell 28.038252216034095 55.6281526451123 0.0 1.6431676725154984 0.6085806194501846 1 0 0 0.873743146586975 0.4863876168163534 2.125691461699516
cell 33.70855100441841 52.34923638156371 0.0 1.6431676725154984 0.6085806194501846 1 0 0 0.7256163447128813 0.688099498826672 1.623859384221255
cell 21.3261366189438 38.7092843732461 0.0 1.6431676725154984 0.6085806194501846 1 0 0 -0.05272048357439628 -0.9986093082941305 0.10548987298120593
cell 27.334093562006412 53.3722232181236 0.0 1.6431676725154984 0.6085806194501846 1 0 0 -0.6706471155600993 -0.7417765474797102 1.470161659819623
cell 43.57415621524027 36.358137904488785 0.0 1.6431676725154984 0.6085806194501846 1 0 0 0.4507655535477785 -0.89264237841073 5.347939747610334
cell 20.973168661788726 6.5728637257127644 0.0 1.6431676725154984 0.6085806194501846 1 0 0 -0.3799671607707211 -0.9249999766139656 0.7795215886899882
cell 29.666759991914603 38.35039972999414 0.0 1.6431676725154984 0.6085806194501846 1 0 0 0.19283776678867895 0.9812306536691335 0.3881067556148421
cell 33.46681552940586 56.71962146609017 0.0 1.6431676725154984 0.6085806194501846 1 0 0 0.9488479495737616 0.3157333821274973 2.4991337070876924
cell 31.12386038474099 42.35475135431995 0.0 1.6431676725154984 0.6085806194501846 1 0 0 0.6604070057383834 0.7509078417300373 1.442721299997554
cell 30.97897184466261 55.53365590302966 0.0 1.6431676725154984 0.6085806194501846 1 0 0 0.8134520580998608 0.5816319705562106 1.9001256867094092
cell 46.5735879431753 29.814308615310257 0.0 1.6431676725154984 0.6085806194501846 1 0 0 0.8398903821678746 -0.5427560648596215 4.289022855960384
cell 9.990170690026462 62.68851775515002 0.0 1.6431676725154984 0.6085806194501846 1 0 0 0.2800594845974409 0.9599826483260079 0.5677121457812571
cell 16.179201434506123 17.78185157716595 0.0 1.6431676725154984 0.6085806194501846 1 0 0 0.9669800671003931 -0.25485201555121995 3.6569819783402218
cell 46.411923801083375 61.1614776225433 0.0 1.6431676725154984 0.6085806194501846 1 0 0 0.8413332453274994 -0.5405167622809653 4.283695066800639
cell 59.36416775639015 66.33050701073543 0.0 1.6431676725154984 0.6085806194501846 1 0 0 0.6342238835095361 -0.7731494458292539 4.909176769965041
cell 7.159752882249591 33.99813753447441 0.0 1.6431676725154984 0.6085806194501846 1 0 0 0.6482113889110691 0.7614604357981987 1.4104663190607083
cell 34.1429645285036 62.53206842818193 0.0 1.6431676725154984 0.6085806194501846 1 0 0 0.8889107889038874 0.4580803525259171 2.189923766312222
cell 6.64745297782901 38.58376738276461 0.0 1.6431676725154984 0.6085806194501846 1 0 0 0.14156759398412028 0.9899285915325141 0.2840895571909859
cell 21.19368045331857 49.11893759938564 0.0 1.0 1.0 1 0 0 0.0 1.0 0
cell 0.5878484052669212 25.081531601907283 0.0 1.6431676725154984 0.6085806194501846 1 0 0 0.5131788257679458 0.8582817094540884 1.0777688318279155
cell 50.852112961493546 30.54331893592577 0.0 1.6431676725154984 0.6085806194501846 1 0 0 0.6646004312979175 0.7471989472146103 1.4539178705981686
cell 54.827528678456034 36.89765042685174 0.0 1.6431676725154984 0.6085806194501846 1 0 0 0.2238330949083519 0.9746274906977274 0.4514911761391646
cell 65.62879896140194 17.636912375144824 0.0 1.0 1.0 1 0 0 0.0 1.0 0
cell 50.42727126849775 26.853669166245272 0.0 1.6431676725154984 0.6085806194501846 1 0 0 0.9675797245469004 0.2525657867680107 2.6309304563828153
cell 17.079770535072527 63.686317323872146 0.0 1.6431676725154984 0.6085806194501846 1 0 0 0.11005418847217543 0.9939255885627107 0.22055513894031062
cell 27.19940281820967 48.34807204766585 0.0 1.6431676725154984 0.6085806194501846 1 0 0 0.8782119566336555 0.47827163748824425 2.1442214371693273
cell 58.8528537804637 7.121064920551312 0.0 1.0 1.0 1 0 0 0.0 1.0 0
cell 4.257713695080336 43.465919715410735 0.0 1.6431676725154984 0.6085806194501846 1 0 0 0.422517987350723 0.9063545389995541 0.8724433506091703
cell 36.75596015604932 6.934563197135469 0.0 1.6431676725154984 0.6085806194501846 1 0 0 0.6004390331893107 -0.7996705367979277 4.995085280592506
cell 12.283561075263668 63.33442375510021 0.0 1.6431676725154984 0.6085806194501846 1 0 0 0.39657796567267006 0.9180010441948999 0.8155722581293621
cell 11.783592510365674 35.30323951619491 0.0 1.6431676725154984 0.6085806194501846 1 0 0 0.1112076802632712 0.9937971884899162 0.22287637140779545
cell 3.258430918946185 8.709932988029259 0.0 1.6431676725154984 0.6085806194501846 1 0 0 -0.6659836545481858 -0.7459663342769851 1.4576233488107633
cell 52.65563201608848 17.34861895755804 0.0 1.6431676725154984 0.6085806194501846 1 0 0 0.3791356966868215 0.9253410849507324 0.77772415999923
cell 33.857245140406164 7.580598264792017 0.0 1.6431676725154984 0.6085806194501846 1 0 0 0.49148941448707634 0.8708835487291919 1.0275983260493475
cell 31.537792107310683 56.99369984225542 0.0 1.6431676725154984 0.6085806194501846 1 0 0 0.8900154893933013 0.4559302892329071 2.1947582831155636
cell 14.165658913984034 34.348455742965115 0.0 1.6431676725154984 0.6085806194501846 1 0 0 -0.22472893378718656 -0.9744213186906752 0.4533296910320397
cell 58.00327907075764 40.44180882937171 0.0 1.6431676725154984 0.6085806194501846 1 0 0 0.9541151475259753 -0.2994399526808114 3.749803891702893
cell 19.613311101517386 14.806953134232801 0.0 1.6431676725154984 0.6085806194501846 1 0 0 0.4802385983085428 0.8771378960543468 1.0018534226177647
cell 0.5881160466357761 28.649651781993956 0.0 1.6431676725154984 0.6085806194501846 1 0 0 0.5235689728142738 0.8519832925041466 1.1020692044880738
cell 22.575288106435202 41.56122496507476 0.0 1.6431676725154984 0.6085806194501846 1 0 0 -0.07249861781816457 0.9973685128449041 6.1380607513956065
cell 2.053357938375927 23.860694715551286 0.0 1.6431676725154984 0.6085806194501846 1 0 0 0.6820860439465513 0.7312719252462406 1.5012229552865066
cell 28.88350317225853 9.173126505605769 0.0 1.6431676725154984 0.6085806194501846 1 0 0 0.8687821740802788 -0.4951944405991894 4.177709904767885
cell 48.121744147910796 6.907155133799469 0.0 1.6431676725154984 0.6085806194501846 1 0 0 0.388639806333526 0.9213897660236082 0.7983097818499598
cell 37.034143352148995 44.48550272363925 0.0 1.6431676725154984 0.6085806194501846 1 0 0 0.7719101685558835 0.6357316192231023 1.7636807453442824
cell 11.269574243341914 43.813732244035215 0.0 1.0 1.0 1 0 0 0.0 1.0 0
cell 16.195686243813512 57.468484156224264 0.0 1.6431676725154984 0.6085806194501846 1 0 0 0.9996579442030719 -0.02615329026505043 3.193905198859041
cell 57.60856414812623 48.631439364941414 0.0 1.6431676725154984 0.6085806194501846 1 0 0 0.8121769826095582 0.5834111319808986 1.8957479088283093
cell 55.4038338740198 35.74181235152324 0.0 1.6431676725154984 0.6085806194501846 1 0 0 0.3349259975257667 0.942244435473816 0.6830533809903799
cell 36.329347963287766 64.51877805186892 0.0 1.6431676725154984 0.6085806194501846 1 0 0 0.3965682425977679 0.9180052445181988 0.8155510750321977
cell 18.93523849102289 26.888846332764896 0.0 1.0 1.0 1 0 0 0.0 1.0 0
