1000
 Lattice="62.66570686577501 0.0 0.0 0.0 62.66570686577501 0.0 0.0 0.0 1.0"Properties=species:S:1:pos:R:3:aspherical_shape:R:3:orientation:R:4:Color:R:1
cell 20.530033555186098 7.979208375639707 0.0 1.0 1.0 1 0 0 0.0 1.0 0
cell 28.791012580478984 61.587724207975405 0.0 1.0 1.0 1 0 0 0.0 1.0 0
cell 22.052383503203274 22.71798172069793 0.0 1.6431676725154984 0.6085806194501846 1 0 0 0.030067513754871007 -0.999547870097576 6.223041215082435
cell 1.2317519880692491 54.53496605817972 0.0 1.6431676725154984 0.6085806194501846 1 0 0 0.9788325055132007 0.20466295744650514 2.7293539262373843
cell 12.550787953480702 8.569315447883454 0.0 1.0 1.0 1 0 0 0.0 1.0 0
cell 12.211852050792304 43.895460904974655 0.0 1.6431676725154984 0.6085806194501846 1 0 0 0.5875375009862847 -0.8091969382880732 5.0271606525441594
cell 44.09276689171774 53.295212454749624 0.0 1.6431676725154984 0.6085806194501846 1 0 0 0.46274832483916273 0.886489699803979 0.9621858643460858
cell 8.230888557612499 4.463720144457511 0.0 1.0 1.0 1 0 0 0.0 1.0 0
cell 48.39628193940225 25.574576250343878 0.0 1.6431676725154984 0.6085806194501846 1 0 0 0.1765305162700362 0.984295167531282 0.3549209766381577
cell 58.0976539658043 38.348243472494936 0.0 1.6431676725154984 0.6085806194501846 1 0 0 0.7983944567493185 0.6021347784607368 1.8492481322122938
cell 6.754228800591094 60.700889331043165 0.0 1.0 1.0 1 0 0 0.0 1.0 0
cell 15.336899274167664 4.624664587727273 0.0 1.0 1.0 1 0 0 0.0 1.0 0
cell 8.55773040341334 35.27590461222459 0.0 1.6431676725154984 0.6085806194501846 1 0 0 0.11158411334632358 -0.9937549927666853 6.059551354497495
cell 7.471240639268815 1.2551389638082902 0.0 1.0 1.0 1 0 0 0.0 1.0 0
cell 30.66613263919218 60.935046398377246 0.0 1.0 1.0 1 0 0 0.0 1.0 0
cell 3.1931069849194027 28.211499221937522 0.0 1.6431676725154984 0.6085806194501846 1 0 0 -0.4271337638507768 -0.9041884470499879 0.8826408803795527
cell 45.65597826237306 29.24281133976153 0.0 1.6431676725154984 0.6085806194501846 1 0 0 -0.19096888691712385 -0.9815960901662326 0.3842982089610505
cell 27.024723054443985 43.08546725912191 0.0 1.6431676725154984 0.6085806194501846 1 0 0 0.7124559910783652 -0.701716795278939 4.697201318067272
cell 24.77583205112233 21.67293566140617 0.0 1.6431676725154984 0.6085806194501846 1 0 0 0.31771560086880984 -0.9481860560905603 5.636546745522496
cell 32.48485969106957 60.31950419051735 0.0 1.0 1.0 1 0 0 0.0 1.0 0
cell 27.093099774490057 7.088445664883498 0.0 1.0 1.0 1 0 0 0.0 1.0 0
cell 32.99844499850116 19.865757334452724 0.0 1.0 1.0 1 0 0 0.0 1.0 0
cell 56.27669140361638 42.444503269607125 0.0 1.6431676725154984 0.6085806194501846 1 0 0 -0.2581990662494072 -0.9660917359070691 0.5223151872004212
cell 61.848787878729986 15.61473733487682 0.0 1.6431676725154984 0.6085806194501846 1 0 0 0.23670919758107525 0.9715805451842495 0.4779547701064308
cell 55.51901874121383 21.99176775728448 0.0 1.6431676725154984 0.6085806194501846 1 0 0 0.6387683967644489 0.7693990741448651 1.3857929318005946
cell 25.201470520427037 9.647286567912303 0.0 1.0 1.0 1 0 0 0.0 1.0 0
cell 14.85875594343598 31.651639927012937 0.0 1.0 1.0 1 0 0 0.0 1.0 0
cell 38.98766511280163 22.974083397458234 0.0 1.0 1.0 1 0 0 0.0 1.0 0
cell 44.811957434490076 9.67271549469949 0.0 1.6431676725154984 0.6085806194501846 1 0 0 0.10328392958404993 0.994651913932546 0.20693689630906018
cell 62.30152696446806 60.48996767205449 0.0 1.0 1.0 1 0 0 0.0 1.0 0
cell 14.348299660509323 34.50115323282484 0.0 1.6431676725154984 0.6085806194501846 1 0 0 0.9288977890878545 -0.37033619513584665 3.9003345009697576
cell 23.646262293744734 37.70349240055628 0.0 1.6431676725154984 0.6085806194501846 1 0 0 0.8012567370520344 -0.5983206843564135 4.424399878608211
cell 62.017979536708935 57.2591230496894 0.0 1.6431676725154984 0.6085806194501846 1 0 0 0.9217808586457568 0.3877112954690531 2.345297901218933
cell 19.658853149201917 30.767329953843856 0.0 1.6431676725154984 0.6085806194501846 1 0 0 0.9707018088459698 -0.24028732447460127 3.626916327271524
cell 10.101183493620066 32.55667394837061 0.0 1.6431676725154984 0.6085806194501846 1 0 0 0.35186706979530935 0.9360499800724654 0.7191299678547618
cell 39.28443146573981 13.588084696645673 0.0 1.6431676725154984 0.6085806194501846 1 0 0 0.41675841379718614 -0.9090172850552697 5.423432589205292
cell 44.6383178831902 27.70164731063605 0.0 1.6431676725154984 0.6085806194501846 1 0 0 -0.18314980665441846 -0.9830850158162564 0.36837900669009915
cell 6.406423306278531 4.965897147241493 0.0 1.0 1.0 1 0 0 0.0 1.0 0
cell 10.215836230710755 51.55826726275377 0.0 1.6431676725154984 0.6085806194501846 1 0 0 0.9096268772770083 0.41542621984568867 2.284770016696363
cell 26.90997093429234 37.26797671032121 0.0 1.6431676725154984 0.6085806194501846 1 0 0 0.7876215304769485 -0.6161593338813828 4.469306780353595
cell 8.414447191983824 33.66571252699284 0.0 1.6431676725154984 0.6085806194501846 1 0 0 -0.31238662920822924 -0.9499550483532999 0.6354087165261912
cell 61.160756109525906 41.88884641681607 0.0 1.6431676725154984 0.6085806194501846 1 0 0 0.6049188200998927 0.7962871473840034 1.2993278309069591
cell 53.624196224358506 55.573274353277334 0.0 1.6431676725154984 0.6085806194501846 1 0 0 0.7809184187389445 -0.6246330308863489 4.49091570291026
cell 3.544955063107262 11.879741887469148 0.0 1.0 1.0 1 0 0 0.0 1.0 0
cell 48.941357038800376 59.750541179327435 0.0 1.6431676725154984 0.6085806194501846 1 0 0 0.8448199527810342 -0.5350506960868766 4.270728161888412
cell 16.131141720689094 0.7983679862634682 0.0 1.0 1.0 1 0 0 0.0 1.0 0
cell 62.11041990534913 7.2066607918182095 0.0 1.0 1.0 1 0 0 0.0 1.0 0
cell 45.758776795626744 42.8445601328394 0.0 1.6431676725154984 0.6085806194501846 1 0 0 0.5708353863449414 0.8210645295568562 1.215045877549438
cell 14.880161002947649 33.33253913303285 0.0 1.6431676725154984 0.6085806194501846 1 0 0 -0.987918664733747 0.15497326179276977 3.4527934297814964
cell 41.44119837835937 30.336355269493527 0.0 1.6431676725154984 0.6085806194501846 1 0 0 0.6370469546869784 -0.7708249979885493 4.901863001158273
cell 31.636952978142723 21.049304767558787 0.0 1.0 1.0 1 0 0 0.0 1.0 0
cell 8.551317019417043 48.027981942635506 0.0 1.6431676725154984 0.6085806194501846 1 0 0 0.6884117283990341 0.7253201308406203 1.5185940363912254
cell 50.3835312502385 9.785433051565311 0.0 1.6431676725154984 0.6085806194501846 1 0 0 0.4335252706361847 0.9011414093913468 0.8968022372282458
cell 17.80917329160594 53.19628976092741 0.0 1.6431676725154984 0.6085806194501846 1 0 0 0.5206523652005851 -0.8537687711617453 5.187955560391018
cell 29.462223153477492 2.8689239891689513 0.0 1.0 1.0 1 0 0 0.0 1.0 0
cell 47.469728766626545 16.648002398882756 0.0 1.6431676725154984 0.6085806194501846 1 0 0 0.1634090278049525 0.9865584065993459 0.32829029281958405
cell 19.19569650848998 34.788779094287655 0.0 1.6431676725154984 0.6085806194501846 1 0 0 0.9998879452375281 0.014969868692607101 3.111651797857732
cell 4.954337893986631 3.7195268441525964 0.0 1.0 1.0 1 0 0 0.0 1.0 0
cell 25.223710652489494 15.312069072383633 0.0 1.0 1.0 1 0 0 0.0 1.0 0
cell 36.188430848545366 60.41211454857818 0.0 1.0 1.0 1 0 0 0.0 1.0 0
cell 57.906324745831014 21.92587119310716 0.0 1.6431676725154984 0.6085806194501846 1 0 0 -0.30479827548400495 -0.9524169314234059 0.6194532387152272
cell 55.30066134387951 1.5762164760217903 0.0 1.0 1.0 1 0 0 0.0 1.0 0
cell 42.70696582149616 10.2584529168257 0.0 1.6431676725154984 0.6085806194501846 1 0 0 -0.11247292970457079 0.9936547891917347 6.057762460617513
cell 7.0549353261943475 42.13874340419397 0.0 1.6431676725154984 0.6085806194501846 1 0 0 0.5463711790866401 -0.8375431539111728 5.127134534032764
cell 41.696695253602336 18.39604290144412 0.0 1.0 1.0 1 0 0 0.0 1.0 0
cell 35.09726697976507 7.619691522742322 0.0 1.0 1.0 1 0 0 0.0 1.0 0
cell 4.55143949846121 28.553972394406472 0.0 1.6431676725154984 0.6085806194501846 1 0 0 0.5371086347262503 0.8435130790346428 1.1340111757916855
cell 44.91224467130741 30.61637339980144 0.0 1.0 1.0 1 0 0 0.0 1.0 0
cell 22.462077607375022 34.39895738442779 0.0 1.6431676725154984 0.6085806194501846 1 0 0 0.9978512831328188 0.06551959058317658 3.010459536315363
cell 44.478392281509024 32.33621493729828 0.0 1.0 1.0 1 0 0 0.0 1.0 0
cell 51.11653598488843 23.21192772377581 0.0 1.6431676725154984 0.6085806194501846 1 0 0 0.2897794796600725 0.9570934401446588 0.5879928468579699
cell 54.43482519424181 60.44324341651124 0.0 1.6431676725154984 0.6085806194501846 1 0 0 0.9696202533691705 -0.24461513496982507 3.6358381519575196
cell 44.09789432807867 26.13869763439928 0.0 1.6431676725154984 0.6085806194501846 1 0 0 -0.028133974088294805 -0.9996041614069037 0.05627537369413993
cell 17.702040976357797 20.778568617091913 0.0 1.6431676725154984 0.6085806194501846 1 0 0 -0.026563692151292496 -0.9996471228685108 0.0531336343311164
cell 28.56974206701157 4.465107345938048 0.0 1.0 1.0 1 0 0 0.0 1.0 0
cell 21.678389399142016 62.01939690710658 0.0 1.0 1.0 1 0 0 0.0 1.0 0
cell 60.76677195678225 23.4518693391236 0.0 1.6431676725154984 0.6085806194501846 1 0 0 -0.2235358606747847 -0.9746957058448463 0.4508812532042903
cell 37.7902572730703 0.518987700990865 0.0 1.6431676725154984 0.6085806194501846 1 0 0 0.9968702476429413 0.0790551033412825 2.983317291533209
cell 34.152335058595995 18.284528704955743 0.0 1.0 1.0 1 0 0 0.0 1.0 0
cell 28.332782140248543 38.62231762113721 0.0 1.6431676725154984 0.6085806194501846 1 0 0 0.7591296447909635 -0.6509394613937195 4.559235317124886
cell 52.07451161988136 13.551179653747663 0.0 1.0 1.0 1 0 0 0.0 1.0 0
cell 52.68635666118187 59.17232811820701 0.0 1.6431676725154984 0.6085806194501846 1 0 0 0.7806437768851604 0.6249762344365359 1.7913904755465062
cell 7.135699995965597 58.85462523038159 0.0 1.0 1.0 1 0 0 0.0 1.0 0
cell 5.3322638904618564 22.382625428422216 0.0 1.0 1.0 1 0 0 0.0 1.0 0
cell 0.736266785251716 32.5618618324864 0.0 1.6431676725154984 0.6085806194501846 1 0 0 -0.2521274245605096 -0.9676940434788697 0.5097561503060248
cell 1.1791068048728872 19.923413867830096 0.0 1.0 1.0 1 0 0 0.0 1.0 0
cell 8.636214881055965 26.813392292545885 0.0 1.0 1.0 1 0 0 0.0 1.0 0
cell 1.2644345950646365 8.552252939051426 0.0 1.0 1.0 1 0 0 0.0 1.0 0
cell 48.55640811315664 22.46808122284154 0.0 1.6431676725154984 0.6085806194501846 1 0 0 -0.2599221490913018 -0.9656295751538263 0.5258831602305616
cell 35.440325465560306 51.76635178048939 0.0 1.0 1.0 1 0 0 0.0 1.0 0
cell 55.22664415273911 14.242430777370501 0.0 1.6431676725154984 0.6085806194501846 1 0 0 0.6266838016447499 0.7792736443355978 1.354580785533521
cell 38.92993829961091 48.10455116912326 0.0 1.6431676725154984 0.6085806194501846 1 0 0 0.26600606104833924 -0.9639713561540857 5.744690437038744
cell 32.68758079765472 24.367874747559743 0.0 1.0 1.0 1 0 0 0.0 1.0 0
cell 13.563260983703643 15.5851882012007 0.0 1.0 1.0 1 0 0 0.0 1.0 0
cell 43.133899277864174 56.894846632935135 0.0 1.0 1.0 1 0 0 0.0 1.0 0
cell 53.94370169947172 51.286589299273516 0.0 1.6431676725154984 0.6085806194501846 1 0 0 0.8297611103718663 -0.5581187147143943 4.325826264118599
cell 47.408551879620234 57.75507615354612 0.0 1.6431676725154984 0.6085806194501846 1 0 0 0.6831389760129746 0.7302883947126262 1.5041046205038433
cell 34.366113616936666 54.915046316849605 0.0 1.0 1.0 1 0 0 0.0 1.0 0
cell 56.675462441186525 4.424743118926242 0.0 1.0 1.0 1 0 0 0.0 1.0 0
cell 11.094978752311855 55.5310197074443 0.0 1.0 1.0 1 0 0 0.0 1.0 0
cell 18.05394128710301 33.89571787759023 0.0 1.6431676725154984 0.6085806194501846 1 0 0 0.994947909300289 0.10039251854089529 2.940468803650897
cell 10.747891813309362 29.60429768862927 0.0 1.6431676725154984 0.6085806194501846 1 0 0 0.9889666653593526 -0.14813822871899818 3.438963581920769
cell 52.52955126063132 15.086862995706303 0.0 1.0 1.0 1 0 0 0.0 1.0 0
cell 20.629349264591585 4.845845933649368 0.0 1.0 1.0 1 0 0 0.0 1.0 0
cell 15.011807903139708 19.29973076837447 0.0 1.0 1.0 1 0 0 0.0 1.0 0
cell 18.775406296552006 40.97612027231643 0.0 1.6431676725154984 0.6085806194501846 1 0 0 0.6632508662291304 0.7483971462040112 1.4503084343113783
cell 26.71581084628935 16.563683217131242 0.0 1.6431676725154984 0.6085806194501846 1 0 0 0.007573641863133249 0.9999713195631807 0.015147428538165772
cell 13.615187273842627 60.581545942073284 0.0 1.0 1.0 1 0 0 0.0 1.0 0
cell 22.639996605038647 44.87478779546205 0.0 1.6431676725154984 0.6085806194501846 1 0 0 0.04854169570885542 -0.9988211570535082 6.186063749073859
cell 18.94977414996492 26.154793938102962 0.0 1.6431676725154984 0.6085806194501846 1 0 0 -0.18546171854792715 0.9826514900783744 5.910101883960387
cell 28.51469325051391 8.296568780021827 0.0 1.0 1.0 1 0 0 0.0 1.0 0
cell 22.236607556906964 50.05905973605899 0.0 1.6431676725154984 0.6085806194501846 1 0 0 0.5552040751354107 -0.8317141545946138 5.105968681256265
cell 11.467227270803061 5.28226257885858 0.0 1.0 1.0 1 0 0 0.0 1.0 0
cell 48.33603052093524 42.91473462581406 0.0 1.6431676725154984 0.6085806194501846 1 0 0 0.8382093535586361 -0.5453485854082812 4.295202508887782
cell 16.56054905649445 44.43410620440387 0.0 1.6431676725154984 0.6085806194501846 1 0 0 0.9603626375979774 -0.2787536624079692 3.7065848260458854
cell 22.751893751570204 51.8991208002291 0.0 1.6431676725154984 0.6085806194501846 1 0 0 0.9679647487123126 0.25108613113891703 2.633988315008739
cell 3.138990766587476 3.7755756860635628 0.0 1.0 1.0 1 0 0 0.0 1.0 0
cell 41.54970779414256 58.05685321082927 0.0 1.0 1.0 1 0 0 0.0 1.0 0
cell 4.555597411944694 26.002275326874056 0.0 1.6431676725154984 0.6085806194501846 1 0 0 0.6204068578307657 0.7842801353831144 1.3385227255551984
cell 62.48735540382427 51.888533277940745 0.0 1.6431676725154984 0.6085806194501846 1 0 0 0.7775468568121046 0.6288250038457571 1.7815103966938306
cell 15.656193016806945 50.90148091521938 0.0 1.6431676725154984 0.6085806194501846 1 0 0 0.9528588762202364 -0.30341384610513134 3.758139375296481
cell 35.36580281495457 58.807578732530466 0.0 1.0 1.0 1 0 0 0.0 1.0 0
cell 44.485447076766526 14.862130050642799 0.0 1.6431676725154984 0.6085806194501846 1 0 0 0.40795771438315137 0.9130008232610062 0.8404320955667106
cell 61.7719276020902 25.06107636021723 0.0 1.6431676725154984 0.6085806194501846 1 0 0 0.17584174842774064 0.984418447363658 0.3535215495016097
cell 31.51846587289874 6.817750667126142 0.0 1.6431676725154984 0.6085806194501846 1 0 0 0.9754974038680453 0.22001094301580498 2.6979412768584594
cell 8.292097222611234 18.991559049645495 0.0 1.0 1.0 1 0 0 0.0 1.0 0
cell 0.3111135943276792 28.935467650819373 0.0 1.6431676725154984 0.6085806194501846 1 0 0 -0.17323390163547975 -0.9848807112153983 0.348224547760676
cell 55.72342997061643 24.458818529256753 0.0 1.6431676725154984 0.6085806194501846 1 0 0 -0.20008267746401265 -0.9797790170129344 0.4028846077010435
cell 8.936717429877499 56.38000320017614 0.0 1.6431676725154984 0.6085806194501846 1 0 0 0.7293058839941714 0.6841877867745669 1.634613780709434
cell 35.326245194528475 27.884824685598865 0.0 1.6431676725154984 0.6085806194501846 1 0 0 0.8859244594636838 0.4638295507230858 2.176966669378611
cell 46.90124023710834 10.935669369548801 0.0 1.6431676725154984 0.6085806194501846 1 0 0 -0.37773276646513754 -0.9259146597492632 0.7746928555300716
cell 31.947171307886414 62.21590754431587 0.0 1.0 1.0 1 0 0 0.0 1.0 0
cell 30.187603767474915 32.33530285251049 0.0 1.6431676725154984 0.6085806194501846 1 0 0 0.6563511315711172 0.7544555600466565 1.431944196346847
cell 39.02285327466417 51.28328896445974 0.0 1.0 1.0 1 0 0 0.0 1.0 0
cell 36.964886466191544 22.825503279539383 0.0 1.6431676725154984 0.6085806194501846 1 0 0 0.9152591560837366 -0.4028655820554621 3.970883840931582
cell 30.33970104199775 0.014830359017701066 0.0 1.0 1.0 1 0 0 0.0 1.0 0
cell 56.65697492560659 37.38938137691098 0.0 1.6431676725154984 0.6085806194501846 1 0 0 0.5996339516277293 0.800274405473094 1.2860872535913073
cell 2.1220344082611664 61.36005693706538 0.0 1.6431676725154984 0.6085806194501846 1 0 0 0.7634752726771346 0.6458370599544246 1.7373543401421472
cell 42.2143835732871 7.692826828633645 0.0 1.0 1.0 1 0 0 0.0 1.0 0
cell 50.44717432976403 45.15306773965644 0.0 1.6431676725154984 0.6085806194501846 1 0 0 0.983904270835312 -0.17869635091974653 3.5009152853311494
cell 34.967922948477735 2.100551729051574 0.0 1.6431676725154984 0.6085806194501846 1 0 0 0.9827264757552505 -0.18506397231677782 3.5138665709884664
cell 43.39111707738301 4.622760188100626 0.0 1.0 1.0 1 0 0 0.0 1.0 0
cell 37.31477000146849 59.3347987651726 0.0 1.0 1.0 1 0 0 0.0 1.0 0
cell 36.20312781928689 20.597141320320635 0.0 1.0 1.0 1 0 0 0.0 1.0 0
cell 47.730522765011905 1.8211402171491398 0.0 1.6431676725154984 0.6085806194501846 1 0 0 0.6027794694945522 0.7979078337476492 1.2939599823151982
cell 17.442996490524155 60.25768958112854 0.0 1.0 1.0 1 0 0 0.0 1.0 0
cell 17.524938842124254 40.9564978752242 0.0 1.6431676725154984 0.6085806194501846 1 0 0 -0.6607061112860508 -0.750644679265273 1.4435180900918843
cell 5.805018485675569 8.496368440834253 0.0 1.0 1.0 1 0 0 0.0 1.0 0
cell 29.60814117763126 11.531306517418466 0.0 1.0 1.0 1 0 0 0.0 1.0 0
cell 14.398639500994753 7.809126796003368 0.0 1.0 1.0 1 0 0 0.0 1.0 0
cell 16.005196999275327 42.59613324140544 0.0 1.0 1.0 1 0 0 0.0 1.0 0
cell 56.96674207251788 8.126674512053965 0.0 1.0 1.0 1 0 0 0.0 1.0 0
cell 3.9750949737115926 32.3747639581181 0.0 1.6431676725154984 0.6085806194501846 1 0 0 -0.3086459668956347 -0.95117699042768 0.6275383373856549
cell 8.674396342149 60.183089758607835 0.0 1.0 1.0 1 0 0 0.0 1.0 0
cell 48.000659253801416 28.868594886757254 0.0 1.6431676725154984 0.6085806194501846 1 0 0 -0.042612695167699714 -0.9990916665704628 0.08525120407166398
cell 16.72093604977645 12.361831482854468 0.0 1.0 1.0 1 0 0 0.0 1.0 0
cell 23.823682367925 53.17732515325786 0.0 1.0 1.0 1 0 0 0.0 1.0 0
cell 17.74351370750399 8.110201853099866 0.0 1.0 1.0 1 0 0 0.0 1.0 0
cell 52.86356281352248 62.31969070094161 0.0 1.6431676725154984 0.6085806194501846 1 0 0 0.6548076815166884 -0.7557955412852997 4.855329039034127
cell 8.17728429542788 32.07681657074076 0.0 1.6431676725154984 0.6085806194501846 1 0 0 0.39420105308180586 0.9190242269653153 0.8103966923889456
cell 32.32662654478527 48.025142512146594 0.0 1.6431676725154984 0.6085806194501846 1 0 0 0.5775926937927041 -0.8163251068522195 5.0516320109036865
cell 5.036957562808528 20.483123367471197 0.0 1.0 1.0 1 0 0 0.0 1.0 0
cell 48.99246640545164 19.275912957361566 0.0 1.6431676725154984 0.6085806194501846 1 0 0 -0.1446092224992044 -0.9894888441858127 0.29023606487796716
cell 1.8972149598413965 28.43866481930164 0.0 1.6431676725154984 0.6085806194501846 1 0 0 -0.3798134777142197 -0.9250630909006314 0.7791893123285032
cell 23.01441583870672 21.443040376515786 0.0 1.6431676725154984 0.6085806194501846 1 0 0 0.11326182095546326 -0.9935651764800599 6.0561745313030375
cell 53.34172686300167 9.374090514760422 0.0 1.0 1.0 1 0 0 0.0 1.0 0
cell 55.40906126057398 6.877772709657908 0.0 1.0 1.0 1 0 0 0.0 1.0 0
cell 12.553562255466172 59.06928714404687 0.0 1.0 1.0 1 0 0 0.0 1.0 0
cell 21.039463361461035 17.652864754350485 0.0 1.6431676725154984 0.6085806194501846 1 0 0 0.4495762837448973 0.8932419409623171 0.9325818492400169
cell 27.548703354140592 0.5707382322009653 0.0 1.0 1.0 1 0 0 0.0 1.0 0
cell 30.245937849559976 12.925938764110379 0.0 1.0 1.0 1 0 0 0.0 1.0 0
cell 1.1738885717524965 26.515630047974433 0.0 1.6431676725154984 0.6085806194501846 1 0 0 -0.21949285386431586 -0.975614107679106 0.44258923520585736
cell 32.010996513660196 57.48448065963427 0.0 1.0 1.0 1 0 0 0.0 1.0 0
cell 56.85040391720921 10.125882571624704 0.0 1.0 1.0 1 0 0 0.0 1.0 0
cell 12.558134788547257 1.7577171460686531 0.0 1.0 1.0 1 0 0 0.0 1.0 0
cell 17.49912274083782 15.896279775293973 0.0 1.6431676725154984 0.6085806194501846 1 0 0 0.36285292907818306 0.9318464207472082 0.7426553252787483
cell 21.49923532578912 25.477362027461805 0.0 1.6431676725154984 0.6085806194501846 1 0 0 0.07618429097389214 0.9970937537708304 0.1525163606267949
cell 25.002702439935224 36.95296814656046 0.0 1.6431676725154984 0.6085806194501846 1 0 0 0.9471156566555907 -0.3208924008415425 3.7949357878779137
cell 16.19077195512186 6.814715121315295 0.0 1.0 1.0 1 0 0 0.0 1.0 0
cell 21.1044578570777 42.35256598983001 0.0 1.6431676725154984 0.6085806194501846 1 0 0 -0.16966200973883847 -0.9855023097138729 0.3409733931454637
cell 61.70455036188798 5.293041287685912 0.0 1.0 1.0 1 0 0 0.0 1.0 0
cell 17.38527556340283 56.56682787358806 0.0 1.0 1.0 1 0 0 0.0 1.0 0
cell 46.216897420107315 18.492699092981425 0.0 1.0 1.0 1 0 0 0.0 1.0 0
cell 48.85189639798131 9.97803894839298 0.0 1.6431676725154984 0.6085806194501846 1 0 0 0.6477939088625907 0.7618156283777103 1.4093700501759172
cell 16.30180298534243 38.7062043960487 0.0 1.6431676725154984 0.6085806194501846 1 0 0 0.6347947256388835 0.7726808243389082 1.3754856517837601
cell 28.36358138358442 43.93300736584489 0.0 1.6431676725154984 0.6085806194501846 1 0 0 0.7824607244978432 -0.6226999394719018 4.485969774246316
cell 58.29817430349524 20.297436328796536 0.0 1.0 1.0 1 0 0 0.0 1.0 0
cell 46.91624523142069 4.9397353751839885 0.0 1.6431676725154984 0.6085806194501846 1 0 0 0.7684863971374768 0.639866124603155 1.752944560796329
cell 56.138216718904694 25.802965015390573 0.0 1.6431676725154984 0.6085806194501846 1 0 0 0.14164918571402627 -0.9899169198405254 5.998930905349176
cell 21.32769669187481 13.975027157888425 0.0 1.0 1.0 1 0 0 0.0 1.0 0
cell 20.823323775524678 1.125768513059537 0.0 1.0 1.0 1 0 0 0.0 1.0 0
cell 38.277692270761975 5.501325390088927 0.0 1.0 1.0 1 0 0 0.0 1.0 0
cell 55.42794928695676 59.4868605954735 0.0 1.6431676725154984 0.6085806194501846 1 0 0 0.9895926367318173 -0.1438972318224693 3.4303896859612495
cell 33.4656449079695 0.7307644563185907 0.0 1.0 1.0 1 0 0 0.0 1.0 0
cell 29.78208778409085 9.415454084025997 0.0 1.6431676725154984 0.6085806194501846 1 0 0 0.9993428684961296 0.03624680932064597 3.0690831514932024
cell 29.749867591428675 21.480405203680903 0.0 1.6431676725154984 0.6085806194501846 1 0 0 -0.432736673397793 0.9015203666565785 5.3881329205302215
cell 45.04038164162149 59.69097551498032 0.0 1.6431676725154984 0.6085806194501846 1 0 0 0.9918585784675495 0.12734425907881303 2.8862107011608535
cell 10.763795956611792 8.933523675952083 0.0 1.0 1.0 1 0 0 0.0 1.0 0
cell 39.36486901104869 61.868174079946066 0.0 1.6431676725154984 0.6085806194501846 1 0 0 0.9887600378791411 0.14951116176807436 2.8414449354702493
cell 1.5600757620692813 4.573775831816669 0.0 1.0 1.0 1 0 0 0.0 1.0 0
cell 25.3196341651047 39.057290536767276 0.0 1.6431676725154984 0.6085806194501846 1 0 0 0.861474302747444 -0.5078011674915737 4.206853569851474
cell 21.63319529348303 15.911163068563315 0.0 1.0 1.0 1 0 0 0.0 1.0 0
cell 11.109765398788417 31.43719710233771 0.0 1.0 1.0 1 0 0 0.0 1.0 0
cell 29.057926058991765 17.945498956814102 0.0 1.6431676725154984 0.6085806194501846 1 0 0 0.31227607643753463 -0.9499913957951298 5.64800933988885
cell 48.17068410631862 49.010479601795396 0.0 1.6431676725154984 0.6085806194501846 1 0 0 0.7110469389460382 -0.7031445446104727 4.701213248981245
cell 56.418559681890834 27.507452925100424 0.0 1.6431676725154984 0.6085806194501846 1 0 0 0.15238796701080487 -0.9883207513304139 5.9772172842386535
cell 23.59485080771348 15.88718275002594 0.0 1.0 1.0 1 0 0 0.0 1.0 0
cell 28.641644449311926 58.20986176754905 0.0 1.0 1.0 1 0 0 0.0 1.0 0
cell 13.358552262897355 4.9003814167891315 0.0 1.0 1.0 1 0 0 0.0 1.0 0
cell 45.99736886676 8.709604929878296 0.0 1.0 1.0 1 0 0 0.0 1.0 0
cell 62.32575474618315 14.560239133701058 0.0 1.6431676725154984 0.6085806194501846 1 0 0 0.19018406896731146 0.9817484504245662 0.3826992681907773
cell 39.68323762485709 3.3584893817675683 0.0 1.0 1.0 1 0 0 0.0 1.0 0
cell 4.007271130778722 17.74811012216429 0.0 1.6431676725154984 0.6085806194501846 1 0 0 0.048346478503566215 0.9988306252895454 0.09673066474504635
cell 5.898705033995841 14.347010646185257 0.0 1.0 1.0 1 0 0 0.0 1.0 0
cell 18.41608516189284 36.883207369151386 0.0 1.6431676725154984 0.6085806194501846 1 0 0 0.9570172591365214 -0.2900309737162918 3.7301110584624935
cell 34.76386630944007 31.27646761274215 0.0 1.6431676725154984 0.6085806194501846 1 0 0 0.25349647713392237 -0.9673363097086198 5.7705991188997965
cell 52.98293764051178 26.11764445329471 0.0 1.6431676725154984 0.6085806194501846 1 0 0 -0.05011645226951802 0.9987433810603789 6.182910396670187
cell 13.887003173998169 53.391835218158946 0.0 1.0 1.0 1 0 0 0.0 1.0 0
cell 16.684729132516324 36.76195573666463 0.0 1.6431676725154984 0.6085806194501846 1 0 0 0.905451714120295 -0.42444928247862496 4.01829980314126
cell 17.44733524099828 19.39800318020311 0.0 1.6431676725154984 0.6085806194501846 1 0 0 0.23492001522978154 0.9720147048499005 0.4742725593254205
cell 9.310625550708387 36.59730740816689 0.0 1.6431676725154984 0.6085806194501846 1 0 0 -0.051312682646538925 -0.9986826365766132 0.10267045402078523
cell 30.463685945776337 17.80306618529497 0.0 1.6431676725154984 0.6085806194501846 1 0 0 -0.3820795692100263 0.9241294296754544 5.499094200503024
cell 56.46811884676498 14.552636471464591 0.0 1.6431676725154984 0.6085806194501846 1 0 0 0.5536544703349249 0.8327464965270966 1.1734926463826003
cell 58.887495983975256 24.862000149271804 0.0 1.6431676725154984 0.6085806194501846 1 0 0 -0.06912647953098923 -0.9976079038518348 0.1383633027739215
cell 22.299761533369097 4.722938863236774 0.0 1.0 1.0 1 0 0 0.0 1.0 0
cell 54.171678061367636 14.897355152223591 0.0 1.6431676725154984 0.6085806194501846 1 0 0 0.45758189142280215 0.889167482897306 0.9505475393640125
cell 27.94500646771364 56.522371199116584 0.0 1.0 1.0 1 0 0 0.0 1.0 0
cell 22.310389233988825 10.6738772277598 0.0 1.0 1.0 1 0 0 0.0 1.0 0
cell 56.607438914043335 19.657526680589704 0.0 1.0 1.0 1 0 0 0.0 1.0 0
cell 23.181958327831392 54.90982631593213 0.0 1.0 1.0 1 0 0 0.0 1.0 0
cell 10.097346243031781 3.9051292682785483 0.0 1.0 1.0 1 0 0 0.0 1.0 0
cell 36.43954232068883 18.556556874887224 0.0 1.0 1.0 1 0 0 0.0 1.0 0
cell 4.302808272763647 0.3500776494015114 0.0 1.0 1.0 1 0 0 0.0 1.0 0
cell 30.867107004359177 34.937948732379155 0.0 1.0 1.0 1 0 0 0.0 1.0 0
cell 54.06483308010165 27.125875985284242 0.0 1.6431676725154984 0.6085806194501846 1 0 0 -0.057446186183235465 0.9983486042926093 6.168229648750163
cell 5.497073976405484 15.536551269242253 0.0 1.6431676725154984 0.6085806194501846 1 0 0 0.11155513912719212 0.9937582457189036 0.22357564017665807
cell 56.77692097857836 23.223244392800655 0.0 1.6431676725154984 0.6085806194501846 1 0 0 0.6179889866599892 0.7861867541284066 1.3323643804756728
cell 43.54069308476968 15.89652852926325 0.0 1.0 1.0 1 0 0 0.0 1.0 0
cell 18.485319039143164 9.940771416225658 0.0 1.0 1.0 1 0 0 0.0 1.0 0
cell 48.10049765839262 40.56931539674362 0.0 1.6431676725154984 0.6085806194501846 1 0 0 0.8967472374981699 -0.44254309625097643 4.058457868595235
cell 23.837972446584132 49.860108205350535 0.0 1.6431676725154984 0.6085806194501846 1 0 0 0.9142044229581284 0.4052533442721917 2.3070807865072163
cell 25.293103846547776 51.88523075902549 0.0 1.0 1.0 1 0 0 0.0 1.0 0
cell 47.44452711451255 8.075466018338622 0.0 1.6431676725154984 0.6085806194501846 1 0 0 -0.556028047103613 -0.8311635283349134 1.1791986644321657
cell 6.157858383884016 62.59100903289762 0.0 1.0 1.0 1 0 0 0.0 1.0 0
cell 4.403563124046427 9.806857804971381 0.0 1.6431676725154984 0.6085806194501846 1 0 0 0.3903557706627718 0.9206640930927379 0.8020359787239357
cell 33.45427854247792 21.81140221153063 0.0 1.0 1.0 1 0 0 0.0 1.0 0
cell 48.4204220389684 39.25861092765785 0.0 1.6431676725154984 0.6085806194501846 1 0 0 0.9633460924869583 -0.26826163738057796 3.6847687978073043
cell 15.520390309927128 15.458558408803723 0.0 1.6431676725154984 0.6085806194501846 1 0 0 -0.38384463170897326 -0.9233976926049808 0.7879125649721566
cell 13.643008520618395 29.27693424188452 0.0 1.6431676725154984 0.6085806194501846 1 0 0 0.998742064604434 0.050142680319987205 3.0412652209445765
cell 31.38678761498237 43.540380754283056 0.0 1.6431676725154984 0.6085806194501846 1 0 0 0.8617050712793561 -0.507409469887427 4.205944325919463
cell 37.14183995666016 14.882933310848196 0.0 1.6431676725154984 0.6085806194501846 1 0 0 -0.3527556919899338 0.9357154598320491 5.562156336150777
cell 51.01723886269944 5.2573950893799966 0.0 1.0 1.0 1 0 0 0.0 1.0 0
cell 39.81484828985681 19.033136445484644 0.0 1.0 1.0 1 0 0 0.0 1.0 0
cell 13.897045794872021 46.280403950181075 0.0 1.6431676725154984 0.6085806194501846 1 0 0 0.6490272082573564 -0.7607651956692434 4.870575234259231
cell 33.45685747729166 30.322198071888884 0.0 1.6431676725154984 0.6085806194501846 1 0 0 0.8324915279600625 0.5540377747723709 1.9671792873460319
cell 40.15585876833524 28.922533525710925 0.0 1.0 1.0 1 0 0 0.0 1.0 0
cell 26.863159993760366 3.896092607446479 0.0 1.0 1.0 1 0 0 0.0 1.0 0
cell 50.36733657105476 28.24769534417563 0.0 1.6431676725154984 0.6085806194501846 1 0 0 -0.0521726640262026 -0.9986380791500037 0.10439272389912535
cell 18.657118486438478 46.463029294280645 0.0 1.6431676725154984 0.6085806194501846 1 0 0 0.9662257981168102 -0.25769692868471133 3.662868389365588
cell 28.87377097726758 53.299839306989576 0.0 1.0 1.0 1 0 0 0.0 1.0 0
cell 25.301637517096907 11.74792596259027 0.0 1.6431676725154984 0.6085806194501846 1 0 0 0.9722033315876139 0.23413816871655954 2.66892865144556
cell 43.037435851720964 2.8649714112637854 0.0 1.0 1.0 1 0 0 0.0 1.0 0
cell 61.281301315178176 2.8058332797160874 0.0 1.0 1.0 1 0 0 0.0 1.0 0
cell 49.51518448243717 53.21157876026519 0.0 1.6431676725154984 0.6085806194501846 1 0 0 0.8809748737296935 -0.47316304997004005 4.127348109660061
cell 22.538100329508573 1.167586123536159 0.0 1.0 1.0 1 0 0 0.0 1.0 0
cell 9.21393196241774 9.606421163394943 0.0 1.0 1.0 1 0 0 0.0 1.0 0
cell 7.518175637919178 57.05850837274904 0.0 1.0 1.0 1 0 0 0.0 1.0 0
cell 33.67581476818545 2.388127909808461 0.0 1.6431676725154984 0.6085806194501846 1 0 0 0.9767933811418135 -0.21418377753122203 3.5733049314434218
cell 40.016738264489156 5.142856053651456 0.0 1.0 1.0 1 0 0 0.0 1.0 0
cell 12.93390309039025 45.24016459815059 0.0 1.6431676725154984 0.6085806194501846 1 0 0 0.5739349189043208 -0.8189009151675744 5.060579443829838
cell 22.42722175727213 60.12929069651389 0.0 1.0 1.0 1 0 0 0.0 1.0 0
cell 43.07276145162929 39.41272858296853 0.0 1.6431676725154984 0.6085806194501846 1 0 0 0.9497438550035175 -0.3130281295395948 3.77835211113257
cell 30.106202529811434 28.240788505925387 0.0 1.0 1.0 1 0 0 0.0 1.0 0
cell 24.602653137532926 13.438120657847339 0.0 1.0 1.0 1 0 0 0.0 1.0 0
cell 10.548038785288844 34.23377508261908 0.0 1.6431676725154984 0.6085806194501846 1 0 0 -0.3196995557166742 -0.9475189676595193 0.6508247701624974
cell 3.40784106983074 22.435266021786223 0.0 1.0 1.0 1 0 0 0.0 1.0 0
cell 31.91564408533564 1.2622872408693593 0.0 1.0 1.0 1 0 0 0.0 1.0 0
cell 20.44511443026466 26.98753087675282 0.0 1.0 1.0 1 0 0 0.0 1.0 0
cell 6.3518727138427655 31.25490221946583 0.0 1.6431676725154984 0.6085806194501846 1 0 0 0.4483353182480168 0.8938654498365229 0.9298042538838353
cell 59.976322029384654 19.32344988250572 0.0 1.0 1.0 1 0 0 0.0 1.0 0
cell 26.828773340686297 27.943253713844598 0.0 1.6431676725154984 0.6085806194501846 1 0 0 -0.12321874912279626 -0.9923795341826701 0.24706540214173245
cell 32.886322172786784 34.963903184284085 0.0 1.6431676725154984 0.6085806194501846 1 0 0 0.9262970380101052 -0.3767941047491398 3.9142583938894058
cell 5.025588671701394 18.910707194145576 0.0 1.6431676725154984 0.6085806194501846 1 0 0 -0.07817802139036038 0.9969394148951521 6.126669555201789
cell 8.876832098734258 16.367316151950373 0.0 1.6431676725154984 0.6085806194501846 1 0 0 -0.5818360857723411 0.8133060735621743 5.041216445859982
cell 38.37278549462385 49.75404063086323 0.0 1.6431676725154984 0.6085806194501846 1 0 0 0.2580871499348704 -0.9661216398769338 5.76110180518705
cell 45.214138297444414 16.920096248425878 0.0 1.0 1.0 1 0 0 0.0 1.0 0
cell 12.219699012250556 34.27356463772797 0.0 1.6431676725154984 0.6085806194501846 1 0 0 0.5598096088722961 0.8286212656058537 1.1883120271749257
cell 41.78950614179274 60.240350411326716 0.0 1.6431676725154984 0.6085806194501846 1 0 0 0.8547542467970666 0.5190329253355508 2.0501543438799725
cell 6.246394545301145 46.0801407604566 0.0 1.6431676725154984 0.6085806194501846 1 0 0 0.23617896469133778 -0.9717095742233519 5.806321949768118
cell 40.16832340139702 17.081109278803208 0.0 1.0 1.0 1 0 0 0.0 1.0 0
cell 41.52699470043352 4.00694301139159 0.0 1.0 1.0 1 0 0 0.0 1.0 0
cell 0.5889216979596856 10.391979185539588 0.0 1.0 1.0 1 0 0 0.0 1.0 0
cell 15.788145267200496 2.7332880420684984 0.0 1.0 1.0 1 0 0 0.0 1.0 0
cell 53.96888225456531 0.5922472873176432 0.0 1.6431676725154984 0.6085806194501846 1 0 0 0.8180114762169326 0.5752018991427225 1.9158907663060571
cell 19.84441762029039 18.973629709130734 0.0 1.6431676725154984 0.6085806194501846 1 0 0 0.016065841592491425 0.9998709360382094 0.03213306560379491
cell 0.2032190392543652 35.059646923515025 0.0 1.6431676725154984 0.6085806194501846 1 0 0 -0.020977728410685847 -0.9997799432428756 0.04195853461954702
cell 50.79880899577784 12.605039700327586 0.0 1.0 1.0 1 0 0 0.0 1.0 0
cell 3.0322706899393346 30.552103847163405 0.0 1.6431676725154984 0.6085806194501846 1 0 0 -0.3097079999170751 -0.9508317173860814 0.6297718348595689
cell 28.23274562052677 13.175495266951067 0.0 1.0 1.0 1 0 0 0.0 1.0 0
cell 44.56477392318226 1.5456287486271125 0.0 1.0 1.0 1 0 0 0.0 1.0 0
cell 15.071905842511137 48.3155329374373 0.0 1.6431676725154984 0.6085806194501846 1 0 0 0.7999626728746402 -0.6000497662754827 4.428719289767646
cell 52.65212478448427 30.427490539192416 0.0 1.6431676725154984 0.6085806194501846 1 0 0 0.5402896256597574 0.8414791265411397 1.1415625155404319
cell 13.03210771076319 62.49394142531103 0.0 1.0 1.0 1 0 0 0.0 1.0 0
cell 7.228706904787608 55.27308740504702 0.0 1.0 1.0 1 0 0 0.0 1.0 0
cell 7.181836697273951 27.262797085153444 0.0 1.6431676725154984 0.6085806194501846 1 0 0 0.6175128310205429 0.7865608072647623 1.3311533644510123
cell 41.68259141884671 51.76656513278207 0.0 1.6431676725154984 0.6085806194501846 1 0 0 -0.2907973599213995 -0.9567846651481953 0.5901202136166805
cell 1.6240622970691645 21.894670514684478 0.0 1.0 1.0 1 0 0 0.0 1.0 0
cell 55.90924392611861 32.67406164791106 0.0 1.6431676725154984 0.6085806194501846 1 0 0 -0.43503500040365556 -0.9004135430033199 0.9001542957642394
cell 33.604165798364825 51.42977650234824 0.0 1.6431676725154984 0.6085806194501846 1 0 0 0.7006942025764281 -0.7134617260062263 4.730445230461282
cell 48.044549325040514 33.093953391070116 0.0 1.0 1.0 1 0 0 0.0 1.0 0
cell 19.77853554854376 28.99276646374313 0.0 1.0 1.0 1 0 0 0.0 1.0 0
cell 2.6984813942166666 52.788319270983145 0.0 1.6431676725154984 0.6085806194501846 1 0 0 0.9699949283533864 0.2431251508353442 2.650419896362551
cell 12.466332215631448 31.445131136790888 0.0 1.6431676725154984 0.6085806194501846 1 0 0 0.6927939118608806 -0.7211356291908606 4.752472904846598
cell 26.798886905907768 58.08034958313508 0.0 1.0 1.0 1 0 0 0.0 1.0 0
cell 16.470888882989435 58.51828994235664 0.0 1.0 1.0 1 0 0 0.0 1.0 0
cell 16.006975756409766 8.72017842680108 0.0 1.0 1.0 1 0 0 0.0 1.0 0
cell 36.477259557699355 57.554292515892406 0.0 1.0 1.0 1 0 0 0.0 1.0 0
cell 11.007189190250335 40.99049281771226 0.0 1.6431676725154984 0.6085806194501846 1 0 0 0.9927301181273022 0.12036159089573635 2.9002844271301265
cell 45.21641468971004 25.001097108037804 0.0 1.6431676725154984 0.6085806194501846 1 0 0 0.022721815999047417 -0.9997418262120004 6.237737763992711
cell 50.71965258516699 36.84151138237883 0.0 1.6431676725154984 0.6085806194501846 1 0 0 0.14725860597111765 0.9890980249537672 0.29559217418970435
cell 31.552826754227613 15.887526609808933 0.0 1.6431676725154984 0.6085806194501846 1 0 0 -0.3104784893755221 0.9505804056654512 5.651792594011872
cell 59.023082488610626 58.43152627231232 0.0 1.6431676725154984 0.6085806194501846 1 0 0 0.9989574345144322 -0.04565133106869729 3.2329270586333005
cell 19.47451957580205 36.05510869927079 0.0 1.6431676725154984 0.6085806194501846 1 0 0 0.9881083102369591 -0.153759446020924 3.450336346685868
cell 32.61527356643382 11.742703557495078 0.0 1.6431676725154984 0.6085806194501846 1 0 0 -0.13645630561906588 0.9906460905170908 6.009418566016206
cell 33.637717823427224 33.42961745715282 0.0 1.0 1.0 1 0 0 0.0 1.0 0
cell 56.35753239784024 39.28227508193093 0.0 1.6431676725154984 0.6085806194501846 1 0 0 0.4036575682815248 0.9149101418003006 0.8310221445325616
cell 2.8029264064759936 7.575306271817756 0.0 1.0 1.0 1 0 0 0.0 1.0 0
cell 28.935949754146083 24.90894311871879 0.0 1.0 1.0 1 0 0 0.0 1.0 0
cell 29.02799479253869 0.9390660571681607 0.0 1.0 1.0 1 0 0 0.0 1.0 0
cell 33.3985306702721 40.885242578971635 0.0 1.6431676725154984 0.6085806194501846 1 0 0 0.9886169095771099 -0.15045466459437049 3.443648966336997
cell 2.611674024809502 40.825704696690444 0.0 1.6431676725154984 0.6085806194501846 1 0 0 -0.5525671067518866 -0.8334684112405516 1.170882266596399
cell 46.10760130339705 34.03949479883353 0.0 1.0 1.0 1 0 0 0.0 1.0 0
cell 16.43693228511297 34.94170573525951 0.0 1.6431676725154984 0.6085806194501846 1 0 0 0.9726027031705636 -0.2324736152454993 3.6108330689395607
cell 30.36122286971282 19.366532670330884 0.0 1.6431676725154984 0.6085806194501846 1 0 0 0.45174276678914893 -0.8921482346861896 5.345749657329604
cell 16.65818508895394 30.65491935105188 0.0 1.6431676725154984 0.6085806194501846 1 0 0 -0.9995589999196948 -0.029695213074494867 3.082193495506237
cell 29.87108058324644 23.226232269013554 0.0 1.0 1.0 1 0 0 0.0 1.0 0
cell 51.59228649517329 57.434231819113975 0.0 1.6431676725154984 0.6085806194501846 1 0 0 0.6489509318384254 0.7608302623227071 1.412409555973577
cell 44.08663504031457 55.26221822800553 0.0 1.0 1.0 1 0 0 0.0 1.0 0
cell 7.3947645346236595 13.416610965598382 0.0 1.0 1.0 1 0 0 0.0 1.0 0
cell 38.697779601703324 30.36626416908497 0.0 1.0 1.0 1 0 0 0.0 1.0 0
cell 14.279935987828438 21.933303090778487 0.0 1.6431676725154984 0.6085806194501846 1 0 0 0.6679539398625325 0.7442026163768307 1.4629121025868843
cell 36.438883493372806 4.94169266733561 0.0 1.0 1.0 1 0 0 0.0 1.0 0
cell 40.93970764566988 44.54557550674677 0.0 1.6431676725154984 0.6085806194501846 1 0 0 0.39627662475518566 0.9181311652877479 0.8149157892471701
cell 26.622045752656323 10.21466895122465 0.0 1.6431676725154984 0.6085806194501846 1 0 0 0.9754996784230232 0.22000085771782416 2.697961954076426
cell 26.857768981353782 8.786329307515752 0.0 1.0 1.0 1 0 0 0.0 1.0 0
cell 31.791344376365203 31.311368986228484 0.0 1.6431676725154984 0.6085806194501846 1 0 0 0.8698856758740291 0.49325339421962777 2.1099409950163115
cell 31.083743588680026 10.733488350278103 0.0 1.0 1.0 1 0 0 0.0 1.0 0
cell 5.533767293258227 35.059250535830145 0.0 1.6431676725154984 0.6085806194501846 1 0 0 0.04558197565773956 0.9989606015730236 0.09119554967571517
cell 12.007863535314026 28.347166668181746 0.0 1.0 1.0 1 0 0 0.0 1.0 0
cell 19.748797929422278 15.206992703283422 0.0 1.0 1.0 1 0 0 0.0 1.0 0
cell 10.89431185638925 37.81855150875552 0.0 1.6431676725154984 0.6085806194501846 1 0 0 0.08004031581972822 0.9967916270933851 0.1602520511044753
cell 36.65774728914311 9.972872847084982 0.0 1.6431676725154984 0.6085806194501846 1 0 0 -0.0034146388598314953 0.9999941701037346 6.276356016188565
cell 10.083402545592461 15.605051767578475 0.0 1.6431676725154984 0.6085806194501846 1 0 0 0.610682143430702 -0.7918758234059703 4.969341842454778
cell 5.328146540147353 59.271574473040886 0.0 1.0 1.0 1 0 0 0.0 1.0 0
cell 20.023327625268514 3.0087245437281434 0.0 1.0 1.0 1 0 0 0.0 1.0 0
cell 29.670198918694574 40.74633446588375 0.0 1.6431676725154984 0.6085806194501846 1 0 0 0.8070687361972283 -0.590457496398351 4.40484382372028
cell 58.12970218093297 26.123554079022075 0.0 1.6431676725154984 0.6085806194501846 1 0 0 -0.12191297672687948 0.9925407931695258 6.038751289662336
cell 35.8898485614498 29.488190776564135 0.0 1.0 1.0 1 0 0 0.0 1.0 0
cell 14.41744056709267 41.37748401137898 0.0 1.0 1.0 1 0 0 0.0 1.0 0
cell 30.711890618493857 49.40758586564436 0.0 1.6431676725154984 0.6085806194501846 1 0 0 0.5273193952274919 -0.8496671438963096 5.172300152575426
cell 13.45266597950977 24.478180242938294 0.0 1.6431676725154984 0.6085806194501846 1 0 0 0.3346093353651186 0.9423569348641275 0.6823812767190959
cell 5.847403313585802 28.91406430050074 0.0 1.6431676725154984 0.6085806194501846 1 0 0 0.5481213402924592 0.8363988261086921 1.160232902728341
cell 55.97779524040414 53.011406816980475 0.0 1.6431676725154984 0.6085806194501846 1 0 0 0.9209142502689209 -0.38976524171818006 3.9423459740407756
cell 54.58539040912529 32.99268070524586 0.0 1.6431676725154984 0.6085806194501846 1 0 0 0.4124180860931552 0.9109946883836694 0.8502136170467532
cell 26.80189883834226 22.262129238827978 0.0 1.6431676725154984 0.6085806194501846 1 0 0 -0.3567546350688864 0.9341981215763955 5.553602064932345
cell 22.22495048257113 47.538533785102814 0.0 1.6431676725154984 0.6085806194501846 1 0 0 0.7839333540789953 0.6208449857753999 1.8019524068904924
cell 57.47284427395222 17.817382233367645 0.0 1.6431676725154984 0.6085806194501846 1 0 0 -0.18157925019135646 0.9833763144900047 5.918000985490239
cell 29.359355994304984 14.146980472787554 0.0 1.6431676725154984 0.6085806194501846 1 0 0 -0.11938395479941591 0.9928481612696127 6.043846554353799
cell 57.82538207754453 49.92956320720294 0.0 1.0 1.0 1 0 0 0.0 1.0 0
cell 50.06973760632087 43.136195345611384 0.0 1.6431676725154984 0.6085806194501846 1 0 0 0.9265671740275648 -0.3761293288412542 3.9128232625396993
cell 5.596388179782251 1.8408472732641994 0.0 1.0 1.0 1 0 0 0.0 1.0 0
cell 52.54056567735429 55.99545081142317 0.0 1.6431676725154984 0.6085806194501846 1 0 0 0.6769129306630745 0.7360630980433184 1.4871209492173656
cell 36.90916136004273 6.762951852893717 0.0 1.0 1.0 1 0 0 0.0 1.0 0
cell 19.697703599762438 11.283641966925044 0.0 1.0 1.0 1 0 0 0.0 1.0 0
cell 15.226580625539897 45.8879398479626 0.0 1.6431676725154984 0.6085806194501846 1 0 0 0.8202481304979561 -0.5720078709376367 4.359495962076768
cell 9.844391030869993 13.008079165867715 0.0 1.6431676725154984 0.6085806194501846 1 0 0 0.2740770899862749 -0.961707725218351 5.727925480185694
cell 0.07702499266514662 33.865854591831464 0.0 1.6431676725154984 0.6085806194501846 1 0 0 0.9999957187594161 -0.002926168627886769 3.1474449991973357
cell 1.926332322340747 16.287316102610045 0.0 1.6431676725154984 0.6085806194501846 1 0 0 0.22329463787677042 0.9747509962526235 0.4503862967707059
cell 32.984669859704944 14.180746255955404 0.0 1.6431676725154984 0.6085806194501846 1 0 0 -0.18944230807207643 0.9818918534708008 5.9019970303011835
cell 25.877593845389967 42.01643455617663 0.0 1.6431676725154984 0.6085806194501846 1 0 0 -0.5738917333512586 0.818931180497536 5.060684913867131
cell 14.21921906498774 9.544154376349494 0.0 1.0 1.0 1 0 0 0.0 1.0 0
cell 19.93054333889095 21.782362474417837 0.0 1.6431676725154984 0.6085806194501846 1 0 0 0.07793253184860195 0.9969586352901842 0.1560232703476654
cell 15.510588065735599 60.26931583737185 0.0 1.0 1.0 1 0 0 0.0 1.0 0
cell 62.41996820015052 21.32741104413978 0.0 1.0 1.0 1 0 0 0.0 1.0 0
cell 12.791192896213493 27.078934803768217 0.0 1.6431676725154984 0.6085806194501846 1 0 0 0.17929514765568416 0.9837953293379301 0.3605398840443007
cell 32.04931180580145 8.362969321674669 0.0 1.0 1.0 1 0 0 0.0 1.0 0
cell 4.898017136083527 61.12425499204369 0.0 1.0 1.0 1 0 0 0.0 1.0 0
cell 4.592384132029773 5.723427931723929 0.0 1.0 1.0 1 0 0 0.0 1.0 0
cell 17.84688031647935 22.311480623192296 0.0 1.6431676725154984 0.6085806194501846 1 0 0 0.05591453746006542 0.9984355585117284 0.11188742811929672
cell 16.142126153194308 26.59419439184743 0.0 1.6431676725154984 0.6085806194501846 1 0 0 -0.19099820475619966 0.9815903859451298 5.8988273630086
cell 21.15367086334591 33.53643705732423 0.0 1.6431676725154984 0.6085806194501846 1 0 0 0.9918365542769885 0.1275156837410622 2.8858650338070495
cell 11.251309345401255 35.79435774989201 0.0 1.6431676725154984 0.6085806194501846 1 0 0 0.06498192960798702 0.9978864408460627 0.13005549879636705
cell 58.138820036534895 12.590662278958998 0.0 1.0 1.0 1 0 0 0.0 1.0 0
cell 51.79715421731479 24.84442357699534 0.0 1.6431676725154984 0.6085806194501846 1 0 0 -0.17405307328173644 -0.9847362731621002 0.34988816379470045
cell 21.236236088208184 53.646526057030584 0.0 1.6431676725154984 0.6085806194501846 1 0 0 0.826442252614014 -0.56302149434482 4.337667238286145
cell 54.06969174344585 20.613473872202135 0.0 1.6431676725154984 0.6085806194501846 1 0 0 -0.5496670248758604 -0.8353838409761828 1.1639311924005549
cell 48.231484330341324 45.05168183111307 0.0 1.6431676725154984 0.6085806194501846 1 0 0 0.9123222980198469 -0.40947286178181047 3.9853450315394023
cell 43.32199765067811 47.37802220162249 0.0 1.6431676725154984 0.6085806194501846 1 0 0 0.8402892543879683 -0.5421383300967682 4.287552216222633
cell 10.118928362955508 26.099551293159674 0.0 1.6431676725154984 0.6085806194501846 1 0 0 0.8426313229942035 -0.5384909038312887 4.278882952554389
cell 30.1518512442519 8.033493442252942 0.0 1.0 1.0 1 0 0 0.0 1.0 0
cell 12.856520241434385 18.996591475361015 0.0 1.6431676725154984 0.6085806194501846 1 0 0 -0.5437714491330913 -0.8392333472328766 1.1498490453228376
cell 46.87235452145355 27.49659169338688 0.0 1.6431676725154984 0.6085806194501846 1 0 0 -0.16336600389202952 -0.9865655319198767 0.32820307293019724
cell 44.44581677599594 34.301590753790364 0.0 1.6431676725154984 0.6085806194501846 1 0 0 0.8055048131939853 -0.5925892303453741 4.410131601647845
cell 35.03565125643886 0.41211311040859266 0.0 1.0 1.0 1 0 0 0.0 1.0 0
cell 6.575422796723587 16.890678216138838 0.0 1.6431676725154984 0.6085806194501846 1 0 0 -0.3951850555671203 0.9186015305105975 5.470646715359241
cell 42.72471156814296 1.0293403873045421 0.0 1.0 1.0 1 0 0 0.0 1.0 0
cell 41.49675548032855 56.06804799067495 0.0 1.0 1.0 1 0 0 0.0 1.0 0
cell 3.2466373496407552 61.9059678287888 0.0 1.6431676725154984 0.6085806194501846 1 0 0 0.806369847887434 0.5914115896885995 1.8759761174926082
cell 14.65476046377608 51.748832115767094 0.0 1.6431676725154984 0.6085806194501846 1 0 0 0.9046834898824783 -0.4260842441748578 4.021912707300038
cell 31.207059170693338 55.69256695670681 0.0 1.0 1.0 1 0 0 0.0 1.0 0
cell 23.383836098290065 29.953254067533056 0.0 1.6431676725154984 0.6085806194501846 1 0 0 0.9995382779013297 0.030384716718182447 3.08081386556227
cell 16.491491545218537 61.74213352941206 0.0 1.0 1.0 1 0 0 0.0 1.0 0
cell 49.39072480674969 48.70533366190845 0.0 1.6431676725154984 0.6085806194501846 1 0 0 0.7775478864343924 -0.628823730707906 4.501671635732609
cell 6.825417989754086 3.119483599541832 0.0 1.0 1.0 1 0 0 0.0 1.0 0
cell 40.67200602818756 35.50781278736504 0.0 1.6431676725154984 0.6085806194501846 1 0 0 0.3645995050770984 -0.9311644327923694 5.536779975863239
cell 46.80451241039951 53.961326229773086 0.0 1.6431676725154984 0.6085806194501846 1 0 0 -0.48477445313775125 -0.8746391996617773 1.0122105501395184
cell 19.0726024518117 60.189220723934454 0.0 1.0 1.0 1 0 0 0.0 1.0 0
cell 60.892532588622544 33.00351504713975 0.0 1.6431676725154984 0.6085806194501846 1 0 0 0.31533696708467296 -0.94897976648074 5.64156187389864
cell 56.57354677187437 30.423956645299658 0.0 1.6431676725154984 0.6085806194501846 1 0 0 0.9819785104663774 -0.18899260562846038 3.521864979101927
cell 11.761335685321262 52.09248101499554 0.0 1.6431676725154984 0.6085806194501846 1 0 0 0.9803580363932323 0.19722606440124987 2.744537456715781
cell 45.238063078775134 60.893932659908145 0.0 1.6431676725154984 0.6085806194501846 1 0 0 0.9999813904406775 -0.006100719001010694 3.153794167280173
cell 45.177808446520565 58.43482910599061 0.0 1.6431676725154984 0.6085806194501846 1 0 0 0.9631418583991195 0.26899397874207254 2.5968959365062414
cell 15.13583918525919 12.05125707391471 0.0 1.6431676725154984 0.6085806194501846 1 0 0 0.41027642953413346 0.9119612115483439 0.8455143139560188
cell 27.993390694028616 2.4852390539184808 0.0 1.0 1.0 1 0 0 0.0 1.0 0
cell 42.3600123535882 14.443687304795402 0.0 1.0 1.0 1 0 0 0.0 1.0 0
cell 44.74439035779267 21.552161749150585 0.0 1.0 1.0 1 0 0 0.0 1.0 0
cell 7.869694570223364 43.33612369199021 0.0 1.6431676725154984 0.6085806194501846 1 0 0 0.5578621509769144 -0.8299336241576253 5.099570036228773
cell 28.706072458077585 20.221711481043407 0.0 1.6431676725154984 0.6085806194501846 1 0 0 0.4151883149578867 -0.909735490745761 5.4268857214179755
cell 3.8365897419836235 2.074424039414239 0.0 1.0 1.0 1 0 0 0.0 1.0 0
cell 33.80359642804134 46.89895033758957 0.0 1.6431676725154984 0.6085806194501846 1 0 0 0.6373284334240649 -0.7705922838630214 4.901132559798177
cell 50.94847537038955 27.101180459603274 0.0 1.6431676725154984 0.6085806194501846 1 0 0 0.18555600900201966 0.9826336893895112 0.37327533522261847
cell 49.20769393081103 24.307476703716908 0.0 1.0 1.0 1 0 0 0.0 1.0 0
cell 40.202610040697046 11.475848182614605 0.0 1.6431676725154984 0.6085806194501846 1 0 0 -0.29457162946565285 0.9556294026001659 5.6851708520224
cell 23.338446173926997 61.7556485651712 0.0 1.0 1.0 1 0 0 0.0 1.0 0
cell 43.38205155705392 43.42426680720484 0.0 1.6431676725154984 0.6085806194501846 1 0 0 0.8471800560701149 -0.5313058936215905 4.261875215479049
cell 48.97451880382256 57.73903669960366 0.0 1.6431676725154984 0.6085806194501846 1 0 0 0.8874660032693611 -0.4608731854220924 4.099550365642248
cell 34.27792267458874 23.621805407943363 0.0 1.0 1.0 1 0 0 0.0 1.0 0
cell 8.068121435245223 62.062185797579076 0.0 1.0 1.0 1 0 0 0.0 1.0 0
cell 43.44603112734591 12.584687217960926 0.0 1.6431676725154984 0.6085806194501846 1 0 0 0.3045576995768728 -0.9524938884992613 5.664237238372236
cell 15.85449333261299 14.01918995047885 0.0 1.6431676725154984 0.6085806194501846 1 0 0 -0.1737309977961929 -0.9847931459980513 0.34923404717264983
cell 58.051446489066116 28.216052980474128 0.0 1.6431676725154984 0.6085806194501846 1 0 0 0.14562581758899779 -0.9893397400547175 5.990894299274306
cell 20.22692087984705 20.546756407544553 0.0 1.6431676725154984 0.6085806194501846 1 0 0 0.2553277241911831 0.9668545667572508 0.5163732943661113
cell 36.14623534224351 8.605052174450677 0.0 1.0 1.0 1 0 0 0.0 1.0 0
cell 21.50498851846912 43.729574235264614 0.0 1.6431676725154984 0.6085806194501846 1 0 0 0.03075891521052807 0.9995268326238529 0.061527535001306144
cell 24.335995436424202 17.11036711339371 0.0 1.6431676725154984 0.6085806194501846 1 0 0 0.028523370153312834 0.9995931259042836 0.057054478512989205
cell 61.29046836348781 26.084032960117003 0.0 1.6431676725154984 0.6085806194501846 1 0 0 -0.1435481301382434 -0.9896433369319545 0.28809150420755714
cell 13.968371458194843 17.546330454940154 0.0 1.0 1.0 1 0 0 0.0 1.0 0
cell 13.727412694851747 26.15000999697059 0.0 1.6431676725154984 0.6085806194501846 1 0 0 0.3562619619312081 0.9343861163785164 0.7285285975247718
cell 16.531438372832653 46.11698251241068 0.0 1.6431676725154984 0.6085806194501846 1 0 0 0.8798681304622687 -0.47521792158633075 4.132016034463335
cell 17.07024442941477 10.389273406470458 0.0 1.0 1.0 1 0 0 0.0 1.0 0
cell 55.79602965581659 48.546463160854785 0.0 1.6431676725154984 0.6085806194501846 1 0 0 0.43205732412860415 0.9018461446759255 0.8935455399095945
cell 41.82640813053066 32.60989327617732 0.0 1.6431676725154984 0.6085806194501846 1 0 0 0.6130983043795277 -0.7900066260272428 4.963232263147477
cell 28.88019235942879 49.75970103796829 0.0 1.6431676725154984 0.6085806194501846 1 0 0 0.34903859398117615 -0.9371083501450852 5.570095349117401
cell 46.50108559973776 14.554108737711983 0.0 1.6431676725154984 0.6085806194501846 1 0 0 -0.4794813313721169 -0.8775520798594362 1.0001271532486866
cell 12.562163280525146 37.00720899123278 0.0 1.6431676725154984 0.6085806194501846 1 0 0 -0.08536059630941259 -0.9963501234996167 0.17092920008750578
cell 57.66013273789216 44.229725694509 0.0 1.6431676725154984 0.6085806194501846 1 0 0 0.1614273113476789 0.9868846047796366 0.32427352460337555
cell 45.12965002890281 45.08587817634435 0.0 1.6431676725154984 0.6085806194501846 1 0 0 0.6139946874364445 0.7893101569090714 1.3222233496993379
cell 9.044722567779129 20.787721425648865 0.0 1.6431676725154984 0.6085806194501846 1 0 0 0.9823165654233728 -0.18722757621362457 3.518270755481514
cell 4.660030132351743 16.606325395218658 0.0 1.6431676725154984 0.6085806194501846 1 0 0 -0.018796179702353005 0.9998233362092509 6.245590733882195
cell 46.344181620071346 2.428131738852299 0.0 1.0 1.0 1 0 0 0.0 1.0 0
cell 45.66196152114861 62.62648245446285 0.0 1.0 1.0 1 0 0 0.0 1.0 0
cell 49.907530078750085 32.289987185006865 0.0 1.0 1.0 1 0 0 0.0 1.0 0
cell 60.707056818373275 20.835874132987687 0.0 1.0 1.0 1 0 0 0.0 1.0 0
cell 58.8424924477794 16.270517639850656 0.0 1.6431676725154984 0.6085806194501846 1 0 0 0.2646534497266515 0.9643435858384618 0.5356890813759653
cell 46.328278006341854 32.049325475006114 0.0 1.0 1.0 1 0 0 0.0 1.0 0
cell 27.46606881576832 5.550458369494465 0.0 1.0 1.0 1 0 0 0.0 1.0 0
cell 37.00435200785397 16.657101762829992 0.0 1.0 1.0 1 0 0 0.0 1.0 0
cell 32.44508604132147 13.033421296569633 0.0 1.6431676725154984 0.6085806194501846 1 0 0 0.22750122212715654 -0.9737777949463883 5.8241636179337375
cell 36.86250430784142 34.035547428112125 0.0 1.6431676725154984 0.6085806194501846 1 0 0 0.12450113810532519 -0.9922194649423477 6.033535224093012
cell 32.60386287785614 50.19275501857484 0.0 1.6431676725154984 0.6085806194501846 1 0 0 0.5735454536452699 -0.8191737377399507 5.0615304755817085
cell 50.18156488596365 29.58039792834013 0.0 1.6431676725154984 0.6085806194501846 1 0 0 0.1399289714815295 -0.9901615438604557 6.002405947033145
cell 26.475626479896967 14.129959787622926 0.0 1.0 1.0 1 0 0 0.0 1.0 0
cell 25.853424112074933 0.5496809132987981 0.0 1.0 1.0 1 0 0 0.0 1.0 0
cell 35.947676552014286 3.6384892656719097 0.0 1.6431676725154984 0.6085806194501846 1 0 0 0.9871211102828333 0.15997472811036897 2.8202625510120845
cell 52.055130989746225 18.43497439084679 0.0 1.6431676725154984 0.6085806194501846 1 0 0 -0.41688983035736177 -0.9089570228259476 0.860041867406995
cell 23.85203545771364 47.20575593538231 0.0 1.6431676725154984 0.6085806194501846 1 0 0 0.4688439353323263 -0.8832810222698648 5.307222321734355
cell 28.390466740826835 10.473985052271635 0.0 1.6431676725154984 0.6085806194501846 1 0 0 0.9957264991289219 0.09235117179798646 2.956626750868605
cell 7.9202893886172 25.072091902889657 0.0 1.0 1.0 1 0 0 0.0 1.0 0
cell 8.67867601987975 53.75417490811952 0.0 1.6431676725154984 0.6085806194501846 1 0 0 0.7271232811146437 0.6865069075115522 1.6282444526776059
cell 3.7159500295422387 59.08090111076685 0.0 1.6431676725154984 0.6085806194501846 1 0 0 0.8526074176000662 0.5225519988033213 2.0419098844712495
cell 50.8828697560611 46.67985779555387 0.0 1.6431676725154984 0.6085806194501846 1 0 0 0.9629784783955277 -0.26957828203888035 3.6875028011485282
cell 58.6009829738722 5.18438779867622 0.0 1.0 1.0 1 0 0 0.0 1.0 0
cell 16.58934645990434 23.331954382399395 0.0 1.6431676725154984 0.6085806194501846 1 0 0 0.09447929477901927 0.9955268267897451 0.18924084281663273
cell 58.61979933509302 1.3331302401021927 0.0 1.6431676725154984 0.6085806194501846 1 0 0 0.5178658056469982 0.8554618678477641 1.088708550593711
cell 6.225364561744376 11.58426478723632 0.0 1.6431676725154984 0.6085806194501846 1 0 0 0.0860203686717286 0.9962933785655608 0.1722536162964701
cell 33.389535696471654 17.138629054632915 0.0 1.6431676725154984 0.6085806194501846 1 0 0 0.5188334913094023 -0.8548753173976287 5.192213610891575
cell 37.761825849486605 21.561618738034188 0.0 1.0 1.0 1 0 0 0.0 1.0 0
cell 25.184171973921757 3.776681921137891 0.0 1.0 1.0 1 0 0 0.0 1.0 0
cell 27.00351692670913 52.752413875265184 0.0 1.0 1.0 1 0 0 0.0 1.0 0
cell 41.97302967379831 5.7449716975782605 0.0 1.0 1.0 1 0 0 0.0 1.0 0
cell 24.553900430994556 6.444777328766649 0.0 1.0 1.0 1 0 0 0.0 1.0 0
cell 58.65603672559308 11.012154663259487 0.0 1.0 1.0 1 0 0 0.0 1.0 0
cell 41.11316792047393 13.330237638938824 0.0 1.6431676725154984 0.6085806194501846 1 0 0 0.3075029910214325 -0.951547114184512 5.6580497894858715
cell 18.291221418218438 31.637701751572692 0.0 1.6431676725154984 0.6085806194501846 1 0 0 0.9976949622926189 -0.067858398271177 3.277413823817119
cell 27.806529340006566 19.611140592623187 0.0 1.6431676725154984 0.6085806194501846 1 0 0 0.2821692815594964 -0.959364631693392 5.711076258067151
cell 36.57422834375352 62.38086019628985 0.0 1.0 1.0 1 0 0 0.0 1.0 0
cell 19.628981406001564 13.248538021792204 0.0 1.0 1.0 1 0 0 0.0 1.0 0
cell 51.466838348950205 32.90151620388964 0.0 1.6431676725154984 0.6085806194501846 1 0 0 0.6682823881063061 -0.7439076889957063 4.8193903446669175
cell 31.553970517453163 41.27251170477581 0.0 1.6431676725154984 0.6085806194501846 1 0 0 0.9345019427775522 -0.3559580297520772 3.8694707420057664
cell 47.082946394295824 47.878605182415285 0.0 1.6431676725154984 0.6085806194501846 1 0 0 0.642465015319015 -0.7663150162244884 4.887763990933723
cell 57.19717235775207 55.30362303049615 0.0 1.6431676725154984 0.6085806194501846 1 0 0 0.9107034157095885 0.413060877613565 2.289967624866674
cell 45.73735171698326 12.358804522321526 0.0 1.6431676725154984 0.6085806194501846 1 0 0 -0.041474182603943054 0.999139575923872 6.200213143523962
cell 19.503021181126986 6.562697785303419 0.0 1.0 1.0 1 0 0 0.0 1.0 0
cell 31.698976620061586 22.757003419470337 0.0 1.0 1.0 1 0 0 0.0 1.0 0
cell 39.271590978361964 40.32464820976096 0.0 1.6431676725154984 0.6085806194501846 1 0 0 -0.753572647254401 -0.6573646364917983 1.7069601659678089
cell 57.37632110069264 47.896909567161785 0.0 1.0 1.0 1 0 0 0.0 1.0 0
cell 19.668042009739054 23.274745771665536 0.0 1.6431676725154984 0.6085806194501846 1 0 0 0.029159744789545302 0.9995747642291739 0.0583277574964685
cell 23.00218064911829 17.902763251394642 0.0 1.6431676725154984 0.6085806194501846 1 0 0 0.2561724246157272 0.9666311027824935 0.5181208126107214
cell 46.311749018679954 38.719271404128214 0.0 1.6431676725154984 0.6085806194501846 1 0 0 0.7394604247894043 -0.6732000298353185 4.618648312938845
cell 12.491581294407881 39.147899677618774 0.0 1.6431676725154984 0.6085806194501846 1 0 0 -0.0951709529595661 -0.9954609433386967 0.19063042071982306
cell 4.38846178234384 7.7626074434491406 0.0 1.0 1.0 1 0 0 0.0 1.0 0
cell 38.22264336902843 9.055744314924604 0.0 1.6431676725154984 0.6085806194501846 1 0 0 0.09851060834633833 -0.9951360007773984 6.085844030677049
cell 18.982110302659784 4.7167082976208885 0.0 1.0 1.0 1 0 0 0.0 1.0 0
cell 37.78635214209555 11.922861179295852 0.0 1.6431676725154984 0.6085806194501846 1 0 0 -0.17073283904009362 0.98531735886125 5.940038545840264
cell 13.90939629642096 12.174995416001376 0.0 1.6431676725154984 0.6085806194501846 1 0 0 -0.34524164173707644 -0.938513829845191 0.7049924913167143
cell 32.64032676763426 10.02938645279444 0.0 1.0 1.0 1 0 0 0.0 1.0 0
cell 10.980588107861662 17.519818555078405 0.0 1.0 1.0 1 0 0 0.0 1.0 0
cell 12.016923159727167 3.5118501579073196 0.0 1.0 1.0 1 0 0 0.0 1.0 0
cell 25.89257603830816 25.42105683211916 0.0 1.6431676725154984 0.6085806194501846 1 0 0 0.4355651363968338 -0.9001572151327831 5.381853304900979
cell 58.23712184510115 56.141016883684 0.0 1.6431676725154984 0.6085806194501846 1 0 0 0.9734322572424873 0.22897519638553893 2.6795430958811726
cell 35.456133786151504 15.151834785617153 0.0 1.6431676725154984 0.6085806194501846 1 0 0 -0.38450687046737175 0.9231221298199864 5.493838176010062
cell 51.57573007301948 21.071863194766575 0.0 1.6431676725154984 0.6085806194501846 1 0 0 0.3593636661846372 0.9331975972034736 0.735171836869969
cell 59.456425851726685 57.13189620595274 0.0 1.6431676725154984 0.6085806194501846 1 0 0 0.9980893280347903 0.06178748467983457 3.017938920286827
cell 32.874187651176115 4.747553845580142 0.0 1.0 1.0 1 0 0 0.0 1.0 0
cell 43.45748872443682 50.403995092508616 0.0 1.6431676725154984 0.6085806194501846 1 0 0 0.6894734963527083 0.7243109124037632 1.5215237963981016
cell 53.8456032369141 12.383411111668874 0.0 1.6431676725154984 0.6085806194501846 1 0 0 0.56953303389112 0.821968444228108 1.211875272450584
cell 52.927522466871274 33.191797527239736 0.0 1.6431676725154984 0.6085806194501846 1 0 0 -0.5735313345830011 -0.8191836230366435 1.2216203603339002
cell 58.09660522475005 60.89569533747775 0.0 1.6431676725154984 0.6085806194501846 1 0 0 0.8742156744003727 -0.48553779938610503 4.1555491375084905
cell 27.83483642140988 24.211243377987312 0.0 1.6431676725154984 0.6085806194501846 1 0 0 0.4649721115682645 -0.8853253274721951 5.315979086809434
cell 1.1006030321389138 2.7865401677007884 0.0 1.0 1.0 1 0 0 0.0 1.0 0
cell 2.3353845589440887 1.779126382787911 0.0 1.6431676725154984 0.6085806194501846 1 0 0 0.7187553689845171 0.6952630578104454 1.6040210000150081
cell 15.592071578145323 10.656796431420565 0.0 1.0 1.0 1 0 0 0.0 1.0 0
cell 45.87492841986536 50.718411697016585 0.0 1.0 1.0 1 0 0 0.0 1.0 0
cell 17.560465538813542 32.95994100231485 0.0 1.6431676725154984 0.6085806194501846 1 0 0 -0.9867796608333248 -0.162067581476582 2.8160215017909564
cell 32.64209602190497 3.1069173071949665 0.0 1.0 1.0 1 0 0 0.0 1.0 0
cell 23.97636512782413 8.12899759945358 0.0 1.0 1.0 1 0 0 0.0 1.0 0
cell 7.583887018591586 8.398935507942515 0.0 1.0 1.0 1 0 0 0.0 1.0 0
cell 31.331097834712992 3.3900244000550876 0.0 1.0 1.0 1 0 0 0.0 1.0 0
cell 22.19900277086531 19.40355046732663 0.0 1.6431676725154984 0.6085806194501846 1 0 0 -0.13056825205428943 0.9914393231839695 6.021301073609697
cell 37.78886697663063 10.780650673595055 0.0 1.6431676725154984 0.6085806194501846 1 0 0 -0.18287654410092496 0.9831358856321452 5.915362214733981
cell 0.16102838845361386 4.588304943191927 0.0 1.6431676725154984 0.6085806194501846 1 0 0 0.619093308985352 0.7853174356714407 1.3351752470346172
cell 40.56121196452129 15.15147107868379 0.0 1.0 1.0 1 0 0 0.0 1.0 0
cell 34.879667457596604 10.75339643213393 0.0 1.6431676725154984 0.6085806194501846 1 0 0 -0.021197368007783702 0.9997753105520973 6.240787395662006
cell 35.40946659681445 39.5866126511136 0.0 1.6431676725154984 0.6085806194501846 1 0 0 0.9879222546581876 0.15495037512404775 2.8304382104171024
cell 36.069919025971714 55.63741762306996 0.0 1.0 1.0 1 0 0 0.0 1.0 0
cell 21.21370831234142 37.971070208174936 0.0 1.6431676725154984 0.6085806194501846 1 0 0 0.7335118674327163 -0.6796766439531148 4.63623607725535
cell 2.0236863792432715 18.533759699866522 0.0 1.6431676725154984 0.6085806194501846 1 0 0 0.07536984593078583 0.997155647993015 0.15088277357974633
cell 37.98846234272641 7.916717162185087 0.0 1.0 1.0 1 0 0 0.0 1.0 0
cell 7.91922483128119 10.597261785768941 0.0 1.0 1.0 1 0 0 0.0 1.0 0
cell 28.082035106314656 32.14579228057132 0.0 1.6431676725154984 0.6085806194501846 1 0 0 0.7250096682946441 0.6887386883857259 1.6220968637316036
cell 3.0676965173855124 20.446447727974107 0.0 1.0 1.0 1 0 0 0.0 1.0 0
cell 34.15256579024548 27.45452188334588 0.0 1.6431676725154984 0.6085806194501846 1 0 0 0.8549619001473955 0.5186908031730995 2.0509547624956506
cell 3.763966166008916 33.73954977693786 0.0 1.6431676725154984 0.6085806194501846 1 0 0 -0.1259080751736759 -0.9920419127265037 0.25248627563339454
cell 24.669392765864572 35.39715551047485 0.0 1.6431676725154984 0.6085806194501846 1 0 0 0.9939657398137902 -0.10969096624802206 3.361416923161288
cell 24.710083225564787 2.1462711458690102 0.0 1.0 1.0 1 0 0 0.0 1.0 0
cell 24.215344550489444 23.381830002318097 0.0 1.6431676725154984 0.6085806194501846 1 0 0 -0.08205349915229844 0.9966279261975673 6.11889359940612
cell 45.641765853054544 56.49913706178589 0.0 1.0 1.0 1 0 0 0.0 1.0 0
cell 43.3426965723947 11.370832903269783 0.0 1.6431676725154984 0.6085806194501846 1 0 0 0.2887539049318684 -0.9574033540711029 5.697335215813717
cell 54.73685017341747 5.034015765622255 0.0 1.0 1.0 1 0 0 0.0 1.0 0
cell 30.227842994991896 6.034616011410027 0.0 1.0 1.0 1 0 0 0.0 1.0 0
cell 57.03531309591148 1.358286151739607 0.0 1.6431676725154984 0.6085806194501846 1 0 0 0.551408656511475 0.8342352746822747 1.1681037153133036
cell 5.565164726119958 57.33481936465066 0.0 1.0 1.0 1 0 0 0.0 1.0 0
cell 42.387260338827744 44.19346543800742 0.0 1.6431676725154984 0.6085806194501846 1 0 0 0.8057676882277435 -0.5922317389401872 4.40924412569575
cell 29.415029197916727 36.86917315156764 0.0 1.6431676725154984 0.6085806194501846 1 0 0 0.7009723354619547 -0.7131884638137473 4.729665409636282
cell 25.949327542469696 56.26141611035018 0.0 1.0 1.0 1 0 0 0.0 1.0 0
cell 29.54790005003198 59.71046201706943 0.0 1.0 1.0 1 0 0 0.0 1.0 0
cell 19.134949229559297 1.2595263739839706 0.0 1.0 1.0 1 0 0 0.0 1.0 0
cell 0.9979139056560263 23.456073470261313 0.0 1.6431676725154984 0.6085806194501846 1 0 0 0.33554784746904176 0.9420231642899726 0.6843734693276774
cell 47.20544690918733 51.782576634923686 0.0 1.6431676725154984 0.6085806194501846 1 0 0 0.9954968908555242 0.09479419970116607 2.951719161514932
cell 7.803961007117497 6.421459826399774 0.0 1.0 1.0 1 0 0 0.0 1.0 0
cell 54.86191921201534 35.100410699181985 0.0 1.6431676725154984 0.6085806194501846 1 0 0 -0.4532695777105516 -0.8913734850903398 0.9408599099114099
cell 22.50856508701827 31.123718455065095 0.0 1.6431676725154984 0.6085806194501846 1 0 0 -0.998038178845257 0.06260825478515464 3.266891111603451
cell 17.87665086114236 29.2879201328823 0.0 1.0 1.0 1 0 0 0.0 1.0 0
cell 45.28724570192832 5.237777289383205 0.0 1.0 1.0 1 0 0 0.0 1.0 0
cell 43.23475051047207 41.20464434464513 0.0 1.6431676725154984 0.6085806194501846 1 0 0 0.8897247148931797 -0.4564974607905832 4.089701752897163
cell 48.365189275799324 20.969173489537198 0.0 1.6431676725154984 0.6085806194501846 1 0 0 -0.3376967534475851 -0.9412549615863711 0.6889376492358998
cell 23.177042373622108 58.26409709217082 0.0 1.0 1.0 1 0 0 0.0 1.0 0
cell 34.226216311123224 60.10146708372253 0.0 1.0 1.0 1 0 0 0.0 1.0 0
cell 23.998689130843605 11.215769752224404 0.0 1.0 1.0 1 0 0 0.0 1.0 0
cell 30.376315191058087 14.7191310855079 0.0 1.6431676725154984 0.6085806194501846 1 0 0 -0.1518044848322985 0.9884105414172799 5.978397985254924
cell 17.063088467191157 4.335896100168043 0.0 1.0 1.0 1 0 0 0.0 1.0 0
cell 25.103585719938252 61.60806594559274 0.0 1.0 1.0 1 0 0 0.0 1.0 0
cell 32.32979010608697 16.73658400484859 0.0 1.6431676725154984 0.6085806194501846 1 0 0 -0.4439558650691783 0.8960486537407875 5.363167990961352
cell 13.588222910557272 35.67836546743843 0.0 1.6431676725154984 0.6085806194501846 1 0 0 0.5902159751925524 0.8072453794401703 1.2626527210389327
cell 60.20518553441784 1.5124248323932452 0.0 1.6431676725154984 0.6085806194501846 1 0 0 0.8111627174465 0.584820524455845 1.8922750876541001
cell 0.04616193104561675 42.964694589240715 0.0 1.6431676725154984 0.6085806194501846 1 0 0 0.8562857809362695 -0.516502334328087 4.227115054562634
cell 53.68733358875919 18.006083368637466 0.0 1.0 1.0 1 0 0 0.0 1.0 0
cell 25.572537123795215 7.702937622367629 0.0 1.0 1.0 1 0 0 0.0 1.0 0
cell 32.97945433987386 43.67180239227661 0.0 1.6431676725154984 0.6085806194501846 1 0 0 0.9123103581612002 -0.4094994632374781 3.98540334783792
cell 1.2223092971820506 6.555769251645184 0.0 1.0 1.0 1 0 0 0.0 1.0 0
cell 25.954217035321633 17.82620816802043 0.0 1.6431676725154984 0.6085806194501846 1 0 0 -0.09412432932982617 0.9955604505142872 6.094657573124139
cell 60.56579402311196 50.134216991730845 0.0 1.6431676725154984 0.6085806194501846 1 0 0 0.6999500956091274 0.7141917555228241 1.5506552377583003
cell 47.6572693584011 37.58266572644616 0.0 1.6431676725154984 0.6085806194501846 1 0 0 0.9738602673345313 -0.22714792472553 3.599888751352104
cell 56.34922579369143 57.366461463606164 0.0 1.6431676725154984 0.6085806194501846 1 0 0 0.9925621454548517 -0.12173901350866045 3.385676133682734
cell 0.9544433162383219 30.427897518237064 0.0 1.6431676725154984 0.6085806194501846 1 0 0 0.2154459021381825 0.9765157772672517 0.4342968649905472
cell 25.486306114927526 20.188012577200013 0.0 1.6431676725154984 0.6085806194501846 1 0 0 0.16374020606703593 -0.9865034946299606 5.954223614727245
cell 27.41784674150819 54.6998837151077 0.0 1.0 1.0 1 0 0 0.0 1.0 0
cell 44.37441433536025 46.52630649543809 0.0 1.6431676725154984 0.6085806194501846 1 0 0 0.919578666800279 -0.3929059373002925 3.9491717379532094
cell 61.70865131792905 55.36321542652055 0.0 1.6431676725154984 0.6085806194501846 1 0 0 0.7924810699552192 0.6098965106988488 1.8297326628429837
cell 10.928732661174731 47.90169308922521 0.0 1.6431676725154984 0.6085806194501846 1 0 0 0.5558727992198307 -0.8312673643825492 5.104360187016867
cell 0.2583320062421963 41.411869920348394 0.0 1.6431676725154984 0.6085806194501846 1 0 0 0.9297066323152093 -0.36830093378799916 3.8959543100891247
cell 48.50997019391881 55.498390852282405 0.0 1.6431676725154984 0.6085806194501846 1 0 0 0.8788033874582407 -0.4771840380732797 4.136487854579406
cell 12.689433715311338 20.989983732664093 0.0 1.6431676725154984 0.6085806194501846 1 0 0 -0.5069504581467655 -0.8619751927896676 1.0632864823651973
cell 48.163670943047414 7.081781750811192 0.0 1.6431676725154984 0.6085806194501846 1 0 0 0.5644206336757891 0.8254873398671967 1.1994624748407599
cell 49.46969936176101 15.063102286113585 0.0 1.6431676725154984 0.6085806194501846 1 0 0 0.7794764309968417 0.6264315553357971 1.7876591721000512
cell 20.485396171904082 32.48027496156109 0.0 1.6431676725154984 0.6085806194501846 1 0 0 0.9894594923899787 0.14480991996187867 2.8509509238275506
cell 56.868558429999055 35.24361585303962 0.0 1.6431676725154984 0.6085806194501846 1 0 0 -0.42433663675124483 -0.9055045105965194 0.8764583401640342
cell 20.812125338124464 48.03929917649168 0.0 1.6431676725154984 0.6085806194501846 1 0 0 0.5529347387722866 -0.8332245643635473 5.111420737676008
cell 7.482092324127173 17.347645364611683 0.0 1.6431676725154984 0.6085806194501846 1 0 0 -0.5358636952622902 0.8443045067390339 5.152124543206524
cell 58.145339480253625 34.921053547222314 0.0 1.6431676725154984 0.6085806194501846 1 0 0 -0.45332905403503093 -0.8913432384708508 0.9409933608936578
cell 0.8027857893592234 17.155940536663906 0.0 1.6431676725154984 0.6085806194501846 1 0 0 0.1181484959286529 0.9929959380127379 0.23685022170329934
cell 10.309820171471156 57.41508133462855 0.0 1.0 1.0 1 0 0 0.0 1.0 0
cell 22.992934857195184 14.427744964144551 0.0 1.0 1.0 1 0 0 0.0 1.0 0
cell 48.88820900064679 12.817260974569699 0.0 1.6431676725154984 0.6085806194501846 1 0 0 0.6446458045399281 0.7644813841350676 1.401119755947151
cell 53.9096938331046 29.07955911975337 0.0 1.6431676725154984 0.6085806194501846 1 0 0 0.9968771620699671 -0.0789678652575109 3.2996929923043212
cell 11.544477058447717 21.465918822039722 0.0 1.6431676725154984 0.6085806194501846 1 0 0 0.8654414008447996 -0.5010101612779834 4.191123858912875
cell 9.008119599043829 11.991501410338817 0.0 1.6431676725154984 0.6085806194501846 1 0 0 -0.10845873365460955 0.9941009521643355 6.06584029535249
cell 10.615356748866345 59.38408620368487 0.0 1.0 1.0 1 0 0 0.0 1.0 0
cell 58.5915222183454 45.816644360942895 0.0 1.6431676725154984 0.6085806194501846 1 0 0 0.2233583329451602 -0.9747364028823172 5.832668319503373
cell 58.678099168205144 7.173799368025429 0.0 1.0 1.0 1 0 0 0.0 1.0 0
cell 17.414273627418527 1.7931466484494678 0.0 1.0 1.0 1 0 0 0.0 1.0 0
cell 51.641418042274125 2.175160786911169 0.0 1.6431676725154984 0.6085806194501846 1 0 0 0.7145013813953252 -0.6996340300358267 4.691362983147789
cell 15.427435742397012 56.863097358561 0.0 1.0 1.0 1 0 0 0.0 1.0 0
cell 49.78363861545427 34.22380178513472 0.0 1.0 1.0 1 0 0 0.0 1.0 0
cell 61.78829005916184 49.7040391811418 0.0 1.6431676725154984 0.6085806194501846 1 0 0 0.7123932076344838 0.7017805338681398 1.5858050548385239
cell 40.614391458446164 59.970364891933656 0.0 1.0 1.0 1 0 0 0.0 1.0 0
cell 60.17865772271325 4.170776117328757 0.0 1.0 1.0 1 0 0 0.0 1.0 0
cell 11.336036275452173 25.228418959548627 0.0 1.6431676725154984 0.6085806194501846 1 0 0 0.3069627394779165 0.9517215331031513 0.624000099360048
cell 40.500482401435015 40.68098650553225 0.0 1.6431676725154984 0.6085806194501846 1 0 0 0.6932005381985662 -0.720744763311686 4.751344860304151
cell 61.98724635507831 19.385707039004092 0.0 1.0 1.0 1 0 0 0.0 1.0 0
cell 40.5110663659646 38.03312627125921 0.0 1.6431676725154984 0.6085806194501846 1 0 0 0.9114594489639604 -0.4113899280418927 3.9895496257726513
cell 57.954867003175266 14.285553276079385 0.0 1.0 1.0 1 0 0 0.0 1.0 0
cell 25.76897443918999 44.76415995424505 0.0 1.6431676725154984 0.6085806194501846 1 0 0 0.6118127622645216 -0.7910026194206033 4.966484721880133
cell 52.40400968191061 12.159791122962229 0.0 1.6431676725154984 0.6085806194501846 1 0 0 0.41094445198829077 0.9116603848912398 0.8469795793939395
cell 11.919068368912729 53.78580938484492 0.0 1.0 1.0 1 0 0 0.0 1.0 0
cell 19.36275972128209 52.47203088297288 0.0 1.6431676725154984 0.6085806194501846 1 0 0 0.6159797739053148 -0.7877619679443514 4.955927094738794
cell 7.1691087980140935 53.2455733359899 0.0 1.6431676725154984 0.6085806194501846 1 0 0 0.5192096985546745 0.8546468796683014 1.0918519591821574
cell 14.381162516388432 1.3563240310359312 0.0 1.0 1.0 1 0 0 0.0 1.0 0
cell 23.555005408373553 9.64223361805933 0.0 1.0 1.0 1 0 0 0.0 1.0 0
cell 8.725734179073402 2.567901338338416 0.0 1.0 1.0 1 0 0 0.0 1.0 0
cell 45.39647265545678 48.80815704863021 0.0 1.0 1.0 1 0 0 0.0 1.0 0
cell 53.11893269291029 52.45483551316807 0.0 1.6431676725154984 0.6085806194501846 1 0 0 0.8106461300069931 -0.5855363796594412 4.392675791733902
cell 4.159897218756237 42.370663743461655 0.0 1.6431676725154984 0.6085806194501846 1 0 0 -0.6262061814185232 -0.7796575006714368 1.3533552786525735
cell 9.681455791166302 5.800453240130556 0.0 1.0 1.0 1 0 0 0.0 1.0 0
cell 47.95231229586127 34.966200597562775 0.0 1.0 1.0 1 0 0 0.0 1.0 0
cell 49.763056022548746 11.846895904006669 0.0 1.6431676725154984 0.6085806194501846 1 0 0 0.7086888124288803 0.7055212024724298 1.5752760075012897
cell 1.2100392896207834 59.24196705831631 0.0 1.0 1.0 1 0 0 0.0 1.0 0
cell 40.92870271178986 46.12991040709901 0.0 1.6431676725154984 0.6085806194501846 1 0 0 -0.23242177575874615 -0.9726150924971045 0.4691338165167602
cell 34.18764255697588 3.857571871131235 0.0 1.0 1.0 1 0 0 0.0 1.0 0
cell 39.45251835970569 20.991583231231562 0.0 1.0 1.0 1 0 0 0.0 1.0 0
cell 21.404860883945705 6.529879513357718 0.0 1.0 1.0 1 0 0 0.0 1.0 0
cell 25.513737292896177 50.16523463332309 0.0 1.6431676725154984 0.6085806194501846 1 0 0 0.9757555968883508 0.21886300541904813 2.7002945082720706
cell 35.25915779051649 17.039800625006176 0.0 1.0 1.0 1 0 0 0.0 1.0 0
cell 39.00879339270312 60.312496691029956 0.0 1.0 1.0 1 0 0 0.0 1.0 0
cell 42.34681703576758 61.322368842641524 0.0 1.6431676725154984 0.6085806194501846 1 0 0 0.9627827552414492 0.270276462552113 2.594232314864162
cell 8.430467387268793 14.735609853203872 0.0 1.6431676725154984 0.6085806194501846 1 0 0 -0.19274748743830633 0.9812483916349722 5.895262562396401
cell 25.021422389839092 58.11842857267319 0.0 1.0 1.0 1 0 0 0.0 1.0 0
cell 19.683703501452896 24.3487963267966 0.0 1.6431676725154984 0.6085806194501846 1 0 0 0.023817037445435077 0.9997163341304987 0.04763857945574809
cell 30.113390094576303 4.438155969597613 0.0 1.0 1.0 1 0 0 0.0 1.0 0
cell 50.77852140987097 18.743091940141166 0.0 1.6431676725154984 0.6085806194501846 1 0 0 0.5039861423358979 0.8637117391429736 1.0564154495250708
cell 28.768881930878962 16.9972983307841 0.0 1.6431676725154984 0.6085806194501846 1 0 0 0.18217405707980786 -0.9832662980734583 5.916791194008015
cell 52.2942563760995 49.31231301688617 0.0 1.6431676725154984 0.6085806194501846 1 0 0 0.812839067641201 -0.5824883261630083 4.3851658990179585
cell 20.738500593448883 60.22647377266628 0.0 1.0 1.0 1 0 0 0.0 1.0 0
cell 51.9441525046847 7.544180992185418 0.0 1.0 1.0 1 0 0 0.0 1.0 0
cell 3.5295725161218083 54.50714310810093 0.0 1.6431676725154984 0.6085806194501846 1 0 0 0.9735284445551724 0.22856589343553987 2.6803840023125995
cell 18.72982493365922 27.698699091310985 0.0 1.0 1.0 1 0 0 0.0 1.0 0
cell 4.196204444955347 38.333185199688295 0.0 1.6431676725154984 0.6085806194501846 1 0 0 0.420235193365768 0.9074152204238342 0.8674089899517781
cell 6.704907783413257 34.05042912625424 0.0 1.6431676725154984 0.6085806194501846 1 0 0 0.17207243396925725 0.9850842996758682 0.34586619616514924
cell 26.318551197499065 21.45929495812641 0.0 1.6431676725154984 0.6085806194501846 1 0 0 -0.3495919062909111 0.9369020754891553 5.568914326245622
cell 50.56902739206137 16.40973554316009 0.0 1.6431676725154984 0.6085806194501846 1 0 0 0.14446369828410668 -0.9895101009479785 5.993243379325175
cell 52.82985054846904 23.08590398224417 0.0 1.6431676725154984 0.6085806194501846 1 0 0 0.29132682034026147 0.9566235851945283 0.5912270561428454
cell 54.74201359955252 10.795610975299066 0.0 1.0 1.0 1 0 0 0.0 1.0 0
cell 0.5812364609689061 24.626452962900824 0.0 1.6431676725154984 0.6085806194501846 1 0 0 0.4015680408346433 0.9158291918148418 0.8264567178742154
cell 49.53799726965677 2.067108002965478 0.0 1.6431676725154984 0.6085806194501846 1 0 0 0.932154574910527 0.36206055912426416 2.4006376920083543
cell 58.38119668938524 3.303281886582756 0.0 1.0 1.0 1 0 0 0.0 1.0 0
cell 32.501140224877076 38.46365248208916 0.0 1.6431676725154984 0.6085806194501846 1 0 0 0.9883063322296483 -0.15248145354363604 3.447749860486646
cell 45.327135438126035 14.390936807105797 0.0 1.6431676725154984 0.6085806194501846 1 0 0 0.48784154052485856 0.8729322031740683 1.019230770848165
cell 5.864022920623322 26.385555944890186 0.0 1.6431676725154984 0.6085806194501846 1 0 0 0.6160535998998738 0.787704235135502 1.3274456515476696
cell 37.96713515544933 19.67272864073874 0.0 1.0 1.0 1 0 0 0.0 1.0 0
cell 9.65664961084458 30.559775529586567 0.0 1.0 1.0 1 0 0 0.0 1.0 0
cell 47.32359009386533 13.863655815683732 0.0 1.6431676725154984 0.6085806194501846 1 0 0 0.34794674492676636 0.9375142999948682 0.7107602114737406
cell 21.815257185311996 35.63083413346424 0.0 1.6431676725154984 0.6085806194501846 1 0 0 0.9982331118792338 -0.059419309554227494 3.2605013137174033
cell 23.76178855955213 43.31147435824224 0.0 1.6431676725154984 0.6085806194501846 1 0 0 0.44464119104811356 0.8957087758994633 0.921547268731176
cell 60.36640839904862 10.164752618488246 0.0 1.0 1.0 1 0 0 0.0 1.0 0
cell 37.34832288013482 52.35502413556269 0.0 1.0 1.0 1 0 0 0.0 1.0 0
cell 43.04995172276719 32.96352555578827 0.0 1.6431676725154984 0.6085806194501846 1 0 0 0.7684996829255359 -0.6398501678856939 4.5301992190911955
cell 43.36534308094681 62.110795602447475 0.0 1.6431676725154984 0.6085806194501846 1 0 0 0.9926835911131936 0.1207447221811945 2.899512535047546
cell 5.483326691944707 43.266858429919765 0.0 1.6431676725154984 0.6085806194501846 1 0 0 0.801147557954337 0.5984668665714102 1.8584205213752405
cell 28.134325371589142 35.06979237726704 0.0 1.6431676725154984 0.6085806194501846 1 0 0 -0.580529193252727 -0.8142394339390214 1.2387569271949888
cell 19.441403681777604 17.101373544812677 0.0 1.6431676725154984 0.6085806194501846 1 0 0 0.4673625302594594 0.8840657584758477 0.972610152278443
cell 19.835098128601228 62.06521891769645 0.0 1.0 1.0 1 0 0 0.0 1.0 0
cell 50.69488328772498 48.447767576797936 0.0 1.6431676725154984 0.6085806194501846 1 0 0 0.47517232971595547 0.8798927531650157 0.9903197489067466
cell 35.110181108573684 49.94234139541621 0.0 1.6431676725154984 0.6085806194501846 1 0 0 0.874782533073108 0.484515758082435 2.129973601883363
cell 31.610814859287974 5.292509950072274 0.0 1.0 1.0 1 0 0 0.0 1.0 0
cell 17.954609157355367 43.93816321376633 0.0 1.6431676725154984 0.6085806194501846 1 0 0 0.8931084799774617 -0.4498413531372453 4.0747680468227365
cell 5.481492302596655 12.77150794023775 0.0 1.0 1.0 1 0 0 0.0 1.0 0
cell 38.32139711179745 17.716781589037108 0.0 1.0 1.0 1 0 0 0.0 1.0 0
cell 57.0370156988176 6.1824298382644685 0.0 1.0 1.0 1 0 0 0.0 1.0 0
cell 48.14588847432948 15.46941856639495 0.0 1.0 1.0 1 0 0 0.0 1.0 0
cell 54.99566670688161 19.083412648640444 0.0 1.0 1.0 1 0 0 0.0 1.0 0
cell 9.98234514356247 61.49996065166552 0.0 1.0 1.0 1 0 0 0.0 1.0 0
cell 31.86661659741956 32.96265473224494 0.0 1.6431676725154984 0.6085806194501846 1 0 0 0.9372138779234608 0.34875513906990424 2.4291076180000966
cell 27.45895309529154 15.416373795183842 0.0 1.0 1.0 1 0 0 0.0 1.0 0
cell 17.763978040230697 6.156065885118519 0.0 1.0 1.0 1 0 0 0.0 1.0 0
cell 1.8689047204853038 32.01918976215813 0.0 1.6431676725154984 0.6085806194501846 1 0 0 -0.2656417927913768 -0.9640718012277837 0.5377391437947106
cell 61.63639752867263 59.091802737823485 0.0 1.6431676725154984 0.6085806194501846 1 0 0 0.9406982811056204 0.3392443719871138 2.449365617230856
cell 60.47135544135699 54.93146266820114 0.0 1.6431676725154984 0.6085806194501846 1 0 0 0.6453105722210826 0.7639203265915229 1.4028595279837033
cell 14.731442190380946 62.121749315116524 0.0 1.0 1.0 1 0 0 0.0 1.0 0
cell 22.96920706574701 6.607237111180161 0.0 1.0 1.0 1 0 0 0.0 1.0 0
cell 31.145370073220988 29.84765914864604 0.0 1.6431676725154984 0.6085806194501846 1 0 0 0.796318411492559 0.6048776632658603 1.842368192494132
cell 40.728324803045226 54.45613109892999 0.0 1.0 1.0 1 0 0 0.0 1.0 0
cell 31.267511945043765 36.822704371946855 0.0 1.0 1.0 1 0 0 0.0 1.0 0
cell 8.536299752594692 23.478141207247496 0.0 1.6431676725154984 0.6085806194501846 1 0 0 0.3523285196873972 0.93587638832 0.7201160106618559
cell 24.938836219124415 19.036896747498833 0.0 1.6431676725154984 0.6085806194501846 1 0 0 0.17835554910394616 -0.9839661061763407 5.92455540767583
cell 62.620008399670866 37.64052786399349 0.0 1.6431676725154984 0.6085806194501846 1 0 0 0.740921940587071 0.6715911538701868 1.6688841828302057
cell 41.477840952793606 50.367874811898275 0.0 1.6431676725154984 0.6085806194501846 1 0 0 0.31370232865140774 0.9495213789055432 0.638179373142678
cell 2.0587580842269135 13.527035108040192 0.0 1.0 1.0 1 0 0 0.0 1.0 0
cell 44.94211480934311 52.4602249854953 0.0 1.6431676725154984 0.6085806194501846 1 0 0 0.526223775976573 0.85034612811311 1.108307247437741
cell 55.3860020661464 54.18634720586616 0.0 1.6431676725154984 0.6085806194501846 1 0 0 0.8622876503542998 -0.5064188069636246 4.203645794603568
cell 59.62035233372581 26.949101955519545 0.0 1.6431676725154984 0.6085806194501846 1 0 0 0.029162739058168716 -0.9995746768754324 6.224851558597986
cell 60.10847678796169 12.797596081208793 0.0 1.0 1.0 1 0 0 0.0 1.0 0
cell 42.762784901411244 21.711633726174252 0.0 1.0 1.0 1 0 0 0.0 1.0 0
cell 3.1199455424383484 24.641936678602917 0.0 1.6431676725154984 0.6085806194501846 1 0 0 -0.5414536082911501 -0.8407306287203374 1.1443302618146163
cell 19.895860973084297 58.39688453780829 0.0 1.0 1.0 1 0 0 0.0 1.0 0
cell 15.892853735420687 17.321044185370095 0.0 1.6431676725154984 0.6085806194501846 1 0 0 -0.3600834279446534 -0.932920106396913 0.736714637140147
cell 34.53714465644514 25.261659216762503 0.0 1.6431676725154984 0.6085806194501846 1 0 0 0.14931914534551338 -0.9887890537588315 5.983425981788738
cell 34.218713547960405 14.79538595398086 0.0 1.6431676725154984 0.6085806194501846 1 0 0 0.27117321939316147 -0.9625305631947217 5.73396188099154
cell 22.16924261730738 8.388540088185716 0.0 1.0 1.0 1 0 0 0.0 1.0 0
cell 60.51796809978865 16.148670169791966 0.0 1.6431676725154984 0.6085806194501846 1 0 0 0.3360175200545077 0.9418557353525107 0.6853707151184213
cell 50.74988659069636 14.645777093581312 0.0 1.0 1.0 1 0 0 0.0 1.0 0
cell 55.61741904247307 51.33977399599222 0.0 1.6431676725154984 0.6085806194501846 1 0 0 0.9525913244412471 -0.304252803765669 3.7599005498599167
cell 32.592529189219725 28.358326183932252 0.0 1.6431676725154984 0.6085806194501846 1 0 0 0.7945533625759749 0.6071943296994887 1.8365432986621435
cell 15.348663491451376 28.408971257972954 0.0 1.6431676725154984 0.6085806194501846 1 0 0 -0.1441589865403505 -0.9895545394770614 0.28932605763951447
cell 9.612554958317293 28.242718860448534 0.0 1.0 1.0 1 0 0 0.0 1.0 0
cell 59.09328863170193 53.64804982092191 0.0 1.6431676725154984 0.6085806194501846 1 0 0 0.621404467950769 0.7834899407208887 1.3410680222171567
cell 33.0395480014622 56.1214535005477 0.0 1.0 1.0 1 0 0 0.0 1.0 0
cell 37.55205481225108 54.37291363491553 0.0 1.0 1.0 1 0 0 0.0 1.0 0
cell 17.97162530605178 13.983945407978705 0.0 1.0 1.0 1 0 0 0.0 1.0 0
cell 6.124635221152854 6.800609349979338 0.0 1.0 1.0 1 0 0 0.0 1.0 0
cell 40.460109040372586 26.882238637072817 0.0 1.6431676725154984 0.6085806194501846 1 0 0 0.8873623218940586 -0.4610727813293528 4.1000002027416205
cell 23.96970850525986 56.54290636746269 0.0 1.0 1.0 1 0 0 0.0 1.0 0
cell 27.898551211662866 22.469800710831887 0.0 1.6431676725154984 0.6085806194501846 1 0 0 0.4333389345243153 -0.9012310291070382 5.386796605150227
cell 38.86349795967527 26.524911528015696 0.0 1.6431676725154984 0.6085806194501846 1 0 0 0.7704284489654571 -0.6375264739794575 4.524159451301827
cell 23.330703162304093 3.013642211532735 0.0 1.0 1.0 1 0 0 0.0 1.0 0
cell 10.898442388604224 23.561979772108064 0.0 1.6431676725154984 0.6085806194501846 1 0 0 0.29931550749109953 0.9541541945489448 0.6079503835538577
cell 24.066212919255808 0.6465931319930723 0.0 1.0 1.0 1 0 0 0.0 1.0 0
cell 2.88997781507663 58.03832190273102 0.0 1.6431676725154984 0.6085806194501846 1 0 0 0.812601935470503 0.5828190924031166 1.897205435252345
cell 59.039936638961144 23.756247226237164 0.0 1.6431676725154984 0.6085806194501846 1 0 0 -0.2041793635021179 -0.9789334949422611 0.41125067477730237
cell 42.55268866014135 53.98829911439656 0.0 1.0 1.0 1 0 0 0.0 1.0 0
cell 43.68580922016497 6.420902091923049 0.0 1.0 1.0 1 0 0 0.0 1.0 0
cell 0.11747894899576075 13.175469947313932 0.0 1.0 1.0 1 0 0 0.0 1.0 0
cell 6.889043044245432 20.779881319611498 0.0 1.0 1.0 1 0 0 0.0 1.0 0
cell 55.339942039966964 3.2823256129874183 0.0 1.6431676725154984 0.6085806194501846 1 0 0 0.9784225610101531 0.2066138720084716 2.725366885510324
cell 39.290966746011605 55.23476162215028 0.0 1.0 1.0 1 0 0 0.0 1.0 0
cell 59.18254821679223 49.00371823356501 0.0 1.6431676725154984 0.6085806194501846 1 0 0 0.581578884736233 0.8134900127407585 1.2413364500761037
cell 49.22118133867176 6.833469570274791 0.0 1.6431676725154984 0.6085806194501846 1 0 0 0.6341066056611697 0.773245635394646 1.3737051791670056
cell 12.836848529715546 6.678183069794209 0.0 1.0 1.0 1 0 0 0.0 1.0 0
cell 42.556518125714916 35.19826669115892 0.0 1.6431676725154984 0.6085806194501846 1 0 0 0.7664543388402081 -0.6422987984365373 4.536580201033385
cell 45.31280735302212 36.793822240411465 0.0 1.6431676725154984 0.6085806194501846 1 0 0 0.6731250082987293 -0.7395287169561676 4.806332547322917
cell 61.233356738345464 52.75779633096991 0.0 1.6431676725154984 0.6085806194501846 1 0 0 0.7207132861830191 0.6932332645792999 1.6096613920541891
cell 22.79710683087145 12.621122757409312 0.0 1.0 1.0 1 0 0 0.0 1.0 0
cell 25.818512964143654 5.5700856479200285 0.0 1.0 1.0 1 0 0 0.0 1.0 0
cell 38.08407045059299 3.9020120432109717 0.0 1.0 1.0 1 0 0 0.0 1.0 0
cell 39.041828799651526 6.8783405087988925 0.0 1.0 1.0 1 0 0 0.0 1.0 0
cell 58.62898169704588 9.121715276345432 0.0 1.0 1.0 1 0 0 0.0 1.0 0
cell 21.160364740215307 11.997169616711059 0.0 1.0 1.0 1 0 0 0.0 1.0 0
cell 31.27580789483734 59.06368491600005 0.0 1.0 1.0 1 0 0 0.0 1.0 0
cell 39.8540546285339 56.969312261611066 0.0 1.0 1.0 1 0 0 0.0 1.0 0
cell 47.76350817218212 10.432642898557042 0.0 1.6431676725154984 0.6085806194501846 1 0 0 0.5308897474605584 0.8474408982585538 1.1193002864096468
cell 26.434613194725436 2.168987131508975 0.0 1.0 1.0 1 0 0 0.0 1.0 0
cell 35.540776619624204 32.7248555451284 0.0 1.0 1.0 1 0 0 0.0 1.0 0
cell 50.020672466020216 55.72049695342688 0.0 1.6431676725154984 0.6085806194501846 1 0 0 0.8464667228377684 -0.5324416279070304 4.264557555455349
cell 14.996012644988483 37.09925772659671 0.0 1.6431676725154984 0.6085806194501846 1 0 0 0.5930661262772013 0.8051537554172834 1.2697232981796354
cell 29.797939969574042 15.757994211062181 0.0 1.6431676725154984 0.6085806194501846 1 0 0 -0.14560628002862402 0.9893426156879254 5.990933795376985
cell 45.93776981136175 20.39269068268627 0.0 1.6431676725154984 0.6085806194501846 1 0 0 0.3172655415675628 0.948336741950791 0.6456893312164891
cell 60.35583857604588 8.177172292621144 0.0 1.0 1.0 1 0 0 0.0 1.0 0
cell 34.597010384597375 56.95489941480451 0.0 1.0 1.0 1 0 0 0.0 1.0 0
cell 42.33507157225017 9.153497911159413 0.0 1.6431676725154984 0.6085806194501846 1 0 0 -0.18242173670707798 0.9832203771163276 5.916287392728128
cell 33.368589519745655 58.54005365792549 0.0 1.0 1.0 1 0 0 0.0 1.0 0
cell 38.86262355598114 34.33191247787752 0.0 1.6431676725154984 0.6085806194501846 1 0 0 0.45915394632528644 -0.8883567152748473 5.329100140605263
cell 56.2549843006564 12.025073439566484 0.0 1.0 1.0 1 0 0 0.0 1.0 0
cell 45.599842260088536 6.983036391685534 0.0 1.0 1.0 1 0 0 0.0 1.0 0
cell 12.622719612072112 10.27138823684636 0.0 1.6431676725154984 0.6085806194501846 1 0 0 0.12074309569071029 0.9926837889494439 0.2420768415860516
cell 54.246617424227146 22.757114938094407 0.0 1.6431676725154984 0.6085806194501846 1 0 0 -0.3057626463153398 -0.952107769172293 0.6214786695192744
cell 62.08069332325256 27.481264929014724 0.0 1.6431676725154984 0.6085806194501846 1 0 0 0.04477872444142528 -0.9989969298438304 6.193597902142396
cell 35.82264934831728 45.54598450647433 0.0 1.6431676725154984 0.6085806194501846 1 0 0 0.9984830036186181 -0.05506079807578879 3.251769968240366
cell 0.9167049217975917 0.8167121706799175 0.0 1.0 1.0 1 0 0 0.0 1.0 0
cell 40.5151394800952 0.1962956435278507 0.0 1.6431676725154984 0.6085806194501846 1 0 0 0.9993553911181834 0.03589989196394049 3.069777438090097
cell 41.89966051333411 48.826412286590035 0.0 1.6431676725154984 0.6085806194501846 1 0 0 0.5297987663988899 0.8481233796578269 1.1167265570021085
cell 0.5822343494558444 61.83246873230422 0.0 1.0 1.0 1 0 0 0.0 1.0 0
cell 49.01145469316168 3.8476588703466064 0.0 1.6431676725154984 0.6085806194501846 1 0 0 0.9538715260953956 0.3002151090542265 2.531756338443433
cell 55.76424636373583 50.042059572190695 0.0 1.6431676725154984 0.6085806194501846 1 0 0 0.9393871896298374 -0.3428581455344995 3.8415082108232776
cell 13.945011699043805 3.2036851975466387 0.0 1.0 1.0 1 0 0 0.0 1.0 0
cell 3.217405345744977 43.5519641962398 0.0 1.6431676725154984 0.6085806194501846 1 0 0 -0.4286367220880816 -0.9034769285806831 0.8859666239850714
cell 33.48824892757029 61.787956038350536 0.0 1.0 1.0 1 0 0 0.0 1.0 0
cell 0.9089669725588154 40.44632039738381 0.0 1.6431676725154984 0.6085806194501846 1 0 0 0.3979776942180657 0.9173950920431566 0.8186227783879516
cell 5.743541001185139 32.39897333287886 0.0 1.6431676725154984 0.6085806194501846 1 0 0 0.3037303713886346 0.9527580288279507 0.6172111265611028
cell 58.42172622650921 33.300345151420046 0.0 1.6431676725154984 0.6085806194501846 1 0 0 -0.4564566655057195 -0.8897456448420524 0.9480173972239196
cell 14.055234186045517 38.46851675768221 0.0 1.6431676725154984 0.6085806194501846 1 0 0 -0.1767479292979704 -0.9842561503434356 0.3553627492758862
cell 59.188440256854115 18.041037893181336 0.0 1.6431676725154984 0.6085806194501846 1 0 0 -0.2788928539219648 0.9603222251053349 5.717903255802793
cell 46.891785932240126 41.7861508121417 0.0 1.6431676725154984 0.6085806194501846 1 0 0 0.7230776397869911 -0.6907667673245973 4.666690530011558
cell 23.19158333469602 28.734202792517696 0.0 1.6431676725154984 0.6085806194501846 1 0 0 0.9981401573646583 0.06096085839335874 3.019595295458667
cell 7.194928986376094 29.797044654228483 0.0 1.6431676725154984 0.6085806194501846 1 0 0 -0.5531901100542361 -0.8330550414817631 1.172377602944195
cell 43.22319199226069 19.77701376467363 0.0 1.0 1.0 1 0 0 0.0 1.0 0
cell 43.57100900133125 17.86656286798906 0.0 1.0 1.0 1 0 0 0.0 1.0 0
cell 8.358597009074192 29.76894806069825 0.0 1.6431676725154984 0.6085806194501846 1 0 0 0.6518062008844902 0.7583855724422291 1.4199272914233099
cell 3.5126402460685555 47.57270780338196 0.0 1.6431676725154984 0.6085806194501846 1 0 0 0.5303268789752049 -0.8477932539460421 5.165213140461104
cell 11.132200470395173 7.15872786038639 0.0 1.0 1.0 1 0 0 0.0 1.0 0
cell 30.72735698175614 39.169582886597276 0.0 1.0 1.0 1 0 0 0.0 1.0 0
cell 13.043932243725695 55.38298368345954 0.0 1.0 1.0 1 0 0 0.0 1.0 0
cell 11.272496599893339 0.2423945902570084 0.0 1.0 1.0 1 0 0 0.0 1.0 0
cell 21.636105463081947 2.962190485787486 0.0 1.0 1.0 1 0 0 0.0 1.0 0
cell 25.488469273384936 54.317368486090295 0.0 1.0 1.0 1 0 0 0.0 1.0 0
cell 39.99393557603 10.501032456841994 0.0 1.6431676725154984 0.6085806194501846 1 0 0 0.2116329703690805 -0.9773492138702317 5.8566943590690075
cell 6.309699640469353 24.04096049732748 0.0 1.0 1.0 1 0 0 0.0 1.0 0
cell 39.87025460897217 9.472736447380278 0.0 1.6431676725154984 0.6085806194501846 1 0 0 -0.15646807507619245 0.9876830167021963 5.968957983658613
cell 26.9197038733689 18.749764225080796 0.0 1.6431676725154984 0.6085806194501846 1 0 0 -0.25754116373776864 0.9662673279070321 5.762231983824323
cell 39.9397722328932 24.68058116694055 0.0 1.0 1.0 1 0 0 0.0 1.0 0
cell 53.493195684128814 48.829995454026964 0.0 1.6431676725154984 0.6085806194501846 1 0 0 0.892760310337452 -0.45053193925200963 4.076314825811401
cell 59.504393901743796 31.077920736499088 0.0 1.6431676725154984 0.6085806194501846 1 0 0 0.5458952093894528 0.8378534599592254 1.1549143982002776
cell 0.7141864323146119 52.99411483313366 0.0 1.6431676725154984 0.6085806194501846 1 0 0 0.8703668780886956 0.4924037951987553 2.1118938126149733
cell 29.360984272552738 55.24251380972564 0.0 1.0 1.0 1 0 0 0.0 1.0 0
cell 3.948375397227891 13.916093407000595 0.0 1.0 1.0 1 0 0 0.0 1.0 0
cell 59.934763440912974 28.73403036463735 0.0 1.6431676725154984 0.6085806194501846 1 0 0 0.13272045572774832 -0.9911535101241477 6.016958875268409
cell 37.920176450787615 56.28432187226863 0.0 1.0 1.0 1 0 0 0.0 1.0 0
cell 45.51470451602956 11.183890772956724 0.0 1.6431676725154984 0.6085806194501846 1 0 0 -0.20968779027961515 -0.9777683931318563 0.4225112807173126
cell 8.345037370977309 51.236931089021525 0.0 1.6431676725154984 0.6085806194501846 1 0 0 0.8127753530917049 0.5825772269893961 1.8978006580689484
cell 36.98820577267524 43.64514362018544 0.0 1.6431676725154984 0.6085806194501846 1 0 0 0.9433230071585651 0.3318760373472628 2.465009383293047
cell 48.53599324494089 17.948868016097443 0.0 1.6431676725154984 0.6085806194501846 1 0 0 -0.1040639696929385 -0.9945706059459767 0.20850542886107348
cell 17.987850031217743 25.31392812754351 0.0 1.6431676725154984 0.6085806194501846 1 0 0 -0.0825778217072652 0.9965846192682702 6.1178413833861764
cell 40.48160506896457 33.55458926834578 0.0 1.6431676725154984 0.6085806194501846 1 0 0 0.5870197261327377 -0.8095726286943289 5.028440080688721
cell 34.84063994884744 19.76049089647608 0.0 1.0 1.0 1 0 0 0.0 1.0 0
cell 47.890743982684235 31.188379507381306 0.0 1.6431676725154984 0.6085806194501846 1 0 0 -0.312116751889879 -0.9500437533028212 0.6348405533961934
cell 54.8911466118885 16.926202386435396 0.0 1.6431676725154984 0.6085806194501846 1 0 0 0.28390415458305923 0.9588526638699391 0.5757267259096333
cell 1.6442202622767825 49.49876834324443 0.0 1.6431676725154984 0.6085806194501846 1 0 0 0.5081511276006914 -0.8612679208690789 5.217111825696002
cell 27.16777278362371 40.112578955442395 0.0 1.6431676725154984 0.6085806194501846 1 0 0 0.8170416539542249 -0.5765786465901634 4.370662620103901
cell 26.94677308540822 61.51833270408642 0.0 1.0 1.0 1 0 0 0.0 1.0 0
cell 21.14466457394378 29.686879088478936 0.0 1.0 1.0 1 0 0 0.0 1.0 0
cell 36.2951019580358 1.4247211762204368 0.0 1.6431676725154984 0.6085806194501846 1 0 0 0.9995805541806846 -0.02896058880333012 3.199521930820677
cell 19.515110591937354 9.027033995151386 0.0 1.6431676725154984 0.6085806194501846 1 0 0 0.553341349375986 0.8329545912417813 1.1727407204637188
cell 27.67725652749236 26.474246928230762 0.0 1.0 1.0 1 0 0 0.0 1.0 0
cell 30.70603992030826 53.75404952269902 0.0 1.0 1.0 1 0 0 0.0 1.0 0
cell 31.750323693292355 18.918453088581995 0.0 1.6431676725154984 0.6085806194501846 1 0 0 0.49286756981210383 -0.8701043377822633 5.25242060634304
cell 34.231553346568404 9.231346173891398 0.0 1.0 1.0 1 0 0 0.0 1.0 0
cell 26.651427281037666 34.3923800390229 0.0 1.6431676725154984 0.6085806194501846 1 0 0 0.8392914696908269 -0.543681734937097 4.291227905955853
cell 9.93663929928225 54.3399425779898 0.0 1.6431676725154984 0.6085806194501846 1 0 0 0.7513239826135789 0.6599335369184314 1.700132061284892
cell 47.31003724458315 23.634770594948343 0.0 1.0 1.0 1 0 0 0.0 1.0 0
cell 62.14197380248307 1.481242041592309 0.0 1.6431676725154984 0.6085806194501846 1 0 0 0.53945381448865 0.8420151910943443 1.1395766196721069
cell 1.4322724488040581 47.81945815923911 0.0 1.6431676725154984 0.6085806194501846 1 0 0 0.9601286668470543 0.2795584788528121 2.57492420924251
cell 42.38987892185864 27.8757437696845 0.0 1.6431676725154984 0.6085806194501846 1 0 0 0.7424768740155365 -0.6698716978288581 4.609664595711708
cell 11.956968338952587 57.23011031519002 0.0 1.0 1.0 1 0 0 0.0 1.0 0
cell 43.36153949137621 29.8317253293725 0.0 1.6431676725154984 0.6085806194501846 1 0 0 0.6524993846056749 -0.7577892537435561 4.861429245984044
cell 11.795860187847019 60.97213500474474 0.0 1.0 1.0 1 0 0 0.0 1.0 0
cell 39.29891660029343 1.3261017716351644 0.0 1.6431676725154984 0.6085806194501846 1 0 0 0.9985775293263631 0.05331902028785284 3.034904021064887
cell 16.95583444451789 27.750555133434666 0.0 1.0 1.0 1 0 0 0.0 1.0 0
cell 13.46064659133377 31.491253483691086 0.0 1.6431676725154984 0.6085806194501846 1 0 0 0.6962569479459602 -0.7177926319188408 4.742846213947211
cell 61.71111795342012 17.962523465648232 0.0 1.6431676725154984 0.6085806194501846 1 0 0 -0.04578619676562927 0.9989512621673488 6.191580888402316
cell 50.44470909236827 7.5592689655272425 0.0 1.6431676725154984 0.6085806194501846 1 0 0 0.6252471371091847 0.7804268175407406 1.3508963238965155
cell 2.913398855912125 5.678172190995553 0.0 1.0 1.0 1 0 0 0.0 1.0 0
cell 38.137192855110925 46.72642570170253 0.0 1.6431676725154984 0.6085806194501846 1 0 0 0.9999550996494196 -0.009476216814701174 3.1605453708812616
cell 21.53965726085611 58.32470544602751 0.0 1.0 1.0 1 0 0 0.0 1.0 0
cell 22.9895995707857 20.303299384714446 0.0 1.6431676725154984 0.6085806194501846 1 0 0 -0.11131649900748616 0.9937850054457033 6.06008993855107
cell 4.650422074760967 40.44283936539275 0.0 1.6431676725154984 0.6085806194501846 1 0 0 0.3901639009301382 0.9207454210643555 0.8016191898880705
cell 15.606525851950357 29.817984262311064 0.0 1.6431676725154984 0.6085806194501846 1 0 0 0.15844916942143597 -0.9873671357249324 5.964945743911898
cell 52.71863970744866 20.57423897348908 0.0 1.6431676725154984 0.6085806194501846 1 0 0 0.43898332841956916 0.8984952072046221 0.9089336664250723
cell 0.47216326883541976 45.89136140471355 0.0 1.6431676725154984 0.6085806194501846 1 0 0 0.6113846445727771 -0.791333568339306 4.967566963908369
cell 30.900778975405515 24.906618360805066 0.0 1.0 1.0 1 0 0 0.0 1.0 0
cell 43.89671979691779 36.18544462620585 0.0 1.6431676725154984 0.6085806194501846 1 0 0 0.806803051829922 -0.5908204765899064 4.40574347433225
cell 60.30351950453155 6.177262271239832 0.0 1.0 1.0 1 0 0 0.0 1.0 0
cell 55.23292170024236 8.904046081382656 0.0 1.0 1.0 1 0 0 0.0 1.0 0
cell 18.218985012228394 11.952800285521555 0.0 1.0 1.0 1 0 0 0.0 1.0 0
cell 41.326808046909505 20.385297204479834 0.0 1.0 1.0 1 0 0 0.0 1.0 0
cell 50.57303632468397 30.76849914366719 0.0 1.6431676725154984 0.6085806194501846 1 0 0 0.024483610441116625 -0.9997002314793009 6.234213192766789
cell 17.972905542665465 17.570311594018186 0.0 1.6431676725154984 0.6085806194501846 1 0 0 0.2628600060664408 0.9648339842743676 0.5319705161773148
cell 35.289827071385844 11.720955067589916 0.0 1.6431676725154984 0.6085806194501846 1 0 0 -0.10487958400447067 0.9944849284222709 6.0730396742081165
cell 53.996112139004964 24.817166997833052 0.0 1.6431676725154984 0.6085806194501846 1 0 0 -0.21323063809384465 -0.9770018909797933 0.4297609181070561
cell 47.89038118087686 53.34438329435924 0.0 1.6431676725154984 0.6085806194501846 1 0 0 0.9431972526102496 -0.332233265445345 3.818933356714441
cell 20.469806975683767 55.00955897916057 0.0 1.6431676725154984 0.6085806194501846 1 0 0 0.8510234785592805 -0.5251276406178425 4.247322835579155
cell 2.7401005318880127 15.296874046993636 0.0 1.6431676725154984 0.6085806194501846 1 0 0 0.16558707205047757 0.9861951741768715 0.3327065430431712
cell 6.311223881917216 9.965368495680567 0.0 1.0 1.0 1 0 0 0.0 1.0 0
cell 52.88497714187608 5.743364313848697 0.0 1.0 1.0 1 0 0 0.0 1.0 0
cell 15.875179531065658 40.58410022188608 0.0 1.6431676725154984 0.6085806194501846 1 0 0 -0.41923957583634675 -0.9078756401911884 0.8652151433320618
cell 10.656175588515596 2.110523757694397 0.0 1.0 1.0 1 0 0 0.0 1.0 0
cell 16.38082077977841 24.62801401045328 0.0 1.6431676725154984 0.6085806194501846 1 0 0 -0.1137338607838073 0.9935112525337645 6.055224311547879
cell 54.99884487274913 58.14861260074613 0.0 1.6431676725154984 0.6085806194501846 1 0 0 0.9904350571220929 -0.1379797000415518 3.418435279098511
cell 16.339977047602304 32.19356931088327 0.0 1.0 1.0 1 0 0 0.0 1.0 0
cell 5.260416459828962 55.35951249328988 0.0 1.0 1.0 1 0 0 0.0 1.0 0
cell 11.007490680272575 10.937166724795265 0.0 1.6431676725154984 0.6085806194501846 1 0 0 0.055864593337571565 0.9984383542368691 0.11178738350022571
cell 52.55796018870043 16.804698524493787 0.0 1.0 1.0 1 0 0 0.0 1.0 0
cell 8.916398297772506 58.5131870816933 0.0 1.0 1.0 1 0 0 0.0 1.0 0
cell 39.09813870959523 53.284858842487814 0.0 1.0 1.0 1 0 0 0.0 1.0 0
cell 18.369961670670925 3.0990926332840667 0.0 1.0 1.0 1 0 0 0.0 1.0 0
cell 13.970419303689184 43.088473463504975 0.0 1.6431676725154984 0.6085806194501846 1 0 0 0.9159542512667163 -0.40128270531687404 3.967426294502506
cell 42.771440597296326 37.75982068445451 0.0 1.6431676725154984 0.6085806194501846 1 0 0 0.25666934256563045 0.9664992750058983 0.5191490266301542
cell 37.99319052637782 13.145396194316621 0.0 1.6431676725154984 0.6085806194501846 1 0 0 -0.29180735570953725 0.9564771127182331 5.690953525337369
cell 41.83070910540528 24.134463443210375 0.0 1.0 1.0 1 0 0 0.0 1.0 0
cell 60.17750675471834 22.086133968038354 0.0 1.6431676725154984 0.6085806194501846 1 0 0 0.19131966483617244 0.9815277814952436 0.3850129431057041
cell 50.707083061069135 51.104556639620675 0.0 1.6431676725154984 0.6085806194501846 1 0 0 0.6490210792465608 0.7607704244340926 1.4125939602228554
cell 11.61440592513884 15.639180454721442 0.0 1.0 1.0 1 0 0 0.0 1.0 0
cell 13.629009608875338 57.28069729171184 0.0 1.0 1.0 1 0 0 0.0 1.0 0
cell 35.98662979990344 13.341372574092944 0.0 1.6431676725154984 0.6085806194501846 1 0 0 -0.2067123073461063 0.9784017692091777 5.8667583246404815
cell 25.35282749029458 24.343275458541726 0.0 1.6431676725154984 0.6085806194501846 1 0 0 0.27815384890133615 -0.9605365356619042 5.719442161211689
cell 43.338451618967014 58.94073313356056 0.0 1.6431676725154984 0.6085806194501846 1 0 0 0.8624863921646841 0.50608025384394 2.0803246661253896
cell 30.57526027503569 1.8102119839965887 0.0 1.0 1.0 1 0 0 0.0 1.0 0
cell 53.224399395923136 2.9895955997198373 0.0 1.0 1.0 1 0 0 0.0 1.0 0
cell 40.06634416220323 31.325148063422233 0.0 1.6431676725154984 0.6085806194501846 1 0 0 0.6134596478857876 -0.7897260666939173 4.962317314684049
cell 53.145519923172266 46.841396051873154 0.0 1.6431676725154984 0.6085806194501846 1 0 0 0.9337433274215704 -0.3579432894966658 3.8737212738369164
cell 35.73246564241811 53.642998646987145 0.0 1.0 1.0 1 0 0 0.0 1.0 0
cell 11.407026254437259 13.456952295849266 0.0 1.6431676725154984 0.6085806194501846 1 0 0 0.19332631657695387 -0.9811345143856612 5.894082712897947
cell 52.01811895081059 10.148230051426388 0.0 1.6431676725154984 0.6085806194501846 1 0 0 0.48396104361438946 0.8750895429975558 1.0103510402739377
cell 37.77922811531728 2.366023888373779 0.0 1.6431676725154984 0.6085806194501846 1 0 0 0.9993726703897386 0.03541561347884276 3.0707466114057618
cell 39.6590131191332 58.69039185579987 0.0 1.0 1.0 1 0 0 0.0 1.0 0
cell 40.878369372458465 52.82602159330609 0.0 1.0 1.0 1 0 0 0.0 1.0 0
cell 27.74840336522932 59.85930547977372 0.0 1.0 1.0 1 0 0 0.0 1.0 0
cell 14.630693806759535 6.156376657680567 0.0 1.0 1.0 1 0 0 0.0 1.0 0
cell 59.0510207679509 59.9010103155206 0.0 1.6431676725154984 0.6085806194501846 1 0 0 0.9592775919406805 -0.2824650449179318 3.714318312411844
cell 41.16929272538265 2.186719314609818 0.0 1.0 1.0 1 0 0 0.0 1.0 0
cell 38.39451639000717 32.44777851266732 0.0 1.0 1.0 1 0 0 0.0 1.0 0
cell 17.951237890473983 62.53783968587047 0.0 1.0 1.0 1 0 0 0.0 1.0 0
cell 43.67738445431937 23.47243112791576 0.0 1.0 1.0 1 0 0 0.0 1.0 0
cell 56.80890178722598 16.5706552386548 0.0 1.6431676725154984 0.6085806194501846 1 0 0 0.13792369691288492 0.9904428574278693 0.27672953801707467
cell 40.320016150568605 8.178525214242564 0.0 1.0 1.0 1 0 0 0.0 1.0 0
cell 26.33063659376922 12.60378856252514 0.0 1.0 1.0 1 0 0 0.0 1.0 0
cell 59.68733993453197 51.867349664017446 0.0 1.6431676725154984 0.6085806194501846 1 0 0 0.5084264383175013 0.8611054272386047 1.0667128567149016
cell 36.89628718175773 31.243301512437714 0.0 1.0 1.0 1 0 0 0.0 1.0 0
cell 12.162254560290886 12.161029307766634 0.0 1.6431676725154984 0.6085806194501846 1 0 0 0.10325490005863686 0.994654927909112 0.20687852517233973
cell 9.401122939248204 0.6988440656633939 0.0 1.0 1.0 1 0 0 0.0 1.0 0
cell 22.57689547699232 24.50807185603545 0.0 1.6431676725154984 0.6085806194501846 1 0 0 -0.255161793546954 -0.966898370623253 0.5160300640793167
cell 50.07923758125407 41.47679253260387 0.0 1.6431676725154984 0.6085806194501846 1 0 0 0.9193560979556602 -0.393426441856343 3.9503039250261303
cell 46.92941852062537 36.03305995445231 0.0 1.6431676725154984 0.6085806194501846 1 0 0 0.9647238950625899 -0.2632637580360522 3.674400153136288
cell 44.16339950879423 8.060738504752107 0.0 1.0 1.0 1 0 0 0.0 1.0 0
cell 50.176628638059846 21.227461691425955 0.0 1.6431676725154984 0.6085806194501846 1 0 0 0.36806643402416334 0.929799494592644 0.7538572219955686
cell 32.55017482392168 54.15697703595654 0.0 1.0 1.0 1 0 0 0.0 1.0 0
cell 54.64830613858687 55.08160512336732 0.0 1.6431676725154984 0.6085806194501846 1 0 0 0.8260411044306822 -0.5636098773007254 4.339091477576743
cell 61.69591756129037 11.557742217919406 0.0 1.0 1.0 1 0 0 0.0 1.0 0
cell 22.483451611830397 37.80108497564813 0.0 1.6431676725154984 0.6085806194501846 1 0 0 0.8072414577210956 -0.5902213389367761 4.404258663666704
cell 6.916644721588824 47.20088126470525 0.0 1.6431676725154984 0.6085806194501846 1 0 0 0.3368466321682439 -0.9415595288652289 5.596053722695965
cell 41.43002978864251 11.797339080923525 0.0 1.6431676725154984 0.6085806194501846 1 0 0 -0.30492709578327665 0.952375695960988 5.663461550199592
cell 30.157142267332024 57.36695277556969 0.0 1.0 1.0 1 0 0 0.0 1.0 0
cell 37.340750853125485 41.582278910476354 0.0 1.6431676725154984 0.6085806194501846 1 0 0 0.9062445313873717 0.4227538874220827 2.2686287243841052
cell 2.5855326786409947 10.05879582406657 0.0 1.0 1.0 1 0 0 0.0 1.0 0
cell 1.4148974572770372 57.23876172133219 0.0 1.0 1.0 1 0 0 0.0 1.0 0
cell 36.845007953771116 24.514943036347958 0.0 1.6431676725154984 0.6085806194501846 1 0 0 0.8385869018816586 -0.5447678477962162 4.293817158492441
cell 40.88066821816997 22.397134080096265 0.0 1.0 1.0 1 0 0 0.0 1.0 0
cell 45.56674359987488 23.342584961927702 0.0 1.0 1.0 1 0 0 0.0 1.0 0
cell 38.710954019880624 15.780198276003475 0.0 1.0 1.0 1 0 0 0.0 1.0 0
cell 10.23954974203509 19.39381688195798 0.0 1.0 1.0 1 0 0 0.0 1.0 0
cell 29.056633363635406 29.556693389326977 0.0 1.6431676725154984 0.6085806194501846 1 0 0 0.2126748382419072 0.9771230286810247 0.42862322249433843
cell 28.75061431098296 41.75553652225152 0.0 1.6431676725154984 0.6085806194501846 1 0 0 0.8152606748219472 -0.5790941478627316 4.376826917579579
cell 9.280069843836996 7.60825010965167 0.0 1.0 1.0 1 0 0 0.0 1.0 0
cell 45.220256304399086 40.017081800447315 0.0 1.6431676725154984 0.6085806194501846 1 0 0 0.4255246627583759 0.9049468279321004 0.8790831571062527
cell 23.92502482451491 27.141308246969807 0.0 1.6431676725154984 0.6085806194501846 1 0 0 -0.32006257507069935 -0.9473964049114356 0.6515910721405991
cell 1.542612000586717 11.804801095615234 0.0 1.0 1.0 1 0 0 0.0 1.0 0
cell 19.403815916060854 56.4481329404029 0.0 1.0 1.0 1 0 0 0.0 1.0 0
cell 23.946570252061044 4.842219511774678 0.0 1.0 1.0 1 0 0 0.0 1.0 0
cell 53.04316463568628 39.60281131767894 0.0 1.6431676725154984 0.6085806194501846 1 0 0 0.29687495770829314 0.9549163625604596 0.6028367989475892
cell 62.022223559072835 9.138167524471376 0.0 1.0 1.0 1 0 0 0.0 1.0 0
cell 29.20086611328921 33.03715885100844 0.0 1.6431676725154984 0.6085806194501846 1 0 0 0.7296806794689528 -0.6837880563520595 4.64747561394425
cell 38.183400306809254 57.97727671299482 0.0 1.0 1.0 1 0 0 0.0 1.0 0
cell 13.291471689624581 13.75553516860428 0.0 1.0 1.0 1 0 0 0.0 1.0 0
cell 42.03988768354853 16.46838354634097 0.0 1.0 1.0 1 0 0 0.0 1.0 0
cell 1.9553216202081516 45.82193796773265 0.0 1.6431676725154984 0.6085806194501846 1 0 0 0.8889279880024514 0.4580469759161319 2.1899988611075765
cell 44.923227869963874 3.504619822667205 0.0 1.0 1.0 1 0 0 0.0 1.0 0
cell 21.98555611503437 27.497082069682957 0.0 1.0 1.0 1 0 0 0.0 1.0 0
cell 35.22203920393775 6.152496916467506 0.0 1.0 1.0 1 0 0 0.0 1.0 0
cell 46.41550351507575 46.0709567176978 0.0 1.6431676725154984 0.6085806194501846 1 0 0 0.778440324609106 0.6277186161190934 1.7843546040328446
cell 25.971624233373255 59.869748131412635 0.0 1.0 1.0 1 0 0 0.0 1.0 0
cell 29.164916036877184 48.13133307438322 0.0 1.6431676725154984 0.6085806194501846 1 0 0 0.9902579886157871 0.13924480594483823 2.862195153192267
cell 59.692886731261424 44.00614193820098 0.0 1.6431676725154984 0.6085806194501846 1 0 0 0.3101067061811522 0.9507017570097767 0.6306105395441883
cell 20.805875916040627 50.57029741862957 0.0 1.6431676725154984 0.6085806194501846 1 0 0 0.5949898017638471 -0.8037332491548536 5.008679387064443
cell 41.691841816397655 40.98877416381283 0.0 1.6431676725154984 0.6085806194501846 1 0 0 0.763592360773709 -0.64569861899189 4.545468334868116
cell 37.25012739482938 27.468412829094774 0.0 1.6431676725154984 0.6085806194501846 1 0 0 0.681062617059631 -0.7322251782367815 4.784759560627304
cell 35.09387430296925 61.537692401867595 0.0 1.0 1.0 1 0 0 0.0 1.0 0
cell 35.435472342778574 22.875080356323483 0.0 1.6431676725154984 0.6085806194501846 1 0 0 0.5977620582312303 0.8016735755525207 1.2814132128191986
cell 48.50655735448665 0.11469691348944011 0.0 1.6431676725154984 0.6085806194501846 1 0 0 0.6665262223966718 0.7454815858608597 1.4590784926806244
cell 15.494237519646028 54.38185265021932 0.0 1.6431676725154984 0.6085806194501846 1 0 0 0.4173310246818169 -0.9087545410274573 5.422172561169925
cell 7.142989634786263 50.31943822162297 0.0 1.6431676725154984 0.6085806194501846 1 0 0 0.7132357429639967 0.7009242291136721 1.5882076565845915
cell 47.94597831441446 13.153216601946534 0.0 1.6431676725154984 0.6085806194501846 1 0 0 0.4828565412450709 0.8756994693254342 1.007827601492863
cell 40.67787394396015 6.692856548045588 0.0 1.0 1.0 1 0 0 0.0 1.0 0
cell 61.21222607668171 30.60958112652995 0.0 1.0 1.0 1 0 0 0.0 1.0 0
cell 21.35846823292321 41.02557357298637 0.0 1.6431676725154984 0.6085806194501846 1 0 0 0.31552379997284696 0.9489176632620424 0.6420172014259317
cell 33.50981121178896 7.36610670218589 0.0 1.0 1.0 1 0 0 0.0 1.0 0
cell 34.88733221428307 47.78039959409698 0.0 1.6431676725154984 0.6085806194501846 1 0 0 0.5692292334396204 -0.822178861196116 5.072049142343119
cell 21.027388856113358 9.868297131487722 0.0 1.0 1.0 1 0 0 0.0 1.0 0
cell 37.73355304596766 61.274244509897365 0.0 1.0 1.0 1 0 0 0.0 1.0 0
cell 2.6652038641714793 26.00522653217135 0.0 1.6431676725154984 0.6085806194501846 1 0 0 0.46267576646558484 0.8865275715540287 0.9620221696664918
cell 29.69095200676018 26.454398860038534 0.0 1.0 1.0 1 0 0 0.0 1.0 0
cell 14.534376227060136 58.78090110848403 0.0 1.0 1.0 1 0 0 0.0 1.0 0
cell 33.9992745166599 5.578716498472559 0.0 1.6431676725154984 0.6085806194501846 1 0 0 0.946846712646259 0.32168509873939255 2.4865753617483626
cell 4.408863650467972 30.32775912282248 0.0 1.6431676725154984 0.6085806194501846 1 0 0 -0.35968397321458273 -0.9330741875181048 0.7358583542988297
cell 48.162886006461626 26.780652314583353 0.0 1.6431676725154984 0.6085806194501846 1 0 0 0.20271714645280514 0.9792373351409922 0.40826377137730935
cell 46.2880276753017 55.07743590799106 0.0 1.6431676725154984 0.6085806194501846 1 0 0 -0.3329496101638385 -0.9429446203737248 0.6788598776773398
cell 51.15883194490746 54.32345146217152 0.0 1.6431676725154984 0.6085806194501846 1 0 0 0.5947796225370889 0.8038887986622516 1.2739829633023878
cell 18.211207859365597 58.41840493588254 0.0 1.0 1.0 1 0 0 0.0 1.0 0
cell 28.858058508375116 6.501509966026996 0.0 1.0 1.0 1 0 0 0.0 1.0 0
cell 27.72155059074642 11.692888487873525 0.0 1.0 1.0 1 0 0 0.0 1.0 0
cell 24.18628328433548 59.958959164427974 0.0 1.0 1.0 1 0 0 0.0 1.0 0
cell 53.80601564612444 7.526804143234012 0.0 1.0 1.0 1 0 0 0.0 1.0 0
cell 34.80867560141468 12.830280619213793 0.0 1.6431676725154984 0.6085806194501846 1 0 0 -0.1770293662773533 0.9842055697238452 5.927250665700573
cell 51.987510317859986 52.76037754393704 0.0 1.6431676725154984 0.6085806194501846 1 0 0 0.6439183104811841 0.7650942487217228 1.399217283161208
