1000
 Lattice="61.15546790168123 0.0 0.0 0.0 61.15546790168123 0.0 0.0 0.0 1.0"Properties=species:S:1:pos:R:3:aspherical_shape:R:3:orientation:R:4:Color:R:1
cell 34.351007572206136 50.18381559343415 0.0 1.6431676725154984 0.6085806194501846 1 0 0 0.8811421973497139 0.47285138050947656 2.156544686170373
cell 39.99141587524186 24.777596791087152 0.0 1.6431676725154984 0.6085806194501846 1 0 0 0.9938763615523486 -0.11049786399503526 3.3630405887474866
cell 0.062218361257192684 6.254343691493754 0.0 1.6431676725154984 0.6085806194501846 1 0 0 0.9641353904285002 0.26541090581075133 2.6043324769528056
cell 12.472902359611135 29.092813790968236 0.0 1.6431676725154984 0.6085806194501846 1 0 0 0.952493465157221 -0.3045590235615912 3.7605435024360054
cell 8.553623953850357 58.19810357664279 0.0 1.6431676725154984 0.6085806194501846 1 0 0 -0.7366589141719881 -0.6762644779751095 1.6562329400725284
cell 19.516779327778494 60.11562872783889 0.0 1.6431676725154984 0.6085806194501846 1 0 0 0.882303498098777 -0.47068092933818934 4.1217174184838274
cell 45.37465661483708 6.421489432296771 0.0 1.0 1.0 1 0 0 0.0 1.0 0
cell 46.8154617515081 29.80373503604669 0.0 1.6431676725154984 0.6085806194501846 1 0 0 0.9804510071845981 0.19676336679043502 2.7454813479197555
cell 16.265370200086394 51.421374261083116 0.0 1.6431676725154984 0.6085806194501846 1 0 0 0.9101412885644404 -0.41429800246955095 3.995935376277089
cell 35.20850690197223 28.767329594829533 0.0 1.6431676725154984 0.6085806194501846 1 0 0 0.913791298517802 -0.4061840257237464 3.9781410273451305
cell 47.97830804702728 55.33602073069639 0.0 1.6431676725154984 0.6085806194501846 1 0 0 -0.9929439713632983 0.11858444136260667 3.3793209389744625
cell 13.747805885907596 35.688979679629746 0.0 1.6431676725154984 0.6085806194501846 1 0 0 0.23990758801206818 -0.9707957299114123 5.798643991342994
cell 7.098639835437097 55.57597565535321 0.0 1.6431676725154984 0.6085806194501846 1 0 0 0.13847984631130647 -0.9903652518972972 6.005332693421476
cell 55.168016341789205 19.30388654567549 0.0 1.6431676725154984 0.6085806194501846 1 0 0 0.9797705188105663 0.20012428755569328 2.7386231078131082
cell 21.565854695033106 25.482134949095627 0.0 1.0 1.0 1 0 0 0.0 1.0 0
cell 58.42525405461535 57.96775067544092 0.0 1.0 1.0 1 0 0 0.0 1.0 0
cell 42.82719380945637 45.03849297273142 0.0 1.6431676725154984 0.6085806194501846 1 0 0 0.949000209373535 0.3152754392733228 2.5000988904046566
cell 46.85762901640974 10.35554624077735 0.0 1.0 1.0 1 0 0 0.0 1.0 0
cell 38.60480914884618 35.06322484129592 0.0 1.6431676725154984 0.6085806194501846 1 0 0 -0.9938917180254768 -0.11035965223017952 2.9204228429599115
cell 41.875365449291 3.959287657405415 0.0 1.6431676725154984 0.6085806194501846 1 0 0 -0.1897894512994422 0.9818248133834552 5.901289915614815
cell 6.163348457420307 19.08974247811465 0.0 1.6431676725154984 0.6085806194501846 1 0 0 0.9949361538101995 -0.10050895403578261 3.34295055836015
cell 46.79546525876023 24.955407593719652 0.0 1.6431676725154984 0.6085806194501846 1 0 0 0.9896330652723047 0.14361892674624158 2.8533580736442765
cell 49.56521397692461 10.989518468280911 0.0 1.6431676725154984 0.6085806194501846 1 0 0 0.9409716255751536 0.3384854500011087 2.450978911767075
cell 53.76971686456654 14.982207158012256 0.0 1.0 1.0 1 0 0 0.0 1.0 0
cell 17.643037959623577 15.752357370623972 0.0 1.0 1.0 1 0 0 0.0 1.0 0
cell 28.388296132549204 4.1385302172630505 0.0 1.6431676725154984 0.6085806194501846 1 0 0 -0.1951983603872248 0.9807637840490131 5.890265913130904
cell 0.7896127923177435 54.431240559083356 0.0 1.6431676725154984 0.6085806194501846 1 0 0 0.9518506980318744 0.306561981752848 2.5184346714083694
cell 26.505347545810935 48.10698024660053 0.0 1.0 1.0 1 0 0 0.0 1.0 0
cell 34.37098992890675 26.81334114995221 0.0 1.6431676725154984 0.6085806194501846 1 0 0 0.9312566517816502 -0.36436389573121847 3.887491956819207
cell 10.948486351100321 59.29708349201585 0.0 1.6431676725154984 0.6085806194501846 1 0 0 0.8987941435426948 0.43837094741024263 2.234021886211275
cell 58.25789518646055 10.263276797842467 0.0 1.6431676725154984 0.6085806194501846 1 0 0 0.9990536318724859 0.04349529448567514 3.054574612519313
cell 55.57334829008656 44.64111579121095 0.0 1.6431676725154984 0.6085806194501846 1 0 0 0.99770636129996 0.06769059477943457 3.0061078637975465
cell 25.213866348026645 33.84106322534287 0.0 1.6431676725154984 0.6085806194501846 1 0 0 0.9902162747896439 -0.13954113781147268 3.4215886608599377
cell 9.30352022144964 5.825979449390894 0.0 1.6431676725154984 0.6085806194501846 1 0 0 0.9829337915126464 0.18395967357704662 2.771565917236477
cell 7.817883393641149 20.205903188664813 0.0 1.6431676725154984 0.6085806194501846 1 0 0 0.9962188172264224 -0.08687961903684932 3.3155712285864833
cell 60.243712228249855 46.07503381726551 0.0 1.6431676725154984 0.6085806194501846 1 0 0 0.5862140271470146 -0.8101562283757863 5.030429793758914
cell 21.23161538505868 15.667190865780764 0.0 1.6431676725154984 0.6085806194501846 1 0 0 0.6764076500533147 0.7365274543079522 1.4857484547677076
cell 58.805080340652545 27.041471963075043 0.0 1.0 1.0 1 0 0 0.0 1.0 0
cell 17.31269266909321 60.0081804246432 0.0 1.6431676725154984 0.6085806194501846 1 0 0 0.981806560826043 -0.1898838516539451 3.523680342661459
cell 39.7123253421993 21.60790543569155 0.0 1.6431676725154984 0.6085806194501846 1 0 0 0.9952358748026702 0.09749642816926027 2.9462895491529872
cell 14.86350420235961 41.3494804437903 0.0 1.6431676725154984 0.6085806194501846 1 0 0 0.9962729735761976 -0.08625637438265735 3.3143200422343138
cell 5.253158568245537 36.243956503967446 0.0 1.6431676725154984 0.6085806194501846 1 0 0 -0.4257319490757576 0.9048493286377333 5.403644007169841
cell 31.58042022040727 38.486645394259625 0.0 1.6431676725154984 0.6085806194501846 1 0 0 0.9314616625682824 0.36383948544039474 2.396819468620836
cell 5.819999987435198 1.3441854499096049 0.0 1.6431676725154984 0.6085806194501846 1 0 0 0.9085088559522395 0.4178655987950587 2.279403250198025
cell 23.37439347130778 49.25512973346182 0.0 1.0 1.0 1 0 0 0.0 1.0 0
cell 33.9248302848042 58.29432273958028 0.0 1.6431676725154984 0.6085806194501846 1 0 0 0.9931485918195925 0.1168583525759303 2.907340718470151
cell 15.771464762682289 6.663426441012274 0.0 1.6431676725154984 0.6085806194501846 1 0 0 0.9653630348880058 0.2609103502581278 2.6136624610186248
cell 34.015532565323056 54.17143849399229 0.0 1.6431676725154984 0.6085806194501846 1 0 0 0.9940898482494926 0.10856046060744567 2.9240429794079046
cell 38.25831603295025 56.51638450682139 0.0 1.6431676725154984 0.6085806194501846 1 0 0 0.956469467958095 0.29183241229164175 2.5493084780584763
cell 22.863351279714156 46.18781456226655 0.0 1.6431676725154984 0.6085806194501846 1 0 0 0.9714220360064767 -0.23735885903212367 3.6208848618100538
cell 30.4947091598431 22.079756500605047 0.0 1.6431676725154984 0.6085806194501846 1 0 0 0.92216185498182 -0.3868042311253701 3.935919743378047
cell 5.283183715817021 21.567974526179604 0.0 1.6431676725154984 0.6085806194501846 1 0 0 0.9914321950443032 -0.13062236649837075 3.4035860509528386
cell 40.916363151338984 22.3808288068542 0.0 1.6431676725154984 0.6085806194501846 1 0 0 0.9945827954790827 0.10394740466703958 2.933321626008545
cell 9.559278023986803 21.557620287448053 0.0 1.6431676725154984 0.6085806194501846 1 0 0 0.988238140747451 -0.152922781729935 3.4486429912712016
cell 30.107178678284697 37.8250834279428 0.0 1.0 1.0 1 0 0 0.0 1.0 0
cell 3.263999023416855 5.876012888658977 0.0 1.6431676725154984 0.6085806194501846 1 0 0 0.9362334189189465 0.35137869215326695 2.423506069725359
cell 31.656540646440078 50.563014649675495 0.0 1.0 1.0 1 0 0 0.0 1.0 0
cell 23.26823533039687 32.159303056971844 0.0 1.6431676725154984 0.6085806194501846 1 0 0 0.9652295130353505 -0.26140387748757676 3.670545386560238
cell 12.086112247095903 40.34772097832811 0.0 1.6431676725154984 0.6085806194501846 1 0 0 0.9923773481609346 0.12323635363427175 2.8944917720165364
cell 3.57186802801155 0.28205578522173486 0.0 1.6431676725154984 0.6085806194501846 1 0 0 0.8553227563185205 0.5180955341669031 2.0523469728038206
cell 28.80947732967875 39.84627371357775 0.0 1.6431676725154984 0.6085806194501846 1 0 0 0.9677662634193142 0.2518500732329029 2.63240970300214
cell 40.53448777145549 6.346922957565806 0.0 1.6431676725154984 0.6085806194501846 1 0 0 0.7394823581184571 -0.6731759369077047 4.618583150370313
cell 43.49682476393882 13.97068827452466 0.0 1.6431676725154984 0.6085806194501846 1 0 0 0.5039990839730668 -0.8637041874127447 5.226739890031849
cell 27.138857540196042 10.40318920208118 0.0 1.6431676725154984 0.6085806194501846 1 0 0 0.9715444870159666 -0.23685715051246015 3.6198519906770352
cell 51.88769768398534 3.45982120961582 0.0 1.0 1.0 1 0 0 0.0 1.0 0
cell 35.5227336311123 13.757163462096512 0.0 1.6431676725154984 0.6085806194501846 1 0 0 0.3708828418962061 0.9286796636014992 0.7599189649075013
cell 5.269673601790594 58.53954558745645 0.0 1.0 1.0 1 0 0 0.0 1.0 0
cell 19.563876799755082 15.221370744440252 0.0 1.0 1.0 1 0 0 0.0 1.0 0
cell 12.77005238463092 43.447914340318086 0.0 1.6431676725154984 0.6085806194501846 1 0 0 0.9836504853117989 -0.18008809717985946 3.503744677547348
cell 1.7927584931164504 51.11932297651066 0.0 1.6431676725154984 0.6085806194501846 1 0 0 0.8980336678821779 0.4399267340706658 2.23055847973072
cell 37.18304319354495 22.01358564932095 0.0 1.6431676725154984 0.6085806194501846 1 0 0 0.9999750493582259 -0.007064039992364962 3.15572085107725
cell 32.52598541959532 39.502907674969656 0.0 1.6431676725154984 0.6085806194501846 1 0 0 0.9959170951884242 0.09027258449524567 2.9608013663550232
cell 24.828709207551558 31.30095849223319 0.0 1.0 1.0 1 0 0 0.0 1.0 0
cell 55.76707886758012 20.150158480414742 0.0 1.6431676725154984 0.6085806194501846 1 0 0 0.9849461723966946 0.17286132442250027 2.7941246742598485
cell 43.66094932653945 35.49601977661603 0.0 1.6431676725154984 0.6085806194501846 1 0 0 0.9923892432833954 -0.12314052872799389 3.388500414406954
cell 60.92902544620398 25.272020451124305 0.0 1.6431676725154984 0.6085806194501846 1 0 0 0.8599536698891331 -0.5103721050804126 4.212827530349857
cell 27.50073968531328 23.285835404027807 0.0 1.6431676725154984 0.6085806194501846 1 0 0 0.6755542771185747 0.7373102594341137 1.4834323983079858
cell 49.627206273243466 18.277156255259396 0.0 1.6431676725154984 0.6085806194501846 1 0 0 0.9636180065381891 0.26728325326396085 2.6004474429699314
cell 57.20615254792104 15.691585606394526 0.0 1.0 1.0 1 0 0 0.0 1.0 0
cell 40.59342308257758 39.955555482215495 0.0 1.6431676725154984 0.6085806194501846 1 0 0 0.9778884210586875 -0.2091273199736162 3.5629575771618485
cell 58.16039612406968 0.6014462349227171 0.0 1.0 1.0 1 0 0 0.0 1.0 0
cell 12.04571030470307 55.18826532904101 0.0 1.6431676725154984 0.6085806194501846 1 0 0 0.740612205904144 0.6719327053104335 1.6679620267394948
cell 54.396258748496116 58.40926778139044 0.0 1.6431676725154984 0.6085806194501846 1 0 0 -0.10914644554923882 -0.9940256804650306 0.2187286497823724
cell 32.738189728579655 12.054120041994315 0.0 1.6431676725154984 0.6085806194501846 1 0 0 0.9447778873734907 -0.3277113722928818 3.809352966782193
cell 1.0266600235759966 8.434524806405063 0.0 1.6431676725154984 0.6085806194501846 1 0 0 0.9921251082362688 0.12525082677240895 2.890431363948575
cell 8.235439599168172 25.897926436227603 0.0 1.6431676725154984 0.6085806194501846 1 0 0 -0.9638399254223665 0.2664818908702935 3.6810748191507603
cell 4.421023526245652 57.08834168818223 0.0 1.0 1.0 1 0 0 0.0 1.0 0
cell 37.70915582241847 45.89315359801194 0.0 1.0 1.0 1 0 0 0.0 1.0 0
cell 51.17506021663704 16.620707985278845 0.0 1.0 1.0 1 0 0 0.0 1.0 0
cell 50.285691955526886 5.984992961274599 0.0 1.0 1.0 1 0 0 0.0 1.0 0
cell 19.133149945009905 50.76670075229212 0.0 1.6431676725154984 0.6085806194501846 1 0 0 0.8566173504997767 -0.5159522408350822 4.225830467094731
cell 20.138241811119418 24.292249480343024 0.0 1.0 1.0 1 0 0 0.0 1.0 0
cell 31.06363438168336 52.37200606953628 0.0 1.0 1.0 1 0 0 0.0 1.0 0
cell 12.764430915978453 56.726970569939276 0.0 1.6431676725154984 0.6085806194501846 1 0 0 0.9308002560694693 0.3655282250401608 2.393192182641421
cell 0.7490615656966597 57.300290195296945 0.0 1.0 1.0 1 0 0 0.0 1.0 0
cell 30.000195120722044 14.087205085245296 0.0 1.6431676725154984 0.6085806194501846 1 0 0 0.9171017221126844 -0.3986532720271446 3.9616884850205754
cell 41.51081985301868 49.05160770292352 0.0 1.6431676725154984 0.6085806194501846 1 0 0 0.9644169649812917 0.26438592560171215 2.606458382655404
cell 58.372447239583956 4.712901439673015 0.0 1.0 1.0 1 0 0 0.0 1.0 0
cell 43.7980386905688 58.4919279332437 0.0 1.0 1.0 1 0 0 0.0 1.0 0
cell 42.598537075321985 19.139339181732645 0.0 1.6431676725154984 0.6085806194501846 1 0 0 -0.9663638928081149 -0.25717858907138114 2.6213897572342546
cell 38.983790357146624 29.398515348487482 0.0 1.6431676725154984 0.6085806194501846 1 0 0 0.9779044150169984 -0.20905251754107632 3.562804590749129
cell 23.561298340565575 37.36054765397013 0.0 1.0 1.0 1 0 0 0.0 1.0 0
cell 20.927396479385568 56.270270187955404 0.0 1.6431676725154984 0.6085806194501846 1 0 0 0.9622950103914011 -0.27200792814881936 3.6925506965967108
cell 11.543176893622885 4.339532201121357 0.0 1.6431676725154984 0.6085806194501846 1 0 0 0.9916021068842481 0.12932618305169352 2.8822138015441388
cell 2.320999685272469 5.444529419194404 0.0 1.6431676725154984 0.6085806194501846 1 0 0 0.9064992906923511 0.42220733766037777 2.26983474089562
cell 31.84283255499061 30.705376278759204 0.0 1.0 1.0 1 0 0 0.0 1.0 0
cell 35.72620731507494 31.508541942147232 0.0 1.6431676725154984 0.6085806194501846 1 0 0 0.6441509882791217 -0.7648983620710864 4.883359713116738
cell 60.89075788176582 41.367373670192535 0.0 1.6431676725154984 0.6085806194501846 1 0 0 0.7698925453604588 0.6381735411299921 1.7573455123263695
cell 40.83152068090974 32.127935987758995 0.0 1.6431676725154984 0.6085806194501846 1 0 0 0.9899484803001857 0.14142844958265294 2.8577842136524345
cell 21.281863121517787 33.24924849504575 0.0 1.6431676725154984 0.6085806194501846 1 0 0 0.889693765375582 -0.4565577771233549 4.0898373395136165
cell 47.27131381440938 16.0958850341329 0.0 1.0 1.0 1 0 0 0.0 1.0 0
cell 8.162903556137252 32.01545079552121 0.0 1.6431676725154984 0.6085806194501846 1 0 0 0.8551592411570015 -0.5183653849012118 4.231469386283867
cell 40.613271234663955 36.683434750720934 0.0 1.6431676725154984 0.6085806194501846 1 0 0 0.9969435538786982 0.0781252224298358 2.985182823496759
cell 46.52637218293902 14.089864908528565 0.0 1.0 1.0 1 0 0 0.0 1.0 0
cell 53.168154513459356 21.10415197113235 0.0 1.6431676725154984 0.6085806194501846 1 0 0 0.9676249258503563 0.2523925570873524 2.631288516043658
cell 18.592644033757225 53.017226507991914 0.0 1.6431676725154984 0.6085806194501846 1 0 0 0.9994886890619329 -0.03197437156941249 3.2055522981888793
cell 47.49645303868422 12.609755713663429 0.0 1.6431676725154984 0.6085806194501846 1 0 0 0.9813337148968871 0.19231261010832096 2.754556245885542
cell 45.78830984719911 58.59727163825645 0.0 1.0 1.0 1 0 0 0.0 1.0 0
cell 18.802470719861667 45.121309783247696 0.0 1.6431676725154984 0.6085806194501846 1 0 0 0.9727226815119258 -0.23197108628501245 3.6097997632452734
cell 39.92722700580455 2.100650528472404 0.0 1.6431676725154984 0.6085806194501846 1 0 0 0.29447431575399763 -0.9556593940108656 5.685374512948459
cell 40.928542633302975 57.47212531873795 0.0 1.6431676725154984 0.6085806194501846 1 0 0 0.9428575753573818 0.33319602727403447 2.462210097321133
cell 32.64601585136506 19.36440549326602 0.0 1.6431676725154984 0.6085806194501846 1 0 0 0.997260079252322 -0.07397522781075125 3.289678381651545
cell 53.47344208868158 60.00549603722953 0.0 1.6431676725154984 0.6085806194501846 1 0 0 -0.02124513536266077 -0.9997742966407079 0.04249346774623497
cell 12.65192737791376 22.514892600980524 0.0 1.6431676725154984 0.6085806194501846 1 0 0 0.9735653811957153 -0.2284085124010081 3.602477990125586
cell 30.63748652031329 33.637194457658765 0.0 1.0 1.0 1 0 0 0.0 1.0 0
cell 60.14672825735837 38.529901496855835 0.0 1.6431676725154984 0.6085806194501846 1 0 0 0.5831449098810518 0.8123681518128464 1.2451892453436528
cell 53.82236439391688 40.967870885891436 0.0 1.6431676725154984 0.6085806194501846 1 0 0 0.1014204422621708 0.9948436529884209 0.203190244528792
cell 18.925049395899496 58.0858751045296 0.0 1.6431676725154984 0.6085806194501846 1 0 0 0.9876437012726644 -0.15671604683768678 3.4563221153301007
cell 23.994940454035806 13.232470489087893 0.0 1.0 1.0 1 0 0 0.0 1.0 0
cell 53.31618891673222 9.101181623789191 0.0 1.6431676725154984 0.6085806194501846 1 0 0 0.9555285064005173 0.29489875119436604 2.542893541818984
cell 37.987691137033906 54.0346820892675 0.0 1.6431676725154984 0.6085806194501846 1 0 0 0.9753625058320928 0.2206082097677706 2.6967166543618157
cell 39.25981631503806 14.908173018107306 0.0 1.0 1.0 1 0 0 0.0 1.0 0
cell 18.68193647262196 1.052461874961014 0.0 1.6431676725154984 0.6085806194501846 1 0 0 0.8851634385202126 -0.4652802242811032 4.1094949816464705
cell 6.99500862871336 1.8533937797236257 0.0 1.6431676725154984 0.6085806194501846 1 0 0 0.8378974465820986 0.5458276916859378 1.9868394194460943
cell 3.5171138833612763 16.523989978739948 0.0 1.6431676725154984 0.6085806194501846 1 0 0 0.9970974853126104 0.07613543710565154 2.9891742853065075
cell 11.664706077256339 7.403556470007212 0.0 1.0 1.0 1 0 0 0.0 1.0 0
cell 10.205769975635787 30.205536744034152 0.0 1.6431676725154984 0.6085806194501846 1 0 0 0.976434178469011 -0.21581541909128601 3.576646357121151
cell 6.442608514185741 5.777632344688619 0.0 1.6431676725154984 0.6085806194501846 1 0 0 0.9662982346879083 0.25742517677770366 2.620879398591683
cell 53.765762784427444 23.81113654454644 0.0 1.6431676725154984 0.6085806194501846 1 0 0 0.9638282441448823 0.26652413734705754 2.602022824648947
cell 61.09818117182098 51.533145859828515 0.0 1.0 1.0 1 0 0 0.0 1.0 0
cell 2.9262221547428466 27.753538948910222 0.0 1.6431676725154984 0.6085806194501846 1 0 0 0.8433924789910161 -0.5372979865785731 4.276052821562758
cell 8.306825009270945 28.181617314947896 0.0 1.6431676725154984 0.6085806194501846 1 0 0 0.94205505107883 -0.335458314454811 3.8257760394837086
cell 27.35515040243089 12.75204562918502 0.0 1.6431676725154984 0.6085806194501846 1 0 0 0.9642901176733765 -0.26484819983806895 3.6776856480787585
cell 37.50494219950199 50.65512886075019 0.0 1.6431676725154984 0.6085806194501846 1 0 0 0.9358663347369807 0.3523552234691146 2.421419575722308
cell 57.54799743812508 20.398378841101277 0.0 1.6431676725154984 0.6085806194501846 1 0 0 0.9842403793608375 0.1768357306531536 2.786051491288941
cell 33.67173640803856 13.904741303223462 0.0 1.6431676725154984 0.6085806194501846 1 0 0 0.9799024960596039 -0.19947706187970102 3.5432411102918255
cell 44.622718903006735 24.713499708339757 0.0 1.6431676725154984 0.6085806194501846 1 0 0 0.9941866189114467 0.10767064027591693 2.925833113298878
cell 13.718217785599618 51.79594653090632 0.0 1.6431676725154984 0.6085806194501846 1 0 0 0.9783095668008343 0.20714823558496484 2.7242745263557633
cell 31.27361072498227 58.039442159734094 0.0 1.6431676725154984 0.6085806194501846 1 0 0 0.9999257782601007 0.012183512257635731 3.1172250262023047
cell 51.86093656302796 8.725685498038978 0.0 1.6431676725154984 0.6085806194501846 1 0 0 0.8898309230715589 0.456290399138112 2.1939489775535352
cell 21.742133464084077 36.59170930029355 0.0 1.0 1.0 1 0 0 0.0 1.0 0
cell 51.24214678424959 10.563050915312685 0.0 1.6431676725154984 0.6085806194501846 1 0 0 0.9451759038455878 0.32656164929409 2.4762656757779884
cell 25.9337357403506 16.135157780650943 0.0 1.6431676725154984 0.6085806194501846 1 0 0 0.6952846957364511 -0.7187344376573802 4.745553443296793
cell 8.157780181633594 44.42962812157765 0.0 1.6431676725154984 0.6085806194501846 1 0 0 0.9969318541733395 -0.07827437725403699 3.2983017096491456
cell 11.773976728766042 15.589724831526741 0.0 1.0 1.0 1 0 0 0.0 1.0 0
cell 28.77281910267878 5.301711871169917 0.0 1.6431676725154984 0.6085806194501846 1 0 0 0.33226535970582 -0.9431859470642903 5.605776549461413
cell 15.368526546429468 9.762739890760251 0.0 1.6431676725154984 0.6085806194501846 1 0 0 0.8260135025712122 0.563650329166974 1.9439958864330011
cell 59.71616577776549 52.8233241069841 0.0 1.0 1.0 1 0 0 0.0 1.0 0
cell 52.807202421511995 13.308774616401566 0.0 1.0 1.0 1 0 0 0.0 1.0 0
cell 31.41071533589628 60.41098593428994 0.0 1.6431676725154984 0.6085806194501846 1 0 0 0.9589562197078185 -0.2835541723968985 3.716589416914995
cell 42.281416532537676 23.22475369283637 0.0 1.6431676725154984 0.6085806194501846 1 0 0 0.9999986063214947 -0.0016695373815212831 3.1449317299040356
cell 56.05502443198135 17.116345181540634 0.0 1.6431676725154984 0.6085806194501846 1 0 0 0.9805714792605255 0.1961621116852713 2.7467077593260076
cell 36.18115222652666 43.9559721705425 0.0 1.6431676725154984 0.6085806194501846 1 0 0 0.9019268572760702 0.43188880990841977 2.24842080642205
cell 2.264148218201096 0.6405003703736555 0.0 1.0 1.0 1 0 0 0.0 1.0 0
cell 33.54006915939662 28.497884742023395 0.0 1.0 1.0 1 0 0 0.0 1.0 0
cell 32.85582555789088 51.05823082667498 0.0 1.6431676725154984 0.6085806194501846 1 0 0 0.8592045128482911 0.5116322948183888 2.067425668487593
cell 1.1758608245447921 39.87315120288957 0.0 1.6431676725154984 0.6085806194501846 1 0 0 0.776335164088923 0.6303203257067195 1.7776611433289817
cell 56.532535128891666 7.189311729414328 0.0 1.6431676725154984 0.6085806194501846 1 0 0 0.9864118184879511 0.16429158331239446 2.8115130677796634
cell 54.90955140612738 16.294684092350984 0.0 1.0 1.0 1 0 0 0.0 1.0 0
cell 20.423698864407484 13.116787985953337 0.0 1.0 1.0 1 0 0 0.0 1.0 0
cell 16.04058105585479 24.37457283498045 0.0 1.6431676725154984 0.6085806194501846 1 0 0 0.9808956406201962 -0.19453468125836834 3.533158746254581
cell 37.54664540986193 21.03266312831054 0.0 1.6431676725154984 0.6085806194501846 1 0 0 0.997627837393627 0.0688382020197711 3.0038072825424402
cell 36.16238985541968 52.69215988938426 0.0 1.6431676725154984 0.6085806194501846 1 0 0 0.9535761848621901 0.30115188802939674 2.5297918727451636
cell 28.514761431588404 30.077649844937024 0.0 1.0 1.0 1 0 0 0.0 1.0 0
cell 17.79727570234687 31.86093486091175 0.0 1.6431676725154984 0.6085806194501846 1 0 0 0.8275173595745489 -0.5614401300252475 4.333842806719486
cell 25.485082691613286 59.29772028066057 0.0 1.6431676725154984 0.6085806194501846 1 0 0 0.9335918054347074 -0.3583383049928703 3.8745674325865953
cell 26.123710261278855 54.49516596644152 0.0 1.6431676725154984 0.6085806194501846 1 0 0 0.9872024636312668 -0.15947192793829693 3.4619040778356513
cell 59.16795422417323 6.207200586623745 0.0 1.6431676725154984 0.6085806194501846 1 0 0 0.9873334945644908 0.1586586603721036 2.822928740531218
cell 6.190111864115955 12.109297638532842 0.0 1.0 1.0 1 0 0 0.0 1.0 0
cell 51.096041392567706 60.4763091404432 0.0 1.6431676725154984 0.6085806194501846 1 0 0 0.38526047702581073 -0.9228078699501022 5.492205163887902
cell 23.658422733479842 7.847306677509342 0.0 1.6431676725154984 0.6085806194501846 1 0 0 0.3974299389348467 -0.9176325210225736 5.46575652775503
cell 1.4289523472454013 58.75404931726077 0.0 1.0 1.0 1 0 0 0.0 1.0 0
cell 49.63310226829297 24.10661043220151 0.0 1.6431676725154984 0.6085806194501846 1 0 0 0.9942781752692991 0.10682186191577589 2.927540517545763
cell 42.67615678426354 57.40508735400532 0.0 1.6431676725154984 0.6085806194501846 1 0 0 0.9216216968965174 0.3880894842811176 2.3444772691641025
cell 19.256191218979904 38.05555896032988 0.0 1.6431676725154984 0.6085806194501846 1 0 0 0.9542897247262062 -0.2988831231133361 3.7486367818096626
cell 19.795373315730394 10.38465103860217 0.0 1.6431676725154984 0.6085806194501846 1 0 0 0.9461204897470531 -0.3238147910160935 3.801110163661011
cell 48.44994169686989 44.46889501197629 0.0 1.6431676725154984 0.6085806194501846 1 0 0 0.935429394728699 0.35351357467217537 2.418943535111791
cell 43.89067192466658 7.733866967115765 0.0 1.0 1.0 1 0 0 0.0 1.0 0
cell 53.113841939047965 18.088358435797836 0.0 1.6431676725154984 0.6085806194501846 1 0 0 0.9711967591184496 0.23827894384065934 2.6604059208399753
cell 23.70041509448912 44.97865244798179 0.0 1.6431676725154984 0.6085806194501846 1 0 0 0.9996843573442953 -0.025123409026707573 3.1918447589904764
cell 17.058727447286426 58.711061525529615 0.0 1.6431676725154984 0.6085806194501846 1 0 0 0.9987414867539542 -0.05015418862369255 3.2419431318389598
cell 26.286318669730683 40.213157255302974 0.0 1.6431676725154984 0.6085806194501846 1 0 0 0.9717615240289169 0.23596512542534062 2.665169414408694
cell 36.24976232129948 20.365603271413963 0.0 1.6431676725154984 0.6085806194501846 1 0 0 0.9885170609689472 0.151109298765214 2.838211930546325
cell 40.06577063968483 59.250087978612925 0.0 1.6431676725154984 0.6085806194501846 1 0 0 0.9896815184885697 0.14328465361705356 2.854033606737909
cell 23.312209243751294 24.488481022689676 0.0 1.0 1.0 1 0 0 0.0 1.0 0
cell 12.90833092706353 46.452177039378476 0.0 1.6431676725154984 0.6085806194501846 1 0 0 0.9989688377955248 -0.04540111357068833 3.232426104218378
cell 21.70665203007113 18.68892291253743 0.0 1.0 1.0 1 0 0 0.0 1.0 0
cell 49.862120411669494 1.7495002075986255 0.0 1.6431676725154984 0.6085806194501846 1 0 0 0.5485439426335951 -0.8361217273818395 5.1219417087530426
cell 4.111352024822884 15.21624610821612 0.0 1.0 1.0 1 0 0 0.0 1.0 0
cell 17.14866074552103 25.908249096927555 0.0 1.6431676725154984 0.6085806194501846 1 0 0 0.9842445951337028 -0.17681226470495076 3.4970861326245686
cell 36.378648875928484 56.806309702671555 0.0 1.6431676725154984 0.6085806194501846 1 0 0 0.9455539832193434 0.3254653050910859 2.4785850849916056
cell 0.584772994190023 23.92105288646684 0.0 1.6431676725154984 0.6085806194501846 1 0 0 0.9806511285155678 -0.1957635413991671 3.535664646189001
cell 54.12450352612093 28.07367623446258 0.0 1.0 1.0 1 0 0 0.0 1.0 0
cell 5.544933961601452 23.309004097449936 0.0 1.6431676725154984 0.6085806194501846 1 0 0 0.9922215243772919 -0.12448472421306539 3.391209651505586
cell 57.87549624415648 12.295222558418644 0.0 1.0 1.0 1 0 0 0.0 1.0 0
cell 50.246608890787314 36.9273458228909 0.0 1.6431676725154984 0.6085806194501846 1 0 0 0.9999861123249754 -0.005270214149514251 3.152133130683107
cell 31.68061307336744 3.950102387950404 0.0 1.6431676725154984 0.6085806194501846 1 0 0 0.07516414365923899 -0.9971711746274926 6.132715108446619
cell 56.221932191691046 2.9703248175501664 0.0 1.0 1.0 1 0 0 0.0 1.0 0
cell 39.105182961644935 28.32388750063515 0.0 1.6431676725154984 0.6085806194501846 1 0 0 0.9722885477594975 -0.23378404542596 3.6135281913152326
cell 8.521600148866987 16.579209183590947 0.0 1.0 1.0 1 0 0 0.0 1.0 0
cell 0.15641709038889662 28.046173148320833 0.0 1.0 1.0 1 0 0 0.0 1.0 0
cell 60.123912974060104 8.047852849721124 0.0 1.6431676725154984 0.6085806194501846 1 0 0 0.9947744743981248 0.10209674375774445 2.937042748209067
cell 28.653986067068733 51.34596576449031 0.0 1.6431676725154984 0.6085806194501846 1 0 0 0.9964529573597702 0.08415167121910273 2.9730900353429504
cell 57.770524614008046 14.282360451336162 0.0 1.0 1.0 1 0 0 0.0 1.0 0
cell 58.711708910212266 7.220737833203239 0.0 1.6431676725154984 0.6085806194501846 1 0 0 0.9944636110686781 0.1050815219733943 2.9310409005720377
cell 49.19152689120905 16.619404327544405 0.0 1.0 1.0 1 0 0 0.0 1.0 0
cell 23.970931518326044 55.90907003448386 0.0 1.6431676725154984 0.6085806194501846 1 0 0 0.9418804124471475 -0.33594834223194386 3.8268164737779164
cell 5.337816147434975 54.12993993248336 0.0 1.6431676725154984 0.6085806194501846 1 0 0 0.9948390099737559 0.10146597574772198 2.9383108698695697
cell 29.247300895785653 10.028750577390129 0.0 1.0 1.0 1 0 0 0.0 1.0 0
cell 48.48682836955601 25.460212174714606 0.0 1.6431676725154984 0.6085806194501846 1 0 0 0.9970087982130047 0.07728813806697699 2.9868620698695305
cell 28.651228653863672 53.392428768690486 0.0 1.6431676725154984 0.6085806194501846 1 0 0 0.9958921306815666 0.09054757891036945 2.96024911584869
cell 52.79334994866912 23.26398857163415 0.0 1.6431676725154984 0.6085806194501846 1 0 0 0.974803202745162 0.22306661766784983 2.6916741975346685
cell 55.939555964554614 12.207543832384998 0.0 1.0 1.0 1 0 0 0.0 1.0 0
cell 26.460123228323535 41.444363006492324 0.0 1.6431676725154984 0.6085806194501846 1 0 0 0.9933624522767586 0.11502625094605351 2.911029801631042
cell 31.235419982017852 12.300883362892437 0.0 1.6431676725154984 0.6085806194501846 1 0 0 0.9402499819722794 -0.34048490627504796 3.836457793574265
cell 59.864917724472015 10.922619454927686 0.0 1.6431676725154984 0.6085806194501846 1 0 0 0.9946899772585328 0.10291670972888448 2.935394131820817
cell 4.768224010205662 5.926880992848512 0.0 1.6431676725154984 0.6085806194501846 1 0 0 0.9604786880959583 0.2783535336823784 2.5774337175170525
cell 18.576991220334566 17.447552454671513 0.0 1.0 1.0 1 0 0 0.0 1.0 0
cell 5.023984245715369 27.307422925976734 0.0 1.6431676725154984 0.6085806194501846 1 0 0 0.9133670430366096 -0.40713713254204664 3.9802275607564432
cell 7.19025827642883 7.400851839803075 0.0 1.6431676725154984 0.6085806194501846 1 0 0 0.9695362658697485 0.24494780906010213 2.646660930910181
cell 60.3415422816879 26.634222257947346 0.0 1.0 1.0 1 0 0 0.0 1.0 0
cell 32.646488963128164 56.08107365314446 0.0 1.6431676725154984 0.6085806194501846 1 0 0 0.999988941651065 0.004702826339874474 3.132186966239561
cell 14.032177092125702 33.82118026118158 0.0 1.6431676725154984 0.6085806194501846 1 0 0 0.9566090343287306 -0.2913745964229783 3.7329195953026826
cell 35.1413198463697 11.944160700949883 0.0 1.6431676725154984 0.6085806194501846 1 0 0 -0.3553917149066683 -0.9347174594366456 0.7266662139245987
cell 18.753413556500174 39.63938008640532 0.0 1.6431676725154984 0.6085806194501846 1 0 0 0.843361682556129 -0.5373463244464367 4.276167450876152
cell 19.131668695022615 20.90569806713064 0.0 1.0 1.0 1 0 0 0.0 1.0 0
cell 57.17917568609275 57.37247697537386 0.0 1.0 1.0 1 0 0 0.0 1.0 0
cell 52.80641526310041 10.643672540000889 0.0 1.6431676725154984 0.6085806194501846 1 0 0 0.9850081449240203 0.17250783875911332 2.794842428283858
cell 28.659288262033115 52.42474252033237 0.0 1.6431676725154984 0.6085806194501846 1 0 0 0.9882371595640577 0.15292912233045475 2.8345294837712594
cell 43.45111895050252 27.48648006105126 0.0 1.6431676725154984 0.6085806194501846 1 0 0 0.9584465047586858 -0.2852723216785298 3.720173742314845
cell 32.59702905296145 44.405059496743156 0.0 1.0 1.0 1 0 0 0.0 1.0 0
cell 27.562043499075045 19.960680714175357 0.0 1.6431676725154984 0.6085806194501846 1 0 0 0.7194964584857851 -0.6944961095833532 4.677031306142787
cell 32.67600896506498 26.15469754817957 0.0 1.6431676725154984 0.6085806194501846 1 0 0 0.9086253432343967 -0.41761224315407075 4.003224353231427
cell 45.580329635701325 41.116856962888164 0.0 1.6431676725154984 0.6085806194501846 1 0 0 0.23912386988389853 -0.9709890704079776 5.800258419647274
cell 55.747748561302075 23.257407443166645 0.0 1.6431676725154984 0.6085806194501846 1 0 0 0.960043338289386 0.27985136877666245 2.574314076565239
cell 19.353450995875782 7.688332325149776 0.0 1.6431676725154984 0.6085806194501846 1 0 0 0.3937939002736675 -0.9191987620244344 5.4736745852173385
cell 17.205836558162947 29.033028675986795 0.0 1.6431676725154984 0.6085806194501846 1 0 0 0.8713466989131983 -0.4906678411034007 4.167304723046159
cell 11.146064520741355 13.729197920504788 0.0 1.0 1.0 1 0 0 0.0 1.0 0
cell 7.302861866217134 4.464151024340122 0.0 1.6431676725154984 0.6085806194501846 1 0 0 0.9803132690048839 0.1974484606497555 2.744083742221282
cell 47.48872821794735 26.69044095010603 0.0 1.6431676725154984 0.6085806194501846 1 0 0 0.9633057034287574 -0.268406635055147 3.685069833364643
cell 48.81654527340048 51.50278849926082 0.0 1.6431676725154984 0.6085806194501846 1 0 0 0.9915329941442103 -0.12985500191913077 3.402038137665971
cell 40.258740896153704 27.8394552184965 0.0 1.6431676725154984 0.6085806194501846 1 0 0 0.9625245198348108 -0.27119466941067816 3.6908606499674512
cell 12.41617715095327 5.18206743214767 0.0 1.6431676725154984 0.6085806194501846 1 0 0 0.9889746749365598 0.14808474713530068 2.8443298813150055
cell 13.319484390774782 6.566366744188805 0.0 1.0 1.0 1 0 0 0.0 1.0 0
cell 60.38750464154975 13.970414712611623 0.0 1.0 1.0 1 0 0 0.0 1.0 0
cell 28.905336521211602 58.47233532154555 0.0 1.6431676725154984 0.6085806194501846 1 0 0 0.9677979560244544 -0.25172825887231715 3.650523864949781
cell 25.02092415419929 36.14253964877239 0.0 1.0 1.0 1 0 0 0.0 1.0 0
cell 35.88496061209591 55.72124973893682 0.0 1.6431676725154984 0.6085806194501846 1 0 0 0.9812357181057998 0.19281199525287665 2.7535384268461134
cell 14.92663706722878 36.62363038774424 0.0 1.6431676725154984 0.6085806194501846 1 0 0 0.5307762272021366 -0.847512003830663 5.164152922628716
cell 44.83060865590064 19.0888668119385 0.0 1.6431676725154984 0.6085806194501846 1 0 0 0.9867807148802561 0.16206116357847983 2.816034509547255
cell 2.1448370799758263 15.161060743842958 0.0 1.0 1.0 1 0 0 0.0 1.0 0
cell 51.81745010274684 34.02611627720354 0.0 1.6431676725154984 0.6085806194501846 1 0 0 0.9971000142988735 0.0761023093288651 2.9892407336433244
cell 36.37139567662478 37.49517830208503 0.0 1.6431676725154984 0.6085806194501846 1 0 0 0.9955532810710961 0.09420013030020209 2.952912640999701
cell 40.15329731917045 20.398166634044813 0.0 1.6431676725154984 0.6085806194501846 1 0 0 0.9925981354161795 0.12144522044248522 2.8981011520224382
cell 17.202254374857198 57.209467132660876 0.0 1.6431676725154984 0.6085806194501846 1 0 0 0.9500274693811418 0.3121663137195679 2.506647763410671
cell 14.767020858147504 29.96048817457248 0.0 1.6431676725154984 0.6085806194501846 1 0 0 0.8936347035756356 -0.448795071903966 4.072425726732599
cell 59.56234207617902 3.8734019062472274 0.0 1.0 1.0 1 0 0 0.0 1.0 0
cell 8.914448476156087 2.8376069924255773 0.0 1.6431676725154984 0.6085806194501846 1 0 0 0.9617496732789528 0.27392985588983815 2.5866390129377748
cell 55.22788241797713 57.12172208350266 0.0 1.0 1.0 1 0 0 0.0 1.0 0
cell 5.251357515280823 4.546697736163406 0.0 1.6431676725154984 0.6085806194501846 1 0 0 0.9311267314723348 0.3646957772413144 2.394980540077455
cell 12.297593339015497 26.070465478363197 0.0 1.6431676725154984 0.6085806194501846 1 0 0 -0.9267521119681645 0.3756734259467213 3.9118392920198173
cell 1.0549678641818216 16.422470931484 0.0 1.6431676725154984 0.6085806194501846 1 0 0 0.9985606152164005 0.05363485563179712 3.034271445211936
cell 15.112998512678532 4.661221325840602 0.0 1.6431676725154984 0.6085806194501846 1 0 0 0.5257113796834451 -0.8506630033516966 5.176082982791702
cell 25.129542227608166 14.389335607371207 0.0 1.6431676725154984 0.6085806194501846 1 0 0 0.7391446406506947 -0.6735467320070341 4.619586229826769
cell 18.180873456352828 11.84452936835128 0.0 1.6431676725154984 0.6085806194501846 1 0 0 0.04613923890977005 0.9989350182233212 0.09231125007979482
cell 27.521743541997246 9.116474651044953 0.0 1.0 1.0 1 0 0 0.0 1.0 0
cell 36.89424978025839 36.180966911433224 0.0 1.6431676725154984 0.6085806194501846 1 0 0 0.9967832042826892 -0.08014514121226948 3.3020550311706964
cell 10.278196100758594 46.99584049019358 0.0 1.6431676725154984 0.6085806194501846 1 0 0 0.9977382360569206 -0.06721913648675266 3.2761323742289625
cell 8.276565026393197 0.22667478507629318 0.0 1.6431676725154984 0.6085806194501846 1 0 0 0.7822527720633636 0.6229611549680953 1.7965477672513337
cell 57.058775545294765 54.3393193930189 0.0 1.0 1.0 1 0 0 0.0 1.0 0
cell 26.442770651571017 6.156693820789782 0.0 1.6431676725154984 0.6085806194501846 1 0 0 0.33182830573474115 -0.9433397985419735 5.606703234854979
cell 59.36214760319718 1.1034735856652687 0.0 1.0 1.0 1 0 0 0.0 1.0 0
cell 23.867279804103607 57.32538122678153 0.0 1.6431676725154984 0.6085806194501846 1 0 0 0.9772300464819113 -0.21218255407304698 3.5692083116584303
cell 59.67298896372581 55.98350243073457 0.0 1.6431676725154984 0.6085806194501846 1 0 0 0.8725631303031215 0.48850136502943137 2.1208498203247563
cell 50.14183254692517 53.29886547344866 0.0 1.6431676725154984 0.6085806194501846 1 0 0 0.9993509715262254 -0.03602271102498219 3.213653666197424
cell 58.996607550779196 13.321051052441643 0.0 1.0 1.0 1 0 0 0.0 1.0 0
cell 15.088475307120149 52.81490496398282 0.0 1.6431676725154984 0.6085806194501846 1 0 0 0.9999751286502933 -0.007052806592377524 3.155698383717591
cell 16.296205092168965 45.76058410520634 0.0 1.6431676725154984 0.6085806194501846 1 0 0 0.9927496306001019 -0.12020054468828877 3.382576432102413
cell 41.47977020968547 30.185174161777013 0.0 1.6431676725154984 0.6085806194501846 1 0 0 0.9194407019645012 0.39322868101274755 2.3333115783400964
cell 50.301041743389796 12.483979103668668 0.0 1.6431676725154984 0.6085806194501846 1 0 0 0.9981701954617578 -0.060467023176573445 3.262600515862196
cell 49.68030978862476 30.445053623527674 0.0 1.6431676725154984 0.6085806194501846 1 0 0 0.9612838283904719 -0.2755601590850131 3.699937400643608
cell 28.942963177924995 42.024957722101206 0.0 1.6431676725154984 0.6085806194501846 1 0 0 0.9997019973429099 0.02441140120100664 3.0927650008346603
cell 24.446581519258284 8.946082631233374 0.0 1.6431676725154984 0.6085806194501846 1 0 0 0.6428389136949998 -0.7660013910166434 4.886787956566938
cell 59.20206336335916 9.069455059721875 0.0 1.6431676725154984 0.6085806194501846 1 0 0 0.9911838895367489 0.13249338520394893 2.8758244091150127
cell 51.48556675695286 38.25643341634448 0.0 1.6431676725154984 0.6085806194501846 1 0 0 0.9958307337376167 0.09122033623924007 2.9588980095973065
cell 35.08907971743178 52.29133082461088 0.0 1.6431676725154984 0.6085806194501846 1 0 0 0.9395688956319608 0.34235988427521347 2.442737815660001
cell 29.86094790821166 35.02957020911514 0.0 1.6431676725154984 0.6085806194501846 1 0 0 0.9964382614794599 -0.08432550657891998 3.3104441827209494
cell 26.87168841442777 14.62143285458384 0.0 1.6431676725154984 0.6085806194501846 1 0 0 0.9287049988362736 -0.3708193969259389 3.901374985582152
cell 34.326232954088 25.493980064447207 0.0 1.6431676725154984 0.6085806194501846 1 0 0 0.9465385412210963 -0.322590746896186 3.7985232339938664
cell 32.40997583805275 5.4875450433319175 0.0 1.6431676725154984 0.6085806194501846 1 0 0 0.8861088031827815 0.4634772798336275 2.1777618483230325
cell 7.260699972744718 3.1242483382058386 0.0 1.6431676725154984 0.6085806194501846 1 0 0 0.9129629508876486 0.4080424614014049 2.300974909174201
cell 31.182655930126863 25.81269225801015 0.0 1.0 1.0 1 0 0 0.0 1.0 0
cell 53.77572090882354 59.1401891546409 0.0 1.6431676725154984 0.6085806194501846 1 0 0 -0.09335512047335837 -0.995632874849663 0.18698251228635865
cell 48.507119960696194 60.74784668562732 0.0 1.6431676725154984 0.6085806194501846 1 0 0 -0.3446289958790628 0.9387389707471342 5.579498225205866
cell 46.96432545145482 7.322808129852884 0.0 1.0 1.0 1 0 0 0.0 1.0 0
cell 28.50718448886621 54.476770026988525 0.0 1.6431676725154984 0.6085806194501846 1 0 0 0.9962545612185577 -0.08646877616353213 3.3147464389116217
cell 0.9903224290591414 11.572529222036462 0.0 1.0 1.0 1 0 0 0.0 1.0 0
cell 47.22193383681768 19.013738532654514 0.0 1.6431676725154984 0.6085806194501846 1 0 0 0.9702220708514352 0.24221712002406554 2.6522919153075577
cell 45.02630735881263 10.96463307321258 0.0 1.0 1.0 1 0 0 0.0 1.0 0
cell 50.44115263830123 9.304634201569442 0.0 1.6431676725154984 0.6085806194501846 1 0 0 0.9151680610001146 0.4030724750281152 2.311849346721282
cell 31.714607165628248 55.04804070001282 0.0 1.6431676725154984 0.6085806194501846 1 0 0 0.999719783579617 -0.023671804314917815 3.1889406848675317
cell 20.816388192944785 31.0083951718675 0.0 1.6431676725154984 0.6085806194501846 1 0 0 0.8908484768726572 -0.454300551676604 4.084766470237975
cell 26.189615084156664 56.58236327514722 0.0 1.6431676725154984 0.6085806194501846 1 0 0 0.9537214589968837 -0.300691500792516 3.752427906627221
cell 45.245685827563 12.916583533614611 0.0 1.6431676725154984 0.6085806194501846 1 0 0 0.9134699846210623 0.4069061159486254 2.3034635749972137
cell 3.370745829976157 24.924226228224278 0.0 1.6431676725154984 0.6085806194501846 1 0 0 0.9351576497446698 -0.354231802812827 3.8657776067299223
cell 57.25504757573598 26.530355097947528 0.0 1.0 1.0 1 0 0 0.0 1.0 0
cell 14.55819689214187 60.10059537454258 0.0 1.6431676725154984 0.6085806194501846 1 0 0 0.9593567112056475 0.2821962095150889 2.569427467184279
cell 14.14812359052741 11.989938155095663 0.0 1.0 1.0 1 0 0 0.0 1.0 0
cell 3.1391207884122894 20.6103196628936 0.0 1.6431676725154984 0.6085806194501846 1 0 0 0.9996681202287658 0.0257613935625737 3.090064165917612
cell 43.33846732274269 21.39338085161849 0.0 1.6431676725154984 0.6085806194501846 1 0 0 0.9954350821453231 0.09544106681263555 2.9504195348125037
cell 22.48835970491783 21.373618214439894 0.0 1.0 1.0 1 0 0 0.0 1.0 0
cell 50.87017426471763 1.8217571412258078 0.0 1.6431676725154984 0.6085806194501846 1 0 0 0.5355483775436565 -0.844504550201097 5.152871383623264
cell 1.0039747035748992 60.27187948484433 0.0 1.0 1.0 1 0 0 0.0 1.0 0
cell 18.316856847367895 41.644697879673025 0.0 1.6431676725154984 0.6085806194501846 1 0 0 0.9876155914082709 -0.1568930961109862 3.456680649064849
cell 46.01620536165676 31.29634387403752 0.0 1.6431676725154984 0.6085806194501846 1 0 0 0.9851271906724917 0.17182670979135997 2.796225336205581
cell 55.59914840979864 35.12177757892467 0.0 1.6431676725154984 0.6085806194501846 1 0 0 0.9338928717292777 0.35755293892407436 2.410300064614895
cell 15.669471209454246 21.144540712044606 0.0 1.0 1.0 1 0 0 0.0 1.0 0
cell 54.38770291221879 31.440875175604777 0.0 1.6431676725154984 0.6085806194501846 1 0 0 0.6969438585299882 0.7171256919517887 1.5422539354087674
cell 42.345538815165575 42.42048018422689 0.0 1.6431676725154984 0.6085806194501846 1 0 0 0.25903410063217946 -0.9658681766730272 5.759141234560093
cell 6.6529487627094905 33.642536151474914 0.0 1.6431676725154984 0.6085806194501846 1 0 0 0.2686485132673257 0.9632382759832873 0.543979381050279
cell 18.412233639210847 34.77607591764618 0.0 1.6431676725154984 0.6085806194501846 1 0 0 0.9331376976904836 -0.3595191749391174 3.8770977826705364
cell 49.72559231264582 26.963209054372395 0.0 1.6431676725154984 0.6085806194501846 1 0 0 0.9700803458805708 -0.24278410684439813 3.632062254621062
cell 19.208060442061278 30.553049157019554 0.0 1.6431676725154984 0.6085806194501846 1 0 0 0.9024509029509296 -0.4307927201834449 4.032334655712196
cell 42.61060199029513 0.9084136159874766 0.0 1.6431676725154984 0.6085806194501846 1 0 0 0.079592831845253 0.9968274580482087 0.1593542186744081
cell 3.5478296764818262 1.812552007295755 0.0 1.6431676725154984 0.6085806194501846 1 0 0 0.8984098696592169 0.4391579511962739 2.2322702681869555
cell 43.81447172303009 31.191964612344343 0.0 1.6431676725154984 0.6085806194501846 1 0 0 0.9626090304917968 0.27089454482444464 2.5929482494481153
cell 31.406058659344463 42.79191693218218 0.0 1.0 1.0 1 0 0 0.0 1.0 0
cell 47.942002328633095 31.977900633685756 0.0 1.6431676725154984 0.6085806194501846 1 0 0 0.9991310598734406 0.04167883391093249 3.058210833098688
cell 6.444189467715042 41.11383905760088 0.0 1.6431676725154984 0.6085806194501846 1 0 0 0.0034579924841588072 -0.9999940211261162 6.276269308427969
cell 46.47086570537807 1.6941512390127202 0.0 1.6431676725154984 0.6085806194501846 1 0 0 -0.24136197538596735 0.9704351584922012 5.795647156478136
cell 9.90545100565318 56.241299279935 0.0 1.6431676725154984 0.6085806194501846 1 0 0 0.8180627056240976 0.5751290374055035 1.9160689042853236
cell 1.0825267584026446 25.24031434262547 0.0 1.6431676725154984 0.6085806194501846 1 0 0 0.9325480117712993 -0.36104598840230406 3.8803712453220354
cell 6.477774657756376 18.130776318772433 0.0 1.6431676725154984 0.6085806194501846 1 0 0 0.999506071476542 -0.03142631193012914 3.204455627729566
cell 57.75729486271874 8.13870264996696 0.0 1.6431676725154984 0.6085806194501846 1 0 0 0.9983579718201786 0.05728315723752822 3.0269635908600994
cell 36.24786476502026 48.93577569693684 0.0 1.6431676725154984 0.6085806194501846 1 0 0 0.9228993155820756 0.38504136569742264 2.3510873663946255
cell 48.242300548111274 14.811702640160343 0.0 1.0 1.0 1 0 0 0.0 1.0 0
cell 6.387801096731732 20.867449384976805 0.0 1.6431676725154984 0.6085806194501846 1 0 0 0.9923381337681967 -0.12355172305335385 3.3893291313868903
cell 61.05978735295354 53.636564012078225 0.0 1.6431676725154984 0.6085806194501846 1 0 0 0.9409626210022779 0.33851048119153343 2.4509257086533767
cell 49.13197314295979 0.38111096308766906 0.0 1.6431676725154984 0.6085806194501846 1 0 0 0.40032314421682885 -0.9163740394644274 5.459446402275002
cell 15.230218654911155 57.34550993209275 0.0 1.6431676725154984 0.6085806194501846 1 0 0 0.7290336374890195 0.6844778706499787 1.6338181254664332
cell 30.934123116512776 10.46429535584298 0.0 1.0 1.0 1 0 0 0.0 1.0 0
cell 4.622352644520287 8.564811008578543 0.0 1.6431676725154984 0.6085806194501846 1 0 0 0.9767015616601691 0.21460209563419191 2.709023822514735
cell 3.957039518363889 2.7791296198742916 0.0 1.6431676725154984 0.6085806194501846 1 0 0 0.891498143016339 0.45302434923348117 2.2012829313007742
cell 50.60413537787698 29.50986034403677 0.0 1.6431676725154984 0.6085806194501846 1 0 0 0.9901524562320289 -0.1399932620438574 3.4225018730662247
cell 28.057494860782747 33.57147420450637 0.0 1.6431676725154984 0.6085806194501846 1 0 0 0.992161589959717 0.12496151170903091 2.891014576166025
cell 5.781270077622924 26.57314687045859 0.0 1.6431676725154984 0.6085806194501846 1 0 0 0.9309271482939605 -0.3652049350286417 3.889298522294009
cell 18.730430558820377 36.476802740723215 0.0 1.6431676725154984 0.6085806194501846 1 0 0 0.994591948254888 -0.10385979234788692 3.3496875029456303
cell 19.36374638862424 32.39064430132321 0.0 1.6431676725154984 0.6085806194501846 1 0 0 0.8899067413356677 -0.4561425125170127 4.0889039511554115
cell 5.611301785685476 2.985689565234265 0.0 1.6431676725154984 0.6085806194501846 1 0 0 0.8834031462449121 0.46861378682726607 2.1661507539342235
cell 30.77773359286642 54.018896658899685 0.0 1.6431676725154984 0.6085806194501846 1 0 0 0.999172198152227 -0.04068068878038905 3.222976488953219
cell 61.05889096874998 59.13802040616012 0.0 1.0 1.0 1 0 0 0.0 1.0 0
cell 54.10826693158846 55.66974562689516 0.0 1.0 1.0 1 0 0 0.0 1.0 0
cell 44.185507611214284 32.69584429272011 0.0 1.6431676725154984 0.6085806194501846 1 0 0 0.9999236157232295 -0.01235972163858492 3.1663127262784596
cell 42.47466420981938 12.122126007371037 0.0 1.6431676725154984 0.6085806194501846 1 0 0 0.20116809957845966 0.97955673429975 0.4051005056198876
cell 24.912086899824445 25.618169149555715 0.0 1.0 1.0 1 0 0 0.0 1.0 0
cell 22.91778163208362 33.60146614169241 0.0 1.6431676725154984 0.6085806194501846 1 0 0 0.909480387074182 -0.4157468286438226 3.99912027099998
cell 24.390087741331453 20.670676243001793 0.0 1.0 1.0 1 0 0 0.0 1.0 0
cell 0.37670255712249795 5.012891725286431 0.0 1.6431676725154984 0.6085806194501846 1 0 0 0.9480782951664617 0.31803702022603514 2.494276086560859
cell 51.2535951068739 26.5052822324213 0.0 1.6431676725154984 0.6085806194501846 1 0 0 0.9734807867427937 -0.22876878686269975 3.6032181358160424
cell 2.139834376389677 4.364189439752439 0.0 1.6431676725154984 0.6085806194501846 1 0 0 0.8984823041693984 0.4390097369016416 2.232600202940871
cell 36.16550640020093 17.358895406824633 0.0 1.0 1.0 1 0 0 0.0 1.0 0
cell 4.184817001435279 17.45031432095012 0.0 1.6431676725154984 0.6085806194501846 1 0 0 0.9999531872582058 0.009675912988223102 3.122240525637015
cell 11.44553572759934 23.213963995347477 0.0 1.6431676725154984 0.6085806194501846 1 0 0 0.9689804199220164 -0.24713750384705394 3.641042663621173
cell 18.663500781027103 22.97801085850853 0.0 1.0 1.0 1 0 0 0.0 1.0 0
cell 20.299664829069595 17.119048361070618 0.0 1.0 1.0 1 0 0 0.0 1.0 0
cell 41.444074366886156 13.331390462184673 0.0 1.6431676725154984 0.6085806194501846 1 0 0 0.4157143180636146 0.9094952477923697 0.8574561253471124
cell 37.91650455862311 33.22780553085585 0.0 1.6431676725154984 0.6085806194501846 1 0 0 0.9150917284386887 0.40324574212642755 2.311470674581306
cell 28.683340011894625 57.17340683049411 0.0 1.6431676725154984 0.6085806194501846 1 0 0 0.9873313343567555 -0.1586721027695438 3.4602837963781803
cell 13.203555533937283 3.089075216453765 0.0 1.6431676725154984 0.6085806194501846 1 0 0 0.9972841720321742 0.07364971292612586 2.9941597360766683
cell 53.51878975025068 0.9485913776016347 0.0 1.0 1.0 1 0 0 0.0 1.0 0
cell 57.41963008827349 49.11139318748024 0.0 1.6431676725154984 0.6085806194501846 1 0 0 0.6788159798435205 -0.7343084266907749 4.790887304174595
cell 27.238245536206342 16.72914346850958 0.0 1.6431676725154984 0.6085806194501846 1 0 0 0.8094924048282677 -0.587130348836907 4.396611180292093
cell 43.73131035930645 17.39992033256596 0.0 1.6431676725154984 0.6085806194501846 1 0 0 0.9730994698765658 -0.23038537654535862 3.60654004212946
cell 10.147961589470627 45.70084418343981 0.0 1.6431676725154984 0.6085806194501846 1 0 0 0.9995763281714667 0.02910608457433589 3.0833722620956254
cell 22.099439501374754 47.73952931722107 0.0 1.6431676725154984 0.6085806194501846 1 0 0 0.16865931947843318 0.9856744056497926 0.3389386893746494
cell 3.8103167379338116 58.99917334391589 0.0 1.0 1.0 1 0 0 0.0 1.0 0
cell 11.526772814561946 10.581772239197553 0.0 1.0 1.0 1 0 0 0.0 1.0 0
cell 0.4712755166722836 32.18633201624437 0.0 1.6431676725154984 0.6085806194501846 1 0 0 0.6711402188572146 0.7413304301270048 1.471491579471788
cell 25.682160379457287 12.673217779751694 0.0 1.6431676725154984 0.6085806194501846 1 0 0 0.9331135450292399 -0.35958185727726105 3.8772321318657257
cell 60.48146888757591 9.55856474948654 0.0 1.6431676725154984 0.6085806194501846 1 0 0 0.9864676509759384 0.16395601110668162 2.812193438187832
cell 10.372901689009348 23.86581479068621 0.0 1.6431676725154984 0.6085806194501846 1 0 0 0.9696579151510334 -0.2444658004403711 3.635530131104023
cell 57.206167043487035 6.065894445706706 0.0 1.6431676725154984 0.6085806194501846 1 0 0 0.9843516379455823 0.17621535935851082 2.787312029315414
cell 54.75655288935767 2.4181242534997964 0.0 1.0 1.0 1 0 0 0.0 1.0 0
cell 40.74218087568278 55.12600012210384 0.0 1.6431676725154984 0.6085806194501846 1 0 0 0.9846734115890815 0.17440834988474396 2.7909828997635127
cell 34.406560628640214 30.15472624481932 0.0 1.0 1.0 1 0 0 0.0 1.0 0
cell 21.01257727768883 4.051733849793009 0.0 1.6431676725154984 0.6085806194501846 1 0 0 0.026136197987386235 -0.9996583912291059 6.230906958155047
cell 51.839830360097544 22.6919611376644 0.0 1.6431676725154984 0.6085806194501846 1 0 0 0.9669873868104287 0.2548242408985814 2.6262607747960285
cell 13.335839934638917 32.06778761135612 0.0 1.6431676725154984 0.6085806194501846 1 0 0 0.9647938243348665 -0.2630073697167113 3.673868645567833
cell 11.954558838877187 17.46972680661338 0.0 1.0 1.0 1 0 0 0.0 1.0 0
cell 26.816424368083624 28.69026962774574 0.0 1.0 1.0 1 0 0 0.0 1.0 0
cell 34.33159042084711 16.903415398598288 0.0 1.0 1.0 1 0 0 0.0 1.0 0
cell 6.891519709265348 26.16314754722433 0.0 1.6431676725154984 0.6085806194501846 1 0 0 0.9506280165971187 -0.3103326828753752 3.772678600811904
cell 45.108178241555066 37.63968631046911 0.0 1.6431676725154984 0.6085806194501846 1 0 0 0.9077727168063017 -0.4194623876131279 4.007298666808205
cell 0.8905197145727043 9.739438769404511 0.0 1.6431676725154984 0.6085806194501846 1 0 0 0.9847535893241717 0.17395507556021647 2.7919035214800094
cell 15.559827198285074 43.93004111101856 0.0 1.6431676725154984 0.6085806194501846 1 0 0 0.970736374100083 -0.2401476462491853 3.6266285442735344
cell 28.591899256796264 28.34647979785136 0.0 1.0 1.0 1 0 0 0.0 1.0 0
cell 56.70537075027866 4.803158664846809 0.0 1.0 1.0 1 0 0 0.0 1.0 0
cell 10.44671654231923 12.119456687776749 0.0 1.0 1.0 1 0 0 0.0 1.0 0
cell 33.7297200259321 35.88753243600506 0.0 1.6431676725154984 0.6085806194501846 1 0 0 0.9983774402624834 -0.056942837784320445 3.25553996460045
cell 53.377411348811826 7.830177015588288 0.0 1.6431676725154984 0.6085806194501846 1 0 0 0.9004089114297097 0.4350445864712778 2.2414170651820764
cell 23.850921756640723 22.546883778790548 0.0 1.0 1.0 1 0 0 0.0 1.0 0
cell 9.13315815661859 13.644358564894766 0.0 1.0 1.0 1 0 0 0.0 1.0 0
cell 13.546429068310688 10.272404885472303 0.0 1.0 1.0 1 0 0 0.0 1.0 0
cell 26.531616820564693 18.624888715543822 0.0 1.6431676725154984 0.6085806194501846 1 0 0 0.7360416077725602 -0.6769362980573465 4.628777096644731
cell 45.93986076770408 47.24558972012576 0.0 1.6431676725154984 0.6085806194501846 1 0 0 0.9845753809171001 -0.17496090789644234 3.493324780575422
cell 56.90363929997639 17.794806771912707 0.0 1.6431676725154984 0.6085806194501846 1 0 0 0.9807777310423441 0.19512827137919134 2.7488161859231712
cell 55.060343053887586 10.652138679084768 0.0 1.6431676725154984 0.6085806194501846 1 0 0 0.9999172859841088 0.012861616934664555 3.1158687104730065
cell 16.890849085444422 37.073922334083726 0.0 1.6431676725154984 0.6085806194501846 1 0 0 0.9177654291131858 -0.39712292445122055 3.9583523367439963
cell 26.664872191214467 30.620583403217314 0.0 1.0 1.0 1 0 0 0.0 1.0 0
cell 34.18556931518065 60.49157554411993 0.0 1.6431676725154984 0.6085806194501846 1 0 0 -0.9998136455805543 0.0193047691237616 3.180204590368803
cell 47.974818042107664 36.026669552679344 0.0 1.6431676725154984 0.6085806194501846 1 0 0 0.999852277044689 0.017187905298503937 3.1072151501939813
cell 19.68928526568084 56.93967198848074 0.0 1.6431676725154984 0.6085806194501846 1 0 0 0.9844948451731012 -0.17541351096079105 3.4942442054905536
cell 7.491177241977291 23.038701555120415 0.0 1.6431676725154984 0.6085806194501846 1 0 0 0.9792367212914168 -0.20272011166738255 3.549862481140413
cell 18.01267694873271 47.059777811554376 0.0 1.6431676725154984 0.6085806194501846 1 0 0 0.07758408067567087 -0.9969858125498632 6.127861055643125
cell 42.38429045302162 59.87289921374477 0.0 1.0 1.0 1 0 0 0.0 1.0 0
cell 1.4320208338792908 23.246822360092096 0.0 1.6431676725154984 0.6085806194501846 1 0 0 0.9797882701341687 -0.20003736077916345 3.544384757838389
cell 21.76099561066621 2.615964729820037 0.0 1.6431676725154984 0.6085806194501846 1 0 0 0.9523007411393647 -0.30516110241217936 3.761807846538999
cell 26.329193511693838 23.18246133541761 0.0 1.6431676725154984 0.6085806194501846 1 0 0 0.5008975053224757 0.8655066083870881 1.0492708717838937
cell 37.74727678239601 12.040043946478495 0.0 1.6431676725154984 0.6085806194501846 1 0 0 0.6580354776522933 0.7529869256175158 1.4364136083376542
cell 10.796905461254207 41.876480855954746 0.0 1.6431676725154984 0.6085806194501846 1 0 0 0.9840915290410397 0.17766221452427217 2.784371929383718
cell 52.054793932920255 6.857790048634035 0.0 1.0 1.0 1 0 0 0.0 1.0 0
cell 50.287924461537706 46.40218689629543 0.0 1.6431676725154984 0.6085806194501846 1 0 0 0.9756137215773558 0.21949457002391115 2.6989999002717617
cell 1.198095834849588 1.9169607540277545 0.0 1.0 1.0 1 0 0 0.0 1.0 0
cell 32.730014382021864 23.675453730945804 0.0 1.6431676725154984 0.6085806194501846 1 0 0 0.9742211688601824 -0.22559502242890914 3.596700174244713
cell 34.805059714292426 18.575766379951705 0.0 1.0 1.0 1 0 0 0.0 1.0 0
cell 42.7399513252713 55.57249040715826 0.0 1.6431676725154984 0.6085806194501846 1 0 0 0.9877243394769984 0.15620700754040157 2.8278939654076614
cell 42.61281109405395 50.97703210599487 0.0 1.6431676725154984 0.6085806194501846 1 0 0 0.9864345689138267 0.16415493063503386 2.811790134819479
cell 27.27653757238313 7.442967375956272 0.0 1.0 1.0 1 0 0 0.0 1.0 0
cell 50.31096149311845 41.622708169257486 0.0 1.6431676725154984 0.6085806194501846 1 0 0 0.3317186847379304 -0.9433783515619476 5.606935640520194
cell 32.29411117036773 20.345300170647185 0.0 1.6431676725154984 0.6085806194501846 1 0 0 0.990807259203855 -0.13528109664304452 3.412986976874379
cell 56.46146131619134 59.46042268047778 0.0 1.6431676725154984 0.6085806194501846 1 0 0 0.021542500491656458 -0.9997679334088321 6.240096973023761
cell 16.395448536832397 56.323473332570714 0.0 1.6431676725154984 0.6085806194501846 1 0 0 0.7959833671545864 0.6053184940287608 1.8412607874593596
cell 38.27076431626106 22.870070633710846 0.0 1.6431676725154984 0.6085806194501846 1 0 0 0.9987960554881451 0.04905547412187815 3.0434423129956722
cell 20.98565670861675 60.01108361396093 0.0 1.6431676725154984 0.6085806194501846 1 0 0 0.931269521879645 -0.3643310000783045 3.887421309429923
cell 23.952307706193665 38.81051937224624 0.0 1.6431676725154984 0.6085806194501846 1 0 0 0.9761084604919779 0.21728385433800868 2.7035306982731515
cell 23.917288261861554 59.63737804391234 0.0 1.6431676725154984 0.6085806194501846 1 0 0 0.9689507807938474 -0.24725368429811784 3.6412824666665684
cell 44.36991280749334 5.093725797924944 0.0 1.6431676725154984 0.6085806194501846 1 0 0 0.41543267918469046 -0.9096239272718314 5.426348468090427
cell 37.773839175111185 24.90975996794216 0.0 1.6431676725154984 0.6085806194501846 1 0 0 0.9891976797383121 -0.14658768843371434 3.4358282712038752
cell 47.21855839504153 46.46623289967962 0.0 1.6431676725154984 0.6085806194501846 1 0 0 0.9782687824801918 -0.2073407563040206 3.559304367349004
cell 30.57650165197245 49.50723902369435 0.0 1.0 1.0 1 0 0 0.0 1.0 0
cell 44.702395910584336 23.574647000493794 0.0 1.6431676725154984 0.6085806194501846 1 0 0 0.9973862753800765 0.07225384199790444 2.9969589367209055
cell 53.826943782999045 52.97418220218447 0.0 1.6431676725154984 0.6085806194501846 1 0 0 0.6479450710093958 -0.7616870649778877 4.8734183764547385
cell 11.093196605857559 2.6304490925010566 0.0 1.6431676725154984 0.6085806194501846 1 0 0 0.9926941615668313 0.12065778711349667 2.8996876857311373
cell 55.785843157385465 21.99607140723328 0.0 1.6431676725154984 0.6085806194501846 1 0 0 0.9756220692576645 0.2194574627972195 2.6990759694518403
cell 15.657746446363339 16.014704559710808 0.0 1.0 1.0 1 0 0 0.0 1.0 0
cell 26.127021611983388 52.28326176032764 0.0 1.6431676725154984 0.6085806194501846 1 0 0 0.9988155243465957 -0.04865745908116351 3.238946012349276
cell 19.78741749721661 34.33168986839839 0.0 1.6431676725154984 0.6085806194501846 1 0 0 0.9554351256749858 -0.2952011528202831 3.7409247478377505
cell 38.18553833681662 38.55099592574663 0.0 1.6431676725154984 0.6085806194501846 1 0 0 0.9975385426701754 -0.07012029583125454 3.281948424074147
cell 1.0110878949176412 17.612980102433202 0.0 1.6431676725154984 0.6085806194501846 1 0 0 0.9989284662325102 0.04628087456352394 3.048997829272582
cell 45.82216050255852 55.82034520673722 0.0 1.6431676725154984 0.6085806194501846 1 0 0 0.9924791422420326 -0.12241385630115283 3.3870359900659266
cell 1.8780768661886569 7.3419472419516785 0.0 1.6431676725154984 0.6085806194501846 1 0 0 0.9820271448490977 0.18873973291156626 2.7618353423085247
cell 55.41014023496669 60.53854625983304 0.0 1.6431676725154984 0.6085806194501846 1 0 0 0.1344911847207362 -0.990914790096713 6.013385378791607
cell 35.433745601799224 22.50761136965606 0.0 1.6431676725154984 0.6085806194501846 1 0 0 0.9928051989115764 -0.11974070742293637 3.381650066836047
cell 36.781394730753945 41.69822012293296 0.0 1.6431676725154984 0.6085806194501846 1 0 0 0.1893719078975185 -0.9819054335827121 5.902140426312558
cell 10.674738677423694 8.831695436502986 0.0 1.0 1.0 1 0 0 0.0 1.0 0
cell 1.1552863499430428 45.50930562036159 0.0 1.6431676725154984 0.6085806194501846 1 0 0 0.9980753900857852 -0.062012222223588244 3.2656967255662446
cell 55.123339377093565 33.48846370228513 0.0 1.6431676725154984 0.6085806194501846 1 0 0 0.8550878989056763 0.5184830615797164 2.0514406935895315
cell 0.09332382136373223 15.279624456175187 0.0 1.0 1.0 1 0 0 0.0 1.0 0
cell 40.69547633688893 47.006823930422556 0.0 1.6431676725154984 0.6085806194501846 1 0 0 0.9738899399525975 0.22702067055474473 2.6835578915370166
cell 7.1533158590185275 13.592447433681214 0.0 1.0 1.0 1 0 0 0.0 1.0 0
cell 30.201349781632107 48.133718992684294 0.0 1.6431676725154984 0.6085806194501846 1 0 0 0.999346403732301 -0.03614920949781343 3.2139068280301823
cell 10.615454468744076 29.04208952136858 0.0 1.6431676725154984 0.6085806194501846 1 0 0 0.9569743961118065 -0.2901723715077701 3.7304065619268547
cell 24.619982213153797 17.442587675077053 0.0 1.6431676725154984 0.6085806194501846 1 0 0 0.9030343428808583 -0.4295683596096626 4.029622120920946
cell 29.4586933826288 12.050204856847206 0.0 1.6431676725154984 0.6085806194501846 1 0 0 0.907358272822355 -0.42035813866372657 4.009272631184333
cell 11.385158234953819 35.74545546928541 0.0 1.6431676725154984 0.6085806194501846 1 0 0 -0.14912325530398335 0.9888186156861849 5.983822197972394
cell 31.781328704413532 40.924195903296805 0.0 1.6431676725154984 0.6085806194501846 1 0 0 0.9830868215960397 0.18314011358573656 2.773233366577288
cell 58.22252978346138 21.85396392036162 0.0 1.6431676725154984 0.6085806194501846 1 0 0 0.9957514384709255 0.09208188086199486 2.9571676374719984
cell 2.6830107307427733 57.76668512658119 0.0 1.0 1.0 1 0 0 0.0 1.0 0
cell 25.543155733703063 53.22846402992209 0.0 1.6431676725154984 0.6085806194501846 1 0 0 0.9887995172948839 -0.1492498395222072 3.441211796489112
cell 20.536559910802566 22.30400639007882 0.0 1.0 1.0 1 0 0 0.0 1.0 0
cell 44.09939056848187 0.14239030840827854 0.0 1.6431676725154984 0.6085806194501846 1 0 0 0.06395386033062223 0.9979528564761019 0.12799507401604174
cell 30.69291293008284 44.92699646821232 0.0 1.0 1.0 1 0 0 0.0 1.0 0
cell 55.1168142113562 4.0309643049147 0.0 1.0 1.0 1 0 0 0.0 1.0 0
cell 48.53065498923482 2.440293414530103 0.0 1.6431676725154984 0.6085806194501846 1 0 0 0.49218259889850297 -0.8704919812046032 5.253994712574956
cell 18.486465804877582 24.964394883463754 0.0 1.6431676725154984 0.6085806194501846 1 0 0 0.9057743431042591 -0.4237603560670205 4.016778344512432
cell 42.996363052751434 25.907140110428713 0.0 1.6431676725154984 0.6085806194501846 1 0 0 0.9672510837767931 -0.2538214745300703 3.6548508143928924
cell 54.55426871863281 21.581758633528942 0.0 1.6431676725154984 0.6085806194501846 1 0 0 -0.9754540173101731 -0.22020322457549188 2.697547045496311
cell 3.0027292346916292 11.477611149126004 0.0 1.0 1.0 1 0 0 0.0 1.0 0
cell 3.654532024812711 52.86376239382745 0.0 1.6431676725154984 0.6085806194501846 1 0 0 0.9730809617056863 0.23046353717223186 2.676484620896968
cell 9.005044413339688 19.26750241654831 0.0 1.6431676725154984 0.6085806194501846 1 0 0 0.9907736521944227 -0.13552700881125154 3.4134833727884293
cell 57.0587374005857 9.032719984383009 0.0 1.6431676725154984 0.6085806194501846 1 0 0 0.9986530298119355 0.05188570176302394 3.0377746326168795
cell 51.111888950177075 24.79775195992949 0.0 1.6431676725154984 0.6085806194501846 1 0 0 0.986450755857248 0.1640576309370102 2.8119874087242986
cell 28.95900453063404 49.96428931135787 0.0 1.0 1.0 1 0 0 0.0 1.0 0
cell 55.697314249319184 27.211253917059892 0.0 1.0 1.0 1 0 0 0.0 1.0 0
cell 35.13627009357485 0.4870851024366691 0.0 1.6431676725154984 0.6085806194501846 1 0 0 0.19885043538417144 -0.980029848702337 5.882815724160828
cell 44.51639777898109 60.040321174530135 0.0 1.0 1.0 1 0 0 0.0 1.0 0
cell 25.458781879545068 5.66813471437243 0.0 1.6431676725154984 0.6085806194501846 1 0 0 0.29243974260390604 -0.9562839520486377 5.689631066650864
cell 15.722329277714628 12.616877528382593 0.0 1.0 1.0 1 0 0 0.0 1.0 0
cell 10.868597377270119 20.79717394914972 0.0 1.6431676725154984 0.6085806194501846 1 0 0 0.9805664388568843 -0.1961873058776435 3.5365289347389948
cell 56.56734410440085 13.48399106241428 0.0 1.0 1.0 1 0 0 0.0 1.0 0
cell 44.16809246182641 3.7370024638170722 0.0 1.6431676725154984 0.6085806194501846 1 0 0 0.3485379695906317 -0.937294662181344 5.571163687943893
cell 9.610997315116334 18.240408380735712 0.0 1.6431676725154984 0.6085806194501846 1 0 0 0.9916092034954523 -0.1292717584900687 3.4008617350601664
cell 31.591663659074907 36.50780500888756 0.0 1.0 1.0 1 0 0 0.0 1.0 0
cell 43.93733502896309 22.422529539397758 0.0 1.6431676725154984 0.6085806194501846 1 0 0 0.9999170652481669 0.012878766458517736 3.115834408584268
cell 16.684776402528918 32.06558893523824 0.0 1.6431676725154984 0.6085806194501846 1 0 0 0.8143360545895996 -0.5803936510640383 4.3800166709765955
cell 35.22119445434574 34.77717281093645 0.0 1.6431676725154984 0.6085806194501846 1 0 0 -0.9973423029678208 0.07285829198412233 3.2874384651251494
cell 2.1350565149667178 21.623049396350662 0.0 1.6431676725154984 0.6085806194501846 1 0 0 0.9995609267737642 0.02963028294116625 3.0823234129412818
cell 40.5015206551186 50.83046367815467 0.0 1.6431676725154984 0.6085806194501846 1 0 0 0.9665061226409103 0.256643556119443 2.622496987278689
cell 53.56676990544622 24.991797616943177 0.0 1.6431676725154984 0.6085806194501846 1 0 0 0.9958643603563082 0.09085249458391957 2.959636760528067
cell 9.190132693801921 31.093563232486613 0.0 1.6431676725154984 0.6085806194501846 1 0 0 0.953629393327524 -0.30098335532347703 3.753039969223523
cell 45.00610530955489 26.003626564654567 0.0 1.6431676725154984 0.6085806194501846 1 0 0 0.9815549822629573 -0.19118006380050567 3.526321144021349
cell 2.236744204744341 56.10244164175265 0.0 1.0 1.0 1 0 0 0.0 1.0 0
cell 33.831260526797315 37.68739802798274 0.0 1.6431676725154984 0.6085806194501846 1 0 0 0.9379317959753473 0.3468197602479701 2.4332361039340418
cell 34.71921013656189 21.39657888083553 0.0 1.6431676725154984 0.6085806194501846 1 0 0 0.9997214093580709 -0.02360304368323005 3.188803125169545
cell 14.200526674372394 19.952296130765127 0.0 1.0 1.0 1 0 0 0.0 1.0 0
cell 58.94056772526279 20.790913138625587 0.0 1.6431676725154984 0.6085806194501846 1 0 0 0.9910587941504082 0.13342588405979858 2.873942704529119
cell 22.30832704271517 13.167769363968514 0.0 1.0 1.0 1 0 0 0.0 1.0 0
cell 16.0356428982122 53.92352437999386 0.0 1.6431676725154984 0.6085806194501846 1 0 0 0.9956981225874787 0.09265661701017484 2.956013229861659
cell 37.48408480028471 60.37306405381068 0.0 1.6431676725154984 0.6085806194501846 1 0 0 0.999894706176228 0.01451125634653062 3.1125691222233822
cell 55.17249422895278 5.485789920549498 0.0 1.0 1.0 1 0 0 0.0 1.0 0
cell 6.024263578952136 7.017106534060538 0.0 1.6431676725154984 0.6085806194501846 1 0 0 0.9729518657135158 0.23100793710301126 2.6753656265842154
cell 49.34946423732671 21.960421355622127 0.0 1.6431676725154984 0.6085806194501846 1 0 0 0.962864139894762 0.2699863850358387 2.594834870846389
cell 58.73917552847432 24.26108808304202 0.0 1.6431676725154984 0.6085806194501846 1 0 0 0.9981321257885827 -0.06109222101679476 3.2638532275644794
cell 42.886784437665916 9.114098564169284 0.0 1.6431676725154984 0.6085806194501846 1 0 0 0.8984147322291248 -0.4391480034267149 4.050892893771448
cell 31.769848520837783 14.130808329702424 0.0 1.6431676725154984 0.6085806194501846 1 0 0 0.9515755811684137 -0.3074148879348491 3.766542995442275
cell 45.506346614551 16.615452084704355 0.0 1.0 1.0 1 0 0 0.0 1.0 0
cell 33.73229698597313 41.26051389389615 0.0 1.6431676725154984 0.6085806194501846 1 0 0 0.9949205248829646 0.10066354437732762 2.9399239920842617
cell 41.34651651926994 18.672729111877313 0.0 1.6431676725154984 0.6085806194501846 1 0 0 0.9448834559176514 0.3274068642119706 2.4744769174362506
cell 30.234843890354213 19.244855645891068 0.0 1.6431676725154984 0.6085806194501846 1 0 0 0.9121354303956546 -0.4098889564466624 3.9862572908944034
cell 46.34812647065212 37.15140931724704 0.0 1.6431676725154984 0.6085806194501846 1 0 0 0.9124820090892283 -0.40911683305442886 3.98456461092887
cell 9.845507441644338 24.81597532048283 0.0 1.6431676725154984 0.6085806194501846 1 0 0 0.956553731510175 -0.29155609877682226 3.733299076560713
cell 59.334679228700885 39.768544255842 0.0 1.6431676725154984 0.6085806194501846 1 0 0 0.49032413747941167 0.8715401540979457 1.0249232549238791
cell 59.67172288254088 49.57224565735643 0.0 1.6431676725154984 0.6085806194501846 1 0 0 0.977581759697102 -0.21055617565751283 3.565880363596868
cell 41.02665392026542 45.263692586609196 0.0 1.6431676725154984 0.6085806194501846 1 0 0 0.9102456035399693 0.4140687638981684 2.287753644857295
cell 57.24792407307746 60.36806472594254 0.0 1.6431676725154984 0.6085806194501846 1 0 0 0.31756676426407615 -0.9482359148623536 5.636860676929552
cell 8.420570942107302 22.289360295243302 0.0 1.6431676725154984 0.6085806194501846 1 0 0 0.9867372373335505 -0.16232567406098283 3.4676869173684044
cell 58.23430320452406 55.95445143258824 0.0 1.0 1.0 1 0 0 0.0 1.0 0
cell 53.7357298792476 11.425044946216365 0.0 1.6431676725154984 0.6085806194501846 1 0 0 0.9995893245251051 0.028656278464659412 3.0842722497509345
cell 0.6597063713356706 42.77446868477026 0.0 1.6431676725154984 0.6085806194501846 1 0 0 0.5963887997621355 -0.8026957079231702 5.005195889986163
cell 32.969858177012405 7.468770450011573 0.0 1.0 1.0 1 0 0 0.0 1.0 0
cell 9.11499086069834 0.8603083070840185 0.0 1.6431676725154984 0.6085806194501846 1 0 0 0.8613267154465942 0.5080514631983473 2.075750600673631
cell 31.941163313628923 59.32149757621545 0.0 1.6431676725154984 0.6085806194501846 1 0 0 0.993207896443483 -0.11635323133592645 3.374827407287872
cell 38.21134789810405 58.799719205347564 0.0 1.6431676725154984 0.6085806194501846 1 0 0 0.9688729576102908 0.24755846180546448 2.641273727557503
cell 58.59620770786762 60.36974579283552 0.0 1.6431676725154984 0.6085806194501846 1 0 0 0.29992067751035706 -0.9539641435618681 5.673966302100785
cell 2.1185409704870777 19.10989415424912 0.0 1.6431676725154984 0.6085806194501846 1 0 0 0.9743161130909884 -0.22518461708400112 3.595857685178395
cell 48.81450151190369 4.361333810793569 0.0 1.0 1.0 1 0 0 0.0 1.0 0
cell 8.91131650962931 36.63888220087841 0.0 1.6431676725154984 0.6085806194501846 1 0 0 0.38467305454279654 0.9230528918262023 0.7897071925353808
cell 29.36865653018973 46.485106633630735 0.0 1.0 1.0 1 0 0 0.0 1.0 0
cell 30.546427677042757 23.52406611320603 0.0 1.6431676725154984 0.6085806194501846 1 0 0 0.9028418402114907 -0.42997280328356713 4.0305179601172965
cell 9.242574215709986 38.349369509252575 0.0 1.6431676725154984 0.6085806194501846 1 0 0 0.9651297475390112 -0.2617719817231871 3.6713081548980635
cell 35.32199537229818 38.825528900822235 0.0 1.6431676725154984 0.6085806194501846 1 0 0 0.9991330611714119 -0.04163083081375789 3.2248783844866153
cell 15.765001148285725 23.088022985442652 0.0 1.6431676725154984 0.6085806194501846 1 0 0 0.9990823448168795 -0.04283069314412021 3.2272802520381494
cell 48.013733670958445 20.016474732066012 0.0 1.6431676725154984 0.6085806194501846 1 0 0 0.9857305006409127 0.16833116201765944 2.8033197989337157
cell 33.382967161311036 52.244666883221036 0.0 1.6431676725154984 0.6085806194501846 1 0 0 0.9655748044565741 0.26012554084258777 2.6152882189406745
cell 48.659796038925364 20.989133247751855 0.0 1.6431676725154984 0.6085806194501846 1 0 0 -0.9674883779657396 -0.25291547699028244 2.6302076079869146
cell 59.50124691324033 23.27115441896353 0.0 1.6431676725154984 0.6085806194501846 1 0 0 0.9982685068903996 0.05882166395820638 3.023881379074198
cell 41.165269506568706 15.737796503415407 0.0 1.6431676725154984 0.6085806194501846 1 0 0 0.35103474975916904 -0.9363624322138931 5.565833409104448
cell 4.431504541917872 28.387506850359742 0.0 1.6431676725154984 0.6085806194501846 1 0 0 0.8718475509588083 -0.48977734521630156 4.165261357403566
cell 57.66867954877043 3.3770575251160557 0.0 1.0 1.0 1 0 0 0.0 1.0 0
cell 2.8061208339872747 25.74985208461974 0.0 1.6431676725154984 0.6085806194501846 1 0 0 0.9097658595555119 -0.4151217662171191 3.9977459382986966
cell 36.71441705442889 28.946623259893293 0.0 1.6431676725154984 0.6085806194501846 1 0 0 0.940841357452177 -0.33884736992862274 3.832975695924977
cell 28.207583508545007 31.85232169182333 0.0 1.0 1.0 1 0 0 0.0 1.0 0
cell 13.073879648658746 37.56055319511953 0.0 1.6431676725154984 0.6085806194501846 1 0 0 -0.3776472754532641 0.9259495317471285 5.50867711100457
cell 36.769674500176244 58.15959817591283 0.0 1.6431676725154984 0.6085806194501846 1 0 0 0.9891424772940669 0.14695972105497632 2.846604824349103
cell 58.87676417930064 51.03726202468955 0.0 1.0 1.0 1 0 0 0.0 1.0 0
cell 46.368851768367 42.202349627334875 0.0 1.6431676725154984 0.6085806194501846 1 0 0 0.9933084058356894 0.11549203823710762 2.910091976866326
cell 57.70334056281634 23.039097761100212 0.0 1.6431676725154984 0.6085806194501846 1 0 0 0.9827991817494683 0.1846774711560008 2.77010529657881
cell 23.287786145362944 0.8134059931466476 0.0 1.6431676725154984 0.6085806194501846 1 0 0 -0.9886404267999831 0.15030005487938902 3.4433361902267317
cell 17.89153568580767 19.347373039307673 0.0 1.0 1.0 1 0 0 0.0 1.0 0
cell 16.73983131696678 17.566259837453007 0.0 1.0 1.0 1 0 0 0.0 1.0 0
cell 34.65786270466529 43.65319995270674 0.0 1.0 1.0 1 0 0 0.0 1.0 0
cell 17.638768221017013 48.32622695086084 0.0 1.6431676725154984 0.6085806194501846 1 0 0 0.9981168083085247 0.06134196746114287 3.0188316481533204
cell 30.630345350718844 2.811745869255898 0.0 1.6431676725154984 0.6085806194501846 1 0 0 0.010143789731575275 -0.9999485504414123 6.262897379780273
cell 12.773630304832452 58.425773215869505 0.0 1.6431676725154984 0.6085806194501846 1 0 0 0.8859636973521063 0.46375459779304107 2.1771358740311997
cell 61.13599975434084 21.176128285807327 0.0 1.6431676725154984 0.6085806194501846 1 0 0 0.9986056879864289 0.05278901326176716 3.0359655301123283
cell 6.624431661714305 16.96954548606765 0.0 1.6431676725154984 0.6085806194501846 1 0 0 0.9842488391328196 -0.17678863839539288 3.497038123707403
cell 56.83774457209041 58.622509623206845 0.0 1.6431676725154984 0.6085806194501846 1 0 0 -0.13592886673729063 -0.9907185993951643 0.2727019419933905
cell 50.56333127429672 7.688371440648295 0.0 1.0 1.0 1 0 0 0.0 1.0 0
cell 37.63808270399422 44.285561894523916 0.0 1.6431676725154984 0.6085806194501846 1 0 0 0.9527803639742737 0.303660300377001 2.5245286161912426
cell 21.95589644132032 55.60909983052683 0.0 1.6431676725154984 0.6085806194501846 1 0 0 0.9688205548144277 -0.24776346092405238 3.642334761340985
cell 4.296660784515533 24.464184261251944 0.0 1.6431676725154984 0.6085806194501846 1 0 0 -0.9477949533410754 0.3188804265256628 3.7906886776465716
cell 37.248289415547895 18.868298811727385 0.0 1.0 1.0 1 0 0 0.0 1.0 0
cell 47.15416609151449 60.51060777324237 0.0 1.6431676725154984 0.6085806194501846 1 0 0 -0.22338867663323847 0.9747294492073431 5.832606058986127
cell 30.512607204066448 28.48968967807555 0.0 1.6431676725154984 0.6085806194501846 1 0 0 0.42734702724389134 0.9040876718028008 0.8831126299976607
cell 21.16573795955743 38.26979445411314 0.0 1.6431676725154984 0.6085806194501846 1 0 0 0.9388276065368182 -0.3443874637735079 3.8447651714310993
cell 54.59761736805592 37.21108254085007 0.0 1.6431676725154984 0.6085806194501846 1 0 0 0.9640007748713862 0.2658994284449798 2.6033190161141637
cell 52.97361690525854 16.66644166559058 0.0 1.0 1.0 1 0 0 0.0 1.0 0
cell 1.4380129262646517 27.12273477607226 0.0 1.6431676725154984 0.6085806194501846 1 0 0 0.8576232944600385 -0.5142784117572019 4.221924764471579
cell 59.00264058975011 41.207533306114 0.0 1.6431676725154984 0.6085806194501846 1 0 0 -0.3692650617286678 -0.9293241168647907 0.7564361307481411
cell 7.373651932201676 60.08733960132407 0.0 1.6431676725154984 0.6085806194501846 1 0 0 0.7512810739996487 0.6599823844997185 1.7000020268994627
cell 11.489297073612361 33.60791077282111 0.0 1.6431676725154984 0.6085806194501846 1 0 0 0.9052909373671508 -0.42479208881628827 4.019057075486474
cell 17.75215268767133 7.285209837586651 0.0 1.6431676725154984 0.6085806194501846 1 0 0 0.4508368360071195 -0.8926063787017711 5.347780033264601
cell 46.78660107453153 59.534253095545594 0.0 1.6431676725154984 0.6085806194501846 1 0 0 -0.952069471749432 -0.3058818741977978 2.5198635286407622
cell 3.2685622586360474 13.79450898045307 0.0 1.0 1.0 1 0 0 0.0 1.0 0
cell 53.20872584261853 2.542923119327126 0.0 1.0 1.0 1 0 0 0.0 1.0 0
cell 27.15988902612439 50.02532340467373 0.0 1.0 1.0 1 0 0 0.0 1.0 0
cell 32.49548065903106 16.154503671010794 0.0 1.0 1.0 1 0 0 0.0 1.0 0
cell 19.77356229982784 19.01589181522292 0.0 1.0 1.0 1 0 0 0.0 1.0 0
cell 13.033570504748848 14.11778529177441 0.0 1.0 1.0 1 0 0 0.0 1.0 0
cell 9.984838950011376 33.35705087891353 0.0 1.6431676725154984 0.6085806194501846 1 0 0 0.8664054654960378 -0.4993411352558429 4.1872689557159095
cell 50.47547241475762 4.23903259709323 0.0 1.0 1.0 1 0 0 0.0 1.0 0
cell 34.5649936468203 3.6848755532924433 0.0 1.6431676725154984 0.6085806194501846 1 0 0 0.9010942749080032 0.43362323245880163 2.2445729934720244
cell 15.980834035880484 26.724888810690388 0.0 1.6431676725154984 0.6085806194501846 1 0 0 0.9629569482281548 -0.2696551795518098 3.687662510579749
cell 20.325559390486074 5.629299795485109 0.0 1.6431676725154984 0.6085806194501846 1 0 0 0.26677020632972653 -0.9637601657128163 5.7431048526714275
cell 3.3661741779460432 18.368837748476352 0.0 1.6431676725154984 0.6085806194501846 1 0 0 0.9986533028856515 -0.05188044559927439 3.245400148057757
cell 48.38078611285136 50.204311287354194 0.0 1.6431676725154984 0.6085806194501846 1 0 0 0.9996859881982249 -0.02505843171746126 3.1917147634458924
cell 54.187009374930405 12.472393823956317 0.0 1.0 1.0 1 0 0 0.0 1.0 0
cell 44.841635671921566 14.95315977772817 0.0 1.0 1.0 1 0 0 0.0 1.0 0
cell 20.67896447924489 51.063592139387325 0.0 1.6431676725154984 0.6085806194501846 1 0 0 0.9212362808005377 -0.38900348962032827 3.9406919245120617
cell 35.70770023925773 50.6417246305647 0.0 1.6431676725154984 0.6085806194501846 1 0 0 0.9578162847184142 0.28738121846810666 2.5586094631284735
cell 10.258667098279023 6.517945872028285 0.0 1.6431676725154984 0.6085806194501846 1 0 0 0.9917427844199536 0.128242931777769 2.8843984970470955
cell 14.164073341376742 50.17923047196623 0.0 1.6431676725154984 0.6085806194501846 1 0 0 0.9466691090674283 0.3222073834310469 2.4854720497561
cell 33.75168818568626 2.51721904861655 0.0 1.6431676725154984 0.6085806194501846 1 0 0 0.19408484871002485 -0.9809847458045445 5.892536360215573
cell 36.450563026539825 27.515471837493163 0.0 1.6431676725154984 0.6085806194501846 1 0 0 0.9554322317659106 -0.29521051895691536 3.740944353880202
cell 20.876252983398068 40.08138003971997 0.0 1.6431676725154984 0.6085806194501846 1 0 0 0.9633836341772513 -0.26812678605359824 3.684488838817949
cell 25.752617593033538 8.25002111067413 0.0 1.6431676725154984 0.6085806194501846 1 0 0 0.8075364115343675 -0.5898177210343859 4.403258853348098
cell 57.72874064554028 52.648477042063504 0.0 1.0 1.0 1 0 0 0.0 1.0 0
cell 5.289908029868171 13.835904905216402 0.0 1.0 1.0 1 0 0 0.0 1.0 0
cell 52.10170234494929 5.2282040675998225 0.0 1.0 1.0 1 0 0 0.0 1.0 0
cell 12.993420379230102 27.908757048918634 0.0 1.6431676725154984 0.6085806194501846 1 0 0 0.9931362285108849 -0.11696337725619702 3.376056088448232
cell 16.085561535596653 19.313443598440244 0.0 1.0 1.0 1 0 0 0.0 1.0 0
cell 16.685229492111937 14.20943738790183 0.0 1.0 1.0 1 0 0 0.0 1.0 0
cell 25.284436468714198 27.382153771493105 0.0 1.0 1.0 1 0 0 0.0 1.0 0
cell 6.281934294448436 31.094600901759232 0.0 1.6431676725154984 0.6085806194501846 1 0 0 0.901450391803894 -0.43288242181521536 4.036968391943939
cell 46.05066177272657 21.39599015595211 0.0 1.6431676725154984 0.6085806194501846 1 0 0 0.9946281784786216 0.10351225326645758 2.9341966491193916
cell 27.143430669139214 26.930720539996003 0.0 1.0 1.0 1 0 0 0.0 1.0 0
cell 7.855727647649299 15.086130166388692 0.0 1.0 1.0 1 0 0 0.0 1.0 0
cell 37.377428402492235 14.238079661981368 0.0 1.6431676725154984 0.6085806194501846 1 0 0 -0.5243171946959961 -0.8515230351236077 1.1038261027665772
cell 55.79183314712491 29.9296211449934 0.0 1.6431676725154984 0.6085806194501846 1 0 0 0.7677010465334403 0.6408081640799067 1.7504916326395545
cell 21.532540684637073 58.94977749078659 0.0 1.6431676725154984 0.6085806194501846 1 0 0 0.9373981430240318 -0.34825956046474427 3.8530202360359547
cell 40.63299232429479 25.93424773997279 0.0 1.6431676725154984 0.6085806194501846 1 0 0 0.9913921732702813 -0.13092577583664905 3.404198126012554
cell 25.18576099526721 49.861372143085134 0.0 1.0 1.0 1 0 0 0.0 1.0 0
cell 10.279795329018395 16.920498561986975 0.0 1.0 1.0 1 0 0 0.0 1.0 0
cell 40.97019309689725 17.405054361900252 0.0 1.6431676725154984 0.6085806194501846 1 0 0 0.929275722094515 0.36938683290788477 2.3848944520580653
cell 21.62804759014916 27.47630337460561 0.0 1.0 1.0 1 0 0 0.0 1.0 0
cell 39.33207544525928 31.0390316552659 0.0 1.0 1.0 1 0 0 0.0 1.0 0
cell 16.74114824525527 35.17786111630835 0.0 1.0 1.0 1 0 0 0.0 1.0 0
cell 32.117964446492785 29.0298946853192 0.0 1.6431676725154984 0.6085806194501846 1 0 0 0.9201880711466262 -0.3914765813167523 3.946064048991412
cell 46.91940043604773 17.76359859387677 0.0 1.6431676725154984 0.6085806194501846 1 0 0 0.9965414689877781 0.08309693488740398 2.97520692281496
cell 39.14094061499942 11.071717485602083 0.0 1.6431676725154984 0.6085806194501846 1 0 0 0.3741440824385417 0.927370586969536 0.7669473030360382
cell 51.255639147299135 42.602058555569705 0.0 1.6431676725154984 0.6085806194501846 1 0 0 0.9866236513383526 0.16301463314615874 2.814101870682546
cell 16.92144505855016 49.62303202841978 0.0 1.6431676725154984 0.6085806194501846 1 0 0 0.9945561078359644 0.10420243934849872 2.9328087715675872
cell 49.01945637620187 13.426166928911886 0.0 1.0 1.0 1 0 0 0.0 1.0 0
cell 3.0680192220802533 8.459021558143606 0.0 1.6431676725154984 0.6085806194501846 1 0 0 0.978885858443721 0.20440762250684166 2.7298756252578698
cell 48.961902861674645 54.37640209502857 0.0 1.6431676725154984 0.6085806194501846 1 0 0 -0.9946660294625037 0.10314790270915679 3.3482560353002793
cell 38.31039231704244 26.062448962305922 0.0 1.6431676725154984 0.6085806194501846 1 0 0 0.9825441328944859 -0.1860296398819896 3.5158320356593253
cell 8.825772409233398 7.745426249487706 0.0 1.6431676725154984 0.6085806194501846 1 0 0 0.992178175525705 0.12482975611000495 2.8912801669708337
cell 46.45335727371417 4.1785694163487435 0.0 1.6431676725154984 0.6085806194501846 1 0 0 0.3633759500496999 -0.9316425918373837 5.539407311567391
cell 21.423348411328828 43.088934933957674 0.0 1.6431676725154984 0.6085806194501846 1 0 0 0.9496868764517694 -0.3132009525772259 3.7787160581495205
cell 28.694494785979217 18.82376910604941 0.0 1.6431676725154984 0.6085806194501846 1 0 0 0.8746233623023844 -0.4848030260991284 4.1538685408879426
cell 52.042404539919026 14.980461270113322 0.0 1.0 1.0 1 0 0 0.0 1.0 0
cell 22.59745802332562 58.03895748979709 0.0 1.6431676725154984 0.6085806194501846 1 0 0 0.9857386853802222 -0.16828322597594597 3.479768248715681
cell 30.20428660854165 31.757840191426055 0.0 1.0 1.0 1 0 0 0.0 1.0 0
cell 41.88672331892224 6.2337332249383905 0.0 1.6431676725154984 0.6085806194501846 1 0 0 0.6717792184575281 -0.7407514304060389 4.809969127798077
cell 31.104119078175128 7.895667717119551 0.0 1.6431676725154984 0.6085806194501846 1 0 0 0.5411186778422019 -0.8409462387633988 5.13965170363148
cell 7.994421217842952 51.05554256401927 0.0 1.6431676725154984 0.6085806194501846 1 0 0 0.9917348393883874 0.1283043582396543 2.8842746207580396
cell 18.52332269665696 13.519315619191598 0.0 1.0 1.0 1 0 0 0.0 1.0 0
cell 36.19945325343225 47.16965594038562 0.0 1.0 1.0 1 0 0 0.0 1.0 0
cell 53.987745918542075 18.80208797268094 0.0 1.6431676725154984 0.6085806194501846 1 0 0 0.9700352975085299 0.24296403352664725 2.6507520918225573
cell 34.78150794239118 23.211658600573557 0.0 1.6431676725154984 0.6085806194501846 1 0 0 0.9853882057455785 -0.17032346866333298 3.483908503648964
cell 53.696591532685304 6.016116706501314 0.0 1.0 1.0 1 0 0 0.0 1.0 0
cell 20.492320540776884 43.9117846231676 0.0 1.6431676725154984 0.6085806194501846 1 0 0 0.9154521911046068 -0.40242674588274363 3.9699250089125697
cell 28.30960015415208 14.246567617957819 0.0 1.6431676725154984 0.6085806194501846 1 0 0 0.9710419124475747 -0.2389091967048503 3.624077378911371
cell 37.468200349523926 30.996666535924817 0.0 1.0 1.0 1 0 0 0.0 1.0 0
cell 9.192521202595573 8.887776621537029 0.0 1.0 1.0 1 0 0 0.0 1.0 0
cell 17.762679118591645 51.21921536880342 0.0 1.6431676725154984 0.6085806194501846 1 0 0 0.9493720108277319 -0.31415407852980165 3.780723633330954
cell 41.11044327347146 2.8391182049356534 0.0 1.6431676725154984 0.6085806194501846 1 0 0 0.3930315935125486 -0.9195249678507847 5.47533292399887
cell 2.08173739063811 12.674723752216671 0.0 1.0 1.0 1 0 0 0.0 1.0 0
cell 37.15141335564748 53.20446201285912 0.0 1.6431676725154984 0.6085806194501846 1 0 0 0.9519754011559138 0.30617451819842384 2.519248744814002
cell 35.14803974001148 40.05931705023347 0.0 1.6431676725154984 0.6085806194501846 1 0 0 0.9997923610555545 0.020377310297482375 3.100835212011728
cell 28.958993512518028 22.850180498996796 0.0 1.0 1.0 1 0 0 0.0 1.0 0
cell 21.281321818498032 52.89304897648212 0.0 1.6431676725154984 0.6085806194501846 1 0 0 0.9621687487728391 -0.27245421429096905 3.693478302808102
cell 12.42156289280447 12.234759614268139 0.0 1.0 1.0 1 0 0 0.0 1.0 0
cell 11.907374731714071 19.954910842891564 0.0 1.6431676725154984 0.6085806194501846 1 0 0 0.9635716314411509 -0.26745038994519876 3.683084766616196
cell 6.940685688755051 45.40713196141285 0.0 1.6431676725154984 0.6085806194501846 1 0 0 0.9841114769129757 -0.177551685455705 3.49858874838901
cell 38.79286642145816 42.37182314254655 0.0 1.6431676725154984 0.6085806194501846 1 0 0 0.9701917533896792 0.24233852697138306 2.6520416450906743
cell 49.46196983665583 45.44543431719526 0.0 1.6431676725154984 0.6085806194501846 1 0 0 0.9853968352175606 0.1702735362386526 2.799378148778596
cell 21.364502781164248 29.875677993830262 0.0 1.6431676725154984 0.6085806194501846 1 0 0 0.9218131208235536 -0.38763458343850155 3.9377209657761845
cell 32.201144903001364 1.593423329379138 0.0 1.6431676725154984 0.6085806194501846 1 0 0 -0.05074771734378291 0.9987115044818476 6.1816462578747275
cell 23.431569537463627 43.2880213157656 0.0 1.6431676725154984 0.6085806194501846 1 0 0 0.9521774342911035 -0.30554563264234597 3.762615480314806
cell 51.491487490337 11.86016455592832 0.0 1.6431676725154984 0.6085806194501846 1 0 0 0.9990753339874086 -0.042993918383279706 3.22760700350632
cell 34.65936820971042 5.37048497245443 0.0 1.6431676725154984 0.6085806194501846 1 0 0 0.2071798146050177 -0.9783028796953582 5.8658026213864884
cell 12.974813088225721 18.71030212198566 0.0 1.0 1.0 1 0 0 0.0 1.0 0
cell 39.25764693586803 13.108218777248288 0.0 1.0 1.0 1 0 0 0.0 1.0 0
cell 25.10956768236388 29.32585252036555 0.0 1.0 1.0 1 0 0 0.0 1.0 0
cell 48.5329334599369 6.101152685717552 0.0 1.0 1.0 1 0 0 0.0 1.0 0
cell 27.61264143258005 60.05912354244999 0.0 1.6431676725154984 0.6085806194501846 1 0 0 0.9269132913218836 -0.3752755659123478 3.9109807551391964
cell 59.479879995932 44.462981572936506 0.0 1.6431676725154984 0.6085806194501846 1 0 0 -0.24097483425502397 0.9705313643853885 5.796444988117675
cell 8.957179150335783 34.654066558719556 0.0 1.0 1.0 1 0 0 0.0 1.0 0
cell 45.12743382959528 57.036687802981675 0.0 1.0 1.0 1 0 0 0.0 1.0 0
cell 9.851236090680445 15.163052879939396 0.0 1.0 1.0 1 0 0 0.0 1.0 0
cell 29.57848629320858 43.43913108750481 0.0 1.0 1.0 1 0 0 0.0 1.0 0
cell 44.988225834213566 20.343951011563462 0.0 1.6431676725154984 0.6085806194501846 1 0 0 0.9995749219342441 0.029154338273228126 3.08327571372515
cell 3.1791856531601193 9.774017191033867 0.0 1.6431676725154984 0.6085806194501846 1 0 0 0.9988290219715252 0.04837959143488513 3.0447956853953855
cell 25.403982126026513 39.40667471960869 0.0 1.6431676725154984 0.6085806194501846 1 0 0 0.9780939423046484 0.20816397389306152 2.722197780506344
cell 60.65190318812948 22.244942127100632 0.0 1.6431676725154984 0.6085806194501846 1 0 0 0.9999985508782396 -0.0017024222216545832 3.1449974996777814
cell 22.818375252408476 11.693186795724959 0.0 1.6431676725154984 0.6085806194501846 1 0 0 0.9997007167481654 -0.02446378820224635 3.1905251116467466
cell 55.211317448719576 25.652543016399758 0.0 1.6431676725154984 0.6085806194501846 1 0 0 0.9960471706674253 0.08882586225540931 2.963706482697242
cell 59.9028645536408 60.5801897936987 0.0 1.0 1.0 1 0 0 0.0 1.0 0
cell 15.859004455858166 40.00000656362716 0.0 1.0 1.0 1 0 0 0.0 1.0 0
cell 27.13882371122479 55.77754932644868 0.0 1.6431676725154984 0.6085806194501846 1 0 0 0.9891896648837831 -0.14664176378886373 3.4359376033936164
cell 56.43170622519295 56.00571151297458 0.0 1.0 1.0 1 0 0 0.0 1.0 0
cell 32.33565839420278 9.496759956799059 0.0 1.6431676725154984 0.6085806194501846 1 0 0 0.8060605923377603 -0.591833018240871 4.4082546389222745
cell 7.398552280091089 28.869865313861865 0.0 1.6431676725154984 0.6085806194501846 1 0 0 0.9387902977984424 -0.34448915332635943 3.8449818066741215
cell 52.75525549570198 26.166647202501352 0.0 1.6431676725154984 0.6085806194501846 1 0 0 0.9806250096077017 -0.195894335119459 3.5359313984684086
cell 4.64454463707734 10.824255998325361 0.0 1.0 1.0 1 0 0 0.0 1.0 0
cell 11.707991949277531 32.27123785003639 0.0 1.6431676725154984 0.6085806194501846 1 0 0 0.9162883750363021 -0.4005191802814605 3.965759430124925
cell 17.538870148220333 9.845215157212328 0.0 1.6431676725154984 0.6085806194501846 1 0 0 0.9375662658397935 -0.3478066951040847 3.852054104946293
cell 23.25290539775547 53.025550165285345 0.0 1.6431676725154984 0.6085806194501846 1 0 0 0.967226944917861 -0.25391344396242826 3.6550409833809594
cell 34.75858213141815 20.027157691369695 0.0 1.6431676725154984 0.6085806194501846 1 0 0 0.9781661995008301 0.20782417124603747 2.722892581031785
cell 34.64758990163693 15.430468954809603 0.0 1.6431676725154984 0.6085806194501846 1 0 0 0.983737930877018 -0.17960980862359188 3.5027722441571556
cell 34.20173142884539 33.11441901521838 0.0 1.0 1.0 1 0 0 0.0 1.0 0
cell 8.508020527199205 12.19854859886533 0.0 1.0 1.0 1 0 0 0.0 1.0 0
cell 23.180791476228205 4.799028471647861 0.0 1.6431676725154984 0.6085806194501846 1 0 0 0.07296024188589993 -0.9973348500398204 6.137135051729013
cell 43.372609098740995 49.58015523742199 0.0 1.6431676725154984 0.6085806194501846 1 0 0 0.9947347640925753 0.10248292104389119 2.936266320990082
cell 56.85107519138879 32.4035251094838 0.0 1.6431676725154984 0.6085806194501846 1 0 0 0.8508898046752355 0.5253442112555726 2.0353534664973054
cell 47.34764237471214 33.30803041390567 0.0 1.6431676725154984 0.6085806194501846 1 0 0 0.9764257341419721 -0.21585362101505476 3.576724605281231
cell 36.450871708877344 1.1580786555032812 0.0 1.6431676725154984 0.6085806194501846 1 0 0 0.9560890063402665 0.29307646093687206 2.5467066261695117
cell 10.388891564571853 1.1712769378268468 0.0 1.6431676725154984 0.6085806194501846 1 0 0 0.9560054826409817 0.293348797782407 2.546136911973351
cell 40.54365287090037 60.781924716279825 0.0 1.0 1.0 1 0 0 0.0 1.0 0
cell 25.688432848492848 43.6896575209453 0.0 1.6431676725154984 0.6085806194501846 1 0 0 0.9670934057595798 -0.25442158818845695 3.6560917797791084
cell 16.617088415714093 0.3451566399411513 0.0 1.0 1.0 1 0 0 0.0 1.0 0
cell 38.83940303017974 16.551848350765102 0.0 1.0 1.0 1 0 0 0.0 1.0 0
cell 0.09004870471505007 12.585359129009262 0.0 1.0 1.0 1 0 0 0.0 1.0 0
cell 50.29906924872393 22.566309762819174 0.0 1.6431676725154984 0.6085806194501846 1 0 0 -0.9582287649544096 -0.2860028566534728 2.5614869770514357
cell 33.30017283806092 42.64504855138878 0.0 1.0 1.0 1 0 0 0.0 1.0 0
cell 29.925325728085248 24.588112879217732 0.0 1.0 1.0 1 0 0 0.0 1.0 0
cell 37.243001486308536 26.75670804384194 0.0 1.6431676725154984 0.6085806194501846 1 0 0 0.9850274400763289 -0.17239762845432108 3.488119105669465
cell 2.3884490418170405 37.015143016072585 0.0 1.6431676725154984 0.6085806194501846 1 0 0 0.9260297281013816 0.37745058308668855 2.367509283696799
cell 28.380516889247932 44.77862755016573 0.0 1.0 1.0 1 0 0 0.0 1.0 0
cell 2.698335716177143 22.82831511740806 0.0 1.6431676725154984 0.6085806194501846 1 0 0 0.9828082515520457 -0.18462919780254425 3.5129817745997745
cell 9.500067573964671 59.2541039968541 0.0 1.6431676725154984 0.6085806194501846 1 0 0 0.7772211245057123 0.6292275610795159 1.7804747251863122
cell 44.614297599301835 48.30796137241488 0.0 1.6431676725154984 0.6085806194501846 1 0 0 0.9999923528875193 -0.003910775688152319 3.1494142249035866
cell 9.923221321879973 3.7607419024280646 0.0 1.6431676725154984 0.6085806194501846 1 0 0 0.9928543326422489 0.11933261982171796 2.9023573099662276
cell 55.54202299084683 8.21212783458107 0.0 1.6431676725154984 0.6085806194501846 1 0 0 0.9909772252500523 0.13403036609554975 2.8727227831733155
cell 58.057891922575706 19.214218218975336 0.0 1.6431676725154984 0.6085806194501846 1 0 0 0.9998621564715955 0.01660325437891013 3.1083846189803968
cell 26.532354757718807 1.0742475219877239 0.0 1.6431676725154984 0.6085806194501846 1 0 0 0.9999680215047686 -0.007997247516410578 3.1575873191180897
cell 26.83636828392016 42.77233055498215 0.0 1.6431676725154984 0.6085806194501846 1 0 0 0.9946149975452775 -0.10363882794593747 3.3492431763228883
cell 34.43082530722618 48.13649075644084 0.0 1.0 1.0 1 0 0 0.0 1.0 0
cell 47.058748911401885 5.379189863053446 0.0 1.0 1.0 1 0 0 0.0 1.0 0
cell 0.9403859911326747 20.176117850310142 0.0 1.6431676725154984 0.6085806194501846 1 0 0 0.9983592503600278 0.05726086989003395 3.0270082388397848
cell 54.99055641853171 7.0296224573049075 0.0 1.6431676725154984 0.6085806194501846 1 0 0 0.934017639540149 0.3572268873249158 2.4109982813525384
cell 18.62301245043498 43.35186444911865 0.0 1.6431676725154984 0.6085806194501846 1 0 0 0.9208519837294358 -0.38991232868628695 3.9426654216776775
cell 59.14674503460837 16.460962035287398 0.0 1.6431676725154984 0.6085806194501846 1 0 0 0.9960045180467025 0.08930285566853823 2.962748689469857
cell 9.835813890944653 27.45869719065446 0.0 1.6431676725154984 0.6085806194501846 1 0 0 0.9932577433446442 -0.1159269394312852 3.3739690145937145
cell 55.26793387553155 54.545142550361525 0.0 1.0 1.0 1 0 0 0.0 1.0 0
cell 38.89387519532391 54.873977812717875 0.0 1.6431676725154984 0.6085806194501846 1 0 0 0.9722734429748923 0.23384685605273556 2.6695279132427805
cell 60.87115688061068 36.18679689433333 0.0 1.6431676725154984 0.6085806194501846 1 0 0 0.7436025486806928 0.6686219033172469 1.6768847152966673
cell 46.73827943051181 2.689154748859096 0.0 1.6431676725154984 0.6085806194501846 1 0 0 0.29971594540909474 -0.9540284859832712 5.6743955115166
cell 43.971392520971875 51.78369200849819 0.0 1.6431676725154984 0.6085806194501846 1 0 0 0.9927052818582422 0.12056626132856536 2.8998720834555742
cell 26.802790771654795 35.15355303629005 0.0 1.6431676725154984 0.6085806194501846 1 0 0 0.9993217787524251 -0.036823667811465524 3.2152566434602
cell 57.44225014512453 1.804980960168226 0.0 1.0 1.0 1 0 0 0.0 1.0 0
cell 36.206754526618255 11.211484403963306 0.0 1.6431676725154984 0.6085806194501846 1 0 0 0.5218126663582306 0.8530601041123151 1.097948943764244
cell 20.167122758426412 49.17060639898413 0.0 1.6431676725154984 0.6085806194501846 1 0 0 0.9986985771397957 -0.051001490360061394 3.2436399070280904
cell 22.48643163701592 15.151049040943827 0.0 1.6431676725154984 0.6085806194501846 1 0 0 0.8941397299952893 -0.4477880561649128 4.070172611096442
cell 50.43013778223453 55.905131509796526 0.0 1.6431676725154984 0.6085806194501846 1 0 0 0.4586788750721086 -0.8886020985585084 5.330169543538321
cell 28.46711035047103 24.402537390539653 0.0 1.6431676725154984 0.6085806194501846 1 0 0 0.8011145417938031 -0.5985110616575978 4.424875117531429
cell 43.16127238624713 2.4323049311545746 0.0 1.0 1.0 1 0 0 0.0 1.0 0
cell 47.437444369962556 23.664325201874558 0.0 1.6431676725154984 0.6085806194501846 1 0 0 0.9952197221216453 0.09766117294050404 2.9459584796810088
cell 14.753314679231362 17.807301617788056 0.0 1.0 1.0 1 0 0 0.0 1.0 0
cell 13.291473429309429 53.7057426110182 0.0 1.6431676725154984 0.6085806194501846 1 0 0 0.928122944081145 -0.3722738248522822 3.904508130221519
cell 20.89383276183374 41.491911882187644 0.0 1.6431676725154984 0.6085806194501846 1 0 0 0.9815222901976889 -0.19134783470184305 3.526662996893434
cell 33.37148108159643 31.607869212512405 0.0 1.6431676725154984 0.6085806194501846 1 0 0 0.9993246794926888 0.03674486299926521 3.0680863800815463
cell 15.631806300261651 38.15659408278881 0.0 1.0 1.0 1 0 0 0.0 1.0 0
cell 29.650438756888406 5.937248787029109 0.0 1.6431676725154984 0.6085806194501846 1 0 0 0.3993559692927623 -0.9167959477387748 5.461556789944619
cell 48.92424310893599 7.597384316542648 0.0 1.0 1.0 1 0 0 0.0 1.0 0
cell 35.53817918306663 25.30174558154049 0.0 1.6431676725154984 0.6085806194501846 1 0 0 0.9729191154075094 -0.231145830320751 3.6081031386845184
cell 6.706367222829648 38.52401859175902 0.0 1.6431676725154984 0.6085806194501846 1 0 0 0.9984115904525122 -0.056340891456251804 3.2543341360415483
cell 54.51496753274587 9.408579048282323 0.0 1.6431676725154984 0.6085806194501846 1 0 0 0.985056369406697 0.17223225334209832 2.7954019742544856
cell 37.36624300312979 23.84053870880666 0.0 1.6431676725154984 0.6085806194501846 1 0 0 0.9964119434187443 -0.08463592034403124 3.311067237603525
cell 59.814811937634595 12.052000341483867 0.0 1.0 1.0 1 0 0 0.0 1.0 0
cell 22.875526891491127 10.0821739944995 0.0 1.0 1.0 1 0 0 0.0 1.0 0
cell 42.21045777583 20.695555032767817 0.0 1.6431676725154984 0.6085806194501846 1 0 0 0.9629999994715054 0.26950139335053647 2.5958421935648217
cell 56.8099470493632 41.193710991362785 0.0 1.6431676725154984 0.6085806194501846 1 0 0 0.16192416031986537 0.9868032054592782 0.32528046999588117
cell 5.239891169798782 60.3139646301381 0.0 1.6431676725154984 0.6085806194501846 1 0 0 0.900656385185487 0.434532019331846 2.242555429519132
cell 27.496437688481763 46.500463934768895 0.0 1.0 1.0 1 0 0 0.0 1.0 0
cell 26.476139892239235 58.0220809003216 0.0 1.6431676725154984 0.6085806194501846 1 0 0 0.9590011034617878 -0.2834023351334164 3.716272752385851
cell 34.891202534115536 54.96575751659148 0.0 1.6431676725154984 0.6085806194501846 1 0 0 0.9890967604638681 0.14726709897285845 2.8459833061635536
cell 41.18096291561359 33.36632846165972 0.0 1.6431676725154984 0.6085806194501846 1 0 0 0.9518350985431859 0.3066104127085113 2.518332908910083
cell 7.124254926088253 57.592570862555114 0.0 1.6431676725154984 0.6085806194501846 1 0 0 0.8938851879806431 0.44829596329747423 2.211876454381378
cell 7.628753944340185 11.015406369597331 0.0 1.0 1.0 1 0 0 0.0 1.0 0
cell 31.1403470376061 46.44932426003393 0.0 1.6431676725154984 0.6085806194501846 1 0 0 0.9529352671250174 0.3031738390253548 2.5255496737575274
cell 58.8805582138401 54.392021628073245 0.0 1.0 1.0 1 0 0 0.0 1.0 0
cell 13.52785740666837 42.37329457582628 0.0 1.6431676725154984 0.6085806194501846 1 0 0 0.9983622869639469 -0.05720790127349296 3.256070957165983
cell 7.772730097886753 9.396345863510417 0.0 1.0 1.0 1 0 0 0.0 1.0 0
cell 45.49734077647148 8.946231404608072 0.0 1.0 1.0 1 0 0 0.0 1.0 0
cell 25.386890868295104 10.506864725949418 0.0 1.6431676725154984 0.6085806194501846 1 0 0 0.7985445747602136 -0.6019356793886118 4.433438473220601
cell 1.7377714791643641 10.549182431159615 0.0 1.6431676725154984 0.6085806194501846 1 0 0 0.999771873963694 0.021358839648337676 3.0988717256583906
cell 32.58672966656335 22.632455754330557 0.0 1.6431676725154984 0.6085806194501846 1 0 0 0.9681561248467241 -0.2503471947551528 3.6476703594941853
cell 4.082031866194317 55.50485488432845 0.0 1.0 1.0 1 0 0 0.0 1.0 0
cell 40.15660552761998 35.70000184460311 0.0 1.6431676725154984 0.6085806194501846 1 0 0 0.9912696119723827 0.13185050769762652 2.8771215441717453
cell 37.23296664786316 16.35827895583591 0.0 1.6431676725154984 0.6085806194501846 1 0 0 0.5554557284958705 0.8315461103757997 1.1778218309266268
cell 52.3288432779159 55.309999679068305 0.0 1.0 1.0 1 0 0 0.0 1.0 0
cell 13.965390588804743 0.4079612518444773 0.0 1.6431676725154984 0.6085806194501846 1 0 0 0.9952776722261621 0.09706881666154302 2.9471488480043364
cell 48.472481381238694 37.834241902129754 0.0 1.6431676725154984 0.6085806194501846 1 0 0 0.9520965084531581 -0.30579770861029265 3.7631449754905075
cell 45.807937812944935 54.352401304323095 0.0 1.6431676725154984 0.6085806194501846 1 0 0 0.983860591913069 0.17893668064560056 2.781781488428192
cell 15.808280017162646 29.44847854094102 0.0 1.6431676725154984 0.6085806194501846 1 0 0 0.927430796963485 -0.37399480857850853 3.9082180378241658
cell 41.67154847522085 38.96320264123511 0.0 1.6431676725154984 0.6085806194501846 1 0 0 0.9989932211434221 -0.04486138773477245 3.231345551521449
cell 28.232671300425736 48.329589808485764 0.0 1.0 1.0 1 0 0 0.0 1.0 0
cell 43.46886391240351 43.34252982515874 0.0 1.6431676725154984 0.6085806194501846 1 0 0 0.9934989365607081 0.11384139428495313 2.913415184984508
cell 6.159753835903629 10.284982309980963 0.0 1.0 1.0 1 0 0 0.0 1.0 0
cell 61.13946450952664 56.13287749139508 0.0 1.6431676725154984 0.6085806194501846 1 0 0 0.9636208000280553 0.26727318188192895 2.600468346206204
cell 36.27370529803708 3.4640624221365663 0.0 1.6431676725154984 0.6085806194501846 1 0 0 0.934045340295517 0.35715445156435033 2.4111533848181304
cell 4.506850834337128 30.563709204078716 0.0 1.6431676725154984 0.6085806194501846 1 0 0 0.8583013829410704 -0.5131459208075672 4.219284809932507
cell 10.952629230418951 60.73712812559218 0.0 1.6431676725154984 0.6085806194501846 1 0 0 0.9236526984203698 0.3832305999013771 2.3550098450508337
cell 40.02244599277142 48.760343145150394 0.0 1.6431676725154984 0.6085806194501846 1 0 0 0.9468866679228137 0.3215674705408355 2.4868238195294055
cell 14.804052540345761 27.315973883085533 0.0 1.6431676725154984 0.6085806194501846 1 0 0 0.9500697926361055 -0.3120374803134834 3.7762663294296024
cell 24.71522536880491 48.15574018370164 0.0 1.6431676725154984 0.6085806194501846 1 0 0 0.29092093425428234 0.956747098251474 0.590378530379589
cell 3.4774414386722317 41.81588352417133 0.0 1.6431676725154984 0.6085806194501846 1 0 0 0.06922637275879377 -0.997600977001657 6.144621738200598
cell 22.563247049338393 17.15684252791748 0.0 1.0 1.0 1 0 0 0.0 1.0 0
cell 38.89728343855343 33.81035217972678 0.0 1.6431676725154984 0.6085806194501846 1 0 0 0.9628848154113786 0.26991263818168176 2.5949880514651142
cell 35.10103424708974 59.3760830320984 0.0 1.6431676725154984 0.6085806194501846 1 0 0 0.9996668437247995 -0.02581088059902583 3.1932201482564686
cell 57.02823953317985 11.137600274009772 0.0 1.6431676725154984 0.6085806194501846 1 0 0 0.9997719162025043 0.02135686242810111 3.098875681001097
cell 60.67057713437049 19.522942349515695 0.0 1.6431676725154984 0.6085806194501846 1 0 0 0.99823175995285 0.05944201730624348 3.0226384975411973
cell 30.05663813919928 15.69468145945357 0.0 1.6431676725154984 0.6085806194501846 1 0 0 0.977472710956859 -0.21106183770319267 3.566914937399275
cell 30.178189616075418 29.872743135171273 0.0 1.0 1.0 1 0 0 0.0 1.0 0
cell 32.85559604387823 53.42961088062784 0.0 1.6431676725154984 0.6085806194501846 1 0 0 0.9975780346860229 0.06955619822828163 3.002367839750968
cell 45.58993847745298 1.0771024651847076 0.0 1.6431676725154984 0.6085806194501846 1 0 0 -0.20572278039960357 0.9786103093799168 5.8687808504552175
cell 4.626821021480195 19.643710477649254 0.0 1.6431676725154984 0.6085806194501846 1 0 0 0.9909081605001323 -0.13454002175651703 3.4114911519045283
cell 26.511310860741652 25.211987688461004 0.0 1.0 1.0 1 0 0 0.0 1.0 0
cell 60.09677868272172 4.940884340597773 0.0 1.6431676725154984 0.6085806194501846 1 0 0 0.9654537147308397 0.26057460488777945 2.614358011991094
cell 52.40125769329907 61.00856885701573 0.0 1.6431676725154984 0.6085806194501846 1 0 0 0.1785299151904536 -0.9839344842935882 5.924200987159071
cell 34.95502930261772 46.20304110041219 0.0 1.6431676725154984 0.6085806194501846 1 0 0 -0.9623675992221747 -0.27175099625824317 2.591168588616774
cell 18.2314780617296 55.28234003241751 0.0 1.6431676725154984 0.6085806194501846 1 0 0 0.9694695800883694 -0.2452116091935305 3.637068572940809
cell 47.489308237199744 57.471962827626236 0.0 1.0 1.0 1 0 0 0.0 1.0 0
cell 50.77530544505684 18.880261817323635 0.0 1.6431676725154984 0.6085806194501846 1 0 0 0.9321175788840267 0.3621557940105064 2.400433355134115
cell 14.721569544821218 14.352644988439298 0.0 1.0 1.0 1 0 0 0.0 1.0 0
cell 49.08181642687422 9.245162233712842 0.0 1.0 1.0 1 0 0 0.0 1.0 0
cell 52.19820045854655 20.582839705608905 0.0 1.6431676725154984 0.6085806194501846 1 0 0 0.9629711933490166 0.2696043040828001 2.5956284609138884
cell 42.43252451087325 10.782513337623213 0.0 1.6431676725154984 0.6085806194501846 1 0 0 0.976125957862043 -0.2172052356365032 3.579493524354859
cell 18.668289362671732 28.590799084501064 0.0 1.6431676725154984 0.6085806194501846 1 0 0 0.957186870161448 -0.2894707162918754 3.7289403214447567
cell 3.8358384400889296 7.278563198743696 0.0 1.6431676725154984 0.6085806194501846 1 0 0 0.9816551583118347 0.19066502080813544 2.7579135525637004
cell 6.5494222984979515 36.628179036993636 0.0 1.6431676725154984 0.6085806194501846 1 0 0 0.41429038617378056 -0.9101447554779294 5.428859320973451
cell 32.1096169896766 27.45058719594485 0.0 1.0 1.0 1 0 0 0.0 1.0 0
cell 1.7792254279286979 3.104111381342603 0.0 1.6431676725154984 0.6085806194501846 1 0 0 0.9022111757263552 0.43129455641645614 2.249738340800467
cell 43.84149827898006 46.09560292133931 0.0 1.6431676725154984 0.6085806194501846 1 0 0 0.9954273003916128 0.09552219446320274 2.9502565347955585
cell 38.77281942064627 50.91302066233914 0.0 1.6431676725154984 0.6085806194501846 1 0 0 0.9279565188200736 0.3726884747068663 2.3777835733037542
cell 29.194307066754074 8.200218309344296 0.0 1.0 1.0 1 0 0 0.0 1.0 0
cell 48.505505045104805 28.31802501504088 0.0 1.6431676725154984 0.6085806194501846 1 0 0 0.9994886907734353 0.03197431806941804 3.077633116045434
cell 25.485587475611283 46.31951716836038 0.0 1.0 1.0 1 0 0 0.0 1.0 0
cell 33.5863941356333 45.68361511014458 0.0 1.6431676725154984 0.6085806194501846 1 0 0 0.9610212905968004 0.27647437316984735 2.581345577905879
cell 51.16646334066811 58.9807732853585 0.0 1.6431676725154984 0.6085806194501846 1 0 0 0.35036832636135284 -0.9366119985793181 5.567256649825167
cell 13.628954397585787 16.15440043379088 0.0 1.0 1.0 1 0 0 0.0 1.0 0
cell 25.49498913258993 51.220675556891116 0.0 1.6431676725154984 0.6085806194501846 1 0 0 0.9993845946599714 -0.03507751354250631 3.2117620754777563
cell 52.10032027815557 1.4705208861598102 0.0 1.6431676725154984 0.6085806194501846 1 0 0 0.4785248990342461 -0.878073983787394 5.285237279117195
cell 14.227911492317629 24.559889480732135 0.0 1.6431676725154984 0.6085806194501846 1 0 0 0.9434005917647157 -0.33165542880825005 3.817708216718127
cell 47.817448505888024 11.247233097785578 0.0 1.6431676725154984 0.6085806194501846 1 0 0 0.9527460279393711 0.3037680138621429 2.5243025086222595
cell 28.73373620512804 20.714665352268245 0.0 1.6431676725154984 0.6085806194501846 1 0 0 0.8365819060891488 -0.5478418698897033 4.301157358783572
cell 51.234440305580506 57.36648551678818 0.0 1.6431676725154984 0.6085806194501846 1 0 0 -0.11438267138273842 0.9934367642116676 6.05391816650452
cell 6.540361546058695 29.67848469654514 0.0 1.6431676725154984 0.6085806194501846 1 0 0 0.9401093267192223 -0.34087307581492937 3.837283528384784
cell 42.26651750808552 34.201376551612874 0.0 1.6431676725154984 0.6085806194501846 1 0 0 0.9869210922726134 0.1612040868819144 2.8177715027233994
cell 21.233585739906548 6.802153107655238 0.0 1.6431676725154984 0.6085806194501846 1 0 0 0.526724672529982 -0.8500359517974421 5.173699744480027
cell 9.553411350297122 10.518933506184819 0.0 1.0 1.0 1 0 0 0.0 1.0 0
cell 32.59682058708513 34.45474596228346 0.0 1.0 1.0 1 0 0 0.0 1.0 0
cell 28.185373805495562 38.31874599989705 0.0 1.0 1.0 1 0 0 0.0 1.0 0
cell 24.09801601727156 2.2779583443816915 0.0 1.6431676725154984 0.6085806194501846 1 0 0 0.18122155403859644 0.9834422953848568 0.36445686030166125
cell 23.96108178238618 15.215827718363073 0.0 1.6431676725154984 0.6085806194501846 1 0 0 0.9122803784113137 -0.40956624759092414 3.9855497573358476
cell 13.187874746420901 25.221262887037057 0.0 1.6431676725154984 0.6085806194501846 1 0 0 0.9519125661610643 -0.30636981963740706 3.7643468836484555
cell 1.148200574153225 13.905354856006777 0.0 1.0 1.0 1 0 0 0.0 1.0 0
cell 0.7716157092553275 0.5218712571930485 0.0 1.0 1.0 1 0 0 0.0 1.0 0
cell 13.133530218570977 30.764372088522805 0.0 1.6431676725154984 0.6085806194501846 1 0 0 -0.9883091152739601 0.15246341418977238 3.447713354946054
cell 25.096383882990278 23.774671370820812 0.0 1.0 1.0 1 0 0 0.0 1.0 0
cell 28.40965135368549 16.54579569037896 0.0 1.6431676725154984 0.6085806194501846 1 0 0 0.8114664739602384 -0.5843989747069529 4.389871042511685
cell 28.531370793081106 26.492224155987792 0.0 1.6431676725154984 0.6085806194501846 1 0 0 0.4736634458815002 0.8807059327810067 0.9868916344202919
cell 54.70876794755703 13.750934268236177 0.0 1.0 1.0 1 0 0 0.0 1.0 0
cell 58.3321718844573 18.232596133125675 0.0 1.6431676725154984 0.6085806194501846 1 0 0 0.9951130559953768 0.09874211759701164 2.943786090094472
cell 33.64375391622946 57.11163870571999 0.0 1.6431676725154984 0.6085806194501846 1 0 0 0.9986722516739819 0.051514403193854634 3.0385182241957454
cell 56.2147014161357 1.0500441108110743 0.0 1.0 1.0 1 0 0 0.0 1.0 0
cell 34.707403476676724 7.416554065987205 0.0 1.6431676725154984 0.6085806194501846 1 0 0 0.8407391978612492 0.541440302507694 1.997294044519093
cell 23.767076183726985 60.89348088663862 0.0 1.6431676725154984 0.6085806194501846 1 0 0 0.9847385665723773 -0.17404009740568285 3.4914544634026266
cell 10.600779239247302 26.41910646828045 0.0 1.6431676725154984 0.6085806194501846 1 0 0 0.9766583397961958 -0.2147987134657434 3.5745641095589957
cell 35.37794190443872 24.32079265195598 0.0 1.6431676725154984 0.6085806194501846 1 0 0 0.9801325927091145 -0.19834339088890535 3.5409275377014717
cell 45.54189175133677 44.84987194997079 0.0 1.6431676725154984 0.6085806194501846 1 0 0 0.9939977189988383 -0.10940079810086605 3.3608330731034632
cell 29.317071719625538 60.11654734619333 0.0 1.6431676725154984 0.6085806194501846 1 0 0 0.9381468101569884 -0.34623772554744453 3.848708243128096
cell 36.57583055064994 32.72668737970779 0.0 1.6431676725154984 0.6085806194501846 1 0 0 0.6820387178037947 -0.7313160653346512 4.782091783128793
cell 47.483108747996944 8.891022317399981 0.0 1.0 1.0 1 0 0 0.0 1.0 0
cell 60.57585702752852 0.6820617233865901 0.0 1.6431676725154984 0.6085806194501846 1 0 0 0.8156284018201373 0.5785761057495623 1.907628965516336
cell 60.63867256900035 18.480379826533103 0.0 1.6431676725154984 0.6085806194501846 1 0 0 0.9999601399494417 0.008928522402560774 3.123735371519986
cell 14.110078665395019 58.42781883899611 0.0 1.6431676725154984 0.6085806194501846 1 0 0 0.7811811399725869 0.6243044341914685 1.7931110274377826
cell 29.462871498739883 55.56819242544421 0.0 1.6431676725154984 0.6085806194501846 1 0 0 0.9961307657863565 -0.08788343105436225 3.317586561520288
cell 15.51386367554 32.713014426616155 0.0 1.6431676725154984 0.6085806194501846 1 0 0 0.8503952565737541 -0.5261443790413985 4.249713166146307
cell 60.55881714489765 2.4835359631483787 0.0 1.6431676725154984 0.6085806194501846 1 0 0 0.840052387599447 0.5425052866917229 1.994759562431677
cell 2.930564936170024 29.935864975026046 0.0 1.6431676725154984 0.6085806194501846 1 0 0 0.8583841138673891 -0.5130075175473525 4.218962320437088
cell 56.166537519324535 9.900142347673855 0.0 1.6431676725154984 0.6085806194501846 1 0 0 0.9995851021421616 0.02880318689736227 3.0839783115522885
cell 39.89363251103806 23.655630509217623 0.0 1.6431676725154984 0.6085806194501846 1 0 0 0.9999746600688048 -0.007118933928499463 3.1558306417102084
cell 59.19159394976476 15.198637491119387 0.0 1.0 1.0 1 0 0 0.0 1.0 0
cell 59.858277899976294 30.799016161800004 0.0 1.6431676725154984 0.6085806194501846 1 0 0 0.6862129382155729 0.7274007172291971 1.5125397734340258
cell 23.33179655602962 40.52206750055366 0.0 1.6431676725154984 0.6085806194501846 1 0 0 0.9780900189534109 -0.20818240757498296 3.5610252198192573
cell 5.725730246281864 24.354192065902943 0.0 1.6431676725154984 0.6085806194501846 1 0 0 0.9712787275443778 -0.23794460157728778 3.6220908993808507
cell 1.1110985050325695 29.684197508931817 0.0 1.0 1.0 1 0 0 0.0 1.0 0
cell 52.63176741329138 39.25116408405923 0.0 1.6431676725154984 0.6085806194501846 1 0 0 0.9922476040131316 0.12427667653344905 2.8923950074812477
cell 50.067719618133125 15.036241633318548 0.0 1.0 1.0 1 0 0 0.0 1.0 0
cell 29.620617360906095 40.66727168767592 0.0 1.6431676725154984 0.6085806194501846 1 0 0 0.9843421857564817 0.1762681518033028 2.78720476541456
cell 59.97783929533217 17.27408295964322 0.0 1.6431676725154984 0.6085806194501846 1 0 0 0.998098429671518 0.061640284613635465 3.018233882652695
cell 19.41470479901458 27.684638653222798 0.0 1.6431676725154984 0.6085806194501846 1 0 0 0.9684112636252065 -0.24935842573258035 3.645628047013788
cell 54.864771513034846 0.7109940937072109 0.0 1.0 1.0 1 0 0 0.0 1.0 0
cell 23.579217082866958 41.80838694424552 0.0 1.6431676725154984 0.6085806194501846 1 0 0 0.9800920989049257 -0.1985433898777229 3.5413356521160675
cell 43.100638882081434 30.09273732378789 0.0 1.6431676725154984 0.6085806194501846 1 0 0 0.906706114188598 0.4217629932711178 2.2708149814776717
cell 11.871465612839309 1.4867302487142962 0.0 1.6431676725154984 0.6085806194501846 1 0 0 0.9900751001498987 0.14053930433571946 2.85958044516391
cell 14.2375694421205 8.37172668751962 0.0 1.0 1.0 1 0 0 0.0 1.0 0
cell 56.16012756864583 24.44870022885133 0.0 1.6431676725154984 0.6085806194501846 1 0 0 0.9993732289381694 0.03539984861122092 3.070778160924141
cell 27.49030886878583 11.732682063162338 0.0 1.6431676725154984 0.6085806194501846 1 0 0 0.9593827665014231 -0.2821076165935189 3.7135731501558866
cell 2.6563958042051645 54.44628316478307 0.0 1.6431676725154984 0.6085806194501846 1 0 0 0.9714257468638006 0.2373436713504435 2.662331714276575
cell 23.165366246197557 51.76385654782846 0.0 1.6431676725154984 0.6085806194501846 1 0 0 0.9909969371547498 -0.1338845418631471 3.4101682230312016
cell 42.07706367518991 53.49057125349341 0.0 1.6431676725154984 0.6085806194501846 1 0 0 0.9712328480556128 0.2381318014415187 2.660708927751146
cell 31.098334027680046 17.701864112730775 0.0 1.6431676725154984 0.6085806194501846 1 0 0 0.8281585961353813 -0.5604938355121084 4.331556624071642
cell 24.310637836201877 3.6746421202852892 0.0 1.0 1.0 1 0 0 0.0 1.0 0
cell 24.022974139920088 54.62116939760562 0.0 1.6431676725154984 0.6085806194501846 1 0 0 0.9741085142114663 -0.2260809645696195 3.597697833182738
cell 58.96550297026772 2.4726816685600843 0.0 1.0 1.0 1 0 0 0.0 1.0 0
cell 12.478150702637208 8.933299611948451 0.0 1.0 1.0 1 0 0 0.0 1.0 0
cell 10.876625616282478 57.25602096824578 0.0 1.6431676725154984 0.6085806194501846 1 0 0 0.7862335930693651 0.6179293949386419 1.809379865457542
cell 45.222200480180845 52.861229284875044 0.0 1.6431676725154984 0.6085806194501846 1 0 0 0.9996910924312447 -0.02485396776421694 3.1913057081365914
cell 7.9809728584868695 24.585487085478537 0.0 1.6431676725154984 0.6085806194501846 1 0 0 0.9614069295136998 -0.2751303616161617 3.69904324237104
cell 30.455613699349648 20.792449880982115 0.0 1.6431676725154984 0.6085806194501846 1 0 0 0.9430429509018754 -0.33267099776548464 3.8198616209121115
cell 5.716987361356355 0.06803059588629579 0.0 1.6431676725154984 0.6085806194501846 1 0 0 0.8945805046344888 0.4469068367433008 2.214983310231201
cell 26.22278789824251 21.035357677645084 0.0 1.6431676725154984 0.6085806194501846 1 0 0 0.5224613705530016 0.8526629558505983 1.0994701852335589
cell 23.274920826583884 30.049275001973758 0.0 1.0 1.0 1 0 0 0.0 1.0 0
cell 32.86502221303864 18.048932685483063 0.0 1.0 1.0 1 0 0 0.0 1.0 0
cell 12.554859481007993 60.555111544201154 0.0 1.6431676725154984 0.6085806194501846 1 0 0 0.8779275112939421 0.47879357233908765 2.1430326139693303
cell 49.4992837317461 58.84652440809588 0.0 1.6431676725154984 0.6085806194501846 1 0 0 -0.2228405691384638 0.9748549024065302 5.8337306217266525
cell 26.725060448378443 2.502026711763762 0.0 1.6431676725154984 0.6085806194501846 1 0 0 0.17830571771491668 0.9839751374044816 0.35852861316874773
cell 16.598134105068297 43.12728846831626 0.0 1.6431676725154984 0.6085806194501846 1 0 0 0.9576033590782118 -0.28808992811642237 3.7260558531306267
cell 32.67800683483176 48.90850088652514 0.0 1.0 1.0 1 0 0 0.0 1.0 0
cell 22.35917073816476 50.454347361213046 0.0 1.6431676725154984 0.6085806194501846 1 0 0 0.9922953528118361 -0.12389484568792107 3.3900206900720957
cell 40.58383372327113 37.779870093912834 0.0 1.6431676725154984 0.6085806194501846 1 0 0 0.99991206150572 0.013261570622710727 3.1150687348486548
cell 41.33823046627689 27.30795193958342 0.0 1.6431676725154984 0.6085806194501846 1 0 0 0.9678423587921692 -0.25155748553284984 3.650170961907378
cell 4.335850672308529 22.28102263191664 0.0 1.6431676725154984 0.6085806194501846 1 0 0 0.9964877189668376 -0.08373903479422727 3.3092670757465457
cell 50.640496161230914 47.6397228545909 0.0 1.6431676725154984 0.6085806194501846 1 0 0 0.9936388079819739 0.1126140278658126 2.915885806392474
cell 4.340867748710444 12.46434197778002 0.0 1.0 1.0 1 0 0 0.0 1.0 0
cell 40.923441081949036 52.85155231176143 0.0 1.6431676725154984 0.6085806194501846 1 0 0 0.959907588040389 0.28031664670954304 2.5733447227814694
cell 56.217531215453526 52.01431749667951 0.0 1.6431676725154984 0.6085806194501846 1 0 0 0.5093696701853803 -0.8605478133696215 5.21428099459829
cell 53.61263831889814 4.232293446595301 0.0 1.0 1.0 1 0 0 0.0 1.0 0
cell 52.86199020643484 35.80309016740853 0.0 1.6431676725154984 0.6085806194501846 1 0 0 0.2646199191526592 0.964352787307446 0.5356195409870149
cell 21.037725685911923 20.400307070902542 0.0 1.0 1.0 1 0 0 0.0 1.0 0
cell 53.66143065596707 47.52767312213489 0.0 1.6431676725154984 0.6085806194501846 1 0 0 0.9943712551666228 0.10595190842243003 2.9292903552487526
cell 47.10603234665267 52.17834776780676 0.0 1.6431676725154984 0.6085806194501846 1 0 0 0.9801220777451738 -0.19839534449296817 3.541033551690029
cell 10.445192003924786 51.33441465520153 0.0 1.6431676725154984 0.6085806194501846 1 0 0 0.9331488485025772 0.3594902314921982 2.4061495588134303
cell 45.798655442334386 27.37709716157663 0.0 1.6431676725154984 0.6085806194501846 1 0 0 0.9942836757574174 -0.10677065197103028 3.3555417806281786
cell 42.85070951342024 47.38131445164023 0.0 1.6431676725154984 0.6085806194501846 1 0 0 0.99635240677042 0.08533394121210716 2.970716958923993
cell 26.876721531967988 36.8415528861905 0.0 1.0 1.0 1 0 0 0.0 1.0 0
cell 53.25631325179838 57.082764844136626 0.0 1.0 1.0 1 0 0 0.0 1.0 0
cell 11.600038271853292 51.963052097029156 0.0 1.6431676725154984 0.6085806194501846 1 0 0 0.9170301019279344 0.39881799377415533 2.321137585719386
cell 46.56879935392921 49.21420330455748 0.0 1.6431676725154984 0.6085806194501846 1 0 0 0.9957593596230792 0.09199618319819254 2.957339763405398
cell 26.3729401757163 32.522546002605296 0.0 1.0 1.0 1 0 0 0.0 1.0 0
cell 59.89330158029136 57.65906480943927 0.0 1.0 1.0 1 0 0 0.0 1.0 0
cell 55.76222564121968 14.937924046650242 0.0 1.0 1.0 1 0 0 0.0 1.0 0
cell 13.337077424935915 49.279044275461125 0.0 1.6431676725154984 0.6085806194501846 1 0 0 0.9659025427343162 0.2589059248827312 2.6178139866894616
cell 38.9431082508571 18.09744381639347 0.0 1.0 1.0 1 0 0 0.0 1.0 0
cell 45.4266770897854 29.19532372288953 0.0 1.6431676725154984 0.6085806194501846 1 0 0 0.9546743037693614 0.29765243779026107 2.537127275171815
cell 58.38585579620022 25.316260996473 0.0 1.6431676725154984 0.6085806194501846 1 0 0 0.9986339306702142 -0.05225200966620993 3.2461442855186218
cell 38.081450687322366 48.81948140218979 0.0 1.6431676725154984 0.6085806194501846 1 0 0 0.9610343114289339 0.2764291089164 2.58143977758125
cell 14.220726941849724 1.6432468631477173 0.0 1.6431676725154984 0.6085806194501846 1 0 0 0.9855058189847872 0.1696416244532098 2.8006606307163873
cell 38.980546118448444 19.58179711457757 0.0 1.6431676725154984 0.6085806194501846 1 0 0 -0.9683140614744938 -0.24973561690469825 2.6367782314363026
cell 23.32234325385414 26.454369406149677 0.0 1.0 1.0 1 0 0 0.0 1.0 0
cell 29.687263862644585 17.1368266798757 0.0 1.6431676725154984 0.6085806194501846 1 0 0 0.8515681040396474 -0.5242439929863958 4.245246829657036
cell 2.662554154052668 60.011524397440645 0.0 1.0 1.0 1 0 0 0.0 1.0 0
cell 50.97337244379789 13.688260154469406 0.0 1.0 1.0 1 0 0 0.0 1.0 0
cell 29.962247673971365 26.480253752152166 0.0 1.6431676725154984 0.6085806194501846 1 0 0 0.9023050612942812 -0.4310981052645945 4.033011500857546
cell 30.52512019914123 6.66394075640003 0.0 1.6431676725154984 0.6085806194501846 1 0 0 0.8591951392344738 0.5116480359738063 2.0673890270569504
cell 23.708804110883058 18.76153482193613 0.0 1.0 1.0 1 0 0 0.0 1.0 0
cell 46.70931213876466 22.479234438308723 0.0 1.6431676725154984 0.6085806194501846 1 0 0 0.9983390457252777 0.057612062802350796 3.0263046915700067
cell 0.2926788118552131 3.233977622600969 0.0 1.0 1.0 1 0 0 0.0 1.0 0
cell 52.17223035149052 28.365028236974215 0.0 1.0 1.0 1 0 0 0.0 1.0 0
cell 23.44849413920333 28.233579462162247 0.0 1.0 1.0 1 0 0 0.0 1.0 0
cell 32.60349788333359 21.521842644484906 0.0 1.6431676725154984 0.6085806194501846 1 0 0 0.9740200681266463 -0.2264617117451937 3.5984796032859605
cell 17.382957372531926 39.30607116436558 0.0 1.6431676725154984 0.6085806194501846 1 0 0 0.8612821223158101 -0.5081270567281119 4.20761023917027
cell 38.58302974361395 47.1569412273744 0.0 1.6431676725154984 0.6085806194501846 1 0 0 0.9384642148562355 0.3453764865104012 2.4363127965823117
cell 7.389748989743567 39.89506185325064 0.0 1.6431676725154984 0.6085806194501846 1 0 0 0.9876345164413272 -0.1567739198135512 3.4564393099112567
cell 4.077000807144746 4.021362959345816 0.0 1.6431676725154984 0.6085806194501846 1 0 0 0.8956941010375797 0.4446707516426978 2.2199793793944926
cell 32.245147880787805 47.35005836795605 0.0 1.6431676725154984 0.6085806194501846 1 0 0 -0.9971857936651967 -0.07496994672741694 2.991511947679416
cell 2.5221485824878007 52.16672867384399 0.0 1.6431676725154984 0.6085806194501846 1 0 0 0.934710106245118 0.35541105396883804 2.4148850600203793
cell 26.08498686278453 4.073745025048055 0.0 1.0 1.0 1 0 0 0.0 1.0 0
cell 39.64872539974467 52.31651045905083 0.0 1.6431676725154984 0.6085806194501846 1 0 0 0.9761216651952573 0.21722452609325216 2.70365225821418
cell 51.23838572912529 19.98929332623864 0.0 1.6431676725154984 0.6085806194501846 1 0 0 0.9536137294201026 0.3010329800229259 2.530041261661131
cell 19.138978172384704 54.44740367792237 0.0 1.6431676725154984 0.6085806194501846 1 0 0 0.9798424787386002 -0.19977166180265885 3.5438424128582864
cell 42.176104397664155 24.361647437416906 0.0 1.6431676725154984 0.6085806194501846 1 0 0 0.9998561589379397 -0.01696058471484841 3.1755154495320865
cell 17.328327381346526 21.682027929754938 0.0 1.0 1.0 1 0 0 0.0 1.0 0
cell 0.44973648534430966 7.025046186256811 0.0 1.6431676725154984 0.6085806194501846 1 0 0 0.9828118319785821 0.18461013764932643 2.7702423196340895
cell 22.062404600941633 7.901802769719619 0.0 1.6431676725154984 0.6085806194501846 1 0 0 0.3870616099011358 -0.9220538542518767 5.488299977326885
cell 58.73758294997444 34.114597257119414 0.0 1.6431676725154984 0.6085806194501846 1 0 0 0.8087606565633159 0.5881379093335799 1.8840836378768064
cell 2.259950861489128 34.00134386116738 0.0 1.6431676725154984 0.6085806194501846 1 0 0 0.6169286660576158 0.7870190728288424 1.3296684320532823
cell 23.589472555687774 5.823174053394928 0.0 1.6431676725154984 0.6085806194501846 1 0 0 0.2567503068512897 -0.9664777700142764 5.763868737358331
cell 6.092865840785337 15.406847176854118 0.0 1.0 1.0 1 0 0 0.0 1.0 0
cell 8.51491449906379 5.163849718632675 0.0 1.6431676725154984 0.6085806194501846 1 0 0 0.9678276925907636 0.251613905526778 2.632897755166634
cell 39.4858920463382 44.73677501518126 0.0 1.0 1.0 1 0 0 0.0 1.0 0
cell 39.75344308081746 56.92180074502764 0.0 1.6431676725154984 0.6085806194501846 1 0 0 0.9619054042337535 0.2733825036572374 2.5877771633769626
cell 32.33564505458392 24.61350295355456 0.0 1.6431676725154984 0.6085806194501846 1 0 0 0.9284166859950986 -0.371540653449765 3.902928478804387
cell 30.419914644586424 56.71839941286415 0.0 1.6431676725154984 0.6085806194501846 1 0 0 0.9940764258081947 -0.10868329978614386 3.3593894684261527
cell 13.753252979751716 21.746091457780455 0.0 1.6431676725154984 0.6085806194501846 1 0 0 0.9853138776167264 -0.1707529284548022 3.4847801925527238
cell 5.862938392918577 9.005300188422844 0.0 1.6431676725154984 0.6085806194501846 1 0 0 0.9766554474880954 0.21481186394570506 2.7085942680406183
cell 21.970680314975507 23.342612133739774 0.0 1.0 1.0 1 0 0 0.0 1.0 0
cell 0.3940333076417627 38.12600356886777 0.0 1.6431676725154984 0.6085806194501846 1 0 0 0.7889320590533083 0.6144804359765307 1.818138191150382
cell 59.74089043135291 58.874009769699924 0.0 1.6431676725154984 0.6085806194501846 1 0 0 0.2621225836306486 -0.9650345854687249 5.752743231667017
cell 43.64972843713427 54.130168570013275 0.0 1.6431676725154984 0.6085806194501846 1 0 0 0.992639423531616 0.12110728653066644 2.8987820456656834
cell 32.21694486593011 32.72310380320585 0.0 1.0 1.0 1 0 0 0.0 1.0 0
cell 45.7074815658404 50.57106289286351 0.0 1.6431676725154984 0.6085806194501846 1 0 0 0.9928520374112904 -0.11935171472689292 3.3808664619238766
cell 21.21298549076946 54.157425891487286 0.0 1.6431676725154984 0.6085806194501846 1 0 0 0.983894162694496 -0.1787519975152632 3.501028399752939
cell 3.7304740563018153 39.09951301172251 0.0 1.6431676725154984 0.6085806194501846 1 0 0 0.24377187492915156 -0.9698326005004813 5.7906789797040075
cell 28.81951678791471 36.405774166248854 0.0 1.0 1.0 1 0 0 0.0 1.0 0
cell 57.89309283231973 29.39756717418372 0.0 1.6431676725154984 0.6085806194501846 1 0 0 0.6989200591296785 0.7151997979209493 1.5477727908915213
