1000
 Lattice="59.74940712514713 0.0 0.0 0.0 59.74940712514713 0.0 0.0 0.0 1.0"Properties=species:S:1:pos:R:3:aspherical_shape:R:3:orientation:R:4:Color:R:1
cell 28.447182892320853 17.892630548340737 0.0 1.6431676725154984 0.6085806194501846 1 0 0 0.7858240683038641 0.6184501060508956 1.8080549494420417
cell 50.66378008057794 12.264767420281371 0.0 1.6431676725154984 0.6085806194501846 1 0 0 0.9869129045935523 -0.1612542053613422 3.465515370199804
cell 37.04034679512824 50.52175684028122 0.0 1.0 1.0 1 0 0 0.0 1.0 0
cell 4.099764723349908 29.845993688898663 0.0 1.6431676725154984 0.6085806194501846 1 0 0 0.8478458054595178 0.5302428596074648 2.0238186879382307
cell 43.91448386694556 49.424671734565244 0.0 1.6431676725154984 0.6085806194501846 1 0 0 0.8961553829109477 0.4437403854504712 2.2220562639028287
cell 8.822545452655461 3.045514960250434 0.0 1.6431676725154984 0.6085806194501846 1 0 0 0.8688869600619538 0.4950105560837029 2.105898692464306
cell 15.85376253670673 58.404668505476224 0.0 1.0 1.0 1 0 0 0.0 1.0 0
cell 40.71991172910247 59.39593920417648 0.0 1.0 1.0 1 0 0 0.0 1.0 0
cell 28.344044892252647 23.11225823436687 0.0 1.6431676725154984 0.6085806194501846 1 0 0 0.8668053021650058 0.49864673681739147 2.097518922632179
cell 55.106130457697894 9.912974086026747 0.0 1.6431676725154984 0.6085806194501846 1 0 0 -0.9887994787251956 -0.14925009505116374 2.8419729938436173
cell 20.240708355987664 14.615293440876892 0.0 1.0 1.0 1 0 0 0.0 1.0 0
cell 32.579112612980325 40.88959642055765 0.0 1.0 1.0 1 0 0 0.0 1.0 0
cell 10.617665906155759 44.28176324424058 0.0 1.6431676725154984 0.6085806194501846 1 0 0 0.22818454903309307 -0.9736178981420607 5.822760047246349
cell 52.23116026240565 2.2008263880338195 0.0 1.0 1.0 1 0 0 0.0 1.0 0
cell 57.29027795703562 0.07940503397222516 0.0 1.0 1.0 1 0 0 0.0 1.0 0
cell 1.440806294763811 48.169294680198234 0.0 1.0 1.0 1 0 0 0.0 1.0 0
cell 11.759738663161672 18.49756865796915 0.0 1.0 1.0 1 0 0 0.0 1.0 0
cell 51.78902507061781 26.95565261425537 0.0 1.6431676725154984 0.6085806194501846 1 0 0 0.9670791293434963 0.2544758487326944 2.626981312914462
cell 7.88037712008274 21.951602789926394 0.0 1.6431676725154984 0.6085806194501846 1 0 0 0.933460402352262 -0.35868046676722326 3.875300484976015
cell 27.115361614766858 1.5999915987150428 0.0 1.0 1.0 1 0 0 0.0 1.0 0
cell 51.97750451498968 23.497573358213845 0.0 1.6431676725154984 0.6085806194501846 1 0 0 0.9319972791989758 0.3624652694613738 2.3997692856500223
cell 30.740428465668703 30.03020450123861 0.0 1.0 1.0 1 0 0 0.0 1.0 0
cell 48.866238046170615 8.049328993255832 0.0 1.6431676725154984 0.6085806194501846 1 0 0 -0.9998454709958834 0.017579366570503616 3.1767531978574226
cell 2.569117742521154 39.45296548043859 0.0 1.0 1.0 1 0 0 0.0 1.0 0
cell 45.93104608279425 46.244382433504605 0.0 1.6431676725154984 0.6085806194501846 1 0 0 0.14375227382659322 -0.9896137043158225 5.994681236673926
cell 49.33796453411426 9.440284261830353 0.0 1.6431676725154984 0.6085806194501846 1 0 0 0.9867826964655004 -0.16204909736334844 3.4671263419395233
cell 27.846783544296304 13.113716899973236 0.0 1.6431676725154984 0.6085806194501846 1 0 0 0.6664666235288568 0.7455348682134492 1.4589186047930818
cell 1.2446195908753361 37.61474765500115 0.0 1.0 1.0 1 0 0 0.0 1.0 0
cell 34.83116798393889 20.936074548939576 0.0 1.0 1.0 1 0 0 0.0 1.0 0
cell 26.288505901579317 27.81196049033636 0.0 1.6431676725154984 0.6085806194501846 1 0 0 -0.8156107814788219 -0.5786009446375847 1.9075680574943252
cell 16.66583218188008 36.89170816341303 0.0 1.6431676725154984 0.6085806194501846 1 0 0 0.8189276716894708 0.5738967403124557 1.9190800322121646
cell 6.769754175682681 25.077797498273714 0.0 1.6431676725154984 0.6085806194501846 1 0 0 0.22554462434128517 -0.9742328378938726 5.8281812492442135
cell 34.027486874024866 17.638021345589475 0.0 1.6431676725154984 0.6085806194501846 1 0 0 0.9275736253140433 0.37364042824855387 2.375731429960943
cell 8.2365375595778 48.610629589483565 0.0 1.0 1.0 1 0 0 0.0 1.0 0
cell 17.051824274775807 43.26817070195687 0.0 1.0 1.0 1 0 0 0.0 1.0 0
cell 57.93554949481183 36.18758115398289 0.0 1.0 1.0 1 0 0 0.0 1.0 0
cell 0.9068342199763124 42.85961778459595 0.0 1.0 1.0 1 0 0 0.0 1.0 0
cell 27.779899803718212 40.447851730004004 0.0 1.0 1.0 1 0 0 0.0 1.0 0
cell 36.81260709208781 36.390750851706436 0.0 1.0 1.0 1 0 0 0.0 1.0 0
cell 27.81187947291882 38.46500058751281 0.0 1.0 1.0 1 0 0 0.0 1.0 0
cell 24.51132057053228 50.24657148860125 0.0 1.0 1.0 1 0 0 0.0 1.0 0
cell 35.406703906157546 51.8768231309115 0.0 1.0 1.0 1 0 0 0.0 1.0 0
cell 33.07023099556254 37.657004862478836 0.0 1.0 1.0 1 0 0 0.0 1.0 0
cell 23.098161800744176 23.867477964234123 0.0 1.0 1.0 1 0 0 0.0 1.0 0
cell 11.773302406725305 6.870041445019612 0.0 1.0 1.0 1 0 0 0.0 1.0 0
cell 54.382271617321685 15.382159661693825 0.0 1.6431676725154984 0.6085806194501846 1 0 0 0.992419451987276 0.12289683200666678 2.895176016618841
cell 50.77342150902477 14.94185473205825 0.0 1.6431676725154984 0.6085806194501846 1 0 0 0.956971249829936 -0.2901827475900837 3.730428247145211
cell 13.168595755223352 2.786436292385444 0.0 1.6431676725154984 0.6085806194501846 1 0 0 0.9234811801242719 0.3836437278990523 2.3541152093222917
cell 4.0609561423831675 36.41952712464566 0.0 1.0 1.0 1 0 0 0.0 1.0 0
cell 1.2056378402129844 17.969172036358568 0.0 1.6431676725154984 0.6085806194501846 1 0 0 0.839926110685171 0.5427007726079649 1.9942941138189496
cell 58.061580790715944 9.006704908538145 0.0 1.6431676725154984 0.6085806194501846 1 0 0 0.95236580035668 0.3049580008968126 2.5218039951759974
cell 11.545587235954832 28.14833241755306 0.0 1.0 1.0 1 0 0 0.0 1.0 0
cell 1.522038789609228 55.22977927672405 0.0 1.0 1.0 1 0 0 0.0 1.0 0
cell 44.340548368926505 13.246281011381903 0.0 1.6431676725154984 0.6085806194501846 1 0 0 0.999757725045589 0.02201116107042801 3.0975667759356735
cell 39.56901130470732 26.521676283447025 0.0 1.6431676725154984 0.6085806194501846 1 0 0 0.9692777595635156 0.2459687476398815 2.644554615457491
cell 56.13117869658533 50.43991684654027 0.0 1.0 1.0 1 0 0 0.0 1.0 0
cell 23.102021084053607 3.6158624691120687 0.0 1.0 1.0 1 0 0 0.0 1.0 0
cell 22.02758973937582 22.289643351792012 0.0 1.0 1.0 1 0 0 0.0 1.0 0
cell 9.678935190504571 21.40439176733282 0.0 1.0 1.0 1 0 0 0.0 1.0 0
cell 19.60947322101864 19.81440812788926 0.0 1.0 1.0 1 0 0 0.0 1.0 0
cell 17.153061682711684 31.586978020868802 0.0 1.0 1.0 1 0 0 0.0 1.0 0
cell 29.440694625857702 23.23527412402779 0.0 1.6431676725154984 0.6085806194501846 1 0 0 0.9247474437316014 0.38058135176578034 2.3607429030854257
cell 7.52563942190315 23.21116846982049 0.0 1.6431676725154984 0.6085806194501846 1 0 0 0.9469480158893866 -0.3213867688675966 3.7959798246164747
cell 4.548586476257444 38.37918243308311 0.0 1.0 1.0 1 0 0 0.0 1.0 0
cell 28.020838320406042 56.84978071231677 0.0 1.0 1.0 1 0 0 0.0 1.0 0
cell 36.96667760411537 17.930530033072195 0.0 1.6431676725154984 0.6085806194501846 1 0 0 0.9725796046316457 0.23257023166035612 2.67215355986548
cell 11.653552689071562 47.80601763791767 0.0 1.0 1.0 1 0 0 0.0 1.0 0
cell 18.308196798114633 48.23112730574311 0.0 1.0 1.0 1 0 0 0.0 1.0 0
cell 48.18972257887175 13.198795305577972 0.0 1.6431676725154984 0.6085806194501846 1 0 0 0.988252314072165 -0.15283116086391235 3.448457569953869
cell 20.994794405476455 9.440946271814616 0.0 1.0 1.0 1 0 0 0.0 1.0 0
cell 37.89303358836031 0.6580374678379717 0.0 1.0 1.0 1 0 0 0.0 1.0 0
cell 40.44708388586897 51.00122314125511 0.0 1.0 1.0 1 0 0 0.0 1.0 0
cell 37.2809345814744 34.7839374726419 0.0 1.0 1.0 1 0 0 0.0 1.0 0
cell 55.05094583574846 37.5517738706802 0.0 1.6431676725154984 0.6085806194501846 1 0 0 0.813985310064755 0.5808854577270673 1.901960504543603
cell 27.362484251148324 51.535139725998185 0.0 1.0 1.0 1 0 0 0.0 1.0 0
cell 59.26929435892069 18.666800952416725 0.0 1.6431676725154984 0.6085806194501846 1 0 0 0.840385053190576 0.5419898175924274 1.9959865502876146
cell 23.529493658328143 34.61881355681695 0.0 1.6431676725154984 0.6085806194501846 1 0 0 0.901115984407723 0.4335781159663163 2.2446731293851183
cell 32.643335334182936 30.281641679713655 0.0 1.0 1.0 1 0 0 0.0 1.0 0
cell 3.2888197211188315 58.09463700818166 0.0 1.0 1.0 1 0 0 0.0 1.0 0
cell 26.65600583848434 54.16862730201246 0.0 1.6431676725154984 0.6085806194501846 1 0 0 0.8428663793553655 0.5381229102652825 2.005175671888451
cell 52.228181189660724 6.076294634103802 0.0 1.6431676725154984 0.6085806194501846 1 0 0 0.9997515382763317 -0.022290395108849646 3.1861771363811404
cell 42.66613829942662 32.30057159596487 0.0 1.0 1.0 1 0 0 0.0 1.0 0
cell 46.78153882274905 25.51169763279117 0.0 1.6431676725154984 0.6085806194501846 1 0 0 0.9936502495059775 -0.11251302883092612 3.3670962107132927
cell 9.674240215764568 6.251988428691105 0.0 1.6431676725154984 0.6085806194501846 1 0 0 0.839131087791644 0.5439292394251409 1.9913675509857316
cell 38.94977204944197 50.00795478903424 0.0 1.0 1.0 1 0 0 0.0 1.0 0
cell 55.6186266818296 53.16558703535214 0.0 1.0 1.0 1 0 0 0.0 1.0 0
cell 25.119338867784847 28.666599216076463 0.0 1.6431676725154984 0.6085806194501846 1 0 0 0.8240532631958352 0.566512329447732 1.9370579916274802
cell 21.36115280848331 24.195240149372957 0.0 1.0 1.0 1 0 0 0.0 1.0 0
cell 29.841626809064664 51.846724650562756 0.0 1.6431676725154984 0.6085806194501846 1 0 0 0.7550481256337918 0.6556693739811993 1.7114550312845462
cell 43.560093234202604 51.404339740740696 0.0 1.6431676725154984 0.6085806194501846 1 0 0 0.917401029480782 0.3979640073016673 2.3229997137571723
cell 23.895978786976926 22.149367257548676 0.0 1.0 1.0 1 0 0 0.0 1.0 0
cell 16.64122345632982 40.84203604385077 0.0 1.0 1.0 1 0 0 0.0 1.0 0
cell 39.53575384364848 12.276854527919173 0.0 1.6431676725154984 0.6085806194501846 1 0 0 0.995717225765773 0.09245110228284174 2.956426031192679
cell 54.80817268754436 5.591801190120533 0.0 1.6431676725154984 0.6085806194501846 1 0 0 0.7707355488310494 0.6371551724408279 1.7599895470410014
cell 30.241652930638605 18.22298726000969 0.0 1.6431676725154984 0.6085806194501846 1 0 0 0.8441754080488328 0.5360670484609054 2.0100501469656025
cell 22.551131514460312 33.8062449204089 0.0 1.6431676725154984 0.6085806194501846 1 0 0 0.875344918278272 0.48349899073773184 2.1322974720209893
cell 40.7193785035104 18.56904650524635 0.0 1.0 1.0 1 0 0 0.0 1.0 0
cell 6.5708838142540165 43.41561327601315 0.0 1.0 1.0 1 0 0 0.0 1.0 0
cell 11.960191415151467 31.960212242458535 0.0 1.6431676725154984 0.6085806194501846 1 0 0 0.999965222904549 0.008339843011451655 3.124912774207189
cell 47.02011551916814 14.301694885271587 0.0 1.6431676725154984 0.6085806194501846 1 0 0 0.8830737919096356 -0.4692341398942936 4.118439277027771
cell 50.264932239816325 39.933907215543805 0.0 1.0 1.0 1 0 0 0.0 1.0 0
cell 35.96009586926604 31.85328200095419 0.0 1.0 1.0 1 0 0 0.0 1.0 0
cell 47.64378454346856 11.88045100795837 0.0 1.6431676725154984 0.6085806194501846 1 0 0 0.9910609676626343 -0.13340973868351175 3.4092100206105775
cell 15.210940764672523 52.835102845928716 0.0 1.0 1.0 1 0 0 0.0 1.0 0
cell 7.4597323315929 31.445581402718947 0.0 1.0 1.0 1 0 0 0.0 1.0 0
cell 51.79075720495518 39.744530933166594 0.0 1.0 1.0 1 0 0 0.0 1.0 0
cell 41.068477989252976 13.358922677452739 0.0 1.6431676725154984 0.6085806194501846 1 0 0 0.9989273281110551 -0.04630543329792277 3.234236648091293
cell 24.087807948620743 32.782360727080494 0.0 1.6431676725154984 0.6085806194501846 1 0 0 0.8806575515714132 0.4737533924524906 2.1544967533908332
cell 23.231157734312546 20.74121640427239 0.0 1.0 1.0 1 0 0 0.0 1.0 0
cell 44.179848666807416 6.893409916034171 0.0 1.6431676725154984 0.6085806194501846 1 0 0 0.9912863316340914 0.13172474602528614 2.8773752806124793
cell 20.24108983839928 27.73981321543673 0.0 1.0 1.0 1 0 0 0.0 1.0 0
cell 16.52445030259852 38.8135079701672 0.0 1.6431676725154984 0.6085806194501846 1 0 0 0.8431473304047783 0.5376826008262641 2.0062202883739744
cell 53.708727261792916 30.842094044633182 0.0 1.6431676725154984 0.6085806194501846 1 0 0 -0.13246601797027618 0.9911875473809679 6.017472283907374
cell 21.821246936995344 41.197190686452196 0.0 1.6431676725154984 0.6085806194501846 1 0 0 0.8261314000496711 0.563477514947997 1.9444142860977582
cell 6.769029366297309 54.58436054127582 0.0 1.0 1.0 1 0 0 0.0 1.0 0
cell 45.105057650035604 10.53158866375368 0.0 1.6431676725154984 0.6085806194501846 1 0 0 0.9914070284864086 -0.13081324041452952 3.403971102677263
cell 4.100884509772607 19.242590538911514 0.0 1.6431676725154984 0.6085806194501846 1 0 0 0.8790844694697193 -0.4766660209592688 4.1353091284235255
cell 32.23901883565405 48.93513893125366 0.0 1.6431676725154984 0.6085806194501846 1 0 0 0.8805112848314162 0.4740251863398491 2.1538794499737324
cell 40.42862718975327 23.667833612974412 0.0 1.0 1.0 1 0 0 0.0 1.0 0
cell 9.260967467083555 54.46523561132737 0.0 1.0 1.0 1 0 0 0.0 1.0 0
cell 30.212787343242777 21.427943205693982 0.0 1.6431676725154984 0.6085806194501846 1 0 0 0.9568343510359609 0.29063383264443166 2.5518142578066247
cell 19.14062155239518 13.00325021017184 0.0 1.0 1.0 1 0 0 0.0 1.0 0
cell 29.254088488895125 4.953095401494154 0.0 1.6431676725154984 0.6085806194501846 1 0 0 0.350490257973574 -0.9365663772875992 5.566996276091155
cell 18.08686656767648 18.26994830402156 0.0 1.6431676725154984 0.6085806194501846 1 0 0 0.8578115963659724 0.5139642644582034 2.0619930620176397
cell 36.710210849865206 52.49673135847848 0.0 1.6431676725154984 0.6085806194501846 1 0 0 0.5983283803051459 -0.8012509902155633 5.000358872397368
cell 18.556140737729244 22.960707867567272 0.0 1.0 1.0 1 0 0 0.0 1.0 0
cell 15.603696594738834 31.223487532590312 0.0 1.0 1.0 1 0 0 0.0 1.0 0
cell 16.80162225687771 9.954649606499967 0.0 1.0 1.0 1 0 0 0.0 1.0 0
cell 17.291785537333716 44.652763083203865 0.0 1.6431676725154984 0.6085806194501846 1 0 0 0.10773266485069911 0.9941798996782056 0.21588431522387072
cell 51.523519459817315 35.91441320073609 0.0 1.0 1.0 1 0 0 0.0 1.0 0
cell 17.959656107254705 1.5608399101844375 0.0 1.0 1.0 1 0 0 0.0 1.0 0
cell 16.076242735502394 45.69763099467624 0.0 1.0 1.0 1 0 0 0.0 1.0 0
cell 58.745398625436955 29.90370427943081 0.0 1.6431676725154984 0.6085806194501846 1 0 0 0.7129740722748994 -0.7011903965855112 4.695724153573463
cell 54.94194304776789 21.140970786931597 0.0 1.6431676725154984 0.6085806194501846 1 0 0 0.95655161101483 0.2915630557271161 2.549871684738646
cell 5.018674767832671 4.726693529272389 0.0 1.0 1.0 1 0 0 0.0 1.0 0
cell 53.89287355726225 1.0931925521964385 0.0 1.0 1.0 1 0 0 0.0 1.0 0
cell 36.742068681662225 21.354215766399008 0.0 1.0 1.0 1 0 0 0.0 1.0 0
cell 45.84300538978425 39.11236359694075 0.0 1.6431676725154984 0.6085806194501846 1 0 0 0.6439189586281476 -0.7650937032280699 4.883966329724648
cell 50.681433351405126 45.88576391253844 0.0 1.0 1.0 1 0 0 0.0 1.0 0
cell 29.569369115412304 2.0646194922421577 0.0 1.6431676725154984 0.6085806194501846 1 0 0 0.22571566021035636 -0.9741932255645196 5.82783012302631
cell 13.014595889496052 46.4421824583657 0.0 1.0 1.0 1 0 0 0.0 1.0 0
cell 0.6060036532875346 58.77716846761645 0.0 1.0 1.0 1 0 0 0.0 1.0 0
cell 46.32305584451714 59.4508149258817 0.0 1.6431676725154984 0.6085806194501846 1 0 0 0.6924165904610217 -0.72149793156622 4.753519106464303
cell 37.30204299513677 54.65745361580937 0.0 1.6431676725154984 0.6085806194501846 1 0 0 0.6911671582345427 -0.7226949282913134 4.756979674507496
cell 31.31204074914989 7.824010047409005 0.0 1.6431676725154984 0.6085806194501846 1 0 0 0.9741049774855992 0.22609620261689545 2.6854561878008734
cell 45.84241062631973 23.972624623516932 0.0 1.0 1.0 1 0 0 0.0 1.0 0
cell 44.331306842805304 5.399940332560858 0.0 1.6431676725154984 0.6085806194501846 1 0 0 0.995203098739178 -0.09783042604393585 3.3375669624714086
cell 44.17737894377039 58.34446515670067 0.0 1.6431676725154984 0.6085806194501846 1 0 0 0.8039412988571886 0.5947086580770593 1.867786237448932
cell 46.7223230254603 50.363587806586416 0.0 1.6431676725154984 0.6085806194501846 1 0 0 0.7242624478555638 -0.6895244061135666 4.663257029021678
cell 54.503547441220064 51.68096426905831 0.0 1.0 1.0 1 0 0 0.0 1.0 0
cell 16.749061762940652 27.33103116324285 0.0 1.0 1.0 1 0 0 0.0 1.0 0
cell 45.20232407589436 11.8574266186476 0.0 1.6431676725154984 0.6085806194501846 1 0 0 0.968921255743663 -0.2473693598005286 3.6415212347587693
cell 12.312315916223193 40.64822961050753 0.0 1.0 1.0 1 0 0 0.0 1.0 0
cell 0.8005484619726071 9.056534305232658 0.0 1.6431676725154984 0.6085806194501846 1 0 0 0.9152999961753334 0.4027727858252523 2.312504237581596
cell 56.086305572090474 56.5407242001115 0.0 1.6431676725154984 0.6085806194501846 1 0 0 0.18050455390062234 0.9835741487153561 0.3629988143186314
cell 36.10058859405126 8.228152705621458 0.0 1.6431676725154984 0.6085806194501846 1 0 0 0.9111406927522546 0.41209542342877536 2.292087354189133
cell 37.72566735292048 31.15008956644115 0.0 1.0 1.0 1 0 0 0.0 1.0 0
cell 54.74444113132897 44.6810354048961 0.0 1.0 1.0 1 0 0 0.0 1.0 0
cell 42.312917465027525 54.12940497911675 0.0 1.0 1.0 1 0 0 0.0 1.0 0
cell 6.48160385475481 18.777265152663 0.0 1.0 1.0 1 0 0 0.0 1.0 0
cell 9.131182112588645 41.42916153769183 0.0 1.0 1.0 1 0 0 0.0 1.0 0
cell 44.18125514459191 32.4089523332582 0.0 1.6431676725154984 0.6085806194501846 1 0 0 0.7113662489476296 -0.7028214992856857 4.7003048060000285
cell 46.77539334475967 41.22629043249582 0.0 1.0 1.0 1 0 0 0.0 1.0 0
cell 59.40111161854259 11.148075538107243 0.0 1.6431676725154984 0.6085806194501846 1 0 0 0.9813841809025116 0.19205491265340371 2.7550814307916114
cell 11.521285809034248 25.495804226237226 0.0 1.6431676725154984 0.6085806194501846 1 0 0 0.9653311807616737 0.26102818133158145 2.613418339350155
cell 24.183910396072147 56.953827551820375 0.0 1.0 1.0 1 0 0 0.0 1.0 0
cell 40.69680586460769 29.2889628240402 0.0 1.0 1.0 1 0 0 0.0 1.0 0
cell 3.775718577228265 45.13701503634035 0.0 1.0 1.0 1 0 0 0.0 1.0 0
cell 38.78730410385981 36.08040527084911 0.0 1.0 1.0 1 0 0 0.0 1.0 0
cell 34.29066059554114 31.150633585502938 0.0 1.0 1.0 1 0 0 0.0 1.0 0
cell 39.20783706558355 42.58032440989906 0.0 1.6431676725154984 0.6085806194501846 1 0 0 -0.9535355764017872 -0.30128044167537904 2.5295222427247346
cell 36.44463993843344 38.26200090924061 0.0 1.0 1.0 1 0 0 0.0 1.0 0
cell 48.03954935568455 57.03797262519968 0.0 1.6431676725154984 0.6085806194501846 1 0 0 0.27475880115712803 -0.9615131830540327 5.726507627167624
cell 31.666614897262782 33.39337102621779 0.0 1.0 1.0 1 0 0 0.0 1.0 0
cell 27.018724511840997 23.839078140517245 0.0 1.6431676725154984 0.6085806194501846 1 0 0 0.8337098231328637 0.5522027986272517 1.9715844581906428
cell 29.64044903605006 49.00524896249823 0.0 1.0 1.0 1 0 0 0.0 1.0 0
cell 6.933542997989458 34.023330797225945 0.0 1.6431676725154984 0.6085806194501846 1 0 0 0.6665513304363144 0.7454591363002933 1.459145854284656
cell 21.410328742726954 32.87740444382758 0.0 1.6431676725154984 0.6085806194501846 1 0 0 0.8278594345053794 0.5609356083370297 1.9505616106334476
cell 37.87372977483499 47.25902035895105 0.0 1.0 1.0 1 0 0 0.0 1.0 0
cell 51.64304181942629 29.415859603504344 0.0 1.6431676725154984 0.6085806194501846 1 0 0 0.9991656755410254 0.0408405781135186 3.0598887735834808
cell 15.364966453451531 8.522134177767137 0.0 1.0 1.0 1 0 0 0.0 1.0 0
cell 46.3902128093864 44.9967580427096 0.0 1.6431676725154984 0.6085806194501846 1 0 0 -0.0995150049128502 0.9950360615561605 6.083825317822521
cell 33.958530442722314 6.086834278300659 0.0 1.6431676725154984 0.6085806194501846 1 0 0 0.07602831925013107 -0.9971056587303073 6.130981797358915
cell 45.52215229735434 27.597444533083014 0.0 1.6431676725154984 0.6085806194501846 1 0 0 0.9787211273810886 -0.20519491908400378 3.5549183736364816
cell 37.204811095763894 25.738993380024958 0.0 1.6431676725154984 0.6085806194501846 1 0 0 0.9946781399370549 -0.10303105323814131 3.3480210845608775
cell 28.39069370656168 47.50939002648335 0.0 1.0 1.0 1 0 0 0.0 1.0 0
cell 47.69822323053374 43.80996052812999 0.0 1.0 1.0 1 0 0 0.0 1.0 0
cell 48.72396225304053 40.87199558580184 0.0 1.0 1.0 1 0 0 0.0 1.0 0
cell 25.91760164785587 45.19763127839007 0.0 1.6431676725154984 0.6085806194501846 1 0 0 0.6000818806858103 0.7999385829378284 1.2872069271588285
cell 50.9215171831148 20.282545488525205 0.0 1.6431676725154984 0.6085806194501846 1 0 0 0.6308517124830425 -0.7759034197999212 4.917884453929675
cell 33.82334436932298 51.187868987971356 0.0 1.0 1.0 1 0 0 0.0 1.0 0
cell 43.80491757530936 41.48301009666915 0.0 1.6431676725154984 0.6085806194501846 1 0 0 0.85525795630667 -0.5182024972673694 4.231088455517756
cell 1.9280960897015622 3.1748440246064447 0.0 1.6431676725154984 0.6085806194501846 1 0 0 0.945273112440907 0.3262801601327921 2.476861278530123
cell 21.184057091051624 38.346384303325465 0.0 1.0 1.0 1 0 0 0.0 1.0 0
cell 19.08325670647931 51.856391905827635 0.0 1.0 1.0 1 0 0 0.0 1.0 0
cell 36.988196986933694 3.1162372744320797 0.0 1.6431676725154984 0.6085806194501846 1 0 0 0.9881099215302541 0.15374909096796316 2.832869919824615
cell 54.535734915207456 57.54372853562629 0.0 1.0 1.0 1 0 0 0.0 1.0 0
cell 26.09895494266211 13.599801305622067 0.0 1.0 1.0 1 0 0 0.0 1.0 0
cell 35.19066423262758 17.90770030216162 0.0 1.6431676725154984 0.6085806194501846 1 0 0 0.9432226561727014 0.33216113692380367 2.4644048931290143
cell 13.933218049680224 15.513882421194834 0.0 1.0 1.0 1 0 0 0.0 1.0 0
cell 52.077870373314084 45.02882172241178 0.0 1.0 1.0 1 0 0 0.0 1.0 0
cell 25.06225507938147 30.495134226513887 0.0 1.6431676725154984 0.6085806194501846 1 0 0 0.8499294264583398 0.5268965458609476 2.0317026748178164
cell 52.51526829972852 10.561074253349295 0.0 1.6431676725154984 0.6085806194501846 1 0 0 0.9750956300043825 -0.22178483344529296 3.588881672637418
cell 25.44066551837042 43.03895771721792 0.0 1.0 1.0 1 0 0 0.0 1.0 0
cell 45.73609295391183 29.27716087794501 0.0 1.0 1.0 1 0 0 0.0 1.0 0
cell 22.812246003187237 38.45696516562396 0.0 1.0 1.0 1 0 0 0.0 1.0 0
cell 43.48198461180152 16.842879923235163 0.0 1.6431676725154984 0.6085806194501846 1 0 0 0.9856804403406221 -0.16862404789921676 3.4804597747649693
cell 48.2068549513231 39.518852699990866 0.0 1.6431676725154984 0.6085806194501846 1 0 0 0.970982892458783 0.239148954738204 2.6586140972285093
cell 34.39120027894688 27.42750357202301 0.0 1.0 1.0 1 0 0 0.0 1.0 0
cell 57.12491773121765 27.098199360261574 0.0 1.6431676725154984 0.6085806194501846 1 0 0 0.9998665998424774 -0.0163334784857116 3.174261063231133
cell 43.27410494411366 56.55775875600424 0.0 1.0 1.0 1 0 0 0.0 1.0 0
cell 40.44196950163157 53.72538132687709 0.0 1.0 1.0 1 0 0 0.0 1.0 0
cell 40.59163581306356 15.714577672904964 0.0 1.6431676725154984 0.6085806194501846 1 0 0 0.9968161449991946 -0.07973439075420756 3.301230892755126
cell 53.3160633455711 59.12197789583287 0.0 1.0 1.0 1 0 0 0.0 1.0 0
cell 23.288130422628605 55.095516314946906 0.0 1.6431676725154984 0.6085806194501846 1 0 0 0.7948725088523686 0.6067764783433364 1.8375948767295132
cell 24.89070229284667 39.74211636993743 0.0 1.0 1.0 1 0 0 0.0 1.0 0
cell 8.547695204563816 12.83679005979508 0.0 1.0 1.0 1 0 0 0.0 1.0 0
cell 5.7698780773174905 48.619104600436856 0.0 1.0 1.0 1 0 0 0.0 1.0 0
cell 51.61377803447077 21.986275853851673 0.0 1.6431676725154984 0.6085806194501846 1 0 0 0.8742177733211408 0.4855340202389803 2.1276448154611423
cell 8.319660402561961 16.46847903988719 0.0 1.0 1.0 1 0 0 0.0 1.0 0
cell 27.30011559404743 32.544754366312894 0.0 1.6431676725154984 0.6085806194501846 1 0 0 0.9731521373454942 0.23016280668234912 2.677102697914846
cell 4.1513944264818115 12.894362585469278 0.0 1.6431676725154984 0.6085806194501846 1 0 0 0.9003146042550059 0.43523971942499934 2.2409836106261536
cell 7.430003611730042 8.451695710831858 0.0 1.6431676725154984 0.6085806194501846 1 0 0 0.9566293043229601 0.2913080399003252 2.5504048613415193
cell 59.55849125338303 20.840130352880227 0.0 1.6431676725154984 0.6085806194501846 1 0 0 0.805523788141086 0.5925634368899542 1.8731177477353282
cell 16.85319356941498 49.59200218241698 0.0 1.0 1.0 1 0 0 0.0 1.0 0
cell 34.45171342279634 29.415229492284784 0.0 1.0 1.0 1 0 0 0.0 1.0 0
cell 17.935923504401337 55.703657406663986 0.0 1.0 1.0 1 0 0 0.0 1.0 0
cell 20.499825486132593 41.13429071426801 0.0 1.0 1.0 1 0 0 0.0 1.0 0
cell 1.6547501600316703 25.77524791323499 0.0 1.6431676725154984 0.6085806194501846 1 0 0 0.9815910802397826 0.190994636557409 2.7572419796561274
cell 21.497344768969246 20.413646186908753 0.0 1.0 1.0 1 0 0 0.0 1.0 0
cell 2.794982737847104 26.714553014897152 0.0 1.0 1.0 1 0 0 0.0 1.0 0
cell 32.11449367181606 50.66140516272033 0.0 1.6431676725154984 0.6085806194501846 1 0 0 0.8926518241623561 0.45074684781994667 2.206389004710228
cell 33.141669848471714 43.57817698400266 0.0 1.6431676725154984 0.6085806194501846 1 0 0 -0.9828232569935554 -0.18454930374450015 2.77036611454424
cell 53.268286147085995 56.04734409630954 0.0 1.0 1.0 1 0 0 0.0 1.0 0
cell 39.39199767793346 25.12650151188547 0.0 1.0 1.0 1 0 0 0.0 1.0 0
cell 24.711963328618772 41.74979792917005 0.0 1.0 1.0 1 0 0 0.0 1.0 0
cell 5.480614208342499 14.540780107707725 0.0 1.6431676725154984 0.6085806194501846 1 0 0 0.962981720044476 0.2695667020612567 2.5957065563258315
cell 55.27974611646415 59.421546999805976 0.0 1.0 1.0 1 0 0 0.0 1.0 0
cell 23.973915563175968 1.954094753150493 0.0 1.6431676725154984 0.6085806194501846 1 0 0 0.3119244570429185 0.9501069061418723 0.6344357542391406
cell 24.646972382123543 12.52046623612887 0.0 1.0 1.0 1 0 0 0.0 1.0 0
cell 18.938222391560775 9.736095969868224 0.0 1.0 1.0 1 0 0 0.0 1.0 0
cell 29.000261019782954 41.353307142083885 0.0 1.0 1.0 1 0 0 0.0 1.0 0
cell 44.16851486081297 9.120549373537742 0.0 1.6431676725154984 0.6085806194501846 1 0 0 0.9999980304396421 -0.0019847208460334062 3.1455620978878804
cell 18.36075518359473 53.70619866088987 0.0 1.0 1.0 1 0 0 0.0 1.0 0
cell 1.7542658405270672 23.500301015982636 0.0 1.6431676725154984 0.6085806194501846 1 0 0 0.7110676626048792 0.7031235874280095 1.582031004734546
cell 20.4463378519997 32.450407549829876 0.0 1.6431676725154984 0.6085806194501846 1 0 0 -0.8203567862554821 -0.5718520291514031 1.9240693068697823
cell 10.152192510204006 43.07798495640395 0.0 1.0 1.0 1 0 0 0.0 1.0 0
cell 28.855944712393445 50.83035300019193 0.0 1.0 1.0 1 0 0 0.0 1.0 0
cell 59.17361623179589 37.89497124667394 0.0 1.0 1.0 1 0 0 0.0 1.0 0
cell 12.158269093202492 10.871215613348507 0.0 1.0 1.0 1 0 0 0.0 1.0 0
cell 50.728045570157065 3.5493643376294335 0.0 1.0 1.0 1 0 0 0.0 1.0 0
cell 2.104127065336424 35.79337264892139 0.0 1.0 1.0 1 0 0 0.0 1.0 0
cell 31.22562008579494 38.44837904343323 0.0 1.0 1.0 1 0 0 0.0 1.0 0
cell 18.7976230675084 43.119409650533996 0.0 1.6431676725154984 0.6085806194501846 1 0 0 0.8607085398755374 0.5090980351418776 2.0733195893190364
cell 38.86334556428551 28.448211988471524 0.0 1.0 1.0 1 0 0 0.0 1.0 0
cell 20.809288984670314 25.99608827166876 0.0 1.0 1.0 1 0 0 0.0 1.0 0
cell 13.313008780787817 39.35313326481075 0.0 1.0 1.0 1 0 0 0.0 1.0 0
cell 42.515632916266135 1.6470333575585836 0.0 1.6431676725154984 0.6085806194501846 1 0 0 0.9829768078701964 -0.18372967966368164 3.5111514258100756
cell 8.529639095898315 37.46162082048588 0.0 1.0 1.0 1 0 0 0.0 1.0 0
cell 50.02717669011451 6.920855436962965 0.0 1.6431676725154984 0.6085806194501846 1 0 0 0.9995867674721384 -0.02874533517983676 3.1990912442636685
cell 32.35949823118567 17.839174800008784 0.0 1.6431676725154984 0.6085806194501846 1 0 0 0.9353839447327873 0.3536338161660023 2.418686445874452
cell 33.14650080821561 23.192752219740616 0.0 1.6431676725154984 0.6085806194501846 1 0 0 0.8966884923432664 0.44266211459662974 2.2244619853127388
cell 17.881800032350796 39.95778657383676 0.0 1.0 1.0 1 0 0 0.0 1.0 0
cell 42.24242064857069 11.146791807071493 0.0 1.6431676725154984 0.6085806194501846 1 0 0 0.9930206882205556 0.11794029322489524 2.9051617691674507
cell 31.199972878603994 4.236045565953317 0.0 1.6431676725154984 0.6085806194501846 1 0 0 0.490916503253093 -0.8712066269455002 5.256902438208935
cell 32.998382602582986 32.235119261698664 0.0 1.0 1.0 1 0 0 0.0 1.0 0
cell 6.627251766187878 46.87879895875293 0.0 1.0 1.0 1 0 0 0.0 1.0 0
cell 41.542189185732006 26.551975607865465 0.0 1.0 1.0 1 0 0 0.0 1.0 0
cell 32.01762148935751 54.62716095759968 0.0 1.6431676725154984 0.6085806194501846 1 0 0 0.9557130748571241 0.2943000485000658 2.544146554898206
cell 14.984700660555971 10.486324478722135 0.0 1.0 1.0 1 0 0 0.0 1.0 0
cell 34.642594592020735 58.2891040422549 0.0 1.6431676725154984 0.6085806194501846 1 0 0 0.4535777863315549 -0.8912166918020367 5.3416338000139625
cell 1.1126226567446744 20.987238264877504 0.0 1.6431676725154984 0.6085806194501846 1 0 0 0.7557806587182586 0.6548248589564961 1.713690929741057
cell 22.849016528740815 46.7317651454114 0.0 1.0 1.0 1 0 0 0.0 1.0 0
cell 10.28398841914331 13.788898978084243 0.0 1.0 1.0 1 0 0 0.0 1.0 0
cell 22.638938631274097 42.1791119837492 0.0 1.0 1.0 1 0 0 0.0 1.0 0
cell 7.809972348980819 0.7875120210811537 0.0 1.6431676725154984 0.6085806194501846 1 0 0 0.6910797380860733 -0.7227785245888844 4.757221588734807
cell 36.86131336975342 23.20114437634724 0.0 1.0 1.0 1 0 0 0.0 1.0 0
cell 41.686250658222 52.22956660501806 0.0 1.0 1.0 1 0 0 0.0 1.0 0
cell 58.07824313886609 33.05332568694939 0.0 1.6431676725154984 0.6085806194501846 1 0 0 0.7878118024367471 -0.6159160364378929 4.468689052046156
cell 5.2522185889599395 33.601062808879405 0.0 1.0 1.0 1 0 0 0.0 1.0 0
cell 57.4496462607401 38.13095501175012 0.0 1.0 1.0 1 0 0 0.0 1.0 0
cell 42.340523159783636 18.107611450504983 0.0 1.6431676725154984 0.6085806194501846 1 0 0 0.44430356243480823 0.8958762997243194 0.9207934589034381
cell 55.75689411607007 48.515822874696106 0.0 1.0 1.0 1 0 0 0.0 1.0 0
cell 52.693530108091416 50.86317486935009 0.0 1.0 1.0 1 0 0 0.0 1.0 0
cell 2.2954308638702456 32.895965925201004 0.0 1.0 1.0 1 0 0 0.0 1.0 0
cell 25.97032191786738 52.0980273026749 0.0 1.6431676725154984 0.6085806194501846 1 0 0 0.6431566437721024 0.765734635217583 1.397227076014686
cell 39.68502263639494 46.45115350002043 0.0 1.0 1.0 1 0 0 0.0 1.0 0
cell 13.048181336656054 21.655325156900155 0.0 1.0 1.0 1 0 0 0.0 1.0 0
cell 5.181777346601998 32.03788716164512 0.0 1.6431676725154984 0.6085806194501846 1 0 0 0.19578404696375076 0.9806470348471441 0.39411381299136644
cell 45.52541893329573 32.80968597300388 0.0 1.6431676725154984 0.6085806194501846 1 0 0 0.8262797676665705 -0.5632599271605234 4.338244305236603
cell 33.39627525915292 7.952516674821399 0.0 1.6431676725154984 0.6085806194501846 1 0 0 0.9184341309609354 0.3955739464196692 2.328207282678773
cell 10.639710651069851 24.127733066943946 0.0 1.0 1.0 1 0 0 0.0 1.0 0
cell 37.9951578183095 16.417724110677398 0.0 1.6431676725154984 0.6085806194501846 1 0 0 0.9964648742147214 0.08401044254281428 2.9733734964547223
cell 25.471016210266374 17.855456196129467 0.0 1.0 1.0 1 0 0 0.0 1.0 0
cell 58.94295465497685 52.749140088889064 0.0 1.0 1.0 1 0 0 0.0 1.0 0
cell 41.988100530009426 36.58686915625167 0.0 1.0 1.0 1 0 0 0.0 1.0 0
cell 42.56515837980758 34.63065617144799 0.0 1.0 1.0 1 0 0 0.0 1.0 0
cell 2.5769293683179124 21.165533458853286 0.0 1.6431676725154984 0.6085806194501846 1 0 0 0.715236940101131 0.6988820497872091 1.5939261500759658
cell 34.876467009226964 11.676864133852561 0.0 1.6431676725154984 0.6085806194501846 1 0 0 0.8998447215113479 0.43621035885013637 2.2388268252412638
cell 3.0455847336324515 23.632235615583983 0.0 1.6431676725154984 0.6085806194501846 1 0 0 0.8060069888765846 0.5919060177782459 1.874749535559959
cell 42.26430635079158 39.39010959303723 0.0 1.6431676725154984 0.6085806194501846 1 0 0 0.06222801867468768 0.9980619588441505 0.12453650003632293
cell 26.090602374662733 5.298285257815892 0.0 1.6431676725154984 0.6085806194501846 1 0 0 0.504106713473625 -0.8636413731583386 5.2264906532771995
cell 8.89718886613773 50.495415095934405 0.0 1.0 1.0 1 0 0 0.0 1.0 0
cell 57.33649665367746 41.578342597763175 0.0 1.0 1.0 1 0 0 0.0 1.0 0
cell 43.95460802153912 53.01920858598283 0.0 1.0 1.0 1 0 0 0.0 1.0 0
cell 5.39826281372037 53.18776838659231 0.0 1.0 1.0 1 0 0 0.0 1.0 0
cell 52.67587651738137 52.592964954067355 0.0 1.0 1.0 1 0 0 0.0 1.0 0
cell 21.808151198975054 7.582434352125152 0.0 1.0 1.0 1 0 0 0.0 1.0 0
cell 8.625947443079935 9.290193883205662 0.0 1.0 1.0 1 0 0 0.0 1.0 0
cell 28.519387242595933 53.10134998569637 0.0 1.0 1.0 1 0 0 0.0 1.0 0
cell 19.082716866227518 4.619760981175532 0.0 1.0 1.0 1 0 0 0.0 1.0 0
cell 29.204986760498254 29.781094795251633 0.0 1.6431676725154984 0.6085806194501846 1 0 0 0.9395515195839631 0.342407567158592 2.442636315228241
cell 21.691990070127652 2.1819779235862984 0.0 1.0 1.0 1 0 0 0.0 1.0 0
cell 58.370760464794046 39.79794702742435 0.0 1.0 1.0 1 0 0 0.0 1.0 0
cell 41.75373203005053 24.743926641156463 0.0 1.0 1.0 1 0 0 0.0 1.0 0
cell 7.888211852735629 26.27321537484397 0.0 1.0 1.0 1 0 0 0.0 1.0 0
cell 38.78458856093839 6.516011729663572 0.0 1.6431676725154984 0.6085806194501846 1 0 0 0.9897985199090537 0.14247417304847435 2.8556713712165953
cell 37.67020524610435 32.876241991284296 0.0 1.0 1.0 1 0 0 0.0 1.0 0
cell 49.23116471360749 55.19926679052388 0.0 1.6431676725154984 0.6085806194501846 1 0 0 0.9306437468813571 0.3659265177472502 2.3923363036563328
cell 33.13136433347555 28.593153841432233 0.0 1.0 1.0 1 0 0 0.0 1.0 0
cell 4.965516914323759 58.791827937627815 0.0 1.0 1.0 1 0 0 0.0 1.0 0
cell 34.26629158748632 19.735066289487506 0.0 1.6431676725154984 0.6085806194501846 1 0 0 0.9468226286755189 0.32175597869811284 2.486425641927398
cell 0.656796518888616 34.05365267392526 0.0 1.0 1.0 1 0 0 0.0 1.0 0
cell 40.66340190849576 35.32882007954223 0.0 1.0 1.0 1 0 0 0.0 1.0 0
cell 13.751766797067363 56.83723135418484 0.0 1.6431676725154984 0.6085806194501846 1 0 0 0.8684789571762657 0.49572603415800753 2.104251421669458
cell 52.62345012406034 24.553138184069503 0.0 1.6431676725154984 0.6085806194501846 1 0 0 0.9673459180834314 0.25345980897831344 2.629082277565014
cell 30.975765632315866 41.282392073408914 0.0 1.0 1.0 1 0 0 0.0 1.0 0
cell 13.318333805074165 5.574043619465028 0.0 1.0 1.0 1 0 0 0.0 1.0 0
cell 52.440666890182904 48.96153655537043 0.0 1.0 1.0 1 0 0 0.0 1.0 0
cell 14.432431487344259 45.04261640377924 0.0 1.0 1.0 1 0 0 0.0 1.0 0
cell 13.836024815352966 34.35133015304767 0.0 1.0 1.0 1 0 0 0.0 1.0 0
cell 17.192462822241872 13.300088894236483 0.0 1.0 1.0 1 0 0 0.0 1.0 0
cell 19.383611659026368 18.380533066955717 0.0 1.6431676725154984 0.6085806194501846 1 0 0 0.9338340269764352 0.3577065977319602 2.409970982654046
cell 57.850801447735535 55.914726275267384 0.0 1.0 1.0 1 0 0 0.0 1.0 0
cell 28.462550954411554 35.13700864386592 0.0 1.0 1.0 1 0 0 0.0 1.0 0
cell 14.465813780784249 43.161687394210915 0.0 1.0 1.0 1 0 0 0.0 1.0 0
cell 53.00764041969038 42.15089627494447 0.0 1.6431676725154984 0.6085806194501846 1 0 0 0.7720701600376926 0.6355373065205313 1.764184152539171
cell 6.087308038376406 12.667943190694968 0.0 1.6431676725154984 0.6085806194501846 1 0 0 0.938065769339123 0.34645723025245023 2.4340090899926805
cell 51.018339597786216 13.677726568247158 0.0 1.6431676725154984 0.6085806194501846 1 0 0 0.9729448890603904 -0.231037319174337 3.607880078602103
cell 28.69069492184475 26.62279256193878 0.0 1.6431676725154984 0.6085806194501846 1 0 0 0.8567902042230187 0.5156651490526366 2.058025064233144
cell 18.283145163589438 28.018929021763665 0.0 1.0 1.0 1 0 0 0.0 1.0 0
cell 21.905469819356412 59.30220450316673 0.0 1.0 1.0 1 0 0 0.0 1.0 0
cell 19.942514929230075 58.87905954126754 0.0 1.0 1.0 1 0 0 0.0 1.0 0
cell 41.39530712830535 55.88304916906453 0.0 1.0 1.0 1 0 0 0.0 1.0 0
cell 56.468097390160544 35.23531247198325 0.0 1.6431676725154984 0.6085806194501846 1 0 0 0.7769164652402804 0.6296036896640205 1.7795066549726
cell 36.63801328459136 58.71265532909594 0.0 1.0 1.0 1 0 0 0.0 1.0 0
cell 29.911670546212093 12.26984829735861 0.0 1.6431676725154984 0.6085806194501846 1 0 0 -0.7551925599783451 -0.6555030109414858 1.7118956578432813
cell 52.94453750074168 39.44694579395931 0.0 1.6431676725154984 0.6085806194501846 1 0 0 0.5788865939296053 0.815408064326433 1.2347251380661137
cell 35.87138524151109 46.37970434503957 0.0 1.6431676725154984 0.6085806194501846 1 0 0 0.9289548790508798 0.37019296682617453 2.3831591800908036
cell 43.631527456226074 21.307681826804533 0.0 1.6431676725154984 0.6085806194501846 1 0 0 0.8714351249064239 -0.49051077774023005 4.166944234175782
cell 22.496119910127245 43.30881181355966 0.0 1.6431676725154984 0.6085806194501846 1 0 0 -0.10023186335962897 0.9949641066729276 6.0823843965055975
cell 14.743810072843386 4.186736353911877 0.0 1.0 1.0 1 0 0 0.0 1.0 0
cell 35.15778038156333 22.608120886706605 0.0 1.0 1.0 1 0 0 0.0 1.0 0
cell 44.233015033775985 0.8916745216978164 0.0 1.6431676725154984 0.6085806194501846 1 0 0 0.07111645992421549 0.9974680191002855 0.14235308523861923
cell 4.241951251077305 52.066738275330366 0.0 1.0 1.0 1 0 0 0.0 1.0 0
cell 31.560362634590067 28.589773388270746 0.0 1.0 1.0 1 0 0 0.0 1.0 0
cell 34.926694394171165 7.894906446304516 0.0 1.6431676725154984 0.6085806194501846 1 0 0 0.8965721617682058 0.4428976842819189 2.223936529778109
cell 40.01898828835912 10.958125128214121 0.0 1.6431676725154984 0.6085806194501846 1 0 0 0.9809141788718025 0.19444118310753353 2.7502171974481486
cell 46.277926018809005 26.616361299700444 0.0 1.6431676725154984 0.6085806194501846 1 0 0 0.990289628154703 -0.1390196114554349 3.4205353414162385
cell 30.046666602249985 47.039896059846974 0.0 1.0 1.0 1 0 0 0.0 1.0 0
cell 52.72230818086604 34.513882563252324 0.0 1.6431676725154984 0.6085806194501846 1 0 0 0.7441094873855016 0.6680576852210339 1.6784017241141909
cell 12.41789141462687 29.59213596241081 0.0 1.0 1.0 1 0 0 0.0 1.0 0
cell 27.25983900231605 19.69367375976819 0.0 1.6431676725154984 0.6085806194501846 1 0 0 0.7871495168112251 0.6167622217547495 1.8123471604855952
cell 48.93893172794426 44.98891789064393 0.0 1.6431676725154984 0.6085806194501846 1 0 0 0.19341656346994585 -0.9811167274975371 5.893898746867498
cell 9.172917362748285 57.107037273014896 0.0 1.6431676725154984 0.6085806194501846 1 0 0 0.9994607344805716 -0.03283656851067707 3.2072775982442825
cell 44.338285537119056 18.77292805290781 0.0 1.6431676725154984 0.6085806194501846 1 0 0 0.3796989446787538 0.9251101077222326 0.7789416965152269
cell 15.427287589951971 16.803083599714753 0.0 1.0 1.0 1 0 0 0.0 1.0 0
cell 30.13294662252829 33.01132421601996 0.0 1.0 1.0 1 0 0 0.0 1.0 0
cell 44.39880976703815 44.47634055961273 0.0 1.6431676725154984 0.6085806194501846 1 0 0 0.1903027220760821 -0.9817254575340467 5.900244318213921
cell 33.32496384185762 34.20614008727128 0.0 1.0 1.0 1 0 0 0.0 1.0 0
cell 30.717118370175626 59.4514493945614 0.0 1.6431676725154984 0.6085806194501846 1 0 0 0.5041053699985928 -0.8636421573421378 5.226493764463078
cell 11.699660067540439 5.121029568944468 0.0 1.6431676725154984 0.6085806194501846 1 0 0 0.9262702556767061 0.3768599387685158 2.368784766725092
cell 20.256348918375952 50.08556090455714 0.0 1.6431676725154984 0.6085806194501846 1 0 0 0.9785543371334466 -0.20598885716785956 3.556540910790204
cell 47.62130501371207 5.890617736356067 0.0 1.6431676725154984 0.6085806194501846 1 0 0 0.9991546429386577 -0.04110960342941012 3.2238350364813106
cell 9.964720276584476 19.40372685068276 0.0 1.0 1.0 1 0 0 0.0 1.0 0
cell 36.76128475327915 9.722972541747678 0.0 1.6431676725154984 0.6085806194501846 1 0 0 0.9988722102174953 0.047479549863240905 3.046597839784127
cell 19.982035446737367 11.222133643845474 0.0 1.0 1.0 1 0 0 0.0 1.0 0
cell 19.018647197738026 36.88628886488453 0.0 1.6431676725154984 0.6085806194501846 1 0 0 0.8883738959325762 0.4591207042005144 2.187582325878623
cell 23.325324193775444 39.77574115277418 0.0 1.6431676725154984 0.6085806194501846 1 0 0 0.906975068240158 0.42118431308722876 2.272091237017749
cell 45.90725093238282 8.345091949934586 0.0 1.6431676725154984 0.6085806194501846 1 0 0 0.9924172388736359 -0.12291470207598763 3.3880453037388625
cell 25.797694134474593 15.68091654581164 0.0 1.0 1.0 1 0 0 0.0 1.0 0
cell 15.652485221162923 22.484552126936375 0.0 1.0 1.0 1 0 0 0.0 1.0 0
cell 24.60257505527296 47.269393684279365 0.0 1.0 1.0 1 0 0 0.0 1.0 0
cell 54.434358804582324 34.15600356340824 0.0 1.6431676725154984 0.6085806194501846 1 0 0 0.9074511639087572 0.4201575717759252 2.2743547430970112
cell 18.434254030473568 50.23427211358366 0.0 1.0 1.0 1 0 0 0.0 1.0 0
cell 12.009554016377775 8.839988889690122 0.0 1.0 1.0 1 0 0 0.0 1.0 0
cell 17.836846453222662 8.301948765947861 0.0 1.0 1.0 1 0 0 0.0 1.0 0
cell 48.92764678271067 4.748382199433886 0.0 1.6431676725154984 0.6085806194501846 1 0 0 0.9957656410127881 -0.09192816857955576 3.3257089356601277
cell 39.51249434709814 8.647540049249901 0.0 1.6431676725154984 0.6085806194501846 1 0 0 0.9903313421564361 0.13872214222189522 2.8632507252943475
cell 9.848663019675765 36.13024958990587 0.0 1.0 1.0 1 0 0 0.0 1.0 0
cell 23.31885581859746 11.287561000583645 0.0 1.6431676725154984 0.6085806194501846 1 0 0 0.8477886880209177 0.5303341781026103 2.0236032677037206
cell 34.61250596084659 38.72697475245213 0.0 1.0 1.0 1 0 0 0.0 1.0 0
cell 8.342907392247573 14.632816907777165 0.0 1.0 1.0 1 0 0 0.0 1.0 0
cell 32.11668790965591 0.14930094732816568 0.0 1.6431676725154984 0.6085806194501846 1 0 0 0.28615823905700427 -0.9581823741959535 5.702755311083663
cell 19.20193907294304 26.523004591302804 0.0 1.0 1.0 1 0 0 0.0 1.0 0
cell 47.569256194770425 55.61808117619307 0.0 1.6431676725154984 0.6085806194501846 1 0 0 0.4517876566637264 -0.8921255031027299 5.345649022828031
cell 39.95637307599038 20.48209121853831 0.0 1.0 1.0 1 0 0 0.0 1.0 0
cell 8.519065231551167 11.059414964883052 0.0 1.0 1.0 1 0 0 0.0 1.0 0
cell 4.358001734172331 6.3182273202455805 0.0 1.6431676725154984 0.6085806194501846 1 0 0 0.08732446218299897 0.9961799226567709 0.17487165554297468
cell 38.55960846791385 14.804247033087668 0.0 1.6431676725154984 0.6085806194501846 1 0 0 0.952512582352345 0.30449922899814885 2.5227673572340854
cell 12.700313868701194 37.62307107778994 0.0 1.0 1.0 1 0 0 0.0 1.0 0
cell 27.14309202813478 15.111802053510518 0.0 1.6431676725154984 0.6085806194501846 1 0 0 0.7289623226419937 0.684553819774888 1.6336097596631869
cell 39.154153397274456 48.32638625405174 0.0 1.0 1.0 1 0 0 0.0 1.0 0
cell 12.713693217636749 42.63780551049315 0.0 1.0 1.0 1 0 0 0.0 1.0 0
cell 38.462732833504546 58.48964647070295 0.0 1.0 1.0 1 0 0 0.0 1.0 0
cell 34.94170132649667 53.439507381192676 0.0 1.0 1.0 1 0 0 0.0 1.0 0
cell 39.28934145202377 52.28522845895453 0.0 1.0 1.0 1 0 0 0.0 1.0 0
cell 48.98846762436436 51.40348252721246 0.0 1.6431676725154984 0.6085806194501846 1 0 0 0.793200098769408 -0.6089610852199026 4.451092963490579
cell 39.16137758492359 34.113179813286905 0.0 1.0 1.0 1 0 0 0.0 1.0 0
cell 13.629481834131282 7.566531412694837 0.0 1.0 1.0 1 0 0 0.0 1.0 0
cell 32.79602289435838 53.16992400834273 0.0 1.6431676725154984 0.6085806194501846 1 0 0 0.9678056740007802 0.2516985843660937 2.6327227657482384
cell 26.165917111374256 23.535786729595007 0.0 1.6431676725154984 0.6085806194501846 1 0 0 0.7882049704157231 0.6154128082937087 1.8157734702893864
cell 29.71117594643694 37.8487508519957 0.0 1.0 1.0 1 0 0 0.0 1.0 0
cell 28.191883611992218 9.376391804429895 0.0 1.6431676725154984 0.6085806194501846 1 0 0 0.4681136112234526 -0.8836682901334292 5.308875621151963
cell 0.5931982171053427 30.004963443013402 0.0 1.6431676725154984 0.6085806194501846 1 0 0 0.9039454408566187 -0.4276477989590656 4.025370695543228
cell 26.65531708255936 18.17140428296313 0.0 1.6431676725154984 0.6085806194501846 1 0 0 0.7359698567965935 0.6770143055259626 1.654196235369116
cell 25.114917227776246 53.20808646535527 0.0 1.6431676725154984 0.6085806194501846 1 0 0 0.589731162003355 0.8075996264004663 1.2614518301227693
cell 1.4960959172139354 1.4327669384352504 0.0 1.6431676725154984 0.6085806194501846 1 0 0 0.8199947756828277 0.5723710054264358 1.9228037824059812
cell 1.0737868644421154 53.334582006545965 0.0 1.0 1.0 1 0 0 0.0 1.0 0
cell 17.065017168282065 52.15061992007499 0.0 1.0 1.0 1 0 0 0.0 1.0 0
cell 19.241532368299296 38.43325112424988 0.0 1.6431676725154984 0.6085806194501846 1 0 0 0.9230929627287107 0.38457688718997546 2.3520938245539633
cell 55.400808951618416 41.4596705950577 0.0 1.0 1.0 1 0 0 0.0 1.0 0
cell 36.392402099743165 19.581926225366917 0.0 1.0 1.0 1 0 0 0.0 1.0 0
cell 29.71962422561834 31.474760082072418 0.0 1.0 1.0 1 0 0 0.0 1.0 0
cell 49.22304439827626 57.658397173884005 0.0 1.6431676725154984 0.6085806194501846 1 0 0 0.3739437362900107 -0.927451390688195 5.51667005886398
cell 22.851594475585145 29.576395748135237 0.0 1.6431676725154984 0.6085806194501846 1 0 0 0.7648356085727944 0.6442254976784785 1.7415722298356968
cell 5.667917443847863 30.61332368898344 0.0 1.0 1.0 1 0 0 0.0 1.0 0
cell 16.28243986565599 34.858362364213264 0.0 1.0 1.0 1 0 0 0.0 1.0 0
cell 15.343536159373897 27.951541699222265 0.0 1.0 1.0 1 0 0 0.0 1.0 0
cell 43.37206583273859 3.796149957167231 0.0 1.6431676725154984 0.6085806194501846 1 0 0 -0.024922329867946087 0.9996893904978452 6.23333548606077
cell 0.1700269305740574 44.46282446485181 0.0 1.0 1.0 1 0 0 0.0 1.0 0
cell 42.67201417994386 12.29060048138301 0.0 1.6431676725154984 0.6085806194501846 1 0 0 0.999802907264744 0.019853126327252894 3.101883792124968
cell 52.319044938196356 57.82634242673719 0.0 1.0 1.0 1 0 0 0.0 1.0 0
cell 30.344022912945523 54.58090814288525 0.0 1.0 1.0 1 0 0 0.0 1.0 0
cell 22.82412629656677 19.00862192559604 0.0 1.0 1.0 1 0 0 0.0 1.0 0
cell 41.93600718603807 20.179703323726695 0.0 1.0 1.0 1 0 0 0.0 1.0 0
cell 51.09226555957442 11.089201455557918 0.0 1.6431676725154984 0.6085806194501846 1 0 0 0.9709638689301386 -0.23922618007278482 3.624730277822711
cell 38.20546954714479 45.66362850371214 0.0 1.6431676725154984 0.6085806194501846 1 0 0 -0.9706044592256247 -0.24068025205930962 2.6554593650918843
cell 15.89014710248113 12.01551231411968 0.0 1.0 1.0 1 0 0 0.0 1.0 0
cell 25.456629840430768 46.27048188741448 0.0 1.6431676725154984 0.6085806194501846 1 0 0 0.5506651743295015 0.8347262220516736 1.166321811694203
cell 13.682881180019413 30.8159603978744 0.0 1.0 1.0 1 0 0 0.0 1.0 0
cell 46.19586831387794 20.603636447556628 0.0 1.6431676725154984 0.6085806194501846 1 0 0 0.5714077627706505 0.8206662955461494 1.2164404457545694
cell 18.481118490179064 6.422733134463353 0.0 1.0 1.0 1 0 0 0.0 1.0 0
cell 30.031856484891055 34.55937611397341 0.0 1.0 1.0 1 0 0 0.0 1.0 0
cell 31.97974810595883 21.60665085169284 0.0 1.6431676725154984 0.6085806194501846 1 0 0 0.9737547222683124 0.22759995795289992 2.6823681727093276
cell 7.515768820719512 51.873000288472305 0.0 1.6431676725154984 0.6085806194501846 1 0 0 0.9778150151998405 -0.20947027485955064 3.5636590227410925
cell 34.54790901357944 49.521245024692924 0.0 1.6431676725154984 0.6085806194501846 1 0 0 -0.9612682220567361 -0.2756145955204142 2.5831346478382518
cell 21.06193977673192 4.108174812996162 0.0 1.0 1.0 1 0 0 0.0 1.0 0
cell 50.676047078203965 25.67581120787784 0.0 1.0 1.0 1 0 0 0.0 1.0 0
cell 12.050882692326923 49.793952922469806 0.0 1.0 1.0 1 0 0 0.0 1.0 0
cell 10.200564916171803 49.17313978749018 0.0 1.0 1.0 1 0 0 0.0 1.0 0
cell 44.17488128555212 54.84192437598046 0.0 1.0 1.0 1 0 0 0.0 1.0 0
cell 12.149912818250886 14.658952475926347 0.0 1.0 1.0 1 0 0 0.0 1.0 0
cell 59.74837583620835 49.55048866153614 0.0 1.0 1.0 1 0 0 0.0 1.0 0
cell 50.96314357556559 37.93468748660907 0.0 1.0 1.0 1 0 0 0.0 1.0 0
cell 15.898845276137768 25.53947195418483 0.0 1.0 1.0 1 0 0 0.0 1.0 0
cell 39.705666796148385 55.51514664862234 0.0 1.0 1.0 1 0 0 0.0 1.0 0
cell 53.79266218094948 28.487076848069094 0.0 1.6431676725154984 0.6085806194501846 1 0 0 0.13578859538710983 0.9907378348295758 0.2724187738196699
cell 29.186430890703477 43.34371164698327 0.0 1.0 1.0 1 0 0 0.0 1.0 0
cell 10.492336267977587 40.08241325388703 0.0 1.0 1.0 1 0 0 0.0 1.0 0
cell 53.951877139596654 43.28862503640192 0.0 1.0 1.0 1 0 0 0.0 1.0 0
cell 31.263148092130457 56.76694117306665 0.0 1.6431676725154984 0.6085806194501846 1 0 0 0.8488508514309444 0.5286324167367725 2.0276153415840783
cell 57.95336665439493 10.45773180080173 0.0 1.6431676725154984 0.6085806194501846 1 0 0 0.9535679168912016 0.30117806672427944 2.529736966155028
cell 40.99502713584123 33.38630741003378 0.0 1.0 1.0 1 0 0 0.0 1.0 0
cell 10.63832149983533 51.18701002496654 0.0 1.0 1.0 1 0 0 0.0 1.0 0
cell 8.368989650261554 58.16609561423753 0.0 1.6431676725154984 0.6085806194501846 1 0 0 0.970111539274573 -0.2426594349418924 3.631805224575141
cell 34.248378098251386 1.4463676374734367 0.0 1.0 1.0 1 0 0 0.0 1.0 0
cell 25.845514093258565 38.10402453457638 0.0 1.0 1.0 1 0 0 0.0 1.0 0
cell 15.326076323778478 40.262974512092654 0.0 1.6431676725154984 0.6085806194501846 1 0 0 0.7957174351674986 0.605668030665692 1.8403823896328269
cell 7.158408539001966 50.57607897155915 0.0 1.6431676725154984 0.6085806194501846 1 0 0 0.2580492588405183 0.9661317612064408 0.5220050628099197
cell 36.54376593306433 11.303205617450367 0.0 1.6431676725154984 0.6085806194501846 1 0 0 0.9441853182636598 0.32941476101618683 2.4702253071708955
cell 10.409287517430498 10.005519389284416 0.0 1.0 1.0 1 0 0 0.0 1.0 0
cell 1.759653032464695 41.16301795647324 0.0 1.0 1.0 1 0 0 0.0 1.0 0
cell 54.40216816854967 27.399517245508708 0.0 1.6431676725154984 0.6085806194501846 1 0 0 0.9894084363439346 -0.14515834833536184 3.4329386817335967
cell 14.883600535381568 35.58063134812751 0.0 1.0 1.0 1 0 0 0.0 1.0 0
cell 32.90628206254476 55.94895712985645 0.0 1.0 1.0 1 0 0 0.0 1.0 0
cell 23.86370130974345 6.454761241004864 0.0 1.6431676725154984 0.6085806194501846 1 0 0 0.8782544149551255 0.478193666427976 2.1443990006262275
cell 47.68386234178152 49.06581471727855 0.0 1.6431676725154984 0.6085806194501846 1 0 0 0.7434863201340232 -0.6687511433811301 4.606648224270648
cell 59.357096912192716 54.672722306104745 0.0 1.0 1.0 1 0 0 0.0 1.0 0
cell 47.18726280752117 38.52094061313373 0.0 1.0 1.0 1 0 0 0.0 1.0 0
cell 29.70306492714854 15.378576162492191 0.0 1.6431676725154984 0.6085806194501846 1 0 0 0.7852179592425595 0.6192194735979724 1.8060960776306383
cell 14.338671979793386 32.67141301911482 0.0 1.0 1.0 1 0 0 0.0 1.0 0
cell 50.57380761840003 49.28478585052346 0.0 1.0 1.0 1 0 0 0.0 1.0 0
cell 24.07093529529257 43.898792216971444 0.0 1.0 1.0 1 0 0 0.0 1.0 0
cell 53.88418395987506 47.81097273709467 0.0 1.0 1.0 1 0 0 0.0 1.0 0
cell 20.398085329480306 53.355335838409985 0.0 1.0 1.0 1 0 0 0.0 1.0 0
cell 27.201983311231956 42.31585672551592 0.0 1.0 1.0 1 0 0 0.0 1.0 0
cell 10.695038454455956 32.989391725214496 0.0 1.0 1.0 1 0 0 0.0 1.0 0
cell 21.92486446594943 35.67109863844806 0.0 1.6431676725154984 0.6085806194501846 1 0 0 0.9071830507336134 0.42073615540104725 2.273079370681244
cell 17.99987008196588 59.4829900989688 0.0 1.0 1.0 1 0 0 0.0 1.0 0
cell 31.915492268427723 42.56484772949672 0.0 1.0 1.0 1 0 0 0.0 1.0 0
cell 30.162550085012448 42.416990007856676 0.0 1.0 1.0 1 0 0 0.0 1.0 0
cell 8.851247441575186 39.41701353547906 0.0 1.0 1.0 1 0 0 0.0 1.0 0
cell 3.174337416274994 15.43898860155226 0.0 1.6431676725154984 0.6085806194501846 1 0 0 0.902197178451652 0.43132383564310234 2.249673434812694
cell 2.3359277136761003 51.968992869133814 0.0 1.0 1.0 1 0 0 0.0 1.0 0
cell 41.06354770528097 31.249513659111713 0.0 1.0 1.0 1 0 0 0.0 1.0 0
cell 43.346119086772376 37.27419685136771 0.0 1.6431676725154984 0.6085806194501846 1 0 0 0.8828593220544433 0.469637538386327 2.1638322956919387
cell 26.24849182033643 57.91272640353501 0.0 1.6431676725154984 0.6085806194501846 1 0 0 0.6409656006831682 0.7675696051439669 1.3915112068742326
cell 43.91250734961158 23.71152925719157 0.0 1.0 1.0 1 0 0 0.0 1.0 0
cell 36.114120718416565 24.69056255604826 0.0 1.6431676725154984 0.6085806194501846 1 0 0 0.9999986796663337 0.001625012488931904 3.138342627181556
cell 41.42609998112752 45.84818878327128 0.0 1.6431676725154984 0.6085806194501846 1 0 0 0.8915597784743101 0.452903037533244 2.2015550743390633
cell 13.591006569001031 17.62025437754409 0.0 1.0 1.0 1 0 0 0.0 1.0 0
cell 35.668947306354234 26.386944882114022 0.0 1.0 1.0 1 0 0 0.0 1.0 0
cell 25.508286909618022 34.24806234912626 0.0 1.6431676725154984 0.6085806194501846 1 0 0 0.9629464599520235 0.2696926310930017 2.595445011720226
cell 15.111001162366074 49.04939924851558 0.0 1.0 1.0 1 0 0 0.0 1.0 0
cell 42.41255499473506 46.61761067092368 0.0 1.6431676725154984 0.6085806194501846 1 0 0 0.3686817795649699 -0.9295556709615659 5.528004302552833
cell 35.10198431443848 35.07135143144942 0.0 1.0 1.0 1 0 0 0.0 1.0 0
cell 11.52146178173353 20.466218682464454 0.0 1.0 1.0 1 0 0 0.0 1.0 0
cell 19.765510102008363 47.12183745856055 0.0 1.0 1.0 1 0 0 0.0 1.0 0
cell 27.706465079373586 28.92362104681275 0.0 1.6431676725154984 0.6085806194501846 1 0 0 0.8799666031439944 0.4750355537759461 2.1515837839342633
cell 58.34481681933303 3.684316426576647 0.0 1.6431676725154984 0.6085806194501846 1 0 0 0.942231544905042 0.3349622602411468 2.4584623011426197
cell 9.577363865855498 25.676207090749656 0.0 1.0 1.0 1 0 0 0.0 1.0 0
cell 39.80020136933953 1.5156201799665365 0.0 1.6431676725154984 0.6085806194501846 1 0 0 0.572465643462376 0.8199287085199589 1.2190197064313022
cell 42.68770044672431 8.234991924212247 0.0 1.6431676725154984 0.6085806194501846 1 0 0 -0.9950355532936713 -0.09952008682450625 2.9422224497025216
cell 10.069313747671782 38.12132942727731 0.0 1.0 1.0 1 0 0 0.0 1.0 0
cell 56.46539750309861 39.86379571506797 0.0 1.0 1.0 1 0 0 0.0 1.0 0
cell 32.89005436501364 46.52598326716583 0.0 1.0 1.0 1 0 0 0.0 1.0 0
cell 28.484552107167648 36.7453173499504 0.0 1.0 1.0 1 0 0 0.0 1.0 0
cell 19.361750944441127 29.18980172946885 0.0 1.0 1.0 1 0 0 0.0 1.0 0
cell 3.6022897809290044 41.69153006779335 0.0 1.0 1.0 1 0 0 0.0 1.0 0
cell 51.37693360588948 59.6329052510392 0.0 1.0 1.0 1 0 0 0.0 1.0 0
cell 46.80668100507295 7.1606956041403755 0.0 1.6431676725154984 0.6085806194501846 1 0 0 0.9990539435886028 0.04348813401447465 3.0545889470251995
cell 57.351072081713205 24.89919519711045 0.0 1.6431676725154984 0.6085806194501846 1 0 0 -0.09367385771050758 0.9956029371097855 6.095562514656176
cell 21.09507604634855 51.683832407622695 0.0 1.0 1.0 1 0 0 0.0 1.0 0
cell 58.788311652692336 46.03096280207274 0.0 1.0 1.0 1 0 0 0.0 1.0 0
cell 56.93721735875181 45.69537086789538 0.0 1.0 1.0 1 0 0 0.0 1.0 0
cell 0.5392080299704274 27.239156085208677 0.0 1.6431676725154984 0.6085806194501846 1 0 0 0.9912327188900264 -0.132127578506101 3.40662279550401
cell 3.5238443191982816 50.05525613669346 0.0 1.6431676725154984 0.6085806194501846 1 0 0 0.7194298644452917 0.6945650942454777 1.6059622339922404
cell 41.903094857726565 9.707909980633037 0.0 1.6431676725154984 0.6085806194501846 1 0 0 0.9868080325231775 -0.16189474033375972 3.466813496875941
cell 40.353867833026655 27.79664631746835 0.0 1.6431676725154984 0.6085806194501846 1 0 0 0.9922183519489678 -0.1245100078534821 3.3912606152877935
cell 38.46080250563123 23.823875349258273 0.0 1.0 1.0 1 0 0 0.0 1.0 0
cell 38.02396734990954 51.73596391365205 0.0 1.6431676725154984 0.6085806194501846 1 0 0 0.6444306151401267 -0.7646627899081515 4.882628452761366
cell 28.795493766304936 3.7315878147692167 0.0 1.6431676725154984 0.6085806194501846 1 0 0 0.3035115505019154 -0.9528277592051584 5.666433505802648
cell 34.94965646985251 36.95028009516038 0.0 1.0 1.0 1 0 0 0.0 1.0 0
cell 23.6020591020141 48.516786836966965 0.0 1.0 1.0 1 0 0 0.0 1.0 0
cell 55.58926438331501 23.61869039240378 0.0 1.6431676725154984 0.6085806194501846 1 0 0 0.9843275895432405 0.17634964265343372 2.7870391899562343
cell 24.406037529713405 58.89561981876693 0.0 1.6431676725154984 0.6085806194501846 1 0 0 0.9834214013559353 -0.1813349038523152 3.5062800327907175
cell 35.38821363056245 43.703082463465705 0.0 1.0 1.0 1 0 0 0.0 1.0 0
cell 23.985167009525185 29.224756610987743 0.0 1.6431676725154984 0.6085806194501846 1 0 0 0.8222882116684453 0.569071258236708 1.930840747471626
cell 0.6151180594007778 39.50345529025066 0.0 1.0 1.0 1 0 0 0.0 1.0 0
cell 38.18950269174219 56.60784508907835 0.0 1.0 1.0 1 0 0 0.0 1.0 0
cell 2.4751627849894766 10.727507892212143 0.0 1.6431676725154984 0.6085806194501846 1 0 0 -0.9746080825250669 -0.2239175863500061 2.689928093704175
cell 56.47437154744797 58.04752333817904 0.0 1.0 1.0 1 0 0 0.0 1.0 0
cell 23.485646772174707 51.64629748366202 0.0 1.0 1.0 1 0 0 0.0 1.0 0
cell 20.044727589148316 30.761550811095223 0.0 1.0 1.0 1 0 0 0.0 1.0 0
cell 53.597209969753706 20.759500838213885 0.0 1.6431676725154984 0.6085806194501846 1 0 0 0.8904835538637842 0.455015428637453 2.1968135732173066
cell 5.008458255503337 50.27442369549001 0.0 1.6431676725154984 0.6085806194501846 1 0 0 0.8552420860441974 -0.5182286891506198 4.231149705170138
cell 21.085782285240967 29.230254991676958 0.0 1.0 1.0 1 0 0 0.0 1.0 0
cell 14.13844836877031 37.38315600193501 0.0 1.0 1.0 1 0 0 0.0 1.0 0
cell 28.872928783429302 54.985223285067754 0.0 1.0 1.0 1 0 0 0.0 1.0 0
cell 24.311585239881822 37.74803894300925 0.0 1.0 1.0 1 0 0 0.0 1.0 0
cell 38.27723571031942 37.95720047494614 0.0 1.0 1.0 1 0 0 0.0 1.0 0
cell 5.836738759623411 37.32538618096947 0.0 1.0 1.0 1 0 0 0.0 1.0 0
cell 17.66485461713198 33.40584627404814 0.0 1.0 1.0 1 0 0 0.0 1.0 0
cell 56.35040721031891 44.35279270507088 0.0 1.6431676725154984 0.6085806194501846 1 0 0 0.8964291318711641 0.44318710668600336 2.2232908584055395
cell 4.9327967794011265 16.169571491237317 0.0 1.6431676725154984 0.6085806194501846 1 0 0 0.997559265456154 0.06982486593312089 3.001829194709955
cell 6.711479882505512 5.037303983271333 0.0 1.6431676725154984 0.6085806194501846 1 0 0 0.9001019145009331 0.43567940450720744 2.2400067587279695
cell 52.21398823979955 7.871466142549504 0.0 1.6431676725154984 0.6085806194501846 1 0 0 0.9997288709495528 0.02328485752441821 3.095018729283579
cell 35.571081996954206 14.293909429954619 0.0 1.6431676725154984 0.6085806194501846 1 0 0 0.9962646927996902 0.0863519651237821 2.9686733674616477
cell 31.117848914985757 25.579440978820443 0.0 1.6431676725154984 0.6085806194501846 1 0 0 0.870565236823602 0.4920530138453231 2.112699774767502
cell 20.191674696717254 16.47591352098431 0.0 1.6431676725154984 0.6085806194501846 1 0 0 0.9498405150000317 0.31273470556443583 2.505451065887301
cell 54.04666436852981 25.212011310129146 0.0 1.6431676725154984 0.6085806194501846 1 0 0 0.9858361058910023 0.16771157479930976 2.8045768443632744
cell 17.905540151462056 35.172243647997306 0.0 1.6431676725154984 0.6085806194501846 1 0 0 0.831989822263255 0.5547908936260195 1.9653694291528987
cell 11.562161677212055 53.94748078710797 0.0 1.6431676725154984 0.6085806194501846 1 0 0 0.9414892139832071 0.33704311289994177 2.4540437018304044
cell 16.762597192302593 5.10062901735806 0.0 1.0 1.0 1 0 0 0.0 1.0 0
cell 30.609341359765043 15.64225804264219 0.0 1.6431676725154984 0.6085806194501846 1 0 0 0.8129829680640437 0.5822874664955259 1.8985135819692143
cell 56.16897141883529 6.100854040358852 0.0 1.6431676725154984 0.6085806194501846 1 0 0 -0.8986513136426623 -0.4386636712657174 2.2333704642686136
cell 32.5901291852195 57.33590601213262 0.0 1.6431676725154984 0.6085806194501846 1 0 0 0.29106524461090255 -0.9567032054820321 5.6925051011179795
cell 4.777900191227284 54.8551227988555 0.0 1.0 1.0 1 0 0 0.0 1.0 0
cell 13.82072086837784 11.989046569877978 0.0 1.0 1.0 1 0 0 0.0 1.0 0
cell 25.327224098296835 22.199178394202345 0.0 1.6431676725154984 0.6085806194501846 1 0 0 0.7095968378577021 0.7046079248080808 1.5778517299248658
cell 0.5624843651804549 23.5491519665162 0.0 1.6431676725154984 0.6085806194501846 1 0 0 0.5558534314860756 0.8312803153600804 1.1787785224404645
cell 43.91006320173888 28.478724343949 0.0 1.0 1.0 1 0 0 0.0 1.0 0
cell 46.761680441938154 53.57255079191604 0.0 1.6431676725154984 0.6085806194501846 1 0 0 0.3330382394620063 0.9429133210725402 0.6790478648977015
cell 51.70765707626916 43.3432952112954 0.0 1.0 1.0 1 0 0 0.0 1.0 0
cell 17.53468306728513 24.437751721771125 0.0 1.0 1.0 1 0 0 0.0 1.0 0
cell 31.74066062565458 15.25202812888925 0.0 1.6431676725154984 0.6085806194501846 1 0 0 0.8404786391141057 0.5418446799525679 1.9963319385309641
cell 35.005110281776176 13.23073741504299 0.0 1.6431676725154984 0.6085806194501846 1 0 0 0.9444106775111776 0.32876811311755666 2.471594891507211
cell 14.980658442098083 51.22153417009777 0.0 1.6431676725154984 0.6085806194501846 1 0 0 0.9857440042813871 0.1682520669213212 2.8034802779986965
cell 17.546644003889977 3.4039346833470625 0.0 1.0 1.0 1 0 0 0.0 1.0 0
cell 14.719854073606811 47.04678198798254 0.0 1.0 1.0 1 0 0 0.0 1.0 0
cell 19.516740604818825 2.8034564206295003 0.0 1.0 1.0 1 0 0 0.0 1.0 0
cell 15.088141168695119 6.151391233575694 0.0 1.0 1.0 1 0 0 0.0 1.0 0
cell 30.095765792812507 36.17092648233396 0.0 1.0 1.0 1 0 0 0.0 1.0 0
cell 36.351871160137335 56.30639890986002 0.0 1.6431676725154984 0.6085806194501846 1 0 0 0.6268174594831194 -0.7791661392072476 4.928261466137721
cell 8.436305716130532 43.34732518743089 0.0 1.0 1.0 1 0 0 0.0 1.0 0
cell 5.587058287008987 41.65487995483216 0.0 1.0 1.0 1 0 0 0.0 1.0 0
cell 48.61301781383757 18.382363834344513 0.0 1.6431676725154984 0.6085806194501846 1 0 0 0.9371013549679815 -0.3490573742483792 3.854722693115971
cell 55.190332061955424 26.16464600813905 0.0 1.6431676725154984 0.6085806194501846 1 0 0 0.998920830264189 0.046445396588934 3.0486684310035
cell 15.726256709410345 2.525359478354358 0.0 1.0 1.0 1 0 0 0.0 1.0 0
cell 31.196479954647472 2.3990749274662697 0.0 1.6431676725154984 0.6085806194501846 1 0 0 0.4648094938216947 -0.8854107151222081 5.316346431782826
cell 42.17542205630994 50.260652130179444 0.0 1.0 1.0 1 0 0 0.0 1.0 0
cell 52.90065114303181 36.88459746639726 0.0 1.6431676725154984 0.6085806194501846 1 0 0 0.8585171294170408 0.5127848852077486 2.0647416708292554
cell 43.68151257508994 47.785156451838844 0.0 1.6431676725154984 0.6085806194501846 1 0 0 0.19311262979290644 -0.9811765958350555 5.8945182947628
cell 54.3356970873211 18.538097394093604 0.0 1.6431676725154984 0.6085806194501846 1 0 0 -0.1404150435813374 0.99009273077629 6.001424109303977
cell 20.25130186468232 23.144471651602704 0.0 1.0 1.0 1 0 0 0.0 1.0 0
cell 20.520854950773238 6.056561026633835 0.0 1.0 1.0 1 0 0 0.0 1.0 0
cell 39.14095327038385 39.78242759901678 0.0 1.6431676725154984 0.6085806194501846 1 0 0 0.06196621528134717 0.9980782475155471 0.1240118807916321
cell 37.091142330315805 48.85396134188229 0.0 1.0 1.0 1 0 0 0.0 1.0 0
cell 44.38050729539502 14.564138506377759 0.0 1.6431676725154984 0.6085806194501846 1 0 0 0.9910972807627142 -0.13313970130939023 3.408665084558846
cell 22.28174942255074 44.843399725314896 0.0 1.0 1.0 1 0 0 0.0 1.0 0
cell 59.53217747539939 41.22912768831325 0.0 1.0 1.0 1 0 0 0.0 1.0 0
cell 13.647478323063508 9.495063791436454 0.0 1.0 1.0 1 0 0 0.0 1.0 0
cell 59.235713744593525 0.6519778615674012 0.0 1.0 1.0 1 0 0 0.0 1.0 0
cell 9.554685297387985 27.739760825122904 0.0 1.0 1.0 1 0 0 0.0 1.0 0
cell 2.5722924218666683 4.703327742141822 0.0 1.6431676725154984 0.6085806194501846 1 0 0 0.9439535096496728 0.3300784325278843 2.4688193269017455
cell 22.284314582209905 17.07166124468958 0.0 1.0 1.0 1 0 0 0.0 1.0 0
cell 34.946606556344335 56.38098736072193 0.0 1.6431676725154984 0.6085806194501846 1 0 0 0.36347018792302366 -0.931605830000651 5.539205002799244
cell 17.271791232527733 21.001140248632673 0.0 1.6431676725154984 0.6085806194501846 1 0 0 0.8698500341357251 0.49331624554040154 2.1097964872720953
cell 22.45384562389631 5.555643058967173 0.0 1.0 1.0 1 0 0 0.0 1.0 0
cell 14.255341775218868 26.544480032704744 0.0 1.0 1.0 1 0 0 0.0 1.0 0
cell 25.308825433107796 33.21566916459088 0.0 1.6431676725154984 0.6085806194501846 1 0 0 0.9301872533164526 0.36708537667359303 2.389845247184457
cell 18.547769126832303 21.34570491171357 0.0 1.0 1.0 1 0 0 0.0 1.0 0
cell 5.819431636387257 20.554718587594976 0.0 1.6431676725154984 0.6085806194501846 1 0 0 0.8284790920187733 -0.5600199943642628 4.330412520835764
cell 21.968085482845 27.57329674311286 0.0 1.0 1.0 1 0 0 0.0 1.0 0
cell 15.5433904515574 37.11138737145669 0.0 1.0 1.0 1 0 0 0.0 1.0 0
cell 32.56236364443535 44.93382617850085 0.0 1.0 1.0 1 0 0 0.0 1.0 0
cell 35.91821481283514 28.314862760528854 0.0 1.0 1.0 1 0 0 0.0 1.0 0
cell 4.289996412560048 21.16483811041262 0.0 1.6431676725154984 0.6085806194501846 1 0 0 0.9196077186732179 -0.3928379357402232 3.949023843078442
cell 37.19665197854492 12.331701616561316 0.0 1.6431676725154984 0.6085806194501846 1 0 0 0.936350502538728 0.35106656974920225 2.4241727899670478
cell 14.03654045311921 41.18367469896402 0.0 1.0 1.0 1 0 0 0.0 1.0 0
cell 54.38024631710939 40.696034084292144 0.0 1.6431676725154984 0.6085806194501846 1 0 0 0.805053905836894 0.5932016593846998 1.871532670619892
cell 23.279089941169 26.55743733289842 0.0 1.6431676725154984 0.6085806194501846 1 0 0 0.785835973584074 0.6184349784910056 1.8080934502869732
cell 14.721201294590848 38.884854597678554 0.0 1.0 1.0 1 0 0 0.0 1.0 0
cell 48.82307891460511 2.900547573168999 0.0 1.0 1.0 1 0 0 0.0 1.0 0
cell 17.987129142374478 36.8019828806709 0.0 1.6431676725154984 0.6085806194501846 1 0 0 0.8755618933628385 0.4831059623839074 2.133195357264476
cell 24.831887365936044 55.13869061536048 0.0 1.0 1.0 1 0 0 0.0 1.0 0
cell 20.38600602873646 42.74998678476341 0.0 1.0 1.0 1 0 0 0.0 1.0 0
cell 16.468245057322736 54.355646470661824 0.0 1.0 1.0 1 0 0 0.0 1.0 0
cell 3.026858942701387 53.84808044426188 0.0 1.0 1.0 1 0 0 0.0 1.0 0
cell 45.97527470364934 30.816030266972447 0.0 1.6431676725154984 0.6085806194501846 1 0 0 -0.04647704791859819 -0.9989193581149443 0.09298759368042919
cell 56.08209838919193 13.95034436670488 0.0 1.6431676725154984 0.6085806194501846 1 0 0 0.9928521953227354 0.11935040110039359 2.902321491423206
cell 13.415086140913353 48.43438302806458 0.0 1.0 1.0 1 0 0 0.0 1.0 0
cell 26.172018096497414 41.18872014636601 0.0 1.0 1.0 1 0 0 0.0 1.0 0
cell 10.170926118647944 8.076689673777079 0.0 1.0 1.0 1 0 0 0.0 1.0 0
cell 31.737005476785473 35.09698878698737 0.0 1.0 1.0 1 0 0 0.0 1.0 0
cell 31.690756876375445 19.491763013180332 0.0 1.6431676725154984 0.6085806194501846 1 0 0 0.930940484924949 0.3651709374083606 2.393959824707895
cell 6.035744941125696 39.72541425837154 0.0 1.0 1.0 1 0 0 0.0 1.0 0
cell 7.326560947171506 41.69647670905755 0.0 1.0 1.0 1 0 0 0.0 1.0 0
cell 42.87607360219828 27.253093949204843 0.0 1.6431676725154984 0.6085806194501846 1 0 0 0.9532608454089483 0.3021485737352025 2.527701110715233
cell 11.370391657383747 36.76452368652448 0.0 1.0 1.0 1 0 0 0.0 1.0 0
cell 38.881273310416006 18.28217381174625 0.0 1.0 1.0 1 0 0 0.0 1.0 0
cell 27.367430589774283 55.33172488974701 0.0 1.0 1.0 1 0 0 0.0 1.0 0
cell 7.5170912950940085 39.695729902247926 0.0 1.6431676725154984 0.6085806194501846 1 0 0 0.5500038534638283 0.8351621167024638 1.1647377037853033
cell 32.65968116258404 19.901225452166113 0.0 1.6431676725154984 0.6085806194501846 1 0 0 0.9273555430269992 0.37418136888025233 2.3745649366509096
cell 51.34110100316201 33.262368431014394 0.0 1.0 1.0 1 0 0 0.0 1.0 0
cell 22.587392257764556 15.36810874174343 0.0 1.0 1.0 1 0 0 0.0 1.0 0
cell 11.588096197080574 38.795629112687976 0.0 1.0 1.0 1 0 0 0.0 1.0 0
cell 53.8967763485619 54.159492127917126 0.0 1.0 1.0 1 0 0 0.0 1.0 0
cell 32.67374279137206 39.293985767402354 0.0 1.0 1.0 1 0 0 0.0 1.0 0
cell 20.062401125041664 1.0153686676640397 0.0 1.0 1.0 1 0 0 0.0 1.0 0
cell 19.34745215451692 57.04391025786724 0.0 1.0 1.0 1 0 0 0.0 1.0 0
cell 55.79657254387813 42.95918076708082 0.0 1.0 1.0 1 0 0 0.0 1.0 0
cell 26.197341880653255 20.927772918868143 0.0 1.6431676725154984 0.6085806194501846 1 0 0 0.6523965347848354 0.7578778011003746 1.421484630025081
cell 58.69032877561687 12.583720716973426 0.0 1.6431676725154984 0.6085806194501846 1 0 0 0.9897452744663287 0.1428435916363481 2.8549248990554137
cell 11.340835905662379 30.786758760713777 0.0 1.0 1.0 1 0 0 0.0 1.0 0
cell 25.08625326123804 25.221717781329257 0.0 1.6431676725154984 0.6085806194501846 1 0 0 0.7896753302756182 0.6135249569121808 1.8205592591223918
cell 48.8611822292838 48.81559623369148 0.0 1.6431676725154984 0.6085806194501846 1 0 0 0.8285170631847188 -0.559963816698694 4.330276907568658
cell 16.529469496812634 47.62851307027704 0.0 1.0 1.0 1 0 0 0.0 1.0 0
cell 11.242766148769153 3.511991871538123 0.0 1.6431676725154984 0.6085806194501846 1 0 0 0.8371573333499546 0.5469621551975905 1.9841303418641862
cell 48.557192425198004 31.47121446931686 0.0 1.6431676725154984 0.6085806194501846 1 0 0 0.10799697986656533 -0.9941512220682026 6.0667692595668425
cell 27.0133943894461 36.87321084430664 0.0 1.0 1.0 1 0 0 0.0 1.0 0
cell 10.136998288115077 17.44917827363656 0.0 1.0 1.0 1 0 0 0.0 1.0 0
cell 38.49417073262175 21.83505541556141 0.0 1.0 1.0 1 0 0 0.0 1.0 0
cell 16.083118230663896 56.43401900383193 0.0 1.0 1.0 1 0 0 0.0 1.0 0
cell 19.43364072211096 24.745180434780373 0.0 1.0 1.0 1 0 0 0.0 1.0 0
cell 27.18246922144168 25.50169873424953 0.0 1.6431676725154984 0.6085806194501846 1 0 0 0.8842286071556319 0.4670543547464377 2.169679614904859
cell 30.41931209827209 27.871081863501924 0.0 1.6431676725154984 0.6085806194501846 1 0 0 0.9068249433606768 0.4215074401465594 2.2713786401408154
cell 34.1913592467313 3.256637523947475 0.0 1.0 1.0 1 0 0 0.0 1.0 0
cell 27.111072416064047 49.90616703366971 0.0 1.6431676725154984 0.6085806194501846 1 0 0 0.9944390036700931 0.1053141395047813 2.930573069661459
cell 36.16319889741921 40.0353144910074 0.0 1.0 1.0 1 0 0 0.0 1.0 0
cell 5.62506551727089 45.158420499658114 0.0 1.0 1.0 1 0 0 0.0 1.0 0
cell 50.68173749733295 31.701299217199583 0.0 1.6431676725154984 0.6085806194501846 1 0 0 -0.2980234642339718 0.9545585444413467 5.677942597826017
cell 16.16670665643894 0.6240129589798036 0.0 1.0 1.0 1 0 0 0.0 1.0 0
cell 11.940138133655607 16.540184704770454 0.0 1.0 1.0 1 0 0 0.0 1.0 0
cell 7.157045477135057 36.882737701370615 0.0 1.6431676725154984 0.6085806194501846 1 0 0 0.6065507174969978 0.7950447956586327 1.303429795508846
cell 56.3595692276535 3.5008747026753095 0.0 1.0 1.0 1 0 0 0.0 1.0 0
cell 45.41366354068385 36.81701874694028 0.0 1.6431676725154984 0.6085806194501846 1 0 0 0.2884176185735164 -0.9575047139812846 5.698037675342726
cell 34.168835262000435 10.680923275807983 0.0 1.6431676725154984 0.6085806194501846 1 0 0 -0.8110669510633955 -0.5849533322349122 1.89194761792192
cell 28.454175997542002 25.21520657454464 0.0 1.6431676725154984 0.6085806194501846 1 0 0 0.8994550870362102 0.4370132107896551 2.2370420156560615
cell 17.949374729690895 11.460096644414898 0.0 1.0 1.0 1 0 0 0.0 1.0 0
cell 31.660853967239166 17.12633150397228 0.0 1.6431676725154984 0.6085806194501846 1 0 0 0.8614192307686912 0.5078945843990428 2.07611485356702
cell 7.928368314474445 6.830582629608741 0.0 1.6431676725154984 0.6085806194501846 1 0 0 0.9254989791881439 0.37875010167880296 2.364701834104227
cell 0.4455662114782443 32.09629514012832 0.0 1.0 1.0 1 0 0 0.0 1.0 0
cell 4.637551463144384 2.1041544587051897 0.0 1.0 1.0 1 0 0 0.0 1.0 0
cell 33.402591989259506 15.680186836924472 0.0 1.6431676725154984 0.6085806194501846 1 0 0 0.9054923839046863 0.42436251329565877 2.265077159171126
cell 58.073846993087486 44.30289148031374 0.0 1.0 1.0 1 0 0 0.0 1.0 0
cell 58.39465126051806 50.84889930395737 0.0 1.0 1.0 1 0 0 0.0 1.0 0
cell 12.745894012108687 51.24548559868286 0.0 1.6431676725154984 0.6085806194501846 1 0 0 0.9554458242738813 0.29516652397859017 2.5423330470427365
cell 28.662277220313396 21.11159296982725 0.0 1.6431676725154984 0.6085806194501846 1 0 0 0.8539754683566371 0.5203132704871771 2.04715715854245
cell 49.138209396254574 30.14564280095141 0.0 1.6431676725154984 0.6085806194501846 1 0 0 0.041601578787567414 0.9991342795852727 0.08322717611670484
cell 51.01417730726488 51.13214672196403 0.0 1.6431676725154984 0.6085806194501846 1 0 0 0.5697507340320098 -0.8218175594801963 5.070780281734085
cell 17.945862732995494 46.27259918660735 0.0 1.0 1.0 1 0 0 0.0 1.0 0
cell 37.949991045389474 8.184019519171462 0.0 1.6431676725154984 0.6085806194501846 1 0 0 0.9713435041995874 0.23768003039646862 2.6616391790360048
cell 34.167547446094005 44.90021267917494 0.0 1.0 1.0 1 0 0 0.0 1.0 0
cell 19.785030445313623 7.867202821166668 0.0 1.0 1.0 1 0 0 0.0 1.0 0
cell 17.77624750862024 38.62821468226349 0.0 1.6431676725154984 0.6085806194501846 1 0 0 0.9271825957053675 0.37460970919218967 2.373641061761794
cell 12.579893656685298 44.50162863633925 0.0 1.0 1.0 1 0 0 0.0 1.0 0
cell 42.03116969168082 6.137955997242671 0.0 1.6431676725154984 0.6085806194501846 1 0 0 0.9998148926641789 0.01924007294467362 3.1031101332055346
cell 26.512807581750334 39.52185154343086 0.0 1.0 1.0 1 0 0 0.0 1.0 0
cell 0.587445067783797 28.382975926800427 0.0 1.6431676725154984 0.6085806194501846 1 0 0 0.992162088883057 -0.12495755032493559 3.392162745654847
cell 17.679576695412898 57.61831086244754 0.0 1.0 1.0 1 0 0 0.0 1.0 0
cell 49.60303178540059 23.27957056441889 0.0 1.6431676725154984 0.6085806194501846 1 0 0 0.4632072813690634 0.8862499729120906 0.963221451300471
cell 35.587718139567755 50.233943121848625 0.0 1.0 1.0 1 0 0 0.0 1.0 0
cell 32.73891033955766 4.622894712989082 0.0 1.0 1.0 1 0 0 0.0 1.0 0
cell 30.145283528787033 19.977658974150867 0.0 1.6431676725154984 0.6085806194501846 1 0 0 0.8817248858056911 0.4717639513050367 2.159012096395241
cell 55.877805558187 38.29108789498127 0.0 1.6431676725154984 0.6085806194501846 1 0 0 0.8439018828653961 0.536497541556566 2.0090300678764628
cell 31.846604061064273 12.747135082126348 0.0 1.6431676725154984 0.6085806194501846 1 0 0 0.7807084514301148 0.6248954423466313 1.7915974553384257
cell 28.83647795420999 11.387722929062628 0.0 1.6431676725154984 0.6085806194501846 1 0 0 0.7278263062419749 0.6857615241045265 1.6302936875055114
cell 3.52593948629426 0.43191398405341824 0.0 1.0 1.0 1 0 0 0.0 1.0 0
cell 1.9471606326466218 49.998107790294156 0.0 1.0 1.0 1 0 0 0.0 1.0 0
cell 8.253902974896809 35.33511819680089 0.0 1.0 1.0 1 0 0 0.0 1.0 0
cell 1.7214596735038108 57.18649444032758 0.0 1.0 1.0 1 0 0 0.0 1.0 0
cell 36.973501453680306 42.58848439117297 0.0 1.0 1.0 1 0 0 0.0 1.0 0
cell 33.63697436140305 42.09451912052678 0.0 1.6431676725154984 0.6085806194501846 1 0 0 -0.9502254730353952 -0.311563076109252 2.507917568238412
cell 3.3806191171559767 56.07023824527055 0.0 1.0 1.0 1 0 0 0.0 1.0 0
cell 54.69502471522071 35.7022075252925 0.0 1.6431676725154984 0.6085806194501846 1 0 0 0.8768535486433919 0.48075758364428395 2.1385556782878594
cell 47.4807705522182 19.0147496948259 0.0 1.6431676725154984 0.6085806194501846 1 0 0 0.9216030502835914 -0.38813376264888394 3.9388041269331824
cell 10.347789136762621 52.88438587976178 0.0 1.6431676725154984 0.6085806194501846 1 0 0 0.9975581301658148 0.06984108346870868 3.0017966802611853
cell 21.18726736999068 46.093197090836995 0.0 1.0 1.0 1 0 0 0.0 1.0 0
cell 22.533062661014185 49.87721298695635 0.0 1.0 1.0 1 0 0 0.0 1.0 0
cell 6.7231998088619 10.260358357858488 0.0 1.0 1.0 1 0 0 0.0 1.0 0
cell 48.309801027842084 10.888566550375584 0.0 1.6431676725154984 0.6085806194501846 1 0 0 0.9957676538147607 -0.09190636330661163 3.325665139710545
cell 34.212198003584774 24.029773402348273 0.0 1.6431676725154984 0.6085806194501846 1 0 0 0.9945735700074383 0.10403563736844826 2.933144198627004
cell 13.525361305345456 28.271424398176006 0.0 1.0 1.0 1 0 0 0.0 1.0 0
cell 10.313053537652541 55.79745127144065 0.0 1.6431676725154984 0.6085806194501846 1 0 0 0.9898377858020464 0.1422011174305675 2.8562231000677736
cell 4.300677104112607 40.1448720238708 0.0 1.0 1.0 1 0 0 0.0 1.0 0
cell 28.569398579356815 59.060066527668525 0.0 1.6431676725154984 0.6085806194501846 1 0 0 -0.026698953508096698 0.9996435194015777 6.229781054152543
cell 41.30669818898263 14.501416582208629 0.0 1.6431676725154984 0.6085806194501846 1 0 0 0.9998572872166931 -0.016893939732205657 3.1753821404667377
cell 43.77480974671501 25.383025318734827 0.0 1.6431676725154984 0.6085806194501846 1 0 0 0.9965596582712345 -0.08287851052184987 3.3075400235374866
cell 5.535015489448446 35.34781267522036 0.0 1.0 1.0 1 0 0 0.0 1.0 0
cell 51.60875945079465 9.032947245606557 0.0 1.6431676725154984 0.6085806194501846 1 0 0 0.9934707747627118 -0.11408689535777983 3.370264344266363
cell 9.458361858089825 31.410250085198367 0.0 1.0 1.0 1 0 0 0.0 1.0 0
cell 54.25350535080527 49.73503551289862 0.0 1.0 1.0 1 0 0 0.0 1.0 0
cell 38.58694368590976 54.13060505347229 0.0 1.0 1.0 1 0 0 0.0 1.0 0
cell 34.67115871222363 15.881886774808274 0.0 1.6431676725154984 0.6085806194501846 1 0 0 0.9478271688109058 0.31878465782390253 2.492698713483312
cell 36.05858617358922 33.626953769318064 0.0 1.0 1.0 1 0 0 0.0 1.0 0
cell 0.7821352606119639 46.35242630955364 0.0 1.0 1.0 1 0 0 0.0 1.0 0
cell 23.92139280479386 45.4491513484889 0.0 1.0 1.0 1 0 0 0.0 1.0 0
cell 15.161078240723045 18.844493882775073 0.0 1.0 1.0 1 0 0 0.0 1.0 0
cell 45.887204136180465 42.895198581675956 0.0 1.0 1.0 1 0 0 0.0 1.0 0
cell 31.46756148149989 31.584406622662723 0.0 1.0 1.0 1 0 0 0.0 1.0 0
cell 57.04778237332609 52.066222760321324 0.0 1.0 1.0 1 0 0 0.0 1.0 0
cell 49.060574659379505 15.028364294592715 0.0 1.6431676725154984 0.6085806194501846 1 0 0 0.9306051329179368 -0.36602470761792744 3.8910600228482926
cell 45.17936532303778 51.239446149355636 0.0 1.6431676725154984 0.6085806194501846 1 0 0 0.8419879890086659 0.539496270946466 2.001915187414999
cell 21.419199473828552 39.6999773325613 0.0 1.0 1.0 1 0 0 0.0 1.0 0
cell 47.43943005748571 20.840472641195174 0.0 1.6431676725154984 0.6085806194501846 1 0 0 0.8384478614020422 -0.5449818196145095 4.294327515992039
cell 20.230861422513833 36.70970169109792 0.0 1.6431676725154984 0.6085806194501846 1 0 0 0.9100194670979244 0.41456551895063565 2.286662034523947
cell 1.9925042432133688 44.94164909069609 0.0 1.0 1.0 1 0 0 0.0 1.0 0
cell 14.605946929104226 20.785220646366813 0.0 1.0 1.0 1 0 0 0.0 1.0 0
cell 21.61661398415795 37.0222611565385 0.0 1.6431676725154984 0.6085806194501846 1 0 0 0.9513646602446564 0.30806701095308725 2.5152715424855647
cell 49.6600600840467 34.29973002551446 0.0 1.0 1.0 1 0 0 0.0 1.0 0
cell 18.189107136844832 30.29190333920822 0.0 1.0 1.0 1 0 0 0.0 1.0 0
cell 57.74874872049467 2.0677348506012994 0.0 1.0 1.0 1 0 0 0.0 1.0 0
cell 36.54397817336398 44.50197787569643 0.0 1.6431676725154984 0.6085806194501846 1 0 0 0.934065117974566 0.3571027238528993 2.411264144246105
cell 55.91826278364871 54.971984501162105 0.0 1.0 1.0 1 0 0 0.0 1.0 0
cell 13.846518238972415 25.11654904532598 0.0 1.6431676725154984 0.6085806194501846 1 0 0 0.9635347970755443 0.2675830615427472 2.5998251606562395
cell 30.810318321025143 39.935087864075925 0.0 1.0 1.0 1 0 0 0.0 1.0 0
cell 53.541659792347126 45.89190355392813 0.0 1.0 1.0 1 0 0 0.0 1.0 0
cell 33.172471752398984 14.19862417662438 0.0 1.6431676725154984 0.6085806194501846 1 0 0 0.8482112723599331 0.5296580382110173 2.025197937212133
cell 16.66560865071638 18.05225077144589 0.0 1.0 1.0 1 0 0 0.0 1.0 0
cell 11.101049099982399 41.78991981081869 0.0 1.0 1.0 1 0 0 0.0 1.0 0
cell 32.14849035364135 25.858843511258556 0.0 1.6431676725154984 0.6085806194501846 1 0 0 0.876642917486537 0.4811415542443749 2.1376797812413115
cell 38.467167883138565 44.30600857382273 0.0 1.6431676725154984 0.6085806194501846 1 0 0 0.9666275280349284 0.2561859130496517 2.62344393279605
cell 12.777926866578818 0.7129053221757459 0.0 1.6431676725154984 0.6085806194501846 1 0 0 0.7707194830953987 0.6371746058790804 1.7599391182244637
cell 33.76731224052264 48.674680657062474 0.0 1.6431676725154984 0.6085806194501846 1 0 0 0.8983985430216049 0.4391811219720827 2.232218686113666
cell 36.449365771702695 15.566555103254238 0.0 1.6431676725154984 0.6085806194501846 1 0 0 0.9092880057503685 0.4161674213564991 2.283140030649846
cell 28.64960056841625 33.148832743173145 0.0 1.0 1.0 1 0 0 0.0 1.0 0
cell 1.7813133646160932 15.180227222249382 0.0 1.6431676725154984 0.6085806194501846 1 0 0 0.8612428432437788 0.5081936293986494 2.0754204747887
cell 24.027868020975223 27.339278442816887 0.0 1.6431676725154984 0.6085806194501846 1 0 0 0.8130344848613082 0.5822155326219897 1.8986905391681912
cell 6.717575927413831 58.5746142748328 0.0 1.0 1.0 1 0 0 0.0 1.0 0
cell 10.163198893086214 15.586073022182532 0.0 1.0 1.0 1 0 0 0.0 1.0 0
cell 27.388578201811868 30.517440793197142 0.0 1.6431676725154984 0.6085806194501846 1 0 0 0.9152137756697184 0.4029686648169785 2.312076206951089
cell 46.28825381270177 3.038413407983765 0.0 1.6431676725154984 0.6085806194501846 1 0 0 -0.05899410530615989 0.9982583310642219 6.165128550010322
cell 29.193006824456482 18.47102251960972 0.0 1.6431676725154984 0.6085806194501846 1 0 0 -0.8234368573744495 -0.5674079149230212 1.9348835679368257
cell 37.52753886761269 29.344851779616114 0.0 1.0 1.0 1 0 0 0.0 1.0 0
cell 30.87429057879741 12.639144363306883 0.0 1.6431676725154984 0.6085806194501846 1 0 0 -0.7712602264118553 -0.6365199628881514 1.7616373064627702
cell 59.59772658072424 24.53793590297598 0.0 1.6431676725154984 0.6085806194501846 1 0 0 0.32207442783473433 0.9467143512881425 0.6558397191658427
cell 20.220453134876294 21.562104382317152 0.0 1.0 1.0 1 0 0 0.0 1.0 0
cell 55.38055359026631 46.608697314379484 0.0 1.0 1.0 1 0 0 0.0 1.0 0
cell 58.470767051914905 25.960056254793226 0.0 1.6431676725154984 0.6085806194501846 1 0 0 0.9986099036036726 0.05270920626098996 3.036125366638882
cell 57.26002525522745 47.35776016877743 0.0 1.0 1.0 1 0 0 0.0 1.0 0
cell 5.237749564855943 56.8107467760075 0.0 1.0 1.0 1 0 0 0.0 1.0 0
cell 14.970197176536342 29.64318304497543 0.0 1.0 1.0 1 0 0 0.0 1.0 0
cell 50.96957298896843 55.62851859753788 0.0 1.6431676725154984 0.6085806194501846 1 0 0 0.14915418879035516 -0.9888139501272679 5.983759631271372
cell 11.226908918268592 22.36398579791602 0.0 1.0 1.0 1 0 0 0.0 1.0 0
cell 34.0106636568951 25.58060131432468 0.0 1.0 1.0 1 0 0 0.0 1.0 0
cell 2.744042636852459 43.235786408073835 0.0 1.0 1.0 1 0 0 0.0 1.0 0
cell 37.37931691331451 5.823732219457005 0.0 1.6431676725154984 0.6085806194501846 1 0 0 0.9828469192448225 0.18442324509389119 2.770622634996063
cell 19.8412558986036 39.475348025522955 0.0 1.0 1.0 1 0 0 0.0 1.0 0
cell 2.743442542661764 46.78379562976706 0.0 1.0 1.0 1 0 0 0.0 1.0 0
cell 58.4629190393992 58.16615886581457 0.0 1.0 1.0 1 0 0 0.0 1.0 0
cell 25.551566628557133 26.48690977062856 0.0 1.6431676725154984 0.6085806194501846 1 0 0 0.8550220237716628 0.5185916880026232 2.0511866130270593
cell 9.686389456292792 34.27397819922456 0.0 1.0 1.0 1 0 0 0.0 1.0 0
cell 12.516267419036117 55.935449444218676 0.0 1.6431676725154984 0.6085806194501846 1 0 0 0.6201226097325114 -0.7845049068670885 4.945387341454418
cell 40.772677537681254 49.034610187754055 0.0 1.0 1.0 1 0 0 0.0 1.0 0
cell 0.035308347844366594 5.900772586051363 0.0 1.6431676725154984 0.6085806194501846 1 0 0 0.8446871995424682 0.5352602497188658 2.0119610156817167
cell 23.575878079515437 41.0886340794659 0.0 1.0 1.0 1 0 0 0.0 1.0 0
cell 47.061359959416414 32.88582463289718 0.0 1.6431676725154984 0.6085806194501846 1 0 0 0.9138737570635102 -0.40599846816290386 3.9777349188852935
cell 25.589162834500655 31.857436434794483 0.0 1.6431676725154984 0.6085806194501846 1 0 0 0.9055156340792256 0.4243128992124774 2.265186742525095
cell 31.41079417185125 47.86323668309019 0.0 1.0 1.0 1 0 0 0.0 1.0 0
cell 21.93437747985278 10.985010924776677 0.0 1.0 1.0 1 0 0 0.0 1.0 0
cell 52.78940655898978 4.162034099967269 0.0 1.0 1.0 1 0 0 0.0 1.0 0
cell 6.311440953762388 3.155668268311392 0.0 1.0 1.0 1 0 0 0.0 1.0 0
cell 32.9591831151286 12.11148800985956 0.0 1.6431676725154984 0.6085806194501846 1 0 0 0.7694545035881525 0.6387016258848179 1.7559732818485967
cell 20.22794064359431 48.71408569092758 0.0 1.0 1.0 1 0 0 0.0 1.0 0
cell 55.81170136797347 1.5442478761998952 0.0 1.0 1.0 1 0 0 0.0 1.0 0
cell 46.822855196666694 9.698884780533021 0.0 1.6431676725154984 0.6085806194501846 1 0 0 0.9989298236652394 -0.046251566374921615 3.234128798692871
cell 22.49023284622492 53.12410306396264 0.0 1.0 1.0 1 0 0 0.0 1.0 0
cell 29.89839029742191 56.47870074296578 0.0 1.0 1.0 1 0 0 0.0 1.0 0
cell 58.70338385405396 42.78939979978666 0.0 1.0 1.0 1 0 0 0.0 1.0 0
cell 40.13619670735785 57.44795955570701 0.0 1.0 1.0 1 0 0 0.0 1.0 0
cell 29.384916473532776 58.03870415327214 0.0 1.6431676725154984 0.6085806194501846 1 0 0 -0.010541994393095805 0.9999444316331862 6.262100927850439
cell 7.024111843138221 52.83815869747606 0.0 1.6431676725154984 0.6085806194501846 1 0 0 0.9464270418461903 -0.3229177208860945 3.7992141583077186
cell 12.081912295082649 12.81331954693339 0.0 1.0 1.0 1 0 0 0.0 1.0 0
cell 32.70629341043345 27.016093165164666 0.0 1.0 1.0 1 0 0 0.0 1.0 0
cell 24.899099721936526 8.573920878144065 0.0 1.6431676725154984 0.6085806194501846 1 0 0 0.17296901185707547 0.984927266825925 0.347686648067385
cell 30.86412155360664 9.485604264015832 0.0 1.6431676725154984 0.6085806194501846 1 0 0 -0.9521908529525955 -0.3055038126659119 2.520657666967365
cell 54.400707937805315 3.020172875969514 0.0 1.0 1.0 1 0 0 0.0 1.0 0
cell 28.67157757970242 45.44266646546591 0.0 1.6431676725154984 0.6085806194501846 1 0 0 0.7612580441571511 -0.6484490652364525 4.552683320030748
cell 32.37801464052968 10.046423696609397 0.0 1.6431676725154984 0.6085806194501846 1 0 0 0.9693399121579059 0.24572369584088397 2.645060237171905
cell 14.17164625132816 59.6648306192429 0.0 1.6431676725154984 0.6085806194501846 1 0 0 0.7709513967412122 0.6368939816506152 1.7606672223328987
cell 12.563242332076522 33.38971268149712 0.0 1.0 1.0 1 0 0 0.0 1.0 0
cell 27.129473236085058 48.256507086911995 0.0 1.0 1.0 1 0 0 0.0 1.0 0
cell 4.874266061417131 23.180512231616518 0.0 1.6431676725154984 0.6085806194501846 1 0 0 0.929671867600759 -0.36838867869645064 3.8961430718896732
cell 35.993978860829394 30.164115161823478 0.0 1.0 1.0 1 0 0 0.0 1.0 0
cell 53.82518134030149 38.65655810366495 0.0 1.6431676725154984 0.6085806194501846 1 0 0 0.6976604379294234 0.7164285821686102 1.5442533835013565
cell 43.57896467274027 15.640135607293804 0.0 1.6431676725154984 0.6085806194501846 1 0 0 0.9948467870381573 -0.10138969533367374 3.3447210856318264
cell 26.255140079575852 29.91395312941488 0.0 1.6431676725154984 0.6085806194501846 1 0 0 0.8626200689888014 0.5058523663854462 2.0808530681974933
cell 40.96013670762421 7.334890892540919 0.0 1.6431676725154984 0.6085806194501846 1 0 0 0.9999401726436131 -0.010938516053890346 3.1634701219896804
cell 46.749493941068096 22.742030939299056 0.0 1.6431676725154984 0.6085806194501846 1 0 0 0.20244233353102128 0.979294185418516 0.40770250817149317
cell 40.9481159277177 43.92489940459913 0.0 1.6431676725154984 0.6085806194501846 1 0 0 0.7946177399009149 0.6071100785152245 1.8367553618793868
cell 25.2063422906981 1.3428082733778444 0.0 1.6431676725154984 0.6085806194501846 1 0 0 0.43181095042260387 0.9019641362577159 0.8929991992947918
cell 24.735776034140432 19.709343873219265 0.0 1.0 1.0 1 0 0 0.0 1.0 0
cell 47.007836249549335 47.0983522189519 0.0 1.6431676725154984 0.6085806194501846 1 0 0 0.3767860052523059 -0.9263003326383994 5.510537054752865
cell 30.087309116190646 25.6387699026023 0.0 1.6431676725154984 0.6085806194501846 1 0 0 0.8678331537802252 0.49685573077088285 2.101648902349713
cell 24.01435936510809 35.584686358557185 0.0 1.6431676725154984 0.6085806194501846 1 0 0 0.9787618518057553 0.2050005791449597 2.7286640556442356
cell 59.23048983275599 47.81861071998237 0.0 1.0 1.0 1 0 0 0.0 1.0 0
cell 44.74536067195565 38.82128759875293 0.0 1.6431676725154984 0.6085806194501846 1 0 0 0.4863787050940577 -0.8737481074262923 5.267304514183496
cell 56.37723553227284 12.476507292227566 0.0 1.6431676725154984 0.6085806194501846 1 0 0 0.9709832135967335 0.23914765086314396 2.658616782908874
cell 15.961059338626423 33.179595343462346 0.0 1.0 1.0 1 0 0 0.0 1.0 0
cell 51.16522373449197 57.05338810057977 0.0 1.6431676725154984 0.6085806194501846 1 0 0 0.4124578055440812 -0.9109767058743933 5.43288448909105
cell 21.143863239936806 18.577244012625552 0.0 1.0 1.0 1 0 0 0.0 1.0 0
cell 11.382532135065851 34.83677892522601 0.0 1.0 1.0 1 0 0 0.0 1.0 0
cell 9.778988177621166 47.374277118598144 0.0 1.0 1.0 1 0 0 0.0 1.0 0
cell 20.221596291355855 44.25440009554912 0.0 1.6431676725154984 0.6085806194501846 1 0 0 0.0019175371590637405 0.9999981615239318 0.003835076668359994
cell 39.38226551247258 4.040133026591297 0.0 1.6431676725154984 0.6085806194501846 1 0 0 0.9777530593219768 0.20975927866608168 2.7189351440774043
cell 28.843243741042908 14.586511963986403 0.0 1.6431676725154984 0.6085806194501846 1 0 0 0.7374096846962909 0.6754457468339828 1.658454630589683
cell 45.979612050943516 55.063385970471366 0.0 1.0 1.0 1 0 0 0.0 1.0 0
cell 35.59440112238213 54.76526447283966 0.0 1.6431676725154984 0.6085806194501846 1 0 0 0.3369583251738037 -0.9415195627792686 5.59581646658511
cell 8.423999978013287 33.08918045518174 0.0 1.0 1.0 1 0 0 0.0 1.0 0
cell 16.596613594291846 7.0750711915997035 0.0 1.0 1.0 1 0 0 0.0 1.0 0
cell 21.124004896590154 12.807617061371673 0.0 1.0 1.0 1 0 0 0.0 1.0 0
cell 41.01524209895819 5.051648263167803 0.0 1.6431676725154984 0.6085806194501846 1 0 0 0.9972656733704759 0.07389977480974746 2.9936582457120373
cell 53.69789543856371 14.0444465053137 0.0 1.6431676725154984 0.6085806194501846 1 0 0 0.9121797690105119 0.4097902744184264 2.297144386851348
cell 50.054661808277366 47.60641939053207 0.0 1.0 1.0 1 0 0 0.0 1.0 0
cell 27.886049339818047 31.398084251054566 0.0 1.6431676725154984 0.6085806194501846 1 0 0 0.9717538781737396 0.23599661068391825 2.6651046137726113
cell 50.254856694867755 1.5385592806857569 0.0 1.0 1.0 1 0 0 0.0 1.0 0
cell 10.319456667476507 11.879885587332758 0.0 1.0 1.0 1 0 0 0.0 1.0 0
cell 35.23235233635647 0.021687205843097135 0.0 1.0 1.0 1 0 0 0.0 1.0 0
cell 21.73598355667104 54.81719200378153 0.0 1.0 1.0 1 0 0 0.0 1.0 0
cell 26.519628034855426 35.350069921519555 0.0 1.0 1.0 1 0 0 0.0 1.0 0
cell 0.5342293940120167 51.394907525093934 0.0 1.0 1.0 1 0 0 0.0 1.0 0
cell 49.02688834930219 46.35728435792326 0.0 1.6431676725154984 0.6085806194501846 1 0 0 0.4118373025258179 -0.9112573929731698 5.434246559957077
cell 36.17912797231044 1.64328750464303 0.0 1.0 1.0 1 0 0 0.0 1.0 0
cell 25.560928080907683 48.7334255951161 0.0 1.0 1.0 1 0 0 0.0 1.0 0
cell 4.692991154300918 43.378111082804786 0.0 1.0 1.0 1 0 0 0.0 1.0 0
cell 3.9887602094495715 11.28947052227665 0.0 1.6431676725154984 0.6085806194501846 1 0 0 0.27431531201788906 -0.9616398024169591 5.727430048076887
cell 29.25233429460032 39.45385660622519 0.0 1.0 1.0 1 0 0 0.0 1.0 0
cell 21.063956585690146 34.81507752201371 0.0 1.6431676725154984 0.6085806194501846 1 0 0 0.8815241952491015 0.47213884948225127 2.1581616251246905
cell 49.07473443179875 59.55631700439049 0.0 1.6431676725154984 0.6085806194501846 1 0 0 0.4614412571824392 -0.8871707649431929 5.323947171434534
cell 34.303720998444405 40.35305816722823 0.0 1.0 1.0 1 0 0 0.0 1.0 0
cell 40.164710251696434 37.49138844484839 0.0 1.0 1.0 1 0 0 0.0 1.0 0
cell 34.52545877713611 33.118137398221094 0.0 1.0 1.0 1 0 0 0.0 1.0 0
cell 16.242134428842924 15.02509874659726 0.0 1.0 1.0 1 0 0 0.0 1.0 0
cell 26.902553483623294 44.26284355783118 0.0 1.0 1.0 1 0 0 0.0 1.0 0
cell 22.578314895954005 31.99721775360052 0.0 1.6431676725154984 0.6085806194501846 1 0 0 0.8143162782205373 0.5804213978008155 1.9031004897085784
cell 14.813892191499077 13.690049963731004 0.0 1.0 1.0 1 0 0 0.0 1.0 0
cell 32.28613010832569 52.03190426229293 0.0 1.0 1.0 1 0 0 0.0 1.0 0
cell 38.18934570652376 19.99696406168655 0.0 1.0 1.0 1 0 0 0.0 1.0 0
cell 33.015737187120784 58.3311467536161 0.0 1.6431676725154984 0.6085806194501846 1 0 0 0.2823229623929771 -0.9593194175589556 5.710755870073699
cell 17.815158761283705 26.005289980890627 0.0 1.0 1.0 1 0 0 0.0 1.0 0
cell 48.92284526601192 24.738570221083524 0.0 1.6431676725154984 0.6085806194501846 1 0 0 0.8029502386184736 -0.5960460672653888 4.418728252437324
cell 33.79453669374857 54.70743383897475 0.0 1.0 1.0 1 0 0 0.0 1.0 0
cell 15.816670373971752 42.226229212317634 0.0 1.0 1.0 1 0 0 0.0 1.0 0
cell 23.758175321794457 31.29626608123922 0.0 1.6431676725154984 0.6085806194501846 1 0 0 0.8358552383575676 0.5489499253212573 1.9793777913527963
cell 19.015438854987163 40.83068282079476 0.0 1.0 1.0 1 0 0 0.0 1.0 0
cell 4.628263932099253 46.96199616268351 0.0 1.0 1.0 1 0 0 0.0 1.0 0
cell 44.650274546004745 20.621180320340653 0.0 1.6431676725154984 0.6085806194501846 1 0 0 0.3849048470167054 0.9229562604712352 0.7902094489243098
cell 2.321987537964802 30.513004159359628 0.0 1.6431676725154984 0.6085806194501846 1 0 0 0.8613542944643786 -0.5080047041197281 4.2073261336980154
cell 18.91639820241511 32.10275268864998 0.0 1.0 1.0 1 0 0 0.0 1.0 0
cell 5.847132813997312 28.196629053889904 0.0 1.6431676725154984 0.6085806194501846 1 0 0 0.8382037758467303 0.5453571583433047 1.9879623428685602
cell 27.378740875914772 34.08935691012275 0.0 1.0 1.0 1 0 0 0.0 1.0 0
cell 27.822464784995205 16.546039881779436 0.0 1.6431676725154984 0.6085806194501846 1 0 0 0.7706890070119221 0.6372114676235648 1.7598434609221614
cell 2.8871605599442445 37.64008971827024 0.0 1.0 1.0 1 0 0 0.0 1.0 0
cell 30.82034354014703 53.12328407002454 0.0 1.0 1.0 1 0 0 0.0 1.0 0
cell 55.42239628756247 11.551379998167418 0.0 1.6431676725154984 0.6085806194501846 1 0 0 0.9357345626863648 0.35270501583356817 2.4206719967681356
cell 52.01063275265353 47.137075108561305 0.0 1.0 1.0 1 0 0 0.0 1.0 0
cell 5.223823995199694 9.197534908088677 0.0 1.6431676725154984 0.6085806194501846 1 0 0 -0.9169530869011063 -0.3989950330800275 2.320751455014589
cell 35.25849575062748 41.997717128532955 0.0 1.6431676725154984 0.6085806194501846 1 0 0 -0.953454720544417 -0.30153622646635275 2.5289857223452668
cell 27.312448299366768 27.47346525871363 0.0 1.6431676725154984 0.6085806194501846 1 0 0 0.8349661924833731 0.550301242420748 1.976142695656971
cell 0.09496527160005933 35.967876964561455 0.0 1.0 1.0 1 0 0 0.0 1.0 0
cell 30.904097151168298 43.931425484148235 0.0 1.0 1.0 1 0 0 0.0 1.0 0
cell 38.97434745414585 10.190192778988585 0.0 1.6431676725154984 0.6085806194501846 1 0 0 0.9687080189814227 0.2482030901521728 2.6399429376071226
cell 33.350248853207404 35.92261443856408 0.0 1.0 1.0 1 0 0 0.0 1.0 0
cell 30.334321481260172 23.81441425027259 0.0 1.6431676725154984 0.6085806194501846 1 0 0 0.8973651750137623 0.44128872937400043 2.2275240675220735
cell 57.64913291041773 49.15530203334866 0.0 1.0 1.0 1 0 0 0.0 1.0 0
cell 47.250373194701766 35.0354486236148 0.0 1.6431676725154984 0.6085806194501846 1 0 0 -0.1466312508221813 0.9891912233144421 5.988861613073784
cell 42.17599519830532 22.66698634424664 0.0 1.0 1.0 1 0 0 0.0 1.0 0
cell 24.26658279148963 14.369682555317073 0.0 1.0 1.0 1 0 0 0.0 1.0 0
cell 27.999468815164647 43.60527403444726 0.0 1.6431676725154984 0.6085806194501846 1 0 0 0.6669683259838406 -0.7450860702860531 4.8229204112588775
cell 42.52066328022775 29.856365513249212 0.0 1.0 1.0 1 0 0 0.0 1.0 0
cell 14.251827384684 23.20058888554612 0.0 1.0 1.0 1 0 0 0.0 1.0 0
cell 24.170115588635593 16.341276534183102 0.0 1.0 1.0 1 0 0 0.0 1.0 0
cell 40.28141074404359 22.126190058140033 0.0 1.6431676725154984 0.6085806194501846 1 0 0 0.9628780732817004 0.26993668886114824 2.594938095824975
cell 7.644817140112501 28.14822864817091 0.0 1.0 1.0 1 0 0 0.0 1.0 0
cell 49.89917716570088 43.65851531063832 0.0 1.0 1.0 1 0 0 0.0 1.0 0
cell 16.478267156259385 23.467028694632074 0.0 1.6431676725154984 0.6085806194501846 1 0 0 0.9066772965454158 0.4218249399088396 2.2706783382563187
cell 21.10966861646024 56.40233963259702 0.0 1.6431676725154984 0.6085806194501846 1 0 0 0.9962964388937339 -0.08598491639621661 3.3137751016504375
cell 34.94754561751343 4.681247844874455 0.0 1.6431676725154984 0.6085806194501846 1 0 0 0.9799275967075691 0.1993537188289394 2.7401959392220663
cell 4.271410783387653 8.44031095030426 0.0 1.6431676725154984 0.6085806194501846 1 0 0 0.9093502721115422 0.41603134811052916 2.283439316653825
cell 32.85886807210691 1.4216833333281338 0.0 1.6431676725154984 0.6085806194501846 1 0 0 0.5668333503523348 -0.8238324786801909 5.0778714142490475
cell 13.300440962874367 19.602020392021956 0.0 1.0 1.0 1 0 0 0.0 1.0 0
cell 57.64451280441363 7.542736878439424 0.0 1.6431676725154984 0.6085806194501846 1 0 0 0.895218309811203 0.4456278467272584 2.2178417092602154
cell 8.096958160320703 20.147636106514053 0.0 1.0 1.0 1 0 0 0.0 1.0 0
cell 19.793356546163846 55.053644328798455 0.0 1.0 1.0 1 0 0 0.0 1.0 0
cell 27.690389160593245 21.071026819456687 0.0 1.6431676725154984 0.6085806194501846 1 0 0 0.8331123156356691 0.5531038505888142 1.969422135402064
cell 21.76882715494364 30.53837656214054 0.0 1.6431676725154984 0.6085806194501846 1 0 0 0.7910793131324345 0.6117135933865747 1.8251427983588058
cell 2.2438637672375243 9.220674306336633 0.0 1.6431676725154984 0.6085806194501846 1 0 0 -0.9115753533205847 -0.4111330383445864 2.2941993342681624
cell 47.86950661507173 52.25459118837028 0.0 1.6431676725154984 0.6085806194501846 1 0 0 -0.7644497219677002 0.6446833506330886 4.542810637882232
cell 54.55032625664119 22.7436423434515 0.0 1.6431676725154984 0.6085806194501846 1 0 0 0.977885806105987 0.20913954723209113 2.7202027225126693
cell 54.72926141386533 8.704101053763349 0.0 1.6431676725154984 0.6085806194501846 1 0 0 0.971815886111873 0.23574113663210136 2.6656303969063893
cell 28.120810851068132 7.033264509318386 0.0 1.6431676725154984 0.6085806194501846 1 0 0 0.2557239120549155 -0.9667498543073745 5.765992428716807
cell 10.097969210602674 29.521533139220455 0.0 1.0 1.0 1 0 0 0.0 1.0 0
cell 17.491011908316842 16.425873733706283 0.0 1.0 1.0 1 0 0 0.0 1.0 0
cell 16.150404164787833 20.45336690582186 0.0 1.6431676725154984 0.6085806194501846 1 0 0 0.8712874465868394 0.49077304879158296 2.1156390929671356
cell 10.566155464756294 59.73059978741723 0.0 1.6431676725154984 0.6085806194501846 1 0 0 0.029740657875690066 0.9995576487972673 0.05949008784739289
cell 39.29898623391092 30.314069901161044 0.0 1.0 1.0 1 0 0 0.0 1.0 0
cell 55.98121936588618 29.609768945286433 0.0 1.6431676725154984 0.6085806194501846 1 0 0 0.0017830764483206015 -0.9999984103179261 6.279619152393261
cell 34.31089587701115 46.66942282218761 0.0 1.6431676725154984 0.6085806194501846 1 0 0 0.8930685326884913 0.4499206551400205 2.208239669889252
cell 18.34046463724513 14.862084918449266 0.0 1.0 1.0 1 0 0 0.0 1.0 0
cell 23.200871824915534 36.9280222128126 0.0 1.6431676725154984 0.6085806194501846 1 0 0 0.9630058945789267 0.26948032767948205 2.5958859435265818
cell 48.71264157399221 37.65197068118399 0.0 1.0 1.0 1 0 0 0.0 1.0 0
cell 8.74540335955536 46.320758970994476 0.0 1.6431676725154984 0.6085806194501846 1 0 0 0.3889334976123479 -0.9212658326645061 5.484237986168116
cell 19.125764522041685 34.34423270863307 0.0 1.6431676725154984 0.6085806194501846 1 0 0 0.788703569691681 0.6147736812483109 1.8173946854560126
cell 25.14462931470484 10.811078918900538 0.0 1.6431676725154984 0.6085806194501846 1 0 0 0.9460392955432539 0.32405192683893086 2.4815738416233777
cell 22.331898853807633 25.615580358379585 0.0 1.0 1.0 1 0 0 0.0 1.0 0
cell 31.2829529206166 45.874624650739314 0.0 1.0 1.0 1 0 0 0.0 1.0 0
cell 7.649856943954296 45.15047070572739 0.0 1.0 1.0 1 0 0 0.0 1.0 0
cell 17.8155692365546 41.90882157532006 0.0 1.0 1.0 1 0 0 0.0 1.0 0
cell 51.79728388345397 54.1502295306436 0.0 1.0 1.0 1 0 0 0.0 1.0 0
cell 32.058859374136475 23.057525339929754 0.0 1.6431676725154984 0.6085806194501846 1 0 0 0.9032013557402564 0.4292170907465857 2.2543410888522315
cell 8.321299432276971 18.29457620418224 0.0 1.0 1.0 1 0 0 0.0 1.0 0
cell 6.078641602731517 0.7037463813037167 0.0 1.0 1.0 1 0 0 0.0 1.0 0
cell 11.103849242526602 45.87812258535492 0.0 1.0 1.0 1 0 0 0.0 1.0 0
cell 4.902441630839906 17.551284703063494 0.0 1.6431676725154984 0.6085806194501846 1 0 0 0.9958899134000813 0.09057196248276102 2.960200147494019
cell 37.35708341207993 27.35693698179014 0.0 1.0 1.0 1 0 0 0.0 1.0 0
cell 7.148308384110252 56.25320823585443 0.0 1.0 1.0 1 0 0 0.0 1.0 0
cell 58.17611895759638 21.789161705804585 0.0 1.6431676725154984 0.6085806194501846 1 0 0 0.7326942491264999 0.6805579602774142 1.6445448852466236
cell 7.530368655301547 29.75844150117846 0.0 1.6431676725154984 0.6085806194501846 1 0 0 0.9938842374738913 -0.11042700077853042 3.3628979896507754
cell 23.980840161715676 18.02520206791681 0.0 1.0 1.0 1 0 0 0.0 1.0 0
cell 59.701413278158356 56.60492188295608 0.0 1.0 1.0 1 0 0 0.0 1.0 0
cell 39.422840521157454 32.16604065438579 0.0 1.0 1.0 1 0 0 0.0 1.0 0
cell 50.28082697572136 41.96624749131267 0.0 1.0 1.0 1 0 0 0.0 1.0 0
cell 48.33817988317631 42.40433400983936 0.0 1.0 1.0 1 0 0 0.0 1.0 0
cell 38.10541123668623 41.09364160020245 0.0 1.6431676725154984 0.6085806194501846 1 0 0 0.992788437002319 0.11987960357997678 2.901255432523245
cell 11.54464410850573 26.68972209168549 0.0 1.6431676725154984 0.6085806194501846 1 0 0 0.9979124257745107 0.06458165749523477 3.0123393841444495
cell 56.940191336083046 28.45686217529186 0.0 1.6431676725154984 0.6085806194501846 1 0 0 0.9969646788710829 0.07785518019681528 2.9857245580198106
cell 9.141485167182076 4.6026945616881925 0.0 1.6431676725154984 0.6085806194501846 1 0 0 0.9363270088185631 0.3511292248686835 2.4240389599422243
cell 25.375885967583557 36.44277099401443 0.0 1.0 1.0 1 0 0 0.0 1.0 0
cell 47.84373613224182 36.219142960912805 0.0 1.6431676725154984 0.6085806194501846 1 0 0 0.3256975220029576 -0.9454740208811308 5.619686541390874
cell 42.465674739527586 58.3743371413031 0.0 1.0 1.0 1 0 0 0.0 1.0 0
cell 54.24464387846087 32.468109163971825 0.0 1.6431676725154984 0.6085806194501846 1 0 0 0.8724039963654198 0.48878550216392935 2.120198490846638
cell 28.72510656020537 0.759717051417915 0.0 1.0 1.0 1 0 0 0.0 1.0 0
cell 22.37705915674889 13.874215573807641 0.0 1.6431676725154984 0.6085806194501846 1 0 0 0.9341281235098796 0.3569378781635694 2.4116170963609966
cell 13.740550181339934 54.035486503728315 0.0 1.0 1.0 1 0 0 0.0 1.0 0
cell 19.5775953009208 45.467601778011044 0.0 1.0 1.0 1 0 0 0.0 1.0 0
cell 29.86767232883206 45.07501739806341 0.0 1.0 1.0 1 0 0 0.0 1.0 0
cell 30.840413903381588 50.675663778254034 0.0 1.6431676725154984 0.6085806194501846 1 0 0 -0.7383628983368827 -0.6744036108737543 1.661279282027131
cell 35.80003972175446 47.793461391886 0.0 1.6431676725154984 0.6085806194501846 1 0 0 0.9364962991453775 0.3506774610479146 2.425003842876104
cell 45.74439837629301 4.366992463888252 0.0 1.6431676725154984 0.6085806194501846 1 0 0 0.998476897882579 0.05517140921511735 3.031193779880108
cell 51.78380332955415 41.38248221142631 0.0 1.0 1.0 1 0 0 0.0 1.0 0
cell 24.325220786371165 24.37466386902258 0.0 1.6431676725154984 0.6085806194501846 1 0 0 -0.783227484561432 -0.6217352390106032 1.7996801368911637
cell 3.5477725075004387 34.47225155658398 0.0 1.0 1.0 1 0 0 0.0 1.0 0
cell 26.699853228380046 3.2608501260428864 0.0 1.6431676725154984 0.6085806194501846 1 0 0 -0.02550140108549352 0.9996747863893921 6.2321769753541165
cell 19.98990104031483 34.80875250992467 0.0 1.6431676725154984 0.6085806194501846 1 0 0 0.8384762205065751 0.5449381869946437 1.9889618689340036
cell 6.640864848354678 6.697490527525624 0.0 1.6431676725154984 0.6085806194501846 1 0 0 0.9172125355862496 0.39839824869525076 2.3220529391475377
cell 16.79297753952588 29.356351656178806 0.0 1.0 1.0 1 0 0 0.0 1.0 0
cell 21.65684077829363 57.612583813667044 0.0 1.6431676725154984 0.6085806194501846 1 0 0 0.9999531469117554 0.009680081677199501 3.12223218786858
cell 13.017302011538312 35.79207746360656 0.0 1.0 1.0 1 0 0 0.0 1.0 0
cell 21.677728288976844 48.02735740770256 0.0 1.0 1.0 1 0 0 0.0 1.0 0
cell 27.21224868348552 46.26278476530512 0.0 1.0 1.0 1 0 0 0.0 1.0 0
cell 42.41907068810979 42.90381852392548 0.0 1.6431676725154984 0.6085806194501846 1 0 0 0.7844702057586241 0.6201665068971574 1.8036827748985584
cell 57.478676927487875 53.98141734071867 0.0 1.0 1.0 1 0 0 0.0 1.0 0
cell 2.4067250677718004 18.275239259428112 0.0 1.6431676725154984 0.6085806194501846 1 0 0 0.8164746801841318 0.5773812402721616 1.9105573718825848
cell 29.214600995406855 28.02363087031124 0.0 1.6431676725154984 0.6085806194501846 1 0 0 0.8776483432480944 0.47930510699748985 2.14186710547227
cell 12.586327837698132 23.60881386231776 0.0 1.0 1.0 1 0 0 0.0 1.0 0
cell 31.545760033727728 36.8421952802243 0.0 1.0 1.0 1 0 0 0.0 1.0 0
cell 37.95099522936569 13.500612689459167 0.0 1.6431676725154984 0.6085806194501846 1 0 0 0.9993529502207659 0.03596777564781231 3.0696415829831927
cell 49.835151155158044 36.30148679849512 0.0 1.0 1.0 1 0 0 0.0 1.0 0
