1000
 Lattice="61.15546790168123 0.0 0.0 0.0 61.15546790168123 0.0 0.0 0.0 1.0"Properties=species:S:1:pos:R:3:aspherical_shape:R:3:orientation:R:4:Color:R:1
cell 15.530689219397138 25.778205709473422 0.0 1.6431676725154984 0.6085806194501846 1 0 0 -0.1665951958978357 -0.986025375283903 0.3347511901488529
cell 19.90052515088405 26.5656193705592 0.0 1.6431676725154984 0.6085806194501846 1 0 0 0.1771503236428866 -0.9841838054109713 5.927004866029209
cell 47.27479793198924 0.23620448316407086 0.0 1.6431676725154984 0.6085806194501846 1 0 0 -0.6924052333702497 0.7215088307162221 4.753550588203872
cell 43.11867018225043 38.267028313055576 0.0 1.6431676725154984 0.6085806194501846 1 0 0 0.5808067258956235 -0.8140414898237104 5.043746599252149
cell 52.63001137098913 37.42408990866126 0.0 1.6431676725154984 0.6085806194501846 1 0 0 -0.14619755462191658 0.9892554144519866 5.989738454905227
cell 19.00916484550926 36.69223348280812 0.0 1.6431676725154984 0.6085806194501846 1 0 0 -0.607815955282525 0.7940779335203766 4.976570767044173
cell 53.40428039071299 21.04007271160477 0.0 1.0 1.0 1 0 0 0.0 1.0 0
cell 44.93275605832418 49.5070151891236 0.0 1.6431676725154984 0.6085806194501846 1 0 0 0.9998911144733632 0.014756666195848566 3.112078249959859
cell 7.994936838502602 6.564945864092583 0.0 1.0 1.0 1 0 0 0.0 1.0 0
cell 0.8845136481159172 17.888994835775804 0.0 1.6431676725154984 0.6085806194501846 1 0 0 0.7732052535614953 -0.6341558450924377 4.515425193881819
cell 18.7788220200133 12.140348178592669 0.0 1.6431676725154984 0.6085806194501846 1 0 0 0.7518846528289004 -0.6592946752707501 4.581353251378554
cell 8.781722744243073 13.685893253736358 0.0 1.0 1.0 1 0 0 0.0 1.0 0
cell 38.11232177015985 26.48142462844415 0.0 1.6431676725154984 0.6085806194501846 1 0 0 0.22352467669629136 -0.9746982707011531 5.8323270026016445
cell 24.21941128647559 53.642281920769534 0.0 1.6431676725154984 0.6085806194501846 1 0 0 0.26163182715301464 -0.9651677507151671 5.753760236895659
cell 27.22753820458816 16.63437309812107 0.0 1.6431676725154984 0.6085806194501846 1 0 0 0.7399232533613567 0.6726912955696287 1.6659125244785016
cell 8.766105200351367 20.052191569790022 0.0 1.0 1.0 1 0 0 0.0 1.0 0
cell 39.86545441860429 55.66020243036134 0.0 1.6431676725154984 0.6085806194501846 1 0 0 0.7885358277370415 -0.6149888197154961 4.4663362293623425
cell 4.608371925488022 17.61799744911531 0.0 1.6431676725154984 0.6085806194501846 1 0 0 0.8975389449195791 -0.440935190648976 4.054873367555541
cell 39.63504095068728 32.622717091780785 0.0 1.0 1.0 1 0 0 0.0 1.0 0
cell 9.075350311817342 26.52132808023445 0.0 1.6431676725154984 0.6085806194501846 1 0 0 0.563434130431413 -0.8261609895565134 5.08611196835402
cell 20.345903744524513 7.304897603900975 0.0 1.6431676725154984 0.6085806194501846 1 0 0 0.6200091915432641 -0.7845945465027577 4.945676470837023
cell 13.543267244280083 1.6605965099916433 0.0 1.0 1.0 1 0 0 0.0 1.0 0
cell 0.49583638427641213 11.638155691961128 0.0 1.6431676725154984 0.6085806194501846 1 0 0 0.9763474205747151 -0.21620757233987042 3.577449628195612
cell 11.774433052908755 2.862511853635469 0.0 1.0 1.0 1 0 0 0.0 1.0 0
cell 47.742197328836404 7.805810001962376 0.0 1.0 1.0 1 0 0 0.0 1.0 0
cell 25.799975517943537 27.473447353540486 0.0 1.6431676725154984 0.6085806194501846 1 0 0 -0.5281782903773246 0.8491334957320237 5.170277796198548
cell 53.6646900804841 30.413555077231106 0.0 1.6431676725154984 0.6085806194501846 1 0 0 -0.3071341450320381 -0.9516662319087712 0.6243603108877442
cell 49.135584799906624 56.32992251159028 0.0 1.0 1.0 1 0 0 0.0 1.0 0
cell 46.86749221643095 32.60883825193 0.0 1.0 1.0 1 0 0 0.0 1.0 0
cell 48.981889019304056 38.773804231799666 0.0 1.0 1.0 1 0 0 0.0 1.0 0
cell 7.394427804968286 14.666732554304568 0.0 1.0 1.0 1 0 0 0.0 1.0 0
cell 2.533621669774865 15.134412880231181 0.0 1.6431676725154984 0.6085806194501846 1 0 0 0.9195070127939698 -0.39307359797207203 3.94953639887831
cell 60.76630245725872 50.32805432484917 0.0 1.6431676725154984 0.6085806194501846 1 0 0 0.9139308576739145 -0.405869914370877 3.9774535894898464
cell 52.12764989469579 38.617418488866775 0.0 1.6431676725154984 0.6085806194501846 1 0 0 0.12068100998058552 -0.992691338649666 6.041233551697902
cell 53.6268379261077 35.883161860795056 0.0 1.6431676725154984 0.6085806194501846 1 0 0 0.2556776140514891 -0.9667620998327033 5.766088208840262
cell 55.65608415308295 33.05330507811991 0.0 1.0 1.0 1 0 0 0.0 1.0 0
cell 43.15992575915692 55.32742354193322 0.0 1.0 1.0 1 0 0 0.0 1.0 0
cell 18.31060844412829 39.556429750386044 0.0 1.6431676725154984 0.6085806194501846 1 0 0 -0.8792577605142657 0.4763462927067221 4.13458178821962
cell 45.06794616471448 58.64511933184364 0.0 1.0 1.0 1 0 0 0.0 1.0 0
cell 12.073044350450294 21.826592316071448 0.0 1.6431676725154984 0.6085806194501846 1 0 0 0.9764373886432445 0.21580089448276502 2.706568700317009
cell 32.47302990019844 15.87948327933814 0.0 1.6431676725154984 0.6085806194501846 1 0 0 -0.5352159633659387 0.8447152612320143 5.153658526116329
cell 30.71728439072056 29.774481410516916 0.0 1.6431676725154984 0.6085806194501846 1 0 0 0.3834507067056908 -0.9235613436729074 5.496125874279278
cell 13.020338304751508 50.701371129820004 0.0 1.6431676725154984 0.6085806194501846 1 0 0 0.9831502150712741 -0.18279949290221642 3.5092590014016616
cell 47.3522921914469 19.280862363240832 0.0 1.6431676725154984 0.6085806194501846 1 0 0 0.5407304533266716 0.8411959206065686 1.1426104366053487
cell 21.399737088137957 51.24146661717963 0.0 1.6431676725154984 0.6085806194501846 1 0 0 -0.14490060995087536 0.9894462154335951 5.992360264006149
cell 37.40364391481879 35.64560177250185 0.0 1.0 1.0 1 0 0 0.0 1.0 0
cell 39.72205058405734 42.76510979398503 0.0 1.6431676725154984 0.6085806194501846 1 0 0 0.5961919018736759 -0.8028419621197245 5.005686436900499
cell 2.2685589434465574 35.03404860951905 0.0 1.6431676725154984 0.6085806194501846 1 0 0 0.66787631144574 -0.7442722839187503 4.820481816553056
cell 43.24328789410846 3.4947029137816554 0.0 1.6431676725154984 0.6085806194501846 1 0 0 0.8420785122958412 -0.5393549657967587 4.280934491333605
cell 29.18730542860162 45.92907350101471 0.0 1.6431676725154984 0.6085806194501846 1 0 0 0.9159665323011772 0.401254671878293 2.315820223705047
cell 28.92838499842543 50.67228889100575 0.0 1.6431676725154984 0.6085806194501846 1 0 0 0.8391743004831902 0.5438625684936852 1.9915264515812643
cell 18.7836652091982 49.190213728924896 0.0 1.6431676725154984 0.6085806194501846 1 0 0 0.052777987163588856 0.9986062707949315 0.10560504049697866
cell 17.555722868075073 1.6446228442838007 0.0 1.6431676725154984 0.6085806194501846 1 0 0 0.8660381180450953 -0.4999779776079237 4.188739346623748
cell 29.191966771326364 42.76140668117256 0.0 1.6431676725154984 0.6085806194501846 1 0 0 0.5812994979407015 -0.8136896789894096 5.042535657201114
cell 35.249114436474876 44.4554992339606 0.0 1.0 1.0 1 0 0 0.0 1.0 0
cell 33.7612157055018 31.050688956318343 0.0 1.0 1.0 1 0 0 0.0 1.0 0
cell 51.11430620931246 27.442481706394428 0.0 1.6431676725154984 0.6085806194501846 1 0 0 -0.34261113721385716 -0.9394773060894167 0.6993896899987115
cell 31.42382527540079 37.30242736858714 0.0 1.0 1.0 1 0 0 0.0 1.0 0
cell 20.44566982258816 10.410875099070198 0.0 1.6431676725154984 0.6085806194501846 1 0 0 0.7620211455095927 -0.6475521398283294 4.5503280714051435
cell 43.38782866537086 29.049216722525568 0.0 1.0 1.0 1 0 0 0.0 1.0 0
cell 13.48058895598646 18.24121624706143 0.0 1.0 1.0 1 0 0 0.0 1.0 0
cell 33.877384878420585 52.2583400555269 0.0 1.0 1.0 1 0 0 0.0 1.0 0
cell 53.119572569722884 9.772707047024262 0.0 1.6431676725154984 0.6085806194501846 1 0 0 0.8362748740917364 -0.5483104366714631 4.302277757792159
cell 38.07405140686322 33.90729179222929 0.0 1.0 1.0 1 0 0 0.0 1.0 0
cell 23.28238880987976 51.60634622841238 0.0 1.6431676725154984 0.6085806194501846 1 0 0 -0.1973720780178685 0.9803286504121506 5.885832227696728
cell 8.319290007633747 2.681936590866802 0.0 1.0 1.0 1 0 0 0.0 1.0 0
cell 24.565440493559052 46.49543684145216 0.0 1.6431676725154984 0.6085806194501846 1 0 0 0.645752170250959 -0.7635470742633859 4.87916936036213
cell 54.112873469865306 60.65504961048255 0.0 1.0 1.0 1 0 0 0.0 1.0 0
cell 34.50740301649907 48.33242797066906 0.0 1.0 1.0 1 0 0 0.0 1.0 0
cell 43.64655226362396 50.34881817114749 0.0 1.6431676725154984 0.6085806194501846 1 0 0 0.9999799348748528 -0.006334812363840957 3.154262363057357
cell 12.556180339115175 19.993424834501447 0.0 1.0 1.0 1 0 0 0.0 1.0 0
cell 7.910444923306123 0.9643932459025298 0.0 1.0 1.0 1 0 0 0.0 1.0 0
cell 18.240491874770164 0.553505306569815 0.0 1.6431676725154984 0.6085806194501846 1 0 0 0.820098653843197 -0.5722221578762711 4.36001850265041
cell 18.133554621039355 59.5133146905259 0.0 1.6431676725154984 0.6085806194501846 1 0 0 0.837749240562266 -0.5460551345215487 4.296888825181963
cell 13.817074498170378 56.05886151277134 0.0 1.6431676725154984 0.6085806194501846 1 0 0 0.9674850757640903 -0.25292810870631316 3.6530038116253905
cell 46.05761205209467 0.592729265608171 0.0 1.0 1.0 1 0 0 0.0 1.0 0
cell 35.92587979066026 49.44349909329803 0.0 1.0 1.0 1 0 0 0.0 1.0 0
cell 20.33801640723271 37.28808318301387 0.0 1.0 1.0 1 0 0 0.0 1.0 0
cell 38.09272206122532 32.04547916932059 0.0 1.0 1.0 1 0 0 0.0 1.0 0
cell 25.036438838810366 18.53427202697715 0.0 1.6431676725154984 0.6085806194501846 1 0 0 0.7547883745329914 -0.6559683755104697 4.572522418687531
cell 11.203360186576539 7.225631818854769 0.0 1.0 1.0 1 0 0 0.0 1.0 0
cell 46.963937629221576 37.01812675895306 0.0 1.6431676725154984 0.6085806194501846 1 0 0 0.6077610723287885 -0.7941199399094327 4.976708994036245
cell 31.188355749925528 15.837464451538157 0.0 1.6431676725154984 0.6085806194501846 1 0 0 0.5052619447176697 -0.8629660290070047 5.22381435044145
cell 9.241368081657493 52.87497105852497 0.0 1.6431676725154984 0.6085806194501846 1 0 0 0.9650994047893906 -0.2618838270591827 3.671539931183766
cell 30.6300679498768 24.870782862228406 0.0 1.6431676725154984 0.6085806194501846 1 0 0 0.9913488634181491 -0.131253308527991 3.4048588934699313
cell 60.962017571296265 52.492546076451596 0.0 1.6431676725154984 0.6085806194501846 1 0 0 0.9071913435547175 -0.4207182741210399 4.010066515130706
cell 12.694359160509812 60.0796606802317 0.0 1.6431676725154984 0.6085806194501846 1 0 0 0.8092591701640819 -0.587451781430052 4.397405453098091
cell 17.08898558525327 27.502686235556624 0.0 1.6431676725154984 0.6085806194501846 1 0 0 -0.3796252076553876 0.9251403686536459 5.504403020483232
cell 60.7841315318398 6.762275110488576 0.0 1.0 1.0 1 0 0 0.0 1.0 0
cell 58.01992985569293 20.004735437817413 0.0 1.0 1.0 1 0 0 0.0 1.0 0
cell 3.9244396049297112 13.399936687461544 0.0 1.0 1.0 1 0 0 0.0 1.0 0
cell 38.75527546654681 20.645645520793174 0.0 1.6431676725154984 0.6085806194501846 1 0 0 0.7221515103868237 0.6917349174691337 1.6138152020996777
cell 49.2150923297934 30.99255280928223 0.0 1.0 1.0 1 0 0 0.0 1.0 0
cell 44.80693817034042 30.345701980766812 0.0 1.0 1.0 1 0 0 0.0 1.0 0
cell 10.645231362242525 20.77059951505379 0.0 1.0 1.0 1 0 0 0.0 1.0 0
cell 11.559052229379189 30.29115589020224 0.0 1.6431676725154984 0.6085806194501846 1 0 0 0.6144299478863748 -0.7889713804317281 4.95985883252162
cell 40.548668737426965 58.730067257874424 0.0 1.6431676725154984 0.6085806194501846 1 0 0 0.6753831122423605 -0.7374670512625111 4.800217154894927
cell 29.607623110238542 19.64734215467466 0.0 1.0 1.0 1 0 0 0.0 1.0 0
cell 18.354932399995608 44.52887883661125 0.0 1.6431676725154984 0.6085806194501846 1 0 0 -0.12655713658652123 0.991959319316584 6.029390440847341
cell 26.35012162818666 11.516827701946076 0.0 1.6431676725154984 0.6085806194501846 1 0 0 0.6507160163670697 0.7593211876692046 1.417054050403181
cell 25.192544103673875 40.020847042426404 0.0 1.6431676725154984 0.6085806194501846 1 0 0 -0.6607639139518796 0.7505937982817291 4.839513203806895
cell 2.761225168381159 0.39173546449584573 0.0 1.6431676725154984 0.6085806194501846 1 0 0 0.9072001543080237 0.42069927504512994 2.2731606773331348
cell 38.314688908862784 17.93089029494634 0.0 1.6431676725154984 0.6085806194501846 1 0 0 0.7493150056160499 0.6622137286092905 1.6940541439339636
cell 50.5778483826956 47.51675132882243 0.0 1.6431676725154984 0.6085806194501846 1 0 0 0.9713537030137362 0.23763834631957484 2.6617250062595836
cell 36.69793584348018 25.894474379488408 0.0 1.6431676725154984 0.6085806194501846 1 0 0 0.9943284339423971 0.10635302277631817 2.928483568078934
cell 6.1437231058445665 15.67358302305604 0.0 1.0 1.0 1 0 0 0.0 1.0 0
cell 51.150313165331156 14.952890317065746 0.0 1.0 1.0 1 0 0 0.0 1.0 0
cell 25.77258732972456 47.54938375513865 0.0 1.6431676725154984 0.6085806194501846 1 0 0 0.691338120305247 0.722531385763143 1.526678809968253
cell 10.286769281764226 48.991064422544405 0.0 1.6431676725154984 0.6085806194501846 1 0 0 0.9627132200826979 -0.27052403937174035 3.689467305139623
cell 20.509006418375076 35.263825337969664 0.0 1.0 1.0 1 0 0 0.0 1.0 0
cell 49.728267391809666 0.7373033453594946 0.0 1.6431676725154984 0.6085806194501846 1 0 0 0.9355468154846496 -0.3532027123855804 3.8635771729520236
cell 49.23099548245253 33.59649117626321 0.0 1.0 1.0 1 0 0 0.0 1.0 0
cell 44.80641023329321 24.399681600766577 0.0 1.0 1.0 1 0 0 0.0 1.0 0
cell 31.227829307650413 22.47075196440117 0.0 1.6431676725154984 0.6085806194501846 1 0 0 0.6248304481428494 -0.7807604697175735 4.933356603958288
cell 19.89512825848823 58.775971255355884 0.0 1.6431676725154984 0.6085806194501846 1 0 0 0.8496493109333955 -0.5273481283084318 4.25254544263804
cell 44.64633967350662 1.0060020470304176 0.0 1.0 1.0 1 0 0 0.0 1.0 0
cell 16.04898908850373 35.55534660876222 0.0 1.6431676725154984 0.6085806194501846 1 0 0 0.7536005696854204 -0.6573326261260808 4.5761401865022515
cell 54.06575313440027 52.29360053195406 0.0 1.6431676725154984 0.6085806194501846 1 0 0 0.9806398340820329 -0.1958201108455487 3.535780018048546
cell 59.19505679441956 26.80845569966377 0.0 1.0 1.0 1 0 0 0.0 1.0 0
cell 20.915807980582144 0.7405866080239262 0.0 1.6431676725154984 0.6085806194501846 1 0 0 0.7734553687472442 -0.6338507652090234 4.514636191110151
cell 44.92113905015459 21.28899993963653 0.0 1.0 1.0 1 0 0 0.0 1.0 0
cell 41.2829847691381 37.481695382584704 0.0 1.0 1.0 1 0 0 0.0 1.0 0
cell 51.788323258016526 53.59897634272806 0.0 1.6431676725154984 0.6085806194501846 1 0 0 0.9667909171366279 -0.25556862589550766 3.6584642848125513
cell 3.1342849871108895 44.86430777063905 0.0 1.6431676725154984 0.6085806194501846 1 0 0 0.9301992906997104 -0.36705487271218123 3.893274473708221
cell 20.254253201459058 48.32661079630213 0.0 1.6431676725154984 0.6085806194501846 1 0 0 0.2000239029420402 0.9797910176419425 0.4027646333782778
cell 6.161642249328806 7.257647914372549 0.0 1.0 1.0 1 0 0 0.0 1.0 0
cell 33.95388636014556 21.651760404027502 0.0 1.0 1.0 1 0 0 0.0 1.0 0
cell 34.49365241208729 39.66843389454796 0.0 1.0 1.0 1 0 0 0.0 1.0 0
cell 58.83742021811346 6.559058523992853 0.0 1.6431676725154984 0.6085806194501846 1 0 0 0.9359804061959711 -0.3520520973055336 3.861117972953759
cell 0.747803532259575 1.9394276195064766 0.0 1.0 1.0 1 0 0 0.0 1.0 0
cell 51.65498691609132 45.5823047190563 0.0 1.6431676725154984 0.6085806194501846 1 0 0 0.9303308335153576 0.36672133863550943 2.3906279066727243
cell 59.1641122089919 8.12248081937409 0.0 1.6431676725154984 0.6085806194501846 1 0 0 0.9560900961032465 -0.2930729058328061 3.736471244250492
cell 43.287080614482484 1.094429969400976 0.0 1.6431676725154984 0.6085806194501846 1 0 0 0.8091663490995875 -0.5875796282078238 4.3977214312533635
cell 55.92581348410078 24.72552320589965 0.0 1.0 1.0 1 0 0 0.0 1.0 0
cell 13.274973654745372 33.46455106623139 0.0 1.6431676725154984 0.6085806194501846 1 0 0 0.7065861171586001 -0.707627062115867 4.713861098993869
cell 3.0170503793668964 5.185002610304557 0.0 1.0 1.0 1 0 0 0.0 1.0 0
cell 28.345139977671344 14.963643971634347 0.0 1.6431676725154984 0.6085806194501846 1 0 0 0.7569539484683598 0.6534682240921585 1.717278167037523
cell 43.885851297648024 33.73916250954034 0.0 1.0 1.0 1 0 0 0.0 1.0 0
cell 20.232418679095975 50.28420892609568 0.0 1.6431676725154984 0.6085806194501846 1 0 0 -0.07887138968303545 0.9968847997083047 6.125278523315135
cell 18.40803625993282 54.85855245977099 0.0 1.6431676725154984 0.6085806194501846 1 0 0 0.9783269385973352 -0.2070661759311885 3.558743024260963
cell 42.569834009247685 47.641801834619216 0.0 1.0 1.0 1 0 0 0.0 1.0 0
cell 18.97499649138241 18.098556715390867 0.0 1.6431676725154984 0.6085806194501846 1 0 0 0.8830672316798239 -0.4692464856909768 4.118467238094341
cell 57.19899068800709 39.41526523886376 0.0 1.6431676725154984 0.6085806194501846 1 0 0 0.40723841195071014 -0.913321890590532 5.444328622989612
cell 49.92972172486647 29.716506789679492 0.0 1.0 1.0 1 0 0 0.0 1.0 0
cell 37.50540251808754 50.50616843855373 0.0 1.0 1.0 1 0 0 0.0 1.0 0
cell 43.881644287418915 42.19312638175282 0.0 1.6431676725154984 0.6085806194501846 1 0 0 0.7751447794868329 -0.6317836424238199 4.50929686175559
cell 19.919090820679394 17.385791399826168 0.0 1.6431676725154984 0.6085806194501846 1 0 0 0.8965616820756774 -0.44291889803171863 4.059296099579622
cell 39.42437139788581 30.903067436920427 0.0 1.0 1.0 1 0 0 0.0 1.0 0
cell 35.73681648833775 42.525239093806135 0.0 1.0 1.0 1 0 0 0.0 1.0 0
cell 6.990356897384802 22.21268977082923 0.0 1.0 1.0 1 0 0 0.0 1.0 0
cell 34.31156051379279 37.45134322754568 0.0 1.0 1.0 1 0 0 0.0 1.0 0
cell 49.2114409402442 35.825892983554944 0.0 1.6431676725154984 0.6085806194501846 1 0 0 0.8402669658689416 0.5421728747082457 1.9955508691043158
cell 44.124764656292186 32.22157451667093 0.0 1.0 1.0 1 0 0 0.0 1.0 0
cell 30.325457113393067 58.85838485501458 0.0 1.6431676725154984 0.6085806194501846 1 0 0 0.8934479506152109 -0.4491667391308931 4.073257623837519
cell 36.7854447374592 60.11576074854971 0.0 1.6431676725154984 0.6085806194501846 1 0 0 0.8156142415644176 0.5785960671809823 1.9075800177242956
cell 23.509735690029302 45.729329470147924 0.0 1.6431676725154984 0.6085806194501846 1 0 0 -0.535140602660284 0.8447630054544222 5.153836949732876
cell 41.10139137591635 14.872613148507904 0.0 1.6431676725154984 0.6085806194501846 1 0 0 0.5613153071910217 0.8276020335360764 1.1919484882842228
cell 56.95805186955896 8.860346049012657 0.0 1.6431676725154984 0.6085806194501846 1 0 0 0.9412899988173394 -0.3375990789774953 3.83032276574784
cell 32.244615121248536 51.04786550842322 0.0 1.0 1.0 1 0 0 0.0 1.0 0
cell 42.222155426045276 13.377083790752089 0.0 1.6431676725154984 0.6085806194501846 1 0 0 0.7439891829826003 0.6681916608315932 1.6780415985046055
cell 22.83112891513212 56.00976039948171 0.0 1.0 1.0 1 0 0 0.0 1.0 0
cell 16.307011981857485 53.3000813610154 0.0 1.6431676725154984 0.6085806194501846 1 0 0 0.9957783470211052 -0.09179043307401516 3.3254322950111668
cell 3.226557261440965 29.553918620271897 0.0 1.6431676725154984 0.6085806194501846 1 0 0 0.6192496896826208 -0.7851941300264399 4.947611767766441
cell 42.97367631736044 21.504843981390042 0.0 1.0 1.0 1 0 0 0.0 1.0 0
cell 14.656180308233772 59.14062429423905 0.0 1.6431676725154984 0.6085806194501846 1 0 0 0.7875413104202942 -0.6162618634813336 4.469567146068539
cell 60.93440740154677 15.296409075249198 0.0 1.6431676725154984 0.6085806194501846 1 0 0 0.7925440746913448 -0.6098146355013464 4.453246022510555
cell 55.07329250150228 49.06997267773507 0.0 1.6431676725154984 0.6085806194501846 1 0 0 0.9865125250284505 -0.16368579034843145 3.4704440261703273
cell 37.674623732789414 28.16452508205796 0.0 1.0 1.0 1 0 0 0.0 1.0 0
cell 46.79793149334431 41.30190602664142 0.0 1.0 1.0 1 0 0 0.0 1.0 0
cell 3.0871041335311307 17.306621479958476 0.0 1.6431676725154984 0.6085806194501846 1 0 0 0.8647626267611853 -0.5021808432796844 4.193830318508098
cell 44.11549835685237 16.60118561679496 0.0 1.6431676725154984 0.6085806194501846 1 0 0 0.4532193880225986 0.8913990051152296 0.9407472994954076
cell 58.12873289808065 51.90808743862735 0.0 1.6431676725154984 0.6085806194501846 1 0 0 0.9903268947502054 -0.13875388835782443 3.4199986941794953
cell 17.18864188527859 50.03956067994346 0.0 1.6431676725154984 0.6085806194501846 1 0 0 0.2580851081818524 0.9661221853030607 0.5220792752940389
cell 3.1271280694801735 47.09039053202806 0.0 1.6431676725154984 0.6085806194501846 1 0 0 0.7994574846862984 -0.6007226732686698 4.430402167028642
cell 55.362261622251374 55.30728591604536 0.0 1.6431676725154984 0.6085806194501846 1 0 0 0.8912466807694888 -0.45351885739996417 4.083011919201451
cell 15.004101937832441 49.74035994532104 0.0 1.6431676725154984 0.6085806194501846 1 0 0 0.3191211001506211 0.9477139459977664 0.649603905868885
cell 23.845368454232823 18.356754852755756 0.0 1.6431676725154984 0.6085806194501846 1 0 0 0.756869302482912 -0.6535662621028034 4.566166187584877
cell 23.402142055765903 14.270120736507296 0.0 1.6431676725154984 0.6085806194501846 1 0 0 0.9480106207406043 -0.3182386886646784 3.789334661506422
cell 11.323267281469874 28.1036093795671 0.0 1.6431676725154984 0.6085806194501846 1 0 0 0.4395479464788362 -0.8982191284682364 5.372994639506245
cell 5.773941588809766 52.05475008942673 0.0 1.6431676725154984 0.6085806194501846 1 0 0 0.9943510074225355 -0.10614176387166778 3.354276816110126
cell 36.431989837709025 23.425992013884862 0.0 1.0 1.0 1 0 0 0.0 1.0 0
cell 45.30406316541512 19.55249848174119 0.0 1.6431676725154984 0.6085806194501846 1 0 0 0.48456067577796164 0.874757653004308 1.0117217477082123
cell 13.386400237632833 53.946930079831496 0.0 1.6431676725154984 0.6085806194501846 1 0 0 0.9720488150644115 -0.2347788345057397 3.6155747270903476
cell 39.110497879332335 35.419016700063246 0.0 1.0 1.0 1 0 0 0.0 1.0 0
cell 38.95796310263988 38.76268176746882 0.0 1.0 1.0 1 0 0 0.0 1.0 0
cell 59.72298526719104 57.22852505168996 0.0 1.6431676725154984 0.6085806194501846 1 0 0 0.970883586601252 -0.2395517924547617 3.625401004821369
cell 59.55972338936607 12.692504187413403 0.0 1.6431676725154984 0.6085806194501846 1 0 0 0.9366431280009192 -0.3502850992672308 3.8573435944273613
cell 45.26428612001296 27.196023653616106 0.0 1.0 1.0 1 0 0 0.0 1.0 0
cell 50.21568783196284 54.72035850815986 0.0 1.0 1.0 1 0 0 0.0 1.0 0
cell 46.59199938494006 16.610071398594435 0.0 1.6431676725154984 0.6085806194501846 1 0 0 0.44946644105930766 0.8932972172583322 0.9323359152285606
cell 12.046056645986766 13.412488726923662 0.0 1.0 1.0 1 0 0 0.0 1.0 0
cell 46.583146363732034 4.387242433741458 0.0 1.0 1.0 1 0 0 0.0 1.0 0
cell 24.009544309243257 12.965778236771605 0.0 1.6431676725154984 0.6085806194501846 1 0 0 0.8858285329088165 -0.4640127264252716 4.106632184615507
cell 55.984554400270945 16.90881206913409 0.0 1.0 1.0 1 0 0 0.0 1.0 0
cell 41.99302909709616 29.737842785522865 0.0 1.0 1.0 1 0 0 0.0 1.0 0
cell 44.55469167541286 57.04415011811716 0.0 1.0 1.0 1 0 0 0.0 1.0 0
cell 45.94611681793606 60.10516843145255 0.0 1.0 1.0 1 0 0 0.0 1.0 0
cell 35.19739596240231 20.260700984738452 0.0 1.0 1.0 1 0 0 0.0 1.0 0
cell 9.274472855499777 23.069941426574903 0.0 1.6431676725154984 0.6085806194501846 1 0 0 0.9347017329168719 0.35543307454737066 2.414837942358941
cell 22.51575223814738 31.792071984027707 0.0 1.0 1.0 1 0 0 0.0 1.0 0
cell 58.81517478849154 34.50341105159239 0.0 1.6431676725154984 0.6085806194501846 1 0 0 0.5477252075982034 -0.8366582916349452 5.123899491511579
cell 42.04967064770967 26.091814040943724 0.0 1.0 1.0 1 0 0 0.0 1.0 0
cell 1.1074006145069446 28.531249838015786 0.0 1.6431676725154984 0.6085806194501846 1 0 0 0.6416149681086495 -0.7670268787330315 4.889981492786581
cell 57.07644914362567 21.751074320545758 0.0 1.0 1.0 1 0 0 0.0 1.0 0
cell 48.33592724846023 44.79567107073639 0.0 1.0 1.0 1 0 0 0.0 1.0 0
cell 15.047809743777865 22.952043808839328 0.0 1.6431676725154984 0.6085806194501846 1 0 0 0.024874470433251673 0.9996905824907352 0.049754072566101204
cell 56.939305454567396 13.370408120246767 0.0 1.6431676725154984 0.6085806194501846 1 0 0 0.8692585414221263 -0.4943577532159048 4.175784317383908
cell 4.182177593417952 0.6861073882480064 0.0 1.6431676725154984 0.6085806194501846 1 0 0 0.9128796829479442 0.40822871586998993 2.3005668686027136
cell 18.79377319215504 30.79625203789401 0.0 1.6431676725154984 0.6085806194501846 1 0 0 0.7687553666474423 -0.6395429510601744 4.529399828459134
cell 23.040232555883495 60.86570320209863 0.0 1.6431676725154984 0.6085806194501846 1 0 0 0.9364738715426901 -0.3507373489063363 3.8583093635286567
cell 46.937545366406965 10.640594737360317 0.0 1.0 1.0 1 0 0 0.0 1.0 0
cell 3.9815078482377557 53.23238479203587 0.0 1.6431676725154984 0.6085806194501846 1 0 0 0.746091809705873 -0.6658430832334413 4.598839150292224
cell 24.005572994077554 41.157338545131196 0.0 1.6431676725154984 0.6085806194501846 1 0 0 -0.6174222792075559 0.7866318892202038 4.952262179782405
cell 14.690738690407574 19.82571402006442 0.0 1.0 1.0 1 0 0 0.0 1.0 0
cell 50.91508081538998 4.7140030801174895 0.0 1.6431676725154984 0.6085806194501846 1 0 0 0.8389225450090603 -0.5442508277214847 4.292584330720725
cell 40.91626584067173 24.125831445087915 0.0 1.0 1.0 1 0 0 0.0 1.0 0
cell 20.802263665589873 31.98424151619595 0.0 1.0 1.0 1 0 0 0.0 1.0 0
cell 10.418753933162993 16.76648988773455 0.0 1.0 1.0 1 0 0 0.0 1.0 0
cell 45.874682757467255 25.686474481046012 0.0 1.0 1.0 1 0 0 0.0 1.0 0
cell 23.00133178661524 49.8940715572399 0.0 1.6431676725154984 0.6085806194501846 1 0 0 0.22702594097864584 0.973888711364271 0.45804558550830127
cell 0.6683527334900115 8.891996490917323 0.0 1.0 1.0 1 0 0 0.0 1.0 0
cell 14.131486680468644 24.108885668372963 0.0 1.6431676725154984 0.6085806194501846 1 0 0 0.2528404267262752 0.9675079940821549 0.511229902647463
cell 47.071460286010165 12.692552831900185 0.0 1.6431676725154984 0.6085806194501846 1 0 0 0.9168112803619896 -0.39932076855707044 3.963144380691851
cell 44.3648113421361 51.23286736137888 0.0 1.6431676725154984 0.6085806194501846 1 0 0 0.9976199686250197 -0.06895214427858402 3.2796064519199035
cell 34.36386793234182 23.60327476192953 0.0 1.0 1.0 1 0 0 0.0 1.0 0
cell 28.89617324060085 40.86198618632614 0.0 1.6431676725154984 0.6085806194501846 1 0 0 0.5845363511756906 -0.811367521012648 5.0345683094564615
cell 31.68829842643582 35.59987210301079 0.0 1.0 1.0 1 0 0 0.0 1.0 0
cell 27.704137021617665 43.01206112315239 0.0 1.6431676725154984 0.6085806194501846 1 0 0 0.7591421371534268 -0.6509248924400785 4.5591969341322915
cell 22.53312496512583 48.1927978436087 0.0 1.6431676725154984 0.6085806194501846 1 0 0 0.17901581778048595 0.9838461957970788 0.35997203696493474
cell 0.5192283518174636 20.495438368262423 0.0 1.6431676725154984 0.6085806194501846 1 0 0 0.6410596770241452 -0.7674910360999004 4.8914289599158955
cell 54.943184253625596 38.80706870703485 0.0 1.6431676725154984 0.6085806194501846 1 0 0 0.3596140947651207 -0.9331011214473289 5.547476731841166
cell 2.103037080069478 19.69934791291202 0.0 1.6431676725154984 0.6085806194501846 1 0 0 0.8072025666191989 -0.5902745263378539 4.404390442533625
cell 8.537691643889033 11.715875261786143 0.0 1.0 1.0 1 0 0 0.0 1.0 0
cell 60.43088754526564 21.361543069645485 0.0 1.0 1.0 1 0 0 0.0 1.0 0
cell 51.49167770969275 29.422351295483264 0.0 1.0 1.0 1 0 0 0.0 1.0 0
cell 54.052272141001474 33.83351990715418 0.0 1.0 1.0 1 0 0 0.0 1.0 0
cell 13.324307468407563 56.950264857795815 0.0 1.6431676725154984 0.6085806194501846 1 0 0 0.9495401825555925 -0.3136454076059334 3.7796521337356093
cell 27.515441495827915 13.399257763934262 0.0 1.6431676725154984 0.6085806194501846 1 0 0 0.7050766874501532 0.709131063213507 1.5650625657491073
cell 4.0949679151476825 10.161547947953649 0.0 1.0 1.0 1 0 0 0.0 1.0 0
cell 11.987320261864557 0.9556209234430962 0.0 1.0 1.0 1 0 0 0.0 1.0 0
cell 1.487193584235805 21.05067334775717 0.0 1.6431676725154984 0.6085806194501846 1 0 0 0.7273675119753834 -0.6862481348045621 4.654229202821574
cell 2.650137914674134 18.645764549238248 0.0 1.6431676725154984 0.6085806194501846 1 0 0 0.8981172761252658 -0.43975602136336134 4.0522466529265415
cell 44.171127247049675 53.60291219005284 0.0 1.0 1.0 1 0 0 0.0 1.0 0
cell 22.843487415648234 24.204221284396038 0.0 1.6431676725154984 0.6085806194501846 1 0 0 0.057147655734931156 0.9983657373147387 0.11435761505414589
cell 25.495408614869284 8.541329964458813 0.0 1.6431676725154984 0.6085806194501846 1 0 0 0.6390309586727699 -0.7691810150138657 4.896709767024387
cell 58.01828751400616 25.206408522445017 0.0 1.0 1.0 1 0 0 0.0 1.0 0
cell 6.933072743133167 20.494699791382747 0.0 1.0 1.0 1 0 0 0.0 1.0 0
cell 35.55309546417496 27.23556825134757 0.0 1.0 1.0 1 0 0 0.0 1.0 0
cell 59.61460426171031 29.946743284464333 0.0 1.6431676725154984 0.6085806194501846 1 0 0 0.4840575770672469 -0.8750361490154486 5.2726136348603045
cell 32.48450444704946 21.871885413019328 0.0 1.0 1.0 1 0 0 0.0 1.0 0
cell 0.3342214805988523 23.134961375022545 0.0 1.6431676725154984 0.6085806194501846 1 0 0 0.5122264247148062 -0.8588504467157754 5.207635060454872
cell 31.563627856909747 13.291103023672832 0.0 1.6431676725154984 0.6085806194501846 1 0 0 0.8284504657215297 0.5600623410351571 1.9526705570832308
cell 11.607572360795064 51.077577861128034 0.0 1.6431676725154984 0.6085806194501846 1 0 0 0.9612227135241517 -0.2757732673869362 3.7003807974204803
cell 53.33327495808735 28.88706338526236 0.0 1.6431676725154984 0.6085806194501846 1 0 0 -0.20126630852273575 -0.9795365603455702 0.40530102479773866
cell 53.81012086731533 22.664322750036114 0.0 1.0 1.0 1 0 0 0.0 1.0 0
cell 54.90809222014249 6.762337744037498 0.0 1.6431676725154984 0.6085806194501846 1 0 0 0.9280532357194914 -0.37244756902224785 3.904882543321631
cell 46.709046276168046 51.439308843877086 0.0 1.6431676725154984 0.6085806194501846 1 0 0 0.9957974993243625 0.09158242374684308 2.9581707905358314
cell 2.247568389162174 29.028460340596627 0.0 1.6431676725154984 0.6085806194501846 1 0 0 0.5662404347485669 -0.8242401167473917 5.079310466338944
cell 30.768224951710863 18.421648881994265 0.0 1.6431676725154984 0.6085806194501846 1 0 0 0.9354649239524142 -0.3534195467920584 3.8640407390557243
cell 22.9424835236975 22.719927712053966 0.0 1.6431676725154984 0.6085806194501846 1 0 0 0.9545584606321378 -0.29802373267175114 3.7468359253767356
cell 29.577157368020153 15.770728375409368 0.0 1.6431676725154984 0.6085806194501846 1 0 0 0.9526484762202093 0.3040738080718451 2.523660553989958
cell 29.567965140203675 12.526530931525132 0.0 1.6431676725154984 0.6085806194501846 1 0 0 0.8069166614980007 0.5906653040402162 1.877826466059487
cell 23.255921184107933 38.586846462755034 0.0 1.6431676725154984 0.6085806194501846 1 0 0 -0.4901543362128831 0.8716356616681696 5.25865168883615
cell 50.57916613199742 33.7346942698755 0.0 1.6431676725154984 0.6085806194501846 1 0 0 0.868246401008691 0.49613323526594677 2.1033135621545767
cell 10.13674430584741 1.8070150074034805 0.0 1.0 1.0 1 0 0 0.0 1.0 0
cell 20.34351402162784 20.774312408955605 0.0 1.6431676725154984 0.6085806194501846 1 0 0 0.9025386417515003 -0.43060887141971077 4.031927232270575
cell 28.550512387114168 23.095551210501945 0.0 1.6431676725154984 0.6085806194501846 1 0 0 -0.47222929649672396 0.8814757464219927 5.299549067103852
cell 26.61112167199891 23.21980139526818 0.0 1.6431676725154984 0.6085806194501846 1 0 0 -0.264158420207314 0.9644793046165253 5.748522819817863
cell 39.878835539382735 46.885272454637295 0.0 1.6431676725154984 0.6085806194501846 1 0 0 0.6221872815360929 -0.7828684351120095 4.940118218766013
cell 55.79109952307084 10.741184576054506 0.0 1.6431676725154984 0.6085806194501846 1 0 0 0.8790396043031683 -0.4767487536077356 4.135497357797413
cell 23.87268754248081 35.27459164469936 0.0 1.0 1.0 1 0 0 0.0 1.0 0
cell 9.530885783696881 41.442908920037254 0.0 1.6431676725154984 0.6085806194501846 1 0 0 0.8381380012097668 0.5454582393988535 1.9877211484849096
cell 27.388551626544515 19.553784428850093 0.0 1.0 1.0 1 0 0 0.0 1.0 0
cell 11.311369673725565 58.73923821764422 0.0 1.6431676725154984 0.6085806194501846 1 0 0 0.8033232103228536 -0.5955432979696642 4.417476238268412
cell 34.0519924060614 2.401764959223621 0.0 1.6431676725154984 0.6085806194501846 1 0 0 0.9421512384984367 0.3351880722756432 2.4579829674628506
cell 9.978415663180085 3.752401402849682 0.0 1.0 1.0 1 0 0 0.0 1.0 0
cell 47.79276679245147 37.66575287459604 0.0 1.6431676725154984 0.6085806194501846 1 0 0 0.8946728736916024 0.4467218923227404 2.2153967663065495
cell 46.973594250871024 43.17785483915426 0.0 1.0 1.0 1 0 0 0.0 1.0 0
cell 0.06878974122998102 31.307929937940788 0.0 1.6431676725154984 0.6085806194501846 1 0 0 0.6287353745073515 -0.7776193341494927 4.923333583428769
cell 56.72457318425585 26.19295826019655 0.0 1.0 1.0 1 0 0 0.0 1.0 0
cell 43.36377883037193 46.350710649554806 0.0 1.0 1.0 1 0 0 0.0 1.0 0
cell 47.555525632392715 25.429727999104422 0.0 1.0 1.0 1 0 0 0.0 1.0 0
cell 45.306033062138276 46.82371069168224 0.0 1.0 1.0 1 0 0 0.0 1.0 0
cell 1.9495800716926233 25.347655432954795 0.0 1.6431676725154984 0.6085806194501846 1 0 0 0.5810288448583012 -0.8138829654456642 5.043200827092807
cell 21.66747803306166 3.91619794237778 0.0 1.6431676725154984 0.6085806194501846 1 0 0 0.7946439846192208 -0.6070757265024582 4.446343484996699
cell 31.976475453772284 26.36576871969708 0.0 1.6431676725154984 0.6085806194501846 1 0 0 0.9999752599828129 -0.007034161094676278 3.155661091797138
cell 28.51458284320661 30.28726078952201 0.0 1.0 1.0 1 0 0 0.0 1.0 0
cell 1.488941334460868 58.18900435233153 0.0 1.6431676725154984 0.6085806194501846 1 0 0 0.8346955369239277 -0.550711685584459 4.30802590807476
cell 55.407712172507956 18.609471549271213 0.0 1.0 1.0 1 0 0 0.0 1.0 0
cell 58.67032674402188 55.67821629417143 0.0 1.6431676725154984 0.6085806194501846 1 0 0 0.9913917892127347 -0.13092868395264892 3.404203992745501
cell 46.654125802108574 28.539141090272654 0.0 1.0 1.0 1 0 0 0.0 1.0 0
cell 19.990574379204237 42.80004394731318 0.0 1.6431676725154984 0.6085806194501846 1 0 0 -0.29694053659489195 0.954895972201547 5.680211156754306
cell 45.89434928604965 18.099878892014296 0.0 1.6431676725154984 0.6085806194501846 1 0 0 0.5873554877421057 0.8093290622603596 1.2555748299348044
cell 6.779619271356776 49.24356244017786 0.0 1.6431676725154984 0.6085806194501846 1 0 0 0.9338298302031467 -0.3577175536967151 3.873237789057903
cell 5.876776877933771 17.245378975534507 0.0 1.0 1.0 1 0 0 0.0 1.0 0
cell 10.278334279636372 12.7271066962562 0.0 1.0 1.0 1 0 0 0.0 1.0 0
cell 27.244846596946626 33.46172992670377 0.0 1.0 1.0 1 0 0 0.0 1.0 0
cell 3.6233619044379655 26.41741114845657 0.0 1.6431676725154984 0.6085806194501846 1 0 0 0.6138426814889135 -0.7894283769807747 4.961347090151171
cell 34.008187997440366 13.727265488847753 0.0 1.6431676725154984 0.6085806194501846 1 0 0 0.6646526610437017 -0.7471524878948916 4.829127630791332
cell 2.381876729878188 49.99583969804279 0.0 1.6431676725154984 0.6085806194501846 1 0 0 0.8143758138719752 -0.580337861749824 4.379879656406314
cell 22.64363325967739 3.2676377579098936 0.0 1.6431676725154984 0.6085806194501846 1 0 0 0.8559047179346726 -0.5171335551065784 4.228589705310458
cell 39.28190714565465 45.77748859891458 0.0 1.6431676725154984 0.6085806194501846 1 0 0 0.588012707243294 -0.8088516898173683 5.025985888732758
cell 4.920992230813759 1.8578013542145386 0.0 1.6431676725154984 0.6085806194501846 1 0 0 0.9699728519776882 0.24321321186619285 2.650238324211341
cell 54.70146960375712 5.262199158886076 0.0 1.6431676725154984 0.6085806194501846 1 0 0 0.9526325227527583 -0.30412378498518555 3.759629676113556
cell 4.614362483954044 32.74675545307704 0.0 1.6431676725154984 0.6085806194501846 1 0 0 0.6135631259604489 -0.7896456739966617 4.9620552406660146
cell 14.888637092672525 52.07166942933904 0.0 1.6431676725154984 0.6085806194501846 1 0 0 0.9983794475161625 -0.056907633735046335 3.2554694421457917
cell 46.127639942693904 6.476589920082782 0.0 1.0 1.0 1 0 0 0.0 1.0 0
cell 52.513769943613056 26.402838778344687 0.0 1.6431676725154984 0.6085806194501846 1 0 0 0.364950860101887 0.9310267824885022 0.7471600444043183
cell 57.001942269310995 23.684780380520767 0.0 1.0 1.0 1 0 0 0.0 1.0 0
cell 14.63542006777184 11.433159333683768 0.0 1.6431676725154984 0.6085806194501846 1 0 0 0.7048494806887425 -0.709356898586889 4.718763442699961
cell 6.476429131802783 5.293499357671015 0.0 1.0 1.0 1 0 0 0.0 1.0 0
cell 24.018078199878968 33.46216931331175 0.0 1.6431676725154984 0.6085806194501846 1 0 0 -0.38759624814963684 0.9218292403804108 5.487140167933166
cell 49.5961869531984 3.8136756194027273 0.0 1.6431676725154984 0.6085806194501846 1 0 0 0.773447726726082 -0.6338600902582967 4.514660303930923
cell 43.571993314458716 39.551136731838874 0.0 1.6431676725154984 0.6085806194501846 1 0 0 0.6076036663271133 -0.7942403821676722 4.977105392760066
cell 7.871314526048619 26.2578333641379 0.0 1.6431676725154984 0.6085806194501846 1 0 0 0.7703134456215126 0.6376654259834956 1.7586651153691784
cell 5.6183572497431316 13.791173530832046 0.0 1.0 1.0 1 0 0 0.0 1.0 0
cell 43.65724690834556 35.59642851034077 0.0 1.6431676725154984 0.6085806194501846 1 0 0 -0.5946654568349744 0.8039732548084241 5.0094863625258785
cell 40.97710462008738 52.090854783273684 0.0 1.6431676725154984 0.6085806194501846 1 0 0 0.7465089244497958 -0.6653754020978001 4.597585818146168
cell 39.33834699352159 27.362738663126752 0.0 1.0 1.0 1 0 0 0.0 1.0 0
cell 30.77946016005655 41.11302127907469 0.0 1.0 1.0 1 0 0 0.0 1.0 0
cell 14.742887368093035 45.730422384225555 0.0 1.6431676725154984 0.6085806194501846 1 0 0 0.34682759352506104 0.9379288994212808 0.708373252979426
cell 33.47540055286103 45.31767832511652 0.0 1.0 1.0 1 0 0 0.0 1.0 0
cell 53.07311802756423 53.12919885925827 0.0 1.6431676725154984 0.6085806194501846 1 0 0 0.976366095610461 -0.2161232225893001 3.5772768435043223
cell 47.6187735354373 2.674464012378452 0.0 1.0 1.0 1 0 0 0.0 1.0 0
cell 6.780832694407448 60.595241192263195 0.0 1.0 1.0 1 0 0 0.0 1.0 0
cell 37.3036473144892 52.411605926955026 0.0 1.0 1.0 1 0 0 0.0 1.0 0
cell 38.613229788376074 37.0076434148834 0.0 1.0 1.0 1 0 0 0.0 1.0 0
cell 42.04766684290811 59.22644002166755 0.0 1.6431676725154984 0.6085806194501846 1 0 0 0.8446645525545482 -0.5352959869621897 4.271308909146679
cell 31.591485352756415 30.3008640245368 0.0 1.6431676725154984 0.6085806194501846 1 0 0 0.4520583282476693 -0.8919883787706668 5.345042174611409
cell 45.801816898496725 52.79770863818575 0.0 1.0 1.0 1 0 0 0.0 1.0 0
cell 49.09020956147829 23.783733096489744 0.0 1.6431676725154984 0.6085806194501846 1 0 0 0.43375608389412756 0.9010303322779043 0.897314537474319
cell 32.100452807754024 54.18550375555677 0.0 1.6431676725154984 0.6085806194501846 1 0 0 0.5446502843621958 0.8386632624266901 1.1519441330503633
cell 47.083640142948994 22.41699820078229 0.0 1.6431676725154984 0.6085806194501846 1 0 0 -0.4490640898523517 -0.8934995485197958 0.931435194547034
cell 16.037590294169373 14.550451544551406 0.0 1.6431676725154984 0.6085806194501846 1 0 0 0.7944574754100664 -0.6073197837754536 4.44695781272143
cell 60.075214262239754 23.06441775303061 0.0 1.0 1.0 1 0 0 0.0 1.0 0
cell 10.545181909333785 52.43893067708121 0.0 1.6431676725154984 0.6085806194501846 1 0 0 0.9741466563770581 -0.22591655952895082 3.5973602900461707
cell 21.303342837485875 19.930065666525852 0.0 1.6431676725154984 0.6085806194501846 1 0 0 -0.9307047270118601 0.36577139187992685 3.8905156411912882
cell 24.857072286882673 52.212101924700846 0.0 1.6431676725154984 0.6085806194501846 1 0 0 0.15553594655352573 -0.9878302330510536 5.970845348278635
cell 37.04129751158645 43.60195062863595 0.0 1.0 1.0 1 0 0 0.0 1.0 0
cell 4.453825607747533 27.227833491333232 0.0 1.6431676725154984 0.6085806194501846 1 0 0 0.6498179262823659 -0.7600899043416415 4.868495567488198
cell 37.11955653007795 10.090242222365228 0.0 1.6431676725154984 0.6085806194501846 1 0 0 0.9045569555102838 0.42635280489046434 2.2606788463752694
cell 56.17361817250331 60.02274996690358 0.0 1.0 1.0 1 0 0 0.0 1.0 0
cell 49.70883366695879 53.0389420572139 0.0 1.6431676725154984 0.6085806194501846 1 0 0 0.9539406858119327 -0.2999952798839665 3.750968065576157
cell 51.703595242128756 7.8567979485781265 0.0 1.6431676725154984 0.6085806194501846 1 0 0 -0.7755163707781769 0.6313274575488106 4.508120112439929
cell 55.162476230052405 21.166874975927172 0.0 1.0 1.0 1 0 0 0.0 1.0 0
cell 4.3819008842313 15.354923860091487 0.0 1.0 1.0 1 0 0 0.0 1.0 0
cell 21.448626745956417 13.441686395512193 0.0 1.6431676725154984 0.6085806194501846 1 0 0 0.8106569084095343 -0.5855214572053665 4.392638975781003
cell 11.664367395121205 11.459408830408515 0.0 1.0 1.0 1 0 0 0.0 1.0 0
cell 60.99987221604526 18.34432607199495 0.0 1.6431676725154984 0.6085806194501846 1 0 0 0.7095750795382796 -0.7046298365086766 4.705395336370231
cell 43.766967497282856 20.011426902577078 0.0 1.0 1.0 1 0 0 0.0 1.0 0
cell 30.682101325876385 4.751937710361202 0.0 1.6431676725154984 0.6085806194501846 1 0 0 0.9457664523762409 0.324847375793094 2.4798919587806796
cell 57.518771563725295 0.058905089162650706 0.0 1.0 1.0 1 0 0 0.0 1.0 0
cell 37.139457749730624 17.3802587352405 0.0 1.6431676725154984 0.6085806194501846 1 0 0 0.6594136340333749 0.7517803264590649 1.4400770479662015
cell 18.424254669716277 46.30646309117259 0.0 1.0 1.0 1 0 0 0.0 1.0 0
cell 4.730103202076334 6.1986279822315336 0.0 1.0 1.0 1 0 0 0.0 1.0 0
cell 5.650183651909637 58.938395459737706 0.0 1.0 1.0 1 0 0 0.0 1.0 0
cell 24.01540933299763 58.9464886214687 0.0 1.6431676725154984 0.6085806194501846 1 0 0 0.9804464051143446 -0.19678629702893097 3.5377507342483665
cell 26.765310002553495 40.26137343540681 0.0 1.0 1.0 1 0 0 0.0 1.0 0
cell 48.80756828020526 21.783391120751986 0.0 1.6431676725154984 0.6085806194501846 1 0 0 0.5448456446189887 0.8385363579116404 1.1524100531556158
cell 32.41610596044393 42.223474345643595 0.0 1.0 1.0 1 0 0 0.0 1.0 0
cell 41.187117562511595 22.00090468489989 0.0 1.0 1.0 1 0 0 0.0 1.0 0
cell 48.22614129686018 0.43760616058518764 0.0 1.6431676725154984 0.6085806194501846 1 0 0 0.7961702207863607 -0.6050727059891213 4.44130702140964
cell 37.59928010960447 48.44996579848083 0.0 1.0 1.0 1 0 0 0.0 1.0 0
cell 18.129920252008393 6.876656211350934 0.0 1.6431676725154984 0.6085806194501846 1 0 0 0.7898903693546748 -0.613248077372229 4.461924894475091
cell 10.697220948761839 25.19923648163911 0.0 1.6431676725154984 0.6085806194501846 1 0 0 0.5391734136209168 -0.8421947696610136 5.144274639785821
cell 8.980289217630284 55.80511186760954 0.0 1.0 1.0 1 0 0 0.0 1.0 0
cell 44.93979113788478 34.803106599159186 0.0 1.6431676725154984 0.6085806194501846 1 0 0 0.6028884381989962 -0.7978255016518181 4.988952174703626
cell 5.147713199279995 11.85580141835529 0.0 1.0 1.0 1 0 0 0.0 1.0 0
cell 39.98615874063759 17.059885183677476 0.0 1.0 1.0 1 0 0 0.0 1.0 0
cell 42.647707491715266 6.478681201175899 0.0 1.6431676725154984 0.6085806194501846 1 0 0 0.9090331186100427 -0.41672387652989135 4.001269384083827
cell 22.404370786186025 26.42296698990341 0.0 1.6431676725154984 0.6085806194501846 1 0 0 -0.16279657365135008 0.986659655406757 5.956136547965897
cell 59.878847741152775 58.746050517916906 0.0 1.6431676725154984 0.6085806194501846 1 0 0 0.9562434885123501 -0.2925720264784913 3.735423562304433
cell 40.69715022062871 27.602328685254356 0.0 1.6431676725154984 0.6085806194501846 1 0 0 0.6162862835087106 -0.7875222008039019 4.955148798084492
cell 8.219491160033991 4.567414311192128 0.0 1.0 1.0 1 0 0 0.0 1.0 0
cell 21.300003604298038 8.93806781825982 0.0 1.6431676725154984 0.6085806194501846 1 0 0 0.751143241926608 -0.6601392505433874 4.583600914743134
cell 39.33062196893611 29.097898461347015 0.0 1.0 1.0 1 0 0 0.0 1.0 0
cell 43.34060843823297 11.302285867128305 0.0 1.6431676725154984 0.6085806194501846 1 0 0 0.8181028679784479 -0.5750719062912378 4.3669767321539315
cell 48.68889997521431 42.23321827827415 0.0 1.0 1.0 1 0 0 0.0 1.0 0
cell 50.34496583131667 11.732479780772183 0.0 1.0 1.0 1 0 0 0.0 1.0 0
cell 3.4373581276367315 21.310470793522793 0.0 1.6431676725154984 0.6085806194501846 1 0 0 0.7817575795153184 -0.623582461965016 4.4882265497800375
cell 50.96298397827338 52.08108678287703 0.0 1.6431676725154984 0.6085806194501846 1 0 0 0.9999182055492961 0.01278992615599036 3.1160121038250037
cell 29.5096304313983 28.67627589681244 0.0 1.0 1.0 1 0 0 0.0 1.0 0
cell 17.912856377876658 9.013787446485802 0.0 1.6431676725154984 0.6085806194501846 1 0 0 0.807384166857028 -0.5900261071415254 4.40377500530943
cell 50.46542323356721 18.799061872644135 0.0 1.0 1.0 1 0 0 0.0 1.0 0
cell 7.326553698882807 50.97641196316026 0.0 1.6431676725154984 0.6085806194501846 1 0 0 0.9716736912498121 -0.23632654893804209 3.618759778660565
cell 5.356770382492668 54.60805193797852 0.0 1.6431676725154984 0.6085806194501846 1 0 0 0.6408811207224923 0.7676401429716154 1.3912910937315317
cell 50.785379094062 58.093050721481916 0.0 1.0 1.0 1 0 0 0.0 1.0 0
cell 52.047714680255964 24.74591719948741 0.0 1.6431676725154984 0.6085806194501846 1 0 0 0.4410527837714154 0.8974811652215801 0.9135427569848914
cell 6.827664196369234 10.737244981788931 0.0 1.0 1.0 1 0 0 0.0 1.0 0
cell 23.852683384680233 29.72518976808063 0.0 1.6431676725154984 0.6085806194501846 1 0 0 0.31669564993013793 -0.9485272085266334 5.638697731355485
cell 35.4798674917035 55.4055254127454 0.0 1.0 1.0 1 0 0 0.0 1.0 0
cell 41.04380572371497 32.59848392182277 0.0 1.6431676725154984 0.6085806194501846 1 0 0 -0.7449441806630305 0.6671268003133184 4.6022829753131775
cell 57.98269818614524 59.176205649752454 0.0 1.0 1.0 1 0 0 0.0 1.0 0
cell 21.73346220066605 33.6580308941408 0.0 1.0 1.0 1 0 0 0.0 1.0 0
cell 16.50189868069223 31.84676081684317 0.0 1.6431676725154984 0.6085806194501846 1 0 0 -0.5768322523649888 0.8168626277603438 5.053494482330931
cell 57.157379110206485 2.0294338922069084 0.0 1.0 1.0 1 0 0 0.0 1.0 0
cell 8.72431253759234 47.33779097624704 0.0 1.6431676725154984 0.6085806194501846 1 0 0 0.9929297952954023 -0.11870308174024162 3.379559907592681
cell 33.19024475231316 17.079929031265017 0.0 1.6431676725154984 0.6085806194501846 1 0 0 0.5772568143960236 -0.8165626554241596 5.0524547971348115
cell 26.81682004276927 51.068160542705876 0.0 1.6431676725154984 0.6085806194501846 1 0 0 0.5454740158686668 0.8381277337089552 1.1539091518084683
cell 22.98016359482281 36.82999220494513 0.0 1.0 1.0 1 0 0 0.0 1.0 0
cell 50.61981238193512 6.600229852488156 0.0 1.6431676725154984 0.6085806194501846 1 0 0 0.7659344497600109 -0.6429186718946879 4.538198258876021
cell 22.457391800807283 16.582607297000653 0.0 1.6431676725154984 0.6085806194501846 1 0 0 0.7907779215936196 -0.6121031601944849 4.459027595948702
cell 42.489506527597236 57.81212509604605 0.0 1.6431676725154984 0.6085806194501846 1 0 0 0.8518911035792024 -0.5237189586434776 4.24401396344235
cell 45.71754811824952 33.38589623231874 0.0 1.0 1.0 1 0 0 0.0 1.0 0
cell 10.086142400236042 10.716437412196576 0.0 1.0 1.0 1 0 0 0.0 1.0 0
cell 25.950354056935996 42.16458709651481 0.0 1.6431676725154984 0.6085806194501846 1 0 0 -0.6881726209379596 0.7255469962665267 4.765250483350124
cell 26.230334310045908 3.41625501024702 0.0 1.6431676725154984 0.6085806194501846 1 0 0 0.4668503161266629 -0.8843363513575787 5.311733746865322
cell 46.6248736319871 34.78959303270754 0.0 1.0 1.0 1 0 0 0.0 1.0 0
cell 43.28789170985623 51.807056672599565 0.0 1.6431676725154984 0.6085806194501846 1 0 0 0.9692056286058868 -0.24625281618423753 3.639216858297587
cell 23.712219940593492 15.903847832843367 0.0 1.6431676725154984 0.6085806194501846 1 0 0 0.9422819021277953 -0.3348205742221108 3.8244222684243123
cell 18.533264142837503 4.540422763755057 0.0 1.6431676725154984 0.6085806194501846 1 0 0 0.7513764471493527 -0.659873802078258 4.582894239245175
cell 27.106852742453924 26.44028475176856 0.0 1.6431676725154984 0.6085806194501846 1 0 0 0.6332791796513257 -0.7739234333059982 4.911619327787702
cell 51.17757274059787 49.80706442061667 0.0 1.6431676725154984 0.6085806194501846 1 0 0 0.997540223751702 -0.0700963764926845 3.281900467393997
cell 21.299986356168453 43.49226751166023 0.0 1.6431676725154984 0.6085806194501846 1 0 0 -0.6496301774270211 0.7602503749266666 4.868989532837799
cell 56.89084903932454 31.813868656616993 0.0 1.0 1.0 1 0 0 0.0 1.0 0
cell 9.514338794191813 51.00408728229183 0.0 1.6431676725154984 0.6085806194501846 1 0 0 0.9760971403673389 -0.21733470170845606 3.5797587933640833
cell 28.939989388929668 21.226645608887157 0.0 1.6431676725154984 0.6085806194501846 1 0 0 -0.30688266192184754 0.9517473571341089 5.659353484919169
cell 14.088924372340115 4.936422599946021 0.0 1.0 1.0 1 0 0 0.0 1.0 0
cell 0.10022019016762618 10.2060758649478 0.0 1.6431676725154984 0.6085806194501846 1 0 0 0.9479230182248843 -0.3184995314273249 3.7898849819514835
cell 16.153812754816705 1.5145089753221577 0.0 1.6431676725154984 0.6085806194501846 1 0 0 0.8804781599659133 -0.4740867112913413 4.129445608075228
cell 52.608041691979174 40.996624793836 0.0 1.6431676725154984 0.6085806194501846 1 0 0 0.28486025396323295 -0.9585690563084135 5.705464029334152
cell 29.769633812512875 23.19109164963795 0.0 1.6431676725154984 0.6085806194501846 1 0 0 -0.47811586707380677 0.8782967708310568 5.286168818092024
cell 36.72492827870998 31.02225228160305 0.0 1.0 1.0 1 0 0 0.0 1.0 0
cell 58.44764443049086 3.556204487673651 0.0 1.0 1.0 1 0 0 0.0 1.0 0
cell 57.420456136705134 56.61844206466167 0.0 1.6431676725154984 0.6085806194501846 1 0 0 0.9002139661266993 -0.43544783291507805 4.042664035207927
cell 29.734355328784023 38.5970179518425 0.0 1.6431676725154984 0.6085806194501846 1 0 0 0.7499833516056963 -0.6614567047919967 4.587111488510931
cell 33.1955137536521 10.7179111638415 0.0 1.6431676725154984 0.6085806194501846 1 0 0 0.8373245904952392 -0.5467060729057068 4.298443236311365
cell 43.14034703273466 57.06302782406783 0.0 1.6431676725154984 0.6085806194501846 1 0 0 0.866732632107241 -0.49877303900717596 4.185957816738337
cell 44.34310068735336 37.06615898054231 0.0 1.6431676725154984 0.6085806194501846 1 0 0 0.6466002157104457 -0.7628290509958343 4.8769469844792965
cell 32.93091579807386 38.45743599282676 0.0 1.0 1.0 1 0 0 0.0 1.0 0
cell 23.894086542172975 2.0392119521021312 0.0 1.0 1.0 1 0 0 0.0 1.0 0
cell 35.05332026319459 12.151198218049165 0.0 1.6431676725154984 0.6085806194501846 1 0 0 0.7483095410840006 -0.6633497046977954 4.592165237101174
cell 0.9783052984199618 14.819271881058661 0.0 1.6431676725154984 0.6085806194501846 1 0 0 0.9229926361307758 -0.38481761088645805 3.9316130699133782
cell 47.12879150779661 56.988100222731816 0.0 1.6431676725154984 0.6085806194501846 1 0 0 0.8769867084527282 -0.480514633697299 4.144075530661976
cell 25.22852814042842 60.5072554845048 0.0 1.6431676725154984 0.6085806194501846 1 0 0 0.9878134100299302 -0.15564275429662947 3.4541488614957183
cell 38.755892872681684 48.91040495318123 0.0 1.6431676725154984 0.6085806194501846 1 0 0 0.6415682881118079 -0.7670659239526185 4.89010320640585
cell 41.99826791277877 1.0011693473828467 0.0 1.6431676725154984 0.6085806194501846 1 0 0 0.6835790208909461 -0.729876511608488 4.777875220463688
cell 2.091818986994048 10.303426494167905 0.0 1.0 1.0 1 0 0 0.0 1.0 0
cell 16.117357025977423 21.8945629860239 0.0 1.6431676725154984 0.6085806194501846 1 0 0 0.24107055399375643 0.970507592962128 0.48693757370905294
cell 45.97232883145641 54.40162857310615 0.0 1.0 1.0 1 0 0 0.0 1.0 0
cell 30.68913985141496 43.11652410910462 0.0 1.0 1.0 1 0 0 0.0 1.0 0
cell 20.766660423961667 22.701978961145365 0.0 1.6431676725154984 0.6085806194501846 1 0 0 0.20040804523464884 0.9797125167135647 0.40354879585811504
cell 51.914151371585056 19.916252033762078 0.0 1.0 1.0 1 0 0 0.0 1.0 0
cell 17.791921453280853 28.82450014790729 0.0 1.6431676725154984 0.6085806194501846 1 0 0 -0.5902586703346593 0.807214161232792 5.0204268042588005
cell 28.755665038413145 36.48770696617505 0.0 1.6431676725154984 0.6085806194501846 1 0 0 0.7248842618388783 -0.6888706750459802 4.6614525712152535
cell 19.71735847617895 33.33798056433968 0.0 1.0 1.0 1 0 0 0.0 1.0 0
cell 52.16595048628422 32.266633121354346 0.0 1.6431676725154984 0.6085806194501846 1 0 0 -0.8963530423574052 -0.44334097876986717 2.2229475437838353
cell 44.34709197724868 45.114851634906145 0.0 1.0 1.0 1 0 0 0.0 1.0 0
cell 0.16601333199241047 12.912421073688868 0.0 1.6431676725154984 0.6085806194501846 1 0 0 0.9312912221310516 -0.36427552701444565 3.8873021765339444
cell 49.88758922773826 2.1850526879721666 0.0 1.6431676725154984 0.6085806194501846 1 0 0 0.9197675681149852 -0.3924635277880559 3.9482096363209944
cell 33.283980111830985 29.456524829877303 0.0 1.6431676725154984 0.6085806194501846 1 0 0 -0.48272039955000107 0.8757745234124406 5.275668624821943
cell 20.359782348353406 30.334071952278478 0.0 1.0 1.0 1 0 0 0.0 1.0 0
cell 36.139885938611386 57.3775004337368 0.0 1.0 1.0 1 0 0 0.0 1.0 0
cell 11.284098936832658 54.901766617897934 0.0 1.6431676725154984 0.6085806194501846 1 0 0 0.9237775972322689 -0.38292943325340756 3.9275233852498355
cell 41.56633743041417 17.895192462837805 0.0 1.0 1.0 1 0 0 0.0 1.0 0
cell 54.844756350638505 58.95273957156292 0.0 1.0 1.0 1 0 0 0.0 1.0 0
cell 52.459792043041105 55.32528546672769 0.0 1.0 1.0 1 0 0 0.0 1.0 0
cell 46.37574059930836 30.072184736053025 0.0 1.0 1.0 1 0 0 0.0 1.0 0
cell 12.060635106480039 39.19711263315946 0.0 1.6431676725154984 0.6085806194501846 1 0 0 0.5564909504522163 0.8308536706693839 1.1803127403560754
cell 20.067814228036866 39.28398273282481 0.0 1.0 1.0 1 0 0 0.0 1.0 0
cell 29.591618511559123 25.652066005026253 0.0 1.6431676725154984 0.6085806194501846 1 0 0 0.9660620597412771 -0.25831007864278394 3.664137661818964
cell 53.53638689586991 6.8224953449144925 0.0 1.6431676725154984 0.6085806194501846 1 0 0 0.8987012805031694 -0.43856129380277464 4.049587002334415
cell 35.713764201168196 51.39493027285571 0.0 1.0 1.0 1 0 0 0.0 1.0 0
cell 52.531892029249555 33.45648055355784 0.0 1.0 1.0 1 0 0 0.0 1.0 0
cell 6.643512316071957 55.439246858907055 0.0 1.6431676725154984 0.6085806194501846 1 0 0 0.6959102529570673 0.7181287627084927 1.5393733161823133
cell 57.225132685375605 18.36837717769651 0.0 1.0 1.0 1 0 0 0.0 1.0 0
cell 40.755980421055526 47.11064932857195 0.0 1.6431676725154984 0.6085806194501846 1 0 0 0.6655125778800044 -0.7463866348505385 4.826824599747319
cell 41.363182731120524 54.70448255153906 0.0 1.6431676725154984 0.6085806194501846 1 0 0 0.831225101488147 -0.5559359951073682 4.320569824697235
cell 40.967466472186594 61.12645303044983 0.0 1.6431676725154984 0.6085806194501846 1 0 0 0.6209023181593708 -0.7838879456301898 4.943398787728523
cell 59.3480908168156 60.36922654962808 0.0 1.0 1.0 1 0 0 0.0 1.0 0
cell 26.683878466408064 24.768200428716856 0.0 1.6431676725154984 0.6085806194501846 1 0 0 -0.46443191277268975 0.8856088292233206 5.3171992310520135
cell 19.73497211503302 1.1904856411107028 0.0 1.6431676725154984 0.6085806194501846 1 0 0 0.8591232400862361 -0.5117687547552385 4.216077296219971
cell 51.09745259143193 59.693858688991384 0.0 1.6431676725154984 0.6085806194501846 1 0 0 0.9741661542409226 -0.22583246872726478 3.5971876467187225
cell 30.73271630476421 20.849881068702114 0.0 1.6431676725154984 0.6085806194501846 1 0 0 -0.40937902969901085 0.9123644063874349 5.439638623900717
cell 31.162120939596676 39.16446383516427 0.0 1.0 1.0 1 0 0 0.0 1.0 0
cell 59.7979765603269 19.78598651199763 0.0 1.0 1.0 1 0 0 0.0 1.0 0
cell 36.37594882044741 19.102388643428295 0.0 1.6431676725154984 0.6085806194501846 1 0 0 -0.600321389346101 -0.7997588570897899 1.2878058120542049
cell 37.02698019338368 21.85866680740623 0.0 1.6431676725154984 0.6085806194501846 1 0 0 -0.5336336162691255 -0.8457157699768496 1.125782536890159
cell 49.30470613771149 50.51620644480653 0.0 1.6431676725154984 0.6085806194501846 1 0 0 0.9999958358406509 -0.0028858796506357723 3.1473644209025866
cell 50.18836296303378 44.173563583746606 0.0 1.6431676725154984 0.6085806194501846 1 0 0 0.27097604239592615 0.962586091966553 0.5488137325811325
cell 1.4172872429413421 55.29729736188366 0.0 1.6431676725154984 0.6085806194501846 1 0 0 0.840046541766625 -0.5425143386731212 4.288447295815504
cell 56.81840890494122 27.951551496055735 0.0 1.6431676725154984 0.6085806194501846 1 0 0 0.25493350711072366 0.966958585955069 0.5155578752043464
cell 48.977693827530764 25.03906880676601 0.0 1.6431676725154984 0.6085806194501846 1 0 0 -0.39668664939948745 -0.9179540850109051 0.8158090476346427
cell 35.69561084152484 38.485398649310696 0.0 1.0 1.0 1 0 0 0.0 1.0 0
cell 8.553844989466825 9.775090696865295 0.0 1.0 1.0 1 0 0 0.0 1.0 0
cell 6.371714772139849 3.091225197947874 0.0 1.0 1.0 1 0 0 0.0 1.0 0
cell 9.949763174945037 57.522489056049125 0.0 1.0 1.0 1 0 0 0.0 1.0 0
cell 15.524757741980379 57.93027782361236 0.0 1.6431676725154984 0.6085806194501846 1 0 0 0.825345598111983 -0.5646278807118659 4.341557291987434
cell 27.836949081602178 34.870959474962035 0.0 1.0 1.0 1 0 0 0.0 1.0 0
cell 34.761946458662344 35.525392203664616 0.0 1.0 1.0 1 0 0 0.0 1.0 0
cell 28.30317017140325 39.62153130588864 0.0 1.6431676725154984 0.6085806194501846 1 0 0 0.573954927404127 -0.8188868916453135 5.060530576694005
cell 30.18194612850267 3.4993983425213346 0.0 1.6431676725154984 0.6085806194501846 1 0 0 0.9185711133900715 0.39525575219764286 2.3289001369203657
cell 32.00456955323591 56.07643094126695 0.0 1.6431676725154984 0.6085806194501846 1 0 0 0.27744265166614757 0.9607422000913963 0.5622624712704264
cell 24.476441969191253 38.304586142480034 0.0 1.6431676725154984 0.6085806194501846 1 0 0 -0.580393545199602 0.8143361300412978 5.044761549794612
cell 26.20179835256858 18.182514759761975 0.0 1.6431676725154984 0.6085806194501846 1 0 0 0.7242542345060419 0.6895330331463948 1.6199044550761774
cell 40.758363238884236 30.044861005138607 0.0 1.6431676725154984 0.6085806194501846 1 0 0 -0.6470001563073513 0.7624898673020272 4.87589817932008
cell 57.11040601727011 37.78729899176031 0.0 1.6431676725154984 0.6085806194501846 1 0 0 0.4284238179057474 -0.9035779060219783 5.397689956511234
cell 23.807253667326762 32.10381116535827 0.0 1.6431676725154984 0.6085806194501846 1 0 0 0.8848946696374637 0.4657911803020793 2.1725356605999617
cell 45.5789733146369 37.38669059124507 0.0 1.0 1.0 1 0 0 0.0 1.0 0
cell 28.946032236731536 56.932508691838294 0.0 1.6431676725154984 0.6085806194501846 1 0 0 0.9608899795499717 0.2769304013654964 2.580396463981268
cell 16.17210730149036 3.6691636919203967 0.0 1.6431676725154984 0.6085806194501846 1 0 0 0.7664601232504373 -0.6422918958440348 4.53656218934996
cell 34.12399248971851 56.60478957199424 0.0 1.6431676725154984 0.6085806194501846 1 0 0 0.4401188539675296 0.8979395271299222 0.9114620642010106
cell 47.66920937028854 33.899579553800265 0.0 1.0 1.0 1 0 0 0.0 1.0 0
cell 41.95918020438421 44.32400102715929 0.0 1.6431676725154984 0.6085806194501846 1 0 0 0.8283685040439286 -0.5601835605478117 4.3308074061188915
cell 49.94003868196603 37.5432839435831 0.0 1.0 1.0 1 0 0 0.0 1.0 0
cell 60.04424457346513 2.4053739004705275 0.0 1.0 1.0 1 0 0 0.0 1.0 0
cell 2.596432382206448 2.4009396115203923 0.0 1.0 1.0 1 0 0 0.0 1.0 0
cell 53.88172815848096 19.45531253952828 0.0 1.0 1.0 1 0 0 0.0 1.0 0
cell 56.5070616015995 15.121653485894074 0.0 1.0 1.0 1 0 0 0.0 1.0 0
cell 55.37913299365892 51.62461230331906 0.0 1.6431676725154984 0.6085806194501846 1 0 0 0.9735098507948134 -0.2286450751830444 3.6029639760330343
cell 10.898883151141373 18.790198414516478 0.0 1.0 1.0 1 0 0 0.0 1.0 0
cell 36.169010848710876 40.75883092317171 0.0 1.0 1.0 1 0 0 0.0 1.0 0
cell 13.487892676295798 46.23066750030986 0.0 1.6431676725154984 0.6085806194501846 1 0 0 0.24106270304385685 0.9705095430757955 0.48692139466610934
cell 16.531350470387693 38.943132993811005 0.0 1.6431676725154984 0.6085806194501846 1 0 0 0.8597960897318982 -0.5106375270989566 4.213444880670627
cell 53.57055951680988 1.2346380432070339 0.0 1.6431676725154984 0.6085806194501846 1 0 0 0.9840083375915936 -0.17812240608701765 3.4997486790215038
cell 33.99430071639772 58.39799608229113 0.0 1.6431676725154984 0.6085806194501846 1 0 0 0.9941069484414771 -0.10840375943838094 3.3588270648781875
cell 55.809036331333076 54.20224266067108 0.0 1.6431676725154984 0.6085806194501846 1 0 0 0.94257066491058 -0.3340067988080889 3.8226952890781516
cell 33.77928544555576 34.21806631755775 0.0 1.0 1.0 1 0 0 0.0 1.0 0
cell 1.038735267939828 5.459017509060813 0.0 1.0 1.0 1 0 0 0.0 1.0 0
cell 37.74197830972777 20.700018563869577 0.0 1.6431676725154984 0.6085806194501846 1 0 0 0.6389326881372365 0.769262646974182 1.3862200337942512
cell 47.91864598648867 49.678718991467115 0.0 1.6431676725154984 0.6085806194501846 1 0 0 0.9996415299706181 0.026773336699072985 3.088039580981539
cell 12.885659908499417 8.278469235036708 0.0 1.0 1.0 1 0 0 0.0 1.0 0
cell 35.88767185210129 24.849333299488293 0.0 1.0 1.0 1 0 0 0.0 1.0 0
cell 41.749984329690456 20.069476115111918 0.0 1.0 1.0 1 0 0 0.0 1.0 0
cell 1.1810212921489518 60.37525505633506 0.0 1.6431676725154984 0.6085806194501846 1 0 0 0.7905875724248287 -0.6123489938976109 4.459649422343866
cell 52.38226804477392 1.8105614770172587 0.0 1.6431676725154984 0.6085806194501846 1 0 0 0.9714334990039329 -0.2373119403084805 3.620788264357925
cell 55.04448773043085 11.676625390326562 0.0 1.6431676725154984 0.6085806194501846 1 0 0 0.8796332141856374 -0.4756526132603966 4.133004250054177
cell 48.85287547535683 26.636787667450548 0.0 1.0 1.0 1 0 0 0.0 1.0 0
cell 36.63640909066851 45.478348247037566 0.0 1.0 1.0 1 0 0 0.0 1.0 0
cell 42.427820547961495 52.54970944720837 0.0 1.0 1.0 1 0 0 0.0 1.0 0
cell 11.012877236854788 5.240350619738442 0.0 1.0 1.0 1 0 0 0.0 1.0 0
cell 38.85511081746642 56.02020693956397 0.0 1.6431676725154984 0.6085806194501846 1 0 0 0.717542782918362 -0.6965144325007001 4.682649306075055
cell 2.561589754527278 22.526018548661316 0.0 1.6431676725154984 0.6085806194501846 1 0 0 0.6972366466303026 -0.7168410274222106 4.740114649618792
cell 27.917579225100052 58.64953865681802 0.0 1.6431676725154984 0.6085806194501846 1 0 0 0.9908461406224578 -0.13499602073239284 3.412411546461149
cell 58.9435622809652 1.164870598180297 0.0 1.0 1.0 1 0 0 0.0 1.0 0
cell 61.10495296822968 34.24917905575227 0.0 1.6431676725154984 0.6085806194501846 1 0 0 0.681210549221744 -0.7320875546196711 4.784355460715338
cell 59.998112080402755 35.626469232374674 0.0 1.6431676725154984 0.6085806194501846 1 0 0 0.7056656563072433 -0.7085449749369954 4.716460954654499
cell 30.963572402362686 47.99736660379952 0.0 1.0 1.0 1 0 0 0.0 1.0 0
cell 28.224542824414286 54.8201073626142 0.0 1.6431676725154984 0.6085806194501846 1 0 0 0.9172271103462598 0.39836469226809024 2.322126109016563
cell 27.0137966407944 20.840288153356305 0.0 1.6431676725154984 0.6085806194501846 1 0 0 -0.07059070154778317 0.9975053648251682 6.141886388113802
cell 60.17249984472824 32.67083626318956 0.0 1.6431676725154984 0.6085806194501846 1 0 0 0.6362661619969747 -0.7714696177411263 4.903888016652295
cell 1.0731225986104564 34.708186629739586 0.0 1.6431676725154984 0.6085806194501846 1 0 0 0.6581767869253348 -0.7528634120161787 4.8463963381062864
cell 52.71372514610127 16.218404977238954 0.0 1.0 1.0 1 0 0 0.0 1.0 0
cell 21.73404051339164 6.651114256453711 0.0 1.6431676725154984 0.6085806194501846 1 0 0 0.8065127299165887 -0.5912167254759387 4.406725920255231
cell 40.00724288998505 40.78670574866 0.0 1.6431676725154984 0.6085806194501846 1 0 0 0.40607210483416795 -0.9138410396100344 5.4468818861690735
cell 55.63012919050863 0.7506748582896693 0.0 1.0 1.0 1 0 0 0.0 1.0 0
cell 19.28942524606554 3.1174497201288083 0.0 1.6431676725154984 0.6085806194501846 1 0 0 0.7703614835559524 -0.6376073906829124 4.52436951680569
cell 27.380884478773375 10.128618447434063 0.0 1.6431676725154984 0.6085806194501846 1 0 0 0.6798647934942245 0.7333374820415601 1.495156494868527
cell 48.79988760381133 57.652156214172216 0.0 1.6431676725154984 0.6085806194501846 1 0 0 0.9273844426937989 -0.3741097371754869 3.9084658869778153
cell 29.923842949231428 14.080080253588818 0.0 1.6431676725154984 0.6085806194501846 1 0 0 0.8793676874966668 0.4761433294573857 2.1490651596092922
cell 15.190173826758768 55.543115483767 0.0 1.6431676725154984 0.6085806194501846 1 0 0 0.9848475642821041 -0.17342224519249771 3.4901996775707413
cell 27.37381040797005 0.5488447421541132 0.0 1.6431676725154984 0.6085806194501846 1 0 0 0.5110510960020478 -0.8595503343464568 5.210370926365629
cell 4.4443314363869915 8.202380383318589 0.0 1.0 1.0 1 0 0 0.0 1.0 0
cell 50.34457145820188 48.74834548565765 0.0 1.6431676725154984 0.6085806194501846 1 0 0 0.9956681049345841 0.09297862558660462 2.955366420512032
cell 19.45746404747762 60.07035318822137 0.0 1.6431676725154984 0.6085806194501846 1 0 0 0.8439625491727879 -0.5364021025254931 4.273929062297057
cell 42.27107248294478 23.176494627297835 0.0 1.0 1.0 1 0 0 0.0 1.0 0
cell 16.861923158076383 6.540224443378787 0.0 1.6431676725154984 0.6085806194501846 1 0 0 0.6833628771183585 -0.7300788848997889 4.778467413270469
cell 42.45632012165585 53.932334663876965 0.0 1.0 1.0 1 0 0 0.0 1.0 0
cell 27.26709757377145 31.705437789292212 0.0 1.0 1.0 1 0 0 0.0 1.0 0
cell 19.242754458160785 9.509515799253979 0.0 1.6431676725154984 0.6085806194501846 1 0 0 0.7402214776361725 -0.6723631191894164 4.616385906254581
cell 52.23173320541486 11.177475322511564 0.0 1.0 1.0 1 0 0 0.0 1.0 0
cell 2.0860265008962675 32.006838199492606 0.0 1.6431676725154984 0.6085806194501846 1 0 0 0.6680337803749923 -0.7441309483403419 4.82005862766109
cell 56.959324466854206 53.65149040786087 0.0 1.6431676725154984 0.6085806194501846 1 0 0 0.9370987718662094 -0.34906430892722634 3.854737493411303
cell 28.84617397800349 32.2211117423597 0.0 1.6431676725154984 0.6085806194501846 1 0 0 0.6030484167828698 -0.7977045863072835 4.988551107786631
cell 25.922428868701953 29.224887258347177 0.0 1.6431676725154984 0.6085806194501846 1 0 0 0.3629518868830192 -0.9318078813833118 5.5403175867058065
cell 49.28281430984036 6.4749959573499245 0.0 1.0 1.0 1 0 0 0.0 1.0 0
cell 22.349361259467493 0.9748145477089366 0.0 1.0 1.0 1 0 0 0.0 1.0 0
cell 49.05785569544472 47.34610889677453 0.0 1.6431676725154984 0.6085806194501846 1 0 0 0.9611022334965489 0.27619286154414874 2.581931412520891
cell 32.41491371385468 23.906207593193503 0.0 1.0 1.0 1 0 0 0.0 1.0 0
cell 48.145756133941575 59.51743642328944 0.0 1.6431676725154984 0.6085806194501846 1 0 0 0.8789708330329908 -0.47687553373735797 4.135785820543049
cell 45.77385590531941 56.35231768977141 0.0 1.6431676725154984 0.6085806194501846 1 0 0 0.7577692989753971 -0.6525225586371212 4.563409877797224
cell 37.165958672733915 39.34557235641109 0.0 1.0 1.0 1 0 0 0.0 1.0 0
cell 15.710662766960693 48.148491145087725 0.0 1.6431676725154984 0.6085806194501846 1 0 0 0.2505784013320747 0.9680963096644164 0.5065553431622248
cell 45.53120019645931 38.88678410103107 0.0 1.0 1.0 1 0 0 0.0 1.0 0
cell 3.0527729818158664 6.912717233955807 0.0 1.0 1.0 1 0 0 0.0 1.0 0
cell 61.07476121283153 25.287782378159694 0.0 1.6431676725154984 0.6085806194501846 1 0 0 0.49667412094715946 -0.8679371046230058 5.243660067138627
cell 60.94756223731564 0.295518160882294 0.0 1.0 1.0 1 0 0 0.0 1.0 0
cell 42.20985393813525 40.48434261298205 0.0 1.6431676725154984 0.6085806194501846 1 0 0 0.8603713574310462 -0.5096676635929132 4.2111896039419054
cell 56.25665222759514 20.010162063632745 0.0 1.0 1.0 1 0 0 0.0 1.0 0
cell 16.482688459493733 45.777943424720696 0.0 1.6431676725154984 0.6085806194501846 1 0 0 0.3968417054745381 0.9178870632033441 0.8161468896638023
cell 11.757400404586715 26.278043455351746 0.0 1.6431676725154984 0.6085806194501846 1 0 0 0.2447111020527956 -0.9695960378075532 5.78874185857118
cell 40.828872594816445 35.55659066217887 0.0 1.0 1.0 1 0 0 0.0 1.0 0
cell 32.62228083073749 40.36800623318055 0.0 1.0 1.0 1 0 0 0.0 1.0 0
cell 31.894109031214498 33.948802068193714 0.0 1.0 1.0 1 0 0 0.0 1.0 0
cell 55.98924378709416 50.52778603126932 0.0 1.6431676725154984 0.6085806194501846 1 0 0 0.9941757922111791 -0.10777056268422468 3.3575532083590844
cell 50.8665650754959 16.869742783643673 0.0 1.0 1.0 1 0 0 0.0 1.0 0
cell 51.6486047532436 30.978589109671404 0.0 1.0 1.0 1 0 0 0.0 1.0 0
cell 7.694770174067776 16.921885104608496 0.0 1.0 1.0 1 0 0 0.0 1.0 0
cell 29.67142110185246 35.8441080612968 0.0 1.6431676725154984 0.6085806194501846 1 0 0 0.8183210850913188 -0.5747613432503673 4.366217606044687
cell 22.633603901937025 10.06096526951407 0.0 1.6431676725154984 0.6085806194501846 1 0 0 0.7762238795211194 -0.6304573648242859 4.505877230274132
cell 47.30521231241163 53.69918511783308 0.0 1.0 1.0 1 0 0 0.0 1.0 0
cell 52.526796981766296 59.122742472639914 0.0 1.0 1.0 1 0 0 0.0 1.0 0
cell 53.05367066821734 47.81473718365911 0.0 1.6431676725154984 0.6085806194501846 1 0 0 0.9997709974773764 -0.02139982717434576 3.1843955753140527
cell 29.256097637472813 47.714838253933 0.0 1.6431676725154984 0.6085806194501846 1 0 0 0.5133833657115128 -0.8581593790262501 5.2049398147916985
cell 22.75636063220848 57.66249503363268 0.0 1.6431676725154984 0.6085806194501846 1 0 0 0.9993409196577848 0.03630049996257415 3.068975699494575
cell 60.05826848068751 16.744095152584222 0.0 1.6431676725154984 0.6085806194501846 1 0 0 0.7371998921975479 -0.6756747138556569 4.625351768500391
cell 18.94774336726165 42.05120700047193 0.0 1.6431676725154984 0.6085806194501846 1 0 0 -0.29099384700154496 0.9567249244204111 5.692654357017814
cell 52.40016716024519 6.840350733331216 0.0 1.6431676725154984 0.6085806194501846 1 0 0 0.8346878153254484 -0.5507233887780962 4.308053950030782
cell 22.67587896027751 40.668196093489755 0.0 1.6431676725154984 0.6085806194501846 1 0 0 -0.4032355951123124 0.9150961997705046 5.453085505159502
cell 15.620793119627411 8.963350317315957 0.0 1.6431676725154984 0.6085806194501846 1 0 0 0.6187068601776273 -0.7856219327190032 4.948994054327572
cell 43.12161933325135 17.129476745770592 0.0 1.6431676725154984 0.6085806194501846 1 0 0 0.33204840920777046 0.9432623462974599 0.6769487387547989
cell 16.714685223089347 9.358348836876292 0.0 1.6431676725154984 0.6085806194501846 1 0 0 0.6750575499021717 -0.7377650739361934 4.801099896883371
cell 12.965064449749434 10.12292464925227 0.0 1.0 1.0 1 0 0 0.0 1.0 0
cell 37.9652222789662 30.031923095398255 0.0 1.0 1.0 1 0 0 0.0 1.0 0
cell 12.154697508572175 23.984848141671186 0.0 1.6431676725154984 0.6085806194501846 1 0 0 0.8559577067082227 -0.5170458435446514 4.228384755285065
cell 49.1251540217109 51.51458538737046 0.0 1.6431676725154984 0.6085806194501846 1 0 0 0.9982636576271433 0.0589039036132382 3.0237166140752727
cell 1.5002863243006785 3.76041046955865 0.0 1.0 1.0 1 0 0 0.0 1.0 0
cell 51.93352995468025 60.965610083015456 0.0 1.6431676725154984 0.6085806194501846 1 0 0 0.9817772388092876 -0.19003540027061055 3.523989061069897
cell 54.946250882607906 37.30290452235833 0.0 1.6431676725154984 0.6085806194501846 1 0 0 0.3425643118151135 -0.9394943811809827 5.583895300212932
cell 9.224424570385588 0.015515876157166986 0.0 1.6431676725154984 0.6085806194501846 1 0 0 0.3634335927874606 0.931620106928569 0.743901741421695
cell 45.222744671898056 41.49261922294114 0.0 1.6431676725154984 0.6085806194501846 1 0 0 0.6212552568593346 -0.7836082604367072 4.94249814454321
cell 14.89380274532622 5.918133724012512 0.0 1.6431676725154984 0.6085806194501846 1 0 0 0.5150222246444629 -0.8571768243030539 5.201118153636039
cell 8.042676281072097 41.97021523675745 0.0 1.6431676725154984 0.6085806194501846 1 0 0 0.7766613824136241 0.629918325711642 1.778696560920873
cell 40.22833562791902 39.29250488407392 0.0 1.6431676725154984 0.6085806194501846 1 0 0 0.41987020457487473 -0.9075841621085358 5.416580700500852
cell 54.88031026252042 56.980033585159276 0.0 1.0 1.0 1 0 0 0.0 1.0 0
cell 29.765024385316845 32.71671316419799 0.0 1.6431676725154984 0.6085806194501846 1 0 0 0.5912742354398136 -0.806470568901968 5.01790942288409
cell 50.90065943435076 55.937316530401944 0.0 1.6431676725154984 0.6085806194501846 1 0 0 0.48959194056875766 -0.8719516796991208 5.2599418923407955
cell 22.07818268256555 35.502172852581744 0.0 1.6431676725154984 0.6085806194501846 1 0 0 -0.5438701597607645 0.8391693805911895 5.133101012888375
cell 56.85189935281087 29.82342849301588 0.0 1.0 1.0 1 0 0 0.0 1.0 0
cell 26.129297204267104 22.2041879682588 0.0 1.6431676725154984 0.6085806194501846 1 0 0 -0.18741715556820523 0.9822804130179544 5.906121213950054
cell 46.3255953641732 45.078387670438495 0.0 1.0 1.0 1 0 0 0.0 1.0 0
cell 14.037557062906142 43.71076511217 0.0 1.6431676725154984 0.6085806194501846 1 0 0 0.3216472240417269 0.946859579486975 0.6549372906336026
cell 47.0467296134419 46.403460705939565 0.0 1.0 1.0 1 0 0 0.0 1.0 0
cell 47.795271786350035 5.810249063106818 0.0 1.0 1.0 1 0 0 0.0 1.0 0
cell 32.009006948175696 27.7004991037186 0.0 1.6431676725154984 0.6085806194501846 1 0 0 0.28169192622954636 -0.9595049029041425 5.712071334202336
cell 3.2285593699570483 32.82491219481301 0.0 1.6431676725154984 0.6085806194501846 1 0 0 0.7392005999502393 -0.6734853176077458 4.619420059171725
cell 52.269815938387 50.946351100830356 0.0 1.6431676725154984 0.6085806194501846 1 0 0 0.9993978387250877 0.03469812605348541 3.0721824688816812
cell 58.845648515928694 21.53948906445252 0.0 1.0 1.0 1 0 0 0.0 1.0 0
cell 48.66798300712878 3.678152284706037 0.0 1.6431676725154984 0.6085806194501846 1 0 0 0.7105517563415547 -0.7036449399803368 4.7026212281834106
cell 37.9280424639768 23.78679510965054 0.0 1.6431676725154984 0.6085806194501846 1 0 0 0.8196903184274116 0.5728069324618624 1.9217403415618295
cell 40.06433610979947 18.991606848198046 0.0 1.0 1.0 1 0 0 0.0 1.0 0
cell 25.168272340462156 36.015206563136225 0.0 1.6431676725154984 0.6085806194501846 1 0 0 -0.36052490429056194 0.9327495877170255 5.545524143783347
cell 42.13055786712934 38.29716415939707 0.0 1.6431676725154984 0.6085806194501846 1 0 0 0.4972914477466697 -0.8675835498659603 5.2422372623523446
cell 53.07075201987068 49.3404594320057 0.0 1.6431676725154984 0.6085806194501846 1 0 0 0.9476668833824767 -0.3192608308893268 3.791491446346393
cell 23.495138857423317 8.836921001602947 0.0 1.6431676725154984 0.6085806194501846 1 0 0 0.8759356153672297 -0.4824280233684944 4.148441699967444
cell 48.49367987275082 11.993520375710197 0.0 1.0 1.0 1 0 0 0.0 1.0 0
cell 44.5473029315635 55.3604539537254 0.0 1.0 1.0 1 0 0 0.0 1.0 0
cell 25.05165055795635 50.13654991249053 0.0 1.6431676725154984 0.6085806194501846 1 0 0 0.4284128379093782 0.9035831120126321 0.8854710473633128
cell 47.35237067071731 55.530321016087484 0.0 1.0 1.0 1 0 0 0.0 1.0 0
cell 38.70859507488721 52.7615921645988 0.0 1.6431676725154984 0.6085806194501846 1 0 0 0.7279571241517104 -0.6856226552534355 4.652510055087556
cell 52.34903789496516 18.1640261395423 0.0 1.0 1.0 1 0 0 0.0 1.0 0
cell 33.017747909400136 47.287384036948524 0.0 1.0 1.0 1 0 0 0.0 1.0 0
cell 33.89102206093308 43.3824290620819 0.0 1.0 1.0 1 0 0 0.0 1.0 0
cell 54.50255245392445 27.01930857447827 0.0 1.6431676725154984 0.6085806194501846 1 0 0 0.310812232058491 0.9504713338143443 0.6320949406192018
cell 17.881074267467064 57.256861973622215 0.0 1.6431676725154984 0.6085806194501846 1 0 0 0.9084937813976444 -0.41789837181043105 4.003854204406546
cell 34.22270885965294 6.24190501620122 0.0 1.6431676725154984 0.6085806194501846 1 0 0 0.9176118798442958 0.39747759429761276 2.324060007099394
cell 46.690278132011606 14.536733692632767 0.0 1.0 1.0 1 0 0 0.0 1.0 0
cell 34.2692103357093 41.4499930413359 0.0 1.0 1.0 1 0 0 0.0 1.0 0
cell 58.98857184502739 18.191900500364568 0.0 1.0 1.0 1 0 0 0.0 1.0 0
cell 52.11737922117544 23.066722527306677 0.0 1.0 1.0 1 0 0 0.0 1.0 0
cell 3.210334681384317 56.21626956257801 0.0 1.6431676725154984 0.6085806194501846 1 0 0 0.8874581422465336 -0.46088832243866995 4.099584478686719
cell 58.86169530209951 36.6652641910737 0.0 1.6431676725154984 0.6085806194501846 1 0 0 0.6088067243129596 -0.7933185819274147 4.9740741787194835
cell 10.105754553296991 55.243059064526136 0.0 1.6431676725154984 0.6085806194501846 1 0 0 0.8509951847780377 -0.5251734908433531 4.247430590509197
cell 48.52099067519273 32.37121615315151 0.0 1.0 1.0 1 0 0 0.0 1.0 0
cell 9.03740051064221 18.190368182900713 0.0 1.0 1.0 1 0 0 0.0 1.0 0
cell 55.26074246789173 8.650980173938581 0.0 1.6431676725154984 0.6085806194501846 1 0 0 0.9058189034619356 -0.4236650966636461 4.016568011638942
cell 7.750241457340016 56.56311055003101 0.0 1.6431676725154984 0.6085806194501846 1 0 0 0.6692114827570399 0.7430719960717966 1.466294242197947
cell 36.26630900471691 47.47838749523688 0.0 1.0 1.0 1 0 0 0.0 1.0 0
cell 8.799250875913994 49.37515765937003 0.0 1.6431676725154984 0.6085806194501846 1 0 0 0.9618888058465256 -0.2734408988925123 3.6955295606047973
cell 4.609041090124423 50.47451603773858 0.0 1.6431676725154984 0.6085806194501846 1 0 0 0.974868008543865 -0.22278322629345038 3.590929695977295
cell 36.07645816122581 34.35883202751215 0.0 1.0 1.0 1 0 0 0.0 1.0 0
cell 55.06313570476365 13.841795274577727 0.0 1.0 1.0 1 0 0 0.0 1.0 0
cell 54.438585750763764 3.74679495198829 0.0 1.6431676725154984 0.6085806194501846 1 0 0 0.9544043705690005 -0.2985168294062997 3.7478691497340093
cell 48.51935083069388 15.425396784292275 0.0 1.0 1.0 1 0 0 0.0 1.0 0
cell 23.709252918329994 26.946807240285487 0.0 1.6431676725154984 0.6085806194501846 1 0 0 -0.3972171936048207 0.9177246325040591 5.466220187547162
cell 30.437253563594037 34.73096264860643 0.0 1.6431676725154984 0.6085806194501846 1 0 0 0.7358902427172596 -0.677100842322274 4.629224248499451
cell 27.338233117257715 49.58069386779734 0.0 1.6431676725154984 0.6085806194501846 1 0 0 0.531198551393452 0.8472473658840718 1.1200291612971636
cell 1.3626001075861143 7.272623764771978 0.0 1.0 1.0 1 0 0 0.0 1.0 0
cell 39.468188224703574 49.7874696066282 0.0 1.6431676725154984 0.6085806194501846 1 0 0 0.580923077975167 -0.8139584617631652 5.0434607218988186
cell 40.06973504948466 20.906519102405028 0.0 1.0 1.0 1 0 0 0.0 1.0 0
cell 41.576359627129705 45.99091449843848 0.0 1.6431676725154984 0.6085806194501846 1 0 0 0.7574526214608214 -0.6528901333625204 4.564380229963415
cell 26.52045643470051 44.71982307137779 0.0 1.6431676725154984 0.6085806194501846 1 0 0 0.759741215056017 0.6502255655887478 1.7258300597071616
cell 39.78083412112436 14.936240649933595 0.0 1.6431676725154984 0.6085806194501846 1 0 0 0.6510488559979288 0.7590358272860301 1.4179308919424223
cell 13.333670316438365 12.098256469954 0.0 1.0 1.0 1 0 0 0.0 1.0 0
cell 9.915507497348324 59.517000970278055 0.0 1.0 1.0 1 0 0 0.0 1.0 0
cell 31.44178763051044 46.07176276362942 0.0 1.0 1.0 1 0 0 0.0 1.0 0
cell 21.50532059391823 25.15084139561288 0.0 1.6431676725154984 0.6085806194501846 1 0 0 0.05718953975722746 0.998363338941468 0.11444152032259361
cell 28.586999083182622 17.275888305360226 0.0 1.6431676725154984 0.6085806194501846 1 0 0 0.970799573543182 0.23989203406611043 2.657083381394694
cell 41.37833791609036 9.77576643197937 0.0 1.6431676725154984 0.6085806194501846 1 0 0 0.01582875705110389 0.9998747173772408 0.031658836213928655
cell 41.79249535241032 49.422295032145996 0.0 1.6431676725154984 0.6085806194501846 1 0 0 0.9197013625373178 -0.39261864926032364 3.948546954270355
cell 14.445553429281787 8.653109166862981 0.0 1.6431676725154984 0.6085806194501846 1 0 0 0.6634342300985862 -0.7482346038065175 4.8323868020981955
cell 5.879572332789373 9.24844355636407 0.0 1.0 1.0 1 0 0 0.0 1.0 0
cell 45.89386077536387 35.947343314651484 0.0 1.0 1.0 1 0 0 0.0 1.0 0
cell 12.73869781405477 41.59086860194499 0.0 1.6431676725154984 0.6085806194501846 1 0 0 0.9675325193294153 0.25274656088673986 2.6305567847908438
cell 44.52790913239268 39.95655111774809 0.0 1.6431676725154984 0.6085806194501846 1 0 0 0.6800536501094481 -0.7331623510333958 4.787513690222614
cell 2.1488597238213467 13.463600149571043 0.0 1.6431676725154984 0.6085806194501846 1 0 0 0.9369573881817198 -0.3494436331251295 3.8555471259096445
cell 19.813618763911986 15.066081522450125 0.0 1.6431676725154984 0.6085806194501846 1 0 0 0.8074008401065584 -0.5900032910037228 4.403718487227573
cell 57.844627901692 16.560265531614235 0.0 1.0 1.0 1 0 0 0.0 1.0 0
cell 15.688045775804563 39.88643821208072 0.0 1.6431676725154984 0.6085806194501846 1 0 0 0.46699621359081644 0.8842593151852236 0.9717815339008398
cell 35.583763537104296 53.40136339626268 0.0 1.0 1.0 1 0 0 0.0 1.0 0
cell 17.39523677580425 4.06798782044813 0.0 1.6431676725154984 0.6085806194501846 1 0 0 0.7476661822998809 -0.6640747547114867 4.594103904809709
cell 4.95798929994452 19.57404216785277 0.0 1.6431676725154984 0.6085806194501846 1 0 0 0.8671726758953603 -0.49800758044479637 4.184191956724829
cell 28.5202049756104 8.539272635691567 0.0 1.6431676725154984 0.6085806194501846 1 0 0 0.6341335383638834 0.7732235482201129 1.373774841603209
cell 60.90622067698994 29.388542724575885 0.0 1.6431676725154984 0.6085806194501846 1 0 0 0.5958846286359796 -0.8030700525828122 5.006451791991272
cell 15.000332405970003 17.86466559849299 0.0 1.0 1.0 1 0 0 0.0 1.0 0
cell 48.38402016252517 40.37335240240627 0.0 1.0 1.0 1 0 0 0.0 1.0 0
cell 17.71920675472428 15.462164252371641 0.0 1.6431676725154984 0.6085806194501846 1 0 0 0.8913704968014622 -0.4532754542570274 4.082465748897503
cell 59.64528836092998 24.898925341806645 0.0 1.0 1.0 1 0 0 0.0 1.0 0
cell 50.077197240946774 40.20167538082984 0.0 1.6431676725154984 0.6085806194501846 1 0 0 0.6563508913697065 -0.7544557690137917 4.8512417475869505
cell 34.86678531283525 46.37805054615745 0.0 1.0 1.0 1 0 0 0.0 1.0 0
cell 1.4003966923237523 23.798220512685234 0.0 1.6431676725154984 0.6085806194501846 1 0 0 0.5987320426897912 -0.8009493998103189 4.999351102386532
cell 32.08927488681336 44.17672291551359 0.0 1.0 1.0 1 0 0 0.0 1.0 0
cell 59.201879051229426 9.579184651266521 0.0 1.6431676725154984 0.6085806194501846 1 0 0 0.9323574006855805 -0.3615379335378626 3.881426409022804
cell 15.732439911518064 6.566390608554562 0.0 1.6431676725154984 0.6085806194501846 1 0 0 0.5922662687227904 -0.8057423080198677 5.015448127178107
cell 49.678023281815484 13.639426728229486 0.0 1.0 1.0 1 0 0 0.0 1.0 0
cell 1.3679054160752198 40.06865296490758 0.0 1.6431676725154984 0.6085806194501846 1 0 0 -0.16020832494407816 0.9870832247681107 5.961381906415927
cell 41.96360567260265 27.952004102356085 0.0 1.0 1.0 1 0 0 0.0 1.0 0
cell 55.537026657111106 22.83342199971937 0.0 1.0 1.0 1 0 0 0.0 1.0 0
cell 47.43768994796263 31.157086921492933 0.0 1.0 1.0 1 0 0 0.0 1.0 0
cell 10.463988942315542 42.255744252805634 0.0 1.6431676725154984 0.6085806194501846 1 0 0 0.8854833489153267 0.4646711081977207 2.1750663561761034
cell 25.776263914963153 30.9622872249336 0.0 1.6431676725154984 0.6085806194501846 1 0 0 0.9051329686516592 0.4251285794437191 2.2633847801237037
cell 42.02604689650233 42.31337590808629 0.0 1.6431676725154984 0.6085806194501846 1 0 0 0.7779504268280317 -0.6283256587137622 4.500390832088208
cell 29.453568839963935 52.19409640655532 0.0 1.6431676725154984 0.6085806194501846 1 0 0 0.8989093894206269 0.4381345793377142 2.2345478195853428
cell 4.511348049595931 23.936020412149972 0.0 1.6431676725154984 0.6085806194501846 1 0 0 0.72945586121736 -0.6840278843260995 4.6481330657047755
cell 53.108991411083295 14.372544676271197 0.0 1.0 1.0 1 0 0 0.0 1.0 0
cell 50.88661030965168 9.837508816234982 0.0 1.0 1.0 1 0 0 0.0 1.0 0
cell 13.177659914946855 52.755925733571765 0.0 1.6431676725154984 0.6085806194501846 1 0 0 0.9834308745755576 -0.18128352084939742 3.5061755348504606
cell 6.373656848152439 29.524203991674423 0.0 1.6431676725154984 0.6085806194501846 1 0 0 0.7597919627904309 -0.6501662658728645 4.557199147647248
cell 48.29001043083366 35.37308516150533 0.0 1.6431676725154984 0.6085806194501846 1 0 0 0.4669388507513531 -0.884289607345357 5.311533513177287
cell 49.15249289243899 17.281777108876636 0.0 1.0 1.0 1 0 0 0.0 1.0 0
cell 52.34205429354227 3.8180810553646416 0.0 1.6431676725154984 0.6085806194501846 1 0 0 0.9816604652425683 -0.19063769558968222 3.525216083040468
cell 42.32489924119226 34.60825327799101 0.0 1.0 1.0 1 0 0 0.0 1.0 0
cell 10.010876237876476 23.92051844796838 0.0 1.6431676725154984 0.6085806194501846 1 0 0 0.35093373213066503 -0.9364002966962593 5.566049170827696
cell 40.315775273920025 25.745856108248386 0.0 1.0 1.0 1 0 0 0.0 1.0 0
cell 43.41911243538967 30.827659976959556 0.0 1.0 1.0 1 0 0 0.0 1.0 0
cell 27.419760845347565 53.79750800776914 0.0 1.6431676725154984 0.6085806194501846 1 0 0 0.8520984465512611 0.5233815409287259 2.039963408947533
cell 23.11460201467792 44.12217535463212 0.0 1.6431676725154984 0.6085806194501846 1 0 0 -0.473769544749346 0.8806488621851489 5.29605272444378
cell 5.21978999225923 29.35099793413523 0.0 1.6431676725154984 0.6085806194501846 1 0 0 0.6954290595255066 -0.718594755872508 4.745151687626012
cell 28.11155431020121 25.717588217503113 0.0 1.6431676725154984 0.6085806194501846 1 0 0 0.6491559060309848 -0.760655381671024 4.87023687213836
cell 8.640202892094793 58.56424642792209 0.0 1.6431676725154984 0.6085806194501846 1 0 0 0.7124256434328294 0.7017476060374691 1.5858974955881395
cell 16.991257361316947 23.75067752681124 0.0 1.6431676725154984 0.6085806194501846 1 0 0 -0.1982617007839634 0.9801491202884641 5.884017113609074
cell 59.33717029187267 31.874939204235062 0.0 1.6431676725154984 0.6085806194501846 1 0 0 0.4969049391828359 -0.8678049789069558 5.243128148862275
cell 40.98406697258574 56.1670896856294 0.0 1.6431676725154984 0.6085806194501846 1 0 0 0.8108373876561418 -0.5852715017656024 4.392022370620219
cell 45.2248655447848 7.80024957794689 0.0 1.6431676725154984 0.6085806194501846 1 0 0 0.9523018416723243 -0.3051576680136012 3.761800633698674
cell 53.929658424846515 32.04214165378959 0.0 1.0 1.0 1 0 0 0.0 1.0 0
cell 45.2886305088695 13.066638079292247 0.0 1.0 1.0 1 0 0 0.0 1.0 0
cell 59.07666514343492 10.966336547381472 0.0 1.6431676725154984 0.6085806194501846 1 0 0 0.9378598699387745 -0.34701421348184724 3.850363861731802
cell 20.072539245146746 45.09989473347868 0.0 1.6431676725154984 0.6085806194501846 1 0 0 -0.6444493303069285 0.7646470170392031 4.882579502138762
cell 18.311653590215254 51.73464612940717 0.0 1.6431676725154984 0.6085806194501846 1 0 0 0.1335758847835289 0.9910385880500806 0.2679526601681929
cell 9.45771820316624 8.004557472887223 0.0 1.0 1.0 1 0 0 0.0 1.0 0
cell 37.37887086749781 54.321250658057146 0.0 1.0 1.0 1 0 0 0.0 1.0 0
cell 12.163540851555435 54.33389429327939 0.0 1.6431676725154984 0.6085806194501846 1 0 0 0.9600585955245227 -0.2797990227993675 3.7087621822844437
cell 54.60425926402446 15.668016932097915 0.0 1.0 1.0 1 0 0 0.0 1.0 0
cell 56.80772420449089 5.889900054116047 0.0 1.6431676725154984 0.6085806194501846 1 0 0 0.9292070991285576 -0.36955942273075776 3.8986623190283294
cell 41.03214501584248 41.42302417302983 0.0 1.6431676725154984 0.6085806194501846 1 0 0 0.679646288571728 -0.733539993749949 4.788624649180836
cell 54.402134414834016 24.35982256217673 0.0 1.0 1.0 1 0 0 0.0 1.0 0
cell 22.12459075831533 11.86670314662204 0.0 1.6431676725154984 0.6085806194501846 1 0 0 0.8817658127515527 -0.4716874510336199 4.123999690682581
cell 34.644727508225614 9.32444431214722 0.0 1.6431676725154984 0.6085806194501846 1 0 0 0.6095378316674025 0.7927569815310372 1.3109549430159928
cell 21.745613645717185 38.171040163785946 0.0 1.0 1.0 1 0 0 0.0 1.0 0
cell 44.69783868392884 3.817572736703733 0.0 1.6431676725154984 0.6085806194501846 1 0 0 0.8170300307549923 -0.5765951169100345 4.370702937355646
cell 46.230119713869875 50.4826930991094 0.0 1.6431676725154984 0.6085806194501846 1 0 0 0.9999030807514319 -0.01392225210932233 3.169438057399455
cell 58.617613955776775 28.780400242083353 0.0 1.0 1.0 1 0 0 0.0 1.0 0
cell 7.285186132580444 28.49349137056415 0.0 1.6431676725154984 0.6085806194501846 1 0 0 0.8192446058417034 -0.5734442220471595 4.363000340498702
cell 53.39456153476589 46.53816778153352 0.0 1.6431676725154984 0.6085806194501846 1 0 0 0.9955511419533309 -0.0942227348118203 3.330318077181651
cell 17.634123110062355 11.306626695079297 0.0 1.6431676725154984 0.6085806194501846 1 0 0 0.7651977244706152 -0.6437953420653123 4.540488512035297
cell 40.10357934937726 50.51416796200212 0.0 1.6431676725154984 0.6085806194501846 1 0 0 0.658675981937696 -0.752426707937997 4.845069829714465
cell 56.509798184091345 58.02915324288023 0.0 1.0 1.0 1 0 0 0.0 1.0 0
cell 38.23549689895646 40.553826725052375 0.0 1.0 1.0 1 0 0 0.0 1.0 0
cell 14.215750183868526 60.96860693264799 0.0 1.6431676725154984 0.6085806194501846 1 0 0 0.8440321490030511 -0.536292580080399 4.273669529621845
cell 12.169259810063298 17.25394141369947 0.0 1.0 1.0 1 0 0 0.0 1.0 0
cell 18.590458449666276 56.28704925847707 0.0 1.6431676725154984 0.6085806194501846 1 0 0 0.9631399012964719 -0.26900098611459106 3.686303921758581
cell 52.114153660886736 57.057968368663005 0.0 1.0 1.0 1 0 0 0.0 1.0 0
cell 5.854395300559285 22.416430609562436 0.0 1.6431676725154984 0.6085806194501846 1 0 0 0.852938861569681 -0.5220108221332356 4.240006206719224
cell 6.866071393215266 25.310759713470425 0.0 1.6431676725154984 0.6085806194501846 1 0 0 0.6453175834564558 -0.7639144038974001 4.880307423191184
cell 15.857283781487949 54.490975022447664 0.0 1.6431676725154984 0.6085806194501846 1 0 0 0.965228934967617 -0.26140601198381 3.670549809336052
cell 35.989212578181345 36.51410008327512 0.0 1.0 1.0 1 0 0 0.0 1.0 0
cell 51.82166178202494 2.5941529404959107 0.0 1.6431676725154984 0.6085806194501846 1 0 0 0.9677373304577337 -0.2519612256648614 3.65100531686243
cell 15.950847237969867 60.5427913607798 0.0 1.6431676725154984 0.6085806194501846 1 0 0 0.8156254826604931 -0.5785802209156806 4.375566432468017
cell 26.299102345066423 14.056203133468944 0.0 1.6431676725154984 0.6085806194501846 1 0 0 0.546098123276104 0.8377212183980522 1.1553988024784758
cell 11.151892970978306 9.181516740453853 0.0 1.0 1.0 1 0 0 0.0 1.0 0
cell 12.433055038347252 4.671251274072484 0.0 1.0 1.0 1 0 0 0.0 1.0 0
cell 15.69487956758452 11.832282402503893 0.0 1.6431676725154984 0.6085806194501846 1 0 0 0.6500253925758397 -0.7599124877290974 4.867949604420593
cell 45.63771656445459 22.744550770332655 0.0 1.0 1.0 1 0 0 0.0 1.0 0
cell 2.4178162783765633 26.745501925986048 0.0 1.6431676725154984 0.6085806194501846 1 0 0 0.57393561180956 -0.8189004295375514 5.060577751548314
cell 36.548032408892176 32.74760094683845 0.0 1.0 1.0 1 0 0 0.0 1.0 0
cell 54.977383194093754 40.26998602731341 0.0 1.6431676725154984 0.6085806194501846 1 0 0 0.37174385307127067 -0.9283353422679358 5.521411729120022
cell 52.578572587736296 4.9945585159564025 0.0 1.6431676725154984 0.6085806194501846 1 0 0 0.9576088642238352 -0.28807162852307466 3.7260176336724915
cell 1.477300428991254 16.569207105336627 0.0 1.6431676725154984 0.6085806194501846 1 0 0 0.8940462553136518 -0.44797465705063794 4.070590019322613
cell 38.36652297330503 44.5119747244737 0.0 1.0 1.0 1 0 0 0.0 1.0 0
cell 48.134381011835764 29.67880498073358 0.0 1.0 1.0 1 0 0 0.0 1.0 0
cell 13.130205825667064 58.31012975327895 0.0 1.6431676725154984 0.6085806194501846 1 0 0 0.8649973786069498 -0.5017763794790515 4.192895012356941
cell 4.0882904246584 30.490853943648435 0.0 1.6431676725154984 0.6085806194501846 1 0 0 0.6679778514804315 -0.744181153975016 4.820208942623784
cell 48.67862574051753 54.597146077679874 0.0 1.0 1.0 1 0 0 0.0 1.0 0
cell 24.910098544531984 56.02482221051578 0.0 1.6431676725154984 0.6085806194501846 1 0 0 0.9405000092209844 0.33979366188221977 2.4481976598021893
cell 42.514613764184865 32.95686340471448 0.0 1.0 1.0 1 0 0 0.0 1.0 0
cell 43.49961454683033 27.383217582130104 0.0 1.0 1.0 1 0 0 0.0 1.0 0
cell 26.97324005616161 4.566151777402073 0.0 1.6431676725154984 0.6085806194501846 1 0 0 0.523918733183999 -0.8517682554655778 5.180294949242869
cell 12.774542361920348 49.52570167761332 0.0 1.6431676725154984 0.6085806194501846 1 0 0 0.9739018693097977 -0.2269694890395658 3.599522308895691
cell 13.972620601973807 13.994845962063922 0.0 1.0 1.0 1 0 0 0.0 1.0 0
cell 17.75046338124754 32.02066405344378 0.0 1.6431676725154984 0.6085806194501846 1 0 0 0.71459160728999 -0.6995418749372397 4.691105043043992
cell 35.53699933729064 22.079620429642524 0.0 1.0 1.0 1 0 0 0.0 1.0 0
cell 54.059454308321676 9.014253221137446 0.0 1.6431676725154984 0.6085806194501846 1 0 0 0.8676326495204065 -0.4972057778085442 4.182343213082156
cell 53.64045771177674 12.477062888014373 0.0 1.0 1.0 1 0 0 0.0 1.0 0
cell 7.5331630954832685 8.39898423964569 0.0 1.0 1.0 1 0 0 0.0 1.0 0
cell 43.35744157151624 9.06094163265234 0.0 1.6431676725154984 0.6085806194501846 1 0 0 0.48258026206301435 0.8758517515351513 1.0071966654940185
cell 34.860018302995066 32.74885406065512 0.0 1.0 1.0 1 0 0 0.0 1.0 0
cell 12.974141554585392 6.52666554372991 0.0 1.0 1.0 1 0 0 0.0 1.0 0
cell 18.35399488175885 14.23647638825955 0.0 1.6431676725154984 0.6085806194501846 1 0 0 0.8467321839611822 -0.5320193686740424 4.263560013530325
cell 0.9907620315499761 31.68329032578822 0.0 1.6431676725154984 0.6085806194501846 1 0 0 0.6499248408774598 -0.7599984876369219 4.868214229651578
cell 16.927841414294623 59.8666633650133 0.0 1.6431676725154984 0.6085806194501846 1 0 0 0.7876641717383531 -0.6161048227044925 4.469168364377897
cell 59.112681604186704 38.69400357163274 0.0 1.6431676725154984 0.6085806194501846 1 0 0 0.45408214073066505 -0.8909598248346872 5.340501803534517
cell 26.983964396041277 36.37338672440856 0.0 1.0 1.0 1 0 0 0.0 1.0 0
cell 17.649903172723395 36.5857338527227 0.0 1.0 1.0 1 0 0 0.0 1.0 0
cell 13.549751168937979 29.102974412368354 0.0 1.6431676725154984 0.6085806194501846 1 0 0 0.6317832993589371 -0.7751450591025758 4.915481984177
cell 49.60474156255988 20.88376751956093 0.0 1.6431676725154984 0.6085806194501846 1 0 0 0.6509135151065575 0.7591518924771414 1.4175743065498494
cell 48.45456908044656 28.243239655859462 0.0 1.0 1.0 1 0 0 0.0 1.0 0
cell 57.77377780665251 32.669056590507594 0.0 1.6431676725154984 0.6085806194501846 1 0 0 0.4266576925750806 -0.9044131873024122 5.401597331443397
cell 16.20536605283172 17.349927493236745 0.0 1.6431676725154984 0.6085806194501846 1 0 0 0.8064876411445573 -0.5912509489895875 4.40681078945739
cell 23.028307392715185 6.077729363034059 0.0 1.6431676725154984 0.6085806194501846 1 0 0 0.7913145294820129 -0.611409286346438 4.457273276716382
cell 43.98138841413917 60.24979441364712 0.0 1.0 1.0 1 0 0 0.0 1.0 0
cell 60.870927109407376 4.019494037014099 0.0 1.0 1.0 1 0 0 0.0 1.0 0
cell 43.9821933526076 25.909845086202555 0.0 1.0 1.0 1 0 0 0.0 1.0 0
cell 27.519182537941475 47.49901476131408 0.0 1.6431676725154984 0.6085806194501846 1 0 0 0.5597212551674277 0.828680949771261 1.1880987801184382
cell 12.335272639649586 36.866803304711254 0.0 1.6431676725154984 0.6085806194501846 1 0 0 0.6292224284549229 0.7772252797801223 1.3611047208086
cell 17.290889032736317 17.24041629900454 0.0 1.6431676725154984 0.6085806194501846 1 0 0 -0.7855553074349488 0.6187914502970956 4.475999261189127
cell 24.73615073725633 43.14766462700207 0.0 1.6431676725154984 0.6085806194501846 1 0 0 -0.7042120970021347 0.7099896636119825 4.720559716170409
cell 55.86552320978493 28.715508860754053 0.0 1.6431676725154984 0.6085806194501846 1 0 0 0.08144909686485195 0.9966775028161817 0.16307884343240492
cell 38.216651009678095 58.90726503503846 0.0 1.6431676725154984 0.6085806194501846 1 0 0 0.6787174256799318 -0.7343995207503925 4.791155714687693
cell 45.907299225603296 48.27072949956824 0.0 1.6431676725154984 0.6085806194501846 1 0 0 0.9809563322618838 0.19422840728202578 2.7506510198099527
cell 19.91740098876141 53.34737400651322 0.0 1.6431676725154984 0.6085806194501846 1 0 0 0.20356269815267278 0.9790619122000426 0.40999088565459774
cell 0.6157264252535599 26.624269820733712 0.0 1.6431676725154984 0.6085806194501846 1 0 0 0.5916513412790629 -0.8061939533156309 5.016974061989917
cell 18.136765711876617 24.681129964999812 0.0 1.6431676725154984 0.6085806194501846 1 0 0 -0.08974620886874789 0.9959646670407978 6.103451061831993
cell 48.37343019031048 18.89136199070974 0.0 1.6431676725154984 0.6085806194501846 1 0 0 0.5928626315170213 0.8053036074367932 1.2692178647200711
cell 14.957608977505446 29.170651666557045 0.0 1.0 1.0 1 0 0 0.0 1.0 0
cell 56.86391589437022 7.401581323664266 0.0 1.6431676725154984 0.6085806194501846 1 0 0 0.9358332622018862 -0.3524430526433676 3.8619534307533243
cell 19.428913499922416 28.68961823826227 0.0 1.0 1.0 1 0 0 0.0 1.0 0
cell 22.569711159971806 42.71768887996749 0.0 1.6431676725154984 0.6085806194501846 1 0 0 -0.5700935419385128 0.8215797912801903 5.069945893382729
cell 59.436189513724926 14.098562946677568 0.0 1.6431676725154984 0.6085806194501846 1 0 0 -0.8588138602117933 0.5122877643552678 4.217285744618108
cell 42.04311429235679 31.440331556603965 0.0 1.0 1.0 1 0 0 0.0 1.0 0
cell 5.4787545865478755 23.697738394679913 0.0 1.6431676725154984 0.6085806194501846 1 0 0 0.8188897980638533 -0.5739507806658526 4.364237256349658
cell 51.17524586595719 26.301340602943853 0.0 1.6431676725154984 0.6085806194501846 1 0 0 -0.3770436044748605 -0.9261955086938205 0.7732044733156371
cell 18.36640865327949 34.59944519791569 0.0 1.0 1.0 1 0 0 0.0 1.0 0
cell 24.671504550826445 25.001454588530937 0.0 1.6431676725154984 0.6085806194501846 1 0 0 -0.15143782083624593 0.9884667856940713 5.979139890656579
cell 12.7473440975988 27.853380563237845 0.0 1.6431676725154984 0.6085806194501846 1 0 0 0.6435554980604131 -0.7653994518656344 4.884916247232458
cell 25.699456462351215 32.81865473159364 0.0 1.0 1.0 1 0 0 0.0 1.0 0
cell 57.251595365662666 10.522557332064688 0.0 1.6431676725154984 0.6085806194501846 1 0 0 0.9294866317211545 -0.36885580034976106 3.8971480892534993
cell 48.45731753423246 46.65226190457118 0.0 1.6431676725154984 0.6085806194501846 1 0 0 0.936635429709036 0.3503056833877657 2.4257977596082587
cell 52.391183425725536 39.71082856153187 0.0 1.6431676725154984 0.6085806194501846 1 0 0 0.25710101986934214 -0.9663845329795713 5.763142947396656
cell 8.154353600292001 53.98730270132813 0.0 1.0 1.0 1 0 0 0.0 1.0 0
cell 43.06834163001671 43.58409114249018 0.0 1.6431676725154984 0.6085806194501846 1 0 0 0.7239511383385538 -0.6898512515740709 4.664159783858591
cell 58.68857430969689 15.159528462759821 0.0 1.6431676725154984 0.6085806194501846 1 0 0 0.8217260986528397 -0.5698826359811145 4.354318697459524
cell 16.921441012295354 20.401789075325702 0.0 1.0 1.0 1 0 0 0.0 1.0 0
cell 56.8882117777059 4.411260275816659 0.0 1.6431676725154984 0.6085806194501846 1 0 0 0.9682207770566387 -0.2500970349201262 3.6471536009367185
cell 7.2859046409038175 58.60996486341011 0.0 1.6431676725154984 0.6085806194501846 1 0 0 -0.5480516089919217 -0.8364445193085825 1.1600661655363904
cell 60.21407591517766 46.66801915402647 0.0 1.6431676725154984 0.6085806194501846 1 0 0 0.8397371073129664 0.5429931773067243 1.993597772569889
cell 24.73566346149297 54.75725026254853 0.0 1.6431676725154984 0.6085806194501846 1 0 0 0.9394923372796203 0.3425699172327834 2.4422907137710013
cell 33.51917358682729 27.696898912121767 0.0 1.6431676725154984 0.6085806194501846 1 0 0 -0.39544412756246067 0.9184900336837435 5.470082623729466
cell 50.611263979360125 35.30213094626569 0.0 1.6431676725154984 0.6085806194501846 1 0 0 0.8940908594002915 0.4478856272943441 2.2127944442985856
cell 46.693863503448036 58.47079993998335 0.0 1.6431676725154984 0.6085806194501846 1 0 0 0.8178180202320601 -0.5754769202876113 4.367967034291443
cell 34.67116164605157 15.93600535302047 0.0 1.6431676725154984 0.6085806194501846 1 0 0 0.6314401525102648 -0.7754246151611474 4.916367199072573
cell 5.970412918940838 45.98680344020312 0.0 1.6431676725154984 0.6085806194501846 1 0 0 0.9834313062513841 -0.18128117906913663 3.5061707723810134
cell 25.71496804966035 15.701973167810543 0.0 1.0 1.0 1 0 0 0.0 1.0 0
cell 27.680821999058566 28.959496303549408 0.0 1.6431676725154984 0.6085806194501846 1 0 0 0.8383553023531574 0.5451241941212536 1.988518157986753
cell 59.525552617815784 5.209028403513611 0.0 1.0 1.0 1 0 0 0.0 1.0 0
cell 24.26463732488895 4.722057847112927 0.0 1.6431676725154984 0.6085806194501846 1 0 0 0.7883985513722793 0.6151647943389571 1.8164027063637154
cell 1.6626988638902933 52.92986988571898 0.0 1.6431676725154984 0.6085806194501846 1 0 0 0.8733688730068594 -0.4870593512732594 4.159031776457071
cell 32.94630572447155 32.53134097645131 0.0 1.0 1.0 1 0 0 0.0 1.0 0
cell 28.701943619239763 18.49832825614379 0.0 1.0 1.0 1 0 0 0.0 1.0 0
cell 40.092427829071305 34.09260455898262 0.0 1.0 1.0 1 0 0 0.0 1.0 0
cell 53.549423363335166 57.9886804379556 0.0 1.0 1.0 1 0 0 0.0 1.0 0
cell 55.55017869102271 34.45909677216893 0.0 1.6431676725154984 0.6085806194501846 1 0 0 -0.18208640456844563 0.9832825337975531 5.916969480984434
cell 11.852292379383377 47.941614807278896 0.0 1.6431676725154984 0.6085806194501846 1 0 0 -0.2678042674886141 -0.9634733386632381 0.5422266626501582
cell 8.933963772523116 15.685209150296018 0.0 1.0 1.0 1 0 0 0.0 1.0 0
cell 49.653295235184 8.419628131079222 0.0 1.0 1.0 1 0 0 0.0 1.0 0
cell 25.72696946313845 58.74129791366302 0.0 1.6431676725154984 0.6085806194501846 1 0 0 -0.9643219811947634 0.264732160087524 3.677444978116202
cell 32.82291092029925 13.20437481091327 0.0 1.6431676725154984 0.6085806194501846 1 0 0 0.577051811301031 -0.8167075407232379 5.052956864935717
cell 3.379566679696445 24.04247027947213 0.0 1.6431676725154984 0.6085806194501846 1 0 0 0.6332443223564397 -0.7739519547125219 4.911709405568252
cell 25.744585707072527 56.76556788207988 0.0 1.6431676725154984 0.6085806194501846 1 0 0 0.9345477866956563 0.3558376517209079 2.413972189204052
cell 45.917722809799386 2.5190290122666203 0.0 1.0 1.0 1 0 0 0.0 1.0 0
cell 9.588823221791511 5.993748443827758 0.0 1.0 1.0 1 0 0 0.0 1.0 0
cell 53.853375027395224 27.897130674064872 0.0 1.6431676725154984 0.6085806194501846 1 0 0 -0.11671619381070053 -0.9931653085475464 0.23396565858508112
cell 45.5640980277571 31.68862574678396 0.0 1.0 1.0 1 0 0 0.0 1.0 0
cell 25.655205343029277 34.45812946231097 0.0 1.0 1.0 1 0 0 0.0 1.0 0
cell 18.56456048627376 19.90168744825827 0.0 1.6431676725154984 0.6085806194501846 1 0 0 -0.8094044327237307 0.5872516192290794 4.396910817400852
cell 29.758021022879785 9.744236682886 0.0 1.6431676725154984 0.6085806194501846 1 0 0 0.8008927295727609 0.5988078454040933 1.857569159945222
cell 19.80561369639381 23.61084233261292 0.0 1.6431676725154984 0.6085806194501846 1 0 0 0.24023105625514915 0.970715735738602 0.48520774144532286
cell 12.43566796698125 15.361457859319993 0.0 1.0 1.0 1 0 0 0.0 1.0 0
cell 18.525839666994244 25.76485711114188 0.0 1.6431676725154984 0.6085806194501846 1 0 0 0.12641285338588673 -0.9919777167350274 6.029681343628545
cell 55.1998044687864 26.117059492339166 0.0 1.0 1.0 1 0 0 0.0 1.0 0
cell 60.40910742681625 27.658319675106107 0.0 1.6431676725154984 0.6085806194501846 1 0 0 -0.505022586586843 0.8631061273314741 5.224369039023648
cell 48.013582736769024 52.77401311219405 0.0 1.6431676725154984 0.6085806194501846 1 0 0 0.9619545328283943 -0.2732095839660565 3.6950486172333887
cell 3.674108846081811 3.569226500541618 0.0 1.6431676725154984 0.6085806194501846 1 0 0 0.9730371919645842 0.2306482669643908 2.6761049321483568
cell 53.8486660935649 55.40428586928246 0.0 1.6431676725154984 0.6085806194501846 1 0 0 0.586680326993998 -0.8098186179128111 5.029278418266453
cell 4.596638709388266 47.609366262174504 0.0 1.6431676725154984 0.6085806194501846 1 0 0 0.8424462174545356 -0.5387804475818933 4.279570265133911
cell 43.952359758120046 22.99061652245952 0.0 1.0 1.0 1 0 0 0.0 1.0 0
cell 10.541545709073924 14.694104687759397 0.0 1.0 1.0 1 0 0 0.0 1.0 0
cell 2.664123901174665 8.774846475166058 0.0 1.0 1.0 1 0 0 0.0 1.0 0
cell 10.88445821019615 60.98868210106815 0.0 1.0 1.0 1 0 0 0.0 1.0 0
cell 27.195922428032805 56.9568574448935 0.0 1.6431676725154984 0.6085806194501846 1 0 0 0.9498411256612674 0.31273285085282687 2.505454971197684
cell 56.97349316891758 36.390835336138764 0.0 1.6431676725154984 0.6085806194501846 1 0 0 0.38592894976580866 -0.9225285067317215 5.4907561647369505
cell 50.46871147877267 24.04127876254907 0.0 1.6431676725154984 0.6085806194501846 1 0 0 0.5213870012905247 0.8533203354457658 1.0969511239369452
cell 7.031429244600397 12.703286604159581 0.0 1.0 1.0 1 0 0 0.0 1.0 0
cell 17.11916046294119 41.68385364780948 0.0 1.6431676725154984 0.6085806194501846 1 0 0 -0.15706690803525822 0.9875879638797973 5.967745323832986
cell 28.509548354574683 11.70213243226239 0.0 1.6431676725154984 0.6085806194501846 1 0 0 0.7116635071811217 0.7025204997341113 1.583726582003347
cell 47.06825153882435 27.043561951892833 0.0 1.0 1.0 1 0 0 0.0 1.0 0
cell 47.275173900138064 21.073374788444983 0.0 1.6431676725154984 0.6085806194501846 1 0 0 -0.473552759934273 -0.8807654532045593 0.986640285580993
cell 42.444157184985606 48.8147693901491 0.0 1.6431676725154984 0.6085806194501846 1 0 0 0.9726338049316202 -0.2323434559100793 3.6105654216181504
cell 44.14465247310986 48.064591304725695 0.0 1.0 1.0 1 0 0 0.0 1.0 0
cell 4.907466625381928 4.4474673635259885 0.0 1.0 1.0 1 0 0 0.0 1.0 0
cell 50.64047736411999 21.863882943743757 0.0 1.6431676725154984 0.6085806194501846 1 0 0 0.6667144561228922 0.7453132455530065 1.459583548698404
cell 21.157685107057375 55.79415350538633 0.0 1.6431676725154984 0.6085806194501846 1 0 0 0.7221726445233302 -0.6917128533590943 4.669308999378774
cell 33.319651871994026 8.893989174625844 0.0 1.6431676725154984 0.6085806194501846 1 0 0 0.8513755758408802 -0.5245566021523413 4.2459811091664
cell 33.823055365440176 54.25975110368823 0.0 1.0 1.0 1 0 0 0.0 1.0 0
cell 19.515232506676178 6.2570017826485715 0.0 1.6431676725154984 0.6085806194501846 1 0 0 0.6326129498943596 -0.774468111432586 4.913340416276246
cell 54.08613551520265 17.467964614458435 0.0 1.0 1.0 1 0 0 0.0 1.0 0
cell 16.124377267117254 30.039351042970488 0.0 1.6431676725154984 0.6085806194501846 1 0 0 -0.5076832490866979 0.8615437995811784 5.218198139416618
cell 5.9809044139936525 32.15948321481764 0.0 1.6431676725154984 0.6085806194501846 1 0 0 0.7428991311006317 -0.6694033769035876 4.608403444573843
cell 43.13714736270035 18.649570741626277 0.0 1.0 1.0 1 0 0 0.0 1.0 0
cell 35.27347579376209 30.812578747347175 0.0 1.0 1.0 1 0 0 0.0 1.0 0
cell 49.22400918312731 59.31603672439816 0.0 1.6431676725154984 0.6085806194501846 1 0 0 0.923414206738797 -0.38380490199183 3.929419168180422
cell 47.09095699215155 39.39555116426079 0.0 1.6431676725154984 0.6085806194501846 1 0 0 0.32943698149183454 -0.9441775655169682 5.611770892528544
cell 44.927238073086144 28.748433182372622 0.0 1.0 1.0 1 0 0 0.0 1.0 0
cell 17.292672292499738 47.6736550366195 0.0 1.6431676725154984 0.6085806194501846 1 0 0 0.20660990999448148 0.9784233976618059 0.4162176693040444
cell 13.28185533747946 47.56790079360831 0.0 1.6431676725154984 0.6085806194501846 1 0 0 0.3075027645444546 0.9515471873730266 0.6251350416753111
cell 40.05089978020741 37.14425559759286 0.0 1.0 1.0 1 0 0 0.0 1.0 0
cell 39.88994870304188 53.00632125317821 0.0 1.6431676725154984 0.6085806194501846 1 0 0 0.7959074378406242 -0.6054183267708146 4.44217537296119
cell 31.64440329529771 49.51977193482528 0.0 1.6431676725154984 0.6085806194501846 1 0 0 0.9821588630221716 0.18805309831798867 2.7632336509470266
cell 37.79116347284474 42.11025677671359 0.0 1.0 1.0 1 0 0 0.0 1.0 0
cell 27.84229612298225 37.61170961598181 0.0 1.6431676725154984 0.6085806194501846 1 0 0 0.6669793470934561 -0.7450762045259445 4.822890827609361
cell 39.60682151494097 22.826954877603267 0.0 1.0 1.0 1 0 0 0.0 1.0 0
cell 44.80488085269432 9.469707159386006 0.0 1.6431676725154984 0.6085806194501846 1 0 0 0.826218226193665 -0.5633501954427582 4.338462806638675
cell 57.79956662537786 27.152332577081943 0.0 1.0 1.0 1 0 0 0.0 1.0 0
cell 20.531181059977058 4.098904596038352 0.0 1.6431676725154984 0.6085806194501846 1 0 0 0.7336140374784713 -0.6795663646874646 4.6359354097664225
cell 6.4410560412452345 47.499500156033285 0.0 1.6431676725154984 0.6085806194501846 1 0 0 0.9669265340781629 -0.2550550483632727 3.65740192170498
cell 13.658679304217587 3.336367227387585 0.0 1.0 1.0 1 0 0 0.0 1.0 0
cell 3.026877191324036 11.86864513978423 0.0 1.0 1.0 1 0 0 0.0 1.0 0
cell 29.57117180683479 27.098843943303137 0.0 1.6431676725154984 0.6085806194501846 1 0 0 -0.9975409674564909 0.07008579204067042 3.281879246298714
cell 52.42361519352545 35.02494259182267 0.0 1.0 1.0 1 0 0 0.0 1.0 0
cell 40.56381206694749 44.091307836171886 0.0 1.6431676725154984 0.6085806194501846 1 0 0 0.6736834417267716 -0.7390200405558509 4.804821786453783
cell 55.626113202643396 31.265141271891807 0.0 1.0 1.0 1 0 0 0.0 1.0 0
cell 5.557388899830754 26.415754687875875 0.0 1.6431676725154984 0.6085806194501846 1 0 0 0.7630503922020301 -0.6463389969360723 4.547146207193846
cell 50.004449093154825 28.116613816124694 0.0 1.0 1.0 1 0 0 0.0 1.0 0
cell 58.476858936315196 53.38568340689757 0.0 1.6431676725154984 0.6085806194501846 1 0 0 0.958035125695624 -0.286650829291265 3.723050905034472
cell 37.289149100107934 8.057072953482981 0.0 1.6431676725154984 0.6085806194501846 1 0 0 0.8703852762181196 0.4923712734743038 2.1119685428960584
cell 56.0535383121958 48.12206741524185 0.0 1.6431676725154984 0.6085806194501846 1 0 0 0.9595062978862541 -0.28168717456890907 3.7126967221732907
cell 14.120273501292884 26.6804709654115 0.0 1.0 1.0 1 0 0 0.0 1.0 0
cell 14.350495995647718 15.962324012563657 0.0 1.0 1.0 1 0 0 0.0 1.0 0
cell 20.086652387439248 12.780063279329777 0.0 1.6431676725154984 0.6085806194501846 1 0 0 0.8041952760157691 -0.5943651722921868 4.414544700058287
cell 55.08131921147599 29.79935944887881 0.0 1.0 1.0 1 0 0 0.0 1.0 0
cell 36.2907881183452 29.077875017069687 0.0 1.0 1.0 1 0 0 0.0 1.0 0
cell 53.355574294507974 25.009360124545225 0.0 1.6431676725154984 0.6085806194501846 1 0 0 0.6001454767050547 0.7998908718009368 1.287365934155537
cell 35.7268734144811 9.213285702183342 0.0 1.6431676725154984 0.6085806194501846 1 0 0 0.6932013075133946 0.7207440233964623 1.5318425816539658
cell 57.691559745735546 12.337565291710197 0.0 1.6431676725154984 0.6085806194501846 1 0 0 0.8863656479314239 -0.4629858941340515 4.104314533000549
cell 33.12814960688259 36.12370202614362 0.0 1.0 1.0 1 0 0 0.0 1.0 0
cell 37.3200780424147 37.655592484599204 0.0 1.0 1.0 1 0 0 0.0 1.0 0
cell 45.353301387308825 43.80050087117029 0.0 1.0 1.0 1 0 0 0.0 1.0 0
cell 24.37811338634349 11.462628427486916 0.0 1.6431676725154984 0.6085806194501846 1 0 0 0.8850056084386331 -0.46558036151900223 4.110173193110033
cell 48.867437149904056 10.112545506139412 0.0 1.0 1.0 1 0 0 0.0 1.0 0
cell 16.4806000113907 57.36155824221166 0.0 1.6431676725154984 0.6085806194501846 1 0 0 0.8902504533664604 -0.4554713276165821 4.087395803738715
cell 51.73816496973895 13.078264575118688 0.0 1.0 1.0 1 0 0 0.0 1.0 0
cell 37.48437682243492 56.20862111046146 0.0 1.0 1.0 1 0 0 0.0 1.0 0
cell 34.060770059603215 25.50895906142291 0.0 1.0 1.0 1 0 0 0.0 1.0 0
cell 5.300471689210748 56.98104113688277 0.0 1.0 1.0 1 0 0 0.0 1.0 0
cell 47.516367757533 48.69893060280801 0.0 1.6431676725154984 0.6085806194501846 1 0 0 0.9935521631634395 0.11337591928293214 2.91435220163913
cell 15.073993027384317 2.7582663159733154 0.0 1.6431676725154984 0.6085806194501846 1 0 0 0.7294314393005054 -0.6840539272308823 4.648204470548099
cell 26.541088858977034 38.45819048678021 0.0 1.0 1.0 1 0 0 0.0 1.0 0
cell 55.381602979850406 35.814987346867944 0.0 1.6431676725154984 0.6085806194501846 1 0 0 0.29773563954670274 -0.9546483587917155 5.6785456224318915
cell 9.891582901659058 30.767931682389 0.0 1.6431676725154984 0.6085806194501846 1 0 0 0.4467893901173128 -0.8946391679770117 5.356838528843316
cell 25.76265793703576 37.03131523173239 0.0 1.6431676725154984 0.6085806194501846 1 0 0 -0.5753568687891986 0.8179024841245373 5.057104501077943
cell 11.626544104104651 57.002619148465264 0.0 1.6431676725154984 0.6085806194501846 1 0 0 0.8350743407003548 -0.5501371151848126 4.3066495019371995
cell 32.20026229034764 58.88120165626236 0.0 1.6431676725154984 0.6085806194501846 1 0 0 0.9662869886563162 -0.2574673873590755 3.662393274631802
cell 9.628160320374008 28.493809923315073 0.0 1.6431676725154984 0.6085806194501846 1 0 0 0.40906457194844786 -0.9125054388750968 5.440327895518125
cell 41.16416045989812 50.2154870775698 0.0 1.0 1.0 1 0 0 0.0 1.0 0
cell 50.581724747787135 0.136509971424022 0.0 1.6431676725154984 0.6085806194501846 1 0 0 0.9632971654229859 -0.26843727589148353 3.685133449664254
cell 3.031153617555338 40.682442062888654 0.0 1.6431676725154984 0.6085806194501846 1 0 0 0.23171280154911583 -0.9727842400030235 5.815509235952236
cell 33.080335937694294 19.839798966584237 0.0 1.0 1.0 1 0 0 0.0 1.0 0
cell 42.85191070256941 24.669178846057715 0.0 1.0 1.0 1 0 0 0.0 1.0 0
cell 24.851992122269735 26.9945156092108 0.0 1.6431676725154984 0.6085806194501846 1 0 0 -0.5347488465386252 0.8450110479310965 5.154764307124487
cell 34.089443313406065 50.25112661554055 0.0 1.0 1.0 1 0 0 0.0 1.0 0
cell 58.47644412060249 23.287074084406033 0.0 1.0 1.0 1 0 0 0.0 1.0 0
cell 21.293724432599706 59.59616495966544 0.0 1.6431676725154984 0.6085806194501846 1 0 0 0.5998426481481308 0.8001179897131658 1.2866088669652431
cell 4.319688663106398 20.682738047841262 0.0 1.6431676725154984 0.6085806194501846 1 0 0 0.7968942346860521 -0.6041188448675734 4.438911987098804
cell 22.578452912677996 28.984444615379225 0.0 1.6431676725154984 0.6085806194501846 1 0 0 -0.14453940679766705 0.9894990449124135 5.993090356255662
cell 34.736083339111104 28.89720785555508 0.0 1.0 1.0 1 0 0 0.0 1.0 0
cell 21.33407948976596 40.31197533313297 0.0 1.6431676725154984 0.6085806194501846 1 0 0 -0.4792547439613181 0.8776758458511726 5.283574525408863
cell 51.26972591501855 36.419642725937095 0.0 1.0 1.0 1 0 0 0.0 1.0 0
cell 21.168327220288557 15.832115727959364 0.0 1.6431676725154984 0.6085806194501846 1 0 0 0.7728978083346516 -0.6345305176833437 4.516394527926374
cell 24.847679050997897 6.407689929457471 0.0 1.6431676725154984 0.6085806194501846 1 0 0 0.5834530875312925 -0.8121468430340673 5.037237244225702
cell 30.8747042666825 11.100029908941854 0.0 1.6431676725154984 0.6085806194501846 1 0 0 0.6915678006012881 0.7223115513208251 1.5273146722843878
cell 57.51573490681755 34.498489366487725 0.0 1.6431676725154984 0.6085806194501846 1 0 0 0.4170573676047861 -0.9088801637875954 5.422774787952322
cell 31.558954057487217 32.03127443269263 0.0 1.6431676725154984 0.6085806194501846 1 0 0 0.4367125660892148 -0.8996010974980928 5.379303119070215
cell 31.875952424495647 9.63941867046784 0.0 1.6431676725154984 0.6085806194501846 1 0 0 -0.6926606088246929 -0.7212636695291159 1.5303427320595038
cell 55.29515684626662 2.762681809060106 0.0 1.6431676725154984 0.6085806194501846 1 0 0 0.9861735281096361 -0.16571593905171833 3.4745605412809666
cell 31.34330684750066 57.380023879451976 0.0 1.6431676725154984 0.6085806194501846 1 0 0 0.9998804455095254 -0.015462686948682986 3.1725192599685386
cell 42.246245265468204 36.243172374772136 0.0 1.0 1.0 1 0 0 0.0 1.0 0
cell 58.033887716710346 30.640427721788875 0.0 1.0 1.0 1 0 0 0.0 1.0 0
cell 8.496174040600192 21.82472275138199 0.0 1.0 1.0 1 0 0 0.0 1.0 0
cell 50.35558559583829 32.01031060038744 0.0 1.0 1.0 1 0 0 0.0 1.0 0
cell 51.86569344998946 21.54473074067909 0.0 1.0 1.0 1 0 0 0.0 1.0 0
cell 39.45506180414903 58.657839530085965 0.0 1.6431676725154984 0.6085806194501846 1 0 0 0.6547183377515962 -0.7558729378750022 4.855565450036195
cell 16.748732133995183 12.609442893844392 0.0 1.6431676725154984 0.6085806194501846 1 0 0 0.7403148934581032 -0.6722602610032199 4.61610801186971
cell 15.627784418452372 43.59506223307885 0.0 1.6431676725154984 0.6085806194501846 1 0 0 0.38529372046223687 0.9227939905376322 0.7910521922793549
cell 37.90689771507222 46.47905046848153 0.0 1.0 1.0 1 0 0 0.0 1.0 0
cell 22.69190294445591 59.349629388945154 0.0 1.6431676725154984 0.6085806194501846 1 0 0 0.937032260929251 -0.34924281234954024 3.8551184772777467
cell 44.45696061130041 15.136602392966708 0.0 1.6431676725154984 0.6085806194501846 1 0 0 0.439435095932502 0.8982743436516445 0.9099393991929668
cell 46.72058141590603 24.011408798053036 0.0 1.0 1.0 1 0 0 0.0 1.0 0
cell 34.85347573758449 18.32651473957344 0.0 1.6431676725154984 0.6085806194501846 1 0 0 0.8378845475738799 0.5458474923794325 1.9867921562732882
cell 7.07885518654903 18.795443734532597 0.0 1.0 1.0 1 0 0 0.0 1.0 0
cell 39.01599436219458 24.671578514181988 0.0 1.0 1.0 1 0 0 0.0 1.0 0
cell 21.23968626400935 27.795224660049037 0.0 1.6431676725154984 0.6085806194501846 1 0 0 0.09403156889139518 0.9955692161029401 0.18834138669712303
