1000
 Lattice="66.99245856906788 0.0 0.0 0.0 66.99245856906788 0.0 0.0 0.0 1.0"Properties=species:S:1:pos:R:3:aspherical_shape:R:3:orientation:R:4:Color:R:1
cell 21.41380914546968 50.07043699269857 0.0 1.6431676725154984 0.6085806194501846 1 0 0 0.8375841584340205 -0.5463083172901304 4.2974933204228645
cell 3.3776583833461435 8.30630185872999 0.0 1.6431676725154984 0.6085806194501846 1 0 0 -0.7132621660480662 -0.7008973409026609 1.5882830530105894
cell 39.33644104364074 2.4984516547698545 0.0 1.6431676725154984 0.6085806194501846 1 0 0 0.7594709979943421 0.6505411618072126 1.7249991126907698
cell 61.56604568610022 60.264988637492934 0.0 1.6431676725154984 0.6085806194501846 1 0 0 0.5485159538830386 0.8361400889419071 1.1611766501765017
cell 53.62014749013487 27.282773321830703 0.0 1.6431676725154984 0.6085806194501846 1 0 0 0.8297558910033668 0.5581264743274673 1.9573403397561908
cell 51.62647401760228 6.57500280602519 0.0 1.6431676725154984 0.6085806194501846 1 0 0 0.5861774683429588 0.8101826803919222 1.2526652636492155
cell 16.62817801215839 34.145623003956906 0.0 1.6431676725154984 0.6085806194501846 1 0 0 0.9230855915292463 0.3845945796694246 2.3520554913615257
cell 16.065797433390728 12.982346696170149 0.0 1.6431676725154984 0.6085806194501846 1 0 0 -0.7730539368153089 -0.6343402957201698 1.7672829601063622
cell 55.01058414587246 29.80618984322657 0.0 1.6431676725154984 0.6085806194501846 1 0 0 0.9370047050742153 0.34931673688614306 2.427909043181715
cell 55.84785719256623 16.60692424464457 0.0 1.6431676725154984 0.6085806194501846 1 0 0 0.6626981642114742 0.748886602330915 1.4488318885515168
cell 65.74807757732945 43.56310090190348 0.0 1.6431676725154984 0.6085806194501846 1 0 0 -0.8592241939627885 -0.5115992420918901 2.067502605578701
cell 29.440208758211757 23.403230364968024 0.0 1.6431676725154984 0.6085806194501846 1 0 0 0.45798810162249287 0.88895832229201 0.951461333408143
cell 11.687963059296186 14.002656024149369 0.0 1.6431676725154984 0.6085806194501846 1 0 0 0.8175682691050808 0.5758316814421747 1.9143505607119768
cell 0.28990741558184824 3.0285744617360533 0.0 1.6431676725154984 0.6085806194501846 1 0 0 0.6322553073411503 0.7747601088975525 1.368921482609681
cell 43.346341266881275 49.7385539987182 0.0 1.6431676725154984 0.6085806194501846 1 0 0 -0.8131723778430666 -0.5820229238724647 1.8991643011551602
cell 37.10319710560347 26.81864891830245 0.0 1.6431676725154984 0.6085806194501846 1 0 0 0.8599734175792497 0.5103388296583609 2.07043516481272
cell 27.92544017482587 25.32857522940382 0.0 1.6431676725154984 0.6085806194501846 1 0 0 -0.4786544439494488 -0.8780033731640465 0.9982431059858214
cell 47.054580774613655 21.759404736581317 0.0 1.6431676725154984 0.6085806194501846 1 0 0 0.8280828544161061 0.5606057315280268 1.9513584422787196
cell 32.15026946441706 4.399347670321516 0.0 1.6431676725154984 0.6085806194501846 1 0 0 0.9160789206500728 0.4009980188736567 2.3163805875378194
cell 30.06410075796372 14.634626700307187 0.0 1.6431676725154984 0.6085806194501846 1 0 0 0.7415293727030313 0.6709204046819927 1.670694020728851
cell 41.485454301717674 46.33060371401062 0.0 1.6431676725154984 0.6085806194501846 1 0 0 0.6593062886727218 0.7518744693874115 1.4397914894436807
cell 48.64486847946495 38.57330755760898 0.0 1.6431676725154984 0.6085806194501846 1 0 0 0.6198429042494139 0.7847259228875084 1.3370849909993812
cell 58.9144117796367 43.936264936375984 0.0 1.6431676725154984 0.6085806194501846 1 0 0 0.7958275462425026 0.6055233411204206 1.8407460351384526
cell 1.1688266301479646 8.482689025215457 0.0 1.6431676725154984 0.6085806194501846 1 0 0 0.6254766962137303 0.7802428484091072 1.3514846844135382
cell 7.858780216799068 49.31913105513614 0.0 1.6431676725154984 0.6085806194501846 1 0 0 0.9981146893630753 0.061376435850020374 3.018762581236153
cell 5.1403030085647545 3.342079000802885 0.0 1.6431676725154984 0.6085806194501846 1 0 0 -0.7925889650301998 -0.6097562894405901 1.8300865178898853
cell 37.87635892615157 5.193055882926498 0.0 1.6431676725154984 0.6085806194501846 1 0 0 0.8569636174225427 0.5153769090811791 2.058697832900613
cell 0.7430256233630289 31.725097756153648 0.0 1.6431676725154984 0.6085806194501846 1 0 0 -0.8056090823948447 -0.5924474713955121 1.8734056581773846
cell 59.91413409474555 50.42051029502506 0.0 1.6431676725154984 0.6085806194501846 1 0 0 0.8144984897805619 0.5801656747388488 1.9037284875997795
cell 35.97843911731352 16.073442942301764 0.0 1.6431676725154984 0.6085806194501846 1 0 0 0.6400467008329436 0.768336007715937 1.389118091742952
cell 24.54751950764168 5.843457902946378 0.0 1.6431676725154984 0.6085806194501846 1 0 0 -0.7376180556587938 -0.6752181898957851 1.6590717225403404
cell 1.0221859555446593 37.14514888400799 0.0 1.6431676725154984 0.6085806194501846 1 0 0 0.7779201063233073 0.6283631976635281 1.7826979659051483
cell 63.6548706676319 17.58749781884907 0.0 1.6431676725154984 0.6085806194501846 1 0 0 0.8942571201723631 0.4475535755873611 2.2135371447281664
cell 66.21779143855501 62.348538143577755 0.0 1.6431676725154984 0.6085806194501846 1 0 0 0.601866270852837 0.7985968895567397 1.291671987726041
cell 54.13581967982559 28.78708927636634 0.0 1.6431676725154984 0.6085806194501846 1 0 0 0.8724373350812122 0.4887259931253838 2.120334913654718
cell 59.04586255483517 55.265454119589414 0.0 1.6431676725154984 0.6085806194501846 1 0 0 0.6011163007456077 0.7991615562437397 1.2897944321941115
cell 50.262621878708835 61.68042391745848 0.0 1.6431676725154984 0.6085806194501846 1 0 0 0.5334184466841259 0.8458515004048254 1.1252737316239263
cell 14.378440231238368 30.78071239053806 0.0 1.6431676725154984 0.6085806194501846 1 0 0 0.8620426476190648 0.5068357462589955 2.0785723213418676
cell 37.478131190667426 48.37212603569044 0.0 1.6431676725154984 0.6085806194501846 1 0 0 0.6219257966185244 0.7830761798831668 1.3423991595158735
cell 35.5170479150519 26.031840164303777 0.0 1.6431676725154984 0.6085806194501846 1 0 0 0.5742495958916317 0.8186802804625855 1.2233745018374824
cell 9.832039663557032 37.785811095557065 0.0 1.6431676725154984 0.6085806194501846 1 0 0 0.8671532651803016 0.498041378488918 2.098915399607533
cell 5.195114265130662 55.85004438828177 0.0 1.6431676725154984 0.6085806194501846 1 0 0 0.9631228189345993 0.26906214086614094 2.596754393913799
cell 3.7067260890801315 52.51050131465675 0.0 1.6431676725154984 0.6085806194501846 1 0 0 0.9321223718486648 0.36214345762310757 2.400459824661053
cell 44.674697167050866 28.658993299828136 0.0 1.6431676725154984 0.6085806194501846 1 0 0 -0.6696501719516855 -0.7426766774344526 1.4674753011205492
cell 53.21905677445402 8.86602214464139 0.0 1.6431676725154984 0.6085806194501846 1 0 0 -0.5703555651844093 -0.8213979116501167 1.2138773366200528
cell 59.971812629812796 23.208345881938737 0.0 1.6431676725154984 0.6085806194501846 1 0 0 0.8443763973200287 0.5357504079782385 2.0108002346512714
cell 49.3241667267777 44.15342120231593 0.0 1.6431676725154984 0.6085806194501846 1 0 0 0.7504606417335468 0.6609151422148483 1.6975175581378663
cell 5.297020641921537 19.127887815712285 0.0 1.6431676725154984 0.6085806194501846 1 0 0 0.7717228544453012 0.6359589891862497 1.7630915639569578
cell 12.654842035391892 37.31814787311191 0.0 1.6431676725154984 0.6085806194501846 1 0 0 0.9002937199558707 0.4352829169724218 2.2408876485075
cell 4.456357897853717 43.56545360967902 0.0 1.6431676725154984 0.6085806194501846 1 0 0 0.9223761775876442 0.3862928772561132 2.348374467705125
cell 17.955289822276583 43.27033812822692 0.0 1.6431676725154984 0.6085806194501846 1 0 0 0.14685562759233436 -0.9891579371589057 5.988407948425149
cell 34.10079572625172 18.01325401501149 0.0 1.6431676725154984 0.6085806194501846 1 0 0 0.6733539219223557 0.7393202931286157 1.4774719268446093
cell 30.248178289278478 9.374822458013174 0.0 1.6431676725154984 0.6085806194501846 1 0 0 0.7871053337287662 0.6168186067359898 1.8122038927517927
cell 2.880822183246217 61.776309061663035 0.0 1.6431676725154984 0.6085806194501846 1 0 0 0.7656456546856483 0.643262568055211 1.7440889009490905
cell 52.63929395102842 51.231779161711486 0.0 1.6431676725154984 0.6085806194501846 1 0 0 0.7127591185062363 0.7014088957136294 1.5868481381336066
cell 0.9767497958650886 46.918554332430375 0.0 1.6431676725154984 0.6085806194501846 1 0 0 0.923996694950054 0.3824004546563418 2.356807037076883
cell 55.51317051329653 47.70266026348475 0.0 1.6431676725154984 0.6085806194501846 1 0 0 0.7238412230359066 0.6899665816790571 1.6187068861798717
cell 14.293435694155399 22.319224448096453 0.0 1.6431676725154984 0.6085806194501846 1 0 0 0.7609380950761052 0.6488244874093057 1.7295154594456996
cell 1.007571893983593 18.17863490851889 0.0 1.6431676725154984 0.6085806194501846 1 0 0 -0.3880157172326697 -0.9216527562918786 0.7969553061513333
cell 3.5415914836867946 17.854960425352758 0.0 1.6431676725154984 0.6085806194501846 1 0 0 0.4853918817535524 0.874296700856034 1.013622674140102
cell 52.71145466578599 5.870941447262514 0.0 1.6431676725154984 0.6085806194501846 1 0 0 0.5789711441998505 0.8153480325504661 1.2349325271915175
cell 31.25287752233969 11.756695716318951 0.0 1.6431676725154984 0.6085806194501846 1 0 0 0.864703299070579 0.5022829925216031 2.089118732518015
cell 32.71480322483015 26.99444865910465 0.0 1.6431676725154984 0.6085806194501846 1 0 0 0.44688559110309634 0.8945911180335049 0.9265618450863544
cell 56.95557170070463 59.49715358802295 0.0 1.6431676725154984 0.6085806194501846 1 0 0 0.6486368628367489 0.7610980358464345 1.4115841057927871
cell 37.52442894440485 19.82252346794296 0.0 1.6431676725154984 0.6085806194501846 1 0 0 0.7824793906567808 0.6226764835750528 1.7972754864014453
cell 65.66214292860137 59.48021630594865 0.0 1.6431676725154984 0.6085806194501846 1 0 0 0.6946983095807131 0.719301229434303 1.536000788557872
cell 26.330946697375925 64.8235395328024 0.0 1.6431676725154984 0.6085806194501846 1 0 0 0.8828523478732011 0.46965064873241297 2.163802595834801
cell 66.46907148351048 58.49363009853413 0.0 1.6431676725154984 0.6085806194501846 1 0 0 0.7345224901430412 0.6785843436700157 1.6499254547677202
cell 43.96196416025994 31.173471705905584 0.0 1.6431676725154984 0.6085806194501846 1 0 0 0.7105409138275617 0.7036558887532268 1.5805332610963456
cell 62.23146070482264 45.364018464185584 0.0 1.6431676725154984 0.6085806194501846 1 0 0 -0.7746388006368231 -0.6324039283147632 1.7722874841910166
cell 60.16913781084454 61.9382452690884 0.0 1.6431676725154984 0.6085806194501846 1 0 0 0.5688988450029095 0.8224075049234142 1.2103325866503103
cell 62.53558698799822 56.93819170589352 0.0 1.6431676725154984 0.6085806194501846 1 0 0 0.6438269260827283 0.765171150299634 1.3989784111370334
cell 57.901983424690464 54.64430619716442 0.0 1.6431676725154984 0.6085806194501846 1 0 0 0.6940674217468665 0.7199100041461136 1.5342473620177877
cell 54.328420709225945 42.56029926398134 0.0 1.6431676725154984 0.6085806194501846 1 0 0 0.6724256389432481 0.7401646844397296 1.4749621808955322
cell 50.35851497415256 30.756454386002883 0.0 1.6431676725154984 0.6085806194501846 1 0 0 0.6941086450353262 0.7198702583710648 1.534361888628609
cell 33.00412192913295 19.02269461113181 0.0 1.6431676725154984 0.6085806194501846 1 0 0 0.71431963458224 0.6998195907877223 1.5913028446882624
cell 37.6364626472383 31.399634576067932 0.0 1.6431676725154984 0.6085806194501846 1 0 0 0.7693497108148196 0.6388278504175858 1.7556451711473045
cell 37.14025821666622 24.677236099137964 0.0 1.6431676725154984 0.6085806194501846 1 0 0 0.8605917621169056 0.5092954142504323 2.072860914891428
cell 10.70952466156998 12.894021816333963 0.0 1.6431676725154984 0.6085806194501846 1 0 0 0.750257806116097 0.6611453882179478 1.6969038627398445
cell 24.658701486248855 33.90011428611132 0.0 1.6431676725154984 0.6085806194501846 1 0 0 0.7458194423729586 -0.6661481512235016 4.599657075582038
cell 21.806816944040357 18.448348254303617 0.0 1.6431676725154984 0.6085806194501846 1 0 0 0.630153842485846 0.7764703051632583 1.3635026523683527
cell 49.29743959875372 25.673249824902584 0.0 1.6431676725154984 0.6085806194501846 1 0 0 0.6894782185637043 0.7243064172891338 1.521536835620812
cell 16.429566611534227 7.9666455880763 0.0 1.6431676725154984 0.6085806194501846 1 0 0 0.8769584699664246 0.4805661681331174 2.1389922484752577
cell 7.512972715426013 43.50879069619481 0.0 1.6431676725154984 0.6085806194501846 1 0 0 0.9661414880702254 0.25801283888490995 2.6196629837515824
cell 17.388345201876252 30.42463643078733 0.0 1.6431676725154984 0.6085806194501846 1 0 0 0.9216170503827853 0.3881005184790849 2.344453323925357
cell 4.409131692594793 54.86404400080876 0.0 1.6431676725154984 0.6085806194501846 1 0 0 0.9774801594791356 0.21102733904554566 2.7163409569707553
cell 62.98981648873361 5.823908982990253 0.0 1.6431676725154984 0.6085806194501846 1 0 0 0.6333499940277019 0.7738654825388648 1.3717489872312656
cell 57.80657730962521 57.89356753462628 0.0 1.6431676725154984 0.6085806194501846 1 0 0 0.7048813448696575 0.7093252354560233 1.5645117061154505
cell 63.33158312829576 44.24360634273034 0.0 1.6431676725154984 0.6085806194501846 1 0 0 -0.7737633937348507 -0.6334747118203903 1.769521320880667
cell 39.191454027055435 11.085868606085645 0.0 1.6431676725154984 0.6085806194501846 1 0 0 0.8608680892123786 0.5088281959324072 2.0739465476610617
cell 22.815670926129396 26.97516748742075 0.0 1.6431676725154984 0.6085806194501846 1 0 0 0.7382563743446483 0.6745202189256408 1.6609634035774816
cell 11.133012920462775 54.929958672321405 0.0 1.6431676725154984 0.6085806194501846 1 0 0 0.5813549232708572 -0.8136500803101636 5.042399421778074
cell 0.3875921402816873 44.895895393986315 0.0 1.6431676725154984 0.6085806194501846 1 0 0 0.8923608639122232 0.4513225992101776 2.205098814732059
cell 54.21286189170994 60.73596178610978 0.0 1.6431676725154984 0.6085806194501846 1 0 0 0.6224541775638605 0.7826562443584655 1.3437490221542079
cell 46.845493583081314 28.87771676436598 0.0 1.6431676725154984 0.6085806194501846 1 0 0 0.7394776381553456 0.6731811217407925 1.6645881338928978
cell 46.929220182979 32.14074085972544 0.0 1.6431676725154984 0.6085806194501846 1 0 0 -0.644112414130983 -0.7649308452156686 1.3997247353579771
cell 66.291216940415 8.763495160342705 0.0 1.6431676725154984 0.6085806194501846 1 0 0 0.6394982517984358 0.7687925506576819 1.3876908877313
cell 66.53509707730966 22.813021935986306 0.0 1.6431676725154984 0.6085806194501846 1 0 0 -0.5991217969431679 -0.800657899747195 1.284807612558593
cell 1.1521417969696457 58.92922547461932 0.0 1.6431676725154984 0.6085806194501846 1 0 0 0.8464854083142729 0.5324119208949202 2.018697941569681
cell 3.458765101750778 38.98313263080827 0.0 1.6431676725154984 0.6085806194501846 1 0 0 0.9168863299211878 0.3991484160104543 2.320416893703141
cell 49.97351272319186 48.031046824979605 0.0 1.6431676725154984 0.6085806194501846 1 0 0 -0.7382970093966653 -0.6744757415325924 1.6610838933437844
cell 7.831562667455519 22.093351386400553 0.0 1.6431676725154984 0.6085806194501846 1 0 0 0.9038408684066322 0.42786877029989573 2.2573256792031446
cell 27.87665937202444 10.247097723438783 0.0 1.6431676725154984 0.6085806194501846 1 0 0 0.8472238203278718 0.5312361040714815 2.0214748447468254
cell 48.2205189829216 23.56073308433603 0.0 1.6431676725154984 0.6085806194501846 1 0 0 0.6706282529364033 0.7417936009183872 1.4701108024369358
cell 0.588128808199423 51.97435396285323 0.0 1.6431676725154984 0.6085806194501846 1 0 0 0.9008377140072216 0.4341559777571228 2.243390384392268
cell 36.735536784059505 18.424309693890095 0.0 1.6431676725154984 0.6085806194501846 1 0 0 0.867340719670564 0.49771485410960764 2.0996684131741525
cell 42.84327293596183 37.61549009925314 0.0 1.6431676725154984 0.6085806194501846 1 0 0 0.5379318282396975 0.8429883440277787 1.1359636044983927
cell 60.68059345015805 39.160009066381235 0.0 1.6431676725154984 0.6085806194501846 1 0 0 0.84221160036548 0.5391471229727716 2.0027444192255173
cell 49.57284858484537 32.06696262871735 0.0 1.6431676725154984 0.6085806194501846 1 0 0 0.6023681772608163 0.7982183780291467 1.2929292562445451
cell 53.38904901077884 40.569266212600084 0.0 1.6431676725154984 0.6085806194501846 1 0 0 0.8449193194966259 0.5348937684637562 2.01282862892831
cell 66.40385312049854 30.930978313272806 0.0 1.6431676725154984 0.6085806194501846 1 0 0 0.6642251768403818 0.7475325507637534 1.4529136649594716
cell 22.150666727017956 16.13681201070613 0.0 1.6431676725154984 0.6085806194501846 1 0 0 0.8472915224134431 -0.5311281164147779 4.261455551417597
cell 49.8229884763293 54.996795480802426 0.0 1.6431676725154984 0.6085806194501846 1 0 0 0.5970599911268204 0.8021965887459515 1.2796622804178197
cell 18.94138820050508 31.530278633274257 0.0 1.6431676725154984 0.6085806194501846 1 0 0 0.9059017189684767 0.42348798751553635 2.2670083252509716
cell 57.76507768973408 37.76012670005699 0.0 1.6431676725154984 0.6085806194501846 1 0 0 0.7146757640271381 0.6994558973317949 1.5923208842100929
cell 9.438129178576327 35.10486574624812 0.0 1.6431676725154984 0.6085806194501846 1 0 0 0.8038747906619222 0.5947985549227996 1.8675625878754947
cell 42.5590569384375 8.744086093382526 0.0 1.6431676725154984 0.6085806194501846 1 0 0 -0.8104591095708094 -0.5857952131194748 1.8898708562111945
cell 21.694816474475992 5.919865698741742 0.0 1.6431676725154984 0.6085806194501846 1 0 0 0.7926972725090948 -0.609615480574962 4.452743499848783
cell 60.24879479274821 12.66762158058526 0.0 1.6431676725154984 0.6085806194501846 1 0 0 0.6960273004421041 0.7180153181090755 1.5396993210347263
cell 64.86123809876385 43.278413471094765 0.0 1.6431676725154984 0.6085806194501846 1 0 0 0.771925756660252 0.6357126915553105 1.76372978596442
cell 63.92911437938541 51.272033269409505 0.0 1.6431676725154984 0.6085806194501846 1 0 0 0.7218678540917093 0.6920309250525085 1.6129952475020866
cell 24.60110053584888 22.526500887427865 0.0 1.6431676725154984 0.6085806194501846 1 0 0 0.7576959651929116 -0.6526077109032516 4.563634633238485
cell 48.14440022047528 52.421396645457975 0.0 1.6431676725154984 0.6085806194501846 1 0 0 0.4980960804519001 0.8671218453242049 1.0428034207308519
cell 55.31514557498611 24.859568753604186 0.0 1.6431676725154984 0.6085806194501846 1 0 0 0.9554952622456643 0.2950064470924141 2.542668121497791
cell 53.4853222634069 2.3849584167925646 0.0 1.6431676725154984 0.6085806194501846 1 0 0 0.6051455083054389 0.7961148872981537 1.2998972554594972
cell 64.25432879755834 18.656166357043766 0.0 1.6431676725154984 0.6085806194501846 1 0 0 -0.9253521132452032 -0.37910877926083003 2.3639266716311287
cell 59.905375141060226 65.51922217263822 0.0 1.6431676725154984 0.6085806194501846 1 0 0 0.5482579898316812 0.8363092589381779 1.1605596771132787
cell 24.426387601584285 12.457064435910636 0.0 1.6431676725154984 0.6085806194501846 1 0 0 -0.7293569411158234 -0.6841333586707852 1.6347630355003826
cell 39.32140721690717 7.017569294226979 0.0 1.6431676725154984 0.6085806194501846 1 0 0 0.8832813279164402 0.468843359507384 2.1656309719761357
cell 25.485450664222192 40.971691739733245 0.0 1.6431676725154984 0.6085806194501846 1 0 0 0.7115382960896476 -0.702647317790256 4.699815155460455
cell 64.87282246701278 54.736485842832494 0.0 1.6431676725154984 0.6085806194501846 1 0 0 0.7857645804717751 0.6185256858660078 1.8078625840540306
cell 62.99392484174402 51.95142619803913 0.0 1.6431676725154984 0.6085806194501846 1 0 0 0.7377635434962309 0.6750592225041334 1.659502709048855
cell 18.067305695940526 38.680408475945434 0.0 1.6431676725154984 0.6085806194501846 1 0 0 0.9421039941239352 0.3353208377893152 2.4577011255740158
cell 2.2430486594075427 36.42503538648683 0.0 1.6431676725154984 0.6085806194501846 1 0 0 0.8169993718341205 0.5766385578702247 1.9123760291176812
cell 4.354114834284955 30.5431995544482 0.0 1.6431676725154984 0.6085806194501846 1 0 0 0.8342096406411076 0.5514474367167138 1.973395964981715
cell 10.076981660633932 9.987157729047436 0.0 1.6431676725154984 0.6085806194501846 1 0 0 -0.6574487285731956 -0.753499282877886 1.4348556809006299
cell 25.90355263556609 17.41026964524595 0.0 1.6431676725154984 0.6085806194501846 1 0 0 0.5590698700040628 0.829120546394576 1.1865270958574468
cell 11.76781444868342 32.551160633251286 0.0 1.6431676725154984 0.6085806194501846 1 0 0 0.8514807480930205 0.5243858652051465 2.037605258147792
cell 8.78803311905811 9.14270553100342 0.0 1.6431676725154984 0.6085806194501846 1 0 0 0.6408211560752045 0.7676902017913466 1.3911348676855557
cell 14.63318905228204 59.772962277838985 0.0 1.6431676725154984 0.6085806194501846 1 0 0 0.8452039421265152 0.5344439130664679 2.013893297753075
cell 66.41838175302595 27.710926382918753 0.0 1.6431676725154984 0.6085806194501846 1 0 0 0.6621087834944697 0.7494077386973486 1.447258417517247
cell 0.6842311691143685 14.574987029683989 0.0 1.6431676725154984 0.6085806194501846 1 0 0 0.5894615300598357 0.807796449967142 1.2607841748152946
cell 39.61572372680193 44.74931172783287 0.0 1.6431676725154984 0.6085806194501846 1 0 0 0.592495908859895 0.8055734590863126 1.2683072486130766
cell 36.07166988712116 36.97450474393681 0.0 1.6431676725154984 0.6085806194501846 1 0 0 0.8473635443125929 0.5310132048923082 2.0220009885917256
cell 45.787045562411954 27.430658406112816 0.0 1.6431676725154984 0.6085806194501846 1 0 0 0.7073600143466133 0.7068534573046658 1.571512706649053
cell 58.071148045614294 61.12197683062195 0.0 1.6431676725154984 0.6085806194501846 1 0 0 0.6574479305866959 0.7534999791421836 1.4348535628199648
cell 10.63734682913944 35.19697751417397 0.0 1.6431676725154984 0.6085806194501846 1 0 0 0.8725480071064861 0.48852837716400827 2.120787905334941
cell 60.63718250984761 15.536908077343616 0.0 1.6431676725154984 0.6085806194501846 1 0 0 0.7623529327730616 0.6471614990806481 1.733882287944236
cell 15.126059744267833 11.08379976376901 0.0 1.6431676725154984 0.6085806194501846 1 0 0 0.6860146197187125 0.7275877552104558 1.511994563628206
cell 1.2235706623166345 1.91664880403699 0.0 1.6431676725154984 0.6085806194501846 1 0 0 0.6735574503503469 0.7391348734010187 1.4780225784472096
cell 64.97523758968791 48.69021734143035 0.0 1.6431676725154984 0.6085806194501846 1 0 0 -0.7793378809622148 -0.6266039158011422 1.787216886028336
cell 3.588911652144632 29.544840440465883 0.0 1.6431676725154984 0.6085806194501846 1 0 0 0.8755327455316027 0.4831587849784932 2.133074695380426
cell 2.2491192786509417 2.8995399481170314 0.0 1.6431676725154984 0.6085806194501846 1 0 0 0.6986045675765885 0.7155079721157045 1.5468907336200546
cell 10.17323534903177 41.619990760739974 0.0 1.6431676725154984 0.6085806194501846 1 0 0 0.9394724175099417 0.3426245419377104 2.4421744269598253
cell 59.40886114178189 15.534919041472644 0.0 1.6431676725154984 0.6085806194501846 1 0 0 0.810949234806503 0.5851165170859111 1.8915451932066305
cell 30.135156903104182 6.96116617749111 0.0 1.6431676725154984 0.6085806194501846 1 0 0 0.8556410558207985 0.5175696896011872 2.0535763256292365
cell 4.057791501609638 2.9606787907011527 0.0 1.6431676725154984 0.6085806194501846 1 0 0 0.8259466552254643 0.5637482795733111 1.9437587126591422
cell 57.96338522922407 48.55626621227485 0.0 1.6431676725154984 0.6085806194501846 1 0 0 0.7999166496046284 0.6001111177817873 1.8543126270770256
cell 3.4420997116078165 21.705319642893944 0.0 1.6431676725154984 0.6085806194501846 1 0 0 0.7056329011712974 0.7085775954576733 1.5666318971888322
cell 19.880980348586338 17.693406229481077 0.0 1.6431676725154984 0.6085806194501846 1 0 0 0.836803075742946 0.5475039839372363 1.9828356189596772
cell 3.5365797485372026 37.68227445205934 0.0 1.6431676725154984 0.6085806194501846 1 0 0 -0.9440550896896873 -0.32978779181618656 2.4694350883119505
cell 62.45299833210993 23.095685835852407 0.0 1.6431676725154984 0.6085806194501846 1 0 0 0.8844207166942278 0.4666904711712768 2.1705025786549244
cell 3.780393490692648 42.9375018920989 0.0 1.6431676725154984 0.6085806194501846 1 0 0 0.9094513302698796 0.41581038691974304 2.2839252656202427
cell 58.91157321397977 59.95250628679574 0.0 1.6431676725154984 0.6085806194501846 1 0 0 0.626812846370618 0.7791698503052875 1.3549119999176598
cell 65.80730907996012 41.01613424105916 0.0 1.6431676725154984 0.6085806194501846 1 0 0 -0.779662438884805 -0.6262000330503007 1.7882531468594962
cell 5.580137005514116 24.558173246635178 0.0 1.6431676725154984 0.6085806194501846 1 0 0 -0.8760451870662928 -0.4822290225795044 2.135197951889568
cell 40.16209360182197 4.0970254398339 0.0 1.6431676725154984 0.6085806194501846 1 0 0 -0.8095725803396068 -0.5870197928198596 1.8868472623524397
cell 55.40261949864568 31.832219139000994 0.0 1.6431676725154984 0.6085806194501846 1 0 0 0.7976270888018698 0.6031509157826539 1.846701456855803
cell 52.84628288367919 63.130332282413654 0.0 1.6431676725154984 0.6085806194501846 1 0 0 0.5818670845201311 0.8132838962822531 1.2420450913428085
cell 27.24416672661248 65.66028001319317 0.0 1.6431676725154984 0.6085806194501846 1 0 0 0.9102953338547075 0.4139594245362056 2.2879938797448176
cell 37.675721905746244 7.507767558533134 0.0 1.6431676725154984 0.6085806194501846 1 0 0 -0.8839301822241679 -0.4676188971300768 2.168402484439323
cell 62.55376662242507 62.63093683252174 0.0 1.6431676725154984 0.6085806194501846 1 0 0 0.45429858185220034 0.8908494814092219 0.9431693942950112
cell 24.791373233738224 15.021771316219294 0.0 1.6431676725154984 0.6085806194501846 1 0 0 0.7907314514889809 0.6121631903554227 1.8240058811831323
cell 62.989197957773946 42.19182010831742 0.0 1.6431676725154984 0.6085806194501846 1 0 0 -0.80288818138496 -0.5961296571991295 1.8642488396874377
cell 36.44653173080392 34.19807818746561 0.0 1.6431676725154984 0.6085806194501846 1 0 0 0.7967709265241426 0.6042814664093707 1.8438651501710903
cell 8.576314751791825 52.549132625094224 0.0 1.6431676725154984 0.6085806194501846 1 0 0 0.8515114459006312 0.5243360158335648 2.0377223447010793
cell 62.40405778977348 10.940805871323724 0.0 1.6431676725154984 0.6085806194501846 1 0 0 0.7271818271506144 0.6864448923707526 1.6284150224993292
cell 61.191625524219496 47.936979720072166 0.0 1.6431676725154984 0.6085806194501846 1 0 0 0.8589009554898286 0.5121417271211745 2.066239635855151
cell 52.25617635645826 45.88345742052411 0.0 1.6431676725154984 0.6085806194501846 1 0 0 0.7491938288462084 0.6623508185386036 1.6936882070084607
cell 2.886503363468721 51.57349206664193 0.0 1.6431676725154984 0.6085806194501846 1 0 0 0.9701289927594856 0.2425896481869453 2.651523954982668
cell 13.3322778978993 25.055904934221456 0.0 1.6431676725154984 0.6085806194501846 1 0 0 0.7535206112293151 0.6574242834369592 1.706801856069482
cell 3.522364107072973 36.48143328188541 0.0 1.6431676725154984 0.6085806194501846 1 0 0 -0.9136173582262656 -0.4065751132910862 2.3041882314406266
cell 38.62093945572844 50.88006290087258 0.0 1.6431676725154984 0.6085806194501846 1 0 0 0.6724365356695037 0.7401547848232802 1.4749916251512667
cell 59.69963431887712 38.55646991483556 0.0 1.6431676725154984 0.6085806194501846 1 0 0 0.8318181002898548 0.5550483294544512 1.964750521590583
cell 51.286521326689105 37.22189645563483 0.0 1.6431676725154984 0.6085806194501846 1 0 0 0.7622586827498945 0.6472725087414077 1.7335910408897517
cell 61.56778094173833 39.95805278362106 0.0 1.6431676725154984 0.6085806194501846 1 0 0 0.8234689361266406 0.5673613586017809 1.93499664379438
cell 48.27800163765728 43.88349313591128 0.0 1.6431676725154984 0.6085806194501846 1 0 0 0.7778355229732824 0.6284678983057769 1.7824287703062534
cell 26.529367000655974 44.927387040591015 0.0 1.6431676725154984 0.6085806194501846 1 0 0 0.756421110423277 0.6540849361558608 1.7156481361315918
cell 44.98529268727904 48.927281047192544 0.0 1.6431676725154984 0.6085806194501846 1 0 0 0.7105502251949501 0.7036464861529584 1.580559726957711
cell 66.07964482129312 47.85670460450373 0.0 1.6431676725154984 0.6085806194501846 1 0 0 0.8258260444677793 0.5639249456077479 1.9433308910011238
cell 58.475582150488 64.10194092729297 0.0 1.6431676725154984 0.6085806194501846 1 0 0 0.6889561495679597 0.7248030242572745 1.5200957602729062
cell 18.899862470716396 34.808540513664994 0.0 1.6431676725154984 0.6085806194501846 1 0 0 0.9370079918085451 0.3493079204468708 2.427927861494498
cell 33.32107515408611 15.781334832985918 0.0 1.6431676725154984 0.6085806194501846 1 0 0 0.7752072271821212 0.6317070166814732 1.774086144377407
cell 21.189001198951424 57.59929227191915 0.0 1.6431676725154984 0.6085806194501846 1 0 0 0.9291396400115935 -0.36972899447991125 3.899027313881252
cell 37.74357292895462 35.75501413491789 0.0 1.6431676725154984 0.6085806194501846 1 0 0 0.8041805294754847 0.5943851243196865 1.8685909868088562
cell 64.81560092114172 57.89266767193576 0.0 1.6431676725154984 0.6085806194501846 1 0 0 0.6795630880823366 0.7336170726721117 1.4943338234185781
cell 0.6621961819570501 63.692599672170715 0.0 1.6431676725154984 0.6085806194501846 1 0 0 0.6013334572659332 0.7989981684413301 1.290337948629008
cell 0.4299618364273309 55.974910167523056 0.0 1.6431676725154984 0.6085806194501846 1 0 0 0.8030112518135345 0.5959638659020028 1.8646617953012457
cell 55.05681450939294 63.894749470327724 0.0 1.6431676725154984 0.6085806194501846 1 0 0 0.6263725669268243 0.7795238337610345 1.353782132166004
cell 1.8902500960389892 64.43117777975081 0.0 1.6431676725154984 0.6085806194501846 1 0 0 0.7453955289152364 0.666622460972607 1.6822559543142788
cell 4.737162099886829 49.84377384941977 0.0 1.6431676725154984 0.6085806194501846 1 0 0 0.9810386962904108 0.19381196139766757 2.7515000451582208
cell 60.63658035357344 35.48911686717378 0.0 1.6431676725154984 0.6085806194501846 1 0 0 0.8290182981637461 0.5592214778687297 1.9546998275288912
cell 18.971432242259514 16.60577112540372 0.0 1.6431676725154984 0.6085806194501846 1 0 0 0.7648643506078792 0.6441913730943525 1.7416614619335746
cell 18.946579956520086 41.91454410329016 0.0 1.6431676725154984 0.6085806194501846 1 0 0 0.03354645487956279 0.999437159287673 0.06710550013409505
cell 42.66029985814743 31.747387292064214 0.0 1.6431676725154984 0.6085806194501846 1 0 0 0.7842782408107787 0.6204092528248997 1.8030638205306082
cell 58.88382066202039 57.477813108090885 0.0 1.6431676725154984 0.6085806194501846 1 0 0 0.6045393347666621 0.7965752900510294 1.2983748664396395
cell 58.61903694778434 34.955304375261505 0.0 1.6431676725154984 0.6085806194501846 1 0 0 -0.7704325412824018 -0.6375215285252257 1.7590386940358105
cell 4.5575184919274605 46.378730844398206 0.0 1.6431676725154984 0.6085806194501846 1 0 0 0.9688446960710871 0.24766904306942128 2.6410454563981283
cell 56.963531000213834 56.566327551404385 0.0 1.6431676725154984 0.6085806194501846 1 0 0 0.752078910054846 0.6590730711011601 1.7024214428671958
cell 2.3768737274010157 49.47968002986678 0.0 1.6431676725154984 0.6085806194501846 1 0 0 0.947362962890162 0.3201615475724305 2.489792641985275
cell 48.14688035828775 2.0232137638514884 0.0 1.6431676725154984 0.6085806194501846 1 0 0 0.577777108221912 0.8161945927379849 1.2320051485346377
cell 16.85015057548219 21.286924812661795 0.0 1.6431676725154984 0.6085806194501846 1 0 0 0.8193066886947473 0.5733555178595985 1.92040150964239
cell 62.61587207548364 0.24384748670902118 0.0 1.6431676725154984 0.6085806194501846 1 0 0 0.502693093523303 0.8644649522820296 1.0534225875620171
cell 30.638826169206272 36.73080074629405 0.0 1.6431676725154984 0.6085806194501846 1 0 0 -0.7952283803416497 -0.6063100057719619 1.8387683181410939
cell 49.338473365910446 52.0994551625909 0.0 1.6431676725154984 0.6085806194501846 1 0 0 -0.5481995524195533 -0.8363475657446499 1.160419929590077
cell 46.25618598888372 33.86980828541705 0.0 1.6431676725154984 0.6085806194501846 1 0 0 0.5773674282898332 0.8164844473411507 1.2310014486930312
cell 33.190625535101105 32.37716770628016 0.0 1.6431676725154984 0.6085806194501846 1 0 0 0.4324607932635794 0.9016527393014651 0.8944403985243211
cell 50.95880621429457 49.64811372165521 0.0 1.6431676725154984 0.6085806194501846 1 0 0 0.6561077237151448 0.7546672477862884 1.4312990325401689
cell 53.48270512386796 57.6801846307383 0.0 1.6431676725154984 0.6085806194501846 1 0 0 0.5847117712814344 0.8112411136800992 1.2490494374410206
cell 24.939245948217422 2.624809216690221 0.0 1.6431676725154984 0.6085806194501846 1 0 0 0.8116499464511419 0.5841441298394245 1.893942303081485
cell 7.057619165645525 62.11223887928039 0.0 1.6431676725154984 0.6085806194501846 1 0 0 0.6007579108661881 0.7994310054855849 1.2888976686735119
cell 65.50248799505901 5.5941390118136205 0.0 1.6431676725154984 0.6085806194501846 1 0 0 0.5703815881695857 0.8213798414114758 1.2139406999937667
cell 11.8528766677897 4.49562639445215 0.0 1.6431676725154984 0.6085806194501846 1 0 0 0.7626198941380513 0.6468468884248167 1.7347075109142875
cell 15.35030304021351 27.90923263665517 0.0 1.6431676725154984 0.6085806194501846 1 0 0 0.8490040544338422 0.5283863317260369 2.0281950966813187
cell 40.35764257176884 43.41066243989169 0.0 1.6431676725154984 0.6085806194501846 1 0 0 0.5695916870060806 0.8219278010224299 1.2120179897664856
cell 14.62141150573201 27.12240633592464 0.0 1.6431676725154984 0.6085806194501846 1 0 0 0.8247028143778186 0.5655663249852357 1.939353065766226
cell 7.757568645382681 37.02416628446881 0.0 1.6431676725154984 0.6085806194501846 1 0 0 0.8681471641365794 0.49630686213432007 2.1029135909239067
cell 64.9784944482776 13.810048480095082 0.0 1.6431676725154984 0.6085806194501846 1 0 0 -0.5085455193391741 -0.8610351065781521 1.0669894451097388
cell 12.434244677508584 43.758724859501086 0.0 1.6431676725154984 0.6085806194501846 1 0 0 0.9666959192756248 0.25592772349992626 2.6239781207997175
cell 41.08793906557737 48.71514881464045 0.0 1.6431676725154984 0.6085806194501846 1 0 0 0.5563241178607439 0.8309653878991983 1.1799111741565504
cell 39.92399049190175 32.91649743455662 0.0 1.6431676725154984 0.6085806194501846 1 0 0 0.6743245427703591 0.7384351095509653 1.48009921064723
cell 0.38917989613701365 19.30860873833171 0.0 1.6431676725154984 0.6085806194501846 1 0 0 0.45756795616631546 0.8891746540977092 0.950516194987255
cell 10.147958477025986 16.34228540956047 0.0 1.6431676725154984 0.6085806194501846 1 0 0 0.7939545259730226 0.6079771465169994 1.834572098494277
cell 53.760500273859435 5.199618092716205 0.0 1.6431676725154984 0.6085806194501846 1 0 0 0.5844905416928634 0.8114005217348478 1.2485040808265426
cell 7.096380430649565 6.728008751257531 0.0 1.6431676725154984 0.6085806194501846 1 0 0 -0.8795768922869553 -0.47575675565862624 2.149944263583297
cell 59.42613437869634 26.89826526174014 0.0 1.6431676725154984 0.6085806194501846 1 0 0 0.6620614140125174 0.7494495874144879 1.4471320025980645
cell 43.66538000357407 60.43928375936708 0.0 1.6431676725154984 0.6085806194501846 1 0 0 0.5670430704847724 0.8236881425729045 1.2058230704876498
cell 52.79651442480568 54.492435216873766 0.0 1.6431676725154984 0.6085806194501846 1 0 0 0.6503821830658171 0.7596071458000786 1.4161749219057491
cell 15.19524319197905 32.83356162859956 0.0 1.6431676725154984 0.6085806194501846 1 0 0 0.8995229770573285 0.4368734527822912 2.237352765430886
cell 4.163343116718564 57.54918898085674 0.0 1.6431676725154984 0.6085806194501846 1 0 0 0.9742561945564013 0.22544371219548218 2.68679575544651
cell 55.70292075745305 23.35237721249972 0.0 1.6431676725154984 0.6085806194501846 1 0 0 0.9644184204282947 0.2643806164199503 2.606469392784733
cell 22.273384579511742 64.0741234290318 0.0 1.6431676725154984 0.6085806194501846 1 0 0 0.7784277439772768 -0.6277342171703302 4.498870786315126
cell 54.82935609499018 55.400416838204485 0.0 1.6431676725154984 0.6085806194501846 1 0 0 0.6286918069806364 0.7776545581653992 1.3597396726788644
cell 5.816853938293792 29.50290630933269 0.0 1.6431676725154984 0.6085806194501846 1 0 0 0.8277740939779498 0.5610615379251944 1.950257365555644
cell 1.7866932887061229 31.983093979903867 0.0 1.6431676725154984 0.6085806194501846 1 0 0 0.8205290306303686 0.5716048546791634 1.9246718459808563
cell 12.87513095398518 0.7735660629956095 0.0 1.6431676725154984 0.6085806194501846 1 0 0 0.6188485492528247 0.7855103265315321 1.3345519839718276
cell 23.43750341530577 7.8454096832672615 0.0 1.6431676725154984 0.6085806194501846 1 0 0 0.7011823958985312 0.7129819406422546 1.554109056971662
cell 13.075206988269258 35.37654657741444 0.0 1.6431676725154984 0.6085806194501846 1 0 0 0.8991672018227529 0.43760523667598034 2.2357253948877953
cell 42.26478854701141 63.0399973023191 0.0 1.6431676725154984 0.6085806194501846 1 0 0 0.6572895489821948 0.7536381418152766 1.4344332122184753
cell 51.460902244295 39.813094446221854 0.0 1.6431676725154984 0.6085806194501846 1 0 0 0.7946727111170765 0.6070381225308964 1.8369364640416324
cell 53.453861351449206 15.625532388461192 0.0 1.6431676725154984 0.6085806194501846 1 0 0 0.7062258834781167 0.7079865828570154 1.5683063212107315
cell 46.89114691242041 25.678440944697797 0.0 1.6431676725154984 0.6085806194501846 1 0 0 0.7419995069550327 0.6704004263710521 1.672096024550353
cell 63.28354640824958 48.7600366651479 0.0 1.6431676725154984 0.6085806194501846 1 0 0 0.7542024697570674 0.6566419379024917 1.7088774241207199
cell 7.42399615223713 33.623846174742155 0.0 1.6431676725154984 0.6085806194501846 1 0 0 0.9397066939403842 0.3419814751761168 2.443543251746293
cell 44.509745489320665 45.68561828250023 0.0 1.6431676725154984 0.6085806194501846 1 0 0 0.6439755986584733 0.7650460302050204 1.3993670424428932
cell 2.21392362698462 42.214345654653236 0.0 1.6431676725154984 0.6085806194501846 1 0 0 -0.9061147296049294 -0.4230320280936014 2.2680148490331824
cell 3.588870447196125 26.785739361776162 0.0 1.6431676725154984 0.6085806194501846 1 0 0 0.873417719619502 0.4869717518036021 2.1243541264219643
cell 54.6237768048136 16.766761187316302 0.0 1.6431676725154984 0.6085806194501846 1 0 0 0.6941073285198013 0.7198715277708271 1.5343582309851689
cell 64.70670834482286 59.82756182291591 0.0 1.6431676725154984 0.6085806194501846 1 0 0 0.5677279221646471 0.8232162573677784 1.2074864375669374
cell 5.3863105484077565 32.821147172024716 0.0 1.6431676725154984 0.6085806194501846 1 0 0 0.8708256399987815 0.49159201043213935 2.113758706242451
cell 49.42609245832406 34.3717478350253 0.0 1.6431676725154984 0.6085806194501846 1 0 0 0.6440852613386208 0.7649537084859191 1.399653742308747
cell 38.464142618627356 46.795066879791335 0.0 1.6431676725154984 0.6085806194501846 1 0 0 0.7267757262952345 0.6868748384298514 1.6272321927927864
cell 61.76185396060545 19.603591985307126 0.0 1.6431676725154984 0.6085806194501846 1 0 0 0.8113772834629496 0.5845228001372439 1.8930090586257688
cell 30.9826752068992 24.103283040278352 0.0 1.6431676725154984 0.6085806194501846 1 0 0 0.549257279865022 0.8356533016241107 1.162950376373955
cell 52.21553223541906 17.37921695976188 0.0 1.6431676725154984 0.6085806194501846 1 0 0 -0.7692352013786941 -0.6389657306615747 1.7552867112598403
cell 18.77667676181407 26.253619012472512 0.0 1.6431676725154984 0.6085806194501846 1 0 0 0.9197101048030699 0.39259817004556463 2.3346828871858123
cell 55.35260421543231 19.24188047167268 0.0 1.6431676725154984 0.6085806194501846 1 0 0 0.7449382015271891 0.6671334768286155 1.680884406920448
cell 4.283989140810524 66.93175067100913 0.0 1.6431676725154984 0.6085806194501846 1 0 0 0.7452998951157551 0.6667293801389319 1.6819690568987022
cell 65.55111390784538 32.468621388299105 0.0 1.6431676725154984 0.6085806194501846 1 0 0 0.6521436688119924 0.7580953998201244 1.4208174256962858
cell 2.9308401951311054 45.49170358800526 0.0 1.6431676725154984 0.6085806194501846 1 0 0 0.9322594302305938 0.3617904845986538 2.40121712237731
cell 5.952441468413973 50.63577554984371 0.0 1.6431676725154984 0.6085806194501846 1 0 0 0.9925499773763571 0.12183818124952905 2.8973093505455028
cell 10.575550190688897 20.772251568923995 0.0 1.6431676725154984 0.6085806194501846 1 0 0 0.7755650332076404 0.6312676763985557 1.7752193611169251
cell 50.37605374092759 27.572627345850748 0.0 1.6431676725154984 0.6085806194501846 1 0 0 -0.6932698426798334 -0.7206781009789871 1.5320327692894358
cell 41.860161870107945 38.468916738322186 0.0 1.6431676725154984 0.6085806194501846 1 0 0 0.6104910102315907 0.7920231855358856 1.3133607743585551
cell 17.952570678284786 7.850314662550385 0.0 1.6431676725154984 0.6085806194501846 1 0 0 0.8700771645264844 0.49291553817013417 2.1107176921673143
cell 56.085745887065265 60.30818286265941 0.0 1.6431676725154984 0.6085806194501846 1 0 0 0.6174304008460909 0.7866255145309206 1.330943776627283
cell 47.788739515507366 59.937772322365 0.0 1.6431676725154984 0.6085806194501846 1 0 0 0.7423721062341406 0.6699878027885925 1.6732079390282781
cell 29.405765032788597 28.270106679025176 0.0 1.6431676725154984 0.6085806194501846 1 0 0 0.531884728547385 0.8468167662121922 1.1216493528906386
cell 28.995814299510887 3.8824412632538263 0.0 1.6431676725154984 0.6085806194501846 1 0 0 0.8561295620221399 0.5167612340644168 2.0554654934142937
cell 61.05051400374298 57.972345175284396 0.0 1.6431676725154984 0.6085806194501846 1 0 0 0.5779822744806825 0.81604931859915 1.232507931865646
cell 62.86206879749032 61.12135525713532 0.0 1.6431676725154984 0.6085806194501846 1 0 0 0.5630089446367064 0.826450802080234 1.1960442144117707
cell 46.85657147620769 62.5103533589319 0.0 1.6431676725154984 0.6085806194501846 1 0 0 0.7032704471267399 0.7109224136276442 1.5599747591874864
cell 3.742677298525294 34.77752897277614 0.0 1.6431676725154984 0.6085806194501846 1 0 0 0.870157500159281 0.49277370558558714 2.1110437001181066
cell 64.81777204266733 29.49108906156888 0.0 1.6431676725154984 0.6085806194501846 1 0 0 0.4851281643240983 0.874443059426702 1.0130194570498419
cell 7.007194479092616 48.26602436823137 0.0 1.6431676725154984 0.6085806194501846 1 0 0 0.9817702025019512 0.1900717482407041 2.759122200595281
cell 42.331674370901965 57.45417305764296 0.0 1.6431676725154984 0.6085806194501846 1 0 0 0.5820553419215246 0.8131491738547221 1.2425080858650162
cell 14.490036427755543 62.640444403179885 0.0 1.6431676725154984 0.6085806194501846 1 0 0 0.7808566985042881 0.6247101859270291 1.7920719956897928
cell 39.870633626491355 50.16914322560191 0.0 1.6431676725154984 0.6085806194501846 1 0 0 0.7690512334797925 0.6391871402673943 1.7547109807605694
cell 59.621435146901035 48.96214519254567 0.0 1.6431676725154984 0.6085806194501846 1 0 0 0.8290515790934561 0.5591721373625897 1.9548188587152173
cell 2.23174159857456 15.414144074216056 0.0 1.6431676725154984 0.6085806194501846 1 0 0 -0.515753739873798 -0.8567368789810502 1.0837743927902244
cell 32.64107744761738 22.217209525045813 0.0 1.6431676725154984 0.6085806194501846 1 0 0 0.7274243788956714 0.6861878554654306 1.629121844460017
cell 66.90587783390276 41.16076197881775 0.0 1.6431676725154984 0.6085806194501846 1 0 0 0.8773779277848776 0.47979992896614126 2.1407393230254614
cell 4.666515792904343 6.379418571821834 0.0 1.6431676725154984 0.6085806194501846 1 0 0 -0.8111049666996991 -0.5849006180498358 1.8920776021350125
cell 21.427344943414578 0.08357042651016722 0.0 1.6431676725154984 0.6085806194501846 1 0 0 0.8022949542732749 -0.596927806646368 4.420925397885772
cell 13.097656712003635 64.56091281607137 0.0 1.6431676725154984 0.6085806194501846 1 0 0 0.759504287213638 0.6505022964633588 1.7251014589085754
cell 16.933361839045826 32.31964761981465 0.0 1.6431676725154984 0.6085806194501846 1 0 0 0.9164471107234301 0.40015583620219386 2.318218886361961
cell 15.743857153808964 30.68599637990933 0.0 1.6431676725154984 0.6085806194501846 1 0 0 0.9033136390047545 0.42898073335289566 2.254864433287299
cell 51.31956906553029 29.385308924649436 0.0 1.6431676725154984 0.6085806194501846 1 0 0 0.726569066917404 0.6870934368765088 1.626630550440525
cell 0.30599981115798414 46.420034891086246 0.0 1.6431676725154984 0.6085806194501846 1 0 0 0.8721141377376479 0.489302494126199 2.1190130816794226
cell 9.152545028732076 26.82665979284227 0.0 1.6431676725154984 0.6085806194501846 1 0 0 0.8239733418133736 0.5666285661532618 1.9367758682564524
cell 36.23572337777975 21.273153478834313 0.0 1.6431676725154984 0.6085806194501846 1 0 0 0.6979314195850931 0.7161645994852976 1.5450100020750255
cell 36.36914417842093 31.67591600235763 0.0 1.6431676725154984 0.6085806194501846 1 0 0 0.8140680684125757 0.5807694723304747 1.902245471604093
cell 66.11973801271584 13.39997593842275 0.0 1.6431676725154984 0.6085806194501846 1 0 0 0.5721466367197632 0.8201513434057542 1.2182416791924113
cell 54.730500401921354 45.72177847127201 0.0 1.6431676725154984 0.6085806194501846 1 0 0 0.6731881380605793 0.7394712508100165 1.4770234962006519
cell 58.09884791291606 3.822345322217959 0.0 1.6431676725154984 0.6085806194501846 1 0 0 0.6849890231035873 0.7285533873557881 1.5091772640806436
cell 12.650913300669364 20.121859553362707 0.0 1.6431676725154984 0.6085806194501846 1 0 0 0.7768245503843659 0.6297170935587884 1.7792147044005906
cell 55.33979998755994 22.31492984013987 0.0 1.6431676725154984 0.6085806194501846 1 0 0 0.9564080481706154 0.2920336374366381 2.548887698071138
cell 37.137411644038686 13.57373735380643 0.0 1.6431676725154984 0.6085806194501846 1 0 0 0.931231263847223 0.3644287766265224 2.3955540079362314
cell 41.92668850970821 43.98391823521739 0.0 1.6431676725154984 0.6085806194501846 1 0 0 0.5601001477560432 0.8284249057601168 1.1890133688412965
cell 32.652098041068456 28.608955813723707 0.0 1.6431676725154984 0.6085806194501846 1 0 0 0.3046232201868427 0.9524729359530372 0.6190856472871501
cell 58.16207540533766 25.42593774362444 0.0 1.6431676725154984 0.6085806194501846 1 0 0 0.8482546469552147 0.5295885704194192 2.025361731346205
cell 14.996000817346243 42.072799687242046 0.0 1.6431676725154984 0.6085806194501846 1 0 0 0.9864201926430646 0.16424129671315724 2.811615025977711
cell 56.79752231271957 18.255299097763363 0.0 1.6431676725154984 0.6085806194501846 1 0 0 0.8410861106518206 0.5409012428055545 1.9985761269825952
cell 11.6345028784738 35.665286440716116 0.0 1.6431676725154984 0.6085806194501846 1 0 0 0.8799070484084065 0.4751458577754899 2.151333075028423
cell 26.221253002001177 62.86151592398753 0.0 1.6431676725154984 0.6085806194501846 1 0 0 0.8627519661989269 0.5056273774429996 2.0813746691892394
cell 42.08749956577587 29.83770368862758 0.0 1.6431676725154984 0.6085806194501846 1 0 0 0.8105649951410117 0.5856486904724125 1.8902324119616296
cell 13.622705468670766 14.750557540886515 0.0 1.6431676725154984 0.6085806194501846 1 0 0 -0.694777755103476 -0.7192244927791145 1.5362216967319986
cell 59.05366619517451 37.095155710966544 0.0 1.6431676725154984 0.6085806194501846 1 0 0 0.8011669909554147 0.5984408513825293 1.8584854653998613
cell 57.02379483559913 15.552191687184132 0.0 1.6431676725154984 0.6085806194501846 1 0 0 -0.7681565925475098 -0.6402620161510435 1.7519140246424225
cell 52.62006469565568 31.597626602044226 0.0 1.6431676725154984 0.6085806194501846 1 0 0 0.8925459784249157 0.45095640188105757 2.2059194678110794
cell 40.44544734321705 37.69791869755666 0.0 1.6431676725154984 0.6085806194501846 1 0 0 -0.6937181117882517 -0.7202466114997992 1.5332771621159997
cell 58.55316083059113 7.046383119760291 0.0 1.6431676725154984 0.6085806194501846 1 0 0 0.6824913791302921 0.7308936430239572 1.50233181787267
cell 32.66315203844314 25.202884333614794 0.0 1.6431676725154984 0.6085806194501846 1 0 0 0.5220766381415958 0.8528985777375697 1.09856788438471
cell 51.65620520279925 34.195669462048016 0.0 1.6431676725154984 0.6085806194501846 1 0 0 -0.8390985039181601 -0.543979503954244 1.9912477472846497
cell 10.615675560698591 39.83892883850764 0.0 1.6431676725154984 0.6085806194501846 1 0 0 0.9113995171252167 0.41152268489588983 2.293344365718268
cell 31.329797828224486 14.090438640172655 0.0 1.6431676725154984 0.6085806194501846 1 0 0 0.7916131968086765 0.6110225418414182 1.8268893195482359
cell 65.00769549747923 39.95825063741846 0.0 1.6431676725154984 0.6085806194501846 1 0 0 0.7264460378614511 0.6872235110030791 1.6262724698512867
cell 28.394578150574535 62.29194749036745 0.0 1.6431676725154984 0.6085806194501846 1 0 0 0.7306794011096125 0.6827207429059835 1.6386331181364546
cell 64.09997665959357 0.5957741888716652 0.0 1.6431676725154984 0.6085806194501846 1 0 0 -0.5811207798531929 -0.8138173254624265 1.2402104061870753
cell 14.022764722079442 65.82803950744373 0.0 1.6431676725154984 0.6085806194501846 1 0 0 0.7990621582511748 0.6012484239072685 1.8514675463840133
cell 44.40623594082414 54.26030856319313 0.0 1.6431676725154984 0.6085806194501846 1 0 0 0.8191636791057056 0.5735598197520504 1.919902747149255
cell 66.43259290354126 4.429350582654162 0.0 1.6431676725154984 0.6085806194501846 1 0 0 -0.6557158866309037 -0.7550077324238791 1.4302608300645936
cell 5.405635116513004 27.874711594875848 0.0 1.6431676725154984 0.6085806194501846 1 0 0 0.8488841769446572 0.5285789005749207 2.0277414299569743
cell 51.883579278637114 64.04304086929234 0.0 1.6431676725154984 0.6085806194501846 1 0 0 0.5608123785699218 0.8279429183480868 1.1907333509844313
cell 18.65162641658109 22.442332696145822 0.0 1.6431676725154984 0.6085806194501846 1 0 0 0.7908411698405159 0.6120214408705664 1.8243643838091008
cell 0.22219782681385455 26.01304661152167 0.0 1.6431676725154984 0.6085806194501846 1 0 0 0.6768772286333997 0.7360959294531987 1.4870239433124302
cell 56.78207360304973 39.03564397519481 0.0 1.6431676725154984 0.6085806194501846 1 0 0 0.6128835754580981 0.7901732233717477 1.3194094883851
cell 64.58283829858325 46.38226220951782 0.0 1.6431676725154984 0.6085806194501846 1 0 0 -0.7966219644991859 -0.604477828937884 1.843372208276783
cell 34.218011016226065 11.022138234170225 0.0 1.6431676725154984 0.6085806194501846 1 0 0 -0.8649422289640734 -0.5018714382734492 2.0900704980300038
cell 53.991487028926024 56.13610987944136 0.0 1.6431676725154984 0.6085806194501846 1 0 0 0.6270122517745291 0.7790093941183472 1.3554238932791873
cell 65.55901739495246 10.385616257191973 0.0 1.6431676725154984 0.6085806194501846 1 0 0 0.5972254614284986 0.8020734057563041 1.2800748551132475
cell 26.05720188069754 3.119262442327208 0.0 1.6431676725154984 0.6085806194501846 1 0 0 0.8519710965914389 0.5235888182274151 2.039476862377879
cell 37.07828383886721 50.507656217296734 0.0 1.6431676725154984 0.6085806194501846 1 0 0 0.5144955459908243 0.8574930513745308 1.0808385120550696
cell 63.48506716068961 64.8980767733548 0.0 1.6431676725154984 0.6085806194501846 1 0 0 0.4779747910115701 0.8783735533117136 0.9966952539417417
cell 51.16374741259245 16.468276643980193 0.0 1.6431676725154984 0.6085806194501846 1 0 0 0.752251244461575 0.6588763656453399 1.7029444808561864
cell 52.95218923367822 22.06936617270737 0.0 1.6431676725154984 0.6085806194501846 1 0 0 0.6767277599297159 0.736233345441857 1.4866178691937697
cell 7.040244412945758 31.545570781415186 0.0 1.6431676725154984 0.6085806194501846 1 0 0 0.8801687287555424 0.47466094101037254 2.152435111109232
cell 36.17536585395111 58.85962654885691 0.0 1.6431676725154984 0.6085806194501846 1 0 0 0.6942866537117028 0.7196985775154805 1.5348565052694583
cell 6.552151203452575 24.927603165887394 0.0 1.6431676725154984 0.6085806194501846 1 0 0 0.8367577722453428 0.5475732193844136 1.9826701383983434
cell 16.54649741925289 35.65682153555542 0.0 1.6431676725154984 0.6085806194501846 1 0 0 0.9322561716505182 0.36179888117505227 2.4011991089557223
cell 56.34815264060711 43.02306898352726 0.0 1.6431676725154984 0.6085806194501846 1 0 0 0.6109290087764806 0.7916853833660105 1.3144670347964245
cell 49.25998844009194 37.09760218127226 0.0 1.6431676725154984 0.6085806194501846 1 0 0 0.6238197235406395 0.7815682647866916 1.3472409649588357
cell 55.32645020589295 61.467738055244304 0.0 1.6431676725154984 0.6085806194501846 1 0 0 0.6565189420095597 0.7543095377778597 1.4323890911498685
cell 62.071123081072024 14.076629425588106 0.0 1.6431676725154984 0.6085806194501846 1 0 0 0.8226265383096408 0.5685820771609822 1.9320303071404448
cell 45.52353316492882 51.1797997369046 0.0 1.6431676725154984 0.6085806194501846 1 0 0 0.8315555577663863 0.5554415850004698 1.9638048398147847
cell 3.8557460054999 5.547855266025405 0.0 1.6431676725154984 0.6085806194501846 1 0 0 0.7859234547159579 0.6183238013592341 1.8083763870509189
cell 58.21360177854767 15.383961989839216 0.0 1.6431676725154984 0.6085806194501846 1 0 0 0.8026285221661341 0.5964792162392648 1.8633779448936587
cell 59.15287711273106 12.626239248025822 0.0 1.6431676725154984 0.6085806194501846 1 0 0 0.6815348068061243 0.7317856975315511 1.4997158728428324
cell 2.9614006900634084 19.241457670809066 0.0 1.6431676725154984 0.6085806194501846 1 0 0 0.6248788877833026 0.7807217017623519 1.3499527895319143
cell 6.408726497659637 0.9031229070709327 0.0 1.6431676725154984 0.6085806194501846 1 0 0 -0.779751914407098 -0.6260886135192572 1.7885389452571285
cell 60.11331725770805 42.15034943994797 0.0 1.6431676725154984 0.6085806194501846 1 0 0 -0.7898422380348891 -0.6133100675971638 1.8211034488623543
cell 66.0214753083895 53.08474211524236 0.0 1.6431676725154984 0.6085806194501846 1 0 0 0.8387118612310615 0.5445754436534288 1.9898269915508615
cell 5.348105041445488 9.419075726914668 0.0 1.6431676725154984 0.6085806194501846 1 0 0 0.8297742883882908 0.5580991223158351 1.957406266876937
cell 3.2371184034516607 2.411060894205842 0.0 1.6431676725154984 0.6085806194501846 1 0 0 0.7645722339929691 0.6445380508604597 1.7407547809671053
cell 32.93850792783957 34.10038930570302 0.0 1.6431676725154984 0.6085806194501846 1 0 0 0.5011138161044676 0.8653813860427192 1.049770755731467
cell 66.08476002812526 49.5147228648975 0.0 1.6431676725154984 0.6085806194501846 1 0 0 0.8462548667914127 0.5327782844972647 2.017832212545537
cell 62.17561643307117 28.609541921770845 0.0 1.6431676725154984 0.6085806194501846 1 0 0 0.6646405451413807 0.7471632657954809 1.4540252444145145
cell 57.495015080698074 23.692553577704864 0.0 1.6431676725154984 0.6085806194501846 1 0 0 0.7860855245506866 0.618117746138931 1.8089006975907203
cell 6.3975102247939155 21.87084659153311 0.0 1.6431676725154984 0.6085806194501846 1 0 0 -0.7902232173334724 -0.6128191142475369 1.8223463172059642
cell 45.075541145384044 43.420959395731956 0.0 1.6431676725154984 0.6085806194501846 1 0 0 0.6713874738809468 0.7411065105069318 1.4721587377559944
cell 55.88602267723863 57.25676742736424 0.0 1.6431676725154984 0.6085806194501846 1 0 0 0.7140364563125733 0.7001085194857884 1.5904937223805486
cell 50.3264773836967 24.308277732574627 0.0 1.6431676725154984 0.6085806194501846 1 0 0 0.677001422993254 0.7359817071538594 1.487361410186381
cell 59.971064335371 33.88310666964964 0.0 1.6431676725154984 0.6085806194501846 1 0 0 0.7909216649579136 0.6119174126466755 1.8246274528898816
cell 35.07999207814052 20.6742929533718 0.0 1.6431676725154984 0.6085806194501846 1 0 0 0.6656706097520438 0.7462456963442685 1.4567842058870344
cell 42.462468608216966 48.339456227656385 0.0 1.6431676725154984 0.6085806194501846 1 0 0 0.7418987665951349 0.6705119090102857 1.671795511662075
cell 41.04212819660851 8.679341099779867 0.0 1.6431676725154984 0.6085806194501846 1 0 0 0.8373969124627362 0.5465952899521516 1.9850066711691026
cell 66.62057914903518 34.12954980895296 0.0 1.6431676725154984 0.6085806194501846 1 0 0 0.7259788687606759 0.6877170072878592 1.6249133737257953
cell 21.6119626892323 9.658490157039452 0.0 1.6431676725154984 0.6085806194501846 1 0 0 0.820875437552369 -0.5711072719053809 4.357300883145762
cell 27.55726316557489 6.8873175204211705 0.0 1.6431676725154984 0.6085806194501846 1 0 0 0.8732897195628231 0.48720125790671537 2.1238285521978115
cell 6.893059654581889 41.970997710180264 0.0 1.6431676725154984 0.6085806194501846 1 0 0 0.9248172394761528 0.38041171586546624 2.361109769735462
cell 4.318323634133343 20.33698864951765 0.0 1.6431676725154984 0.6085806194501846 1 0 0 0.6164596790777259 0.7873864769421604 1.3284769043275666
cell 34.15718696330968 26.5535815669953 0.0 1.6431676725154984 0.6085806194501846 1 0 0 0.7269959489226268 0.6866417481118443 1.6278735323373192
cell 64.9816970305077 66.95378427589569 0.0 1.6431676725154984 0.6085806194501846 1 0 0 0.6025659900490433 0.7980690619465312 1.2934249383686056
cell 12.589951790850224 33.03165234785283 0.0 1.6431676725154984 0.6085806194501846 1 0 0 0.854774308096382 0.5189998865301914 2.0502316489481114
cell 11.217472970200939 27.086214794150496 0.0 1.6431676725154984 0.6085806194501846 1 0 0 0.7641337068263961 0.6450578873959696 1.7393945808093318
cell 0.47387764965080514 43.540449935386945 0.0 1.6431676725154984 0.6085806194501846 1 0 0 -0.8935792039320112 -0.4489055650136598 2.2105122835585984
cell 43.49583496840973 62.85701903513243 0.0 1.6431676725154984 0.6085806194501846 1 0 0 0.5862828647754479 0.8101064142880822 1.2529254553216436
cell 54.30957863310359 65.35196561211347 0.0 1.6431676725154984 0.6085806194501846 1 0 0 -0.5860974090269404 -0.8102405982989913 1.252467637962135
cell 34.96627597967276 29.40001305479738 0.0 1.6431676725154984 0.6085806194501846 1 0 0 0.428037362726151 0.9037610392744542 0.8846400486239572
cell 6.001538834229646 41.523354242303746 0.0 1.6431676725154984 0.6085806194501846 1 0 0 0.8997480573821166 0.43640970800052936 2.2383837268872013
cell 3.0637374224012537 64.22818334937429 0.0 1.6431676725154984 0.6085806194501846 1 0 0 0.7822542500388819 0.6229592990686521 1.7965525122589736
cell 21.370532253344436 54.225356701136995 0.0 1.6431676725154984 0.6085806194501846 1 0 0 0.8884050975195866 -0.45906032577561506 4.095467053478542
cell 13.52911075925434 30.163903273588183 0.0 1.6431676725154984 0.6085806194501846 1 0 0 0.8520167235146394 0.5235145679457054 2.0396511600595564
cell 48.06446902675441 63.17290164299773 0.0 1.6431676725154984 0.6085806194501846 1 0 0 0.6888478396655857 0.7249059620309765 1.5197969143577692
cell 3.808484809923288 41.4626266995329 0.0 1.6431676725154984 0.6085806194501846 1 0 0 -0.8897282362371682 -0.4564905975398593 2.1934989820591895
cell 26.001177006431952 23.724873935390004 0.0 1.6431676725154984 0.6085806194501846 1 0 0 0.8163736889251874 -0.5775240255008284 4.372977717263298
cell 5.4175494728541365 37.325044766197244 0.0 1.6431676725154984 0.6085806194501846 1 0 0 0.8835762102233863 0.4682873911683704 2.1668896321876416
cell 26.08969050142891 60.49561131325544 0.0 1.6431676725154984 0.6085806194501846 1 0 0 0.7871536275493836 0.6167569753442975 1.812360490600499
cell 31.737221759179526 6.895409516677299 0.0 1.6431676725154984 0.6085806194501846 1 0 0 0.833691772470095 0.5522300503555302 1.9715190828705091
cell 39.99227072679222 29.775966094314068 0.0 1.6431676725154984 0.6085806194501846 1 0 0 0.6391009095226043 0.7691228948922142 1.3866574310009183
cell 48.225444896105195 26.591467741154094 0.0 1.6431676725154984 0.6085806194501846 1 0 0 0.6273330440054092 0.7787510846855414 1.3562476199835436
cell 64.17844140447325 48.875168946887904 0.0 1.6431676725154984 0.6085806194501846 1 0 0 -0.7506711086829724 -0.6606760829549356 1.698154568867472
cell 8.4355421378201 34.60624188032135 0.0 1.6431676725154984 0.6085806194501846 1 0 0 0.8075917901536902 0.5897418930993099 1.880114248051021
cell 65.31462423652717 2.9561588172741216 0.0 1.6431676725154984 0.6085806194501846 1 0 0 0.6296086176387312 0.776912471643393 1.3620986846332501
cell 9.1845008560981 6.884245856614093 0.0 1.6431676725154984 0.6085806194501846 1 0 0 0.5074306862372365 0.8616925778169423 1.0644009154044052
cell 64.08256253566832 5.212293354919236 0.0 1.6431676725154984 0.6085806194501846 1 0 0 0.632387469749456 0.7746522368804474 1.3692626762456948
cell 46.57758035364819 59.33767889961171 0.0 1.6431676725154984 0.6085806194501846 1 0 0 0.7475942754385929 0.6641557041322804 1.6888648530181016
cell 45.671120566449545 61.63259019548761 0.0 1.6431676725154984 0.6085806194501846 1 0 0 0.6693674789429019 0.7429314760687042 1.4667141501947012
cell 12.193784608560527 40.963074270360416 0.0 1.6431676725154984 0.6085806194501846 1 0 0 0.9086734126284819 0.4175076396691546 2.280191193438421
cell 12.927652121765771 16.933448155719024 0.0 1.6431676725154984 0.6085806194501846 1 0 0 0.6296119966281513 0.776909733303627 1.3621073831559236
cell 61.577511812475514 63.08546524300088 0.0 1.6431676725154984 0.6085806194501846 1 0 0 0.5393682522717017 0.8420700021027765 1.1393733942836992
cell 8.76743447175053 12.361692640713807 0.0 1.6431676725154984 0.6085806194501846 1 0 0 -0.8051271183165968 -0.5931022874270615 1.8717795297146687
cell 12.11071385745832 30.38771719749297 0.0 1.6431676725154984 0.6085806194501846 1 0 0 0.8514626374828027 0.5244152714889502 2.037536186482698
cell 62.80597797059394 47.24479647151262 0.0 1.6431676725154984 0.6085806194501846 1 0 0 0.7609934947112313 0.6487595093770782 1.729686237245764
cell 65.12091751239073 7.453873539961208 0.0 1.6431676725154984 0.6085806194501846 1 0 0 0.6301956781177028 0.7764363510821531 1.3636104132094269
cell 56.788991468196706 54.31550999331487 0.0 1.6431676725154984 0.6085806194501846 1 0 0 0.8019474958915807 0.5973945210940784 1.8610962087958127
cell 14.747138648917455 13.665081225959455 0.0 1.6431676725154984 0.6085806194501846 1 0 0 0.6046407316295493 0.796498327464963 1.2986294607324216
cell 65.81863006518915 51.551354568787325 0.0 1.6431676725154984 0.6085806194501846 1 0 0 0.8387321085336064 0.5445442590963299 1.9899013536342631
cell 22.245147482628262 24.061425276040996 0.0 1.6431676725154984 0.6085806194501846 1 0 0 0.7297610376543195 0.6837022948050494 1.6359447462584347
cell 41.12715417796033 32.48557131037587 0.0 1.6431676725154984 0.6085806194501846 1 0 0 0.6252420960742318 0.7804308561920787 1.3508834052684107
cell 37.3846364395366 9.70204295686883 0.0 1.6431676725154984 0.6085806194501846 1 0 0 0.8832602108726655 0.4688831409734994 2.165540894352179
cell 10.680021039001922 4.015664729182954 0.0 1.6431676725154984 0.6085806194501846 1 0 0 0.7285966983165263 0.684942954706636 1.6325418511479033
cell 49.97651435557976 0.6383610514369955 0.0 1.6431676725154984 0.6085806194501846 1 0 0 0.5814038052510028 0.8136151518006864 1.2409060427776206
cell 34.51892121711471 44.67356597810193 0.0 1.6431676725154984 0.6085806194501846 1 0 0 0.5389882291923527 0.8423132961031138 1.138470932063121
cell 47.51595059607969 46.63087285599149 0.0 1.6431676725154984 0.6085806194501846 1 0 0 -0.6611355542346684 -0.7502664719463464 1.4446625760570981
cell 7.624591582023303 20.234801025616935 0.0 1.6431676725154984 0.6085806194501846 1 0 0 -0.8012813836501452 -0.5982876768041514 1.8588678167575434
cell 25.73556144765597 19.500087976372328 0.0 1.6431676725154984 0.6085806194501846 1 0 0 0.4990147105504695 0.8665935140850243 1.0449228690188632
cell 51.66516460716814 52.590332835776294 0.0 1.6431676725154984 0.6085806194501846 1 0 0 0.6818900943727009 0.7314546460283023 1.5006871078450879
cell 2.067960071935219 59.39678820847526 0.0 1.6431676725154984 0.6085806194501846 1 0 0 0.8650967430079451 0.5016050490545778 2.090686412980087
cell 2.1514380186466027 40.98518266317309 0.0 1.6431676725154984 0.6085806194501846 1 0 0 0.9233721092707019 0.3839061705950752 2.353546798835626
cell 16.46606346451418 19.060714563465524 0.0 1.6431676725154984 0.6085806194501846 1 0 0 0.734768023536964 0.6783184735709205 1.6506492601519327
cell 39.410806985525305 35.48359866623318 0.0 1.6431676725154984 0.6085806194501846 1 0 0 0.6577740332491091 0.7532153219254106 1.4357192941418415
cell 23.10740305690372 15.374242894308287 0.0 1.6431676725154984 0.6085806194501846 1 0 0 0.8656240555383673 -0.5006945121262161 4.190394483493581
cell 66.39271458003806 54.306751997518035 0.0 1.6431676725154984 0.6085806194501846 1 0 0 0.8494743716848303 0.5276298814990132 2.029976573950329
cell 4.790889670868456 17.387554151505743 0.0 1.6431676725154984 0.6085806194501846 1 0 0 0.748284108358919 0.6633783936619413 1.6909433920458605
cell 60.85828112809527 42.96996647037817 0.0 1.6431676725154984 0.6085806194501846 1 0 0 0.8242609029261309 0.5662101764428112 1.9377912329178764
cell 39.862516826406484 53.3754255485108 0.0 1.6431676725154984 0.6085806194501846 1 0 0 0.5932850241272529 0.8049924721053763 1.2702670943764311
cell 65.8064657043523 46.4163658124625 0.0 1.6431676725154984 0.6085806194501846 1 0 0 -0.887018680035931 -0.4617335392488992 2.181695553122246
cell 18.877573530771553 36.374890005566584 0.0 1.6431676725154984 0.6085806194501846 1 0 0 0.9398769558608429 0.34151326158987627 2.4445396715153316
cell 59.718248149559734 19.200002483341056 0.0 1.6431676725154984 0.6085806194501846 1 0 0 -0.8583475864708505 -0.513068631666043 2.0640805903071033
cell 55.35681014988701 7.503195990853898 0.0 1.6431676725154984 0.6085806194501846 1 0 0 0.5436336877253312 0.8393225920765848 1.1495207597906734
cell 20.79311164629261 23.723934670753266 0.0 1.6431676725154984 0.6085806194501846 1 0 0 0.8336523502274054 0.5522895607924556 1.971376315852975
cell 55.357796812183324 50.985374832683924 0.0 1.6431676725154984 0.6085806194501846 1 0 0 0.7068194538010718 0.7073939918661697 1.5699838072487848
cell 50.77149587160139 64.40072795978588 0.0 1.6431676725154984 0.6085806194501846 1 0 0 -0.5492000775874797 -0.8356908966704772 1.1628134751238637
cell 34.99745266472443 33.284205808395 0.0 1.6431676725154984 0.6085806194501846 1 0 0 0.5556541942208064 0.8314135050892705 1.1782992104664494
cell 65.45040486271306 35.03975904292135 0.0 1.6431676725154984 0.6085806194501846 1 0 0 0.5450199002096514 0.838423108206985 1.1528256996719597
cell 2.457409475064112 8.964619895834307 0.0 1.6431676725154984 0.6085806194501846 1 0 0 0.7073426068821629 0.7068708768149569 1.5714634538660899
cell 7.888845633172904 32.150200485370284 0.0 1.6431676725154984 0.6085806194501846 1 0 0 0.9447060024311796 0.32791854014449984 2.473393770157328
cell 7.466483365142725 1.5369018081598573 0.0 1.6431676725154984 0.6085806194501846 1 0 0 0.7812137815766304 0.6242635881378481 1.7932156003675783
cell 23.28028645559588 13.451577782523133 0.0 1.6431676725154984 0.6085806194501846 1 0 0 0.5422486997326971 0.8402180357729768 1.1462222681537657
cell 52.199108922396235 66.91383902424104 0.0 1.6431676725154984 0.6085806194501846 1 0 0 0.6170096476837341 0.7869555862087735 1.3298742336539167
cell 30.883556587456052 26.109607006668 0.0 1.6431676725154984 0.6085806194501846 1 0 0 -0.45981526989983923 -0.8880145931047181 0.9555743226778484
cell 19.919646577586736 13.647634864176716 0.0 1.6431676725154984 0.6085806194501846 1 0 0 0.748627026160917 0.6629913843342624 1.6919775464726166
cell 64.82233265032579 50.9121990074911 0.0 1.6431676725154984 0.6085806194501846 1 0 0 0.8012230389385242 0.5983658094127003 1.8586727905039224
cell 2.144537686187838 20.610653897704562 0.0 1.6431676725154984 0.6085806194501846 1 0 0 0.5913261431444393 0.8064325095343826 1.2654046154146859
cell 4.19072542252216 22.94643626058568 0.0 1.6431676725154984 0.6085806194501846 1 0 0 0.8253383272586986 0.5646385087450317 1.9416022609384096
cell 4.657232102129838 48.62396554545957 0.0 1.6431676725154984 0.6085806194501846 1 0 0 0.9676882841658443 0.2521495284313739 2.6317908195538977
cell 17.049917659331165 14.025765603807722 0.0 1.6431676725154984 0.6085806194501846 1 0 0 0.8168850462911954 0.5768005037669711 1.9119795606908585
cell 29.5988370416386 12.411609123735726 0.0 1.6431676725154984 0.6085806194501846 1 0 0 0.8527853943560698 0.5222614969275091 2.042591256811899
cell 34.57670841808918 23.38511803069991 0.0 1.6431676725154984 0.6085806194501846 1 0 0 0.7004731849655041 0.7136787212354608 1.552120606897842
cell 41.18478569556802 35.291786739690714 0.0 1.6431676725154984 0.6085806194501846 1 0 0 0.596355893474351 0.8027201556697131 1.2779074289970291
cell 14.769462879234192 34.79239762654483 0.0 1.6431676725154984 0.6085806194501846 1 0 0 0.906829029953215 0.4214986481996249 2.271398030712697
cell 33.81315408140989 21.12138775040743 0.0 1.6431676725154984 0.6085806194501846 1 0 0 0.7285441976861925 0.6849987970922153 1.6323885581185051
cell 53.67946425798006 32.17648503269681 0.0 1.6431676725154984 0.6085806194501846 1 0 0 0.9086908898911243 0.4174695996463414 2.2802749191344853
cell 48.77250207393983 46.7544882246432 0.0 1.6431676725154984 0.6085806194501846 1 0 0 0.6389478504175998 0.7692500532640401 1.386259454412256
cell 44.573774884179464 23.318327617609107 0.0 1.6431676725154984 0.6085806194501846 1 0 0 0.8203477088902339 0.5718650509679221 1.9240375599792063
cell 54.50463138714425 52.187527877894034 0.0 1.6431676725154984 0.6085806194501846 1 0 0 0.6726021115378078 0.740004324010936 1.4754390793921661
cell 53.475061422004444 24.7967606075048 0.0 1.6431676725154984 0.6085806194501846 1 0 0 0.7869589928545015 0.6170053027044651 1.8117294624138531
cell 25.77175398620805 8.805110123148063 0.0 1.6431676725154984 0.6085806194501846 1 0 0 0.7925694093595854 0.6097817079475228 1.8300223766473664
cell 4.582443927464967 47.499400138485875 0.0 1.6431676725154984 0.6085806194501846 1 0 0 0.9688935975747859 0.24747766884830008 2.6414405029761445
cell 1.3514023159737016 38.813797122314156 0.0 1.6431676725154984 0.6085806194501846 1 0 0 0.8890647774141395 0.4577814124246928 2.190596306709448
cell 58.194049674522276 9.600603605771852 0.0 1.6431676725154984 0.6085806194501846 1 0 0 0.60571575304177 0.7956811085585993 1.3013302147417698
cell 58.42720578631107 32.22438096154377 0.0 1.6431676725154984 0.6085806194501846 1 0 0 -0.7545048130499641 -0.6562945124594892 1.709798544979141
cell 64.76375881529218 36.71127704378137 0.0 1.6431676725154984 0.6085806194501846 1 0 0 -0.652309234136041 -0.7579529425108472 1.4212542595854636
cell 39.49806541361644 47.9247552225457 0.0 1.6431676725154984 0.6085806194501846 1 0 0 0.814503500828623 0.5801586396305043 1.9037457622461829
cell 62.123142658678965 58.45653576003531 0.0 1.6431676725154984 0.6085806194501846 1 0 0 0.6065306154476019 0.7950601313892889 1.3033792276524663
cell 30.777292720538917 19.74448673561426 0.0 1.6431676725154984 0.6085806194501846 1 0 0 0.639115391930174 0.7691108605382843 1.3866950908364746
cell 63.987064545999914 39.30506582725591 0.0 1.6431676725154984 0.6085806194501846 1 0 0 0.7705491813270151 0.6373805450092329 1.759404651693921
cell 37.33890877403097 44.753487413850976 0.0 1.6431676725154984 0.6085806194501846 1 0 0 0.6302357472742145 0.776403827178687 1.3637136283556182
cell 1.9805113528166838 56.28689097020066 0.0 1.6431676725154984 0.6085806194501846 1 0 0 0.9117083094341558 0.410838117156519 2.294846345353754
cell 48.23976452082511 29.338785986594345 0.0 1.6431676725154984 0.6085806194501846 1 0 0 -0.5931247463570757 -0.805110573312048 1.2698689142224246
cell 11.034490495465525 30.072364823749588 0.0 1.6431676725154984 0.6085806194501846 1 0 0 0.8132301323502841 0.5819422237967781 1.8993627761946772
cell 15.804144356639476 24.40290620441904 0.0 1.6431676725154984 0.6085806194501846 1 0 0 0.7887777412822803 0.6146785134178875 1.8176360013553412
cell 17.506529803718475 44.904034860610096 0.0 1.6431676725154984 0.6085806194501846 1 0 0 0.30746868042219205 -0.9515582013515704 5.658121904463338
cell 63.44661590776396 59.8493364995156 0.0 1.6431676725154984 0.6085806194501846 1 0 0 0.5577788790496389 0.8299895915528871 1.1834146064226776
cell 37.586107241645514 11.394699486494897 0.0 1.6431676725154984 0.6085806194501846 1 0 0 -0.8763375043905182 -0.481697600573844 2.1364109791397468
cell 42.853680430262386 26.35079423999376 0.0 1.6431676725154984 0.6085806194501846 1 0 0 0.8488254486274495 0.5286732050732373 2.0275192376649613
cell 55.19382577828994 35.039009217653515 0.0 1.6431676725154984 0.6085806194501846 1 0 0 0.7592286180820985 0.6508240203658335 1.7242541107105072
cell 7.603682793172473 65.39192454714261 0.0 1.6431676725154984 0.6085806194501846 1 0 0 0.7471653066501657 0.6646382508841663 1.687573550414245
cell 15.755647377730016 16.269731996618003 0.0 1.6431676725154984 0.6085806194501846 1 0 0 0.7124169628375645 0.7017564186106887 1.5858727558079542
cell 55.53805822993538 54.24287730863208 0.0 1.6431676725154984 0.6085806194501846 1 0 0 0.6446304589399208 0.7644943239860628 1.4010796098547695
cell 24.742838219255518 0.5988145749302392 0.0 1.6431676725154984 0.6085806194501846 1 0 0 -0.9135027680784004 -0.4068325118683367 2.3036247248121526
cell 45.799731119471204 57.56611941746244 0.0 1.6431676725154984 0.6085806194501846 1 0 0 0.7716729751562086 0.6360195118182818 1.7629347081955509
cell 43.86122201159105 5.678995732834892 0.0 1.6431676725154984 0.6085806194501846 1 0 0 0.8172476544838064 0.5762866224724611 1.9132374298402295
cell 33.04670434026315 8.880156798479494 0.0 1.6431676725154984 0.6085806194501846 1 0 0 -0.8738986483969166 -0.4861081693718409 2.1263310605988623
cell 2.0813859205818184 0.004411760171024071 0.0 1.6431676725154984 0.6085806194501846 1 0 0 0.7340364573072229 0.679110064233966 1.6484935189440868
cell 28.8324961928805 15.573576373380863 0.0 1.6431676725154984 0.6085806194501846 1 0 0 -0.7326356924296199 -0.6806209974561256 1.644372808837387
cell 32.73219840765594 63.74292870410959 0.0 1.6431676725154984 0.6085806194501846 1 0 0 0.7290672494808075 0.6844420689397241 1.633916340097718
cell 23.23887842350219 10.81168676001171 0.0 1.6431676725154984 0.6085806194501846 1 0 0 0.642374296204896 0.7663910643889741 1.3951845608361717
cell 36.10235864127624 45.204720603923455 0.0 1.6431676725154984 0.6085806194501846 1 0 0 0.5216627334735575 0.8531517992156472 1.0975974449052928
cell 4.599376545696568 27.087371920273764 0.0 1.6431676725154984 0.6085806194501846 1 0 0 0.8911722057459059 0.453665184586581 2.199845009082703
cell 2.0508306048116647 25.476762292006814 0.0 1.6431676725154984 0.6085806194501846 1 0 0 0.6945033284402272 0.7194894903926297 1.53545871906408
cell 0.11361481687341045 0.49890202617723245 0.0 1.6431676725154984 0.6085806194501846 1 0 0 0.6320675013597321 0.7749133330410989 1.368436719883764
cell 15.099913995529228 0.31152477033340586 0.0 1.6431676725154984 0.6085806194501846 1 0 0 0.9632369808640463 0.26865315686944186 2.5976036308852035
cell 7.495347338872456 28.18798808400816 0.0 1.6431676725154984 0.6085806194501846 1 0 0 0.8705001684157319 0.4921681184190849 2.112435328473301
cell 1.8962439016721986 11.09743469064762 0.0 1.6431676725154984 0.6085806194501846 1 0 0 -0.6391915331443423 -0.7690475823748393 1.3868930970027629
cell 15.512726427480487 21.93323796889927 0.0 1.6431676725154984 0.6085806194501846 1 0 0 0.7712937754371193 0.6364793099323455 1.761742723727249
cell 46.12730861130281 52.67615055471955 0.0 1.6431676725154984 0.6085806194501846 1 0 0 0.8410858665654745 0.5409016223527203 1.9985752244656803
cell 4.2061831177005455 64.03557898856825 0.0 1.6431676725154984 0.6085806194501846 1 0 0 0.7757561850919416 0.6310327577008957 1.7758250865929728
cell 57.28850090556652 62.74505861043739 0.0 1.6431676725154984 0.6085806194501846 1 0 0 0.660870671912304 0.7504998034684486 1.4439565838611026
cell 0.47143989715469425 50.792052041793205 0.0 1.6431676725154984 0.6085806194501846 1 0 0 0.9134500353468982 0.4069508974369641 2.303365526942914
cell 41.15273573815188 28.659830695734122 0.0 1.6431676725154984 0.6085806194501846 1 0 0 0.7720954460628986 0.6355065870381941 1.764263728155185
cell 61.01173860485621 50.72579874016061 0.0 1.6431676725154984 0.6085806194501846 1 0 0 0.7254635648760764 0.6882605727755258 1.6234153729793437
cell 20.5238872573318 21.27156274683084 0.0 1.6431676725154984 0.6085806194501846 1 0 0 0.8974529877775159 0.44111011633061636 2.227922131340453
cell 46.447034423647146 1.516486140818742 0.0 1.6431676725154984 0.6085806194501846 1 0 0 0.7232203546475283 0.6906173460198516 1.6169080289454327
cell 52.38351766750839 27.44765853509363 0.0 1.6431676725154984 0.6085806194501846 1 0 0 0.7621206460286163 0.6474350321823222 1.7331645763287846
cell 60.41403557070363 4.250909332989821 0.0 1.6431676725154984 0.6085806194501846 1 0 0 0.7467861737981077 0.6650642154138068 1.6864330461243213
cell 39.11263617497578 40.390083934534445 0.0 1.6431676725154984 0.6085806194501846 1 0 0 -0.5668602403984445 -0.8238139764870572 1.205379174037473
cell 3.1433571268480764 25.720444225030754 0.0 1.6431676725154984 0.6085806194501846 1 0 0 0.836297312776085 0.5482762119985685 1.980989398585109
cell 49.08755473497787 62.04971160633013 0.0 1.6431676725154984 0.6085806194501846 1 0 0 0.575714389621413 0.8176508677808908 1.2269551788663187
cell 20.934861458387797 29.438810884939954 0.0 1.6431676725154984 0.6085806194501846 1 0 0 0.7992986335395386 0.6009340183596087 1.8522543663441116
cell 2.451244737839883 47.117327722279896 0.0 1.6431676725154984 0.6085806194501846 1 0 0 0.9323957698703809 0.3614389690221846 2.401971182585945
cell 2.8018248048626595 5.710487698390175 0.0 1.6431676725154984 0.6085806194501846 1 0 0 0.7406457453892105 0.6718957358376826 1.6680618593789374
cell 34.43174240415284 12.75122826066172 0.0 1.6431676725154984 0.6085806194501846 1 0 0 0.8786834162184781 0.47740491625309506 2.146194738888327
cell 5.377916956596486 0.23545411673896277 0.0 1.6431676725154984 0.6085806194501846 1 0 0 0.7673954968224126 0.641174041471333 1.7495382661921302
cell 52.02035096875149 43.47399994875351 0.0 1.6431676725154984 0.6085806194501846 1 0 0 0.8694856322193658 0.4939582324084595 2.1083200917693232
cell 11.048237575148269 37.887468117988135 0.0 1.6431676725154984 0.6085806194501846 1 0 0 0.8900306136282491 0.45590076420699527 2.1948246297699767
cell 61.63330130502483 25.683879888328022 0.0 1.6431676725154984 0.6085806194501846 1 0 0 -0.885690182496526 -0.4642767500416863 2.17595697054567
cell 49.977894681332366 5.166471261443915 0.0 1.6431676725154984 0.6085806194501846 1 0 0 0.5323536500185632 0.8465220560103045 1.122757037786391
cell 12.128047095756079 24.65027401426905 0.0 1.6431676725154984 0.6085806194501846 1 0 0 0.7135739226579417 0.7005799432631209 1.5891728472534372
cell 34.76968289992889 30.9730332762301 0.0 1.6431676725154984 0.6085806194501846 1 0 0 0.47312414030247135 0.8809957706272189 0.9856671239117566
cell 33.28038831814696 6.773795890795936 0.0 1.6431676725154984 0.6085806194501846 1 0 0 0.905972817847775 0.42333586349488805 2.2673441631187705
cell 11.013277908541006 0.822214086502679 0.0 1.6431676725154984 0.6085806194501846 1 0 0 0.6914133132036174 0.7224594316117663 1.5268869577222686
cell 27.01876619484018 0.4876839016215668 0.0 1.6431676725154984 0.6085806194501846 1 0 0 0.9293764461393237 0.3691333381874911 2.3854399973153315
cell 65.66266318374642 64.09189934159785 0.0 1.6431676725154984 0.6085806194501846 1 0 0 0.5556543017184561 0.8314134332459243 1.178299469056558
cell 57.02685026962315 51.16319258396351 0.0 1.6431676725154984 0.6085806194501846 1 0 0 0.7311144109737835 0.6822548776421152 1.6399078950420491
cell 60.92423660808825 6.991702362924101 0.0 1.6431676725154984 0.6085806194501846 1 0 0 0.6944025314285908 0.7195867733258895 1.535178547640194
cell 7.177177882704335 14.372825192175783 0.0 1.6431676725154984 0.6085806194501846 1 0 0 -0.8077907043619587 -0.5894694037406951 1.8807889844851609
cell 46.636853722087565 38.89002842181016 0.0 1.6431676725154984 0.6085806194501846 1 0 0 0.5631974628688725 0.8263223449829158 1.1965004614936732
cell 35.28860737314243 17.825699197855567 0.0 1.6431676725154984 0.6085806194501846 1 0 0 0.6479440391659878 0.7616879427359113 1.4097642213633241
cell 5.330234684898057 64.25325243910811 0.0 1.6431676725154984 0.6085806194501846 1 0 0 0.7672083558547008 0.6413979565813465 1.7489546234284714
cell 45.3595002833095 24.606045418271744 0.0 1.6431676725154984 0.6085806194501846 1 0 0 -0.8485037448564321 -0.5291893753323197 2.0263028083590804
cell 65.84995999752672 66.09984148046281 0.0 1.6431676725154984 0.6085806194501846 1 0 0 0.5561006896472585 0.8311149276567252 1.179373466778517
cell 64.1047870542665 2.8657457637181474 0.0 1.6431676725154984 0.6085806194501846 1 0 0 0.5536431356419115 0.8327540323268282 1.1734654240723894
cell 49.38294754167512 28.924208427499526 0.0 1.6431676725154984 0.6085806194501846 1 0 0 0.6814967004047447 0.7318211853570826 1.499611729027122
cell 56.423132982584086 46.08807489537635 0.0 1.6431676725154984 0.6085806194501846 1 0 0 0.7310079641272712 0.6823689298191281 1.6395958768998642
cell 61.35464293560016 17.400779935058765 0.0 1.6431676725154984 0.6085806194501846 1 0 0 0.7737390806685641 0.6335044080716135 1.769444561711074
cell 66.86781936948469 64.89887251061909 0.0 1.6431676725154984 0.6085806194501846 1 0 0 0.6611115938532681 0.750287585178371 1.4445987052987352
cell 37.04679246080672 28.880001687316163 0.0 1.6431676725154984 0.6085806194501846 1 0 0 0.8741837757933483 0.485595228703583 2.1275047824930664
cell 48.12978773137565 40.69302525719691 0.0 1.6431676725154984 0.6085806194501846 1 0 0 0.6314280648551219 0.7754344581673656 1.3667869314376426
cell 42.763603669718556 66.22682588040963 0.0 1.6431676725154984 0.6085806194501846 1 0 0 0.5088550901652397 0.8608521924308062 1.0677085881637776
cell 59.28645072820689 4.496919820470528 0.0 1.6431676725154984 0.6085806194501846 1 0 0 0.7351749806703908 0.6778773840424908 1.6518495502691088
cell 4.814843072628393 23.850800115684457 0.0 1.6431676725154984 0.6085806194501846 1 0 0 -0.8382906131272483 -0.5452236678123411 1.9882808420691767
cell 56.1472931537882 6.295057475969348 0.0 1.6431676725154984 0.6085806194501846 1 0 0 0.570852828411127 0.8210524028921762 1.2150883643318109
cell 21.31678031109866 2.955341070638527 0.0 1.6431676725154984 0.6085806194501846 1 0 0 0.8400022638741589 -0.542582893838617 4.2886105176581735
cell 41.49977836676372 21.235548571485836 0.0 1.6431676725154984 0.6085806194501846 1 0 0 -0.7206496907407383 -0.6932993748989525 1.6094779259303476
cell 62.47831233556809 40.72085335009241 0.0 1.6431676725154984 0.6085806194501846 1 0 0 0.8338773547495618 0.5519497778202954 1.972191372919589
cell 38.684401949103375 29.532378719124917 0.0 1.6431676725154984 0.6085806194501846 1 0 0 -0.6345035766500459 -0.7729199254892446 1.3747321609862793
cell 42.98560855958813 40.64213014294927 0.0 1.6431676725154984 0.6085806194501846 1 0 0 0.7202333984706275 0.6937318298358887 1.6082773984838417
cell 51.73391357163235 20.41752967039714 0.0 1.6431676725154984 0.6085806194501846 1 0 0 -0.6523373362028154 -0.7579287564117191 1.421328413305483
cell 60.88061813727348 46.62805557846984 0.0 1.6431676725154984 0.6085806194501846 1 0 0 0.8370022408499264 0.5471994598062044 1.9835633598137732
cell 44.51932095282657 40.251894892557786 0.0 1.6431676725154984 0.6085806194501846 1 0 0 0.5400981147624208 0.8416020594259968 1.141107371966594
cell 64.99392294488645 61.72554681778162 0.0 1.6431676725154984 0.6085806194501846 1 0 0 -0.5293369177461207 -0.8484117087305176 1.115637634893698
cell 10.097341877622169 23.80428966820721 0.0 1.6431676725154984 0.6085806194501846 1 0 0 0.8250620203346606 0.5650421777188744 1.9406239068890259
cell 60.159232913988845 45.95259369027812 0.0 1.6431676725154984 0.6085806194501846 1 0 0 0.8199361260104244 0.5724550194233756 1.9225988615845502
cell 18.64290090928948 13.240414692031287 0.0 1.6431676725154984 0.6085806194501846 1 0 0 0.707816335393897 0.7063965142535418 1.5728042574450454
cell 48.30003566350397 33.99384197725853 0.0 1.6431676725154984 0.6085806194501846 1 0 0 0.5914436995669777 0.806346296725251 1.2656961778332245
cell 9.468761818893011 14.177432680908144 0.0 1.6431676725154984 0.6085806194501846 1 0 0 0.7286626210196725 0.6848728237627342 1.6327343520787043
cell 40.23281304104821 26.797703051882987 0.0 1.6431676725154984 0.6085806194501846 1 0 0 0.7052472432459059 0.7089614417540985 1.5655436508527458
cell 7.058298922857324 35.788319336595784 0.0 1.6431676725154984 0.6085806194501846 1 0 0 0.8418934463504766 0.5396437945461036 2.0015647503921485
cell 58.03269872059292 18.215480798279835 0.0 1.6431676725154984 0.6085806194501846 1 0 0 0.7877658560491874 0.615974801467634 1.814347065331462
cell 23.990947004174057 27.771998801248206 0.0 1.6431676725154984 0.6085806194501846 1 0 0 0.6898851637251399 -0.7239188220180056 4.7605244885216615
cell 30.144546716638935 27.10354073544117 0.0 1.6431676725154984 0.6085806194501846 1 0 0 0.4253815358674368 0.9050141153280763 0.8787668477600789
cell 44.997812180383974 56.06783525007954 0.0 1.6431676725154984 0.6085806194501846 1 0 0 0.8044548456724943 0.5940138056257981 1.8695143003030887
cell 59.501005046771425 53.53232743041422 0.0 1.6431676725154984 0.6085806194501846 1 0 0 0.6786077598392304 0.7345008565590522 1.491730958650711
cell 45.65410300861717 30.722222693052952 0.0 1.6431676725154984 0.6085806194501846 1 0 0 0.744269932895003 0.6678789313853729 1.6788821226802173
cell 33.25037135112927 30.57580419384751 0.0 1.6431676725154984 0.6085806194501846 1 0 0 0.4505142653774202 0.8927692292476502 0.9346825786462628
cell 7.081515505966504 10.44450541416138 0.0 1.6431676725154984 0.6085806194501846 1 0 0 0.8694920534551873 0.4939469293135465 2.1083460911711693
cell 31.53990989861509 22.410069490571246 0.0 1.6431676725154984 0.6085806194501846 1 0 0 0.6495020825494925 0.7603598126965103 1.4138588178271772
cell 53.615936269974455 53.126191149023086 0.0 1.6431676725154984 0.6085806194501846 1 0 0 0.6555836312904832 0.7551225744102633 1.4299105150236096
cell 39.1624278542039 38.002052243183854 0.0 1.6431676725154984 0.6085806194501846 1 0 0 0.5475585452479385 0.8367673747977757 1.1588874415948547
cell 2.479321200352985 29.424047388070267 0.0 1.6431676725154984 0.6085806194501846 1 0 0 0.8812952978559759 0.47256597208955553 2.157192444557726
cell 2.0546513416580345 44.928453698029735 0.0 1.6431676725154984 0.6085806194501846 1 0 0 0.9352953529624848 0.35386805835901747 2.41818557500454
cell 50.30637403015376 58.00222737720705 0.0 1.6431676725154984 0.6085806194501846 1 0 0 0.5729885680585219 0.8195633598900359 1.2202955273724065
cell 27.960813814968287 13.16385589042275 0.0 1.6431676725154984 0.6085806194501846 1 0 0 0.6783634618027365 0.734726489035891 1.4910658525050218
cell 31.693250920752444 2.831825653070457 0.0 1.6431676725154984 0.6085806194501846 1 0 0 0.8400486643032669 0.5425110520554371 1.9947458362008466
cell 64.32646243939062 64.05901025344772 0.0 1.6431676725154984 0.6085806194501846 1 0 0 -0.5010477841410603 -0.8654196196108183 1.0496181513288594
cell 3.111715185429128 66.9495920347557 0.0 1.6431676725154984 0.6085806194501846 1 0 0 0.7905403638628573 0.6124099387694334 1.8233817040881828
cell 6.822126720105746 39.403661212651286 0.0 1.6431676725154984 0.6085806194501846 1 0 0 0.881058221222948 0.47300783377810446 2.156189554559762
cell 31.139077625616935 31.32964267187899 0.0 1.6431676725154984 0.6085806194501846 1 0 0 0.43465752131630037 0.9005958245312765 0.8993159234855999
cell 4.651561776246077 32.08843732119388 0.0 1.6431676725154984 0.6085806194501846 1 0 0 0.8579949628979912 0.513658099947499 2.0627068126576567
cell 6.052402647306378 13.489225852144216 0.0 1.6431676725154984 0.6085806194501846 1 0 0 0.7924299139024111 0.6099629755588591 1.8295649187598186
cell 1.7016382151871097 6.85517621146855 0.0 1.6431676725154984 0.6085806194501846 1 0 0 0.6461363747088394 0.7632219764119206 1.4050225285256739
cell 62.439933378211975 50.48156454472366 0.0 1.6431676725154984 0.6085806194501846 1 0 0 0.7544260316793667 0.6563850719848244 1.7095584822206844
cell 2.592204776477188 13.668497451718652 0.0 1.6431676725154984 0.6085806194501846 1 0 0 -0.6162904842201823 -0.7875189134615456 1.3280471772901876
cell 56.25669024238126 63.48740327403039 0.0 1.6431676725154984 0.6085806194501846 1 0 0 0.6987008644247428 0.7154139375579128 1.547159921889122
cell 5.878881196821528 15.954892919775853 0.0 1.6431676725154984 0.6085806194501846 1 0 0 0.7770562148837492 0.6294312026826606 1.7799506447102773
cell 9.060153113668887 40.089721272424114 0.0 1.6431676725154984 0.6085806194501846 1 0 0 0.9080100949649976 0.4189482873119975 2.2770191553044685
cell 66.34232420812852 56.34283520899457 0.0 1.6431676725154984 0.6085806194501846 1 0 0 0.8205394769304141 0.5715898589012601 1.92470839723471
cell 4.1920697161883576 61.17899610644665 0.0 1.6431676725154984 0.6085806194501846 1 0 0 0.7904151660246796 0.6125715185332877 1.8229728886338905
cell 61.66219375527477 43.76988385608028 0.0 1.6431676725154984 0.6085806194501846 1 0 0 0.813411544284913 0.581688627724518 1.8999863826689194
cell 50.849597338712556 54.27981763475222 0.0 1.6431676725154984 0.6085806194501846 1 0 0 0.6295073842681196 0.7769945000782889 1.3618380940771597
cell 47.19493375114933 41.636104581605906 0.0 1.6431676725154984 0.6085806194501846 1 0 0 -0.5496611788145183 -0.8353876875464673 1.1639171963245092
cell 46.123731894295005 64.89129426596459 0.0 1.6431676725154984 0.6085806194501846 1 0 0 0.6704195999076764 0.7419821831146831 1.469548310368803
cell 61.343268714224955 12.308305999422805 0.0 1.6431676725154984 0.6085806194501846 1 0 0 0.734053962658349 0.6790911425615674 1.6485450734590954
cell 65.65077473329775 16.31027013799249 0.0 1.6431676725154984 0.6085806194501846 1 0 0 0.4273359336733591 0.9040929154636256 0.8830880891512204
cell 31.30966354086191 29.683815732065245 0.0 1.6431676725154984 0.6085806194501846 1 0 0 0.4606452977102419 0.8875843113177715 0.9574441768388875
cell 55.74450052622984 13.798972804147095 0.0 1.6431676725154984 0.6085806194501846 1 0 0 0.5516249127775856 0.8340922944153849 1.1686222136439794
cell 53.66445747201095 62.27088959639448 0.0 1.6431676725154984 0.6085806194501846 1 0 0 0.5869875616582494 0.8095959501248157 1.2546657672550454
cell 22.25584342034065 40.40585784517838 0.0 1.6431676725154984 0.6085806194501846 1 0 0 0.20226352602471792 -0.9793311319671443 5.875847968403627
cell 7.990125803827773 23.926600382700013 0.0 1.6431676725154984 0.6085806194501846 1 0 0 0.8143321801700424 0.5803990871284219 1.9031552852595204
cell 35.46326466639351 28.127204794444314 0.0 1.6431676725154984 0.6085806194501846 1 0 0 0.567229774349652 0.8235595807780047 1.2062764421607344
cell 25.580764981971473 12.08761947086896 0.0 1.6431676725154984 0.6085806194501846 1 0 0 0.6778001204228498 0.7352462150564057 1.489532922401654
cell 3.727339485051615 59.215288440726354 0.0 1.6431676725154984 0.6085806194501846 1 0 0 0.9417063498487046 0.33643595327287645 2.4553333386959295
cell 52.08227292147932 55.91456854213719 0.0 1.6431676725154984 0.6085806194501846 1 0 0 0.6353196365883305 0.7722492857654656 1.3768447059592608
cell 8.597331991193716 17.112369547102922 0.0 1.6431676725154984 0.6085806194501846 1 0 0 0.8243187014691419 0.566126026965929 1.9379954074122951
cell 6.124520270482781 51.79606136309749 0.0 1.6431676725154984 0.6085806194501846 1 0 0 0.9761262345478962 0.21720399219937375 2.7036943305224774
cell 60.02922050630901 58.08112737641257 0.0 1.6431676725154984 0.6085806194501846 1 0 0 0.5936152975976505 0.8047489536855905 1.271087781377391
cell 42.173989173846074 60.05744172090734 0.0 1.6431676725154984 0.6085806194501846 1 0 0 0.6109430195783138 0.7916745712908381 1.3145024299112031
cell 40.45435949925923 58.09241657863115 0.0 1.6431676725154984 0.6085806194501846 1 0 0 0.4672467743922106 0.8841269432723305 0.9723482897179448
cell 7.255275872292095 4.363637810669896 0.0 1.6431676725154984 0.6085806194501846 1 0 0 0.8354836833002279 0.5495152545099039 1.9780247942801845
cell 48.725379833466235 20.3977693080818 0.0 1.6431676725154984 0.6085806194501846 1 0 0 0.8298199543968797 0.5580312207079102 1.9575699252125385
cell 26.67687610286206 22.367459009987428 0.0 1.6431676725154984 0.6085806194501846 1 0 0 0.5123043299221696 0.8588039785323521 1.07573166903217
cell 11.85041221433306 18.85340443926029 0.0 1.6431676725154984 0.6085806194501846 1 0 0 0.7720064003266502 0.6356147558503403 1.7639835165558728
cell 7.119823163697719 44.749896208427515 0.0 1.6431676725154984 0.6085806194501846 1 0 0 0.9782838391506017 0.2072697036635113 2.7240262007138165
cell 33.42404447595827 1.5641802282588997 0.0 1.6431676725154984 0.6085806194501846 1 0 0 0.8167519726999916 0.5769889211160577 1.9115182162280169
cell 15.729280357981773 65.36301677111382 0.0 1.6431676725154984 0.6085806194501846 1 0 0 0.9156740725047691 0.40192162537307047 2.314363707697375
cell 3.195966185517708 33.59886183021188 0.0 1.6431676725154984 0.6085806194501846 1 0 0 0.8316793065561126 0.5552562751075792 1.9642505012089722
cell 1.861907677680332 17.028969150253513 0.0 1.6431676725154984 0.6085806194501846 1 0 0 0.5770544111382151 0.8167057037794752 1.2302348088805866
cell 10.781766884849242 25.147508229697127 0.0 1.6431676725154984 0.6085806194501846 1 0 0 0.8306591166940923 0.5567813142096188 1.960580878578902
cell 65.91212170906532 44.92575058524734 0.0 1.6431676725154984 0.6085806194501846 1 0 0 -0.8748301635335574 -0.4844297523602873 2.130170229907943
cell 63.297069552944414 37.80246528725011 0.0 1.6431676725154984 0.6085806194501846 1 0 0 0.8427857746485329 0.5382491412441569 2.0048761297122346
cell 33.59531438352553 4.595027909152371 0.0 1.6431676725154984 0.6085806194501846 1 0 0 0.8760459307115301 0.482227671628007 2.135201036093314
cell 4.308900196951736 39.67801653226158 0.0 1.6431676725154984 0.6085806194501846 1 0 0 0.9094078161602989 0.41590554685716336 2.2837159917190277
cell 3.7762339962876106 53.86305044181837 0.0 1.6431676725154984 0.6085806194501846 1 0 0 0.933731224385391 0.3579748603013327 2.409396410885093
cell 40.56451601486667 56.33490781467336 0.0 1.6431676725154984 0.6085806194501846 1 0 0 0.48658562073622647 0.8736328941224347 1.0163544518970817
cell 50.346524244624895 42.224682894033286 0.0 1.6431676725154984 0.6085806194501846 1 0 0 0.735317536844065 0.6777227456781846 1.652270193997368
cell 38.924885071951465 13.845560325426716 0.0 1.6431676725154984 0.6085806194501846 1 0 0 0.8045198199016083 0.5939258029295275 1.8697330798726266
cell 45.62517746458431 13.768505611253243 0.0 1.6431676725154984 0.6085806194501846 1 0 0 0.7507039205854693 0.6606387996610594 1.6982538999290433
cell 47.69587504630946 49.69046197682401 0.0 1.6431676725154984 0.6085806194501846 1 0 0 0.5641115806677965 0.8256985676119828 1.1987137935372587
cell 4.725938841940966 45.21967165450314 0.0 1.6431676725154984 0.6085806194501846 1 0 0 0.9656879220028816 0.25970528931416953 2.6161586370687258
cell 56.245028078611206 49.425858372048594 0.0 1.6431676725154984 0.6085806194501846 1 0 0 0.7143421641655062 0.6997965936580007 1.5913672325783557
cell 34.71092669132006 35.23463716457178 0.0 1.6431676725154984 0.6085806194501846 1 0 0 -0.5550120978769095 -0.8318422754406462 1.1767550190810585
cell 66.78077188677469 61.09733007336725 0.0 1.6431676725154984 0.6085806194501846 1 0 0 0.6709061970360362 0.7415422272390451 1.4708603133463438
cell 56.64345116416189 12.888457651981739 0.0 1.6431676725154984 0.6085806194501846 1 0 0 0.5547143485671189 0.8320408592693972 1.176039225284244
cell 62.591514058050315 65.48724644334825 0.0 1.6431676725154984 0.6085806194501846 1 0 0 0.47774875664276273 0.878496514236849 0.9961806242676747
cell 59.446389836153436 9.875920958214042 0.0 1.6431676725154984 0.6085806194501846 1 0 0 0.64162823675272 0.7670157793693657 1.393238412242029
cell 10.81194789356947 7.364347088546428 0.0 1.6431676725154984 0.6085806194501846 1 0 0 0.7233842427291557 0.6904456802465824 1.6173827012166937
cell 21.697774238018035 12.554735402450877 0.0 1.6431676725154984 0.6085806194501846 1 0 0 0.7640425072190697 -0.6451659066956326 4.5440734667989835
cell 44.6260790720643 59.292683130719794 0.0 1.6431676725154984 0.6085806194501846 1 0 0 0.6908608541734651 0.7229877455190442 1.5253581325614693
cell 56.92831826680042 2.994330911352775 0.0 1.6431676725154984 0.6085806194501846 1 0 0 0.6385578457473069 0.7695738285795318 1.3852456810583482
cell 63.709384318215555 53.834429634324295 0.0 1.6431676725154984 0.6085806194501846 1 0 0 0.7027381263877787 0.7114486107379748 1.558477763804454
cell 17.236848327753947 26.414302312300585 0.0 1.6431676725154984 0.6085806194501846 1 0 0 0.9066044135350053 0.4219815604488532 2.2703328419360207
cell 55.80874455304899 66.26089781092881 0.0 1.6431676725154984 0.6085806194501846 1 0 0 0.8491495894451027 0.5281524162069257 2.0287460845580045
cell 58.73054959310297 1.7045233645598608 0.0 1.6431676725154984 0.6085806194501846 1 0 0 0.5865123882705061 0.8099402560715371 1.253492163670784
cell 0.8055593007759128 61.42436201469127 0.0 1.6431676725154984 0.6085806194501846 1 0 0 0.6733759416723315 0.7393002375063198 1.4775314952044907
cell 9.820193815553411 44.25548477886993 0.0 1.6431676725154984 0.6085806194501846 1 0 0 -0.9755233263197349 -0.21989597496561836 2.698176985374058
cell 0.9731481288209103 66.25990062640227 0.0 1.6431676725154984 0.6085806194501846 1 0 0 0.6564116230968391 0.754402930179472 1.432104560028614
cell 19.297790742291973 24.05393954313883 0.0 1.6431676725154984 0.6085806194501846 1 0 0 0.868803326469782 0.4951573284472738 2.1055608362551546
cell 19.09600519952364 40.48746677637498 0.0 1.6431676725154984 0.6085806194501846 1 0 0 0.18248192730167082 0.9832092077519757 0.36702035075945005
cell 49.480935580918825 22.092144353039714 0.0 1.6431676725154984 0.6085806194501846 1 0 0 -0.774568806584812 -0.6324896551452681 1.7720661405053342
cell 57.91608436449609 51.407847342312685 0.0 1.6431676725154984 0.6085806194501846 1 0 0 0.7747718614389004 0.6322409056067958 1.772708347971952
cell 57.258975146365 0.7181216679011658 0.0 1.6431676725154984 0.6085806194501846 1 0 0 0.5890801726195298 0.8080745944691894 1.2598401454398354
cell 62.286306054483134 53.74099709568169 0.0 1.6431676725154984 0.6085806194501846 1 0 0 0.7325751607525086 0.6806861492996873 1.6441949454442042
cell 56.17177521471234 52.59132213241754 0.0 1.6431676725154984 0.6085806194501846 1 0 0 -0.7077836618215133 -0.706429251983898 1.5727117518490727
cell 61.84302389021858 21.820089801250635 0.0 1.6431676725154984 0.6085806194501846 1 0 0 0.8681184819903998 0.49635702999623554 2.1027980144577976
cell 49.689088311256235 2.7055982833378036 0.0 1.6431676725154984 0.6085806194501846 1 0 0 0.5241302116267424 0.851638139857596 1.103386959199311
cell 58.88857231986853 48.43209745857013 0.0 1.6431676725154984 0.6085806194501846 1 0 0 0.7958638320466769 0.6054756484285548 1.8408658892571643
cell 58.72065649300004 52.08525473257843 0.0 1.6431676725154984 0.6085806194501846 1 0 0 0.7556778970774917 0.654943444786296 1.7133770982328047
cell 60.1161482351321 1.6742059228102955 0.0 1.6431676725154984 0.6085806194501846 1 0 0 0.7642194525226729 0.6449562995939695 1.7396604560129234
cell 28.622682403938725 18.652905656681305 0.0 1.6431676725154984 0.6085806194501846 1 0 0 0.6479263841968945 0.761702960911626 1.4097178643342776
cell 13.123550482080113 22.263882345414864 0.0 1.6431676725154984 0.6085806194501846 1 0 0 0.77366752775058 0.6335917901175058 1.7692186817249758
cell 55.766924996555936 1.4776324586924134 0.0 1.6431676725154984 0.6085806194501846 1 0 0 0.8238988572008948 0.5667368640763185 1.936512988834212
cell 43.07812654245409 43.84947636983684 0.0 1.6431676725154984 0.6085806194501846 1 0 0 0.5990794303728859 0.8006896003471623 1.2847017852593472
cell 64.0831921373569 22.654886023485084 0.0 1.6431676725154984 0.6085806194501846 1 0 0 0.8163772876901778 0.5775189383419634 1.9102200527080742
cell 52.88290691433082 47.96407162420329 0.0 1.6431676725154984 0.6085806194501846 1 0 0 0.7235435461371168 0.6902787385131646 1.6178442079593567
cell 29.028884267414497 21.42504105573685 0.0 1.6431676725154984 0.6085806194501846 1 0 0 0.4368083955134534 0.8995545706675957 0.9040952423232863
cell 1.5416477221075244 22.299707297035194 0.0 1.6431676725154984 0.6085806194501846 1 0 0 0.6086888835380018 0.7934090011193854 1.3088140622818876
cell 63.44030856658719 11.906254734635876 0.0 1.6431676725154984 0.6085806194501846 1 0 0 0.7202263517953944 0.6937391456300392 1.6082570833194667
cell 6.141883678419952 3.980014077252812 0.0 1.6431676725154984 0.6085806194501846 1 0 0 0.800600848407015 0.5991980319810537 1.856594603257378
cell 48.101737171232315 31.51098455151953 0.0 1.6431676725154984 0.6085806194501846 1 0 0 0.5163850865936871 0.8563564925564763 1.085248560402556
cell 6.215263235763413 53.16299941669758 0.0 1.6431676725154984 0.6085806194501846 1 0 0 0.9740850548457021 0.2261820194583237 2.685279989709417
cell 19.215925916853884 63.96655006160686 0.0 1.6431676725154984 0.6085806194501846 1 0 0 0.9987864863803866 0.049249920039751406 3.0430529505274215
cell 9.825200565912876 43.06086955546831 0.0 1.6431676725154984 0.6085806194501846 1 0 0 0.9658006392390184 0.2592857983876159 2.617027378263213
cell 17.28429258840314 22.987292921225954 0.0 1.6431676725154984 0.6085806194501846 1 0 0 0.8354627929260339 0.5495470149461564 1.977948764469055
cell 12.347861696479379 39.21537155467517 0.0 1.6431676725154984 0.6085806194501846 1 0 0 0.9024616426427172 0.43077022129971865 2.250900512905342
cell 41.01142608637652 63.38880408340482 0.0 1.6431676725154984 0.6085806194501846 1 0 0 0.5458227255469248 0.837900681630303 1.1547413803555142
cell 54.07609889643148 34.304608821259706 0.0 1.6431676725154984 0.6085806194501846 1 0 0 0.7480456578299465 0.663647266099818 1.6902246402277563
cell 41.78697186675537 41.24048786798381 0.0 1.6431676725154984 0.6085806194501846 1 0 0 0.6215760684147361 0.7833538097016439 1.3415061015425132
cell 28.780678178880674 24.404543534895318 0.0 1.6431676725154984 0.6085806194501846 1 0 0 0.45773383731235234 0.8890892723339479 0.9508893255289932
cell 12.371631713827838 42.411054569424316 0.0 1.6431676725154984 0.6085806194501846 1 0 0 0.9618060921474744 0.2737316954757048 2.5870510839928365
cell 9.84589057857532 19.371496197660445 0.0 1.6431676725154984 0.6085806194501846 1 0 0 -0.7933402903457325 -0.6087784356513861 1.8325528414335661
cell 6.926197956495871 26.7713957466432 0.0 1.6431676725154984 0.6085806194501846 1 0 0 0.8175577110673291 0.5758466714971526 1.9143138906201078
cell 57.67099926275833 44.42765537049703 0.0 1.6431676725154984 0.6085806194501846 1 0 0 0.8224542827221977 0.5688312164710332 1.9314245270353918
cell 53.33598519005114 44.06949010567019 0.0 1.6431676725154984 0.6085806194501846 1 0 0 0.7193128935652529 0.694686232158651 1.6056254457451056
cell 53.8168237890272 11.55496123279383 0.0 1.6431676725154984 0.6085806194501846 1 0 0 -0.4650854154544191 -0.8852658111164072 0.967462188862326
cell 61.64232107773593 52.323223636609626 0.0 1.6431676725154984 0.6085806194501846 1 0 0 0.7273466130205148 0.6862702853304851 1.6288951974745485
cell 9.795677159443938 46.75826590367683 0.0 1.6431676725154984 0.6085806194501846 1 0 0 0.9818163242254013 0.18983336241167306 2.7596078136805513
cell 60.5955612326869 9.740224148630443 0.0 1.6431676725154984 0.6085806194501846 1 0 0 0.66755743666634 0.7445583044674644 1.4618467785814888
cell 51.336100404231715 57.310704063465145 0.0 1.6431676725154984 0.6085806194501846 1 0 0 0.5674267365054508 0.8234238876172914 1.2067548007080773
cell 26.271306086656175 15.560512495571212 0.0 1.6431676725154984 0.6085806194501846 1 0 0 0.5921896739862329 0.8057986038856603 1.2675470644768059
cell 54.9317662995063 10.916592236567828 0.0 1.6431676725154984 0.6085806194501846 1 0 0 0.5226447041310838 0.8525505927766 1.099900239469343
cell 14.477016849646704 24.94113811999779 0.0 1.6431676725154984 0.6085806194501846 1 0 0 0.7984837721843755 0.6020163332985329 1.849544823994649
cell 0.05012938588672392 16.071516567061767 0.0 1.6431676725154984 0.6085806194501846 1 0 0 0.4233559077778016 0.9059634514425147 0.8742927398924896
cell 1.7501342541483984 53.57290528152614 0.0 1.6431676725154984 0.6085806194501846 1 0 0 0.9043451174528685 0.42680195470400256 2.2596856476587197
cell 5.188959437434474 40.78346763865425 0.0 1.6431676725154984 0.6085806194501846 1 0 0 0.8306025461530454 0.5568657022335619 1.960377688375317
cell 52.01815076800996 60.13618788500919 0.0 1.6431676725154984 0.6085806194501846 1 0 0 0.5305077316392208 0.8476800968944643 1.1183988385107355
cell 34.459222701689136 42.16018215992908 0.0 1.6431676725154984 0.6085806194501846 1 0 0 0.5820375803160142 0.813161887387671 1.242464400235783
cell 26.8310222441343 13.067952571607986 0.0 1.6431676725154984 0.6085806194501846 1 0 0 0.6905449910919091 0.723289440872653 1.5244845432398484
cell 11.570160586455508 22.120806156740326 0.0 1.6431676725154984 0.6085806194501846 1 0 0 0.7257653826766253 0.6879423008568754 1.62429262095344
cell 52.09816206072523 11.010106662668203 0.0 1.6431676725154984 0.6085806194501846 1 0 0 0.7351076714189883 0.6779503753380131 1.651650972681708
cell 1.790554050959041 61.955146576767504 0.0 1.6431676725154984 0.6085806194501846 1 0 0 0.7805892700732036 0.6250443115864532 1.791216056615247
cell 1.2070345990104558 12.83528695941263 0.0 1.6431676725154984 0.6085806194501846 1 0 0 0.6074373976620192 0.7943675521580637 1.305661261935432
cell 12.29534426213656 27.698101611142693 0.0 1.6431676725154984 0.6085806194501846 1 0 0 -0.7725033638047939 -0.6350106714932264 1.7655479853351324
cell 63.61614806158367 58.013801629189565 0.0 1.6431676725154984 0.6085806194501846 1 0 0 0.6302150965235191 0.7764205897024186 1.3636604330285236
cell 47.36834114233193 37.45680042312781 0.0 1.6431676725154984 0.6085806194501846 1 0 0 0.6184675286219512 0.785810356282135 1.3335820467016748
cell 43.579173722928495 34.086698480509504 0.0 1.6431676725154984 0.6085806194501846 1 0 0 0.6525295579790297 0.7577632717172904 1.4218356978240168
cell 1.7906202116287149 28.652247365191858 0.0 1.6431676725154984 0.6085806194501846 1 0 0 -0.8294905791247548 -0.5585207061007488 1.9563899522810075
cell 59.46077917353099 63.067297353402 0.0 1.6431676725154984 0.6085806194501846 1 0 0 0.5608241815316092 0.8279349234145161 1.190761862656946
cell 43.56454839970018 57.378457912008564 0.0 1.6431676725154984 0.6085806194501846 1 0 0 0.7238511070949571 0.689956212202923 1.6187355372293195
cell 54.28507799385749 37.56636564706886 0.0 1.6431676725154984 0.6085806194501846 1 0 0 0.6881158766531142 0.72560081332501 1.5177784116860775
cell 42.57042317059356 11.074450651976035 0.0 1.6431676725154984 0.6085806194501846 1 0 0 0.8769826706507495 0.4805220030115988 2.1390929704903505
cell 64.60559510049787 53.128252871355905 0.0 1.6431676725154984 0.6085806194501846 1 0 0 0.7937906392542763 0.6081911056833103 1.834033072031589
cell 9.591575488350108 32.3527223399898 0.0 1.6431676725154984 0.6085806194501846 1 0 0 0.8034660881980777 0.5953505228986355 1.8661889702156733
cell 60.96652838118563 54.01172100537241 0.0 1.6431676725154984 0.6085806194501846 1 0 0 0.7128980792654668 0.7012676583014564 1.5872444112683592
cell 56.536801539138246 36.05877956534718 0.0 1.6431676725154984 0.6085806194501846 1 0 0 0.6230458243360723 0.7821853365906217 1.3452613713944703
cell 0.35118796196916807 42.248063475298565 0.0 1.6431676725154984 0.6085806194501846 1 0 0 0.8878517619500836 0.4601296000064895 2.1853103269510097
cell 0.40683284734744357 29.348940061278594 0.0 1.6431676725154984 0.6085806194501846 1 0 0 0.7132221349229588 0.700938075906807 1.5881688281176622
cell 44.85686123746205 33.44668923621464 0.0 1.6431676725154984 0.6085806194501846 1 0 0 0.715941610316943 0.6981601611498486 1.5959437559880403
cell 52.35502916110953 30.131290806846543 0.0 1.6431676725154984 0.6085806194501846 1 0 0 0.8571576254401955 0.5150541769073672 2.0594509468856175
cell 38.541589833661654 16.750140702363023 0.0 1.6431676725154984 0.6085806194501846 1 0 0 0.8310854963710622 0.5561446733734533 1.962113342231889
cell 52.845811293260866 59.10333775827756 0.0 1.6431676725154984 0.6085806194501846 1 0 0 0.6029008722418 0.7978161055343999 1.2942643024899476
cell 34.67789502321448 14.994429605610303 0.0 1.6431676725154984 0.6085806194501846 1 0 0 0.7739369809313007 0.6332626228879639 1.7700694603902785
cell 27.74942687691821 2.7043127558077584 0.0 1.6431676725154984 0.6085806194501846 1 0 0 0.8916708117798808 0.4526843971464095 2.2020455109364026
cell 57.607789901377 65.747242259253 0.0 1.6431676725154984 0.6085806194501846 1 0 0 0.5456127321563302 0.8380374374148835 1.1542401843098864
cell 51.90130666675961 49.05070593989017 0.0 1.6431676725154984 0.6085806194501846 1 0 0 0.6898450271805626 0.7239570694966994 1.522549934721526
cell 11.778521924948011 64.57421339701841 0.0 1.6431676725154984 0.6085806194501846 1 0 0 0.6201941124340555 0.7844483812859416 1.3379802597476471
cell 24.269716978809942 37.265012314780805 0.0 1.6431676725154984 0.6085806194501846 1 0 0 0.7362599100102791 -0.6766988583643803 4.628132012229508
cell 56.38660733205124 20.519924719576526 0.0 1.6431676725154984 0.6085806194501846 1 0 0 0.9415179680131568 0.3369627811915972 2.4542143474000313
cell 61.83653091204078 5.748795433209712 0.0 1.6431676725154984 0.6085806194501846 1 0 0 0.5879659458267943 0.8088856820021004 1.2570837966721171
cell 3.776110821232498 13.928322816454445 0.0 1.6431676725154984 0.6085806194501846 1 0 0 0.6279177447550064 0.7782797092445534 1.357749711591217
cell 4.326583384481015 12.123814786481569 0.0 1.6431676725154984 0.6085806194501846 1 0 0 0.68285265507669 0.730556124780783 1.5033206330806848
cell 62.970477964440256 16.531454854940396 0.0 1.6431676725154984 0.6085806194501846 1 0 0 -0.890191018293935 -0.45558747892013796 2.195528553996052
cell 61.76231442033733 8.866595665816739 0.0 1.6431676725154984 0.6085806194501846 1 0 0 0.7518149138238455 0.6593741997925334 1.7016205121563501
cell 60.402229998745476 60.32722430616651 0.0 1.6431676725154984 0.6085806194501846 1 0 0 0.47080332576717326 0.8822381925798548 0.9804022226144933
cell 20.304390259261194 26.481851835189342 0.0 1.6431676725154984 0.6085806194501846 1 0 0 0.8629613520441048 0.5052699326876778 2.082203183975401
cell 9.798931260026293 45.46545395839653 0.0 1.6431676725154984 0.6085806194501846 1 0 0 0.9813943974126524 0.19200269979106235 2.75518783680787
cell 18.419924179564138 19.92491753490376 0.0 1.6431676725154984 0.6085806194501846 1 0 0 0.7763764225296249 0.6302695062749755 1.7777920612204017
cell 5.537309555995071 35.68374096024621 0.0 1.6431676725154984 0.6085806194501846 1 0 0 -0.93157870804254 -0.36353969621183346 2.397463124508713
cell 18.7883473527741 33.256414829617086 0.0 1.6431676725154984 0.6085806194501846 1 0 0 0.9286334865356722 0.37099844701103724 2.381424715880536
cell 41.26476538378959 54.46600753963757 0.0 1.6431676725154984 0.6085806194501846 1 0 0 0.6740037033973207 0.7387279660380379 1.4792304118712647
cell 55.022870159848914 40.72595143431278 0.0 1.6431676725154984 0.6085806194501846 1 0 0 0.6240844133547389 0.7813569254877514 1.3479183865352897
cell 35.8511061423978 9.749902839048422 0.0 1.6431676725154984 0.6085806194501846 1 0 0 0.7861546988025584 0.6180297642918654 1.8091245357693064
cell 41.946970232450965 51.821325504191265 0.0 1.6431676725154984 0.6085806194501846 1 0 0 0.7215807836769411 0.6923302482400806 1.6121657806947485
cell 24.48866960598759 65.85762763406782 0.0 1.6431676725154984 0.6085806194501846 1 0 0 0.8567012471533422 0.5158129245432961 2.057680094924603
cell 37.38532703678742 15.549912793017638 0.0 1.6431676725154984 0.6085806194501846 1 0 0 0.8022223098785018 0.5970254312281856 1.8620165349559294
cell 8.851194868113648 65.49537384035035 0.0 1.6431676725154984 0.6085806194501846 1 0 0 0.7075861271199082 0.7066271100852621 1.572152581795787
cell 56.33412719090029 40.7152128640392 0.0 1.6431676725154984 0.6085806194501846 1 0 0 0.5585493502128622 0.8294712914723387 1.1852717664575836
cell 59.24669697827653 17.928112711569884 0.0 1.6431676725154984 0.6085806194501846 1 0 0 0.8381894195792289 0.5453792230232423 1.9879096948859831
cell 9.841228501051615 27.941889372670754 0.0 1.6431676725154984 0.6085806194501846 1 0 0 0.8290180962390056 0.5592217772120958 1.9546991053653318
cell 8.026115241158855 15.515400838809779 0.0 1.6431676725154984 0.6085806194501846 1 0 0 0.8197542057412266 0.5727154984541372 1.9219634268966062
cell 50.34687426602535 36.01623342052639 0.0 1.6431676725154984 0.6085806194501846 1 0 0 0.7330125014305606 0.6802151665072695 1.6454803896065902
cell 27.667130702972898 15.95837387999155 0.0 1.6431676725154984 0.6085806194501846 1 0 0 0.6604888791730904 0.7508358279202416 1.442939375655286
cell 56.82566567390232 8.837414974924682 0.0 1.6431676725154984 0.6085806194501846 1 0 0 0.7042345810504338 0.7099673618221615 1.5626889282733183
cell 7.605543339587293 11.77298846159429 0.0 1.6431676725154984 0.6085806194501846 1 0 0 0.8574158251977602 0.5146242344667067 2.0604539775379096
cell 2.7789055906351563 56.97780067296134 0.0 1.6431676725154984 0.6085806194501846 1 0 0 0.9186357763592841 0.39510544211991755 2.3292273947337967
cell 56.09873529633573 4.150036744611601 0.0 1.6431676725154984 0.6085806194501846 1 0 0 0.5532227008651273 0.8330333986386703 1.1724558480363572
cell 64.19816043399867 8.148116709674293 0.0 1.6431676725154984 0.6085806194501846 1 0 0 0.6263821867705065 0.7795161038083808 1.3538068136214312
cell 43.21267149083181 53.17262160006179 0.0 1.6431676725154984 0.6085806194501846 1 0 0 0.6557588065287651 0.7549704548258626 1.4303745268006445
cell 61.478519149184045 0.71953458293343 0.0 1.6431676725154984 0.6085806194501846 1 0 0 0.5768362815265811 0.8168597825297723 1.2297006898332248
cell 36.21474103058273 55.54430642430193 0.0 1.6431676725154984 0.6085806194501846 1 0 0 0.6929933045011785 0.7209440199603135 1.531265472031031
cell 20.11066712111052 19.650238456821178 0.0 1.6431676725154984 0.6085806194501846 1 0 0 0.8579046455826662 0.5138089324716726 2.062355201122717
cell 48.50737849089796 66.28924685580624 0.0 1.6431676725154984 0.6085806194501846 1 0 0 0.7098781557192846 0.7043245019396863 1.5786503994777936
cell 6.471793208531385 64.7861440551012 0.0 1.6431676725154984 0.6085806194501846 1 0 0 0.7387170918849281 0.674015621597211 1.6623299746644649
cell 49.28900530736095 41.13522268881296 0.0 1.6431676725154984 0.6085806194501846 1 0 0 0.7353754972208921 0.6776598542684418 1.6524412464420257
cell 16.572915471887203 37.063124629636526 0.0 1.6431676725154984 0.6085806194501846 1 0 0 -0.9428894736556744 -0.33310574967917517 2.462401591922358
cell 51.41777176215022 26.093857970155454 0.0 1.6431676725154984 0.6085806194501846 1 0 0 0.7052608643416265 0.7089478917579923 1.5655820767108686
cell 60.63979082484776 24.846432637469245 0.0 1.6431676725154984 0.6085806194501846 1 0 0 0.8017568505114602 0.5976503598743533 1.8604580892354874
cell 61.6622405139602 3.1171171083244955 0.0 1.6431676725154984 0.6085806194501846 1 0 0 0.5449851842558145 0.8384456744128721 1.1527428882935342
cell 49.593126310386005 64.88590001623687 0.0 1.6431676725154984 0.6085806194501846 1 0 0 0.5286566266996653 0.8488357738965358 1.1140343542478577
cell 4.241607390871455 9.31829664465257 0.0 1.6431676725154984 0.6085806194501846 1 0 0 -0.7817449770148314 -0.6235982608315075 1.79491833823573
cell 50.20204319585901 45.08271125931476 0.0 1.6431676725154984 0.6085806194501846 1 0 0 0.8319675557915074 0.5548242839947662 1.965289161787442
cell 38.46434553940105 32.719165883771836 0.0 1.6431676725154984 0.6085806194501846 1 0 0 0.8426861564627163 0.5384050907133907 2.0045060269157178
cell 40.20270782623835 14.13971830528085 0.0 1.6431676725154984 0.6085806194501846 1 0 0 -0.8435829083297879 -0.5369989541645838 2.0078415236101623
cell 17.605319910831863 18.116152625487686 0.0 1.6431676725154984 0.6085806194501846 1 0 0 0.769936582177643 0.6381204113837838 1.7574835269806894
cell 54.828187484473446 4.356448793072981 0.0 1.6431676725154984 0.6085806194501846 1 0 0 0.6715494773651304 0.7409597151334344 1.4725959745831634
cell 57.348959945264205 11.134160114485523 0.0 1.6431676725154984 0.6085806194501846 1 0 0 0.712622966517306 0.7015472240641214 1.5864599521124374
cell 38.866756900931286 22.13100573963177 0.0 1.6431676725154984 0.6085806194501846 1 0 0 0.616700275463643 -0.7871980502027852 4.954097203186592
cell 45.982594752758516 42.26091606643607 0.0 1.6431676725154984 0.6085806194501846 1 0 0 -0.6990680068558958 -0.7150551879334387 1.5481865569043034
cell 14.237857900372482 38.37837370521167 0.0 1.6431676725154984 0.6085806194501846 1 0 0 -0.9101967448557694 -0.41417615292766596 2.287517682362866
cell 57.39935021819628 34.566312916958296 0.0 1.6431676725154984 0.6085806194501846 1 0 0 0.6850984672517973 0.7284504720083843 1.5094777276581441
cell 58.83472396816919 22.26069570972106 0.0 1.6431676725154984 0.6085806194501846 1 0 0 0.7291518679831243 0.6843519221984552 1.6341636190973536
cell 27.54460440758265 21.39496362863004 0.0 1.6431676725154984 0.6085806194501846 1 0 0 0.5626421761930009 0.8267005392334059 1.1951567737316058
cell 0.9142087743403398 23.990444698354548 0.0 1.6431676725154984 0.6085806194501846 1 0 0 -0.6400739727797419 -0.7683132885548435 1.3891890824286257
cell 65.4320659159721 56.29327980579516 0.0 1.6431676725154984 0.6085806194501846 1 0 0 0.7303681391332008 0.6830537177551305 1.6377215123626223
cell 13.38397818776886 27.88791590968357 0.0 1.6431676725154984 0.6085806194501846 1 0 0 0.7838357791275329 0.6209681725817624 1.8016381085579134
cell 42.553059256009085 55.07665992351818 0.0 1.6431676725154984 0.6085806194501846 1 0 0 0.6342936801751693 0.7730921855056098 1.3741890954511664
cell 58.040408206159896 12.750823348921685 0.0 1.6431676725154984 0.6085806194501846 1 0 0 -0.7593097663093781 -0.650729343726866 1.724503499569737
cell 64.06842221255495 56.31944745042312 0.0 1.6431676725154984 0.6085806194501846 1 0 0 0.6969677791527583 0.7171024437434808 1.5423206489870958
cell 13.964474091634697 19.441584289380614 0.0 1.6431676725154984 0.6085806194501846 1 0 0 0.7139285019748316 0.7002186044857512 1.5901853534696568
cell 1.8730582999534835 34.54670253971598 0.0 1.6431676725154984 0.6085806194501846 1 0 0 -0.7798758384558646 -0.6259342430261842 1.7889348615064655
cell 51.265700223435935 61.051802223986975 0.0 1.6431676725154984 0.6085806194501846 1 0 0 0.557952323554059 0.8298730051282707 1.1838325795829514
cell 58.055292618720934 40.17100229356152 0.0 1.6431676725154984 0.6085806194501846 1 0 0 -0.8448854035248344 -0.5349473384462042 2.0127018214180694
cell 2.028399001707813 43.68613533518855 0.0 1.6431676725154984 0.6085806194501846 1 0 0 0.9101206251034111 0.4143433935292999 2.2871501846859807
cell 40.52049125283438 40.8724853378845 0.0 1.6431676725154984 0.6085806194501846 1 0 0 0.61731989558242 0.7867122386985663 1.3306628318313867
cell 54.60894575561254 48.98435478456082 0.0 1.6431676725154984 0.6085806194501846 1 0 0 0.7085441879222185 0.7056664465323854 1.5748660705060007
cell 42.53498731711982 34.862050528248204 0.0 1.6431676725154984 0.6085806194501846 1 0 0 0.593333053338099 0.8049570720333404 1.2703864253480304
cell 1.2017168683000023 27.16571078911748 0.0 1.6431676725154984 0.6085806194501846 1 0 0 -0.7310938033906718 -0.6822769603641631 1.639847485801206
cell 57.0516693522365 47.94086425635754 0.0 1.6431676725154984 0.6085806194501846 1 0 0 0.7264701423647918 0.6871980298665583 1.626342621555466
cell 43.51425242232678 46.6879393861126 0.0 1.6431676725154984 0.6085806194501846 1 0 0 0.5352599416867343 0.8446873947357767 1.1296309085680414
cell 44.143887210534935 51.52064665015079 0.0 1.6431676725154984 0.6085806194501846 1 0 0 0.7165111538917425 0.6975756348588472 1.5975759948252646
cell 31.947254630083606 40.83204129454612 0.0 1.6431676725154984 0.6085806194501846 1 0 0 0.7101349918104058 0.7040655462429863 1.5793798453826569
cell 52.31821921365976 24.270918270570068 0.0 1.6431676725154984 0.6085806194501846 1 0 0 0.6820535359153073 0.7313022454125425 1.5011340489407206
cell 13.684891158613066 33.249616922435195 0.0 1.6431676725154984 0.6085806194501846 1 0 0 0.8871936099951627 0.4613973324410871 2.1824535386365542
cell 66.953438263418 20.924909109737165 0.0 1.6431676725154984 0.6085806194501846 1 0 0 -0.5325305488088263 -0.8464107835946859 1.1231750077979141
cell 56.44418649649885 32.79120671961167 0.0 1.6431676725154984 0.6085806194501846 1 0 0 0.7535989597222954 0.6573344718676134 1.7070402222110161
cell 10.084748498117595 52.30312928588536 0.0 1.6431676725154984 0.6085806194501846 1 0 0 0.6360477057776013 -0.7716497365871707 4.904454288385719
cell 62.98500082254118 14.797143047583027 0.0 1.6431676725154984 0.6085806194501846 1 0 0 0.892796550522091 0.4504601196286477 2.2070313715081697
cell 9.404114766320266 5.037114288347579 0.0 1.6431676725154984 0.6085806194501846 1 0 0 0.5453405232337251 0.8382145988463616 1.1535906186972604
cell 31.954400554341202 36.84230882233886 0.0 1.6431676725154984 0.6085806194501846 1 0 0 0.8603352823674285 0.5097285570906902 2.0718541486081046
cell 5.670096856721112 6.836708446129053 0.0 1.6431676725154984 0.6085806194501846 1 0 0 0.8340220947722123 0.5517310444698311 1.9727159449476523
cell 54.437213446000925 1.259216186769521 0.0 1.6431676725154984 0.6085806194501846 1 0 0 0.6661688734439299 0.7458009332619834 1.458119991682135
cell 8.871005716095357 19.156068609284603 0.0 1.6431676725154984 0.6085806194501846 1 0 0 0.7920292899236913 0.6104830905954509 1.8282518776498824
cell 16.43263396977524 28.539022362756022 0.0 1.6431676725154984 0.6085806194501846 1 0 0 0.9188701196675628 0.39456013886620467 2.3304144455919933
cell 43.74353031155886 65.51397394227966 0.0 1.6431676725154984 0.6085806194501846 1 0 0 0.5330057985779549 0.8461115876066682 1.1242981829233354
cell 36.027507272346604 47.45357526637708 0.0 1.6431676725154984 0.6085806194501846 1 0 0 0.5771464731139321 0.8166406483712094 1.2304602649830187
cell 62.44474393475787 36.91884055721802 0.0 1.6431676725154984 0.6085806194501846 1 0 0 0.8540085501782092 0.5202589703431486 2.047284326345945
cell 52.4791218802238 13.830065232778646 0.0 1.6431676725154984 0.6085806194501846 1 0 0 0.7496928931267529 0.6617858913540232 1.6951957983415455
cell 29.73347296253347 17.842099412782034 0.0 1.6431676725154984 0.6085806194501846 1 0 0 0.7053679688939358 0.708841328125303 1.5658842501245287
cell 2.9131305369693457 31.96684576454098 0.0 1.6431676725154984 0.6085806194501846 1 0 0 0.8317927424917381 0.5550863298065204 1.9646591532222473
cell 5.467868774686787 34.292991551989694 0.0 1.6431676725154984 0.6085806194501846 1 0 0 0.9103809770955854 0.4137710436249585 2.288407749930181
cell 52.36626354651592 2.901032614136306 0.0 1.6431676725154984 0.6085806194501846 1 0 0 0.627407394279441 0.7786911850043521 1.3564385747956025
cell 36.3949271934508 5.66332892235817 0.0 1.6431676725154984 0.6085806194501846 1 0 0 0.7769157424269113 0.6296045815980386 1.7795043588842225
cell 44.00646157918361 42.43985236386993 0.0 1.6431676725154984 0.6085806194501846 1 0 0 0.6874105191531865 0.7262690810970454 1.5158351041014433
cell 66.9244094424924 39.137988082206206 0.0 1.6431676725154984 0.6085806194501846 1 0 0 -0.7947304164466839 -0.6069625731249666 1.8371265968142758
cell 60.33016179716922 20.60818548187286 0.0 1.6431676725154984 0.6085806194501846 1 0 0 0.8303303955464902 0.5572714188181637 1.9594006072028114
cell 35.935740620814464 12.586757077671932 0.0 1.6431676725154984 0.6085806194501846 1 0 0 0.7840347579006314 0.6207169229235645 1.8022791044822921
cell 5.674637257161567 20.780834627823445 0.0 1.6431676725154984 0.6085806194501846 1 0 0 -0.8104625074612215 -0.5857905120430592 1.8898824572074826
cell 1.7698014686112014 55.08496695228835 0.0 1.6431676725154984 0.6085806194501846 1 0 0 0.8840359606826061 0.467418891595089 2.1688549943133086
cell 32.729658962658426 13.828122072583868 0.0 1.6431676725154984 0.6085806194501846 1 0 0 0.7977388682407447 0.6030030664084352 1.84707215393165
cell 55.67213421490371 26.129709686790953 0.0 1.6431676725154984 0.6085806194501846 1 0 0 0.930296361858008 0.3668087773128586 2.3904399298926315
cell 6.123222456896903 38.35491871698578 0.0 1.6431676725154984 0.6085806194501846 1 0 0 0.8675554019638088 0.49734055185899956 2.1005314095002907
cell 53.33151892032509 66.28967715797052 0.0 1.6431676725154984 0.6085806194501846 1 0 0 0.6521255020292389 0.7581110272269578 1.4207694987585586
cell 52.92728081210768 38.937160980249885 0.0 1.6431676725154984 0.6085806194501846 1 0 0 0.8204160412770367 0.5717670148017596 1.9242765612760981
cell 9.287415836380498 22.395505711499823 0.0 1.6431676725154984 0.6085806194501846 1 0 0 0.7460277758135002 0.6659148276730005 1.6841538279609143
cell 9.83417144611058 48.10215918262683 0.0 1.6431676725154984 0.6085806194501846 1 0 0 0.9927315364161836 0.12034989241691675 2.9003079954096602
cell 14.089077449569388 40.08133838603843 0.0 1.6431676725154984 0.6085806194501846 1 0 0 0.9041974918948512 0.4271146165270634 2.258994125505291
cell 45.272032949143124 66.6201072783545 0.0 1.6431676725154984 0.6085806194501846 1 0 0 0.6451323425661689 0.7640708478767445 1.4023929555136958
cell 63.99769993695223 20.449279034711697 0.0 1.6431676725154984 0.6085806194501846 1 0 0 -0.9271325877796974 -0.374733458176504 2.3733741190430315
cell 37.45357488464916 22.396538570751336 0.0 1.6431676725154984 0.6085806194501846 1 0 0 0.868722590476917 0.49529896102765514 2.1052347805026934
cell 7.164310160736594 46.999420208699505 0.0 1.6431676725154984 0.6085806194501846 1 0 0 0.9841004216395356 0.17761295034115107 2.7844720500718325
cell 60.310949750142555 55.69490792041794 0.0 1.6431676725154984 0.6085806194501846 1 0 0 0.6489685246891943 0.760815256131691 1.4124558028833987
cell 59.13018118448572 66.79624475383277 0.0 1.6431676725154984 0.6085806194501846 1 0 0 0.6260795602094755 0.77975918352265 1.3530304874404417
cell 65.89054392366451 24.484620110711873 0.0 1.6431676725154984 0.6085806194501846 1 0 0 0.5919280078415836 0.8059908396084251 1.2668976840173256
cell 44.7839586619872 16.88604429880074 0.0 1.6431676725154984 0.6085806194501846 1 0 0 0.7509621877124181 0.660345207165297 1.6990359445936976
cell 53.626699447786 49.9468880979997 0.0 1.6431676725154984 0.6085806194501846 1 0 0 0.7058830701593815 0.7083283781286513 1.5673381373773787
cell 52.69722440794961 36.823691460121125 0.0 1.6431676725154984 0.6085806194501846 1 0 0 0.8503611460005693 0.5261995071953207 2.033342485419296
cell 2.7579479717041 23.488190761610152 0.0 1.6431676725154984 0.6085806194501846 1 0 0 0.669636393672448 0.7426891006803307 1.4674381970497803
cell 23.429320094367196 4.623649759836819 0.0 1.6431676725154984 0.6085806194501846 1 0 0 0.7729471011965605 0.6344704711425379 1.7669461545833132
cell 48.36523925631947 54.601098652763696 0.0 1.6431676725154984 0.6085806194501846 1 0 0 0.4934746931155945 0.8697601550165827 1.0321604952363093
cell 60.28162275146016 52.4482248469548 0.0 1.6431676725154984 0.6085806194501846 1 0 0 0.7135516906050228 0.7006025869454907 1.5891093807101773
cell 14.651054695906511 16.720275763013866 0.0 1.6431676725154984 0.6085806194501846 1 0 0 0.712770171310778 0.7013976638752115 1.5868796543949641
cell 17.351644792086983 15.981756599999276 0.0 1.6431676725154984 0.6085806194501846 1 0 0 0.8636652108489771 0.5040658722520222 2.084992577504624
cell 55.516341041880146 44.1381074882179 0.0 1.6431676725154984 0.6085806194501846 1 0 0 0.6595054819206905 0.7516997534365419 1.4403214087354046
cell 25.718024019907922 6.027047261012888 0.0 1.6431676725154984 0.6085806194501846 1 0 0 0.7848512597542282 0.6196841938134303 1.8049121293148214
cell 61.02284078732276 64.80803176118717 0.0 1.6431676725154984 0.6085806194501846 1 0 0 -0.6103093295813563 -0.7921631916631543 1.3129020388156851
cell 51.233657729890176 3.5099949681919775 0.0 1.6431676725154984 0.6085806194501846 1 0 0 0.6241080749506259 0.7813380259410289 1.3479789526639858
cell 1.7416256400038035 39.83991976980052 0.0 1.6431676725154984 0.6085806194501846 1 0 0 -0.8966336447993375 -0.4427732004241623 2.2242142086861314
cell 0.7435710488400782 53.37051989419286 0.0 1.6431676725154984 0.6085806194501846 1 0 0 0.8710795122819414 0.4911420194634695 2.1147920368071387
cell 8.59541949487311 29.743336538113482 0.0 1.6431676725154984 0.6085806194501846 1 0 0 0.669624156639086 0.742700133866551 1.467405243981111
cell 8.492672945942886 25.4949705697125 0.0 1.6431676725154984 0.6085806194501846 1 0 0 0.8438335971600635 0.5366049387621286 2.0087755322417293
cell 53.825005002667496 46.7241937089845 0.0 1.6431676725154984 0.6085806194501846 1 0 0 0.698566171258423 0.71554545933389 1.5467834103928082
cell 48.43024800421584 56.535163971814455 0.0 1.6431676725154984 0.6085806194501846 1 0 0 -0.4412518933764831 -0.897383288562735 0.9139864887749578
cell 31.43070618797039 9.47349414816483 0.0 1.6431676725154984 0.6085806194501846 1 0 0 0.8496552199656527 0.5273386077134106 2.0306622751097483
cell 49.289062452553004 58.87794095323639 0.0 1.6431676725154984 0.6085806194501846 1 0 0 0.4319164689568231 0.9019136121845981 0.8932331808585424
cell 6.960891404265654 8.66986558144257 0.0 1.6431676725154984 0.6085806194501846 1 0 0 0.8825292465688036 0.4702575134441765 2.1624275623807994
cell 45.98958860544435 35.88160582693762 0.0 1.6431676725154984 0.6085806194501846 1 0 0 0.5767951618811135 0.8168888181573672 1.2296000142569663
cell 50.26715391148573 39.23110386734561 0.0 1.6431676725154984 0.6085806194501846 1 0 0 0.7125540904600541 0.7016171806395886 1.5862636071739094
cell 61.86457897298444 49.07660227821187 0.0 1.6431676725154984 0.6085806194501846 1 0 0 0.7654033487797959 0.6435508633174802 1.7433357042631337
cell 65.03017104295324 25.45131723885072 0.0 1.6431676725154984 0.6085806194501846 1 0 0 0.5557005750988495 0.83138250573055 1.1784107836906557
cell 39.52576285533643 8.777611317155449 0.0 1.6431676725154984 0.6085806194501846 1 0 0 0.8872706735692042 0.46124912121764605 2.1827876365938232
cell 62.85744693755349 2.8680099531174728 0.0 1.6431676725154984 0.6085806194501846 1 0 0 0.6048042169004847 0.7963741954755889 1.2990400027387825
cell 48.816873767922246 49.29487964670064 0.0 1.6431676725154984 0.6085806194501846 1 0 0 0.5637625237152313 0.8259369327341122 1.1978684328089497
cell 57.97311950273865 46.27144513177222 0.0 1.6431676725154984 0.6085806194501846 1 0 0 0.7739533628062922 0.6332426013786753 1.7701211992214392
cell 59.7623874158749 7.112936669107471 0.0 1.6431676725154984 0.6085806194501846 1 0 0 0.7083766268550571 0.7058346509809866 1.5743912254869794
cell 28.933060018511853 10.815783672755076 0.0 1.6431676725154984 0.6085806194501846 1 0 0 0.7747373449335077 0.6322832010779499 1.772599163796809
cell 29.688866856177196 5.017217350445031 0.0 1.6431676725154984 0.6085806194501846 1 0 0 0.8940833650819897 0.4479005875009158 2.2127609795357754
cell 55.82288915939202 10.13443463898146 0.0 1.6431676725154984 0.6085806194501846 1 0 0 0.5439325125603549 0.8391289661189032 1.1502329038627674
cell 51.111949394452736 22.529436363945706 0.0 1.6431676725154984 0.6085806194501846 1 0 0 0.6401741184434359 0.7682298471650069 1.3894497862415522
cell 53.99511511726984 19.708409722022864 0.0 1.6431676725154984 0.6085806194501846 1 0 0 0.8051656009720172 0.5930500442722945 1.8719093027779703
cell 65.90001811156574 38.04082008517131 0.0 1.6431676725154984 0.6085806194501846 1 0 0 0.7035691100379275 0.7106268411764635 1.560815146267382
cell 0.6239025813733986 5.594970574924649 0.0 1.6431676725154984 0.6085806194501846 1 0 0 -0.6610790859880734 -0.7503162280459976 1.4445120525396176
cell 63.122896189343564 8.685494930620974 0.0 1.6431676725154984 0.6085806194501846 1 0 0 0.5863589455267749 0.8100513483728847 1.2531132907362543
cell 35.838323482544105 42.40657040032105 0.0 1.6431676725154984 0.6085806194501846 1 0 0 0.6145324144941334 0.7888915714697493 1.3235862351333383
cell 51.13130727958344 0.443851037248143 0.0 1.6431676725154984 0.6085806194501846 1 0 0 0.6252634711220492 0.7804137310942231 1.3509381834263134
cell 35.78805289345987 23.772513287372984 0.0 1.6431676725154984 0.6085806194501846 1 0 0 0.6427023660954677 0.7661159629033241 1.3960408567740503
cell 0.5666837793671125 48.38256803087744 0.0 1.6431676725154984 0.6085806194501846 1 0 0 0.9207468811065056 0.39016045536758653 2.3399809479850893
cell 2.3168574625443443 48.36599508790434 0.0 1.6431676725154984 0.6085806194501846 1 0 0 0.9462304597459141 0.32349330294309947 2.4827546962621874
cell 22.17799589518735 38.932264396112444 0.0 1.6431676725154984 0.6085806194501846 1 0 0 0.07684911588483719 0.9970427339827109 0.15384992007048676
cell 44.171008031261806 7.764686651487507 0.0 1.6431676725154984 0.6085806194501846 1 0 0 0.8330427396197183 0.5532086351159697 1.969170575316616
cell 17.55063359622293 10.954312390365994 0.0 1.6431676725154984 0.6085806194501846 1 0 0 -0.6223620071032764 -0.7827295395693082 1.3435135007602517
cell 21.464704420551065 34.43168674223231 0.0 1.6431676725154984 0.6085806194501846 1 0 0 0.7877595955932634 0.6159828078369868 1.8143267384764579
cell 66.13964764407689 1.6152958259313843 0.0 1.6431676725154984 0.6085806194501846 1 0 0 0.6344662180165623 0.7729505923380614 1.3746354940713066
cell 57.706002016835896 42.38396836192196 0.0 1.6431676725154984 0.6085806194501846 1 0 0 0.8355082902721724 0.5494778402142085 1.9781143561602672
cell 11.193078010784 17.08667844106883 0.0 1.6431676725154984 0.6085806194501846 1 0 0 -0.7888594906083043 -0.6145735953302962 1.817902014568812
cell 16.44319403492262 38.58182984457396 0.0 1.6431676725154984 0.6085806194501846 1 0 0 0.9410882483149344 0.33816106943811297 2.4516683277931723
cell 5.5230546645211795 11.572419786738571 0.0 1.6431676725154984 0.6085806194501846 1 0 0 0.798733732509383 0.6016846554064924 1.850375463243964
cell 15.12757150028004 7.654752231219839 0.0 1.6431676725154984 0.6085806194501846 1 0 0 0.8456746354134491 0.5336988017771166 2.0156559583036757
cell 47.76078633523476 35.41366559105214 0.0 1.6431676725154984 0.6085806194501846 1 0 0 0.5760295026716223 0.8174289033621722 1.2277260600229922
cell 38.71363104175265 53.90515264240157 0.0 1.6431676725154984 0.6085806194501846 1 0 0 0.5580239013329776 0.8298248764294327 1.1840050875548411
cell 9.80209950057835 2.220436031310447 0.0 1.6431676725154984 0.6085806194501846 1 0 0 0.7457122180458895 0.6662681801325047 1.6832063372337096
cell 31.898643860429917 19.727885774124317 0.0 1.6431676725154984 0.6085806194501846 1 0 0 0.6742328341332723 0.7385188456475673 1.4798508382815343
cell 20.986204976498318 31.915404314875925 0.0 1.6431676725154984 0.6085806194501846 1 0 0 0.8432149541753865 0.5375765443683354 2.006471851063104
cell 63.04014577627129 55.204809668049556 0.0 1.6431676725154984 0.6085806194501846 1 0 0 0.6815886280063852 0.7317355684756437 1.499862973404981
cell 63.90578615654608 45.53641052818956 0.0 1.6431676725154984 0.6085806194501846 1 0 0 0.7840680916530892 0.6206748163503034 1.8023865121647997
cell 26.67264453113905 9.945331948827231 0.0 1.6431676725154984 0.6085806194501846 1 0 0 0.7855499293551521 0.6187982777045484 1.8071686635585438
cell 5.62006755649736 43.77234541606744 0.0 1.6431676725154984 0.6085806194501846 1 0 0 0.9535826826883156 0.3011313123488742 2.5298350273682457
cell 42.778030997497694 20.02383692708736 0.0 1.6431676725154984 0.6085806194501846 1 0 0 -0.7371842389369537 -0.6756917920642106 1.6577872055474367
cell 3.7168062241933955 16.0839114918438 0.0 1.6431676725154984 0.6085806194501846 1 0 0 0.5894305142778746 0.8078190817491997 1.260707384808394
cell 16.97024828309677 25.125642226489717 0.0 1.6431676725154984 0.6085806194501846 1 0 0 0.9218837915847238 0.38746648218055396 2.3458290461579643
cell 27.16359703931972 5.219411373704541 0.0 1.6431676725154984 0.6085806194501846 1 0 0 0.8461938614085407 0.5328751719816784 2.017603224848141
cell 32.72821937963512 11.229203835044899 0.0 1.6431676725154984 0.6085806194501846 1 0 0 0.8497823320930203 0.5271337477932404 2.031144457980027
cell 64.60498788434715 11.163430052835379 0.0 1.6431676725154984 0.6085806194501846 1 0 0 0.5799979116465407 0.8146179610625164 1.2374522541426358
cell 12.348729540046985 62.129731829520374 0.0 1.6431676725154984 0.6085806194501846 1 0 0 0.6857320298740499 0.7278540947228469 1.5112179201886224
cell 40.61288601071764 11.33744915321759 0.0 1.6431676725154984 0.6085806194501846 1 0 0 0.8695468533482716 0.4938504529026165 2.108567998594755
cell 45.79010997732327 45.981663729339346 0.0 1.6431676725154984 0.6085806194501846 1 0 0 0.7784507617268016 0.6277056727216684 1.7843878585039845
cell 27.354525169744335 18.655698502094225 0.0 1.6431676725154984 0.6085806194501846 1 0 0 0.6108185368920038 0.791770620185614 1.3141879695516694
cell 44.80523110792138 63.31083257314506 0.0 1.6431676725154984 0.6085806194501846 1 0 0 0.647512721069385 0.7620546411205177 1.4086319616505547
cell 0.5604302081430895 10.107864978618181 0.0 1.6431676725154984 0.6085806194501846 1 0 0 -0.6179509775876442 -0.7862166300063075 1.3322676900901875
cell 59.058647674202774 41.4492663423418 0.0 1.6431676725154984 0.6085806194501846 1 0 0 -0.8205363273325329 -0.5715943802449761 1.9246973767962778
cell 8.299513577745177 41.96815453538247 0.0 1.6431676725154984 0.6085806194501846 1 0 0 0.9439656149127517 0.33004381203469146 2.468892678546397
cell 59.2793751426171 45.53290704199468 0.0 1.6431676725154984 0.6085806194501846 1 0 0 0.8274558583961971 0.561530767105252 1.949123434486272
cell 34.63838863510285 8.629467633212967 0.0 1.6431676725154984 0.6085806194501846 1 0 0 0.8894979411399824 0.45693917834623504 2.19249049690407
cell 6.755597300664503 30.263437233245554 0.0 1.6431676725154984 0.6085806194501846 1 0 0 0.9072720918652725 0.4205441134083471 2.2735027308128326
cell 3.1340933491025313 11.374681825348796 0.0 1.6431676725154984 0.6085806194501846 1 0 0 0.69475013724873 0.7192511708665276 1.5361448991734703
cell 44.027912748466896 37.286875361847905 0.0 1.6431676725154984 0.6085806194501846 1 0 0 0.5917811849850845 0.8060986472496088 1.266533379535992
cell 4.878645289143839 14.811724786782001 0.0 1.6431676725154984 0.6085806194501846 1 0 0 0.7506577110259125 0.6606913052835929 1.698114011919635
cell 51.65142346080726 41.95894450084093 0.0 1.6431676725154984 0.6085806194501846 1 0 0 0.8463570487987617 0.5326159460142463 2.018215852719697
cell 29.998893924819413 47.32715683939929 0.0 1.6431676725154984 0.6085806194501846 1 0 0 0.7306403191047625 0.6827625678802924 1.6385186326512622
cell 66.90577897946774 11.787410355053787 0.0 1.6431676725154984 0.6085806194501846 1 0 0 0.6344041534340142 0.7730015330551886 1.3744749080311691
cell 7.964996678804874 39.78060421664122 0.0 1.6431676725154984 0.6085806194501846 1 0 0 0.89494739355884 0.44617167409220276 2.216626565104138
cell 30.86615748063715 17.149942278670423 0.0 1.6431676725154984 0.6085806194501846 1 0 0 0.6358420235681791 0.7718192282294625 1.378197980001658
cell 23.451082504236805 34.33597599517076 0.0 1.6431676725154984 0.6085806194501846 1 0 0 0.7186472790656835 -0.6953747826111396 4.679475214621499
cell 54.229636815194425 21.68823904224753 0.0 1.6431676725154984 0.6085806194501846 1 0 0 0.8291232025270433 0.5590659308447435 1.9550750597354671
cell 45.605215630859774 39.4196942727321 0.0 1.6431676725154984 0.6085806194501846 1 0 0 0.5695690279106957 0.821943503195241 1.2119628538313905
cell 57.47480981847877 6.250660887901922 0.0 1.6431676725154984 0.6085806194501846 1 0 0 0.6772774245418253 0.7357277283112227 1.4881115624615093
cell 52.633803407133186 34.8072285669963 0.0 1.6431676725154984 0.6085806194501846 1 0 0 -0.8568901346111143 -0.5154990758538239 2.058412705252369
cell 0.48061633105977175 58.122818042648625 0.0 1.6431676725154984 0.6085806194501846 1 0 0 0.8022314695411935 0.5970131232039855 1.8620472196022753
cell 7.104908271878051 45.848996591348154 0.0 1.6431676725154984 0.6085806194501846 1 0 0 0.9795525588073644 0.20118843041771828 2.736450637597147
cell 54.396797579868576 13.904097005146573 0.0 1.6431676725154984 0.6085806194501846 1 0 0 0.4638937084949363 0.8858908664270194 0.9647708249762099
cell 40.8960423155542 60.784717352618486 0.0 1.6431676725154984 0.6085806194501846 1 0 0 0.5729964782048699 0.8195578295427457 1.2203148307561926
cell 47.32043308898336 65.82300548724702 0.0 1.6431676725154984 0.6085806194501846 1 0 0 0.7197189877518716 0.6942654958079231 1.6067949440563014
cell 45.020437513818976 36.59528445017352 0.0 1.6431676725154984 0.6085806194501846 1 0 0 -0.5616199411807677 -0.827395335778557 1.1926847649501653
cell 24.468980085873937 9.326626839994145 0.0 1.6431676725154984 0.6085806194501846 1 0 0 0.7765754378067561 0.630024276830064 1.778423708470098
cell 0.7909863500475264 34.55196242035497 0.0 1.6431676725154984 0.6085806194501846 1 0 0 0.7441519195550315 0.6680104195464035 1.6785287600620267
cell 18.06830090297485 28.436640302473275 0.0 1.6431676725154984 0.6085806194501846 1 0 0 0.9275405246152858 0.373722591230983 2.375554270011236
cell 20.313344706534682 10.187026700377057 0.0 1.6431676725154984 0.6085806194501846 1 0 0 -0.44633196727636565 -0.8948674622463425 0.9253243225973335
cell 65.24638174529935 27.965749099185906 0.0 1.6431676725154984 0.6085806194501846 1 0 0 0.5241722875246321 0.8516122433309624 1.103485772382144
cell 20.482600940577782 44.823072895844746 0.0 1.6431676725154984 0.6085806194501846 1 0 0 0.8316458358654721 -0.555306405228339 4.31905535996085
cell 10.590991833540341 32.93972215801515 0.0 1.6431676725154984 0.6085806194501846 1 0 0 -0.7906621180666858 -0.6122527378904092 1.8237793783400331
cell 0.401930911822982 49.65131485417587 0.0 1.6431676725154984 0.6085806194501846 1 0 0 0.9205231328281537 0.390688062177796 2.338834767812108
cell 46.24095800473901 48.1103038566688 0.0 1.6431676725154984 0.6085806194501846 1 0 0 0.7828269995809001 0.6222394143150732 1.798392377641005
cell 12.36295037577219 46.487641940762344 0.0 1.6431676725154984 0.6085806194501846 1 0 0 0.9739611471603934 0.22671498367335693 2.684185633320566
cell 57.75406958294508 20.967841213547906 0.0 1.6431676725154984 0.6085806194501846 1 0 0 0.8707989457576657 0.49163929467378625 2.1136501082310954
cell 61.564089708628714 55.72008254745602 0.0 1.6431676725154984 0.6085806194501846 1 0 0 0.7223787801612476 0.691497576259489 1.6144724156148582
cell 33.51064027750541 24.132049297843498 0.0 1.6431676725154984 0.6085806194501846 1 0 0 0.6819137057993989 0.7314326338378203 1.5007516690099045
cell 15.351062580015727 40.58342286732411 0.0 1.6431676725154984 0.6085806194501846 1 0 0 0.9595535205123558 0.28152627101630134 2.570823964968271
cell 55.51511172418457 37.84066541561027 0.0 1.6431676725154984 0.6085806194501846 1 0 0 -0.748370277066227 -0.6632811835140648 1.6912031985815217
cell 54.233211958966976 8.038372104670048 0.0 1.6431676725154984 0.6085806194501846 1 0 0 0.5759930510938497 0.8174545890088316 1.2276368754959317
cell 32.068521381932065 16.74521234813927 0.0 1.6431676725154984 0.6085806194501846 1 0 0 0.652792380443471 0.7575368690928163 1.4225294810679496
cell 6.482237200459241 17.528528669165876 0.0 1.6431676725154984 0.6085806194501846 1 0 0 -0.7959330515777157 -0.6053846524369324 1.841094551575729
cell 50.3315252553339 51.238316803589775 0.0 1.6431676725154984 0.6085806194501846 1 0 0 0.6067244118357057 0.7949122518131275 1.3038667742015548
cell 64.20230915361604 62.315205358300595 0.0 1.6431676725154984 0.6085806194501846 1 0 0 0.5357330971276654 0.8443873806742966 1.130751416518176
cell 66.90568746325279 36.71994896296041 0.0 1.6431676725154984 0.6085806194501846 1 0 0 0.7485753984506065 0.6630496759930705 1.6918218115958346
cell 8.618166864977674 1.7929152199972085 0.0 1.6431676725154984 0.6085806194501846 1 0 0 0.7570541639700272 0.6533521200819992 1.717584913108374
cell 51.064659333119145 46.511040733132916 0.0 1.6431676725154984 0.6085806194501846 1 0 0 0.7321234397636485 0.6811719819169337 1.642868167090602
cell 40.83057066239077 51.52068859848044 0.0 1.6431676725154984 0.6085806194501846 1 0 0 0.7368670923205448 0.6760376381941066 1.656848714149705
cell 24.718401854050732 63.088431648451376 0.0 1.6431676725154984 0.6085806194501846 1 0 0 0.7937349982282655 0.6082637196048892 1.8338501107746141
cell 28.432420036663245 7.713452868925428 0.0 1.6431676725154984 0.6085806194501846 1 0 0 0.8875912870572497 0.46063185641036053 2.184178764007881
cell 14.424320838964066 36.66758320440236 0.0 1.6431676725154984 0.6085806194501846 1 0 0 0.9092843238064781 0.4161754659753455 2.2831223362888013
cell 12.482779116528656 45.09947794443538 0.0 1.6431676725154984 0.6085806194501846 1 0 0 0.9710469867758769 0.23888857124921223 2.6591504092393916
cell 64.17368513272645 42.1549793325239 0.0 1.6431676725154984 0.6085806194501846 1 0 0 0.7444108297215003 0.6677218856629963 1.6793040955456908
cell 1.6074235435558963 4.505541952147883 0.0 1.6431676725154984 0.6085806194501846 1 0 0 0.6111084081269778 0.7915469117598218 1.3149202831296771
cell 54.88842208804645 58.55499341518424 0.0 1.6431676725154984 0.6085806194501846 1 0 0 0.688665452731974 0.7250792330590259 1.5192937728546216
cell 56.07843025348094 27.42435119810057 0.0 1.6431676725154984 0.6085806194501846 1 0 0 0.8962176885241615 0.44361453400041917 2.222337123846221
cell 7.126894376167902 18.673900313573427 0.0 1.6431676725154984 0.6085806194501846 1 0 0 0.8076238848548051 0.5896979401456585 1.8802230953197063
cell 30.740571785099235 64.60548166586646 0.0 1.6431676725154984 0.6085806194501846 1 0 0 0.693571958050712 0.7203873534465338 1.5328713581696969
cell 8.652380620939907 37.62026592006176 0.0 1.6431676725154984 0.6085806194501846 1 0 0 0.8799679726001621 0.4750330169556221 2.151589549649328
cell 53.05731352759909 18.857105601724594 0.0 1.6431676725154984 0.6085806194501846 1 0 0 0.8087845403069726 0.5881050648994949 1.8841648583191015
cell 46.92559873413037 43.66335136409034 0.0 1.0 1.0 1 0 0 0.0 1.0 0
cell 19.543463325621754 29.18188289360801 0.0 1.6431676725154984 0.6085806194501846 1 0 0 0.8758456954288908 0.4825912533383533 2.134370889525567
cell 30.052128803245065 20.992232353716563 0.0 1.6431676725154984 0.6085806194501846 1 0 0 -0.5586301717155037 -0.8294168621682989 1.1854666475950495
cell 61.475298901042756 36.27372326798818 0.0 1.6431676725154984 0.6085806194501846 1 0 0 0.8607830646283232 0.5089720185325239 2.0736123972741813
cell 15.172268520191311 19.316121523376445 0.0 1.6431676725154984 0.6085806194501846 1 0 0 0.7504783243823794 0.6608950632530222 1.6975710685397631
cell 2.40858133398526 50.68515639848198 0.0 1.6431676725154984 0.6085806194501846 1 0 0 -0.9400378700075668 -0.34107008510222203 2.445482642916687
cell 51.05277735710619 8.175933436663962 0.0 1.6431676725154984 0.6085806194501846 1 0 0 0.527209543984629 0.8497353098062476 1.1106265902070795
cell 44.54433045397701 10.136338386068557 0.0 1.6431676725154984 0.6085806194501846 1 0 0 0.8160876243256132 0.5779281870808662 1.9092172777575875
cell 9.99226540163028 29.75279649268149 0.0 1.6431676725154984 0.6085806194501846 1 0 0 -0.838543557237607 -0.5448345644462181 1.9892090277324126
cell 50.89750704729428 32.85857502259363 0.0 1.6431676725154984 0.6085806194501846 1 0 0 0.8036703216689514 0.5950747970369138 1.8668752239955608
cell 66.91319904123482 7.201775936176496 0.0 1.6431676725154984 0.6085806194501846 1 0 0 0.6206048384311843 0.7841234816760709 1.3390276481330698
