1000
 Lattice="66.99245856906788 0.0 0.0 0.0 66.99245856906788 0.0 0.0 0.0 1.0"Properties=species:S:1:pos:R:3:aspherical_shape:R:3:orientation:R:4:Color:R:1
cell 28.644579469788795 12.54323090000849 0.0 1.6431676725154984 0.6085806194501846 1 0 0 0.6472720748228522 -0.7622590512119355 4.875184832986617
cell 4.963678530563209 41.842028452697136 0.0 1.6431676725154984 0.6085806194501846 1 0 0 -0.9353317494355042 -0.35377184525894523 2.4183913094341634
cell 42.73585173175564 37.07090279755557 0.0 1.6431676725154984 0.6085806194501846 1 0 0 0.4979571506750606 0.8672016351988591 1.0424829965929039
cell 4.580519321600728 33.53769741819396 0.0 1.6431676725154984 0.6085806194501846 1 0 0 0.8251802464460393 0.5648695078292453 1.9410424391069308
cell 58.28478119191844 61.560458392268316 0.0 1.6431676725154984 0.6085806194501846 1 0 0 0.7603897569973971 0.6494670256860154 1.727826045194516
cell 48.463535432895604 38.70860542276967 0.0 1.6431676725154984 0.6085806194501846 1 0 0 0.7993877699607433 0.60081544024533 1.8525510552101747
cell 23.52002987803646 4.074243844743903 0.0 1.6431676725154984 0.6085806194501846 1 0 0 0.6831264949983171 0.7303000697188206 1.5040704397199713
cell 17.78292362986804 49.31998741017646 0.0 1.6431676725154984 0.6085806194501846 1 0 0 -0.8466144306476864 -0.5322067322188754 2.019182706071616
cell 60.658881826104 64.81330054535196 0.0 1.6431676725154984 0.6085806194501846 1 0 0 0.850666066963437 0.5257064223660932 2.034501984365953
cell 55.9731387024573 50.51003110527836 0.0 1.6431676725154984 0.6085806194501846 1 0 0 0.5929743530436771 0.805221346359144 1.2694953432557827
cell 11.597844453815718 15.280094338236943 0.0 1.6431676725154984 0.6085806194501846 1 0 0 -0.6943417263419912 -0.7196454453829492 1.5350095545179645
cell 35.58144470701741 59.35652356772011 0.0 1.6431676725154984 0.6085806194501846 1 0 0 0.5917642364970305 0.8061110893686345 1.266491329205521
cell 13.413345848102457 47.38207887988634 0.0 1.6431676725154984 0.6085806194501846 1 0 0 0.8739766127175757 0.48596798291936144 2.126651876289313
cell 6.317611874209766 37.81513831296581 0.0 1.6431676725154984 0.6085806194501846 1 0 0 0.8701244705240578 0.4928320259431483 2.1109096520534325
cell 43.74014582770623 15.528447915131 0.0 1.6431676725154984 0.6085806194501846 1 0 0 -0.7144338527060309 -0.6997029870649527 1.5916292935082952
cell 42.896037228812666 63.799536160942914 0.0 1.6431676725154984 0.6085806194501846 1 0 0 0.8869248599044903 0.46191372883191095 2.181289250264607
cell 33.385801334008086 60.6081598950356 0.0 1.6431676725154984 0.6085806194501846 1 0 0 -0.632025422895588 -0.7749476529506062 1.3683281205590143
cell 51.67118453405248 55.86947849306592 0.0 1.6431676725154984 0.6085806194501846 1 0 0 0.7162468856873122 0.6978469737293601 1.596818466031781
cell 38.85543378869742 39.29037844003388 0.0 1.6431676725154984 0.6085806194501846 1 0 0 0.7688286141710494 0.6394548944466869 1.7540145565841392
cell 38.39686334519328 51.87050776522484 0.0 1.6431676725154984 0.6085806194501846 1 0 0 0.8018565375042119 0.5975166050092301 1.8607917229300242
cell 40.89098406913919 11.990617599156938 0.0 1.6431676725154984 0.6085806194501846 1 0 0 0.46707189962789264 0.8842193396312884 0.9719527229323248
cell 54.96914001746508 12.155432524608212 0.0 1.0 1.0 1 0 0 0.0 1.0 0
cell 65.18042854112156 16.710068536900348 0.0 1.6431676725154984 0.6085806194501846 1 0 0 0.9449311472603529 0.3272691964380903 2.4747683063871144
cell 2.7754627381727643 39.76597373320383 0.0 1.6431676725154984 0.6085806194501846 1 0 0 0.9312763303618429 0.3643135963806177 2.3958013738983697
cell 22.690318390903425 21.857487548385553 0.0 1.6431676725154984 0.6085806194501846 1 0 0 0.9144842314925221 0.40462153965345343 2.308462770459622
cell 8.554242489626848 42.532025110246785 0.0 1.6431676725154984 0.6085806194501846 1 0 0 -0.9884647120562967 -0.15145135529093964 2.837519852294559
cell 44.17825011270758 39.413568065393804 0.0 1.6431676725154984 0.6085806194501846 1 0 0 0.7188624013549756 0.695152391866818 1.6043289148048558
cell 66.62805045053496 64.8716233383697 0.0 1.6431676725154984 0.6085806194501846 1 0 0 -0.880175563572322 -0.4746482669199851 2.1524639102264107
cell 6.0474083208653076 23.922442482754608 0.0 1.6431676725154984 0.6085806194501846 1 0 0 0.7401513550449307 0.6724403108270302 1.6665908274201702
cell 44.093151112192324 51.69602685979503 0.0 1.6431676725154984 0.6085806194501846 1 0 0 0.7328281374434992 0.6804137865821738 1.6449383932437625
cell 32.06807514336814 39.62626453464406 0.0 1.6431676725154984 0.6085806194501846 1 0 0 -0.7921559230031233 -0.6103187639677071 1.82866679536484
cell 66.51830469266916 0.6825187483946762 0.0 1.6431676725154984 0.6085806194501846 1 0 0 0.7127043387201114 0.7014645576004027 1.5866919450401593
cell 63.04910257889862 50.34318723788384 0.0 1.6431676725154984 0.6085806194501846 1 0 0 0.6979565242239465 0.7161401331396164 1.545080111845046
cell 11.312345637398236 33.25384172959839 0.0 1.6431676725154984 0.6085806194501846 1 0 0 0.8546358419781465 0.5192278667466766 2.0496981778788688
cell 59.0672609624916 62.96201636056085 0.0 1.6431676725154984 0.6085806194501846 1 0 0 0.7729552859058015 0.6344604999448592 1.7669719549126528
cell 4.687880010566522 28.106407608628 0.0 1.6431676725154984 0.6085806194501846 1 0 0 0.6210197815637287 0.7837948908397774 1.3400862316158093
cell 52.940027313138394 31.857893335680764 0.0 1.6431676725154984 0.6085806194501846 1 0 0 0.6091847863759925 0.7930283072173631 1.3100644182064056
cell 18.06247607658187 65.00986844477077 0.0 1.6431676725154984 0.6085806194501846 1 0 0 0.6660114283088379 0.745941537496084 1.4576978138931567
cell 36.80337444394843 14.714026442379767 0.0 1.6431676725154984 0.6085806194501846 1 0 0 0.7746059763486534 0.6324441330306966 1.7721836795075432
cell 42.3844103704271 62.24726785014464 0.0 1.6431676725154984 0.6085806194501846 1 0 0 0.8387771722733335 0.5444748435631812 1.9900668741089413
cell 18.547527950252245 6.776667683287842 0.0 1.6431676725154984 0.6085806194501846 1 0 0 0.6364681007988893 0.7713030251888391 1.3798208642416343
cell 19.257072758282952 32.734234144692266 0.0 1.6431676725154984 0.6085806194501846 1 0 0 0.950002730487145 0.3122415924680261 2.5064892843540245
cell 19.54493816287015 27.232207642697535 0.0 1.6431676725154984 0.6085806194501846 1 0 0 0.8980004476133606 0.43999454097318524 2.2304074649990904
cell 50.34133299416935 65.10287106432071 0.0 1.6431676725154984 0.6085806194501846 1 0 0 -0.6073919414913417 -0.794402309545597 1.3055468182472412
cell 50.30810104351138 41.9929732307061 0.0 1.6431676725154984 0.6085806194501846 1 0 0 -0.4567761533558709 -0.8895816689463727 0.9487356188669915
cell 61.3959668600092 54.6771679306428 0.0 1.6431676725154984 0.6085806194501846 1 0 0 0.7283712493026611 0.6851826932937527 1.631883666222573
cell 58.0786661524508 11.924130988202865 0.0 1.6431676725154984 0.6085806194501846 1 0 0 0.8894521972613123 0.45702821443213276 2.1922902977328818
cell 2.205115334444475 54.03227424598052 0.0 1.6431676725154984 0.6085806194501846 1 0 0 0.6694304992990198 0.7428746910537908 1.4668838098918393
cell 20.60349777867512 5.621184069917963 0.0 1.6431676725154984 0.6085806194501846 1 0 0 0.6876231808839784 0.726067738651842 1.5164208132189985
cell 17.895992401016024 15.123014419618487 0.0 1.6431676725154984 0.6085806194501846 1 0 0 0.7982404097841092 0.6023389811291459 1.8487365495791548
cell 9.211965296142818 48.49464116463632 0.0 1.0 1.0 1 0 0 0.0 1.0 0
cell 42.03392684964944 55.59913272129657 0.0 1.6431676725154984 0.6085806194501846 1 0 0 0.817051191384432 0.5765651313228023 1.9125557703056855
cell 36.42293624871575 46.61523273799695 0.0 1.6431676725154984 0.6085806194501846 1 0 0 0.6190999865685577 0.7853121714520995 1.335192253165599
cell 14.892987015838395 37.274223575792576 0.0 1.6431676725154984 0.6085806194501846 1 0 0 0.921573948149772 0.3882028568823797 2.3442312342921694
cell 54.882854007494025 21.99378647335259 0.0 1.6431676725154984 0.6085806194501846 1 0 0 0.7841541797700913 0.6205660499488312 1.8026639381477862
cell 15.953813896188507 19.595557225824034 0.0 1.6431676725154984 0.6085806194501846 1 0 0 0.8503863865966891 0.5261587151145807 2.0334384245988635
cell 60.01724812208293 18.103150782795513 0.0 1.6431676725154984 0.6085806194501846 1 0 0 0.8128605215056075 0.5824583869922656 1.8980930728680454
cell 13.79649406217285 58.945094451866936 0.0 1.6431676725154984 0.6085806194501846 1 0 0 0.6711572291244012 0.7413150300608075 1.4715374711367684
cell 65.29139008824676 51.23254597209915 0.0 1.6431676725154984 0.6085806194501846 1 0 0 -0.6359615100422562 -0.7717207770591468 1.3785076227020197
cell 66.5046944546654 49.13280579700915 0.0 1.6431676725154984 0.6085806194501846 1 0 0 0.6095749915047335 0.7927284085561739 1.3110486930752654
cell 53.799678453365594 37.22698451012419 0.0 1.6431676725154984 0.6085806194501846 1 0 0 0.6412763276125298 0.7673100231612952 1.3923209822322122
cell 38.68812991354092 48.82805524064227 0.0 1.6431676725154984 0.6085806194501846 1 0 0 0.7728654773863282 0.6345698967524406 1.7666888773140164
cell 37.909286049334675 62.55368680973662 0.0 1.6431676725154984 0.6085806194501846 1 0 0 0.773378088952321 0.6339450540294923 1.7683052919657276
cell 61.20661827077628 28.348306624156344 0.0 1.6431676725154984 0.6085806194501846 1 0 0 0.9031542697520192 0.4293161597572318 2.2541217101005646
cell 45.789300414100104 56.14163778559855 0.0 1.6431676725154984 0.6085806194501846 1 0 0 0.7733133533896771 0.6340240196311274 1.768101073853686
cell 12.87319895096017 31.918472668779483 0.0 1.6431676725154984 0.6085806194501846 1 0 0 0.8630725626627022 0.5050799457302141 2.08264346954587
cell 32.00102088017422 33.167786911406616 0.0 1.6431676725154984 0.6085806194501846 1 0 0 0.6865874968053011 0.7270471850097701 1.513569878619289
cell 13.713861928546853 32.596213300601 0.0 1.6431676725154984 0.6085806194501846 1 0 0 0.9298006739278016 0.3680634548055618 2.3877418398934966
cell 47.58417455589643 66.86468616645162 0.0 1.6431676725154984 0.6085806194501846 1 0 0 0.7531486530874799 0.6578503677528156 1.7056706607512027
cell 8.117390634664499 19.51089793870669 0.0 1.6431676725154984 0.6085806194501846 1 0 0 -0.6577008528778896 -0.7532792232125459 1.4355249877730651
cell 1.0340250612324242 31.800378583189055 0.0 1.6431676725154984 0.6085806194501846 1 0 0 0.8715386583477732 0.4903267961322972 2.1166632976155966
cell 10.54137719154034 28.593637142480574 0.0 1.6431676725154984 0.6085806194501846 1 0 0 0.7621979273929952 0.6473440503146858 1.7334033239740991
cell 63.63117543518686 23.05327507188116 0.0 1.6431676725154984 0.6085806194501846 1 0 0 0.8180236851509525 0.5751845360682565 1.915933217898481
cell 56.39441117287308 16.273147098414903 0.0 1.6431676725154984 0.6085806194501846 1 0 0 0.43481855125348756 0.9005180883723648 0.8996735464779146
cell 56.76482963833841 66.69687928597745 0.0 1.6431676725154984 0.6085806194501846 1 0 0 0.5360055230770671 0.8442144746632101 1.1313967455427225
cell 40.706620338456425 56.371297616503185 0.0 1.6431676725154984 0.6085806194501846 1 0 0 0.7273123249479039 0.6863066238780409 1.628795274264785
cell 32.178161944582 4.526736371202764 0.0 1.6431676725154984 0.6085806194501846 1 0 0 0.8678007337407 0.49691235295482716 2.101518408967828
cell 44.04817932156579 60.8280506965131 0.0 1.6431676725154984 0.6085806194501846 1 0 0 0.8078062806886321 0.5894480578303731 1.8808418340770285
cell 12.059580431105289 47.14714130510312 0.0 1.6431676725154984 0.6085806194501846 1 0 0 0.89758436062469 0.44084273336640845 2.2285179584132844
cell 29.297880022926712 1.4145082967079154 0.0 1.6431676725154984 0.6085806194501846 1 0 0 0.7184800905998286 -0.6955475249123254 4.679956013481782
cell 31.94631502859012 54.44047586150791 0.0 1.6431676725154984 0.6085806194501846 1 0 0 0.7302717429786678 0.6831567765944349 1.6374392830728557
cell 53.983246034295654 62.061476437693145 0.0 1.6431676725154984 0.6085806194501846 1 0 0 0.5703526971014482 0.821399903158689 1.2138703532093484
cell 26.728333449667993 46.316284095797265 0.0 1.6431676725154984 0.6085806194501846 1 0 0 0.721850074083909 0.6920494711688284 1.6129438631812107
cell 20.57639055104522 14.051315132112093 0.0 1.6431676725154984 0.6085806194501846 1 0 0 0.8226201160171898 0.568591368843975 1.9320077167696494
cell 21.68338912707061 66.86720167682826 0.0 1.6431676725154984 0.6085806194501846 1 0 0 0.7269268993114374 0.6867148484323456 1.6276724203717745
cell 20.353516533637645 29.778844058096368 0.0 1.6431676725154984 0.6085806194501846 1 0 0 0.9480937936275045 0.3179908150953529 2.4943735568926844
cell 64.01277060512825 36.483973885184085 0.0 1.6431676725154984 0.6085806194501846 1 0 0 0.860030906005866 0.5102419433119246 2.0706604813308362
cell 63.264077526166126 25.964946633348713 0.0 1.6431676725154984 0.6085806194501846 1 0 0 0.8269603175542956 0.562260289537238 1.9473596161791067
cell 8.915152677272614 17.74249362553239 0.0 1.6431676725154984 0.6085806194501846 1 0 0 -0.6203656351949031 -0.7843127428961132 1.3384176055169172
cell 45.85333667570426 46.577123906431346 0.0 1.6431676725154984 0.6085806194501846 1 0 0 0.869720341876665 0.49354485806858217 2.109270811438529
cell 29.954645828713613 62.746117065550116 0.0 1.6431676725154984 0.6085806194501846 1 0 0 0.7549792965066311 0.6557486270258996 1.711245093257023
cell 15.614530028269547 45.080180122829084 0.0 1.6431676725154984 0.6085806194501846 1 0 0 0.9248758365245103 0.38026922964274573 2.361417899174421
cell 14.376004512385325 17.94547678169301 0.0 1.6431676725154984 0.6085806194501846 1 0 0 0.7591769154992504 0.650884329948912 1.7240952346218394
cell 57.0713556071629 27.59805028524004 0.0 1.6431676725154984 0.6085806194501846 1 0 0 0.7164475310412001 0.6976409787741605 1.5973935920359725
cell 52.41635444294469 64.62931359028799 0.0 1.6431676725154984 0.6085806194501846 1 0 0 0.605120929550809 0.79613356958463 1.2998355094310512
cell 53.61599310115421 0.6988980839646698 0.0 1.6431676725154984 0.6085806194501846 1 0 0 -0.5822328754495334 -0.8130220653498699 1.2429447767202557
cell 66.79971201858325 40.54396861488191 0.0 1.6431676725154984 0.6085806194501846 1 0 0 0.79028376447262 0.6127410314406767 1.8225439317883616
cell 65.11733876351508 59.50266910167825 0.0 1.6431676725154984 0.6085806194501846 1 0 0 -0.5552244585671655 -0.8317005474380775 1.1772656417982663
cell 16.022842934360952 33.56422208591091 0.0 1.6431676725154984 0.6085806194501846 1 0 0 0.8911068188493331 0.4537936066101217 2.1995567892887284
cell 14.45503923909181 10.273379824098836 0.0 1.6431676725154984 0.6085806194501846 1 0 0 0.8012294695445988 0.5983571986140727 1.8586942845540289
cell 57.28779253538398 14.054375191737321 0.0 1.6431676725154984 0.6085806194501846 1 0 0 -0.9580077771455933 -0.28674221685785883 2.5599436181780355
cell 6.922585179641899 54.225846666170476 0.0 1.6431676725154984 0.6085806194501846 1 0 0 0.7862610092281195 0.617894509902442 1.8094686035330638
cell 35.109503657075784 49.112711751461646 0.0 1.6431676725154984 0.6085806194501846 1 0 0 0.7584187015987359 0.6517676526687156 1.7217670185671832
cell 52.198758922224926 59.17171560846994 0.0 1.6431676725154984 0.6085806194501846 1 0 0 0.6388002959209458 0.76937258979724 1.3858758528921116
cell 16.957608174403845 25.886169779334367 0.0 1.6431676725154984 0.6085806194501846 1 0 0 0.8487539286980913 0.5287880185098329 2.027248703189922
cell 44.68660540094171 54.64647438108784 0.0 1.6431676725154984 0.6085806194501846 1 0 0 0.6839608698423089 0.7295186964873157 1.506356681745211
cell 42.32721109963431 5.472290947190353 0.0 1.6431676725154984 0.6085806194501846 1 0 0 0.6339895528584732 0.7733416107169672 1.3734024408565293
cell 66.63097284554337 10.98560459968157 0.0 1.6431676725154984 0.6085806194501846 1 0 0 0.7860773777676474 0.6181281065943687 1.808874337840284
cell 56.31267562827594 1.1191774761119722 0.0 1.6431676725154984 0.6085806194501846 1 0 0 0.48614731665789035 0.8738768714792335 1.0153511863868736
cell 61.26400348069929 10.973337005097868 0.0 1.0 1.0 1 0 0 0.0 1.0 0
cell 62.454575164192114 64.52110716824804 0.0 1.6431676725154984 0.6085806194501846 1 0 0 0.5355274111918723 0.8445178457925748 1.1302642703324628
cell 29.58625929132422 46.43417520368457 0.0 1.6431676725154984 0.6085806194501846 1 0 0 0.7958183955029832 -0.6055353675707617 4.4424694959748
cell 50.3065338692553 23.559101860981645 0.0 1.6431676725154984 0.6085806194501846 1 0 0 0.5957180509341262 0.8031936278328196 1.276318694873849
cell 23.676554158544967 0.7957964814080654 0.0 1.6431676725154984 0.6085806194501846 1 0 0 0.7476777933849614 0.6640616818330921 1.6891163719249944
cell 66.1118632912712 8.845714952532985 0.0 1.6431676725154984 0.6085806194501846 1 0 0 0.8140944210349886 0.5807325319281731 1.902336225205247
cell 16.22713700219488 3.935310685819096 0.0 1.6431676725154984 0.6085806194501846 1 0 0 0.5387344255289407 0.842475648757875 1.1378683553136324
cell 49.203267323793504 43.96444924524694 0.0 1.6431676725154984 0.6085806194501846 1 0 0 -0.7073715371652438 -0.7068419260403842 1.5715453100479637
cell 28.703060738987087 37.40432126920219 0.0 1.6431676725154984 0.6085806194501846 1 0 0 0.7950817238019261 -0.606502310363413 4.444900679835684
cell 58.92283534989918 45.25993831059987 0.0 1.6431676725154984 0.6085806194501846 1 0 0 0.6898634827581372 0.7239394830763227 1.5226009206225308
cell 10.475901283847723 15.67541334786595 0.0 1.6431676725154984 0.6085806194501846 1 0 0 0.694085781198707 0.7198923032911108 1.5342983674974835
cell 12.522128902734417 23.701611095432572 0.0 1.6431676725154984 0.6085806194501846 1 0 0 0.735151039262292 0.6779033481784642 1.6517789152245848
cell 30.275433836207405 55.32415857114688 0.0 1.6431676725154984 0.6085806194501846 1 0 0 0.778132061249213 -0.6281007047090865 4.499812574817575
cell 47.738943068318605 19.779419109904943 0.0 1.6431676725154984 0.6085806194501846 1 0 0 0.6577616002609373 0.7532261793260846 1.4356862812749995
cell 59.843089122628754 59.93030582234137 0.0 1.6431676725154984 0.6085806194501846 1 0 0 0.8310553690090758 0.5561896921385623 1.9620050030025598
cell 54.97933978698886 33.98531101208762 0.0 1.6431676725154984 0.6085806194501846 1 0 0 0.6864443893012527 0.7271823020376873 1.5131762474768566
cell 64.13932682344968 50.49393380733519 0.0 1.6431676725154984 0.6085806194501846 1 0 0 -0.661572183063981 -0.7498814883673008 1.4458268047292933
cell 62.51517484073899 32.40295558228578 0.0 1.6431676725154984 0.6085806194501846 1 0 0 0.817639230601465 0.575730916819172 1.9145970483849926
cell 31.309982247878345 48.58197350772977 0.0 1.6431676725154984 0.6085806194501846 1 0 0 -0.6970270432505007 -0.7170448388890786 1.5424859433008011
cell 45.45682999821223 42.44807300479313 0.0 1.6431676725154984 0.6085806194501846 1 0 0 0.7981043785230552 0.6025192121271552 1.8482849403815336
cell 21.538588891717758 55.34433399983727 0.0 1.6431676725154984 0.6085806194501846 1 0 0 0.8451338111075011 0.5345548066596265 2.013630880155675
cell 13.953867836293425 27.22114568679621 0.0 1.6431676725154984 0.6085806194501846 1 0 0 0.8186682762903628 0.5742667092873888 1.9181763441709359
cell 11.497254489769569 23.677575598132123 0.0 1.6431676725154984 0.6085806194501846 1 0 0 0.6783600563720308 0.7347296332113843 1.4910565825971853
cell 26.925793227967656 9.889018608975507 0.0 1.6431676725154984 0.6085806194501846 1 0 0 0.8730072399158582 0.4877072472851877 2.122669552609418
cell 10.769973940311345 6.816811530490695 0.0 1.6431676725154984 0.6085806194501846 1 0 0 0.4805324251711471 0.8769769599933261 1.0025234513991597
cell 4.014163679484557 65.27646654762266 0.0 1.6431676725154984 0.6085806194501846 1 0 0 0.42533598893764923 0.9050355222390069 0.8786661943220014
cell 18.294157504764932 43.85703196251564 0.0 1.6431676725154984 0.6085806194501846 1 0 0 -0.9639435679989186 -0.26610674120268785 2.6028888942433213
cell 33.32830225754842 53.77286186793415 0.0 1.6431676725154984 0.6085806194501846 1 0 0 0.6010271429888909 0.799228611468966 1.2895713133125635
cell 16.758073307934115 0.7072830414225776 0.0 1.6431676725154984 0.6085806194501846 1 0 0 0.5995883580460585 0.8003085660516396 1.2859733111529095
cell 16.66031407670138 45.90558175200251 0.0 1.6431676725154984 0.6085806194501846 1 0 0 0.9580356285536638 0.28664914865002883 2.5601379106611386
cell 23.853897945723208 27.020584316429378 0.0 1.6431676725154984 0.6085806194501846 1 0 0 0.8038136471455958 0.5948811819703962 1.8673570081236457
cell 64.51935562953766 64.32927373931854 0.0 1.6431676725154984 0.6085806194501846 1 0 0 0.6733497290039403 0.7393241119091951 1.4774605842435051
cell 64.98989396677825 44.89556175709267 0.0 1.6431676725154984 0.6085806194501846 1 0 0 0.7182578651972753 0.6957770038469601 1.6025904049380075
cell 39.439620104814466 14.426541651900287 0.0 1.6431676725154984 0.6085806194501846 1 0 0 0.8360230219285212 0.5486943655674835 1.9799892228376212
cell 33.13926189989735 5.407168131816791 0.0 1.6431676725154984 0.6085806194501846 1 0 0 0.9483815112297123 0.3171316905603209 2.4961856015295156
cell 51.01740254752937 63.218025939103256 0.0 1.6431676725154984 0.6085806194501846 1 0 0 0.6420239361170768 0.7666845932016214 1.3942704243942161
cell 63.661394212882115 28.32421210373513 0.0 1.6431676725154984 0.6085806194501846 1 0 0 0.7628537762602497 0.6465710448554566 1.735430810363387
cell 17.482156013782717 3.980972224917834 0.0 1.6431676725154984 0.6085806194501846 1 0 0 0.6432919013588149 0.7656210091462752 1.3975803775795017
cell 59.85648563622377 47.340470476717414 0.0 1.6431676725154984 0.6085806194501846 1 0 0 0.688528813092091 0.7252089861150346 1.5189169108276888
cell 16.570974827696563 49.03177240715942 0.0 1.6431676725154984 0.6085806194501846 1 0 0 0.7898870712591923 0.6132523254400065 1.8212496565874163
cell 8.061864816482046 36.398478004715685 0.0 1.6431676725154984 0.6085806194501846 1 0 0 0.8494534659710249 0.5276635378248272 2.0298973326192646
cell 12.409061879949217 20.447517836145984 0.0 1.6431676725154984 0.6085806194501846 1 0 0 -0.6742964892023988 -0.7384607265449662 1.480023230832618
cell 3.882101564055226 62.52642538289464 0.0 1.6431676725154984 0.6085806194501846 1 0 0 0.8751420061546845 0.4838661685461737 2.1314584419250044
cell 8.498186295631442 38.158648972153294 0.0 1.6431676725154984 0.6085806194501846 1 0 0 0.8311732193331699 0.5560135605030998 1.962428847559292
cell 21.372100380502765 10.875045290309634 0.0 1.6431676725154984 0.6085806194501846 1 0 0 0.7516768651407347 0.6595315689276728 1.7012018357478282
cell 58.729602007781345 47.96865884054766 0.0 1.6431676725154984 0.6085806194501846 1 0 0 0.7283996714868275 0.6851524783417788 1.6319666304046234
cell 36.73580123505171 43.52189357446024 0.0 1.6431676725154984 0.6085806194501846 1 0 0 0.7775991180381325 0.6287603769531908 1.781676623899699
cell 8.23156515879426 41.56395221895593 0.0 1.6431676725154984 0.6085806194501846 1 0 0 0.9690397600145859 0.24690472557420545 2.6426230890648927
cell 63.81448208629098 18.82818783837791 0.0 1.6431676725154984 0.6085806194501846 1 0 0 0.9432946285849402 0.33195668946837004 2.464838384952885
cell 0.9405860132561542 54.127631746799004 0.0 1.6431676725154984 0.6085806194501846 1 0 0 0.5757260905302398 0.8176426289539741 1.2269837998052509
cell 19.40035246672053 55.445523886585434 0.0 1.6431676725154984 0.6085806194501846 1 0 0 0.7946321468116664 0.6070912215256307 1.836802823237731
cell 13.362067363492143 8.53065454814673 0.0 1.6431676725154984 0.6085806194501846 1 0 0 -0.634735839737141 -0.7727291982015346 1.3753332368237041
cell 63.400915599368446 56.12048498065451 0.0 1.6431676725154984 0.6085806194501846 1 0 0 0.765558552932905 0.6433662269899443 1.7438181103280639
cell 16.84789241437313 14.696743206207893 0.0 1.6431676725154984 0.6085806194501846 1 0 0 0.7789417510644219 0.6270962832362287 1.7859530116669393
cell 65.5123418094203 32.08853392189156 0.0 1.6431676725154984 0.6085806194501846 1 0 0 0.860733511330736 0.5090558146925166 2.073417694159273
cell 10.823723405513778 12.646063121759026 0.0 1.6431676725154984 0.6085806194501846 1 0 0 -0.6655852347443221 -0.7463218443073643 1.4565554055003096
cell 4.917567034503096 57.31797674566122 0.0 1.6431676725154984 0.6085806194501846 1 0 0 -0.8105037827767578 -0.5857334019027479 1.890023385839081
cell 46.299157101459286 37.700243002966154 0.0 1.6431676725154984 0.6085806194501846 1 0 0 -0.6695120358411406 -0.7428012075002647 1.46710333702321
cell 61.67018288460148 2.514635727541609 0.0 1.6431676725154984 0.6085806194501846 1 0 0 0.6563897891394646 0.7544219275136754 1.4320466766838065
cell 54.901323106662815 30.432887155502605 0.0 1.6431676725154984 0.6085806194501846 1 0 0 0.7118271170054519 0.702354721985769 1.5841924164662544
cell 33.21118777565023 34.1079230398913 0.0 1.6431676725154984 0.6085806194501846 1 0 0 0.7442244893643489 0.667929569213981 1.678746044700129
cell 43.90817765683279 42.56923976865301 0.0 1.6431676725154984 0.6085806194501846 1 0 0 -0.80395305342394 -0.5946927676458859 1.8678257684819268
cell 3.060527810477538 35.29526026389365 0.0 1.6431676725154984 0.6085806194501846 1 0 0 0.8209503131093561 0.5709996352062321 1.926146660629763
cell 32.5306623905579 48.17891427956741 0.0 1.6431676725154984 0.6085806194501846 1 0 0 0.7242699429675106 0.6895165333143499 1.6199500182288007
cell 8.079726721582912 13.208503922204914 0.0 1.6431676725154984 0.6085806194501846 1 0 0 -0.7279961107237368 -0.6855812590576792 1.6307889815573828
cell 27.13645684768489 11.752173423613362 0.0 1.0 1.0 1 0 0 0.0 1.0 0
cell 23.232222406012816 23.12278118971757 0.0 1.6431676725154984 0.6085806194501846 1 0 0 0.8715673004484037 0.4902758823245153 2.1167801322979876
cell 61.57065624414504 42.12297786085323 0.0 1.6431676725154984 0.6085806194501846 1 0 0 0.8647951742858142 0.5021247917918097 2.0894846206220854
cell 7.128665850731682 21.481669944498222 0.0 1.6431676725154984 0.6085806194501846 1 0 0 0.7435146454744426 0.668719651247826 1.676621796057155
cell 54.94271940578886 19.322058795378457 0.0 1.6431676725154984 0.6085806194501846 1 0 0 0.8112417091669422 0.5847109450898781 1.8925452530062226
cell 18.914620726217446 26.154111979810587 0.0 1.6431676725154984 0.6085806194501846 1 0 0 0.9264761329642036 0.376353524027204 2.3698780944072944
cell 13.524462064873182 61.4808974577613 0.0 1.6431676725154984 0.6085806194501846 1 0 0 0.5515391157015372 0.8341490297609693 1.1684164950234672
cell 11.892471846144291 6.243512613575298 0.0 1.6431676725154984 0.6085806194501846 1 0 0 -0.5900177716884831 -0.8073902582343665 1.2621617037507002
cell 37.059564551949485 17.86512997087775 0.0 1.6431676725154984 0.6085806194501846 1 0 0 0.5760398765011224 0.8174215929864904 1.2277514417432733
cell 1.8766114586696832 7.640312035010954 0.0 1.6431676725154984 0.6085806194501846 1 0 0 0.7925374610602949 0.6098232307940569 1.829917594194399
cell 59.09517197184934 4.830113933476396 0.0 1.6431676725154984 0.6085806194501846 1 0 0 0.7615724174920953 0.6480798198642246 1.7314718793969663
cell 0.9431587759841461 10.572763610886927 0.0 1.6431676725154984 0.6085806194501846 1 0 0 0.7101316477678153 0.7040689190971062 1.5793703461688449
cell 57.670213436855015 10.508493382449382 0.0 1.6431676725154984 0.6085806194501846 1 0 0 0.8538052768217123 0.5205924982857506 2.0465031453223723
cell 26.584523464920817 13.832512298354825 0.0 1.6431676725154984 0.6085806194501846 1 0 0 0.7989279686269846 -0.6014267211768695 4.432164064601491
cell 44.9653070293802 14.900539430065475 0.0 1.6431676725154984 0.6085806194501846 1 0 0 0.7295515708603303 0.6839258040571539 1.6353321037058997
cell 13.497686955974887 21.066538435821382 0.0 1.6431676725154984 0.6085806194501846 1 0 0 0.7949615762678712 0.6066597829572203 1.8378884806646625
cell 61.44237508042718 31.541729771041155 0.0 1.6431676725154984 0.6085806194501846 1 0 0 0.9207542904604124 0.3901429694339532 2.3400189298965923
cell 25.75283083044628 3.811186915368287 0.0 1.6431676725154984 0.6085806194501846 1 0 0 0.7301281829814864 0.6833102051163535 1.6370190460716703
cell 41.76194683986147 53.535077679710014 0.0 1.6431676725154984 0.6085806194501846 1 0 0 0.8347394767189166 0.55064508170602 1.9753189833422706
cell 24.524908652971163 61.93333646098842 0.0 1.6431676725154984 0.6085806194501846 1 0 0 0.9867863105065418 -0.16202708846636427 3.467081734637918
cell 35.16195872027721 5.525060662522525 0.0 1.6431676725154984 0.6085806194501846 1 0 0 0.9135241246042397 0.4067845544831533 2.3037297202785343
cell 12.720286572256 30.28787487470121 0.0 1.6431676725154984 0.6085806194501846 1 0 0 0.8422506515623726 0.5390861155165833 2.0028892902811717
cell 11.614080854815175 34.778590325632614 0.0 1.6431676725154984 0.6085806194501846 1 0 0 0.8816511785530654 0.471901683993595 2.1586996668663114
cell 15.58109379471367 30.64724608171345 0.0 1.6431676725154984 0.6085806194501846 1 0 0 0.8710556589680851 0.4911843228154529 2.114694906911197
cell 57.93012054377772 29.622272918933483 0.0 1.6431676725154984 0.6085806194501846 1 0 0 0.7108142463734083 0.7033797744836027 1.5813103061977596
cell 11.645138370097275 36.467000090625035 0.0 1.6431676725154984 0.6085806194501846 1 0 0 0.911329820451925 0.4116770073189199 2.2930057034287445
cell 20.36980177205772 23.679012104843924 0.0 1.6431676725154984 0.6085806194501846 1 0 0 0.902482158748934 0.4307272375179725 2.2509957707891717
cell 66.25319578789129 3.6782540228925584 0.0 1.6431676725154984 0.6085806194501846 1 0 0 0.6362923874566838 0.7714479876600063 1.3793652797954543
cell 18.154536397112523 55.920392817410395 0.0 1.6431676725154984 0.6085806194501846 1 0 0 0.7157709152492526 0.6983351608527579 1.5954548318530262
cell 23.290794849926627 57.21959120025328 0.0 1.6431676725154984 0.6085806194501846 1 0 0 0.8619766837964195 0.5069479229578987 2.0783120534975326
cell 44.33534625900028 66.75437342666469 0.0 1.6431676725154984 0.6085806194501846 1 0 0 0.8243297652138079 0.5661099170501683 1.938034493769601
cell 2.9867626692538156 29.629527333114982 0.0 1.6431676725154984 0.6085806194501846 1 0 0 0.8164477824858056 0.5774192744219842 1.9104642035890862
cell 0.22069209717678362 5.749890766564318 0.0 1.6431676725154984 0.6085806194501846 1 0 0 -0.8243186150790717 -0.5661261527558334 1.9379951022150195
cell 19.439722496269237 18.62235846860289 0.0 1.6431676725154984 0.6085806194501846 1 0 0 0.8598501532545494 0.5105464855898315 2.069952194503479
cell 62.03557244933025 25.50165957272583 0.0 1.6431676725154984 0.6085806194501846 1 0 0 0.8068115785299481 0.5908088326607968 1.8774706970603658
cell 18.30041793517504 23.174456782060307 0.0 1.6431676725154984 0.6085806194501846 1 0 0 0.8482384835937402 0.5296144587816615 2.0253006916360548
cell 47.41000858332025 34.472850137502434 0.0 1.6431676725154984 0.6085806194501846 1 0 0 0.6726859301613493 0.7399281312147554 1.4756656265515473
cell 15.855823255065207 55.31876522096878 0.0 1.6431676725154984 0.6085806194501846 1 0 0 0.6488810363252926 0.7608898742245255 1.412225828331667
cell 66.65257547843487 36.159868762674385 0.0 1.6431676725154984 0.6085806194501846 1 0 0 0.7676785108677622 0.6408351612948958 1.7504212989820396
cell 31.362554782050047 3.5929588004365387 0.0 1.6431676725154984 0.6085806194501846 1 0 0 -0.8291867537454457 -0.5589716695979229 1.9553024267517785
cell 51.20241220389844 22.083411793336747 0.0 1.6431676725154984 0.6085806194501846 1 0 0 -0.686334431169981 -0.7272860844197272 1.5128738465939335
cell 54.915757911874906 7.22124313539777 0.0 1.6431676725154984 0.6085806194501846 1 0 0 0.7155328291058304 0.698579108241727 1.5947730830975464
cell 34.7664964336199 65.85746941303799 0.0 1.6431676725154984 0.6085806194501846 1 0 0 0.6461431768571476 0.7632162177266366 1.4050403534158904
cell 52.34785551079934 20.558282990501137 0.0 1.6431676725154984 0.6085806194501846 1 0 0 0.5482743006676629 0.8362985658408038 1.160598684071729
cell 55.09682783027698 27.176600157988048 0.0 1.6431676725154984 0.6085806194501846 1 0 0 0.7410327623907838 0.6714688712542706 1.669214240463932
cell 32.182222559336026 36.442202426913 0.0 1.6431676725154984 0.6085806194501846 1 0 0 0.7146901623397183 0.699441185415062 1.5923620546800503
cell 17.933309325415728 37.71280793595119 0.0 1.6431676725154984 0.6085806194501846 1 0 0 0.913735226733611 0.40631014684114963 2.30476823214823
cell 1.0343781718589014 38.713499954308936 0.0 1.6431676725154984 0.6085806194501846 1 0 0 0.830322007821742 0.5572839162642961 1.9593705047054872
cell 18.442120407708643 39.82058285365678 0.0 1.6431676725154984 0.6085806194501846 1 0 0 0.8781781110238058 0.4783337802399702 2.1440799133635524
cell 17.090228216964753 62.373209672586306 0.0 1.6431676725154984 0.6085806194501846 1 0 0 0.6508089031822663 0.7592415765345676 1.417298720738238
cell 38.74195622854143 8.979103033664087 0.0 1.6431676725154984 0.6085806194501846 1 0 0 0.6248822658612928 0.7807189979833055 1.3499614432783955
cell 16.03394420359695 63.08419941807177 0.0 1.6431676725154984 0.6085806194501846 1 0 0 0.6140343772097454 0.7892792811195793 1.3223239199232009
cell 16.218144130096427 6.441980414480464 0.0 1.6431676725154984 0.6085806194501846 1 0 0 0.6313753434454281 0.7754773856723146 1.3666509561792604
cell 63.14669266711472 45.211021801501374 0.0 1.6431676725154984 0.6085806194501846 1 0 0 -0.6540487676105637 -0.756452384216682 1.4258488887214478
cell 23.930948378239407 13.748094148165682 0.0 1.6431676725154984 0.6085806194501846 1 0 0 0.7892729988678281 0.6140424523257211 1.8192482715860445
cell 41.4782170913952 16.633638142510478 0.0 1.6431676725154984 0.6085806194501846 1 0 0 0.6765312847735184 0.7364138922662258 1.4860842039683149
cell 37.46959346380269 3.704586579646895 0.0 1.6431676725154984 0.6085806194501846 1 0 0 0.8974610152316131 0.4410937838367735 2.2279585286136707
cell 65.54999119770079 54.439630392594374 0.0 1.6431676725154984 0.6085806194501846 1 0 0 0.6843583568779041 0.7291458286045222 1.5074466843302305
cell 10.465410343612326 49.914246648404124 0.0 1.6431676725154984 0.6085806194501846 1 0 0 0.7869895740718982 0.616966295920719 1.81182859343899
cell 54.888015128215365 37.279332739132 0.0 1.6431676725154984 0.6085806194501846 1 0 0 0.7206433319743312 0.6933059844548681 1.6094595825239437
cell 6.977931965103546 44.808066606107005 0.0 1.6431676725154984 0.6085806194501846 1 0 0 -0.9946316562205322 -0.10347883089792377 2.934263854756278
cell 61.234980175554064 57.90267784104673 0.0 1.6431676725154984 0.6085806194501846 1 0 0 0.7661876519198725 0.6426169014626928 1.745774897856188
cell 40.053901185596885 24.509185310377582 0.0 1.6431676725154984 0.6085806194501846 1 0 0 0.7086067140298179 0.7056036598770331 1.575043289898021
cell 54.29644197091933 25.232454725530886 0.0 1.6431676725154984 0.6085806194501846 1 0 0 0.7333106535690382 0.6798937309331143 1.6463572374362394
cell 20.818690452827468 2.3636945760024104 0.0 1.6431676725154984 0.6085806194501846 1 0 0 0.7403308788626736 0.6722426569345488 1.6671248531228235
cell 18.326245192975833 34.637475332145875 0.0 1.6431676725154984 0.6085806194501846 1 0 0 0.9514726442202593 0.3077333379738175 2.515972964462245
cell 58.96639048596815 58.682115135461565 0.0 1.6431676725154984 0.6085806194501846 1 0 0 0.7678629528748708 0.6406141472074153 1.7509970283678569
cell 27.08998925723164 28.898377607647394 0.0 1.6431676725154984 0.6085806194501846 1 0 0 0.715433649594615 -0.6986806803023322 4.688696149839761
cell 57.454386191876864 24.35859946888788 0.0 1.6431676725154984 0.6085806194501846 1 0 0 0.7467468291229632 0.6651083920646318 1.6863147316291591
cell 6.288563114454539 64.5246171989919 0.0 1.6431676725154984 0.6085806194501846 1 0 0 0.67500211544477 0.7378157928271023 1.4819351387424855
cell 1.3882613253666936 66.2350475369484 0.0 1.6431676725154984 0.6085806194501846 1 0 0 0.9237583905844178 0.38297576401762856 2.3555616137040563
cell 19.840475446099536 34.92270297778286 0.0 1.6431676725154984 0.6085806194501846 1 0 0 0.8683882649273376 0.49588488718299156 2.103885583630673
cell 30.20852866880395 40.64778120976328 0.0 1.6431676725154984 0.6085806194501846 1 0 0 0.6728977254184028 0.739735527825141 1.4762381762774612
cell 19.688885382835338 3.2619065044095383 0.0 1.6431676725154984 0.6085806194501846 1 0 0 0.6988658154516685 0.7152528028557976 1.547621108331877
cell 37.91332320049878 26.481262907962982 0.0 1.6431676725154984 0.6085806194501846 1 0 0 0.5865968197541811 0.8098791089133494 1.2537006597177474
cell 58.44325506812857 7.680990218146854 0.0 1.6431676725154984 0.6085806194501846 1 0 0 0.8443358573202658 0.5358142962288815 2.010648904546484
cell 53.81474673584246 50.61064294147703 0.0 1.6431676725154984 0.6085806194501846 1 0 0 0.5902211802580385 0.8072415737403569 1.2626656169387127
cell 51.67856634485411 61.374990401898174 0.0 1.6431676725154984 0.6085806194501846 1 0 0 0.6093355800674427 0.7929124484228212 1.3104447443704432
cell 10.456244858509761 22.052066400523408 0.0 1.6431676725154984 0.6085806194501846 1 0 0 0.680297475940325 0.7329361119696743 1.496336854210218
cell 13.388927747053247 2.473152956729639 0.0 1.6431676725154984 0.6085806194501846 1 0 0 0.6251254367771136 0.7805243034616045 1.3505844619036906
cell 43.7854840485998 12.185974110032337 0.0 1.6431676725154984 0.6085806194501846 1 0 0 0.6826025242595652 0.7307898424817286 1.5026359743611601
cell 14.900595322451702 14.735503961122463 0.0 1.6431676725154984 0.6085806194501846 1 0 0 -0.7370238902537662 -0.6758666918817676 1.6573126461869956
cell 3.3530275947776955 59.422291405908226 0.0 1.6431676725154984 0.6085806194501846 1 0 0 0.8321527591173689 0.5545464682903951 1.9659569397102308
cell 55.374377919685266 52.100173928396934 0.0 1.6431676725154984 0.6085806194501846 1 0 0 0.5820793352901537 0.8131319987727533 1.2425670999371978
cell 11.321724385688738 31.385554011737657 0.0 1.6431676725154984 0.6085806194501846 1 0 0 0.8373284795659852 0.5467001164328716 1.9847562982277662
cell 10.604274738383982 3.1772722374670703 0.0 1.6431676725154984 0.6085806194501846 1 0 0 0.49942054215943155 0.866359695547513 1.0458596089130214
cell 56.99812414245715 4.171246525433525 0.0 1.6431676725154984 0.6085806194501846 1 0 0 0.682403387350179 0.7309757977751394 1.5020910527877696
cell 37.908303794308374 15.75385805680272 0.0 1.6431676725154984 0.6085806194501846 1 0 0 0.7324726435641331 0.6807964647603353 1.6438937526500457
cell 62.276292455830124 52.37850874641271 0.0 1.6431676725154984 0.6085806194501846 1 0 0 0.7003827977011409 0.7137674247850785 1.5518673230468345
cell 37.62889224585928 59.914369035128544 0.0 1.6431676725154984 0.6085806194501846 1 0 0 0.6969176232723444 0.7171511879460472 1.5421807689009372
cell 53.152247361905495 52.16272591941939 0.0 1.6431676725154984 0.6085806194501846 1 0 0 -0.5703968712643955 -0.8213692283326596 1.2139779134552526
cell 20.16203549536075 62.2579692316458 0.0 1.6431676725154984 0.6085806194501846 1 0 0 0.7832657924891018 0.6216869777600454 1.7998033707441252
cell 56.79629448019017 53.67583373611994 0.0 1.6431676725154984 0.6085806194501846 1 0 0 0.6347340330610041 0.7727306822393635 1.3753285607369035
cell 10.152193385319634 39.80813010959433 0.0 1.6431676725154984 0.6085806194501846 1 0 0 0.9441799753370832 0.32943007478441466 2.4701928690228754
cell 62.387298376823175 66.38339520434789 0.0 1.6431676725154984 0.6085806194501846 1 0 0 0.4808324640614019 0.8768124893639693 1.0032077727410118
cell 17.516581501337818 17.967137229769126 0.0 1.6431676725154984 0.6085806194501846 1 0 0 0.8326270396547064 0.553834102268757 1.9676685558138982
cell 21.20124065170793 24.487128403400877 0.0 1.6431676725154984 0.6085806194501846 1 0 0 0.8930074360415601 0.4500419082424203 2.207968117941101
cell 8.92714697419524 57.28786109949745 0.0 1.6431676725154984 0.6085806194501846 1 0 0 0.8516297450118305 0.5241438518299003 2.0381736613714163
cell 55.515470424814254 63.605113686283644 0.0 1.6431676725154984 0.6085806194501846 1 0 0 -0.5853369192225557 -0.8107901645894869 1.2505910795006852
cell 41.652128104582886 7.0587251002817135 0.0 1.6431676725154984 0.6085806194501846 1 0 0 0.5303242029134763 0.8477949279184124 1.117965853719236
cell 28.624890713624932 8.335542335998033 0.0 1.6431676725154984 0.6085806194501846 1 0 0 0.6223036846978482 -0.7827759091920758 4.939820825141556
cell 60.309704677455045 27.63008693290756 0.0 1.6431676725154984 0.6085806194501846 1 0 0 0.8760506742210825 0.48221905416188887 2.1352207095886997
cell 50.55135688893534 39.9424760757934 0.0 1.0 1.0 1 0 0 0.0 1.0 0
cell 33.43684440818256 63.45593140228996 0.0 1.6431676725154984 0.6085806194501846 1 0 0 0.5705390130071435 0.8212705002840627 1.2143240435041411
cell 35.57234846366223 40.59120933581667 0.0 1.6431676725154984 0.6085806194501846 1 0 0 0.68533325105637 0.7282295894815772 1.510122436976948
cell 5.623357770534295 30.623861432605658 0.0 1.6431676725154984 0.6085806194501846 1 0 0 0.7344751234132944 0.6786356114197265 1.6497858554948097
cell 7.520793907061567 30.968671261834057 0.0 1.6431676725154984 0.6085806194501846 1 0 0 0.7819873358836121 0.6232943177325225 1.7956958193753092
cell 49.78824704863593 31.19436448577915 0.0 1.6431676725154984 0.6085806194501846 1 0 0 0.7627891179738148 0.6466473238951272 1.7352308185044916
cell 9.974389617883523 4.313440460352643 0.0 1.6431676725154984 0.6085806194501846 1 0 0 0.43643745600112616 0.899734598089495 0.9032706066537939
cell 61.68304923597075 61.73781445013505 0.0 1.6431676725154984 0.6085806194501846 1 0 0 0.8006731785146298 0.5991013780715913 1.8568360457780708
cell 21.756357893313005 20.94567102278858 0.0 1.6431676725154984 0.6085806194501846 1 0 0 0.8817461708555916 0.47172416747661106 2.159102336216912
cell 39.24569589520511 22.620194922608956 0.0 1.6431676725154984 0.6085806194501846 1 0 0 0.7504075609140042 0.6609754099231643 1.6973569372167825
cell 23.96873794948274 30.30044130898485 0.0 1.6431676725154984 0.6085806194501846 1 0 0 0.7401522805899375 0.6724392920833183 1.666593580216792
cell 39.674128241745436 18.114109035867326 0.0 1.6431676725154984 0.6085806194501846 1 0 0 0.8624822248226569 0.5060873559623476 2.080308197145403
cell 4.441295881886232 19.385474393352183 0.0 1.6431676725154984 0.6085806194501846 1 0 0 0.6685601557877555 0.7436580653049168 1.4645418677904172
cell 65.80699700456356 46.11450597606388 0.0 1.6431676725154984 0.6085806194501846 1 0 0 -0.7295499089644641 -0.6839275768163923 1.6353272438403925
cell 39.988024475163385 59.110033617126376 0.0 1.6431676725154984 0.6085806194501846 1 0 0 0.7056646469211695 0.7085459802197887 1.5667215033471424
cell 11.904175158840458 12.256904339103478 0.0 1.6431676725154984 0.6085806194501846 1 0 0 0.6761809137508837 0.7367356187120452 1.485132851743935
cell 5.855327909159599 43.33322564658396 0.0 1.6431676725154984 0.6085806194501846 1 0 0 -0.9789036472354204 -0.20432241538605478 2.730049713678481
cell 28.14960982536267 31.07528067621399 0.0 1.6431676725154984 0.6085806194501846 1 0 0 0.7401190108032507 -0.6724759102359115 4.6166906768047555
cell 21.39871803289152 31.872994252661666 0.0 1.6431676725154984 0.6085806194501846 1 0 0 0.8087549255003977 0.5881457901565276 1.8840641491669974
cell 22.516748280004602 2.2049298923607537 0.0 1.6431676725154984 0.6085806194501846 1 0 0 0.6983507530171474 0.7157557025692378 1.5461813896710124
cell 20.361289954924818 0.11678404875428133 0.0 1.6431676725154984 0.6085806194501846 1 0 0 0.8177232995798283 0.5756115055523807 1.9148891212786177
cell 56.883498837574415 64.63665593645374 0.0 1.6431676725154984 0.6085806194501846 1 0 0 0.5904635479191778 0.8070643088247038 1.2632661664676115
cell 14.752937472611602 20.011560903432045 0.0 1.6431676725154984 0.6085806194501846 1 0 0 0.8078429898591196 0.5893977466325082 1.8809663937788546
cell 8.800327126537177 62.89579217088671 0.0 1.6431676725154984 0.6085806194501846 1 0 0 0.616033181470448 0.7877202037064925 1.3273938091897088
cell 44.55507010451368 57.69118855049583 0.0 1.6431676725154984 0.6085806194501846 1 0 0 0.6478125091579562 0.7617998116161968 1.4094188821708586
cell 38.85301280392958 66.2681377375661 0.0 1.6431676725154984 0.6085806194501846 1 0 0 0.9029943794449924 0.4296523602760179 2.2533771412301062
cell 64.05963728381745 44.80492605763808 0.0 1.6431676725154984 0.6085806194501846 1 0 0 0.6561006723214565 0.7546733782102909 1.4312803451913576
cell 58.15166180262357 16.97851707660764 0.0 1.6431676725154984 0.6085806194501846 1 0 0 0.6244163408560554 0.7810916932549817 1.3487681488694652
cell 58.828130837094676 36.64008294478436 0.0 1.6431676725154984 0.6085806194501846 1 0 0 0.7494792246182359 0.6620278633604841 1.6945501833344478
cell 11.627601769653607 55.69020729789149 0.0 1.6431676725154984 0.6085806194501846 1 0 0 0.7736508787533973 0.6336121193633342 1.7691661282343902
cell 58.37097114693457 56.43021494676363 0.0 1.6431676725154984 0.6085806194501846 1 0 0 0.749572509230499 0.6619222412080542 1.6948320205782739
cell 45.31517139874882 49.253795725088594 0.0 1.6431676725154984 0.6085806194501846 1 0 0 0.8218860608671683 0.5696519138493693 1.9294281098985404
cell 40.83618964115749 10.051000544601125 0.0 1.6431676725154984 0.6085806194501846 1 0 0 0.40326687372186865 0.9150824162656556 0.8301681638931363
cell 36.76205981352844 64.5942066447718 0.0 1.6431676725154984 0.6085806194501846 1 0 0 0.7348389316075782 0.6782416564867075 1.6508583421350411
cell 60.27706677055069 56.96465127296082 0.0 1.6431676725154984 0.6085806194501846 1 0 0 0.7770381046868103 0.6294535597363238 1.7798931010891983
cell 26.99300078990558 63.935665324956915 0.0 1.6431676725154984 0.6085806194501846 1 0 0 0.8721549581471997 -0.48922973026918176 4.164005361666718
cell 57.305862752676944 51.46151524670655 0.0 1.6431676725154984 0.6085806194501846 1 0 0 0.6674008852702431 0.7446986359195885 1.4614262966853842
cell 18.659114775670673 3.679746149826446 0.0 1.6431676725154984 0.6085806194501846 1 0 0 0.6959124489109193 0.718126634689737 1.5393794319576999
cell 30.769742492397715 31.846594071793835 0.0 1.6431676725154984 0.6085806194501846 1 0 0 0.6987126800095937 0.7154023978110579 1.5471929536194946
cell 42.96330543355179 0.002079944755763563 0.0 1.6431676725154984 0.6085806194501846 1 0 0 0.7955998322663774 0.6058225044497044 1.8399940980289122
cell 12.924405036401083 52.13007437023731 0.0 1.6431676725154984 0.6085806194501846 1 0 0 -0.7863641834785707 -0.6177631997311598 1.8098025932760393
cell 0.6557994413565487 7.756679362412121 0.0 1.6431676725154984 0.6085806194501846 1 0 0 0.8051067219793362 0.5931299741403125 1.8717107528387753
cell 56.39413168349173 48.58117373540826 0.0 1.6431676725154984 0.6085806194501846 1 0 0 -0.591588466374714 -0.8062400923127142 1.26605527005509
cell 59.1628850193927 66.08531512368292 0.0 1.6431676725154984 0.6085806194501846 1 0 0 0.7105898553645578 0.7036064649027728 1.5806723724336145
cell 39.98908829522015 5.117542748877887 0.0 1.6431676725154984 0.6085806194501846 1 0 0 -0.6274956230001517 -0.7786200890778837 1.3566651928701896
cell 58.460519637552885 39.75848106572925 0.0 1.6431676725154984 0.6085806194501846 1 0 0 0.8054879416785466 0.5926121630632114 1.8729967649458414
cell 39.08186432334152 62.14855394617341 0.0 1.6431676725154984 0.6085806194501846 1 0 0 0.8171883707188542 0.576370685203424 1.9130317008191051
cell 59.32248485112613 1.918461837664594 0.0 1.6431676725154984 0.6085806194501846 1 0 0 -0.7894751575993252 -0.6137825148483139 1.8199068629490647
cell 20.58119367469702 8.878048930406417 0.0 1.6431676725154984 0.6085806194501846 1 0 0 0.7004746994013696 0.7136772348187665 1.5521248509292176
cell 39.586616528658396 52.38871763353401 0.0 1.6431676725154984 0.6085806194501846 1 0 0 0.7301725853544025 0.6832627573612275 1.6371490131473252
cell 9.56003231568497 12.456075035163883 0.0 1.6431676725154984 0.6085806194501846 1 0 0 0.6658276315914572 0.7461055991006305 1.4572050768691236
cell 31.792632282014154 29.780121757781227 0.0 1.6431676725154984 0.6085806194501846 1 0 0 0.7357962928895162 0.6772029351457696 1.6536835734389193
cell 0.5004791272015084 37.36223557110393 0.0 1.6431676725154984 0.6085806194501846 1 0 0 -0.8015816393783428 -0.5978853363409479 1.8598718712499682
cell 25.13103155820455 33.21041481996814 0.0 1.6431676725154984 0.6085806194501846 1 0 0 0.7688900604700167 0.6393810091881162 1.7542067510595847
cell 45.165517471160534 20.014059598768323 0.0 1.6431676725154984 0.6085806194501846 1 0 0 0.8347637766196614 0.5506082429855914 1.9754072460523886
cell 4.294212177264372 37.45575850537285 0.0 1.6431676725154984 0.6085806194501846 1 0 0 -0.8542092546416394 -0.5199293695152976 2.048056126810337
cell 5.048232665116684 63.963834216274925 0.0 1.6431676725154984 0.6085806194501846 1 0 0 0.6626306880054649 0.7489463073634881 1.4486516916669991
cell 52.82016695280913 28.98885663932294 0.0 1.6431676725154984 0.6085806194501846 1 0 0 0.6153370002701719 0.7882641537571694 1.325626834405485
cell 18.62680802245752 58.68648047998727 0.0 1.6431676725154984 0.6085806194501846 1 0 0 0.7447175087978555 0.667379825953644 1.6802229141444323
cell 65.70015900949171 62.24206032276719 0.0 1.6431676725154984 0.6085806194501846 1 0 0 0.8040623513937165 0.5945449815373162 1.8681933920947622
cell 64.65110444818893 9.850940592637091 0.0 1.6431676725154984 0.6085806194501846 1 0 0 0.8030064052106736 0.5959703962367859 1.8646455306362726
cell 11.384557933409482 18.230780695906855 0.0 1.6431676725154984 0.6085806194501846 1 0 0 -0.6634632048837785 -0.7482089118457126 1.4508759548077208
cell 41.79664518225967 47.81456525865842 0.0 1.6431676725154984 0.6085806194501846 1 0 0 -0.7891267722787985 -0.6142303617315293 1.8187720692744236
cell 56.281460114168574 25.537896415403168 0.0 1.6431676725154984 0.6085806194501846 1 0 0 0.7485147488958013 0.663118142328692 1.6916388798313173
cell 64.18021981691571 42.02819792507151 0.0 1.6431676725154984 0.6085806194501846 1 0 0 0.628210814674437 0.7780431686777284 1.3585029483909168
cell 33.580346410560125 38.89853694286304 0.0 1.6431676725154984 0.6085806194501846 1 0 0 0.845506698274789 0.533964814545364 2.015026782092338
cell 29.64038101777245 15.159517699709715 0.0 1.6431676725154984 0.6085806194501846 1 0 0 0.6274083615543763 0.7786904056501872 1.3564410591576652
cell 1.8030783738135483 35.8688453086193 0.0 1.6431676725154984 0.6085806194501846 1 0 0 0.7394927945292129 0.6731644723538039 1.6646331635611586
cell 52.384170000263055 48.96975056079173 0.0 1.6431676725154984 0.6085806194501846 1 0 0 0.6594445204917198 0.7517532337100027 1.44015921828593
cell 55.63560987731263 56.81891800055785 0.0 1.6431676725154984 0.6085806194501846 1 0 0 0.505033543998414 0.863099715812954 1.0588416588974068
cell 11.168288859036345 1.1462593375844083 0.0 1.6431676725154984 0.6085806194501846 1 0 0 0.651584476458309 0.7585760805868791 1.4193426374232316
cell 34.79865096876594 24.12113069847823 0.0 1.6431676725154984 0.6085806194501846 1 0 0 0.6943992287052057 0.7195899604452632 1.535169368160544
cell 6.017517753204989 57.581247516377154 0.0 1.6431676725154984 0.6085806194501846 1 0 0 0.7992639692862019 0.6009801223009503 1.8521390028513152
cell 24.659440729322675 5.848845005479822 0.0 1.6431676725154984 0.6085806194501846 1 0 0 0.746590630240382 0.6652837220594453 1.6858450990142173
cell 59.797753059182405 12.367298689526582 0.0 1.0 1.0 1 0 0 0.0 1.0 0
cell 55.99232768218137 5.631994396123617 0.0 1.6431676725154984 0.6085806194501846 1 0 0 0.4119597983657442 0.9112020217989287 0.849207605532876
cell 58.91590746599872 28.03812143482607 0.0 1.6431676725154984 0.6085806194501846 1 0 0 0.7543617845462629 0.6564589080941605 1.7093627327362753
cell 60.96020608342419 45.105046041225684 0.0 1.6431676725154984 0.6085806194501846 1 0 0 0.7737486535419938 0.6334927159344073 1.7694747839530922
cell 45.6694595494512 16.986987879344785 0.0 1.6431676725154984 0.6085806194501846 1 0 0 0.7764345043149877 0.6301979534314113 1.7779763794584473
cell 5.926026572867463 42.260718206657145 0.0 1.6431676725154984 0.6085806194501846 1 0 0 0.9569226577185448 0.2903429474688111 2.5524222454916856
cell 57.636423544991715 48.414429667610875 0.0 1.6431676725154984 0.6085806194501846 1 0 0 0.7138588757516657 0.7002895868928566 1.589986493588545
cell 57.67219796721531 45.3448755427486 0.0 1.6431676725154984 0.6085806194501846 1 0 0 0.6017930590390733 0.7986520607200575 1.291488642947634
cell 66.49492765781892 51.337997207922115 0.0 1.6431676725154984 0.6085806194501846 1 0 0 0.5601179487427772 0.828412870189849 1.1890563446521856
cell 11.139510484186983 42.042332977284914 0.0 1.6431676725154984 0.6085806194501846 1 0 0 -0.9566847966908754 -0.2911257456504638 2.5507859681325336
cell 66.93153827252915 13.367717343283031 0.0 1.6431676725154984 0.6085806194501846 1 0 0 -0.7954904122220133 -0.6059661740252926 1.8396329127958424
cell 15.28782589224896 25.868080060509048 0.0 1.6431676725154984 0.6085806194501846 1 0 0 0.8220658861205322 0.5693923769044192 1.9300596051031766
cell 3.6548988236514153 43.99370676809052 0.0 1.6431676725154984 0.6085806194501846 1 0 0 0.8841023965667547 0.46729321885184766 2.169139299537534
cell 7.668202153483091 40.62509349209872 0.0 1.6431676725154984 0.6085806194501846 1 0 0 0.9652859495036679 0.26119539752989984 2.6130718880620587
cell 32.70801835123887 1.1999200456398038 0.0 1.6431676725154984 0.6085806194501846 1 0 0 0.7455118924952442 0.6664923241479676 1.6826051022826638
cell 14.859860696435241 22.31207528737503 0.0 1.6431676725154984 0.6085806194501846 1 0 0 0.8117820225823923 0.5839605704258125 1.894394578055321
cell 62.41268984602155 58.64899727520314 0.0 1.6431676725154984 0.6085806194501846 1 0 0 0.74916031641186 0.6623887229668707 1.6935870175042862
cell 59.471594961762584 55.63435636771697 0.0 1.6431676725154984 0.6085806194501846 1 0 0 0.7416045583228358 0.670837297021261 1.6709181614053095
cell 4.1302665052374 56.2841110125306 0.0 1.6431676725154984 0.6085806194501846 1 0 0 -0.7846996249844347 -0.6198761961466883 1.8044228114235263
cell 45.00034928216702 11.61576594753979 0.0 1.6431676725154984 0.6085806194501846 1 0 0 0.7336270118518791 0.6795523581603429 1.6472880820785336
cell 60.45922775014868 25.796309484955184 0.0 1.6431676725154984 0.6085806194501846 1 0 0 0.8992445161052419 0.4374463398574152 2.236078810774864
cell 54.641630948193345 60.46132876825742 0.0 1.6431676725154984 0.6085806194501846 1 0 0 0.6434777212751592 0.765464840618123 1.3980658367468257
cell 65.0643872877097 4.085662587667905 0.0 1.6431676725154984 0.6085806194501846 1 0 0 0.5244709133469286 0.8514283651917163 1.1041871668591552
cell 42.76831060868235 57.11451236242149 0.0 1.6431676725154984 0.6085806194501846 1 0 0 0.8149141545870996 0.5795816772928495 1.9051621267040586
cell 42.29486105779815 14.9497240226342 0.0 1.6431676725154984 0.6085806194501846 1 0 0 0.5750991090976623 0.818083745538973 1.2254505815074999
cell 47.319205440461275 43.023779233432265 0.0 1.6431676725154984 0.6085806194501846 1 0 0 0.6317380268244911 0.7751819563585691 1.3675865152994846
cell 64.05836703144152 66.34786507893382 0.0 1.6431676725154984 0.6085806194501846 1 0 0 0.5680964294290343 0.8229619960058802 1.2083818624882092
cell 27.205126904095636 38.47288434925307 0.0 1.6431676725154984 0.6085806194501846 1 0 0 0.817861032867307 -0.5754157895967242 4.367817541172379
cell 35.42550770342292 43.73122368455499 0.0 1.6431676725154984 0.6085806194501846 1 0 0 0.8267399860936118 0.5625842118242695 1.946576107142616
cell 18.99877993688454 12.430169221037723 0.0 1.6431676725154984 0.6085806194501846 1 0 0 0.7401979930299631 0.6723889730761612 1.6667295453543258
cell 0.8823121187777405 51.95285538753 0.0 1.6431676725154984 0.6085806194501846 1 0 0 0.556362343689453 0.8309397947651677 1.1800031789931706
cell 40.65557890105119 63.51164310452201 0.0 1.6431676725154984 0.6085806194501846 1 0 0 0.866536547151779 0.4991136267928103 2.096441489546925
cell 4.688369999440865 35.25950122269108 0.0 1.6431676725154984 0.6085806194501846 1 0 0 0.9305696311809663 0.36611495670584193 2.391931322776292
cell 17.926913140872447 1.157695460529118 0.0 1.6431676725154984 0.6085806194501846 1 0 0 0.7043265401009151 0.70987613349758 1.5629479964048576
cell 11.069103863801603 62.427972317741826 0.0 1.6431676725154984 0.6085806194501846 1 0 0 0.7076736573329382 0.7065394502198891 1.5724003380486642
cell 13.682776299396236 16.033655324965657 0.0 1.6431676725154984 0.6085806194501846 1 0 0 -0.7591691181345638 -0.6508934245103332 1.7240712754946852
cell 39.131137895489346 26.027439258635674 0.0 1.6431676725154984 0.6085806194501846 1 0 0 0.6656141147078733 0.746296087556175 1.456632799622224
cell 56.886118884054845 30.71262214541527 0.0 1.6431676725154984 0.6085806194501846 1 0 0 -0.7016996808316618 -0.7124728471462923 1.5555606215245472
cell 38.996852980613006 64.3710318661951 0.0 1.6431676725154984 0.6085806194501846 1 0 0 0.8447243910350747 0.5352015538004559 2.012099989318961
cell 17.88835211826609 12.255663198070595 0.0 1.6431676725154984 0.6085806194501846 1 0 0 0.7061837433121246 0.7080286157223274 1.5681872824715375
cell 11.998031061526962 37.59786889294081 0.0 1.6431676725154984 0.6085806194501846 1 0 0 0.9309817736372804 0.3650656614298084 2.3941859909249987
cell 30.01991233669097 37.018268296187905 0.0 1.6431676725154984 0.6085806194501846 1 0 0 0.7126890766095587 0.7014800639229989 1.5866484305341184
cell 17.104924903174997 65.43944168251865 0.0 1.6431676725154984 0.6085806194501846 1 0 0 0.6578249282464589 0.753170872895083 1.435854438761476
cell 53.142737074613 39.04230205180998 0.0 1.6431676725154984 0.6085806194501846 1 0 0 -0.6159535225506633 -0.7877824941298388 1.3271915653729858
cell 15.946133233270297 13.63942779925288 0.0 1.6431676725154984 0.6085806194501846 1 0 0 -0.7265060485834861 -0.6871600696865392 1.6264471247957726
cell 29.491541164345474 52.34648105410363 0.0 1.6431676725154984 0.6085806194501846 1 0 0 0.8884244975685275 -0.4590227795220076 4.095382529326748
cell 14.23761360674946 7.418137590718525 0.0 1.6431676725154984 0.6085806194501846 1 0 0 0.6035081303188687 0.7973568439782927 1.2957870415707964
cell 31.255746709364374 26.91949579827179 0.0 1.6431676725154984 0.6085806194501846 1 0 0 0.709580414836262 0.7046244637257483 1.5778051144153926
cell 37.55790377138148 45.346096722343304 0.0 1.6431676725154984 0.6085806194501846 1 0 0 0.7486612608336356 0.6629527257105072 1.692080822839853
cell 36.691237705722806 1.4359295505816652 0.0 1.6431676725154984 0.6085806194501846 1 0 0 0.8977745358002909 0.4404553131346836 2.229381117810512
cell 53.270541252928794 63.35974023617924 0.0 1.6431676725154984 0.6085806194501846 1 0 0 0.5652060217769987 0.824949788136841 1.2013659415735425
cell 11.49521318767922 21.099847954374425 0.0 1.6431676725154984 0.6085806194501846 1 0 0 -0.5899886155030849 -0.8074115639354895 1.262089481425967
cell 14.880135544876262 3.725210239495927 0.0 1.6431676725154984 0.6085806194501846 1 0 0 0.5257712797550672 0.8506259820771518 1.107243158948292
cell 2.8800276149812998 37.21598588292616 0.0 1.6431676725154984 0.6085806194501846 1 0 0 0.932810990522952 0.36036600277993636 2.4042721953137094
cell 14.633456845791558 44.372954383424876 0.0 1.6431676725154984 0.6085806194501846 1 0 0 0.8995987444065885 0.4367174132801318 2.2376996891546264
cell 65.40355913233056 38.401505941399485 0.0 1.6431676725154984 0.6085806194501846 1 0 0 0.7925742223805436 0.6097754521279752 1.830038162774055
cell 46.95999102632588 29.523214867651756 0.0 1.6431676725154984 0.6085806194501846 1 0 0 0.47160990100375766 0.8818072925958517 0.9822311441182868
cell 43.08447410317409 27.65856198936147 0.0 1.6431676725154984 0.6085806194501846 1 0 0 0.7661146930465392 0.6427038797908465 1.745547845203437
cell 22.577548517289923 9.733066323648194 0.0 1.6431676725154984 0.6085806194501846 1 0 0 0.6975132850941477 0.7165718506313029 1.5438426290273441
cell 11.615546726370825 52.52382809315422 0.0 1.6431676725154984 0.6085806194501846 1 0 0 0.7207702099446099 0.6931740794752808 1.6098256259261545
cell 2.391142816583821 32.93450458955487 0.0 1.6431676725154984 0.6085806194501846 1 0 0 0.6761001438579629 0.7368097417076147 1.4849135985196789
cell 5.2982141155851865 48.349562147645564 0.0 1.6431676725154984 0.6085806194501846 1 0 0 -0.8895430967488457 -0.4568512657599557 2.192688159767007
cell 15.106374388215315 65.98436849775183 0.0 1.6431676725154984 0.6085806194501846 1 0 0 0.4624788665457149 0.8866303051433505 0.9615779905628751
cell 9.398085279384752 20.934141082344187 0.0 1.6431676725154984 0.6085806194501846 1 0 0 0.7169577564452739 0.6971166154044525 1.5988568581502958
cell 65.01890344572318 41.47487814737925 0.0 1.6431676725154984 0.6085806194501846 1 0 0 0.6980080953587319 0.7160898678334134 1.545224142160646
cell 62.08349880360766 23.114344333948413 0.0 1.6431676725154984 0.6085806194501846 1 0 0 0.8859830034283622 0.463717713308494 2.1772191372230902
cell 14.727376884498184 50.23056912678684 0.0 1.6431676725154984 0.6085806194501846 1 0 0 0.8411719713717277 0.5407677085205821 1.9988936389889131
cell 15.066959762467603 24.118624413253706 0.0 1.6431676725154984 0.6085806194501846 1 0 0 0.8221076717432374 0.5693320437678819 1.9302063855600735
cell 30.021158331209616 59.43598195533818 0.0 1.6431676725154984 0.6085806194501846 1 0 0 0.6875196770031426 0.7261657481136757 1.516135724404827
cell 41.7930297471357 2.182326353752811 0.0 1.6431676725154984 0.6085806194501846 1 0 0 0.6785532156029773 0.7345512464048096 1.4915824431933817
cell 44.04345594410083 45.05447386107109 0.0 1.6431676725154984 0.6085806194501846 1 0 0 0.8054719187507258 0.5926339410665105 1.8729426903439035
cell 16.315807021502813 41.36231327499656 0.0 1.6431676725154984 0.6085806194501846 1 0 0 0.8882556280213438 0.4593494740264845 2.1870672610964133
cell 52.187480870645295 40.13574044768918 0.0 1.0 1.0 1 0 0 0.0 1.0 0
cell 34.53753688055383 11.273316425006687 0.0 1.6431676725154984 0.6085806194501846 1 0 0 0.6690761198219624 0.7431938817589842 1.4659299387803089
cell 53.28095511361171 11.805837184424432 0.0 1.6431676725154984 0.6085806194501846 1 0 0 -0.6393192560403607 -0.7689414079473155 1.387225278563303
cell 5.674022270834538 54.28957949727951 0.0 1.6431676725154984 0.6085806194501846 1 0 0 -0.8262976525921202 -0.5632336897955873 1.9450045084743266
cell 33.28747241382801 56.40684966645373 0.0 1.6431676725154984 0.6085806194501846 1 0 0 0.5821617231498453 0.8130730152324592 1.2427697505474506
cell 53.627814867226185 22.89614119778303 0.0 1.6431676725154984 0.6085806194501846 1 0 0 0.7269510359084637 0.6866892975659454 1.6277427175151002
cell 16.67580020849667 34.6570704082456 0.0 1.6431676725154984 0.6085806194501846 1 0 0 0.8963111688459747 0.44342562916678896 2.2227586620148347
cell 14.046667318189686 13.207135617033172 0.0 1.6431676725154984 0.6085806194501846 1 0 0 0.7768906110073516 0.6296355918534339 1.779424528459221
cell 16.558719260971728 52.30889575938533 0.0 1.6431676725154984 0.6085806194501846 1 0 0 0.8782551643616155 0.47819229005929376 2.1444021349528453
cell 32.733912731840554 7.081605684660305 0.0 1.6431676725154984 0.6085806194501846 1 0 0 0.9312746474493022 0.3643178982951261 2.3957921351402156
cell 29.20333308023829 42.33457941162207 0.0 1.6431676725154984 0.6085806194501846 1 0 0 0.7853050924771228 -0.6191089659579302 4.476807775189552
cell 15.572927630054535 27.499862293689535 0.0 1.6431676725154984 0.6085806194501846 1 0 0 0.818021812873985 0.5751871987991033 1.9159267077351634
cell 0.8515834605406268 49.96501331137525 0.0 1.6431676725154984 0.6085806194501846 1 0 0 0.594161427684246 0.8043458198139769 1.2724453895795167
cell 2.6194296447625334 12.251479864115769 0.0 1.6431676725154984 0.6085806194501846 1 0 0 0.8096570077931127 0.5869033393426071 1.8871349386100997
cell 38.29894802772483 20.564174895434476 0.0 1.6431676725154984 0.6085806194501846 1 0 0 0.704558125782372 0.709646283294735 1.5636005699089115
cell 13.28891318314607 18.85047818670557 0.0 1.6431676725154984 0.6085806194501846 1 0 0 -0.7364715640826996 -0.6764685028126455 1.6556789502142149
cell 27.942546184599752 4.611872208026593 0.0 1.6431676725154984 0.6085806194501846 1 0 0 0.5998719536008492 0.800096018789683 1.2866821207989414
cell 60.21741000020825 50.50240006982737 0.0 1.6431676725154984 0.6085806194501846 1 0 0 -0.7330695134190067 -0.6801537241650748 1.645648026455106
cell 55.236916076085606 40.45120331469362 0.0 1.6431676725154984 0.6085806194501846 1 0 0 0.6747731388414385 0.738025210340455 1.4813145390952263
cell 21.629012506429145 59.82876311373793 0.0 1.6431676725154984 0.6085806194501846 1 0 0 0.8255023323071183 0.5643987060186335 1.9421833048406711
cell 59.64555627622445 21.51085116541955 0.0 1.6431676725154984 0.6085806194501846 1 0 0 0.6701369626043008 0.7422374629129697 1.4687865975031482
cell 52.79545323751613 34.14025189971908 0.0 1.6431676725154984 0.6085806194501846 1 0 0 -0.5657351325501889 -0.8245870237873139 1.2026489944917165
cell 35.78278125885413 0.63211857922374 0.0 1.6431676725154984 0.6085806194501846 1 0 0 0.8857069581535216 0.46424474609675004 2.1760292388003672
cell 63.00508598594239 1.6435644339277473 0.0 1.6431676725154984 0.6085806194501846 1 0 0 0.4087738049089505 0.9126357304095973 0.842220163339127
cell 3.7686714495591582 41.21340218374026 0.0 1.6431676725154984 0.6085806194501846 1 0 0 0.732347445683403 0.680931141012801 1.6435259907574424
cell 12.2968573049253 0.030425832491189908 0.0 1.6431676725154984 0.6085806194501846 1 0 0 0.7415237525727021 0.670926616233473 1.6706772673128756
cell 11.95780990654191 43.91771591239472 0.0 1.6431676725154984 0.6085806194501846 1 0 0 0.9614661866185216 0.27492321107763584 2.584572983595619
cell 24.66667870624483 60.69905287483567 0.0 1.6431676725154984 0.6085806194501846 1 0 0 0.9958387085320695 -0.0911332353709661 3.324112367212069
cell 53.994608799346125 31.653453857242685 0.0 1.6431676725154984 0.6085806194501846 1 0 0 0.6381496921985247 0.7699123134142798 1.3841851881364944
cell 36.77959190742587 61.32909429326425 0.0 1.6431676725154984 0.6085806194501846 1 0 0 -0.6721072666776192 -0.7404537946956175 1.4741020747568925
cell 27.03988523559077 0.05764431430970375 0.0 1.6431676725154984 0.6085806194501846 1 0 0 0.9930183022339276 -0.11796038075747307 3.3780639954909137
cell 13.645721042295222 23.12652262187585 0.0 1.6431676725154984 0.6085806194501846 1 0 0 0.8041063803262843 0.5944854322172756 1.8683415091892903
cell 66.70447995601528 53.88871186834187 0.0 1.6431676725154984 0.6085806194501846 1 0 0 0.5640558782491191 0.8257366203654861 1.1985788747246722
cell 1.9973334293769114 56.692237170079245 0.0 1.6431676725154984 0.6085806194501846 1 0 0 0.7060256060109696 0.7081863057535376 1.5677406347259173
cell 19.91314163599296 22.315477480704885 0.0 1.6431676725154984 0.6085806194501846 1 0 0 0.8675111236458094 0.49741778250358637 2.10035336296802
cell 18.017104137515663 52.658787635594855 0.0 1.6431676725154984 0.6085806194501846 1 0 0 0.7325059133988535 0.6807606678089675 1.643991493197006
cell 37.54300449172725 48.87393600270282 0.0 1.6431676725154984 0.6085806194501846 1 0 0 0.6956624789801905 0.7183687878375118 1.5386833770332338
cell 41.91435696325806 60.38727524572622 0.0 1.6431676725154984 0.6085806194501846 1 0 0 0.7927839358601478 0.6095027736131257 1.8307261549750433
cell 40.91843777286292 3.9237282708607943 0.0 1.6431676725154984 0.6085806194501846 1 0 0 0.6318227880755404 0.7751128720828024 1.367805212412859
cell 21.602505650068107 4.314111156669442 0.0 1.6431676725154984 0.6085806194501846 1 0 0 0.7173627042395673 0.6966998999326002 1.6000189846667883
cell 41.20212849259406 58.63377243468929 0.0 1.6431676725154984 0.6085806194501846 1 0 0 0.7851833570645312 0.6192633493021146 1.8059843209639184
cell 60.77487912618997 0.06122858248073126 0.0 1.6431676725154984 0.6085806194501846 1 0 0 0.807979578593845 0.5892104891932192 1.8814299531871872
cell 55.876711831013594 13.607003769918167 0.0 1.6431676725154984 0.6085806194501846 1 0 0 0.9000175430143933 0.4358536707042108 2.239619526212413
cell 47.14014144109495 55.80777690355065 0.0 1.6431676725154984 0.6085806194501846 1 0 0 0.6980971696959412 0.7160030318808129 1.5454729370177736
cell 58.53172585037122 23.0314795817471 0.0 1.6431676725154984 0.6085806194501846 1 0 0 0.7262836082228469 0.6873951705000568 1.6257998161909404
cell 57.6932805914749 59.38368006407151 0.0 1.6431676725154984 0.6085806194501846 1 0 0 0.7359560492269235 0.6770293151749769 1.6541554462262595
cell 33.06949491643565 44.220288425540865 0.0 1.6431676725154984 0.6085806194501846 1 0 0 0.765213018246512 0.6437771638587869 1.7427443071122006
cell 19.61565201053538 20.48733108583312 0.0 1.6431676725154984 0.6085806194501846 1 0 0 0.8457283619059544 0.5336136597463291 2.0158573107450524
cell 12.18718434617626 9.354836478158191 0.0 1.6431676725154984 0.6085806194501846 1 0 0 0.6764416419164684 0.736496235619268 1.485840759768313
cell 57.245755374018046 42.235548836787586 0.0 1.6431676725154984 0.6085806194501846 1 0 0 0.7486989470961165 0.662910164816596 1.6921945186457767
cell 63.495039878558664 3.7975066344280832 0.0 1.6431676725154984 0.6085806194501846 1 0 0 -0.44771385778572687 -0.894176884931959 0.9284139949952595
cell 64.45389992925396 1.6376596602233473 0.0 1.6431676725154984 0.6085806194501846 1 0 0 -0.44903509582168366 -0.8935141200453474 0.9313702951426803
cell 38.758443611369465 17.38232455588187 0.0 1.6431676725154984 0.6085806194501846 1 0 0 0.8329927350480344 0.5532839265306695 1.9689898074619256
cell 8.714940811034507 29.194259830157947 0.0 1.6431676725154984 0.6085806194501846 1 0 0 0.7529178967109811 0.6581144587473462 1.704969254848896
cell 38.104654028622235 57.32162300762298 0.0 1.6431676725154984 0.6085806194501846 1 0 0 0.7247087913511926 0.6890552719037085 1.6212233602983164
cell 8.511145500122904 10.049626874090935 0.0 1.6431676725154984 0.6085806194501846 1 0 0 0.67716683706096 0.7358295147551878 1.4878109625869804
cell 38.56851630665079 12.7765208275731 0.0 1.6431676725154984 0.6085806194501846 1 0 0 0.721109061871481 0.6928215649695328 1.6108035566187304
cell 17.802479100338722 30.97861208042151 0.0 1.6431676725154984 0.6085806194501846 1 0 0 0.9292973692430401 0.36933236998395474 2.3850116665473275
cell 54.278763019107615 66.28898700230678 0.0 1.6431676725154984 0.6085806194501846 1 0 0 -0.47115552368300617 -0.882050153054231 0.9812007268091758
cell 13.79247146863966 66.13152668839096 0.0 1.6431676725154984 0.6085806194501846 1 0 0 0.43225769036600753 0.901750125655353 0.8939899103928897
cell 15.792966342163739 60.24339303950298 0.0 1.6431676725154984 0.6085806194501846 1 0 0 0.6169027786574202 0.7870393647618612 1.3296026469475328
cell 7.190982307537799 48.06379462204599 0.0 1.0 1.0 1 0 0 0.0 1.0 0
cell 9.421818190713212 30.57817641867239 0.0 1.6431676725154984 0.6085806194501846 1 0 0 0.7773932989872061 0.6290148318519909 1.7810220743501501
cell 44.260032823412566 47.967550329980824 0.0 1.6431676725154984 0.6085806194501846 1 0 0 -0.7444063015915102 -0.6677269338216405 1.67929053267477
cell 50.06706315805098 60.39887610533242 0.0 1.6431676725154984 0.6085806194501846 1 0 0 0.7030160323336822 0.7111740000040828 1.5592591542878331
cell 62.17592747510067 6.143683410479764 0.0 1.6431676725154984 0.6085806194501846 1 0 0 0.5523755270750726 0.8335953917150308 1.1704225849078371
cell 12.945353931788706 42.17593873117177 0.0 1.6431676725154984 0.6085806194501846 1 0 0 0.9713356388228727 0.23771217207488946 2.661572998928943
cell 15.339815355767032 51.99028968583746 0.0 1.6431676725154984 0.6085806194501846 1 0 0 0.8100526087326124 0.5863572043434694 1.8884836617957097
cell 59.38495639420509 24.76489467024895 0.0 1.6431676725154984 0.6085806194501846 1 0 0 0.756194527536176 0.6543468778288314 1.7149554507889875
cell 31.0370438354019 35.133752537024534 0.0 1.6431676725154984 0.6085806194501846 1 0 0 -0.7092772512169692 -0.7049296283361202 1.5769448037218892
cell 44.423228142681914 26.69920514060132 0.0 1.6431676725154984 0.6085806194501846 1 0 0 0.77154502215078 0.6361747234796055 1.762532401687796
cell 45.38772512441304 39.24417182072168 0.0 1.6431676725154984 0.6085806194501846 1 0 0 0.6376604629627133 0.770317553982887 1.382914652537324
cell 39.81012632985722 46.2555270067165 0.0 1.6431676725154984 0.6085806194501846 1 0 0 -0.7633648471925146 -0.6459675766404601 1.7370124138748997
cell 10.013155570485308 37.07844575932336 0.0 1.6431676725154984 0.6085806194501846 1 0 0 0.8867416533798633 0.4622653352363189 2.180496302104017
cell 37.16859015141232 52.112642056040094 0.0 1.6431676725154984 0.6085806194501846 1 0 0 -0.7775007996780873 -0.6288819495739522 1.781363916994815
cell 34.966879180504364 28.82687964664963 0.0 1.6431676725154984 0.6085806194501846 1 0 0 0.7240852943878452 0.6897104366698156 1.6194145049809288
cell 30.577924078199633 45.293492975762724 0.0 1.6431676725154984 0.6085806194501846 1 0 0 0.6711972689418412 0.7412787776302608 1.4716454975354285
cell 36.94997652298596 11.622838273838061 0.0 1.6431676725154984 0.6085806194501846 1 0 0 0.7764070534459868 0.6302317727307316 1.7778892635536832
cell 4.287525494453721 60.169707515764316 0.0 1.6431676725154984 0.6085806194501846 1 0 0 0.8832032873167699 0.46899035520237636 2.1652981172354027
cell 0.7052293351706864 59.49359029530258 0.0 1.6431676725154984 0.6085806194501846 1 0 0 0.6551461562245301 0.755502160145306 1.4287521199736253
cell 7.260691648537562 35.4206491593587 0.0 1.6431676725154984 0.6085806194501846 1 0 0 0.8373649450824447 0.5466442616062792 1.9848897073061078
cell 22.081176295281498 57.02698117831501 0.0 1.6431676725154984 0.6085806194501846 1 0 0 0.8378956896855138 0.5458303886798876 1.9868329819117916
cell 7.670457888484415 63.565383531257574 0.0 1.6431676725154984 0.6085806194501846 1 0 0 0.6505635428347654 0.759451826473726 1.4166524801082858
cell 1.7936755747066917 41.45055386833561 0.0 1.6431676725154984 0.6085806194501846 1 0 0 -0.947214346187146 -0.32060097064303733 2.488864892960473
cell 14.962368327590095 57.60965530739522 0.0 1.6431676725154984 0.6085806194501846 1 0 0 0.7486336343017181 0.6629839225744477 1.691997480903572
cell 48.69649535119943 17.324188153405384 0.0 1.6431676725154984 0.6085806194501846 1 0 0 0.7677196657287817 0.6407858572513033 1.7505497452556567
cell 12.54072033175579 38.586457475183565 0.0 1.6431676725154984 0.6085806194501846 1 0 0 0.9350098155581135 0.3546218335212635 2.416573484883373
cell 61.9475430040997 29.342580888327646 0.0 1.6431676725154984 0.6085806194501846 1 0 0 0.8876881742277573 0.4604451165298541 2.1845995200271786
cell 16.691329569454812 24.426301537215927 0.0 1.6431676725154984 0.6085806194501846 1 0 0 0.8448310654572444 0.5350331492892542 2.0124986847509385
cell 39.89236247689859 1.4752134720036199 0.0 1.6431676725154984 0.6085806194501846 1 0 0 0.9422450658869426 0.3349242239846369 2.458543037101425
cell 7.667959773987574 24.448075291573584 0.0 1.6431676725154984 0.6085806194501846 1 0 0 0.6509546084120799 0.7591166562440029 1.4176825701519558
cell 20.523265186688985 59.13113970931072 0.0 1.6431676725154984 0.6085806194501846 1 0 0 0.7906795678400415 0.6122302026201298 1.8238363812521263
cell 42.019394799674814 34.25310071802936 0.0 1.6431676725154984 0.6085806194501846 1 0 0 0.5417988450597571 0.8405081864514548 1.1451516484270092
cell 57.176997694031044 62.303096201621976 0.0 1.6431676725154984 0.6085806194501846 1 0 0 0.6852261805128534 0.7283303381981052 1.5098284002091116
cell 60.892580929980916 37.64313697335939 0.0 1.6431676725154984 0.6085806194501846 1 0 0 0.9019560582641264 0.4318278232821965 2.248556040534363
cell 28.237960610694273 28.05423797940627 0.0 1.6431676725154984 0.6085806194501846 1 0 0 0.7735461253032003 -0.6337400034938662 4.514349800397811
cell 1.9151647604621345 59.844714312954615 0.0 1.6431676725154984 0.6085806194501846 1 0 0 0.6417618055125791 0.7669040259284304 1.3935867192631919
cell 50.58289781310886 34.32055588522645 0.0 1.6431676725154984 0.6085806194501846 1 0 0 0.4640259450118571 0.8858216086525847 0.9650693757140646
cell 24.046012333227004 64.61874863858147 0.0 1.6431676725154984 0.6085806194501846 1 0 0 0.6958665710064621 0.7181710905875482 1.5392516648419152
cell 17.797035150063056 19.78606786209159 0.0 1.6431676725154984 0.6085806194501846 1 0 0 0.8412936353899306 0.5405784115670865 1.9993436855204703
cell 6.863400060034843 40.043024216644746 0.0 1.6431676725154984 0.6085806194501846 1 0 0 0.9408048334793231 0.3389487650102049 2.449994065777521
cell 41.86062575727095 50.8028464571225 0.0 1.6431676725154984 0.6085806194501846 1 0 0 0.7668211043589359 0.6418608836108818 1.7477475357486336
cell 10.631658475019886 40.85944924416286 0.0 1.6431676725154984 0.6085806194501846 1 0 0 0.9390951397999985 0.3436572688071959 2.4399754604942725
cell 62.12374300045797 13.777745095381148 0.0 1.0 1.0 1 0 0 0.0 1.0 0
cell 19.57146173056675 6.356548951096697 0.0 1.6431676725154984 0.6085806194501846 1 0 0 0.6405099607532213 0.7679498617591561 1.3903242732627876
cell 63.53800437623 58.9639103513262 0.0 1.6431676725154984 0.6085806194501846 1 0 0 -0.7483886822076963 -0.6632604166867098 1.6912586967022447
cell 47.46858521548419 37.71272951266176 0.0 1.6431676725154984 0.6085806194501846 1 0 0 0.7490430458033454 0.662521332134783 1.6932329689928214
cell 12.027530458046476 60.60274581594918 0.0 1.6431676725154984 0.6085806194501846 1 0 0 0.6069113413982304 0.7947695412395976 1.30433713138242
cell 37.63043019318529 65.59143340121923 0.0 1.6431676725154984 0.6085806194501846 1 0 0 0.803503632504601 0.5952998509590869 1.8663151006308991
cell 39.324132871500964 43.31313801795146 0.0 1.6431676725154984 0.6085806194501846 1 0 0 0.8982849274566622 0.4394134603129256 2.2317014256315266
cell 14.227476028628024 42.93511131717164 0.0 1.6431676725154984 0.6085806194501846 1 0 0 0.8906851673760067 0.45462064693145543 2.197700140996822
cell 33.49494928095944 36.65415058495314 0.0 1.6431676725154984 0.6085806194501846 1 0 0 0.835622370720727 0.5493043360024312 1.9785296539348907
cell 8.73834104646988 33.71210141652223 0.0 1.6431676725154984 0.6085806194501846 1 0 0 0.8229120469427577 0.5681687803782257 1.933034955169412
cell 61.86061831307391 21.018883224307753 0.0 1.6431676725154984 0.6085806194501846 1 0 0 0.7698715450420416 0.638198875065273 1.7572796998153846
cell 60.67688514074117 39.540428011156806 0.0 1.6431676725154984 0.6085806194501846 1 0 0 0.8602122995509235 0.5099360741321526 2.0713717044312925
cell 3.6165845264825505 49.77039254939753 0.0 1.6431676725154984 0.6085806194501846 1 0 0 -0.8144027840981831 -0.5803000131424505 1.9033986004409904
cell 49.5730238275058 5.3138141628314655 0.0 1.6431676725154984 0.6085806194501846 1 0 0 0.7941306674043319 0.6077470551865721 1.8351516425383292
cell 43.42441441088395 54.09520237154079 0.0 1.6431676725154984 0.6085806194501846 1 0 0 0.6253653912572433 0.7803320622771277 1.351199392229136
cell 12.906511987108697 39.74968521479504 0.0 1.6431676725154984 0.6085806194501846 1 0 0 0.9234908975968713 0.38362033582140154 2.3541658697040737
cell 50.84807012577456 58.155128647949844 0.0 1.6431676725154984 0.6085806194501846 1 0 0 -0.6563562374660407 -0.7544511180583023 1.4319577316966408
cell 6.757213186867009 33.93203598356182 0.0 1.6431676725154984 0.6085806194501846 1 0 0 0.809270308874222 0.5874364367100676 1.8858177767024493
cell 66.12688870562936 39.477008381767575 0.0 1.6431676725154984 0.6085806194501846 1 0 0 0.7871035947070169 0.6168208258475814 1.8121982540807078
cell 54.992299565065515 65.13471052350926 0.0 1.6431676725154984 0.6085806194501846 1 0 0 0.5296342644485078 0.8482261172129093 1.1163386606395491
cell 60.50871540872973 14.913070282113368 0.0 1.6431676725154984 0.6085806194501846 1 0 0 0.7547376413609429 0.6560267469493303 1.7105082136120815
cell 61.02308868124064 48.24684513608742 0.0 1.6431676725154984 0.6085806194501846 1 0 0 0.6953174273913425 0.7187027724768322 1.537722947248814
cell 9.69576695659918 34.17596173564207 0.0 1.6431676725154984 0.6085806194501846 1 0 0 0.8638661436517022 0.5037214367607721 2.0857900981650475
cell 41.45469083946776 66.32510229668482 0.0 1.6431676725154984 0.6085806194501846 1 0 0 0.9500184685574883 0.3121937049328262 2.5065900990927523
cell 54.14785212191695 9.798512503890645 0.0 1.6431676725154984 0.6085806194501846 1 0 0 0.6982322738194955 0.7158712815840967 1.545850355962671
cell 34.20027591405347 31.67320372839344 0.0 1.6431676725154984 0.6085806194501846 1 0 0 0.724884826459846 0.6888700809066097 1.6217343752305453
cell 59.801677864665415 37.10686263306425 0.0 1.6431676725154984 0.6085806194501846 1 0 0 0.7896847870985535 0.6135127847283317 1.8205900872627632
cell 2.833774697705974 57.96094006678178 0.0 1.6431676725154984 0.6085806194501846 1 0 0 -0.7786995554288478 -0.6273970053920522 1.785180761596699
cell 55.91717440604852 38.90976419752143 0.0 1.6431676725154984 0.6085806194501846 1 0 0 0.6606288104375732 0.750712711241682 1.4433121408651424
cell 28.666297121360486 34.303907148435606 0.0 1.6431676725154984 0.6085806194501846 1 0 0 0.7572346211540403 -0.6531429617822556 4.565047901573168
cell 46.051805203934016 53.148515478807575 0.0 1.6431676725154984 0.6085806194501846 1 0 0 -0.8178375030735932 -0.5754492319626038 1.9152859847617272
cell 4.772520903682259 11.119050769721234 0.0 1.6431676725154984 0.6085806194501846 1 0 0 0.6682914858306866 0.7438995160411204 1.4638194219301248
cell 34.32111357295757 3.2618866996787785 0.0 1.6431676725154984 0.6085806194501846 1 0 0 -0.9271317708120709 -0.37473547943966246 2.3733697587949383
cell 43.22037050448416 8.454397680938401 0.0 1.6431676725154984 0.6085806194501846 1 0 0 0.6603787089134008 0.7509327272225321 1.4426459342748155
cell 53.879553881953605 55.209909444318036 0.0 1.6431676725154984 0.6085806194501846 1 0 0 -0.5729676466428735 -0.8195779864665274 1.2202444727987576
cell 6.466165810004266 19.29735939920078 0.0 1.6431676725154984 0.6085806194501846 1 0 0 0.7888428467988639 0.6145949585330686 1.817847851746676
cell 44.32229319587101 6.47604542268078 0.0 1.6431676725154984 0.6085806194501846 1 0 0 0.7846041895072637 0.6199969885472427 1.8041149235583456
cell 10.12335013582261 31.711801269364706 0.0 1.6431676725154984 0.6085806194501846 1 0 0 -0.8046447248148915 -0.5937565720289482 1.8701537476048635
cell 9.096065927432551 59.82525776503597 0.0 1.6431676725154984 0.6085806194501846 1 0 0 0.7618155040866705 0.6477940550307422 1.7322222196775547
cell 3.2671139853336526 14.355308697433808 0.0 1.6431676725154984 0.6085806194501846 1 0 0 0.7547344731182885 0.6560303918926772 1.710498554756348
cell 19.307682854627167 53.106524467291365 0.0 1.6431676725154984 0.6085806194501846 1 0 0 0.8371606831545307 0.5469570280929201 1.9841425906833945
cell 55.248798946853505 3.4504959805694866 0.0 1.6431676725154984 0.6085806194501846 1 0 0 0.41159931354863916 0.9113649132407331 0.8484164470728518
cell 7.531035580101028 50.02659242617265 0.0 1.0 1.0 1 0 0 0.0 1.0 0
cell 38.28764106035018 1.3855084388834187 0.0 1.6431676725154984 0.6085806194501846 1 0 0 0.9276291296898087 0.3735026074218599 2.376028585247218
cell 14.597829958405447 5.474910844057054 0.0 1.6431676725154984 0.6085806194501846 1 0 0 0.5098161294567188 0.8602833917644639 1.0699420884189013
cell 58.34253744882229 51.06086361891027 0.0 1.6431676725154984 0.6085806194501846 1 0 0 0.6799070374184057 0.7332983161503418 1.4952717079956626
cell 31.301907118789245 60.92952488102469 0.0 1.6431676725154984 0.6085806194501846 1 0 0 0.6744711038625608 -0.7383012461417213 4.802689110052934
cell 35.72508368981845 62.0395679102378 0.0 1.6431676725154984 0.6085806194501846 1 0 0 0.588031159057023 0.8088382755397114 1.2572450435397036
cell 42.669964039085485 25.339462797324032 0.0 1.6431676725154984 0.6085806194501846 1 0 0 0.8344066170275879 0.551149342248157 1.9741105558027394
cell 5.837160534602674 27.440044726152323 0.0 1.6431676725154984 0.6085806194501846 1 0 0 0.6790415419144104 0.7340998463114539 1.492912442662579
cell 52.01707810762412 66.68578113798144 0.0 1.6431676725154984 0.6085806194501846 1 0 0 0.5666040307927691 0.823990213709718 1.2047572321705085
cell 35.677261613359484 64.80415229380789 0.0 1.6431676725154984 0.6085806194501846 1 0 0 0.6566642861594291 0.7541830117966908 1.4327744935158546
cell 2.4757003649128486 46.82210616063135 0.0 1.6431676725154984 0.6085806194501846 1 0 0 0.87927368699513 0.4763168938406344 2.1486703903625255
cell 38.81745506482934 59.622695606774286 0.0 1.6431676725154984 0.6085806194501846 1 0 0 0.7370786502689028 0.6758069719363454 1.6574746971807297
cell 55.51396854272483 23.896594853794266 0.0 1.6431676725154984 0.6085806194501846 1 0 0 0.7683088977616372 0.640079243235006 1.752389851574633
cell 30.975316758763658 7.618063182265658 0.0 1.6431676725154984 0.6085806194501846 1 0 0 0.8261772568090637 0.5634102770907274 1.944577059213915
cell 2.427595231604335 62.53684923445659 0.0 1.6431676725154984 0.6085806194501846 1 0 0 0.7956595921285408 0.6057440164408099 1.8401913958613778
cell 16.407952637814493 17.431814124237217 0.0 1.6431676725154984 0.6085806194501846 1 0 0 0.8681312154448504 0.49633475877702427 2.102849323251096
cell 49.94555313058725 26.80176303491917 0.0 1.6431676725154984 0.6085806194501846 1 0 0 0.5747069080146853 0.81835931587549 1.2244919142988073
cell 35.99719832082599 51.58439836740209 0.0 1.6431676725154984 0.6085806194501846 1 0 0 0.6425864327592445 0.7662132055986434 1.3957382237931346
cell 36.732375122807554 38.48358183405161 0.0 1.6431676725154984 0.6085806194501846 1 0 0 0.7878804611271909 0.6158282057311154 1.814719219245694
cell 6.063070355248718 32.71134883188567 0.0 1.6431676725154984 0.6085806194501846 1 0 0 -0.8149569705672672 -0.5795214716676358 1.9053098822517391
cell 9.544429827251625 38.831091797718955 0.0 1.6431676725154984 0.6085806194501846 1 0 0 0.9441763249247676 0.32944053704964693 2.4701707073890127
cell 17.16592540384343 9.446526037083096 0.0 1.6431676725154984 0.6085806194501846 1 0 0 0.6055686174600862 0.7957930946844662 1.300960405213058
cell 33.48632220491352 65.96690731074533 0.0 1.6431676725154984 0.6085806194501846 1 0 0 0.5428245017455544 0.8398461527593555 1.1475931728947697
cell 7.3886829450182505 66.60892865202217 0.0 1.6431676725154984 0.6085806194501846 1 0 0 0.7080526853280522 0.7061596100031029 1.5734735403935693
cell 1.7343918970818588 49.04998357985878 0.0 1.6431676725154984 0.6085806194501846 1 0 0 0.7254745868465468 0.6882489548410752 1.6234474017310492
cell 5.133590089423905 40.28262349325693 0.0 1.6431676725154984 0.6085806194501846 1 0 0 0.8758834259319921 0.48252277063122784 2.134527266915782
cell 9.659670263555583 24.07703901789561 0.0 1.6431676725154984 0.6085806194501846 1 0 0 0.6854132972732229 0.7281542500878839 1.5103422862078921
cell 0.27850519064891305 43.9414029311626 0.0 1.6431676725154984 0.6085806194501846 1 0 0 -0.8469572505811116 -0.5316609969596078 2.0204716630054786
cell 59.11591107747327 30.509874387415376 0.0 1.6431676725154984 0.6085806194501846 1 0 0 0.8496975078606319 0.5272704667771857 2.0308226677935566
cell 2.17446072607802 51.43938810864419 0.0 1.6431676725154984 0.6085806194501846 1 0 0 0.7325679777540993 0.6806938797795008 1.6441738403941644
cell 19.511521795981338 9.448278579808248 0.0 1.6431676725154984 0.6085806194501846 1 0 0 0.6771229462419628 0.7358699040405199 1.4876916696976208
cell 14.566892267084999 30.318622446204884 0.0 1.6431676725154984 0.6085806194501846 1 0 0 0.8757337708913213 0.48279432734909666 2.1339071389193554
cell 15.598322959840585 38.36531800309849 0.0 1.6431676725154984 0.6085806194501846 1 0 0 0.9667614095378371 0.25568022416372843 2.6244901555494016
cell 7.631116136662494 16.44597371322923 0.0 1.6431676725154984 0.6085806194501846 1 0 0 0.745879598762537 0.6660807940106342 1.6837088503710789
cell 51.83348545051536 25.29493298554902 0.0 1.6431676725154984 0.6085806194501846 1 0 0 0.5727808619494017 0.8197085361178694 1.2197887020958567
cell 46.937315539144166 7.1818195573510195 0.0 1.6431676725154984 0.6085806194501846 1 0 0 -0.737106794313016 -0.6757762749442964 1.657557989258148
cell 41.75640340237673 28.822829649367094 0.0 1.6431676725154984 0.6085806194501846 1 0 0 0.7491161841285955 0.6624386331401666 1.6934537706082442
cell 60.062809167717404 44.09748259510367 0.0 1.6431676725154984 0.6085806194501846 1 0 0 0.7723463472558859 0.6352016371834147 1.7650535276856962
cell 63.11517890993682 47.6732410721345 0.0 1.6431676725154984 0.6085806194501846 1 0 0 0.6171387312671618 0.7868543616006445 1.3302023128691176
cell 34.52353642124469 62.644830618237634 0.0 1.6431676725154984 0.6085806194501846 1 0 0 0.6685828279459344 0.7436376820574769 1.4646028433111695
cell 54.909314044548175 47.41019740621888 0.0 1.6431676725154984 0.6085806194501846 1 0 0 0.5430114844006498 0.8397252692452472 1.1480384832921084
cell 55.97351403670385 28.755488407988494 0.0 1.6431676725154984 0.6085806194501846 1 0 0 0.7272511755218792 0.6863714210994254 1.6286170841168244
cell 10.368106000877706 46.738089457949094 0.0 1.0 1.0 1 0 0 0.0 1.0 0
cell 6.715681908353932 59.60974381921915 0.0 1.6431676725154984 0.6085806194501846 1 0 0 0.7085993161326014 0.7056110891818592 1.575022321020757
cell 40.86023015425476 65.16523949664219 0.0 1.6431676725154984 0.6085806194501846 1 0 0 0.8921409946858194 0.45175706480474287 2.2041249506054683
cell 31.879356980788234 45.60289070664678 0.0 1.6431676725154984 0.6085806194501846 1 0 0 0.7167927737673202 0.6972862536110628 1.5983835869577303
cell 17.333071296676177 36.46906945546674 0.0 1.6431676725154984 0.6085806194501846 1 0 0 0.96915690710196 0.24644449561019408 2.6435728997072694
cell 53.196305782715704 26.142568328206 0.0 1.6431676725154984 0.6085806194501846 1 0 0 0.7265994157833771 0.6870613429550925 1.6267188923548814
cell 5.687965726161038 51.72055834377589 0.0 1.6431676725154984 0.6085806194501846 1 0 0 0.8070422054096672 0.5904937583814925 1.8782516210286624
cell 21.631277839955807 25.96126813707966 0.0 1.6431676725154984 0.6085806194501846 1 0 0 0.898424775898439 0.4391274553610143 2.2323381560926836
cell 4.368228154301439 30.574806914688654 0.0 1.6431676725154984 0.6085806194501846 1 0 0 0.6314896192735893 0.7753843309931516 1.3669456976812946
cell 37.94917988733227 23.606066292807704 0.0 1.6431676725154984 0.6085806194501846 1 0 0 0.6740429306002791 0.7386921738503713 1.4793366164691042
cell 36.30487588952507 23.69712475500509 0.0 1.6431676725154984 0.6085806194501846 1 0 0 0.4637577666379406 0.8859620386241103 0.96446393300715
cell 9.214343088289628 45.25336818865565 0.0 1.6431676725154984 0.6085806194501846 1 0 0 0.9984054358479337 0.05644985092360743 3.028632904835593
cell 52.81662291739185 56.66105715757498 0.0 1.6431676725154984 0.6085806194501846 1 0 0 0.7212138106515913 0.6927125228588051 1.6111059635557547
cell 32.579643999486414 57.53805356502226 0.0 1.6431676725154984 0.6085806194501846 1 0 0 0.49314216165217833 0.8699487389501849 1.0313959271858275
cell 10.497103758461146 54.87978705460094 0.0 1.6431676725154984 0.6085806194501846 1 0 0 0.7705556123875293 0.6373727702201276 1.7594248314743928
cell 20.849464331270198 15.832037236198016 0.0 1.6431676725154984 0.6085806194501846 1 0 0 0.8518923514017043 0.5237169289065183 2.039176108983556
cell 36.88735168574762 35.300238731059665 0.0 1.6431676725154984 0.6085806194501846 1 0 0 0.7031143186280384 0.7110768277339863 1.5595355789304712
cell 25.811203357493458 38.5620553735189 0.0 1.6431676725154984 0.6085806194501846 1 0 0 0.7174953046518728 0.6965633408402399 1.600399674856624
cell 6.144818376211803 0.3518152843194399 0.0 1.6431676725154984 0.6085806194501846 1 0 0 0.564982751016652 0.8251027154564793 1.2008246963501379
cell 65.31333551811893 48.35994126724535 0.0 1.6431676725154984 0.6085806194501846 1 0 0 0.6354920849830221 0.7721073823788576 1.3772913602782586
cell 10.018982983027488 61.23417478765753 0.0 1.6431676725154984 0.6085806194501846 1 0 0 0.7929067375742177 0.6093430113732418 1.8311291648231047
cell 12.49466395587331 17.34729138599347 0.0 1.6431676725154984 0.6085806194501846 1 0 0 -0.7407698025636731 -0.6717589594562746 1.6684311720439986
cell 2.3146585543829286 9.937721583147825 0.0 1.6431676725154984 0.6085806194501846 1 0 0 0.7891044811746936 0.6142589989491547 1.8186994887383086
cell 38.00460026179138 42.215919384236706 0.0 1.6431676725154984 0.6085806194501846 1 0 0 0.7047804178429307 0.7094255159106867 1.5642271542970023
cell 15.282891123698343 11.498050978340949 0.0 1.6431676725154984 0.6085806194501846 1 0 0 0.7680384294029556 0.6404037562040381 1.751544956781722
cell 19.889797663583124 28.520698485525045 0.0 1.6431676725154984 0.6085806194501846 1 0 0 0.9267381907529333 0.3757077664887696 2.3712719051587747
cell 36.45842098413063 21.854188774813537 0.0 1.6431676725154984 0.6085806194501846 1 0 0 0.5297486432658315 0.8481546881070756 1.116608361444443
cell 56.684678470531416 7.954243738474737 0.0 1.6431676725154984 0.6085806194501846 1 0 0 0.4859651990057322 0.8739781606855626 1.0149344066239123
cell 46.77100683612834 48.47497469961624 0.0 1.6431676725154984 0.6085806194501846 1 0 0 0.8266560129874011 0.5627075938636102 1.9462776135229864
cell 50.45845524293655 46.90472936699465 0.0 1.6431676725154984 0.6085806194501846 1 0 0 0.891461053893032 0.45309732882894455 2.2011192044010244
cell 47.225244148781364 16.573750558467587 0.0 1.6431676725154984 0.6085806194501846 1 0 0 0.5760678465225156 0.817401881697682 1.2278198773189146
cell 19.178544063800015 16.92353833730526 0.0 1.6431676725154984 0.6085806194501846 1 0 0 0.8644672887203113 0.5026890756049448 2.0881793617497553
cell 60.63517962592938 20.257533599811715 0.0 1.6431676725154984 0.6085806194501846 1 0 0 0.7122749098780027 0.7019006003404493 1.5854679476328544
cell 33.94732227212216 1.8176885460329388 0.0 1.6431676725154984 0.6085806194501846 1 0 0 -0.8635377482910801 -0.5042842028820367 2.0844869493091736
cell 13.303563951206279 34.14923460564019 0.0 1.6431676725154984 0.6085806194501846 1 0 0 0.9221638923641032 0.3867993738618078 2.3472760983040684
cell 55.16038367115615 45.57487906294089 0.0 1.6431676725154984 0.6085806194501846 1 0 0 0.4852776012979822 0.8743601372881066 1.013361261030532
cell 1.0712280535770702 34.201751407714326 0.0 1.6431676725154984 0.6085806194501846 1 0 0 0.7933336101577747 0.608787140956535 1.832530895386187
cell 58.2148737942333 42.865927041371414 0.0 1.6431676725154984 0.6085806194501846 1 0 0 0.7445328723947271 0.6675858011698999 1.6796696822163595
cell 18.73507504213435 42.05686713466716 0.0 1.6431676725154984 0.6085806194501846 1 0 0 0.917551165744248 0.3976177287815165 2.323754563974941
cell 27.652899606584707 41.650113940670785 0.0 1.6431676725154984 0.6085806194501846 1 0 0 0.7637453190229903 -0.6455176896650245 4.544994492499366
cell 41.27501174571809 25.933808731789195 0.0 1.6431676725154984 0.6085806194501846 1 0 0 0.6908440867494715 0.7230037674890005 1.5253117493736235
cell 57.90739148966955 35.947971963688346 0.0 1.6431676725154984 0.6085806194501846 1 0 0 0.7422242975924227 0.6701515441028505 1.6727667650818183
cell 12.606037853884716 26.23375185745406 0.0 1.6431676725154984 0.6085806194501846 1 0 0 0.7925464165147544 0.6098115919442835 1.8299469651316416
cell 19.0125814478818 64.16026840160937 0.0 1.6431676725154984 0.6085806194501846 1 0 0 0.7005976983550136 0.7135564904474329 1.5524695707915979
cell 57.69871229422642 32.88441666068788 0.0 1.6431676725154984 0.6085806194501846 1 0 0 0.7263247543690851 0.6873516939607324 1.6259195361111367
cell 59.781993865555734 34.19255972245036 0.0 1.6431676725154984 0.6085806194501846 1 0 0 0.763815435088201 0.64543472258705 1.7384080684363667
cell 13.891038625009873 35.073080247873584 0.0 1.6431676725154984 0.6085806194501846 1 0 0 0.9042476933867989 0.42700832428028124 2.2592292274536936
cell 22.41532970563702 14.972650442350874 0.0 1.6431676725154984 0.6085806194501846 1 0 0 -0.8273533286005278 -0.5616818224347545 1.9487583039799397
cell 9.745018456979084 35.722943765325596 0.0 1.6431676725154984 0.6085806194501846 1 0 0 0.8938114823076179 0.4484428994811478 2.2115476823121902
cell 19.303348950676884 60.87031733649521 0.0 1.6431676725154984 0.6085806194501846 1 0 0 0.7499029773396934 0.66154782486005 1.695830813405702
cell 31.57694112053438 58.22312158100561 0.0 1.6431676725154984 0.6085806194501846 1 0 0 0.8599639090238014 -0.5103548522121671 4.212787405477697
cell 53.57624008473935 58.870928010239744 0.0 1.6431676725154984 0.6085806194501846 1 0 0 -0.7777509504672118 -0.6285725567087292 1.7821596540479643
cell 63.67983119346625 20.548146082931346 0.0 1.6431676725154984 0.6085806194501846 1 0 0 0.927725016146846 0.3732643760330395 2.3765421936880555
cell 58.80365602466571 33.47402672908485 0.0 1.6431676725154984 0.6085806194501846 1 0 0 0.7366010097523161 0.6763275481834733 1.6560617002056153
cell 10.672291443761642 25.333244990264514 0.0 1.6431676725154984 0.6085806194501846 1 0 0 0.7051540960778763 0.7090540887581096 1.5652808972625591
cell 60.6054286370896 23.367758250328922 0.0 1.6431676725154984 0.6085806194501846 1 0 0 -0.7696740182542045 -0.6384370803958888 1.7566608020460848
cell 63.393798839254224 53.104987708309714 0.0 1.6431676725154984 0.6085806194501846 1 0 0 0.7467124552345183 0.6651469831530752 1.686211371359913
cell 48.99094360417454 35.772747649167506 0.0 1.6431676725154984 0.6085806194501846 1 0 0 0.8327046067410345 0.553717471200123 1.9679486947728755
cell 1.776041639386541 15.616488027447641 0.0 1.6431676725154984 0.6085806194501846 1 0 0 0.7763527893562541 0.6302986168942176 1.77771706908651
cell 4.841111601944316 25.110516979075218 0.0 1.6431676725154984 0.6085806194501846 1 0 0 0.6998840466607703 0.7142564814054855 1.550470284753767
cell 61.23369517353918 35.46737540488544 0.0 1.6431676725154984 0.6085806194501846 1 0 0 0.8417017929273584 0.5399426745339456 2.000854651010232
cell 36.31149122476529 54.83146521433398 0.0 1.6431676725154984 0.6085806194501846 1 0 0 0.659509499071718 0.751696228960989 1.4403320969401745
cell 12.46248955470387 58.3981794614853 0.0 1.6431676725154984 0.6085806194501846 1 0 0 0.6156631721480947 0.7880094279007996 1.3264545381164723
cell 56.937989287189076 35.264643101435034 0.0 1.6431676725154984 0.6085806194501846 1 0 0 0.7360825410034103 0.6768917881241896 1.654529151239973
cell 42.55681700464528 10.169089447690403 0.0 1.6431676725154984 0.6085806194501846 1 0 0 0.6047306476095711 0.7964300621157572 1.298855248609678
cell 64.59900233386242 56.50041995094058 0.0 1.6431676725154984 0.6085806194501846 1 0 0 0.7440054225754986 0.6681735786292763 1.6780902067515668
cell 56.162863229447694 20.219816479466637 0.0 1.6431676725154984 0.6085806194501846 1 0 0 0.7172708680618058 0.6967944473299594 1.599755370601015
cell 35.758847544756705 56.94686764947111 0.0 1.6431676725154984 0.6085806194501846 1 0 0 0.6481607940547784 0.7615035029796509 1.4103334338229587
cell 66.74409341009695 56.53793397662705 0.0 1.6431676725154984 0.6085806194501846 1 0 0 0.6253059684992185 0.780379680514078 1.3510470956675946
cell 62.1851154670563 43.605188888578375 0.0 1.6431676725154984 0.6085806194501846 1 0 0 0.7495750671508165 0.6619193445623486 1.6948397493589524
cell 10.06295963972028 43.73249587468481 0.0 1.6431676725154984 0.6085806194501846 1 0 0 0.970287153581714 0.2419562762035639 2.652829596480409
cell 55.44649992494686 1.9328293947113466 0.0 1.6431676725154984 0.6085806194501846 1 0 0 0.4386925232096699 0.8986372294090276 0.9082864014791253
cell 22.1700556267763 27.243204423689413 0.0 1.6431676725154984 0.6085806194501846 1 0 0 0.8936337352022683 0.44879700011078766 2.210755265019534
cell 25.69560181864172 64.25910417108533 0.0 1.6431676725154984 0.6085806194501846 1 0 0 0.8645350103056505 -0.5025725976968988 4.194736476944022
cell 21.99897321585995 12.863253007983777 0.0 1.6431676725154984 0.6085806194501846 1 0 0 0.7685088054133781 0.6398392110539199 1.7530146027826348
cell 16.76461800921099 59.33697339943375 0.0 1.6431676725154984 0.6085806194501846 1 0 0 0.5419943645069817 0.8403821207300124 1.1456169243477696
cell 21.63878229023982 7.60308640386991 0.0 1.6431676725154984 0.6085806194501846 1 0 0 0.6933807641036411 0.7205713815931429 1.5323406172364566
cell 36.15871323018442 29.386952718977003 0.0 1.6431676725154984 0.6085806194501846 1 0 0 0.762499368574277 0.6469889588886575 1.7343348962161371
cell 62.10180568501735 8.113965872920076 0.0 1.6431676725154984 0.6085806194501846 1 0 0 0.4171864984863651 0.9088208984616749 0.8606946823034574
cell 40.898431213698814 8.23145648664724 0.0 1.6431676725154984 0.6085806194501846 1 0 0 0.5342737745950058 0.8453115010337934 1.1272967840138437
cell 34.31561613432096 59.4856997939552 0.0 1.6431676725154984 0.6085806194501846 1 0 0 0.6290422986203752 0.7773710739064033 1.3606412440139595
cell 23.27225554099387 12.004581946689605 0.0 1.6431676725154984 0.6085806194501846 1 0 0 0.7571902715435334 0.6531943758789035 1.718001607266399
cell 8.207616757470968 55.105868660898736 0.0 1.6431676725154984 0.6085806194501846 1 0 0 -0.6776427713628405 -0.7353912390147772 1.4891049472838622
cell 6.0276706182312045 61.56295942521751 0.0 1.6431676725154984 0.6085806194501846 1 0 0 0.5082204934081996 0.861226991030777 1.0662345636603536
cell 62.65791080439127 15.96154807572204 0.0 1.6431676725154984 0.6085806194501846 1 0 0 0.8128384689826054 0.5824891615661308 1.898017352641751
cell 52.768019180386645 14.738476955697084 0.0 1.6431676725154984 0.6085806194501846 1 0 0 0.752504033940584 0.6585876395007338 1.703711984104607
cell 53.45601109237737 44.657344436662164 0.0 1.6431676725154984 0.6085806194501846 1 0 0 -0.5858816393050141 -0.8103966342015922 1.2519350827022055
cell 8.847349619941971 25.929185432636785 0.0 1.6431676725154984 0.6085806194501846 1 0 0 0.7004181144332463 0.7137327686002486 1.551966284104106
cell 23.34543711643169 18.113238105935274 0.0 1.6431676725154984 0.6085806194501846 1 0 0 0.8655245690197476 0.5008664696535196 2.0923934978312557
cell 59.446382984695354 42.503904876426006 0.0 1.6431676725154984 0.6085806194501846 1 0 0 0.8034377259047217 0.5953887978397387 1.8660936939688688
cell 51.18532819031568 26.586237857346084 0.0 1.6431676725154984 0.6085806194501846 1 0 0 0.49576347418886685 0.8684575854123129 1.037427452757851
cell 33.362834341866595 51.25182917142878 0.0 1.6431676725154984 0.6085806194501846 1 0 0 0.5130608579700865 0.8583522330715979 1.0774939501661907
cell 53.63893377758456 42.48381152264309 0.0 1.6431676725154984 0.6085806194501846 1 0 0 0.5474826663624537 0.8368170230299203 1.1587060850154525
cell 14.807913326384062 61.46822709243389 0.0 1.6431676725154984 0.6085806194501846 1 0 0 0.6824917805311285 0.7308932682050436 1.5023329162566637
cell 64.26603910583792 47.90657056596954 0.0 1.6431676725154984 0.6085806194501846 1 0 0 0.6267111201242251 0.7792516743085247 1.3546508991958288
cell 17.526365244550416 28.413817890854222 0.0 1.6431676725154984 0.6085806194501846 1 0 0 0.9116958122140257 0.41086584914228147 2.2947855097212555
cell 16.665570567532495 11.55619789013796 0.0 1.6431676725154984 0.6085806194501846 1 0 0 0.6314293047982208 0.7754334484931867 1.3667901295000784
cell 51.58999513440103 29.0969355096502 0.0 1.6431676725154984 0.6085806194501846 1 0 0 0.5456947913482975 0.837984006228841 1.1544360271309024
cell 35.71807351802592 10.694496214091506 0.0 1.6431676725154984 0.6085806194501846 1 0 0 0.6753623912457808 0.7374860273190136 1.482911957963961
cell 33.803061825867545 49.22212993955411 0.0 1.6431676725154984 0.6085806194501846 1 0 0 0.6480602774220259 0.7615890472083268 1.410069453455924
cell 10.365906309638556 58.04903764063097 0.0 1.6431676725154984 0.6085806194501846 1 0 0 0.7628965256990122 0.6465206037524066 1.7355630498339396
cell 32.68195830721822 8.552286872955968 0.0 1.6431676725154984 0.6085806194501846 1 0 0 0.3300962334765692 -0.9439472848864932 5.610374264635418
cell 14.40927011719496 36.1603758966053 0.0 1.6431676725154984 0.6085806194501846 1 0 0 0.9221691996483472 0.3867867205837434 2.347303540804816
cell 66.52533366569698 43.44957318354584 0.0 1.6431676725154984 0.6085806194501846 1 0 0 0.8402164267159385 0.5422511929693653 1.9953644506930217
cell 13.403687970768237 63.404946060942606 0.0 1.6431676725154984 0.6085806194501846 1 0 0 -0.3611937055571948 -0.9324908080329063 0.7390954047723
cell 11.449546249183163 29.213906288460944 0.0 1.6431676725154984 0.6085806194501846 1 0 0 0.8118823563261398 0.5838210680390995 1.8947382510167579
cell 55.43367189506345 9.672490257110715 0.0 1.6431676725154984 0.6085806194501846 1 0 0 0.7893063580879948 0.6139995709134218 1.8193569298225778
cell 44.6145775261757 1.7852938305757406 0.0 1.6431676725154984 0.6085806194501846 1 0 0 0.8466300601798633 0.5321818685372897 2.0192414422593754
cell 1.2138393020818914 62.48509138213882 0.0 1.6431676725154984 0.6085806194501846 1 0 0 -0.7461510736639992 -0.6657766707162854 1.6845241775510287
cell 63.970514951306185 32.350289002679645 0.0 1.6431676725154984 0.6085806194501846 1 0 0 0.8242657277541718 0.5662031526315316 1.9378082755574038
cell 42.437590134655416 23.35809206756816 0.0 1.6431676725154984 0.6085806194501846 1 0 0 0.839700660029108 0.5430495387592925 1.993463533710568
cell 62.900618426164215 10.017285698041373 0.0 1.0 1.0 1 0 0 0.0 1.0 0
cell 50.41945154724939 44.875993936907236 0.0 1.6431676725154984 0.6085806194501846 1 0 0 0.8322302848991756 0.5544301154308241 1.966236569714393
cell 13.774143667512924 25.345532847811032 0.0 1.6431676725154984 0.6085806194501846 1 0 0 0.8002422768035833 0.5996768283135652 1.8553982428877842
cell 14.324045643270505 1.2953718252738924 0.0 1.6431676725154984 0.6085806194501846 1 0 0 0.409596429526932 0.912266827698338 0.8440232723514026
cell 7.864004116670111 27.716497658876964 0.0 1.6431676725154984 0.6085806194501846 1 0 0 0.7280283990291373 0.6855469715541535 1.6308831764099825
cell 64.61831326921548 6.737165432085284 0.0 1.6431676725154984 0.6085806194501846 1 0 0 0.70247754647255 0.711705906046807 1.557745362904219
cell 12.799379668982093 14.5109153080142 0.0 1.6431676725154984 0.6085806194501846 1 0 0 0.71490514235351 0.6992214509270347 1.5929768705949474
cell 65.71878842025278 64.35859338951755 0.0 1.6431676725154984 0.6085806194501846 1 0 0 0.8306993667462511 0.5567212606748349 1.9607254675652201
cell 48.142665283740406 1.9939428731073003 0.0 1.6431676725154984 0.6085806194501846 1 0 0 0.8143964058887603 0.5803089643245826 1.9033766181556673
cell 58.074227775973654 64.71071713566988 0.0 1.6431676725154984 0.6085806194501846 1 0 0 0.6783783347219176 0.7347127567831648 1.491106338477403
cell 47.26384663508995 50.14018645724468 0.0 1.6431676725154984 0.6085806194501846 1 0 0 0.8634764883800004 0.5043890899047511 2.0842440166908816
cell 53.96984889937894 28.46173704581773 0.0 1.6431676725154984 0.6085806194501846 1 0 0 0.7113271386718664 0.702861082852718 1.5827692092670025
cell 43.07835627017672 50.68054392394843 0.0 1.6431676725154984 0.6085806194501846 1 0 0 0.7902926189747251 0.6127296111614566 1.822572833344375
cell 34.10803143443964 40.528841935376676 0.0 1.6431676725154984 0.6085806194501846 1 0 0 0.8352287043178768 0.5499027291107771 1.9770971071527106
cell 60.08872531919792 31.185583485767452 0.0 1.6431676725154984 0.6085806194501846 1 0 0 0.8288225894703812 0.5595114969181705 1.9540000763075394
cell 53.59763837551135 19.607762210610613 0.0 1.6431676725154984 0.6085806194501846 1 0 0 0.7364621511650128 0.6764787505172664 1.6556511208434435
cell 6.202953144989333 46.26785442589428 0.0 1.6431676725154984 0.6085806194501846 1 0 0 0.9870894806464737 0.1601697761660257 2.8198673590180423
cell 29.265885917725576 4.725280089641182 0.0 1.6431676725154984 0.6085806194501846 1 0 0 0.70702892456913 -0.7071846292324371 4.712609180031708
cell 57.96001028146178 54.03876908360205 0.0 1.6431676725154984 0.6085806194501846 1 0 0 0.7411681856512592 0.6713193879059509 1.669617649591447
cell 62.29587353302621 37.736914601220334 0.0 1.6431676725154984 0.6085806194501846 1 0 0 0.821286909099773 0.5705153923789799 1.927326131674918
cell 0.648724786581842 45.64733706544767 0.0 1.6431676725154984 0.6085806194501846 1 0 0 0.7879682255537082 0.615715904876381 1.8150042741637036
cell 1.790741076959442 44.43854774788038 0.0 1.6431676725154984 0.6085806194501846 1 0 0 0.8358518229080941 0.5489551257992005 1.979365347837868
cell 62.09075158056635 49.164024326861195 0.0 1.6431676725154984 0.6085806194501846 1 0 0 -0.7366421975992875 -0.6762826869853259 1.656183502764513
cell 61.006194721835776 40.971689660967 0.0 1.6431676725154984 0.6085806194501846 1 0 0 0.8522175616876498 0.5231875644079824 2.0404186684627126
cell 3.526317529606205 32.19911369631528 0.0 1.6431676725154984 0.6085806194501846 1 0 0 0.679441993186837 0.733729226550434 1.4940037175797891
cell 21.588700110834335 62.10850637986498 0.0 1.6431676725154984 0.6085806194501846 1 0 0 0.8628716465770631 0.5054231113961727 2.0818481584121744
cell 22.709045673194986 16.73434282733161 0.0 1.6431676725154984 0.6085806194501846 1 0 0 0.8635961041249289 0.5041842609009576 2.0847184125066036
cell 17.347348120535965 57.96565965076045 0.0 1.6431676725154984 0.6085806194501846 1 0 0 0.5934877432660992 0.8048430272996795 1.270770795873509
cell 13.102735879156581 5.321486616248012 0.0 1.6431676725154984 0.6085806194501846 1 0 0 -0.7041637202110067 -0.7100376434658906 1.5624893209786839
cell 24.639793794527915 2.689775365313614 0.0 1.6431676725154984 0.6085806194501846 1 0 0 0.6936593145299556 0.7203032384807333 1.533113898739132
cell 40.566860893215825 21.25103225486025 0.0 1.6431676725154984 0.6085806194501846 1 0 0 0.8256724848631831 0.5641497564830251 1.9427863894592912
cell 62.67034919754787 11.875864980223898 0.0 1.0 1.0 1 0 0 0.0 1.0 0
cell 42.71065244159562 44.98960524818431 0.0 1.6431676725154984 0.6085806194501846 1 0 0 0.7005988496397035 0.7135553600692269 1.5524727976856623
cell 42.27588171250599 18.851571904501178 0.0 1.6431676725154984 0.6085806194501846 1 0 0 0.8377473849320495 0.5460579813898085 1.9862896855213634
cell 29.846358693825543 33.74628643227602 0.0 1.6431676725154984 0.6085806194501846 1 0 0 0.6768136880975316 0.7361543531106891 1.4868513081658628
cell 45.49686054162607 51.5241605556166 0.0 1.6431676725154984 0.6085806194501846 1 0 0 0.8306495990180417 0.5567955133181 1.9605466908127236
cell 15.767702109866406 40.15191898998611 0.0 1.6431676725154984 0.6085806194501846 1 0 0 0.8867820879381093 0.46218776326524197 2.180671257689263
cell 63.825728505834185 13.008565714800367 0.0 1.6431676725154984 0.6085806194501846 1 0 0 0.7831344271313155 0.6218524495744198 1.7993808176528117
cell 59.313699793922495 50.03729669059625 0.0 1.6431676725154984 0.6085806194501846 1 0 0 0.7248268485109455 0.6889310848536963 1.6215660550104525
cell 10.238693939188519 64.34435240329076 0.0 1.6431676725154984 0.6085806194501846 1 0 0 0.6234871193041457 0.781833621726399 1.346389989315669
cell 4.945289455002365 50.34166585965349 0.0 1.6431676725154984 0.6085806194501846 1 0 0 0.9218326986540561 0.38758802315368335 2.3455653592546972
cell 57.98810317577401 3.0538977253560398 0.0 1.6431676725154984 0.6085806194501846 1 0 0 0.6249355536997028 0.7806763437699684 1.350097956657075
cell 34.991010214193174 52.22253469583991 0.0 1.6431676725154984 0.6085806194501846 1 0 0 0.5529253044150731 0.8332308250043914 1.1717419241756
cell 56.26805553737137 41.45757877699885 0.0 1.6431676725154984 0.6085806194501846 1 0 0 0.7956129267125299 0.605805307708609 1.8400373272979027
cell 2.847320318398114 48.904445017509815 0.0 1.6431676725154984 0.6085806194501846 1 0 0 0.7649223345096843 0.644122521084502 1.7418414922880647
cell 18.30073566927801 32.05013422817325 0.0 1.6431676725154984 0.6085806194501846 1 0 0 0.9297721947891174 0.3681353905793729 2.387587103771056
cell 56.9194630373053 38.19098029638952 0.0 1.6431676725154984 0.6085806194501846 1 0 0 0.7496920509280441 0.661786845423285 1.695193253113209
cell 64.22342071649717 39.014246189390825 0.0 1.6431676725154984 0.6085806194501846 1 0 0 0.7316137045300194 0.681719434477162 1.6413721265293961
cell 42.84718583789894 20.505023318878077 0.0 1.6431676725154984 0.6085806194501846 1 0 0 0.8225658117446987 0.5686699265380445 1.9318167166092806
cell 63.80188749811634 34.79354437375212 0.0 1.6431676725154984 0.6085806194501846 1 0 0 0.8588876508096165 0.5121640394314485 2.066187679962113
cell 34.8980780117298 20.52195570016701 0.0 1.6431676725154984 0.6085806194501846 1 0 0 0.6929601861062822 0.7209758529046217 1.53117359897896
cell 19.976527678980002 57.37542707986549 0.0 1.6431676725154984 0.6085806194501846 1 0 0 0.7968899079849809 0.6041245521841407 1.8442589961421403
cell 51.120436221843896 48.132299272374205 0.0 1.6431676725154984 0.6085806194501846 1 0 0 0.5229853786844754 -0.8523416531428322 5.182485780717948
cell 13.933811994833196 40.365890258835876 0.0 1.6431676725154984 0.6085806194501846 1 0 0 0.9481834909460526 0.3177232561481091 2.4949379447016717
cell 56.40476073446174 10.751622751959854 0.0 1.6431676725154984 0.6085806194501846 1 0 0 0.7679469337222604 0.6405134713544892 1.7512592375218945
cell 25.486265112011118 7.318482069133007 0.0 1.6431676725154984 0.6085806194501846 1 0 0 -0.7870618548248943 -0.6168740849473229 1.8120629211657668
cell 55.94092779762788 61.497555447939106 0.0 1.6431676725154984 0.6085806194501846 1 0 0 0.6324352097113416 0.7746132619038815 1.3693859345559274
cell 62.38245085138031 55.560379283242916 0.0 1.6431676725154984 0.6085806194501846 1 0 0 0.7465388636246146 0.6653418107244343 1.68568948313442
cell 62.553126980740146 34.95420175556488 0.0 1.6431676725154984 0.6085806194501846 1 0 0 0.8037385749034147 0.5949826074871668 1.867104635565554
cell 51.354230783358865 36.47459279634117 0.0 1.6431676725154984 0.6085806194501846 1 0 0 0.32575036692973586 0.9454558151733705 0.6636105519073867
cell 2.990125761245896 42.82879343259222 0.0 1.6431676725154984 0.6085806194501846 1 0 0 -0.7547117457146478 -0.656056537868764 1.7104292684823283
cell 60.23166149627723 10.106838096981518 0.0 1.6431676725154984 0.6085806194501846 1 0 0 0.9044246704795625 0.4266333501121715 2.260058507914276
cell 35.87347936240726 3.5890923624777646 0.0 1.6431676725154984 0.6085806194501846 1 0 0 0.9508718507172007 0.3095847598213542 2.5120800391421025
cell 48.80775382179774 47.40010660693286 0.0 1.6431676725154984 0.6085806194501846 1 0 0 -0.8047994338025014 -0.593546856912892 1.870674958890751
cell 16.99150946897449 54.724111416902666 0.0 1.6431676725154984 0.6085806194501846 1 0 0 0.7048149781156223 0.7093911802552064 1.564324588370842
cell 55.962602470586006 36.29717694619888 0.0 1.6431676725154984 0.6085806194501846 1 0 0 0.6722115078932945 0.7403591619314394 1.4743836531021832
cell 56.239241659729174 44.19674099136319 0.0 1.6431676725154984 0.6085806194501846 1 0 0 0.7368252181702283 0.6760832773175176 1.6567248372099352
cell 30.072335810704924 6.642024011881305 0.0 1.6431676725154984 0.6085806194501846 1 0 0 -0.8117138367191559 -0.5840553460748968 1.8941610680073993
cell 45.85843667974977 9.156708316127599 0.0 1.6431676725154984 0.6085806194501846 1 0 0 -0.6912781842087995 -0.7225887295252986 1.5265129106889361
cell 23.38606210653239 7.317415394025141 0.0 1.6431676725154984 0.6085806194501846 1 0 0 -0.7634220505753901 -0.6458999711218962 1.737189532289051
cell 65.78694070181686 6.7612378333340715 0.0 1.6431676725154984 0.6085806194501846 1 0 0 0.7944512404402845 0.6073279398833 1.8362069618554588
cell 60.351523123730985 53.72098213616756 0.0 1.6431676725154984 0.6085806194501846 1 0 0 0.6966554705792674 0.7174058511832613 1.5414498040581088
cell 34.47862268703714 56.480864650911954 0.0 1.6431676725154984 0.6085806194501846 1 0 0 0.661676447228746 0.749789489912165 1.4461049035019093
cell 66.47648896757875 59.398500905394506 0.0 1.6431676725154984 0.6085806194501846 1 0 0 -0.7241941492676383 -0.6895961384509934 1.619730184994439
cell 14.17918290560034 28.9649943151364 0.0 1.6431676725154984 0.6085806194501846 1 0 0 0.8328414831745327 0.5535115752210108 1.9684431775837927
cell 15.532504008385807 64.62880540507018 0.0 1.6431676725154984 0.6085806194501846 1 0 0 0.5049029557575464 0.863176114861442 1.0585390693846577
cell 41.32344101422933 22.711623571370595 0.0 1.6431676725154984 0.6085806194501846 1 0 0 0.7901251440542804 0.6129455577236879 1.8220262777033567
cell 56.78601082324684 46.4619764319086 0.0 1.6431676725154984 0.6085806194501846 1 0 0 -0.6824661032050141 -0.7309172442733604 1.5022626545479332
cell 12.643370893517746 28.452273088819776 0.0 1.6431676725154984 0.6085806194501846 1 0 0 0.8181198239435701 0.5750477838149991 1.9162675461580225
cell 12.93401269578242 56.04541738267239 0.0 1.6431676725154984 0.6085806194501846 1 0 0 0.6714172882617127 0.7410794997996425 1.4722391983204701
cell 2.7696273061966106 0.197958729832507 0.0 1.6431676725154984 0.6085806194501846 1 0 0 -0.745897519161956 -0.6660607261414228 1.6837626596673045
cell 51.40556656934047 31.123727392124966 0.0 1.6431676725154984 0.6085806194501846 1 0 0 0.5106117835247578 0.8598113784578952 1.07179234463749
cell 65.1839584368025 11.721008171551025 0.0 1.6431676725154984 0.6085806194501846 1 0 0 -0.7989567257580329 -0.6013885186516312 1.8511168753239762
cell 15.516978474614959 16.815547605698523 0.0 1.6431676725154984 0.6085806194501846 1 0 0 0.7847346514894884 0.6198318536116638 1.8045358267582294
cell 39.2929588248689 6.918715076522355 0.0 1.6431676725154984 0.6085806194501846 1 0 0 0.6002519658289441 0.7998109636148333 1.2876322065854975
cell 58.44832893294149 20.164578473509525 0.0 1.6431676725154984 0.6085806194501846 1 0 0 0.8124130310286098 0.5830823844148502 1.8965573378135951
cell 43.000684080530235 2.683898272032879 0.0 1.6431676725154984 0.6085806194501846 1 0 0 0.7923889077328782 0.6100162447852486 1.8294304700123853
cell 0.0261989933089586 61.98957322209267 0.0 1.6431676725154984 0.6085806194501846 1 0 0 -0.7296012780848495 -0.6838727769234231 1.6354774678704445
cell 61.388331930137724 17.81521666242786 0.0 1.6431676725154984 0.6085806194501846 1 0 0 0.6819500085714428 0.7313987871260172 1.5008509361476383
cell 42.62851910808908 12.797849810601315 0.0 1.6431676725154984 0.6085806194501846 1 0 0 0.5485822336044867 0.8360966050484312 1.161335191659658
cell 44.340650228030036 18.233307728191466 0.0 1.6431676725154984 0.6085806194501846 1 0 0 0.7188961581554074 0.695117482005305 1.6044260378197743
cell 27.289806619056826 6.042519435298679 0.0 1.6431676725154984 0.6085806194501846 1 0 0 0.5100525637242551 0.860143233559571 1.070491799200094
cell 56.510335296615196 59.479329382783966 0.0 1.6431676725154984 0.6085806194501846 1 0 0 0.6570310545352949 0.753863511105451 1.4337473238975817
cell 18.991573033287295 0.5381803001435476 0.0 1.6431676725154984 0.6085806194501846 1 0 0 0.7078368111472855 0.7063759967502026 1.5728622306947442
cell 65.61957718451823 57.51187953405587 0.0 1.6431676725154984 0.6085806194501846 1 0 0 -0.693290243526779 -0.7206584754449082 1.5320893857585602
cell 63.070682766461545 5.23375914893689 0.0 1.6431676725154984 0.6085806194501846 1 0 0 0.5141518776869972 0.8576991586045395 1.080037043164928
cell 4.4574074731379545 45.651832190313634 0.0 1.6431676725154984 0.6085806194501846 1 0 0 0.9962692219986939 0.086299694658308 2.9687783001106207
cell 61.94832502381296 46.31354470547834 0.0 1.6431676725154984 0.6085806194501846 1 0 0 0.741757418304182 0.6706682729865152 1.6713739477519398
cell 16.91316165440275 42.616799540231455 0.0 1.6431676725154984 0.6085806194501846 1 0 0 0.8988630960614117 0.43822954548831305 2.234336522213117
cell 27.358858892163457 25.593036298531306 0.0 1.6431676725154984 0.6085806194501846 1 0 0 0.6209838674836772 -0.7838233451008044 4.943190715426652
cell 7.796033774896626 43.67491880308201 0.0 1.6431676725154984 0.6085806194501846 1 0 0 0.9914519134218166 0.1304726154111222 2.8799013436484473
cell 56.37544210715589 33.52868450066644 0.0 1.6431676725154984 0.6085806194501846 1 0 0 0.8108552005937517 0.5852468228620012 1.8912238085243211
cell 8.443279579909175 51.92114298171916 0.0 1.6431676725154984 0.6085806194501846 1 0 0 0.8252367714455511 0.5647869253569201 1.9412425884543043
cell 20.128053221793394 65.02436326614452 0.0 1.6431676725154984 0.6085806194501846 1 0 0 0.8165861264651693 0.57722361183913 1.910943465117816
cell 38.49773455105303 29.525918026547565 0.0 1.6431676725154984 0.6085806194501846 1 0 0 0.5654447322422713 0.8247861873112728 1.201944726220684
cell 35.6505577237776 13.968009001961162 0.0 1.6431676725154984 0.6085806194501846 1 0 0 0.7058529652412033 0.7083583778428829 1.5672531364608482
cell 2.4497299751886494 3.6257913859623745 0.0 1.6431676725154984 0.6085806194501846 1 0 0 0.7096388103409426 0.70456565262429 1.577970870629461
cell 53.01285659191946 46.75752484289109 0.0 1.6431676725154984 0.6085806194501846 1 0 0 0.6322948740006403 0.774727818212638 1.3690236238623854
cell 37.49153353840165 54.86329145422708 0.0 1.6431676725154984 0.6085806194501846 1 0 0 0.738806939918416 0.6739171355058321 1.6625965993395648
cell 1.1274102739384555 1.2320076341687785 0.0 1.0 1.0 1 0 0 0.0 1.0 0
cell 12.149694032558815 3.3307710210843533 0.0 1.6431676725154984 0.6085806194501846 1 0 0 0.7163916671316163 0.6976983440315617 1.5972334477366157
cell 54.04915888566858 34.658004371014115 0.0 1.6431676725154984 0.6085806194501846 1 0 0 0.6353134078808138 0.7722544100015659 1.3768285746737647
cell 39.584499965690796 40.96794678515758 0.0 1.6431676725154984 0.6085806194501846 1 0 0 0.8399654778475082 0.5426398400637453 1.9944392006676694
cell 44.582225441705454 9.108887990328249 0.0 1.6431676725154984 0.6085806194501846 1 0 0 0.7929487796468653 0.6092883002787326 1.8312671625004298
cell 10.956795461318645 9.657852221736317 0.0 1.6431676725154984 0.6085806194501846 1 0 0 -0.6631573286457154 -0.7484800314393688 1.4500584803814496
cell 61.21988968306704 51.510259107496466 0.0 1.6431676725154984 0.6085806194501846 1 0 0 0.712431427281755 0.70174173413107 1.5859139797858033
cell 42.92269605029674 48.05867970863153 0.0 1.6431676725154984 0.6085806194501846 1 0 0 0.7845073979444325 0.6201194583065878 1.8038027220295934
cell 3.2242406430592885 55.20098545388351 0.0 1.6431676725154984 0.6085806194501846 1 0 0 -0.7870412712091053 -0.6169003464203563 1.8119961873600925
cell 17.53503918987632 29.8289581647722 0.0 1.6431676725154984 0.6085806194501846 1 0 0 0.9268558917782715 0.3754173089721691 2.371898703694572
cell 40.667532270496295 50.50517146874935 0.0 1.6431676725154984 0.6085806194501846 1 0 0 0.7477052232950455 0.6640307967687238 1.6891989863830148
cell 60.67892476110187 60.73169808331008 0.0 1.6431676725154984 0.6085806194501846 1 0 0 0.870157778298468 0.49277321443710215 2.111044828990538
cell 15.673771975894452 8.530132305423665 0.0 1.6431676725154984 0.6085806194501846 1 0 0 0.5988340116351466 0.8008731650573373 1.2840888371036592
cell 55.785489473763526 31.841556615136625 0.0 1.6431676725154984 0.6085806194501846 1 0 0 0.7475346873741553 0.664222772247703 1.6886854220337635
cell 59.88586649152542 7.384172385113073 0.0 1.6431676725154984 0.6085806194501846 1 0 0 0.903741244959536 0.42807915408133096 2.256860120755914
cell 7.446884893294786 57.15431713086425 0.0 1.6431676725154984 0.6085806194501846 1 0 0 0.6542243943980857 0.7563004970079407 1.4263132786133133
cell 23.933760914765358 19.38285642277861 0.0 1.6431676725154984 0.6085806194501846 1 0 0 0.9141277419949677 0.40542628345382553 2.306702432541929
cell 23.92225892871164 9.006276706710716 0.0 1.6431676725154984 0.6085806194501846 1 0 0 0.8246972576938194 0.565574427597548 1.9393334159251732
cell 39.80962104524575 29.32526373936248 0.0 1.6431676725154984 0.6085806194501846 1 0 0 0.5321579026039271 0.8466451244152943 1.1222945969452809
cell 64.47705787366412 53.51324337064612 0.0 1.6431676725154984 0.6085806194501846 1 0 0 -0.7565687328283468 -0.6539141782424583 1.7160995810991553
cell 45.88635495374366 58.79815171730558 0.0 1.6431676725154984 0.6085806194501846 1 0 0 0.8332833497382661 0.5528461441024749 1.9700407315485609
cell 21.35503164604139 19.509163754859326 0.0 1.6431676725154984 0.6085806194501846 1 0 0 0.8841077128123924 0.46728316056288627 2.169162053143359
cell 6.7395114997598204 29.545818564469265 0.0 1.6431676725154984 0.6085806194501846 1 0 0 0.736859285564996 0.6760461472981291 1.6568256186710597
cell 60.91721860169594 33.969710738379746 0.0 1.6431676725154984 0.6085806194501846 1 0 0 0.8346875958650596 0.550723721396679 1.9751305601595097
cell 64.52757977485336 61.19210673605199 0.0 1.6431676725154984 0.6085806194501846 1 0 0 0.6445124464498296 0.7645938179002335 1.4007708964807681
cell 48.90750343640076 49.66612502256727 0.0 1.6431676725154984 0.6085806194501846 1 0 0 0.8935514509036709 0.44896080518007864 2.2103886436529163
cell 56.899754962145764 22.303387630417745 0.0 1.6431676725154984 0.6085806194501846 1 0 0 0.8024942001855354 0.5966599187716382 1.8629276303374105
cell 60.36528442423602 5.2363107311105725 0.0 1.6431676725154984 0.6085806194501846 1 0 0 0.886886563992634 0.46198725373038113 2.1811234493289775
cell 0.8937811059026051 56.76268610848342 0.0 1.6431676725154984 0.6085806194501846 1 0 0 0.628443890554176 0.777854919908032 1.359102154417855
cell 31.092289968016924 38.38525141168585 0.0 1.6431676725154984 0.6085806194501846 1 0 0 0.7242522117047403 0.6895351577989276 1.619898587922356
cell 43.971528543548914 22.68636431735997 0.0 1.6431676725154984 0.6085806194501846 1 0 0 0.6975178151128971 0.7165674410689689 1.5438552726518004
cell 6.854141238603409 26.270176226173856 0.0 1.6431676725154984 0.6085806194501846 1 0 0 0.6928234924802739 0.7211072099677245 1.5307944429397047
cell 13.836702980174719 53.40323317431292 0.0 1.6431676725154984 0.6085806194501846 1 0 0 0.785292499538939 0.6191249390614834 1.8063368516690315
cell 26.665883285134864 1.430032105924478 0.0 1.6431676725154984 0.6085806194501846 1 0 0 0.9649189998567128 -0.2625477551142287 3.6729159347021962
cell 59.23664167718499 16.301913484070102 0.0 1.6431676725154984 0.6085806194501846 1 0 0 0.7204681542715574 0.693488023458614 1.6089543086307991
cell 32.55421774686625 41.96693843060617 0.0 1.6431676725154984 0.6085806194501846 1 0 0 0.7602682934981837 0.6496092070632616 1.7274520455914217
cell 65.78672451250944 33.75011874965254 0.0 1.6431676725154984 0.6085806194501846 1 0 0 -0.9170881290793499 -0.3986845413378071 2.321428630067251
cell 49.55270592300756 38.823261204513436 0.0 1.6431676725154984 0.6085806194501846 1 0 0 0.8278151753579934 0.5610009228575428 1.9504038150857232
cell 13.113451154384192 11.533819348534056 0.0 1.6431676725154984 0.6085806194501846 1 0 0 -0.7028013295566571 -0.7113861758379868 1.558655446187351
cell 16.607652900469553 27.98585891547247 0.0 1.6431676725154984 0.6085806194501846 1 0 0 0.8858991683025023 0.463877854182472 2.1768576213704067
cell 9.437212868500854 65.73828943146472 0.0 1.6431676725154984 0.6085806194501846 1 0 0 0.4423292229730879 0.896852751851732 0.9163882451612291
cell 7.858242460874624 60.33418724263133 0.0 1.6431676725154984 0.6085806194501846 1 0 0 0.7498367992103301 0.661622834060318 1.6956307541650837
cell 57.31299576203356 19.153942548190667 0.0 1.6431676725154984 0.6085806194501846 1 0 0 0.7088905608538466 0.7053184902810352 1.5758480028162143
cell 48.74696879731249 28.46754970971091 0.0 1.6431676725154984 0.6085806194501846 1 0 0 -0.5249893016292106 -0.8511088256943842 1.1054050862538976
cell 38.629539446830584 46.15840229048747 0.0 1.6431676725154984 0.6085806194501846 1 0 0 0.8015486326702029 0.5979295857076551 1.8597614638365032
cell 51.194973468652016 32.993387678038275 0.0 1.6431676725154984 0.6085806194501846 1 0 0 0.5368527288983728 0.8436759730337058 1.1334044724098653
cell 4.670492437157489 44.63492428736 0.0 1.6431676725154984 0.6085806194501846 1 0 0 0.984783113364942 0.1737878581237821 2.79224312913658
cell 48.24426150337664 4.367130358245493 0.0 1.6431676725154984 0.6085806194501846 1 0 0 0.8295527699802008 0.5584283318548372 1.9566126691759358
cell 57.768591155810725 6.216640048764155 0.0 1.6431676725154984 0.6085806194501846 1 0 0 0.7695802265730001 0.6385501349681557 1.7563670115369632
cell 8.425881328781461 22.69517795550152 0.0 1.6431676725154984 0.6085806194501846 1 0 0 0.6294883471246747 0.7770099232533939 1.3617890925604121
cell 63.34986499301896 61.55071321483616 0.0 1.6431676725154984 0.6085806194501846 1 0 0 0.5137571471816557 0.8579356582633494 1.0791167296005366
cell 45.433034248231216 44.99106714744542 0.0 1.6431676725154984 0.6085806194501846 1 0 0 0.8492044964774571 0.5280641278883358 2.0289540231009555
cell 65.40889011243935 36.106703801266306 0.0 1.6431676725154984 0.6085806194501846 1 0 0 0.8538233764241935 0.5205628126091894 2.0465726819315218
cell 48.181069374424105 14.7831068975985 0.0 1.6431676725154984 0.6085806194501846 1 0 0 0.7317834674532179 0.6815372013046281 1.6418702364754334
cell 62.94493975713665 18.02733818788574 0.0 1.6431676725154984 0.6085806194501846 1 0 0 0.8773925621820944 0.47977316705662015 2.1408003268083995
cell 59.29687514945393 40.23906295314906 0.0 1.6431676725154984 0.6085806194501846 1 0 0 0.8059850486373208 0.5919358929589383 1.8746754032317745
cell 36.44653524573857 49.39717192381482 0.0 1.6431676725154984 0.6085806194501846 1 0 0 0.6232009182121675 0.7820617722018584 1.345657968261334
cell 37.06901744558418 40.68178833504317 0.0 1.6431676725154984 0.6085806194501846 1 0 0 0.8585722464810661 0.512692595589653 2.0649566616603727
cell 55.0551888704468 43.13287761290429 0.0 1.6431676725154984 0.6085806194501846 1 0 0 0.6319764033767352 0.774987629304498 1.3682016132928134
cell 55.08669215781399 58.28026821270106 0.0 1.6431676725154984 0.6085806194501846 1 0 0 0.5658921269957469 0.8244792905854151 1.2030298025737571
cell 56.07014129850572 55.10390890888727 0.0 1.6431676725154984 0.6085806194501846 1 0 0 0.6054567115045032 0.7958782384851044 1.3006791764114416
cell 9.719987293435421 9.38230410527971 0.0 1.6431676725154984 0.6085806194501846 1 0 0 0.6572717835189178 0.7536536356907335 1.4343860668321835
cell 4.734295064473941 38.939277037807095 0.0 1.6431676725154984 0.6085806194501846 1 0 0 -0.8327871443299907 -0.5535933274875151 1.9682468498668246
cell 62.81908245563243 39.324907128370505 0.0 1.6431676725154984 0.6085806194501846 1 0 0 0.849604575242786 0.5274201984438264 2.0304702132941665
cell 36.634039446836375 8.63097659667158 0.0 1.6431676725154984 0.6085806194501846 1 0 0 0.6889321224120506 0.7248258623344144 1.5200294614949799
cell 52.48649795013993 35.969611188638055 0.0 1.6431676725154984 0.6085806194501846 1 0 0 0.5417478553742138 0.8405410526544435 1.1450303201890457
cell 43.30491218791515 59.09294324572476 0.0 1.6431676725154984 0.6085806194501846 1 0 0 0.7740114329943768 0.6331716209638516 1.770304615317119
cell 16.29125007691696 21.028942522114015 0.0 1.6431676725154984 0.6085806194501846 1 0 0 0.8382913659437057 0.5452225103425536 1.9882836035679923
cell 18.04225649984006 21.457816816253292 0.0 1.6431676725154984 0.6085806194501846 1 0 0 0.8482055642922125 0.5296671791830502 2.0251763836131937
cell 25.322468638685766 12.227177959037713 0.0 1.6431676725154984 0.6085806194501846 1 0 0 0.7597500859267884 0.6502152004792241 1.725857345442899
cell 47.933794278402594 41.2255226924897 0.0 1.6431676725154984 0.6085806194501846 1 0 0 0.4832665485372726 0.8754732680469872 1.0087641333973625
cell 19.483393035124706 50.54950040415638 0.0 1.6431676725154984 0.6085806194501846 1 0 0 -0.8314578857165715 -0.5555877826948038 1.9634531945661422
cell 30.363987089061702 2.8294406246398287 0.0 1.6431676725154984 0.6085806194501846 1 0 0 0.7752197986948 0.6316915890777666 1.7741259465827315
cell 5.764929172928569 36.32832021431956 0.0 1.6431676725154984 0.6085806194501846 1 0 0 0.7910590286604102 0.6117398247415713 1.8250764796196635
cell 64.97012412680338 13.969638568787447 0.0 1.6431676725154984 0.6085806194501846 1 0 0 0.9356108661664615 0.3530330113618891 2.419970906483242
cell 9.407597787918348 54.16509959607854 0.0 1.6431676725154984 0.6085806194501846 1 0 0 -0.7367048941461771 -0.6762143882978755 1.6563689273336024
cell 26.126729619352705 8.817711573815451 0.0 1.6431676725154984 0.6085806194501846 1 0 0 0.8377503671255877 0.5460534061618361 1.9863006081930696
cell 2.0553858298691616 45.741313646470985 0.0 1.6431676725154984 0.6085806194501846 1 0 0 0.8607834279090406 0.5089714041448316 2.073613824782663
cell 23.335159856451302 42.57380395950196 0.0 1.6431676725154984 0.6085806194501846 1 0 0 0.7645261129601364 0.6445927571746869 1.7406116735880075
cell 53.38813380376854 2.7560770589646095 0.0 1.6431676725154984 0.6085806194501846 1 0 0 0.5006744204528184 0.8656356766586244 1.0487554089698903
cell 36.950812239628654 20.141188250389874 0.0 1.6431676725154984 0.6085806194501846 1 0 0 0.5593228197803495 0.8289499280855018 1.187137322692114
cell 4.182953214963785 47.13212604874893 0.0 1.0 1.0 1 0 0 0.0 1.0 0
cell 39.41687316437261 56.45048583562427 0.0 1.6431676725154984 0.6085806194501846 1 0 0 0.7667104145297957 0.6419930998473027 1.7474026684029944
cell 24.94758903547806 66.73209600316106 0.0 1.6431676725154984 0.6085806194501846 1 0 0 0.7324976213635921 0.6807695900205 1.643967132268665
cell 11.614981549383339 26.493628385283877 0.0 1.6431676725154984 0.6085806194501846 1 0 0 0.7665519786219221 0.6421822670167842 1.7469091660008835
cell 10.18243553997533 18.78880729592857 0.0 1.6431676725154984 0.6085806194501846 1 0 0 0.6665873164823549 0.7454269578602942 1.4592424037022793
cell 33.82424128976839 45.991054321670745 0.0 1.6431676725154984 0.6085806194501846 1 0 0 0.7965813164728689 0.6045313939295056 1.8432377245175762
cell 19.016434019717103 15.09989896947663 0.0 1.6431676725154984 0.6085806194501846 1 0 0 0.8350919876849762 0.5501103272111473 1.976599961663715
cell 47.49803363190709 52.571603934710836 0.0 1.6431676725154984 0.6085806194501846 1 0 0 -0.7876043967360027 -0.6161812348993738 1.8138229131705508
cell 66.68254404629164 46.675258240149816 0.0 1.6431676725154984 0.6085806194501846 1 0 0 0.7046359871799489 0.709568971679948 1.563820019064988
cell 18.093812963432637 61.70395418486361 0.0 1.6431676725154984 0.6085806194501846 1 0 0 0.6774396068681245 0.7355783976207845 1.488552483144932
cell 34.425493069293665 42.76785490973747 0.0 1.6431676725154984 0.6085806194501846 1 0 0 0.7824409338130253 0.6227248068720252 1.7971519700889496
cell 39.778171263325866 49.2159115545502 0.0 1.6431676725154984 0.6085806194501846 1 0 0 0.8014293830175575 0.5980894114061016 1.8593626419029452
cell 63.123339256727114 42.02744910609491 0.0 1.6431676725154984 0.6085806194501846 1 0 0 0.675331584843481 0.7375142374983633 1.4828284151930742
cell 8.399620332620067 46.629903028639035 0.0 1.0 1.0 1 0 0 0.0 1.0 0
cell 48.1163060504926 45.76537598276818 0.0 1.6431676725154984 0.6085806194501846 1 0 0 0.7589679602542339 0.6511279715290441 1.723453289094949
cell 46.06299829846611 12.288862361862556 0.0 1.6431676725154984 0.6085806194501846 1 0 0 0.7797354409279214 0.6261091295939871 1.7884863226445535
cell 34.85330173242858 54.17357489777246 0.0 1.6431676725154984 0.6085806194501846 1 0 0 0.5030562020404726 0.8642536997830065 1.054262767105162
cell 40.4145025685287 27.790403589502727 0.0 1.6431676725154984 0.6085806194501846 1 0 0 0.6262874047435146 0.7795922566698781 1.3535636437962215
cell 0.6881346907665246 41.10757174307173 0.0 1.6431676725154984 0.6085806194501846 1 0 0 -0.895621947964884 -0.44481605897672644 2.219654908827078
cell 64.71904288008211 15.542516872856282 0.0 1.6431676725154984 0.6085806194501846 1 0 0 -0.9571755896609159 -0.2895080146684682 2.554167051952966
cell 20.142745674365457 12.067643020754538 0.0 1.6431676725154984 0.6085806194501846 1 0 0 0.7666982406461456 0.6420076384203736 1.7473647435536168
cell 1.1353327791736998 13.680077285150613 0.0 1.6431676725154984 0.6085806194501846 1 0 0 0.7751498907208028 0.6317773713227846 1.773904625834484
cell 41.01959387137246 46.36387126127533 0.0 1.6431676725154984 0.6085806194501846 1 0 0 0.7969769783133829 0.6040096820734495 1.844547276453325
cell 9.32458587172826 0.44156876588042204 0.0 1.6431676725154984 0.6085806194501846 1 0 0 0.43651074113340904 0.8996990457231585 0.9034335137606925
cell 1.8007797119385642 42.76679600742023 0.0 1.6431676725154984 0.6085806194501846 1 0 0 0.8867945435733002 0.46216386432587103 2.180725157676317
cell 43.59587666917807 4.901320614094713 0.0 1.6431676725154984 0.6085806194501846 1 0 0 0.7680717059364459 0.6403638454346698 1.7516488836250939
cell 0.8044432044459628 47.566132660341225 0.0 1.6431676725154984 0.6085806194501846 1 0 0 0.8031237953128405 0.5958121930627962 1.8650395290143031
cell 59.662289886816254 9.129924242539508 0.0 1.6431676725154984 0.6085806194501846 1 0 0 0.9110188256797651 0.41236476481030937 2.291496096668926
cell 30.434496321113844 12.421644745231408 0.0 1.6431676725154984 0.6085806194501846 1 0 0 0.5939123762066533 0.8045297318238567 1.2718261956950678
cell 65.76354052063768 42.688216086517926 0.0 1.6431676725154984 0.6085806194501846 1 0 0 0.7627724469715859 0.646666988596897 1.7351792579454937
cell 18.40781251167542 9.609022079485538 0.0 1.6431676725154984 0.6085806194501846 1 0 0 0.6543488162363315 0.7561928501976938 1.426642329549491
cell 38.671688962642854 54.56838682517117 0.0 1.6431676725154984 0.6085806194501846 1 0 0 0.7272889778504966 0.6863313650833537 1.6287272385624578
cell 20.990027553807483 53.82090401025717 0.0 1.6431676725154984 0.6085806194501846 1 0 0 0.8350486726485371 0.5501760757320482 1.9764424934398022
cell 57.17508597007239 56.88723720771232 0.0 1.6431676725154984 0.6085806194501846 1 0 0 0.7288458600960319 0.6846778163639271 1.6332695322170572
cell 45.723077965659606 6.094897477151322 0.0 1.6431676725154984 0.6085806194501846 1 0 0 0.7900119270011021 0.6130914737590185 1.8216569020647775
cell 57.65831402138826 39.084484093681475 0.0 1.6431676725154984 0.6085806194501846 1 0 0 0.7978981075821117 0.6027923439434886 1.8476004005614648
cell 60.3189923964935 2.9526998684544097 0.0 1.6431676725154984 0.6085806194501846 1 0 0 -0.7842941157014224 -0.6203891843642375 1.8031149969027478
cell 15.515598636479943 32.382421937057345 0.0 1.6431676725154984 0.6085806194501846 1 0 0 0.8956013267176611 0.44485757673840426 2.2195621950660245
cell 21.036838858477218 17.831947408331033 0.0 1.6431676725154984 0.6085806194501846 1 0 0 0.8408182711372314 0.5413174991830555 1.9975861625743703
cell 54.45091965880009 49.01506465375195 0.0 1.6431676725154984 0.6085806194501846 1 0 0 0.5620041311309741 0.8271344247410567 1.1936135846123286
cell 36.59468440233655 26.256307148259864 0.0 1.6431676725154984 0.6085806194501846 1 0 0 0.5800227630247007 0.8146002666174323 1.2375132683830508
cell 48.60081888931892 33.34685342234221 0.0 1.6431676725154984 0.6085806194501846 1 0 0 0.7377600394435959 0.6750630520182421 1.6594923276109628
cell 45.16304991847418 3.346232291490569 0.0 1.6431676725154984 0.6085806194501846 1 0 0 -0.8425677353405033 -0.5385903929362049 2.0040662066062236
cell 31.253820209009934 42.72015739111202 0.0 1.6431676725154984 0.6085806194501846 1 0 0 0.7068159970949403 0.7073974457479227 1.5699740342008583
cell 0.7720301293959826 65.20673162143304 0.0 1.6431676725154984 0.6085806194501846 1 0 0 0.9100934993422447 0.4144029710981663 2.287019260377582
cell 21.690541003555037 64.07163287586157 0.0 1.6431676725154984 0.6085806194501846 1 0 0 0.8606070965754107 0.5092695016629621 2.0729211347488543
cell 21.06038672243291 51.3714933999798 0.0 1.6431676725154984 0.6085806194501846 1 0 0 -0.8384057991909045 -0.545046526347119 1.988703438463519
cell 63.13481105078305 63.32468248173081 0.0 1.6431676725154984 0.6085806194501846 1 0 0 0.5455692286607384 0.8380657591970495 1.1541363637440167
cell 24.58361871657432 39.317123008989824 0.0 1.6431676725154984 0.6085806194501846 1 0 0 0.6984124799752335 0.7156954714226185 1.5463538774489243
cell 15.905899970674094 1.5516249781510145 0.0 1.6431676725154984 0.6085806194501846 1 0 0 -0.47671700169803516 -0.8790568242679397 0.9938324626418424
cell 16.460289510627913 22.80196126071218 0.0 1.6431676725154984 0.6085806194501846 1 0 0 0.8391779955297468 0.543856867032748 1.9915400398152736
cell 47.15136942016498 13.444535619614683 0.0 1.6431676725154984 0.6085806194501846 1 0 0 0.7363099033314777 0.6766444607443336 1.6552010573706555
cell 25.21443682479051 16.689646439831748 0.0 1.6431676725154984 0.6085806194501846 1 0 0 0.8660450130774173 0.4999660341700585 2.094473542229374
cell 59.22657382250513 53.181919873909926 0.0 1.6431676725154984 0.6085806194501846 1 0 0 0.78368878043414 0.6211536810014493 1.8011647292601172
cell 9.759012120462547 27.327302397367696 0.0 1.6431676725154984 0.6085806194501846 1 0 0 0.7375679669842616 0.6752729034092092 1.6589233656211204
cell 40.38984810755163 61.649848089887705 0.0 1.6431676725154984 0.6085806194501846 1 0 0 0.8165756363506069 0.5772384516979108 1.9109071187885833
cell 24.665870304471735 10.555764525279233 0.0 1.6431676725154984 0.6085806194501846 1 0 0 0.7959864724149884 0.6053144106432151 1.8412710474164118
cell 63.66451945354691 8.146378222225039 0.0 1.6431676725154984 0.6085806194501846 1 0 0 -0.6301779169654834 -0.7764507666098632 1.3635646631944613
cell 54.23168680364466 40.26464794898496 0.0 1.6431676725154984 0.6085806194501846 1 0 0 0.7173907080572091 0.6966710644150338 1.6000993762304268
cell 40.52099178589425 53.48849817328042 0.0 1.6431676725154984 0.6085806194501846 1 0 0 0.8182944377864162 0.5747992806952814 1.916874979431171
cell 3.20422673855701 52.59152566109846 0.0 1.6431676725154984 0.6085806194501846 1 0 0 -0.7187894919621771 -0.6952277801158088 1.6041191609714778
cell 52.442651484442884 23.444502367874673 0.0 1.6431676725154984 0.6085806194501846 1 0 0 0.6574951471373975 0.7534587788928947 1.4349788921972537
cell 8.159645382286866 32.378612223833 0.0 1.6431676725154984 0.6085806194501846 1 0 0 0.8009348646489076 0.5987514865032371 1.8577098964415497
cell 65.43234153600021 0.5401947803473525 0.0 1.6431676725154984 0.6085806194501846 1 0 0 0.6539860892133725 0.7565065730814232 1.4256831779548653
cell 12.094562861562821 45.18787236861048 0.0 1.6431676725154984 0.6085806194501846 1 0 0 0.979255265733455 0.20263051234525492 2.733505822595011
cell 52.5651400947298 17.956108878495243 0.0 1.6431676725154984 0.6085806194501846 1 0 0 0.6655421851363043 0.7463602346079227 1.4564400437401221
cell 40.13297805106211 19.609699127448348 0.0 1.6431676725154984 0.6085806194501846 1 0 0 0.8990068110223994 0.4379346455069931 2.234992631929428
cell 29.60823794232525 30.48339575085254 0.0 1.6431676725154984 0.6085806194501846 1 0 0 0.7463300134706533 0.6655760745346053 1.6850617955676355
cell 34.8291832713592 46.6578410773702 0.0 1.6431676725154984 0.6085806194501846 1 0 0 0.8207055646204096 0.5713513596737955 1.9252896613841768
cell 22.579632480236157 5.781750471337012 0.0 1.6431676725154984 0.6085806194501846 1 0 0 0.7287276478529822 0.6848036326237326 1.6329242562942805
cell 24.720087505415037 15.223472469886804 0.0 1.6431676725154984 0.6085806194501846 1 0 0 0.8797179900402985 0.47549580229425503 2.1505375771092528
cell 9.241100106274557 15.224443864933487 0.0 1.6431676725154984 0.6085806194501846 1 0 0 0.643514741815685 0.7654337182708194 1.398162565665417
cell 6.979562134426506 38.69473056136061 0.0 1.6431676725154984 0.6085806194501846 1 0 0 0.8972950679234474 0.4414312642759414 2.2272063808686755
cell 58.17501078259801 26.33053558626833 0.0 1.6431676725154984 0.6085806194501846 1 0 0 0.7481021796885882 0.6635835506891226 1.6903949854545022
cell 60.12915136939715 63.3697139812294 0.0 1.6431676725154984 0.6085806194501846 1 0 0 0.831666329603953 0.555275711879323 1.96420375981904
cell 4.424132424748459 53.21066549608207 0.0 1.6431676725154984 0.6085806194501846 1 0 0 0.6870541822643638 0.7266061867566547 1.5148540511795248
cell 32.97601157134059 30.989758096402017 0.0 1.6431676725154984 0.6085806194501846 1 0 0 0.7253202896379264 0.6884115610879545 1.6229990785426118
cell 17.414622734317156 6.912541271748844 0.0 1.6431676725154984 0.6085806194501846 1 0 0 0.6477030246269612 0.7618929005372646 1.4091314632446321
cell 54.67033104127122 53.77001934109362 0.0 1.6431676725154984 0.6085806194501846 1 0 0 0.61565204163711 0.7880181239210544 1.3264262885824543
cell 51.42778452697947 38.15325726382216 0.0 1.0 1.0 1 0 0 0.0 1.0 0
cell 22.861503012488285 65.75498372560905 0.0 1.6431676725154984 0.6085806194501846 1 0 0 0.7367322902575086 0.6761845402639179 1.6564499570083502
cell 36.831004192144064 58.03535439446745 0.0 1.6431676725154984 0.6085806194501846 1 0 0 -0.7716487697714801 -0.6360488787115037 1.7628585947258486
cell 0.6666285617365694 3.0796235803620315 0.0 1.6431676725154984 0.6085806194501846 1 0 0 0.41913234743861283 0.9079251485285545 0.8649789315223182
cell 14.366568825707732 55.42007084626512 0.0 1.6431676725154984 0.6085806194501846 1 0 0 0.8038594316773398 0.5948193121472977 1.8675109444528233
cell 18.3352557200826 25.17828257688546 0.0 1.6431676725154984 0.6085806194501846 1 0 0 -0.8685265753810792 -0.49564260093016066 2.1044435528428345
cell 34.94880125974207 7.478863723999124 0.0 1.6431676725154984 0.6085806194501846 1 0 0 0.4488953700846251 -0.8935843254649152 5.352127755270778
cell 52.056953874805245 43.75686132138645 0.0 1.6431676725154984 0.6085806194501846 1 0 0 0.6627477203329132 0.7488427466387898 1.4489642385557548
cell 11.59518704341556 65.00843511140863 0.0 1.6431676725154984 0.6085806194501846 1 0 0 -0.7916188990994785 -0.6110151541398378 1.8269079844088072
cell 58.14862089920735 0.5276573732244397 0.0 1.6431676725154984 0.6085806194501846 1 0 0 0.6171435675028096 0.7868505684625925 1.330214605480154
cell 2.2658610207541865 38.88858972744794 0.0 1.6431676725154984 0.6085806194501846 1 0 0 0.927100143931701 0.37481371789439505 2.373200980652217
