1000
 Lattice="66.99245856906788 0.0 0.0 0.0 66.99245856906788 0.0 0.0 0.0 1.0"Properties=species:S:1:pos:R:3:aspherical_shape:R:3:orientation:R:4:Color:R:1
cell 39.0511199654514 2.4937481359493883 0.0 1.6431676725154984 0.6085806194501846 1 0 0 0.9231456499608142 -0.38445039856713104 3.9308174365261057
cell 37.33129619215056 44.336798539131486 0.0 1.6431676725154984 0.6085806194501846 1 0 0 0.6746025116554158 -0.7381811778067797 4.802333107731805
cell 27.922078640498416 14.033136474965815 0.0 1.6431676725154984 0.6085806194501846 1 0 0 0.011681082257900004 0.999931773831237 0.0233626958339596
cell 3.270291379612758 54.597593705776276 0.0 1.6431676725154984 0.6085806194501846 1 0 0 0.9633524937268603 -0.2682386490240354 3.684721071906209
cell 27.631013897177336 7.275132861191389 0.0 1.0 1.0 1 0 0 0.0 1.0 0
cell 44.59026761057903 42.62560129025295 0.0 1.6431676725154984 0.6085806194501846 1 0 0 -0.8751970662460403 0.4837665710178041 4.151499257861632
cell 14.24045231313132 25.004148572616877 0.0 1.6431676725154984 0.6085806194501846 1 0 0 0.7491312680144891 0.66242157519438 1.6934993116722692
cell 45.498927993787696 31.590673620326776 0.0 1.6431676725154984 0.6085806194501846 1 0 0 0.8664375703276459 0.4992854261088797 2.0960449474087044
cell 0.29046022941881455 8.838524356785179 0.0 1.6431676725154984 0.6085806194501846 1 0 0 0.86620948705632 0.49968102278716475 2.0951316704208147
cell 19.62514101023513 18.54316255277645 0.0 1.6431676725154984 0.6085806194501846 1 0 0 0.964844998582533 -0.2628195744427567 3.6734793597157216
cell 11.227467229281011 56.524790683691265 0.0 1.6431676725154984 0.6085806194501846 1 0 0 0.9851918509427119 -0.17145558269147546 3.486206535438629
cell 12.653417278120948 48.29615219180108 0.0 1.6431676725154984 0.6085806194501846 1 0 0 0.9818904590658475 0.18944953522101673 2.760389655835468
cell 53.57494397621031 47.241867621156416 0.0 1.6431676725154984 0.6085806194501846 1 0 0 0.795261561704214 0.6062664830549143 1.8388777755249759
cell 48.5222319324317 53.64973655759925 0.0 1.6431676725154984 0.6085806194501846 1 0 0 0.9200119885856715 -0.3918902153137258 3.9469631555593523
cell 8.282591503806861 32.026613926246704 0.0 1.6431676725154984 0.6085806194501846 1 0 0 0.2294699274864722 -0.9733157516342542 5.820119221213529
cell 54.49019749855999 16.205366144783078 0.0 1.6431676725154984 0.6085806194501846 1 0 0 0.978924818982207 -0.20422095578234203 3.552928303423609
cell 29.280984170446317 41.82996808446362 0.0 1.0 1.0 1 0 0 0.0 1.0 0
cell 20.831609751856313 53.65686024537316 0.0 1.6431676725154984 0.6085806194501846 1 0 0 0.9990585562096543 0.04338203849844926 3.054801338501528
cell 29.763738510343455 2.6455857816600323 0.0 1.6431676725154984 0.6085806194501846 1 0 0 0.847226259379536 -0.5312322142131058 4.261701279846807
cell 26.959772900193222 17.44052931764934 0.0 1.6431676725154984 0.6085806194501846 1 0 0 0.9959742583041955 -0.08963970546252176 3.321113030118881
cell 19.279818482179333 28.02806361709905 0.0 1.6431676725154984 0.6085806194501846 1 0 0 0.4404192551316205 0.8977922252444095 0.9121312090460388
cell 32.85388523776051 44.190611904201184 0.0 1.6431676725154984 0.6085806194501846 1 0 0 0.9056280783372249 -0.4240728519101702 4.017468408379744
cell 28.454701349962917 31.62133980654972 0.0 1.6431676725154984 0.6085806194501846 1 0 0 0.9731117997987113 0.23033329132479483 2.676752314518728
cell 17.04443645260106 37.74566130893225 0.0 1.6431676725154984 0.6085806194501846 1 0 0 0.9428152127307846 0.33331587817475083 2.4619558625433666
cell 47.76309001269161 27.960174113949975 0.0 1.6431676725154984 0.6085806194501846 1 0 0 0.9695028259609653 0.24508013067913573 2.646387967627727
cell 1.306537578366955 44.374402140543545 0.0 1.6431676725154984 0.6085806194501846 1 0 0 0.9920730772538278 0.1256622830769869 2.8896018978162314
cell 17.23818218795229 29.01233835213119 0.0 1.6431676725154984 0.6085806194501846 1 0 0 0.5239100670257335 0.8517735859188705 1.1028700093710293
cell 31.254498825443413 52.32972210290826 0.0 1.6431676725154984 0.6085806194501846 1 0 0 0.25071641847263404 0.9680605753300023 0.506840479436863
cell 27.87488227266893 62.15154286106682 0.0 1.6431676725154984 0.6085806194501846 1 0 0 0.9565970504467745 -0.2914139376840635 3.7330018473117947
cell 41.77617494562934 48.62473720050023 0.0 1.6431676725154984 0.6085806194501846 1 0 0 0.9336480599963131 -0.3581917085376503 3.874253393758199
cell 53.781862986453056 33.205751374131054 0.0 1.6431676725154984 0.6085806194501846 1 0 0 0.9437654011895688 -0.3306158912053265 3.815504833440425
cell 58.38285549758042 23.705084309204533 0.0 1.6431676725154984 0.6085806194501846 1 0 0 0.9827389631333274 -0.18499764955164288 3.5137315947862957
cell 34.897061051653075 9.797792079369223 0.0 1.6431676725154984 0.6085806194501846 1 0 0 0.9777288224754209 -0.20987222231831185 3.5644811929125955
cell 12.841064148511782 55.969794329639804 0.0 1.6431676725154984 0.6085806194501846 1 0 0 0.9963767684952743 -0.085049016472353 3.3118964195834004
cell 11.809286248892656 46.36273692909323 0.0 1.6431676725154984 0.6085806194501846 1 0 0 -0.08309574648737252 0.9965415680821881 6.116801961453462
cell 24.308165498735022 33.13520609287203 0.0 1.6431676725154984 0.6085806194501846 1 0 0 0.9401112165448225 0.3408678637340483 2.4459128670278285
cell 57.670904761738996 13.78564283721608 0.0 1.6431676725154984 0.6085806194501846 1 0 0 -0.9992730938721665 0.038121960379134734 3.217855053779035
cell 45.75003949567956 27.359548554864084 0.0 1.6431676725154984 0.6085806194501846 1 0 0 0.36091005126507475 0.9326006299031977 0.7384870607862333
cell 50.91460644667732 15.595998450255408 0.0 1.6431676725154984 0.6085806194501846 1 0 0 0.7949611005166544 0.6066604063768706 1.837886912237067
cell 38.349569969364225 22.611480405105603 0.0 1.6431676725154984 0.6085806194501846 1 0 0 0.28040132715764593 0.9598828552111089 0.5684243676654728
cell 51.49128877770826 44.97181568130719 0.0 1.6431676725154984 0.6085806194501846 1 0 0 0.7048695871728723 0.7093369192976949 1.5644785546093065
cell 4.126402448612289 36.631877698211426 0.0 1.6431676725154984 0.6085806194501846 1 0 0 0.994504306452381 0.1046956754009863 2.9318168740086503
cell 18.022447222361055 43.36784933486848 0.0 1.6431676725154984 0.6085806194501846 1 0 0 0.9885882839223666 0.15064263968554922 2.8391560564062943
cell 34.80300315321785 60.012564523235554 0.0 1.6431676725154984 0.6085806194501846 1 0 0 0.9279413092670581 -0.37272634271773436 3.905483350461163
cell 29.54970573776178 5.598730219815533 0.0 1.0 1.0 1 0 0 0.0 1.0 0
cell 20.08993348546735 1.3722447874679837 0.0 1.0 1.0 1 0 0 0.0 1.0 0
cell 26.976426182384717 24.161862589651278 0.0 1.6431676725154984 0.6085806194501846 1 0 0 0.31292775146009183 -0.9497769329511698 5.646637225221738
cell 2.424340739097837 37.89252194856004 0.0 1.6431676725154984 0.6085806194501846 1 0 0 0.9989866553355053 0.045007360082326295 3.0515475157832266
cell 58.09812747440554 50.87816688424203 0.0 1.6431676725154984 0.6085806194501846 1 0 0 0.5386336432420319 0.8425400870984213 1.1376291117632158
cell 25.76326994939071 2.039764915348072 0.0 1.0 1.0 1 0 0 0.0 1.0 0
cell 39.8703763211013 48.61769568827985 0.0 1.6431676725154984 0.6085806194501846 1 0 0 0.9592422555820337 -0.2825850227911813 3.714568459155435
cell 17.0138760342475 2.384873367111084 0.0 1.0 1.0 1 0 0 0.0 1.0 0
cell 3.655834679787246 41.90704192012283 0.0 1.6431676725154984 0.6085806194501846 1 0 0 0.9729618232411352 -0.23096599428332729 3.6077334633701867
cell 30.03605649874832 32.30027579059807 0.0 1.6431676725154984 0.6085806194501846 1 0 0 0.9973821213174292 -0.07231116149215738 3.286341310106476
cell 14.742824381979657 13.520370848113412 0.0 1.6431676725154984 0.6085806194501846 1 0 0 0.9558401013081241 0.29388722451184385 2.545010405272763
cell 39.07437559726518 11.095123997096115 0.0 1.6431676725154984 0.6085806194501846 1 0 0 -0.9732397331720155 0.2297921273135008 3.60532083180362
cell 18.00295657931914 46.06718063223744 0.0 1.0 1.0 1 0 0 0.0 1.0 0
cell 27.527242604438676 33.77088582572295 0.0 1.0 1.0 1 0 0 0.0 1.0 0
cell 18.50581414064386 8.582768621238015 0.0 1.6431676725154984 0.6085806194501846 1 0 0 0.6964412845611683 0.7176137799393137 1.5408527780332006
cell 44.08483220984508 55.000149606394565 0.0 1.6431676725154984 0.6085806194501846 1 0 0 0.8955157964756538 -0.44502972739197466 4.06400756637579
cell 58.04793209997732 20.944632097525545 0.0 1.0 1.0 1 0 0 0.0 1.0 0
cell 15.135003388143284 1.9199723502345734 0.0 1.0 1.0 1 0 0 0.0 1.0 0
cell 31.157106968100425 35.365579864195034 0.0 1.6431676725154984 0.6085806194501846 1 0 0 0.983372575379856 0.1815994988726274 2.776367149863686
cell 55.6252601968243 61.33441395229635 0.0 1.6431676725154984 0.6085806194501846 1 0 0 0.292328317731657 0.956318019621182 0.5933212074695218
cell 16.726949174210215 60.14048015458778 0.0 1.6431676725154984 0.6085806194501846 1 0 0 0.9948485504182503 -0.10137239136326152 3.3446862984559487
cell 57.5156586936693 52.68959321467864 0.0 1.6431676725154984 0.6085806194501846 1 0 0 -0.6220907444472001 -0.7829451485724452 1.3428204764547136
cell 63.736127672958986 56.13358932441054 0.0 1.6431676725154984 0.6085806194501846 1 0 0 0.7892572852246453 0.6140626496700665 1.8191970914609676
cell 37.515330943729616 11.539247219795838 0.0 1.6431676725154984 0.6085806194501846 1 0 0 -0.8944503515721544 0.44716727135653545 4.068784288998836
cell 47.35493461493297 59.72778215404464 0.0 1.6431676725154984 0.6085806194501846 1 0 0 0.9395549474383883 -0.3423981611283089 3.840528969604665
cell 16.244371382009252 50.94383243475699 0.0 1.6431676725154984 0.6085806194501846 1 0 0 0.9278046381685704 -0.3730664195460216 3.906216374989548
cell 45.11884948207325 8.865669809664789 0.0 1.6431676725154984 0.6085806194501846 1 0 0 0.9618387130881753 -0.2736170499162704 3.69589583082037
cell 36.80621174733587 51.584005389997714 0.0 1.6431676725154984 0.6085806194501846 1 0 0 0.18186416170388653 0.983323663240005 0.3657637929127428
cell 23.657458328566786 58.618329037577446 0.0 1.6431676725154984 0.6085806194501846 1 0 0 0.9999932292516432 -0.003679871039927451 3.1489524122800137
cell 17.73580483770197 65.96871545832468 0.0 1.0 1.0 1 0 0 0.0 1.0 0
cell 58.5503556146531 32.7718584133654 0.0 1.6431676725154984 0.6085806194501846 1 0 0 0.9100060922421167 -0.41459487705738984 3.996587795061055
cell 60.53553752365258 3.908600357636068 0.0 1.6431676725154984 0.6085806194501846 1 0 0 0.9371094253056714 0.3490357073470769 2.428508856250523
cell 36.1013842665323 44.18182250697081 0.0 1.0 1.0 1 0 0 0.0 1.0 0
cell 46.31797176213225 39.3381519655081 0.0 1.6431676725154984 0.6085806194501846 1 0 0 0.9650197503799655 -0.2621771946157583 3.672147909304766
cell 24.198647478391596 39.7476284613544 0.0 1.0 1.0 1 0 0 0.0 1.0 0
cell 3.417828033708721 51.133188095777534 0.0 1.6431676725154984 0.6085806194501846 1 0 0 0.9896204782270789 -0.1437056334094376 3.430002464573143
cell 7.731098247093643 47.59415454279039 0.0 1.6431676725154984 0.6085806194501846 1 0 0 0.9895814458386041 0.14397417147522645 2.852640122713388
cell 55.47873328890276 3.1067030795526134 0.0 1.6431676725154984 0.6085806194501846 1 0 0 0.8175484312489298 0.5758598462841578 1.9142816608176165
cell 30.42518080096739 17.81142353394568 0.0 1.6431676725154984 0.6085806194501846 1 0 0 0.9024139017385178 -0.4308702240223438 4.03250642223709
cell 59.377031426598506 6.049114221328535 0.0 1.6431676725154984 0.6085806194501846 1 0 0 0.9250955418016464 0.37973443159492154 2.3625742371355205
cell 39.5403240607265 21.379138766286868 0.0 1.0 1.0 1 0 0 0.0 1.0 0
cell 22.058164438066616 36.65294640896786 0.0 1.6431676725154984 0.6085806194501846 1 0 0 0.9666594029913013 0.256065613873673 2.623692833616498
cell 63.13883194012825 33.68088414106577 0.0 1.6431676725154984 0.6085806194501846 1 0 0 0.9833600425135957 -0.18166735201367162 3.506956159076587
cell 48.97060446712437 43.09016642845435 0.0 1.6431676725154984 0.6085806194501846 1 0 0 0.8999100888898737 -0.436075488779431 4.044058729839485
cell 39.679446111693 28.858500651916287 0.0 1.6431676725154984 0.6085806194501846 1 0 0 0.9690589543185868 -0.24682938045331437 3.64040671495008
cell 8.215078530659326 55.54732950426209 0.0 1.6431676725154984 0.6085806194501846 1 0 0 0.9828777152298646 -0.18425904836539603 3.5122285526934713
cell 7.20301970173108 12.783720984896698 0.0 1.6431676725154984 0.6085806194501846 1 0 0 0.752217036631895 0.6589154193071599 1.7028406470637378
cell 31.568262602340283 4.2317693392833595 0.0 1.6431676725154984 0.6085806194501846 1 0 0 0.867592466692352 -0.4972758909686654 4.182504836284651
cell 17.248463062135336 47.595503175774525 0.0 1.6431676725154984 0.6085806194501846 1 0 0 0.39112998604685273 0.920335446462315 0.8037181417485434
cell 14.410732482488232 21.529563696391637 0.0 1.6431676725154984 0.6085806194501846 1 0 0 0.7166574905451291 0.6974252943832466 1.5979955978514198
cell 4.399560348489995 15.442825980551655 0.0 1.6431676725154984 0.6085806194501846 1 0 0 0.9413918221413804 0.33731504147507524 2.453466015682367
cell 33.73607880912324 48.321478271884665 0.0 1.0 1.0 1 0 0 0.0 1.0 0
cell 40.472046697804814 55.46200717540443 0.0 1.6431676725154984 0.6085806194501846 1 0 0 0.6080633075297357 0.7938885400583624 1.3072376068042018
cell 8.047260071008289 57.73273596956236 0.0 1.6431676725154984 0.6085806194501846 1 0 0 0.990601487134859 -0.13677972688306514 3.416012359611831
cell 40.80037617923221 37.462015131648414 0.0 1.6431676725154984 0.6085806194501846 1 0 0 0.9887597642739148 -0.14951297118642437 3.4417440316845203
cell 48.59415552259783 38.79933052136675 0.0 1.6431676725154984 0.6085806194501846 1 0 0 0.8434745135594183 0.5371691958551817 2.0074378818898237
cell 13.342796263779835 31.531325411065552 0.0 1.6431676725154984 0.6085806194501846 1 0 0 0.6256482829066193 0.7801052660352953 1.3519245521343604
cell 66.60593351397885 64.98056095671849 0.0 1.6431676725154984 0.6085806194501846 1 0 0 0.984114605521797 0.17753434371602 2.784631802180224
cell 43.39869353452399 28.199731540073035 0.0 1.6431676725154984 0.6085806194501846 1 0 0 0.9893623371188776 0.1454722169029964 2.8496121536431684
cell 15.573351663108111 55.83893860433477 0.0 1.6431676725154984 0.6085806194501846 1 0 0 0.9906542745418627 -0.13639687801388853 3.4152394177800556
cell 61.79801730367044 24.4444986813437 0.0 1.6431676725154984 0.6085806194501846 1 0 0 0.9209236174618399 0.38974310872804235 2.340887400323278
cell 47.20181895367198 42.68496878915762 0.0 1.6431676725154984 0.6085806194501846 1 0 0 0.9185279787174725 -0.39535598175972303 3.954503404675451
cell 32.44529436731634 13.980992404406827 0.0 1.6431676725154984 0.6085806194501846 1 0 0 0.4897215683248777 0.8718788823669387 1.0235407550935178
cell 23.540712216193533 17.079797150634842 0.0 1.6431676725154984 0.6085806194501846 1 0 0 0.9663445249240126 -0.257251354028282 3.661946146809709
cell 58.73695407517367 60.95426714578244 0.0 1.6431676725154984 0.6085806194501846 1 0 0 0.49973107034678865 -0.8661806147276981 5.236608766759251
cell 32.48274501363474 30.42086108819961 0.0 1.6431676725154984 0.6085806194501846 1 0 0 0.993807924850783 0.1111116938210399 2.9189094522267163
cell 31.01303694748131 29.917952825486267 0.0 1.6431676725154984 0.6085806194501846 1 0 0 0.9744333109204939 0.2246769293196878 2.688369701083442
cell 26.40545213618259 59.05054871568496 0.0 1.6431676725154984 0.6085806194501846 1 0 0 0.9997081004254592 -0.024160172675705475 3.1899177010529765
cell 14.309887131002135 35.41383300191705 0.0 1.6431676725154984 0.6085806194501846 1 0 0 0.8875322384859934 0.4607456192391217 2.183922414909988
cell 11.86167772854094 52.64264710994309 0.0 1.6431676725154984 0.6085806194501846 1 0 0 0.9929845506010098 -0.11824416377864323 3.3786355616774046
cell 63.07470335883566 64.72189156559119 0.0 1.6431676725154984 0.6085806194501846 1 0 0 0.9269606999299005 0.375158447573114 2.3724572517160545
cell 15.647161715199356 48.41688976200528 0.0 1.6431676725154984 0.6085806194501846 1 0 0 0.9957579634430518 -0.09201129408798639 3.3258758942805455
cell 29.49625414195309 27.297921768626992 0.0 1.6431676725154984 0.6085806194501846 1 0 0 0.9558198944978002 0.2939529371892958 2.544872906601304
cell 25.955302233482477 33.37217271073715 0.0 1.6431676725154984 0.6085806194501846 1 0 0 0.9636208282193575 0.26727308024161295 2.600468557161207
cell 40.249579843467224 38.448809807053536 0.0 1.6431676725154984 0.6085806194501846 1 0 0 0.9263349167866767 -0.37670097151695914 3.914057310815434
cell 4.020060867101958 38.723820900062904 0.0 1.6431676725154984 0.6085806194501846 1 0 0 0.999764581595749 0.021697497244544117 3.098194253453217
cell 23.276441069327312 15.332614760664114 0.0 1.6431676725154984 0.6085806194501846 1 0 0 0.9869993729460629 0.16072410461433181 2.8187441503382957
cell 43.91458727878226 7.0844875719253615 0.0 1.6431676725154984 0.6085806194501846 1 0 0 0.9883438870472548 -0.1522378433121121 3.4472568845864795
cell 23.960397029660058 12.84363039652411 0.0 1.6431676725154984 0.6085806194501846 1 0 0 0.6085687877241462 0.7935011219954028 1.3085113461749651
cell 38.58097293332489 37.932157685933625 0.0 1.6431676725154984 0.6085806194501846 1 0 0 0.9324900087686103 -0.36119576900445155 3.880692484031758
cell 49.15490255777746 62.21104018473754 0.0 1.6431676725154984 0.6085806194501846 1 0 0 0.9019306718056868 -0.43188084381706776 4.034746836188748
cell 63.18446830664117 42.97477296495182 0.0 1.6431676725154984 0.6085806194501846 1 0 0 0.9328306679284468 -0.3603150634821807 3.8788038962563043
cell 33.73140511435237 46.37484255996141 0.0 1.6431676725154984 0.6085806194501846 1 0 0 0.9316902138476544 -0.3632538305655042 3.8851084963892473
cell 56.92757100691941 32.987564254673146 0.0 1.6431676725154984 0.6085806194501846 1 0 0 0.9649802640209248 -0.2623224924593889 3.672449044729164
cell 57.42843391677356 65.39265010886442 0.0 1.6431676725154984 0.6085806194501846 1 0 0 -0.8686089074134515 -0.4954983006651082 2.1047758245997574
cell 31.636624600113702 62.96860293425119 0.0 1.6431676725154984 0.6085806194501846 1 0 0 0.9446313021203424 -0.3281336664446766 3.810246990474067
cell 63.135002718144264 5.828514677825521 0.0 1.6431676725154984 0.6085806194501846 1 0 0 -0.9809586040670368 -0.194216933110505 2.7506744136305676
cell 17.10148993446375 38.924529665377975 0.0 1.6431676725154984 0.6085806194501846 1 0 0 0.9732663711084439 0.22967927827603593 2.678096376086866
cell 64.48642582237467 37.89975079682597 0.0 1.6431676725154984 0.6085806194501846 1 0 0 0.9543192969248595 -0.2987886870630174 3.7484388658422323
cell 40.92980736115257 64.54975004703266 0.0 1.6431676725154984 0.6085806194501846 1 0 0 0.9382562671116698 -0.3459410025216367 3.8480757073431593
cell 14.74340791708837 60.556898893702325 0.0 1.6431676725154984 0.6085806194501846 1 0 0 0.9900572271074681 -0.14066515934043974 3.423859097559066
cell 37.221733101611505 5.418277733359416 0.0 1.6431676725154984 0.6085806194501846 1 0 0 0.9650023194798043 -0.2622413457077234 3.672280863415381
cell 2.599966590513972 56.57025214364418 0.0 1.6431676725154984 0.6085806194501846 1 0 0 0.9437518965633727 0.33065443855033494 2.467598784750035
cell 44.14836515806776 47.28763525893809 0.0 1.6431676725154984 0.6085806194501846 1 0 0 0.98284728285906 -0.18442130727376096 3.512558728904598
cell 44.14012623395276 50.43355390904114 0.0 1.6431676725154984 0.6085806194501846 1 0 0 0.8912215419344995 -0.45356825637592085 4.0831227744196585
cell 13.257565954073552 51.0108397139195 0.0 1.6431676725154984 0.6085806194501846 1 0 0 0.864328175200047 -0.5029282310184593 4.19555929119451
cell 46.26749069237781 37.979107195370815 0.0 1.6431676725154984 0.6085806194501846 1 0 0 0.9671383983896372 -0.25425050316632103 3.6557379751910073
cell 39.07301316712594 45.207106349594525 0.0 1.6431676725154984 0.6085806194501846 1 0 0 0.9437981713793281 -0.3305223316222921 3.8153065681542806
cell 35.01533879721139 49.82388519193424 0.0 1.0 1.0 1 0 0 0.0 1.0 0
cell 26.10301605422116 54.35659718548163 0.0 1.6431676725154984 0.6085806194501846 1 0 0 0.99686679737696 0.07909859851731166 2.983230027917115
cell 13.30274306575992 1.3212566489159598 0.0 1.0 1.0 1 0 0 0.0 1.0 0
cell 62.978202107258305 32.468695715790595 0.0 1.6431676725154984 0.6085806194501846 1 0 0 0.9942347827934583 -0.10722498162109767 3.35645568643621
cell 17.3143350433414 23.023526501331023 0.0 1.6431676725154984 0.6085806194501846 1 0 0 0.8212483297633838 0.5705709253553429 1.9271908944513185
cell 34.695081166754385 62.45488895716638 0.0 1.6431676725154984 0.6085806194501846 1 0 0 -0.9457930932840563 0.32476980262360683 3.8031293077381267
cell 61.68193179363781 60.154779055328966 0.0 1.6431676725154984 0.6085806194501846 1 0 0 0.8397439657779802 0.5429825705669293 1.993623034515295
cell 41.776542148899615 25.737477570793846 0.0 1.0 1.0 1 0 0 0.0 1.0 0
cell 31.239568450729276 61.44632588328112 0.0 1.6431676725154984 0.6085806194501846 1 0 0 0.9489614780282831 -0.31539199929353995 3.7833320698265047
cell 3.716819095463614 14.412477490355394 0.0 1.6431676725154984 0.6085806194501846 1 0 0 0.9253618261133236 0.37908507062691754 2.3639779137672727
cell 37.03661978478243 1.5655027452442798 0.0 1.6431676725154984 0.6085806194501846 1 0 0 0.8982121545896873 -0.4395621973593177 4.051815052798019
cell 29.464964215752175 62.232492560636594 0.0 1.6431676725154984 0.6085806194501846 1 0 0 0.9559738750806099 -0.293451785074418 3.737263852117934
cell 35.982582946790174 46.14835075253742 0.0 1.0 1.0 1 0 0 0.0 1.0 0
cell 20.75162830864135 35.08113029496408 0.0 1.6431676725154984 0.6085806194501846 1 0 0 0.8673491058703847 0.49770023964816834 2.0997021124815993
cell 36.78510300484497 31.892207791716068 0.0 1.6431676725154984 0.6085806194501846 1 0 0 0.9191887595959207 -0.3938172472511998 3.9511541743684093
cell 52.97766479754166 25.30920827614217 0.0 1.6431676725154984 0.6085806194501846 1 0 0 0.9899235645947131 0.1416027410048859 2.857432087014287
cell 46.29557440732012 1.0785068330041148 0.0 1.6431676725154984 0.6085806194501846 1 0 0 0.7297871540845935 0.683674417930867 1.636021144898334
cell 50.621049138488615 9.694632454935995 0.0 1.6431676725154984 0.6085806194501846 1 0 0 0.9565079852099133 0.2917061436268909 2.549572503469457
cell 45.50805323410313 54.927414268219444 0.0 1.6431676725154984 0.6085806194501846 1 0 0 0.9141257694635507 -0.4054307309549576 3.976492605238155
cell 43.573812088075364 26.489411176942983 0.0 1.0 1.0 1 0 0 0.0 1.0 0
cell 18.37199885146725 41.97212993534415 0.0 1.6431676725154984 0.6085806194501846 1 0 0 0.9999670081250209 0.00812297122328959 3.125346532479489
cell 21.89286319542779 35.372526214356164 0.0 1.6431676725154984 0.6085806194501846 1 0 0 0.9249444446361365 0.3801023208778776 2.361778818050952
cell 28.171500586150692 36.75509321145528 0.0 1.6431676725154984 0.6085806194501846 1 0 0 0.9663257695649895 -0.2573217967344214 3.6620919403396437
cell 50.60431515001674 26.470354638586727 0.0 1.6431676725154984 0.6085806194501846 1 0 0 0.9896334195031627 0.14361648583110878 2.8533630066134377
cell 50.977815537039774 0.6017079905321328 0.0 1.6431676725154984 0.6085806194501846 1 0 0 0.22406758750559969 0.974573607394239 0.45197238374026044
cell 6.593492134047248 51.986969807091306 0.0 1.6431676725154984 0.6085806194501846 1 0 0 0.9943001122281261 -0.10661747897570975 3.3552336759439445
cell 26.951513480634226 31.560577439553384 0.0 1.6431676725154984 0.6085806194501846 1 0 0 0.940109795967215 0.34087178165181325 2.445904532012447
cell 15.457513197490766 5.982175683306346 0.0 1.6431676725154984 0.6085806194501846 1 0 0 0.31735060530855663 0.9483082796803436 0.6458687295540096
cell 16.625035703345578 26.09470920941626 0.0 1.6431676725154984 0.6085806194501846 1 0 0 0.8345765804922451 0.5508919415764503 1.9747274599634248
cell 21.999524201490424 50.12934387613777 0.0 1.6431676725154984 0.6085806194501846 1 0 0 0.9941942031654257 -0.10760058732304435 3.3572112692609055
cell 10.515686604966266 39.58179622751185 0.0 1.6431676725154984 0.6085806194501846 1 0 0 0.9730879120833726 0.23043418877680133 2.6765449412439297
cell 21.04481344985525 29.61616067134688 0.0 1.6431676725154984 0.6085806194501846 1 0 0 0.6844711504487287 0.7290399469188185 1.5077560922876883
cell 63.50020666512003 41.631874831846666 0.0 1.6431676725154984 0.6085806194501846 1 0 0 0.32532808878801583 0.9456012027517398 0.6627173411142727
cell 54.64481863313086 29.289510421997516 0.0 1.6431676725154984 0.6085806194501846 1 0 0 0.9718862774773327 -0.23545076693706715 3.616957350218342
cell 63.46743441543694 21.920739872183617 0.0 1.6431676725154984 0.6085806194501846 1 0 0 0.9134204157667544 0.4070173756247877 2.3032199705073086
cell 21.94400900159257 44.64024560279394 0.0 1.6431676725154984 0.6085806194501846 1 0 0 -0.010527640632533268 0.9999445828558262 6.262129636964712
cell 51.547998756520705 32.80057032123849 0.0 1.0 1.0 1 0 0 0.0 1.0 0
cell 41.4671625059375 58.96743276565424 0.0 1.6431676725154984 0.6085806194501846 1 0 0 0.5160781259860283 0.8565415155605414 1.0845317387286018
cell 6.9319469529450135 33.88223472486017 0.0 1.6431676725154984 0.6085806194501846 1 0 0 0.9847282493438251 0.17409846335980558 2.791612302141967
cell 46.384466925248056 36.11139296442263 0.0 1.6431676725154984 0.6085806194501846 1 0 0 0.9031402396934792 -0.4293456736085796 4.029128954862464
cell 59.7813149337358 21.128561083590334 0.0 1.6431676725154984 0.6085806194501846 1 0 0 0.8062245739373325 0.5916096148471277 1.8754849210582099
cell 28.168232506629888 0.11991711783959819 0.0 1.6431676725154984 0.6085806194501846 1 0 0 0.9608821915636226 -0.27695742260479234 3.702845085534846
cell 38.16366595902774 50.00981720201139 0.0 1.0 1.0 1 0 0 0.0 1.0 0
cell 33.45054392599288 63.11865414151966 0.0 1.6431676725154984 0.6085806194501846 1 0 0 0.8201258654253423 -0.5721831567429553 4.359923390956005
cell 6.9498273736706935 64.32038140311602 0.0 1.6431676725154984 0.6085806194501846 1 0 0 0.9950242329404451 -0.09963320661947456 3.3411902271181764
cell 61.4773480968815 48.362422920451834 0.0 1.6431676725154984 0.6085806194501846 1 0 0 0.7977551553025838 -0.6029815189441137 4.436059132451864
cell 12.308383669456497 61.73359828801199 0.0 1.6431676725154984 0.6085806194501846 1 0 0 0.9135428371171632 -0.40674252882127315 3.979363580066594
cell 2.372880333021894 42.35539546912333 0.0 1.6431676725154984 0.6085806194501846 1 0 0 0.9081260133964595 -0.4186969593783235 4.005612607609548
cell 58.25592807204706 28.78149673237564 0.0 1.6431676725154984 0.6085806194501846 1 0 0 0.9943532672456158 -0.1061205913947384 3.3542342306393786
cell 35.41108021868546 54.11688445747701 0.0 1.6431676725154984 0.6085806194501846 1 0 0 0.9992032686133228 0.03991024921560934 3.061750949901663
cell 33.10042418646308 1.3261790891004601 0.0 1.6431676725154984 0.6085806194501846 1 0 0 0.8963711977593707 -0.44330427003067685 4.060155857348265
cell 42.42106755331567 40.32780445106262 0.0 1.6431676725154984 0.6085806194501846 1 0 0 0.9597353412957073 -0.2809058110257106 3.7110682383303457
cell 42.94958222268372 18.875901605031938 0.0 1.6431676725154984 0.6085806194501846 1 0 0 0.6768857493685304 -0.7360880941176831 4.796138212589886
cell 65.92300174896617 66.23002540489642 0.0 1.6431676725154984 0.6085806194501846 1 0 0 0.9918816712893681 0.12716426447791848 2.886573641017365
cell 21.2870622987163 15.160738749656336 0.0 1.6431676725154984 0.6085806194501846 1 0 0 0.9162963570279662 0.40050091897182705 2.317465736187641
cell 26.201215109070077 36.77051426765952 0.0 1.0 1.0 1 0 0 0.0 1.0 0
cell 25.949702109688367 39.13169495395292 0.0 1.0 1.0 1 0 0 0.0 1.0 0
cell 5.840779670356869 35.27903188782754 0.0 1.6431676725154984 0.6085806194501846 1 0 0 0.9980739717420773 0.06203504599010865 3.0174428460247014
cell 17.66437544650828 57.20214144263297 0.0 1.6431676725154984 0.6085806194501846 1 0 0 0.9969990833759192 -0.07741335639007602 3.2965744265337107
cell 61.01373334152665 63.72224288181458 0.0 1.6431676725154984 0.6085806194501846 1 0 0 0.9378865429230197 0.3469421170799342 2.432975189901476
cell 33.328508893731076 55.59324332300049 0.0 1.6431676725154984 0.6085806194501846 1 0 0 0.9994220172045338 0.033994580844901014 3.0735903900156307
cell 64.06103630477755 39.85344566795791 0.0 1.6431676725154984 0.6085806194501846 1 0 0 0.8564325039353191 -0.516259010771802 4.2265467800091425
cell 39.58936107563206 66.63020180793532 0.0 1.6431676725154984 0.6085806194501846 1 0 0 0.9621425470529105 -0.2725467283798101 3.693670608676639
cell 59.989479772869956 61.19723754515186 0.0 1.6431676725154984 0.6085806194501846 1 0 0 0.8565965635192929 0.5159867511544632 2.0572742656298058
cell 47.12121170331683 55.03172207983339 0.0 1.6431676725154984 0.6085806194501846 1 0 0 0.9020603028394779 -0.43161002078398203 4.034146338658865
cell 62.46480043738615 30.181483204853233 0.0 1.6431676725154984 0.6085806194501846 1 0 0 0.9973835156912246 0.07229192643312743 2.9968825681386484
cell 65.19731585545131 55.94654363615707 0.0 1.6431676725154984 0.6085806194501846 1 0 0 0.9060203867731303 0.4232340472498253 2.2675689238843098
cell 22.917042943072932 48.74854851667225 0.0 1.0 1.0 1 0 0 0.0 1.0 0
cell 22.324271164702175 46.941674146601464 0.0 1.0 1.0 1 0 0 0.0 1.0 0
cell 23.740534002675837 45.617090926656815 0.0 1.6431676725154984 0.6085806194501846 1 0 0 -0.00021815418724425648 -0.999999976204375 0.0004363083779495014
cell 42.77230859044743 41.90366167224861 0.0 1.6431676725154984 0.6085806194501846 1 0 0 0.9236720210713846 -0.38318402561941906 3.928074615144015
cell 65.84953915582778 50.654708604599406 0.0 1.6431676725154984 0.6085806194501846 1 0 0 0.9999181274222047 -0.012796032684849228 3.1671854174118197
cell 63.59406589179114 4.395404596626889 0.0 1.6431676725154984 0.6085806194501846 1 0 0 -0.9792056457269827 -0.20287016383983833 2.733016353559433
cell 15.91839289304003 41.21641276040045 0.0 1.6431676725154984 0.6085806194501846 1 0 0 -0.9999977962898209 0.0020993845531414794 3.1457914257803687
cell 20.702550899577627 56.89199597969876 0.0 1.6431676725154984 0.6085806194501846 1 0 0 0.999994406322196 -0.003344745777868932 3.1482821576185125
cell 15.76705921211998 58.941095217840164 0.0 1.6431676725154984 0.6085806194501846 1 0 0 0.9973684011937856 -0.072500153793989 3.2867202894307237
cell 13.682447217581888 3.307025001569931 0.0 1.0 1.0 1 0 0 0.0 1.0 0
cell 15.881350071643176 37.3442638967569 0.0 1.6431676725154984 0.6085806194501846 1 0 0 0.9425671284292982 0.334016778627282 2.4604688423142256
cell 19.071658927674545 52.432757258837015 0.0 1.6431676725154984 0.6085806194501846 1 0 0 0.9911834733552056 -0.13249649862358737 3.407367180289951
cell 42.34869161770563 15.92932644854162 0.0 1.6431676725154984 0.6085806194501846 1 0 0 -0.719514422726511 0.6944774981873318 4.6769795722851395
cell 11.669967596719628 5.0440413401066895 0.0 1.6431676725154984 0.6085806194501846 1 0 0 0.8633003166668821 0.5046905618721842 2.0835456705850293
cell 21.51818375907205 26.93197971588373 0.0 1.6431676725154984 0.6085806194501846 1 0 0 0.6809392833257326 0.7323398749377489 1.4980888991494592
cell 9.447246558866498 45.74568582614638 0.0 1.6431676725154984 0.6085806194501846 1 0 0 0.9994906432098186 -0.031913228229420824 3.2054299490700355
cell 23.61877893818283 63.78041154105441 0.0 1.6431676725154984 0.6085806194501846 1 0 0 0.9999481781354206 -0.01018042453207591 3.1619538543736234
cell 40.09985553934348 31.986770614177246 0.0 1.6431676725154984 0.6085806194501846 1 0 0 0.8778686577654025 -0.47890147182188814 4.140398506442033
cell 34.04620132758986 33.01417285718933 0.0 1.0 1.0 1 0 0 0.0 1.0 0
cell 66.72385182140627 60.299601224922775 0.0 1.6431676725154984 0.6085806194501846 1 0 0 0.9719517696736043 -0.23518026581401077 3.6164007171763934
cell 35.32488482347968 14.819374822539888 0.0 1.6431676725154984 0.6085806194501846 1 0 0 0.34043021891054276 0.940269783653883 0.6947488160500164
cell 49.85189812430988 27.70103566411736 0.0 1.6431676725154984 0.6085806194501846 1 0 0 0.9896311965498283 0.14363180293846847 2.853332051465278
cell 29.092785830800956 65.28492655219918 0.0 1.6431676725154984 0.6085806194501846 1 0 0 0.9419389047425132 -0.33578430536949555 3.826468166781514
cell 9.585906875470755 57.10366752857443 0.0 1.6431676725154984 0.6085806194501846 1 0 0 0.9899288521627383 -0.14156577148365848 3.425678528696561
cell 14.409149356646592 56.98997839006068 0.0 1.6431676725154984 0.6085806194501846 1 0 0 0.9992272328593418 0.03930568803955455 3.0629610218199343
cell 51.694138700259465 29.95240505329814 0.0 1.6431676725154984 0.6085806194501846 1 0 0 0.9775487131581129 -0.2107095474887588 3.5661941469132468
cell 65.7982041015047 5.644196578670596 0.0 1.6431676725154984 0.6085806194501846 1 0 0 0.9905075721726967 0.137458173523985 2.865803115632032
cell 4.770151320540998 1.7295316749511271 0.0 1.6431676725154984 0.6085806194501846 1 0 0 0.9075008388186785 0.420050267876828 2.274591231772879
cell 36.144909991535556 35.753824471317486 0.0 1.6431676725154984 0.6085806194501846 1 0 0 0.9154237949141184 -0.40249133618630106 3.9700661223555858
cell 37.75167132258958 30.241722557826204 0.0 1.6431676725154984 0.6085806194501846 1 0 0 0.9431582321958853 -0.33234402212335995 3.819168215263171
cell 45.283506087767414 13.86160453056096 0.0 1.6431676725154984 0.6085806194501846 1 0 0 0.7854835382662207 -0.6188825503379284 4.476231209726822
cell 44.23587371483016 39.1219433747471 0.0 1.6431676725154984 0.6085806194501846 1 0 0 0.9343875898939449 -0.35625809724437846 3.8701129789801345
cell 28.100889026606367 50.132178615583854 0.0 1.0 1.0 1 0 0 0.0 1.0 0
cell 42.921684734418164 61.90466248167343 0.0 1.6431676725154984 0.6085806194501846 1 0 0 0.534588853256784 0.8451122753655852 1.1280423453636739
cell 28.899161769338185 55.062952704834544 0.0 1.6431676725154984 0.6085806194501846 1 0 0 0.9596217688006088 0.2812935492399193 2.5713090103448706
cell 6.406263809265806 39.33022629145787 0.0 1.6431676725154984 0.6085806194501846 1 0 0 0.9980325044634403 0.06269864459805347 3.0161130600810995
cell 4.909912949682362 46.01355112699858 0.0 1.0 1.0 1 0 0 0.0 1.0 0
cell 33.06818149833807 38.77740651854936 0.0 1.6431676725154984 0.6085806194501846 1 0 0 -0.22178262105620147 0.975096133208127 5.835900825919749
cell 11.642720491994726 31.60594460459771 0.0 1.6431676725154984 0.6085806194501846 1 0 0 0.67432924628339 0.7384308143671113 1.480111949821327
cell 33.01868454923613 4.764676941246455 0.0 1.6431676725154984 0.6085806194501846 1 0 0 0.8508406855988195 -0.5254237601495869 4.248018824213248
cell 8.871081109983304 34.44124273479183 0.0 1.6431676725154984 0.6085806194501846 1 0 0 0.9924131942479054 0.12294735411007936 2.895074200269745
cell 53.00006656873331 27.818439111018257 0.0 1.6431676725154984 0.6085806194501846 1 0 0 0.9915689653522761 -0.1295800407092725 3.4014835293529098
cell 61.005313722501995 11.168300239393012 0.0 1.6431676725154984 0.6085806194501846 1 0 0 0.9869193721492807 0.1612146174404463 2.8177501624809196
cell 42.31984125470534 30.192076611625385 0.0 1.6431676725154984 0.6085806194501846 1 0 0 0.9188608975383049 -0.39458161510022316 3.952817606696244
cell 20.168611383344548 6.686756542962477 0.0 1.0 1.0 1 0 0 0.0 1.0 0
cell 38.87934097264871 63.7871526831108 0.0 1.6431676725154984 0.6085806194501846 1 0 0 0.9071911728703321 -0.4207186421661764 4.01006732652551
cell 3.688166984129385 3.870600010809505 0.0 1.6431676725154984 0.6085806194501846 1 0 0 0.9757617601092832 0.21883552615705182 2.7003508321615732
cell 34.75897582498707 29.37072215568502 0.0 1.6431676725154984 0.6085806194501846 1 0 0 0.9999291252908796 0.011905645510280352 3.1177808000138425
cell 21.81542301810066 18.390713569032567 0.0 1.6431676725154984 0.6085806194501846 1 0 0 0.7682807695796104 0.6401130049406601 1.7523019642059587
cell 26.816359440067465 60.389855311418835 0.0 1.6431676725154984 0.6085806194501846 1 0 0 0.9696880790831326 -0.24434612598538255 3.635283296438744
cell 62.162165660024314 12.054664410415624 0.0 1.6431676725154984 0.6085806194501846 1 0 0 0.9914100850877555 0.13079007296537945 2.8792609409340204
cell 14.48289073507484 33.220022293192024 0.0 1.6431676725154984 0.6085806194501846 1 0 0 0.7969819089310498 0.6040031761809038 1.8445636028281087
cell 49.571142360112646 52.86461669179625 0.0 1.6431676725154984 0.6085806194501846 1 0 0 0.9673500881366534 -0.25344389316377103 3.6540701235363238
cell 30.45156616263112 57.624760856393415 0.0 1.6431676725154984 0.6085806194501846 1 0 0 0.9999997542603661 -0.000701055780529192 3.142994765265703
cell 27.934365968228516 65.90938879589258 0.0 1.6431676725154984 0.6085806194501846 1 0 0 0.9829851561347316 -0.18368500978244606 3.511060539247577
cell 41.871692872033805 23.367126395378545 0.0 1.6431676725154984 0.6085806194501846 1 0 0 0.8352445208065639 -0.549878705227447 4.306030674092387
cell 36.295943322786286 26.46728789333245 0.0 1.6431676725154984 0.6085806194501846 1 0 0 0.980547442261127 0.19628222913743848 2.7464627615327606
cell 22.632346854041767 27.978525833915498 0.0 1.6431676725154984 0.6085806194501846 1 0 0 0.8617386575807213 0.5073524278358942 2.077373372125127
cell 45.01479237562689 57.4960835499181 0.0 1.6431676725154984 0.6085806194501846 1 0 0 0.8900290086671278 -0.4559038974729322 4.088367718220822
cell 51.325222246669796 31.078960190832625 0.0 1.6431676725154984 0.6085806194501846 1 0 0 0.9416625602856284 -0.336558497970732 3.8281122354914072
cell 39.14054862620868 26.30322684165355 0.0 1.6431676725154984 0.6085806194501846 1 0 0 0.997659099596569 -0.0683836310249999 3.2784667351810195
cell 41.27168052262985 34.895806746116534 0.0 1.6431676725154984 0.6085806194501846 1 0 0 0.8287503471150595 -0.5596184969750986 4.329443439858012
cell 63.09468617048704 0.725196060404167 0.0 1.6431676725154984 0.6085806194501846 1 0 0 0.9435124575951755 0.3313370525050164 2.4661520050799584
cell 23.97943102884006 1.9008738371631315 0.0 1.0 1.0 1 0 0 0.0 1.0 0
cell 47.43721756990059 49.21278843538207 0.0 1.6431676725154984 0.6085806194501846 1 0 0 0.9617803820540459 -0.27382201645589704 3.6963220410599513
cell 6.287047462022528 42.48313260192484 0.0 1.6431676725154984 0.6085806194501846 1 0 0 0.9911557826282926 -0.1327034836110066 3.407784838339232
cell 26.961811882178583 27.70053283504203 0.0 1.6431676725154984 0.6085806194501846 1 0 0 0.9688607474842656 0.24760624383126936 2.6411750926921043
cell 17.032748428957486 49.79428148276764 0.0 1.6431676725154984 0.6085806194501846 1 0 0 0.9917033438904702 -0.1285475698582429 3.3994011713167556
cell 59.31753990941322 50.315178400032714 0.0 1.6431676725154984 0.6085806194501846 1 0 0 0.6817328016516916 0.7316012487360416 1.5002570689902055
cell 44.662133092414734 36.061457536846135 0.0 1.6431676725154984 0.6085806194501846 1 0 0 0.9562671124819849 -0.2924948026638539 3.7352620493391084
cell 22.529157198511648 64.75973940307189 0.0 1.6431676725154984 0.6085806194501846 1 0 0 0.9789024480035915 -0.20432816079183957 3.553147331958349
cell 62.20314905631288 61.6638649769447 0.0 1.6431676725154984 0.6085806194501846 1 0 0 0.9529084561700442 0.3032580982589304 2.5253728298064924
cell 35.947306403990495 48.25164409269492 0.0 1.6431676725154984 0.6085806194501846 1 0 0 0.8602439631882489 -0.5098826568909504 4.211689409550613
cell 37.93075483794558 64.4571746970837 0.0 1.6431676725154984 0.6085806194501846 1 0 0 -0.9348036894923548 0.35516483794356835 3.8677734448977685
cell 38.23695367504686 32.312572728731375 0.0 1.6431676725154984 0.6085806194501846 1 0 0 0.8678896473784229 -0.4967570432045798 4.181308977809543
cell 17.150171361612955 55.100797696768545 0.0 1.6431676725154984 0.6085806194501846 1 0 0 0.9986139123010385 -0.05263320395732993 3.2469077246437816
cell 64.6238563524898 48.14521194705879 0.0 1.6431676725154984 0.6085806194501846 1 0 0 0.9885435625350438 -0.15093583063846672 3.444622414959674
cell 26.32798194766421 64.58457140780553 0.0 1.6431676725154984 0.6085806194501846 1 0 0 0.9893970405849587 -0.14523600132792672 3.433095651164762
cell 34.05589867946927 10.846259663423728 0.0 1.6431676725154984 0.6085806194501846 1 0 0 0.936589916322525 -0.35042735144815046 3.857647352000029
cell 8.683999807263133 39.611534715162215 0.0 1.6431676725154984 0.6085806194501846 1 0 0 0.9450426649006263 0.32694703166953915 2.475450146026072
cell 45.23991207673343 23.12480560560093 0.0 1.6431676725154984 0.6085806194501846 1 0 0 0.9948195728082873 0.10165636998012852 2.937928102225969
cell 60.74372562798675 13.381585050136314 0.0 1.6431676725154984 0.6085806194501846 1 0 0 -0.9990263847660114 -0.04411669232108775 3.0533306226686476
cell 11.941311347355095 40.145569600996986 0.0 1.6431676725154984 0.6085806194501846 1 0 0 0.9927986924175005 0.1197946423430582 2.9014265884208794
cell 51.976224610532995 60.11563503007261 0.0 1.6431676725154984 0.6085806194501846 1 0 0 0.4243730598132922 0.9054874411634343 0.8765387890296561
cell 16.568287255920726 21.171206695458245 0.0 1.6431676725154984 0.6085806194501846 1 0 0 0.7229247746840606 0.6909267473097276 1.6160522329983187
cell 42.46902790943301 50.55569825133012 0.0 1.6431676725154984 0.6085806194501846 1 0 0 0.943570394480631 -0.3311720257806604 3.8166834992835965
cell 44.17887612020594 32.90416523126223 0.0 1.6431676725154984 0.6085806194501846 1 0 0 0.9062365747138447 -0.4227709434799396 4.014594224143132
cell 64.36781151163929 60.21502890880272 0.0 1.6431676725154984 0.6085806194501846 1 0 0 0.7453723341510462 0.666648395694628 1.6821863667610162
cell 10.741774940436194 63.78636040673834 0.0 1.6431676725154984 0.6085806194501846 1 0 0 0.9944274812935071 -0.10542288389269024 3.3528309437784474
cell 58.32187366906464 10.359654430684285 0.0 1.6431676725154984 0.6085806194501846 1 0 0 0.9747738185076389 0.22319498818754147 2.6914108162614863
cell 22.08716429344233 55.77163784149986 0.0 1.6431676725154984 0.6085806194501846 1 0 0 0.9993060231900247 0.037248785431713644 3.0670778447456413
cell 4.351637326037318 40.97023212581978 0.0 1.6431676725154984 0.6085806194501846 1 0 0 0.9876630301382682 -0.15659418539043632 3.4560753456610502
cell 7.76329133602622 4.601526622011855 0.0 1.6431676725154984 0.6085806194501846 1 0 0 0.999992975107739 -0.0037482976366408995 3.1490892664173824
cell 4.996897824754223 52.56195398413884 0.0 1.6431676725154984 0.6085806194501846 1 0 0 0.9884940612267125 -0.15125968041590107 3.4452776372389984
cell 27.922827946297296 44.10985377108799 0.0 1.6431676725154984 0.6085806194501846 1 0 0 -0.08512218794984217 -0.996370519996769 0.17045064157161693
cell 51.037336249783195 57.811784196092205 0.0 1.6431676725154984 0.6085806194501846 1 0 0 0.9350753143862695 -0.35444908862263885 3.86624233131344
cell 14.539774377022514 39.1127945412687 0.0 1.6431676725154984 0.6085806194501846 1 0 0 0.9870460803644625 0.16043701330164123 2.8193258822537084
cell 30.707123741435947 63.98517652926155 0.0 1.6431676725154984 0.6085806194501846 1 0 0 0.9496939752743413 -0.3131794267310975 3.778670725806388
cell 32.81669529356772 42.200245110558555 0.0 1.0 1.0 1 0 0 0.0 1.0 0
cell 42.19018860026795 34.41532746239366 0.0 1.6431676725154984 0.6085806194501846 1 0 0 0.8931953923927646 -0.4496687569848891 4.074381559048761
cell 42.53945667319303 0.8265229235718179 0.0 1.6431676725154984 0.6085806194501846 1 0 0 0.9699908809820235 -0.24314129803823528 3.632798704262406
cell 49.68169801972015 12.041573104999914 0.0 1.6431676725154984 0.6085806194501846 1 0 0 0.5102512632932764 -0.8600253765486316 5.212231461254608
cell 35.67948271552965 42.58203602435777 0.0 1.0 1.0 1 0 0 0.0 1.0 0
cell 32.21581994101838 40.17202119130244 0.0 1.6431676725154984 0.6085806194501846 1 0 0 -0.16640154001470842 0.9860580751054845 5.948826911529296
cell 11.72865399540306 1.9236258718667631 0.0 1.6431676725154984 0.6085806194501846 1 0 0 0.5713476871312065 0.8207081213256153 1.216294042499347
cell 20.3001186602724 30.8551774979619 0.0 1.6431676725154984 0.6085806194501846 1 0 0 0.5715984434999432 0.8205334968107288 1.2169051807108437
cell 44.75737969423969 40.92683409417398 0.0 1.6431676725154984 0.6085806194501846 1 0 0 0.9317504752960442 -0.36309923132057975 3.88477663877667
cell 64.90425423228322 36.35402536759453 0.0 1.6431676725154984 0.6085806194501846 1 0 0 0.9971380997892301 0.07560165308194979 2.9902449391749713
cell 21.290315180047124 66.93974835226562 0.0 1.0 1.0 1 0 0 0.0 1.0 0
cell 52.44983382543837 46.731752279182544 0.0 1.6431676725154984 0.6085806194501846 1 0 0 0.7905875875938935 0.6123489743132324 1.8235359343795758
cell 21.207129535780126 21.130937109481398 0.0 1.6431676725154984 0.6085806194501846 1 0 0 0.797219012102059 -0.6036901910276637 4.437836395184761
cell 31.256528359720534 16.777754242320995 0.0 1.6431676725154984 0.6085806194501846 1 0 0 0.8788278594618093 -0.47713896658497135 4.13638528132719
cell 40.603554827089454 36.09455009011641 0.0 1.0 1.0 1 0 0 0.0 1.0 0
cell 14.637377421086812 50.88573492498283 0.0 1.6431676725154984 0.6085806194501846 1 0 0 0.9394340256708336 -0.34272979358656813 3.8412349502348055
cell 65.89998717070988 4.07433397882735 0.0 1.6431676725154984 0.6085806194501846 1 0 0 0.9459792987983501 0.3242270288624651 2.4812036507096984
cell 53.368076346322795 23.22729461348134 0.0 1.6431676725154984 0.6085806194501846 1 0 0 0.9976171004966142 0.06899362866764151 3.003495688422632
cell 51.853707033140864 18.300658733977524 0.0 1.0 1.0 1 0 0 0.0 1.0 0
cell 41.695216750589935 18.35896707753033 0.0 1.6431676725154984 0.6085806194501846 1 0 0 -0.7303956101074497 0.6830243427109801 4.645383357322094
cell 46.05408838711662 34.19317087253533 0.0 1.6431676725154984 0.6085806194501846 1 0 0 0.5262998860663901 0.8502990238301493 1.108486262065641
cell 30.185494146160693 36.52160744852884 0.0 1.6431676725154984 0.6085806194501846 1 0 0 0.9986459508180233 -0.05202177346809805 3.245683186001772
cell 29.154624983816337 60.991879015529264 0.0 1.6431676725154984 0.6085806194501846 1 0 0 0.9708210390139436 -0.23980515050325135 3.625922933942224
cell 60.7308772260765 31.2289610364887 0.0 1.6431676725154984 0.6085806194501846 1 0 0 0.9988843473405945 -0.047223517848149724 3.2360748283299623
cell 30.25690838002342 19.63945959121149 0.0 1.6431676725154984 0.6085806194501846 1 0 0 -0.11073923428478616 -0.993849496649276 0.22193365664200915
cell 38.97620036013998 53.69750690064044 0.0 1.6431676725154984 0.6085806194501846 1 0 0 0.5945083377942452 0.8040894454556182 1.2733081165094982
cell 51.67426395855252 28.426830833674288 0.0 1.6431676725154984 0.6085806194501846 1 0 0 0.993301458081226 -0.11555177789073784 3.3732136149342065
cell 42.24455640673265 5.766913530249125 0.0 1.6431676725154984 0.6085806194501846 1 0 0 0.9988722046777402 -0.04747966640816633 3.2365877007484842
cell 26.56509284902543 57.83639049939245 0.0 1.6431676725154984 0.6085806194501846 1 0 0 0.9970551745873244 0.07668754024377102 2.9880668412574836
cell 34.869015160545985 38.7025514847799 0.0 1.0 1.0 1 0 0 0.0 1.0 0
cell 8.889130080250625 61.89341809001889 0.0 1.6431676725154984 0.6085806194501846 1 0 0 0.9424128102220725 -0.334451932464646 3.8236398780449092
cell 36.37228624690299 52.75932830741279 0.0 1.6431676725154984 0.6085806194501846 1 0 0 0.1448771207024106 0.9894496550593057 0.29077756366971175
cell 27.001790014533952 26.37788661900227 0.0 1.6431676725154984 0.6085806194501846 1 0 0 0.9556592960955324 0.29447463351907177 2.543781194341208
cell 60.42426153135474 49.340539521821455 0.0 1.6431676725154984 0.6085806194501846 1 0 0 0.7735598263070508 -0.6337232796132752 4.5143065612632896
cell 55.394340217740876 11.825788548317277 0.0 1.6431676725154984 0.6085806194501846 1 0 0 0.9815211674671954 0.1913535936789109 2.756510575493333
cell 18.321521540461116 35.5374467191565 0.0 1.6431676725154984 0.6085806194501846 1 0 0 0.9089806968949993 0.4168382092278508 2.2816643679165116
cell 9.786396260774652 54.96048391858502 0.0 1.6431676725154984 0.6085806194501846 1 0 0 0.9889456622019688 -0.14827837742540054 3.439247009460433
cell 59.68267461052522 8.858604786897244 0.0 1.6431676725154984 0.6085806194501846 1 0 0 -0.9843219717657209 -0.17638099642320673 2.7869754838088596
cell 59.62778539033835 63.43059190058112 0.0 1.6431676725154984 0.6085806194501846 1 0 0 0.9070154398866207 0.4210973661842115 2.2722829621730045
cell 46.75798678920882 20.007635954788547 0.0 1.6431676725154984 0.6085806194501846 1 0 0 0.9677434453478202 -0.2519377383131208 3.6509567762578774
cell 0.7669891690734494 48.11223555593391 0.0 1.6431676725154984 0.6085806194501846 1 0 0 0.9986356518330805 0.052219104625783004 3.037106921709135
cell 26.751901864550373 3.715648190811729 0.0 1.0 1.0 1 0 0 0.0 1.0 0
cell 36.95369387153921 58.37327590690004 0.0 1.6431676725154984 0.6085806194501846 1 0 0 0.9838332513469356 -0.17908694409173892 3.501709279779005
cell 32.07520780662981 58.75911209008705 0.0 1.6431676725154984 0.6085806194501846 1 0 0 0.9959254506940715 -0.09018035628567105 3.3221987289769714
cell 28.13492036931158 2.3343092965392205 0.0 1.0 1.0 1 0 0 0.0 1.0 0
cell 54.05321845823469 9.002922668722146 0.0 1.6431676725154984 0.6085806194501846 1 0 0 0.6859702413450459 0.7276295953223861 1.5118725794486287
cell 23.856136188046968 56.51651875016137 0.0 1.6431676725154984 0.6085806194501846 1 0 0 0.999122726552763 0.0418781241911908 3.057811904231992
cell 55.76210583028864 33.69573975680721 0.0 1.6431676725154984 0.6085806194501846 1 0 0 0.9108776219963601 -0.41267657765646953 3.9923738001173055
cell 42.96076497861917 12.973165747726359 0.0 1.6431676725154984 0.6085806194501846 1 0 0 0.6884419843252487 -0.7252914133079985 4.76450784135108
cell 43.97002997566619 37.12147462942261 0.0 1.6431676725154984 0.6085806194501846 1 0 0 0.8860854283642093 -0.4635219667293187 4.105524321154571
cell 29.894862115048852 49.5082237021257 0.0 1.0 1.0 1 0 0 0.0 1.0 0
cell 52.70433337821116 13.61684791414582 0.0 1.6431676725154984 0.6085806194501846 1 0 0 -0.9414041658639456 -0.33728059015307843 2.453539207514541
cell 41.20442888609297 20.87544875558931 0.0 1.0 1.0 1 0 0 0.0 1.0 0
cell 58.05585694261678 48.212500924488616 0.0 1.6431676725154984 0.6085806194501846 1 0 0 0.6277827017608951 0.7783886428833549 1.3574027064154828
cell 52.748256313918326 36.18668912977571 0.0 1.0 1.0 1 0 0 0.0 1.0 0
cell 48.42272985486934 31.704060323133188 0.0 1.0 1.0 1 0 0 0.0 1.0 0
cell 34.44874005256428 5.177468040089921 0.0 1.6431676725154984 0.6085806194501846 1 0 0 0.821150683810362 -0.5707114458969391 4.35633664513365
cell 25.068141780919397 34.967908428773946 0.0 1.6431676725154984 0.6085806194501846 1 0 0 0.9679355019641518 0.25119885357502236 2.6337554054134467
cell 19.684449916830957 37.580383473469425 0.0 1.6431676725154984 0.6085806194501846 1 0 0 0.9265690544488867 0.37612469652722347 2.370372043503348
cell 48.00670855685835 11.763826308968016 0.0 1.0 1.0 1 0 0 0.0 1.0 0
cell 22.800362492859854 3.5196768648288757 0.0 1.0 1.0 1 0 0 0.0 1.0 0
cell 26.80687834386147 35.26870343966421 0.0 1.6431676725154984 0.6085806194501846 1 0 0 0.9982116861853965 0.05977816961824384 3.0219649952499625
cell 56.18823200235225 24.68289317671682 0.0 1.6431676725154984 0.6085806194501846 1 0 0 0.9929246678650551 0.11874596391065316 2.9035390243339343
cell 24.35252868139878 28.24019241466707 0.0 1.6431676725154984 0.6085806194501846 1 0 0 0.9725602950397174 0.232650967142322 2.671987534826493
cell 42.31719724410401 38.89960633161122 0.0 1.6431676725154984 0.6085806194501846 1 0 0 0.9648861373774267 -0.2626685019123338 3.6731662124025046
cell 59.05798653427778 26.02234287629879 0.0 1.6431676725154984 0.6085806194501846 1 0 0 0.973600725811481 0.22825780753209143 2.6810169051637636
cell 15.437244597108501 22.98904912862258 0.0 1.6431676725154984 0.6085806194501846 1 0 0 0.7252638007118704 0.6884710737401916 1.6228349718145716
cell 5.420467378404535 54.80879253859452 0.0 1.6431676725154984 0.6085806194501846 1 0 0 0.9658023181618923 -0.25927954457132724 3.666144978395119
cell 54.150592075885804 35.17940687628191 0.0 1.6431676725154984 0.6085806194501846 1 0 0 0.8663076084126939 -0.4995108883760979 4.187660833914944
cell 26.454126276120306 45.64951036023863 0.0 1.6431676725154984 0.6085806194501846 1 0 0 -0.26256143202116405 0.964915278361264 5.751833677711908
cell 25.119115092495292 41.12332727958454 0.0 1.0 1.0 1 0 0 0.0 1.0 0
cell 48.1150265719896 26.652374590401866 0.0 1.6431676725154984 0.6085806194501846 1 0 0 -0.12470451827718985 0.9921939241505433 6.0331252688442305
cell 57.5862228033425 30.68924651240236 0.0 1.6431676725154984 0.6085806194501846 1 0 0 0.9772790387888942 -0.21195678886002936 3.568746271929447
cell 32.807267828114064 66.31957326596866 0.0 1.6431676725154984 0.6085806194501846 1 0 0 0.9102498287853334 -0.4140594754335072 3.995411253669798
cell 33.25922540998748 31.716219093503934 0.0 1.0 1.0 1 0 0 0.0 1.0 0
cell 62.28900137674648 37.10689726054986 0.0 1.6431676725154984 0.6085806194501846 1 0 0 0.9113244726649052 -0.41168884551567875 3.9902055838762083
cell 19.12592424157754 47.60276016835734 0.0 1.0 1.0 1 0 0 0.0 1.0 0
cell 20.835203651629083 38.18476432614029 0.0 1.6431676725154984 0.6085806194501846 1 0 0 0.979383192401798 0.20201129285478736 2.7347704142653426
cell 3.068216084029096 6.2321394195944775 0.0 1.6431676725154984 0.6085806194501846 1 0 0 0.9984489190986442 0.05567545195819258 3.0301841425103375
cell 12.938256604172096 13.437484403992464 0.0 1.6431676725154984 0.6085806194501846 1 0 0 0.2891121859891004 -0.9572952229655196 5.696586730266493
cell 22.006498251738236 1.8073798021171272 0.0 1.0 1.0 1 0 0 0.0 1.0 0
cell 9.134714736117022 13.738381986626967 0.0 1.6431676725154984 0.6085806194501846 1 0 0 0.8700052822004882 0.49304240075600875 2.11042606785747
cell 14.358428511672546 54.18152217794109 0.0 1.6431676725154984 0.6085806194501846 1 0 0 0.9745743819424347 -0.22406421861047213 3.5935581237552077
cell 60.74671953263299 65.33753885062092 0.0 1.6431676725154984 0.6085806194501846 1 0 0 0.95941621589316 0.28199383801999894 2.569849344085879
cell 36.31606691682124 62.240990432233986 0.0 1.6431676725154984 0.6085806194501846 1 0 0 0.9528396413456259 -0.3034742458271193 3.7582661523735705
cell 23.008257179279184 0.25046768057730223 0.0 1.0 1.0 1 0 0 0.0 1.0 0
cell 50.55610532768525 42.109011601473966 0.0 1.6431676725154984 0.6085806194501846 1 0 0 0.76668158961144 0.6420275228920296 1.7473128725918043
cell 62.35015532365572 38.99483941416812 0.0 1.6431676725154984 0.6085806194501846 1 0 0 0.8819135286822202 -0.47141120895379107 4.123373177526634
cell 64.94968332063999 62.05780015932232 0.0 1.6431676725154984 0.6085806194501846 1 0 0 0.8636607071012078 0.5040735888830536 2.0849747079619942
cell 15.50162275844057 57.89012768819888 0.0 1.6431676725154984 0.6085806194501846 1 0 0 0.9999950782701198 0.0031374249850886758 3.1353177933252234
cell 46.75348684332293 8.580012294214232 0.0 1.6431676725154984 0.6085806194501846 1 0 0 0.9252740555457156 -0.3792992514281883 3.9196703279148535
cell 24.536117569328507 29.803507123929045 0.0 1.6431676725154984 0.6085806194501846 1 0 0 0.9028796460001439 0.429893411020284 2.252843215298534
cell 28.68645628323986 59.822921703741294 0.0 1.6431676725154984 0.6085806194501846 1 0 0 0.9952414344521 -0.0974396590189354 3.336781676544644
cell 7.4868631825164575 49.023929409544 0.0 1.6431676725154984 0.6085806194501846 1 0 0 0.9891536419320339 -0.1468845555277805 3.4364285024946195
cell 1.5625429236868968 40.217831352313155 0.0 1.6431676725154984 0.6085806194501846 1 0 0 0.9672093825577646 -0.2539803344596346 3.6551792986022558
cell 43.48929765761171 24.364804630669102 0.0 1.6431676725154984 0.6085806194501846 1 0 0 0.8991504717603499 -0.4376396110193182 4.047536371181872
cell 39.52102505306622 5.778406666813913 0.0 1.6431676725154984 0.6085806194501846 1 0 0 0.9674279018704948 -0.253146705849498 3.6534557123460565
cell 34.92586583166119 0.4619403941933657 0.0 1.6431676725154984 0.6085806194501846 1 0 0 0.9176391367080883 -0.397414663521157 3.958988140038621
cell 5.177066963612748 43.397821584815176 0.0 1.6431676725154984 0.6085806194501846 1 0 0 0.9975438506655565 -0.07004474283865855 3.2817969456333325
cell 26.283252029248015 47.89478892640267 0.0 1.0 1.0 1 0 0 0.0 1.0 0
cell 25.967873736833923 7.470244311749678 0.0 1.6431676725154984 0.6085806194501846 1 0 0 0.8774283773226385 -0.4797076637588373 4.142235669871687
cell 30.78356377877207 1.9374582473332922 0.0 1.6431676725154984 0.6085806194501846 1 0 0 0.9202206346267526 -0.3914000301573017 3.945897670383951
cell 7.61419564384313 30.891507240426694 0.0 1.6431676725154984 0.6085806194501846 1 0 0 -0.28500641662181225 0.9585256086742774 5.705159062321378
cell 11.088793925665746 44.98897112926525 0.0 1.6431676725154984 0.6085806194501846 1 0 0 0.9910984474297174 -0.13313101630500546 3.408647558530995
cell 10.361098754241011 14.124310920024714 0.0 1.6431676725154984 0.6085806194501846 1 0 0 0.9153605804378881 0.4026350801661631 2.3128051249456187
cell 64.2599269262437 25.149696961616566 0.0 1.6431676725154984 0.6085806194501846 1 0 0 0.9669209021703029 0.25507639825387113 2.625739225030101
cell 37.86608231487723 36.397562512674774 0.0 1.6431676725154984 0.6085806194501846 1 0 0 0.9431645484399204 -0.33232609672747815 3.8191302039618917
cell 34.72187936826593 45.098151140488646 0.0 1.0 1.0 1 0 0 0.0 1.0 0
cell 32.626821093746166 2.5150562425484764 0.0 1.6431676725154984 0.6085806194501846 1 0 0 0.9035186748696221 -0.4285487185394935 4.027364471238091
cell 16.474710448076756 0.43793570292876854 0.0 1.0 1.0 1 0 0 0.0 1.0 0
cell 14.834891653258085 47.01442254340453 0.0 1.6431676725154984 0.6085806194501846 1 0 0 0.18136341346463472 0.9834161439881165 0.36474535981530704
cell 19.12806715349735 24.00679981589341 0.0 1.6431676725154984 0.6085806194501846 1 0 0 0.7097004958140866 0.7045035175506505 1.578145980480447
cell 10.721810119083765 37.4041680810751 0.0 1.6431676725154984 0.6085806194501846 1 0 0 0.8338037483517764 0.5520609651429157 1.9719246856680546
cell 51.87166742043585 38.196075342613355 0.0 1.6431676725154984 0.6085806194501846 1 0 0 0.5164927627817821 0.8562915543166602 1.0855000450859378
cell 41.34546371412741 32.20475086725203 0.0 1.6431676725154984 0.6085806194501846 1 0 0 0.886612882386227 -0.4625122666338551 4.103245986527298
cell 23.26793321280829 43.24882002155378 0.0 1.0 1.0 1 0 0 0.0 1.0 0
cell 18.862454776796532 59.66947776883214 0.0 1.6431676725154984 0.6085806194501846 1 0 0 0.9965660444064539 -0.08280168558715297 3.3073858437292474
cell 16.015976015173408 34.694703529343094 0.0 1.6431676725154984 0.6085806194501846 1 0 0 0.9089462520517078 0.4169133133891905 2.2814991155969055
cell 2.453976360129542 49.037209119653774 0.0 1.6431676725154984 0.6085806194501846 1 0 0 0.9999891690424124 0.004654223658740679 3.1322841726657003
cell 40.27460948424647 13.681782833143432 0.0 1.6431676725154984 0.6085806194501846 1 0 0 -0.705074534723462 0.7091332036257317 4.718128812870736
cell 64.3518211419693 7.073357062797981 0.0 1.0 1.0 1 0 0 0.0 1.0 0
cell 6.772644472061454 59.9988899718159 0.0 1.6431676725154984 0.6085806194501846 1 0 0 0.9849416135379769 -0.17288729832236485 3.4891133748069634
cell 25.705277021350163 5.43994631764995 0.0 1.0 1.0 1 0 0 0.0 1.0 0
cell 23.30268945555286 62.71454155716885 0.0 1.6431676725154984 0.6085806194501846 1 0 0 0.9999793749405586 0.00642259242750512 3.128747380423154
cell 19.054155501807863 36.60763070784361 0.0 1.6431676725154984 0.6085806194501846 1 0 0 0.8724878331837903 0.48863583673964656 2.1205415847195788
cell 3.2709829713016734 39.68397303037702 0.0 1.6431676725154984 0.6085806194501846 1 0 0 0.998098553519806 -0.06163827919135082 3.264947406041138
cell 39.64307663641862 40.84333909677305 0.0 1.6431676725154984 0.6085806194501846 1 0 0 0.8675037649891629 -0.49743061599546445 4.182861531258829
cell 8.579028392907675 12.23632661634397 0.0 1.6431676725154984 0.6085806194501846 1 0 0 0.8283906085165545 0.560150872284934 1.9524568220399143
cell 18.887664670155996 49.26243869689366 0.0 1.6431676725154984 0.6085806194501846 1 0 0 0.9958314464806438 -0.09121255505832825 3.324271670070769
cell 56.58310271740964 4.7806192328140895 0.0 1.6431676725154984 0.6085806194501846 1 0 0 0.651627787127164 0.7585388764221354 1.419456829610562
cell 48.60860629650644 19.92426139803176 0.0 1.6431676725154984 0.6085806194501846 1 0 0 0.8512131956206926 -0.5248200602122679 4.246600067924357
cell 36.26809402448375 30.414288765628434 0.0 1.6431676725154984 0.6085806194501846 1 0 0 0.974804365284315 -0.22306153730001008 3.5915006862798817
cell 0.7757724023423543 35.312621539262715 0.0 1.6431676725154984 0.6085806194501846 1 0 0 0.9657536865540459 0.25946062689215393 2.6166653309695365
cell 66.18381919998262 42.43561558419928 0.0 1.6431676725154984 0.6085806194501846 1 0 0 -0.2241846240656458 -0.9745466917149456 0.4522125670885311
cell 48.27724903545896 45.982559394278 0.0 1.6431676725154984 0.6085806194501846 1 0 0 0.9545121050696336 -0.2981721671711441 3.747146934308015
cell 3.8902647984926695 9.747500268324451 0.0 1.6431676725154984 0.6085806194501846 1 0 0 0.5882750120044405 -0.8086609365186224 5.025337226695562
cell 53.20696591324659 40.835023963990416 0.0 1.6431676725154984 0.6085806194501846 1 0 0 0.6980192545706445 0.716078990229878 1.5452553094684665
cell 48.5042266657145 24.712630401022643 0.0 1.6431676725154984 0.6085806194501846 1 0 0 0.9134592216288121 0.4069302771007395 2.3034106749679624
cell 12.46598347571092 15.233384720129795 0.0 1.6431676725154984 0.6085806194501846 1 0 0 0.9935733712091145 0.11318991131790454 2.914726627836704
cell 7.380591438629088 44.59097770557602 0.0 1.6431676725154984 0.6085806194501846 1 0 0 0.9964934184090768 -0.08367118421172624 3.3091308966704824
cell 41.39241161647411 2.967616859749242 0.0 1.6431676725154984 0.6085806194501846 1 0 0 -0.9684980729912788 0.24902104853240756 3.6449313139444945
cell 18.2407951776497 62.47077022698936 0.0 1.6431676725154984 0.6085806194501846 1 0 0 0.9964411502035875 -0.08429136480655464 3.310375655198086
cell 34.70083469980175 31.022695519973848 0.0 1.0 1.0 1 0 0 0.0 1.0 0
cell 60.288027611399116 27.041879633061424 0.0 1.6431676725154984 0.6085806194501846 1 0 0 0.9988336602840343 -0.04828373518689714 3.2381976849797227
cell 63.94806590337941 30.924134385465987 0.0 1.6431676725154984 0.6085806194501846 1 0 0 -0.9884708141515025 -0.151411523903122 2.8376004444783387
cell 3.313269594631098 53.216426379293246 0.0 1.6431676725154984 0.6085806194501846 1 0 0 0.9906407449613309 -0.13649510768690304 3.4154377318563887
cell 28.78441334272991 58.478142919228354 0.0 1.6431676725154984 0.6085806194501846 1 0 0 0.9999194939302306 -0.01268880050719814 3.1669709356430933
cell 18.185535326349566 11.756668555737424 0.0 1.6431676725154984 0.6085806194501846 1 0 0 0.7291090823542834 0.684397505860808 1.6340385834174844
cell 54.444721735222934 14.050961473873175 0.0 1.6431676725154984 0.6085806194501846 1 0 0 -0.997509638552874 -0.07053028423389988 3.000414871084411
cell 32.279805657144145 47.02642318361389 0.0 1.0 1.0 1 0 0 0.0 1.0 0
cell 19.24639746919606 33.32144733580475 0.0 1.6431676725154984 0.6085806194501846 1 0 0 0.916065268777027 0.40102920509667794 2.3163125007066667
cell 60.22847615814809 36.361739053629 0.0 1.6431676725154984 0.6085806194501846 1 0 0 0.9194443898631313 -0.3932200579182277 3.949854971616305
cell 22.68869115371522 54.63744422342642 0.0 1.6431676725154984 0.6085806194501846 1 0 0 0.9993936212387247 -0.034819388669943135 3.2112455101698596
cell 17.924049354764026 39.71637993606821 0.0 1.6431676725154984 0.6085806194501846 1 0 0 0.9716876402581146 0.23626918920929346 2.664543591439801
cell 55.850565260258314 9.435940922805528 0.0 1.6431676725154984 0.6085806194501846 1 0 0 0.9513467333739193 0.3081223667616049 2.5151551700106056
cell 66.20271287970921 1.3723068738561386 0.0 1.6431676725154984 0.6085806194501846 1 0 0 0.9752031402524421 0.22131162473258292 2.695274170360866
cell 13.84159985198941 49.249712856565466 0.0 1.6431676725154984 0.6085806194501846 1 0 0 0.9999580559864647 -0.009158944686501736 3.1599107990756936
cell 31.27661545861648 5.773571639018778 0.0 1.6431676725154984 0.6085806194501846 1 0 0 0.8525376525776241 -0.5226658119079861 4.241542410207492
cell 0.9905535731635483 66.58942621334688 0.0 1.6431676725154984 0.6085806194501846 1 0 0 0.97034077180733 0.24174115613266006 2.653272999499006
cell 29.485524646252987 35.19823126593824 0.0 1.6431676725154984 0.6085806194501846 1 0 0 0.979847942698888 0.19974486023113783 2.739397600046707
cell 39.66528980615705 7.089931293873056 0.0 1.6431676725154984 0.6085806194501846 1 0 0 0.9849211538194309 -0.17300381718043384 3.489349977802591
cell 19.405048818687007 64.70776734237528 0.0 1.6431676725154984 0.6085806194501846 1 0 0 0.9987322147931211 0.05033848561912621 3.0408731151727397
cell 6.197219652138168 50.797412078453135 0.0 1.6431676725154984 0.6085806194501846 1 0 0 0.9997209198911418 -0.023623766253695475 3.188844581870069
cell 42.922237619722765 44.90295308821201 0.0 1.6431676725154984 0.6085806194501846 1 0 0 0.8469170864886022 -0.5317249746002697 4.26286472419045
cell 46.3523984480004 57.37767858613204 0.0 1.6431676725154984 0.6085806194501846 1 0 0 0.8977178354150243 -0.4405708660110918 4.054061618201636
cell 30.60228639965341 39.730425472489216 0.0 1.6431676725154984 0.6085806194501846 1 0 0 -0.3243306026731904 0.9459437933459076 5.622577323282659
cell 62.313815808026234 17.328073268269588 0.0 1.6431676725154984 0.6085806194501846 1 0 0 0.7060037699709215 -0.7082080744998931 4.7155063390074226
cell 22.23842098401993 8.457363980963875 0.0 1.6431676725154984 0.6085806194501846 1 0 0 -0.061997092735028216 0.9980763299930543 6.1591115525150055
cell 58.77900299926137 53.94931132264524 0.0 1.6431676725154984 0.6085806194501846 1 0 0 0.7749671284037014 0.6320015426355549 1.7733261628966752
cell 61.9887973051973 4.035374723293569 0.0 1.6431676725154984 0.6085806194501846 1 0 0 -0.9525164473747509 -0.3044871384485449 2.5227927438280218
cell 44.56288492180847 59.33404854908236 0.0 1.6431676725154984 0.6085806194501846 1 0 0 0.7905812566741991 -0.6123571479091627 4.459670050151351
cell 35.76906467501762 38.10885785611614 0.0 1.6431676725154984 0.6085806194501846 1 0 0 0.8157510376572046 -0.5784031851236592 4.375132355382509
cell 44.916779727882805 17.513988050837778 0.0 1.6431676725154984 0.6085806194501846 1 0 0 0.8138039749767063 -0.5811394757819438 4.381849006407685
cell 65.98196227758633 45.13521796440089 0.0 1.6431676725154984 0.6085806194501846 1 0 0 0.9624282034254008 -0.27153628348962 3.6915705148305777
cell 39.06438564678927 0.7792642383492169 0.0 1.6431676725154984 0.6085806194501846 1 0 0 0.9140904500669389 -0.40551035633682797 3.976666819602888
cell 18.758950099923556 31.45604179908434 0.0 1.6431676725154984 0.6085806194501846 1 0 0 0.234267981762376 0.9721720592163627 0.4729310556077519
cell 4.35726882293425 17.041656861058208 0.0 1.6431676725154984 0.6085806194501846 1 0 0 0.9396809177131025 0.34205229554245276 2.4433925210170635
cell 46.01369631633355 60.4519429838179 0.0 1.6431676725154984 0.6085806194501846 1 0 0 0.7949312004255104 -0.6066995851243489 4.445396964505872
cell 34.56992866596695 35.04264121077717 0.0 1.6431676725154984 0.6085806194501846 1 0 0 0.8320603465005199 -0.5546851176851916 4.317561616604356
cell 23.828375259934035 9.634445655594172 0.0 1.0 1.0 1 0 0 0.0 1.0 0
cell 59.18028733112511 30.04254516797399 0.0 1.6431676725154984 0.6085806194501846 1 0 0 0.9968702342450185 -0.07905527228643226 3.2998683545975123
cell 39.22065511664902 42.94043575900966 0.0 1.6431676725154984 0.6085806194501846 1 0 0 0.7563879392716139 -0.6541232952008676 4.567638595732111
cell 56.904833543377016 54.50978900174192 0.0 1.6431676725154984 0.6085806194501846 1 0 0 0.8234804857934683 -0.5673445950366968 4.348147949165667
cell 24.7639904765395 3.704438510675437 0.0 1.0 1.0 1 0 0 0.0 1.0 0
cell 35.529400600416054 56.83428877824646 0.0 1.6431676725154984 0.6085806194501846 1 0 0 0.988160094060848 -0.1534262966562641 3.449662046857404
cell 47.45422843642304 34.75168416378827 0.0 1.0 1.0 1 0 0 0.0 1.0 0
cell 21.63255717092991 52.348238678919614 0.0 1.6431676725154984 0.6085806194501846 1 0 0 0.9866020663837263 -0.16314521938249213 3.4693481527633447
cell 37.831618330827006 8.005144422553741 0.0 1.0 1.0 1 0 0 0.0 1.0 0
cell 26.210095635341187 50.485962715089734 0.0 1.0 1.0 1 0 0 0.0 1.0 0
cell 39.47533899145884 46.86442373073761 0.0 1.6431676725154984 0.6085806194501846 1 0 0 0.922116243942979 -0.3869129522986954 3.9361555455019515
cell 40.96635287019069 10.926125013928123 0.0 1.6431676725154984 0.6085806194501846 1 0 0 0.9429739837265122 -0.33286643870320054 3.8202761260704223
cell 10.15410483368001 29.136788731161946 0.0 1.6431676725154984 0.6085806194501846 1 0 0 -0.44874021761305893 0.8936622500120415 5.352474998842661
cell 54.54417362642388 31.257909131861464 0.0 1.6431676725154984 0.6085806194501846 1 0 0 0.9592048347002144 -0.28271201794004835 3.7148332465437863
cell 33.798579440127234 25.803997621936368 0.0 1.6431676725154984 0.6085806194501846 1 0 0 0.9527024387968824 0.303904694123787 2.5240155834940374
cell 12.770244142869318 33.76719762003702 0.0 1.0 1.0 1 0 0 0.0 1.0 0
cell 37.113457335473775 17.404286748806367 0.0 1.6431676725154984 0.6085806194501846 1 0 0 0.9920590586422487 0.12577290712174602 2.889378880321291
cell 65.4386238042897 57.04010921200228 0.0 1.6431676725154984 0.6085806194501846 1 0 0 0.927487637685912 0.3738538242947455 2.375271291960098
cell 66.26054935140215 37.52109796158218 0.0 1.6431676725154984 0.6085806194501846 1 0 0 0.9942495311118973 -0.10708814072423002 3.356180419700245
cell 55.27473667431573 43.80038781698427 0.0 1.6431676725154984 0.6085806194501846 1 0 0 0.5043675948082502 0.8634890441154078 1.0572988499261082
cell 63.63302719089486 35.4504844392213 0.0 1.6431676725154984 0.6085806194501846 1 0 0 0.9873889188976661 0.1583133691072808 2.8236281629086615
cell 56.09885611015445 28.99121677508924 0.0 1.6431676725154984 0.6085806194501846 1 0 0 0.9784590423012515 -0.2064410388922652 3.557465138945434
cell 38.03369988606112 34.33633983995863 0.0 1.0 1.0 1 0 0 0.0 1.0 0
cell 33.12915576388489 18.788198330233218 0.0 1.6431676725154984 0.6085806194501846 1 0 0 0.7828377957722157 0.6222258316001504 1.7984270791044672
cell 63.117278003318816 2.3105304483107023 0.0 1.6431676725154984 0.6085806194501846 1 0 0 0.9918296778918193 0.12756915792232015 2.885757204817721
cell 11.386828560010903 65.19028513046501 0.0 1.6431676725154984 0.6085806194501846 1 0 0 -0.16809249640326504 0.985771227340765 5.945396683624788
cell 41.496259336849405 42.04604428627385 0.0 1.6431676725154984 0.6085806194501846 1 0 0 0.9054505313911364 -0.42445180551330997 4.018305376130506
cell 61.07600512635085 0.950220639537128 0.0 1.6431676725154984 0.6085806194501846 1 0 0 0.9619450841748813 0.27324284991885966 2.5880675263526176
cell 58.69003672174838 5.0484432078433406 0.0 1.6431676725154984 0.6085806194501846 1 0 0 0.8457165613576006 0.5336323620672528 2.0158130827109835
cell 46.503269149654194 15.042858008298744 0.0 1.6431676725154984 0.6085806194501846 1 0 0 0.7516473882490498 -0.6595651626172976 4.5820728565116395
cell 37.12418856091428 66.94456443649982 0.0 1.6431676725154984 0.6085806194501846 1 0 0 0.9013028346151383 -0.4331895662579105 4.037649892739993
cell 17.081318465732377 16.156240332480234 0.0 1.6431676725154984 0.6085806194501846 1 0 0 0.8536854926395089 0.5207889012419898 2.0460430480641363
cell 24.035621979711216 7.160475613482134 0.0 1.0 1.0 1 0 0 0.0 1.0 0
cell 38.295861693783024 60.80453490757129 0.0 1.6431676725154984 0.6085806194501846 1 0 0 -0.8480262210991554 0.5299542700349591 4.258685932101759
cell 58.84351530180193 12.598720052852217 0.0 1.6431676725154984 0.6085806194501846 1 0 0 0.997145729024855 0.07550096083819383 2.990446900886169
cell 47.90916950050746 57.24256631839636 0.0 1.6431676725154984 0.6085806194501846 1 0 0 0.9369422092236392 -0.3494843295129644 3.8556339958526977
cell 0.8157547059931848 13.298868891915225 0.0 1.6431676725154984 0.6085806194501846 1 0 0 0.8900012771612196 0.45595803167769516 2.1946959411302362
cell 43.23779273178477 60.146670288853564 0.0 1.6431676725154984 0.6085806194501846 1 0 0 0.5094653119633247 0.8604911945546638 1.06912660104171
cell 26.290833889898238 11.157553565873624 0.0 1.6431676725154984 0.6085806194501846 1 0 0 0.9930880850462007 -0.11737144175339262 3.376877877787269
cell 51.0217771647129 55.47008882619648 0.0 1.6431676725154984 0.6085806194501846 1 0 0 0.9460971077942092 0.32388310024364114 2.4819307431544595
cell 65.29630523549059 53.84635838716075 0.0 1.6431676725154984 0.6085806194501846 1 0 0 0.8309894917960691 0.5562881128736357 1.9617681363877546
cell 40.93763605895696 28.359778330096503 0.0 1.6431676725154984 0.6085806194501846 1 0 0 0.9731745994886253 -0.23006781372055024 3.6058873841570014
cell 32.037984083671844 28.08653352988865 0.0 1.6431676725154984 0.6085806194501846 1 0 0 0.9272821247601991 0.37436327424069055 2.374172611264632
cell 50.32950653612754 19.60410135470129 0.0 1.0 1.0 1 0 0 0.0 1.0 0
cell 49.02477322376243 35.74206411390779 0.0 1.0 1.0 1 0 0 0.0 1.0 0
cell 0.985982921941019 11.225876415046004 0.0 1.6431676725154984 0.6085806194501846 1 0 0 0.8776632974241442 0.47927772361604515 2.1419295066568984
cell 46.351597682396 52.83887469444286 0.0 1.6431676725154984 0.6085806194501846 1 0 0 0.9234823419962397 -0.38364093110764425 3.9290640407990485
cell 19.95773958113937 26.911071981896526 0.0 1.6431676725154984 0.6085806194501846 1 0 0 0.4184546252654876 0.908237703794508 0.863486285329713
cell 58.744005215147176 19.057315367920168 0.0 1.6431676725154984 0.6085806194501846 1 0 0 0.5858984627892155 0.8103844712858423 1.2519766021501897
cell 45.80948465906496 24.531282092553838 0.0 1.6431676725154984 0.6085806194501846 1 0 0 0.9936105148802785 -0.1128633896325459 3.367801424249973
cell 23.515209827089326 57.56613217644716 0.0 1.6431676725154984 0.6085806194501846 1 0 0 0.9997134260695024 -0.02393879145607872 3.1894748105153115
cell 40.06769833989306 30.209547659787326 0.0 1.6431676725154984 0.6085806194501846 1 0 0 0.9305730183889653 -0.36610634718132157 3.891235480664159
cell 50.57042832891251 23.88509667405984 0.0 1.6431676725154984 0.6085806194501846 1 0 0 0.9409677400756828 0.33849625128923094 2.4509559539857153
cell 38.85310664221016 13.87046270094344 0.0 1.6431676725154984 0.6085806194501846 1 0 0 -0.5401773684462601 0.8415511931062027 5.14188958947879
cell 0.20725467964719746 52.08361152624137 0.0 1.6431676725154984 0.6085806194501846 1 0 0 0.9878656967880681 -0.15531054410253253 3.4534762620035853
cell 48.69021313513499 51.19210983292921 0.0 1.6431676725154984 0.6085806194501846 1 0 0 0.9892027087247236 -0.14655374799598114 3.4357596492243654
cell 20.956596578037345 48.36273952817316 0.0 1.0 1.0 1 0 0 0.0 1.0 0
cell 28.492143946696423 8.988678000314598 0.0 1.6431676725154984 0.6085806194501846 1 0 0 0.8297994788335514 0.5580616676744304 1.9574965422045858
cell 20.469331051560815 24.72989007482709 0.0 1.6431676725154984 0.6085806194501846 1 0 0 0.7077652823718535 0.7064476661926844 1.5726597177350679
cell 34.7974266233418 17.575917415290583 0.0 1.6431676725154984 0.6085806194501846 1 0 0 0.8730010578969941 0.4877183130770559 2.122644201545779
cell 26.454305619310688 56.727373452825724 0.0 1.6431676725154984 0.6085806194501846 1 0 0 0.990033364845143 0.14083300924642603 2.85898713441605
cell 31.249853124266902 41.6709950541444 0.0 1.0 1.0 1 0 0 0.0 1.0 0
cell 45.94126084640179 49.92379118323366 0.0 1.6431676725154984 0.6085806194501846 1 0 0 0.9944513477894609 -0.10519751365752282 3.3523776829142715
cell 13.985863626124235 45.38734881644991 0.0 1.6431676725154984 0.6085806194501846 1 0 0 0.9729072283731297 -0.23119585848218593 3.6082059806705646
cell 53.338164107925415 17.17848157937672 0.0 1.0 1.0 1 0 0 0.0 1.0 0
cell 33.47625973467329 22.567483980909994 0.0 1.6431676725154984 0.6085806194501846 1 0 0 0.9983226955748505 0.05789469319518275 3.0257384857173113
cell 18.829670312031613 2.912071504425237 0.0 1.0 1.0 1 0 0 0.0 1.0 0
cell 12.363955156283644 60.254964909386445 0.0 1.6431676725154984 0.6085806194501846 1 0 0 0.9548484956895718 -0.29709316767533034 3.744886493026205
cell 17.762306975363835 53.0713298888347 0.0 1.6431676725154984 0.6085806194501846 1 0 0 0.9725799850129355 -0.23256864094765273 3.611028476193913
cell 56.0199355863962 26.64013239132365 0.0 1.6431676725154984 0.6085806194501846 1 0 0 0.9985338804962246 0.054130301136714805 3.033279112609113
cell 51.90506061220787 12.458537847202484 0.0 1.6431676725154984 0.6085806194501846 1 0 0 0.8413486941931293 0.540492714825571 1.9995474049679955
cell 20.214755323922162 39.47607074503346 0.0 1.6431676725154984 0.6085806194501846 1 0 0 0.9809269392035459 0.19437679888495699 2.750348470509887
cell 4.297660790415875 56.46410469992205 0.0 1.6431676725154984 0.6085806194501846 1 0 0 0.9710011489904552 0.23907481812021908 2.658766800065127
cell 9.044931308379384 37.81356110321161 0.0 1.6431676725154984 0.6085806194501846 1 0 0 0.9110307647504007 0.4123383873450302 2.2915540039079296
cell 2.6904783527441998 19.7411835013532 0.0 1.6431676725154984 0.6085806194501846 1 0 0 0.9012677701905337 0.4332625144364365 2.2453735385534745
cell 30.526085945691204 38.07392423086331 0.0 1.0 1.0 1 0 0 0.0 1.0 0
cell 34.16432769050593 37.078778471802 0.0 1.0 1.0 1 0 0 0.0 1.0 0
cell 44.25551452547828 14.221358652368663 0.0 1.6431676725154984 0.6085806194501846 1 0 0 0.7849586039825821 -0.6195482144544651 4.477926691677447
cell 26.334717429133512 63.52624054598812 0.0 1.6431676725154984 0.6085806194501846 1 0 0 0.9839782431009841 -0.17828857816444832 3.500086429448597
cell 61.102610061283144 33.91784069773842 0.0 1.6431676725154984 0.6085806194501846 1 0 0 0.9684561165255224 -0.24918416957002637 3.6452681748534745
cell 41.572700405042475 47.113130989843235 0.0 1.6431676725154984 0.6085806194501846 1 0 0 0.9743919757802174 -0.22485612630107332 3.595183411218755
cell 24.879086899611345 26.555240401746303 0.0 1.6431676725154984 0.6085806194501846 1 0 0 0.9484462994474535 0.3169378757176733 2.4965943151531396
cell 49.929737739401055 18.148693974574687 0.0 1.6431676725154984 0.6085806194501846 1 0 0 0.9269669888747273 0.37514290815170853 2.3724907792834973
cell 34.08568229667831 27.021765622399162 0.0 1.6431676725154984 0.6085806194501846 1 0 0 0.9352836919243188 0.353898877676118 2.4181196717385283
cell 21.74848311476982 65.62366272553447 0.0 1.6431676725154984 0.6085806194501846 1 0 0 0.9944985125530729 -0.10475069703694363 3.3514790848712104
cell 41.94417130678425 8.840795809334136 0.0 1.6431676725154984 0.6085806194501846 1 0 0 0.9704125922047537 -0.24145268872068978 3.6293177603976643
cell 41.44916454720769 1.6883360926923654 0.0 1.6431676725154984 0.6085806194501846 1 0 0 0.9645613147005795 -0.26385880728732497 3.675633872711585
cell 35.20189326689682 64.28893119172007 0.0 1.6431676725154984 0.6085806194501846 1 0 0 0.8999934882819579 -0.43590333911324114 4.043676154533011
cell 13.964755702473427 42.067204407566706 0.0 1.6431676725154984 0.6085806194501846 1 0 0 0.9999356864690693 0.011341204769832811 3.118909757775669
cell 24.01851654949341 37.57103910681446 0.0 1.6431676725154984 0.6085806194501846 1 0 0 0.9994551680422452 -0.03300556125333054 3.2076157670327494
cell 62.97253124653654 24.76229731448534 0.0 1.6431676725154984 0.6085806194501846 1 0 0 0.9507025434743724 0.31010429508692544 2.510987186284531
cell 41.32967974124429 27.29008920199037 0.0 1.6431676725154984 0.6085806194501846 1 0 0 0.998543133884529 -0.05395933442939808 3.2495637606920242
cell 44.80932047779398 52.78972305959639 0.0 1.6431676725154984 0.6085806194501846 1 0 0 0.9132225765169854 -0.40746107266790377 3.980936948610164
cell 6.29802058554434 5.86290696889605 0.0 1.6431676725154984 0.6085806194501846 1 0 0 0.9992673202611921 -0.038273001685471604 3.2181573570098956
cell 63.5447713817626 28.204828853652895 0.0 1.6431676725154984 0.6085806194501846 1 0 0 0.96691494291002 -0.25509898701741773 3.657492805378043
cell 41.52570521191167 12.978490565835472 0.0 1.6431676725154984 0.6085806194501846 1 0 0 -0.8596394255058217 0.510901221486131 4.214058324752177
cell 47.34349181822375 13.648284696696267 0.0 1.6431676725154984 0.6085806194501846 1 0 0 0.7822767611354559 -0.622931030682708 4.486560521796618
cell 28.31779310646002 45.561688742010304 0.0 1.6431676725154984 0.6085806194501846 1 0 0 -0.2748096739441014 0.9614986443603218 5.726401808188799
cell 32.77016080014006 36.16127658825789 0.0 1.0 1.0 1 0 0 0.0 1.0 0
cell 15.639164730616292 3.860133240858508 0.0 1.0 1.0 1 0 0 0.0 1.0 0
cell 0.8925880206179383 36.780869502551944 0.0 1.6431676725154984 0.6085806194501846 1 0 0 0.9986220017122741 -0.05247949786507875 3.2465998870150483
cell 20.80173859545235 3.2831941387431254 0.0 1.0 1.0 1 0 0 0.0 1.0 0
cell 43.318981181162684 56.66619190310807 0.0 1.6431676725154984 0.6085806194501846 1 0 0 0.7634968433221134 -0.6458115593864576 4.545764166687394
cell 33.56457258536441 60.44073253880452 0.0 1.6431676725154984 0.6085806194501846 1 0 0 0.9527440745021925 -0.3037741406060774 3.7588956598026866
cell 66.57231858051205 47.0850668797886 0.0 1.6431676725154984 0.6085806194501846 1 0 0 0.996040193748168 0.08890406311362781 2.963549459748198
cell 4.530416819273172 4.867697911128285 0.0 1.6431676725154984 0.6085806194501846 1 0 0 0.9929264539969914 0.1187310277600614 2.9035691094705833
cell 24.041687769490306 36.47820679120458 0.0 1.6431676725154984 0.6085806194501846 1 0 0 0.9839443026457398 0.17847579469213398 2.7827183413576946
cell 63.032181641525526 63.0594413365007 0.0 1.6431676725154984 0.6085806194501846 1 0 0 0.8878493903294437 0.4601341761830295 2.1853000185124887
cell 43.864683200248685 66.0878151259699 0.0 1.6431676725154984 0.6085806194501846 1 0 0 0.6380012557760579 0.7700353223250042 1.3837996258782406
cell 9.65298064298244 60.77131228851112 0.0 1.6431676725154984 0.6085806194501846 1 0 0 0.9828008018421517 -0.1846688492908959 3.513062465087596
cell 12.258241786074667 37.7763633147003 0.0 1.6431676725154984 0.6085806194501846 1 0 0 0.9548749024490705 0.29700828384554906 2.538476607083621
cell 64.44716735146342 49.35251186925664 0.0 1.6431676725154984 0.6085806194501846 1 0 0 0.9943201334118087 -0.10643059847582853 3.3548577761214604
cell 31.040101943989665 65.88765485112238 0.0 1.6431676725154984 0.6085806194501846 1 0 0 0.8920665659325832 -0.45190401850973644 4.079389810854898
cell 10.722433085372893 41.92900322101172 0.0 1.6431676725154984 0.6085806194501846 1 0 0 0.9995933290826629 -0.028516248937040578 3.1986328838744504
cell 36.65629725326665 27.69040146558845 0.0 1.6431676725154984 0.6085806194501846 1 0 0 0.9908600412283963 -0.13489395352224173 3.412205527605285
cell 43.675651644026054 29.850081345674116 0.0 1.0 1.0 1 0 0 0.0 1.0 0
cell 34.89542964732328 1.8974338851213657 0.0 1.6431676725154984 0.6085806194501846 1 0 0 0.9169563901495638 -0.3989874416117392 3.9624172941649802
cell 22.840721989665198 41.04689770827274 0.0 1.0 1.0 1 0 0 0.0 1.0 0
cell 32.05946003493454 25.42001173404681 0.0 1.6431676725154984 0.6085806194501846 1 0 0 0.9750831580451496 0.2218396603330838 2.6941911794419235
cell 66.33133083556233 7.268271579350552 0.0 1.0 1.0 1 0 0 0.0 1.0 0
cell 52.769702258052604 26.76344521948111 0.0 1.6431676725154984 0.6085806194501846 1 0 0 0.9997131041755156 0.02395223037119337 3.0936836111250243
cell 56.139406338461136 31.179567691818182 0.0 1.6431676725154984 0.6085806194501846 1 0 0 0.9435483218148517 -0.33123490818507795 3.8168167869328604
cell 26.161909841028493 30.899582682671845 0.0 1.6431676725154984 0.6085806194501846 1 0 0 0.9275974915621393 0.3735811741076186 2.3758591899079926
cell 27.185363451474018 52.061432423489514 0.0 1.6431676725154984 0.6085806194501846 1 0 0 0.9979561016888744 -0.06390320103050323 3.269486201331501
cell 38.26924834819021 40.425159046613 0.0 1.6431676725154984 0.6085806194501846 1 0 0 0.8434981729390493 -0.5371320435875016 4.275659333128054
cell 15.606637501345952 30.982547130771707 0.0 1.6431676725154984 0.6085806194501846 1 0 0 0.9922161111516627 -0.12452786343253165 3.391296606557611
cell 0.1005480355925762 63.494753165954336 0.0 1.6431676725154984 0.6085806194501846 1 0 0 0.9537361644017561 0.3006448547908751 2.530855218718409
cell 45.683715253937 20.971352061189112 0.0 1.6431676725154984 0.6085806194501846 1 0 0 0.9933036651360165 -0.11553280411794915 3.3731754115236416
cell 24.548456579956518 31.410824780667912 0.0 1.6431676725154984 0.6085806194501846 1 0 0 0.9050996466790138 0.42519951738157524 2.26322803134519
cell 44.34731676794421 34.353622162121006 0.0 1.6431676725154984 0.6085806194501846 1 0 0 0.895980283417806 -0.44409383211946096 4.061917927000346
cell 31.816682763198042 48.949893758032225 0.0 1.0 1.0 1 0 0 0.0 1.0 0
cell 61.47990983322188 29.156354461626307 0.0 1.6431676725154984 0.6085806194501846 1 0 0 0.9974191270788355 0.07179892016801982 2.9978711496544324
cell 7.444208806721781 41.64968988811799 0.0 1.6431676725154984 0.6085806194501846 1 0 0 0.9969158882072164 -0.0784774607133591 3.2987091298433824
cell 64.7930064408035 64.51399915495834 0.0 1.6431676725154984 0.6085806194501846 1 0 0 0.8028062294729417 0.596240017039647 1.863973918532833
cell 6.867108352100105 45.74154233996601 0.0 1.6431676725154984 0.6085806194501846 1 0 0 0.9749324328390383 -0.22250112673547093 3.590350970995961
cell 19.03871394031025 40.8797194526734 0.0 1.6431676725154984 0.6085806194501846 1 0 0 0.9996605611670065 -0.026053069824219947 3.1937046896545747
cell 1.2412859594444712 56.609071465708126 0.0 1.6431676725154984 0.6085806194501846 1 0 0 0.9078682568448263 0.41925556432030386 2.276342288365519
cell 30.530214994830636 0.29717403372329515 0.0 1.6431676725154984 0.6085806194501846 1 0 0 0.9781778626747567 -0.20776926859630798 3.5601804705363747
cell 39.62115306493526 50.80207400002128 0.0 1.6431676725154984 0.6085806194501846 1 0 0 0.7376604103453218 -0.6751719181135805 4.623988125525578
cell 41.32781712582755 43.662473506373445 0.0 1.6431676725154984 0.6085806194501846 1 0 0 0.8379265476508961 -0.5457830161720412 4.2962392523969894
cell 35.11832843369014 65.9014478905442 0.0 1.6431676725154984 0.6085806194501846 1 0 0 0.8991109238452493 -0.4377208546804029 4.047717087202864
cell 9.37299812420202 40.93251980232575 0.0 1.6431676725154984 0.6085806194501846 1 0 0 0.9999829743514836 -0.0058353240835404595 3.1532633679907764
cell 23.959653183386532 53.58037468712061 0.0 1.6431676725154984 0.6085806194501846 1 0 0 0.9997261264942177 -0.023402393144023984 3.188401713209622
cell 4.143470085374101 44.44644095015794 0.0 1.6431676725154984 0.6085806194501846 1 0 0 0.9995890011363581 -0.028667556701224704 3.1989356231726287
cell 15.754084576367527 18.520928837593395 0.0 1.6431676725154984 0.6085806194501846 1 0 0 0.9879470833241004 0.154791991237929 2.830758846772422
cell 38.27154483868322 29.325483971208147 0.0 1.6431676725154984 0.6085806194501846 1 0 0 0.9138280745234958 -0.40610128073262747 3.977959928387037
cell 7.69614591347912 58.955716932250866 0.0 1.6431676725154984 0.6085806194501846 1 0 0 0.9619113698459435 -0.2733615125819662 3.6953644991571397
cell 13.942080492159699 64.6633130327449 0.0 1.0 1.0 1 0 0 0.0 1.0 0
cell 57.0527227927751 1.6629019115478259 0.0 1.6431676725154984 0.6085806194501846 1 0 0 0.7688391959282821 0.6394421715873553 1.7540476530936657
cell 48.360472877709 16.728435091023794 0.0 1.6431676725154984 0.6085806194501846 1 0 0 0.7823891708551014 -0.6227898404186335 4.4861995750646555
cell 25.818750659492384 55.56446909228939 0.0 1.6431676725154984 0.6085806194501846 1 0 0 0.9999727269673931 -0.007385480444457568 3.1563637487631393
cell 12.63956721921252 41.11573810566624 0.0 1.6431676725154984 0.6085806194501846 1 0 0 0.9998044171085633 0.019776944410248763 3.102036185879559
cell 34.09832471077903 40.0494722645164 0.0 1.0 1.0 1 0 0 0.0 1.0 0
cell 49.98265700717862 31.60386134043522 0.0 1.0 1.0 1 0 0 0.0 1.0 0
cell 65.69340372474295 58.75754082947512 0.0 1.6431676725154984 0.6085806194501846 1 0 0 0.9810524853381644 -0.19374215083922974 3.5315429433379895
cell 14.228259984811647 62.676831092135146 0.0 1.6431676725154984 0.6085806194501846 1 0 0 0.8921464034403084 -0.4517463833043077 4.0790364108791675
cell 15.107202884325307 16.677826457487587 0.0 1.6431676725154984 0.6085806194501846 1 0 0 0.29521580771936445 0.9554305976221419 0.5993627712314887
cell 48.92004488360039 14.549314202038673 0.0 1.0 1.0 1 0 0 0.0 1.0 0
cell 49.456036500972424 41.06288214268513 0.0 1.6431676725154984 0.6085806194501846 1 0 0 0.6930931733137418 0.7208480097120942 1.5315425405966723
cell 23.581681526388095 34.87338330312455 0.0 1.6431676725154984 0.6085806194501846 1 0 0 0.9410787241594823 0.3381875735954249 2.451612000894023
cell 23.183004757884312 38.523326596019004 0.0 1.6431676725154984 0.6085806194501846 1 0 0 0.9997378588238406 0.022895712138361033 3.0957972276208587
cell 23.352281789457447 51.34180503623908 0.0 1.6431676725154984 0.6085806194501846 1 0 0 0.9996929526840016 0.024779030528707023 3.092029519686121
cell 12.382199848297113 6.8659733779338765 0.0 1.6431676725154984 0.6085806194501846 1 0 0 0.9978480883307138 -0.06556822869911964 3.27282325672132
cell 10.784244685551236 58.47750469566362 0.0 1.6431676725154984 0.6085806194501846 1 0 0 0.9917334488667247 -0.12831510588746597 3.398932360875079
cell 29.804681673723724 21.865610937467505 0.0 1.6431676725154984 0.6085806194501846 1 0 0 0.46868397049582977 -0.8833659127452588 5.307584510314062
cell 18.34304968794889 0.8553132494884979 0.0 1.0 1.0 1 0 0 0.0 1.0 0
cell 15.355684504771446 26.000133678412357 0.0 1.6431676725154984 0.6085806194501846 1 0 0 0.831038976905172 0.5562141843430505 1.9619460600080263
cell 30.369613558199063 47.57771370765189 0.0 1.0 1.0 1 0 0 0.0 1.0 0
cell 17.104126200401282 32.65968415368555 0.0 1.6431676725154984 0.6085806194501846 1 0 0 0.9942554597791897 0.10703308226558787 2.92711564095269
cell 0.5287887294839233 38.77944990040459 0.0 1.6431676725154984 0.6085806194501846 1 0 0 0.9985334939682318 -0.054137430892084934 3.2499204750208204
cell 14.889886359631996 40.18505772266994 0.0 1.6431676725154984 0.6085806194501846 1 0 0 0.9976726400172583 0.0681858002885802 3.0051151591561687
cell 60.208357823366114 32.31194079671475 0.0 1.6431676725154984 0.6085806194501846 1 0 0 0.983367574630417 -0.18162657615418315 3.506873227695287
cell 12.683552891145876 43.06253937638842 0.0 1.6431676725154984 0.6085806194501846 1 0 0 0.9971571962708873 -0.07534935915575708 3.292434336775749
cell 13.567337803965511 59.316259569826194 0.0 1.6431676725154984 0.6085806194501846 1 0 0 0.9945724255205222 -0.10404657800343782 3.3500631092202338
cell 6.768275225169698 56.47246829169094 0.0 1.6431676725154984 0.6085806194501846 1 0 0 0.9999468714850727 -0.010307968141959684 3.162208954979498
cell 61.200998559143294 23.557757836993023 0.0 1.6431676725154984 0.6085806194501846 1 0 0 0.8874848119765141 0.46083696521764766 2.183716566795072
cell 29.53967545022398 29.702144798738367 0.0 1.6431676725154984 0.6085806194501846 1 0 0 0.934143529882187 0.35689755614076113 2.4117034264677106
cell 16.650180984663105 44.84189188178357 0.0 1.6431676725154984 0.6085806194501846 1 0 0 0.993214547250445 0.11629644504495164 2.9084722487627506
cell 37.648588429447685 20.602062546613563 0.0 1.6431676725154984 0.6085806194501846 1 0 0 0.428448330353334 0.9035662832451421 0.885549607429336
cell 46.80814330786463 40.93215931020925 0.0 1.6431676725154984 0.6085806194501846 1 0 0 0.9841499973974395 -0.17733804617909793 3.498154579903661
cell 44.025700617771086 48.601457521976116 0.0 1.6431676725154984 0.6085806194501846 1 0 0 0.995580203156476 -0.09391516961018595 3.329700206944324
cell 63.655651264638315 53.895874776309554 0.0 1.6431676725154984 0.6085806194501846 1 0 0 0.907052046321685 0.4210185094074177 2.272456840548189
cell 46.726930160348374 29.535455369815516 0.0 1.6431676725154984 0.6085806194501846 1 0 0 0.9827242779556946 0.18507564268822266 2.7692949851580857
cell 55.05976736797147 7.708999744368001 0.0 1.6431676725154984 0.6085806194501846 1 0 0 0.6895702957818821 0.7242187564370918 1.5217911003577296
cell 50.91586426660933 35.34245421682794 0.0 1.0 1.0 1 0 0 0.0 1.0 0
cell 25.024150015824844 65.27723540120557 0.0 1.6431676725154984 0.6085806194501846 1 0 0 0.9752816555405781 -0.22096536462991007 3.5872010362328925
cell 9.154590196538953 51.58369549139512 0.0 1.6431676725154984 0.6085806194501846 1 0 0 0.9986027090729749 -0.05284533500807324 3.247332578007559
cell 44.428935799864476 63.34154138158761 0.0 1.6431676725154984 0.6085806194501846 1 0 0 0.6712753033749863 0.7412081132035861 1.471856047614638
cell 63.712179654529066 13.70928122275666 0.0 1.6431676725154984 0.6085806194501846 1 0 0 0.5421070699333695 -0.8403094220156386 5.137300146993526
cell 44.958931768177024 28.868756722927976 0.0 1.6431676725154984 0.6085806194501846 1 0 0 0.9979098108280975 0.06462205082656075 3.012258428374783
cell 10.916917723976306 47.521443828082205 0.0 1.6431676725154984 0.6085806194501846 1 0 0 0.9996808723825938 0.02526169812930694 3.0910638821746717
cell 14.793410368450006 44.09241263966325 0.0 1.6431676725154984 0.6085806194501846 1 0 0 0.9990978634770425 0.04246715431493914 3.0566327949592194
cell 3.405502687429311 50.05376563566582 0.0 1.6431676725154984 0.6085806194501846 1 0 0 0.9996517521050474 -0.026388908907128576 3.194376598845591
cell 42.36599462886788 63.270005743902 0.0 1.6431676725154984 0.6085806194501846 1 0 0 0.4462119652577857 0.8949273054616138 0.9250561309128671
cell 36.02323213527518 6.1635329261423335 0.0 1.6431676725154984 0.6085806194501846 1 0 0 0.8629048104045768 -0.5053664889767042 4.2012059094769025
cell 5.979951909073368 12.870503454719229 0.0 1.6431676725154984 0.6085806194501846 1 0 0 0.7151868109785553 0.6989333483260933 1.593782700167997
cell 30.58856783483108 59.41136061079411 0.0 1.6431676725154984 0.6085806194501846 1 0 0 0.9956305599006023 -0.09337980612537732 3.328624753794228
cell 33.71443639615314 57.84191143907348 0.0 1.6431676725154984 0.6085806194501846 1 0 0 0.9999743665198665 -0.007160049105393207 3.1559128741598186
cell 28.516715633696894 29.16787518873324 0.0 1.6431676725154984 0.6085806194501846 1 0 0 0.9278956593899554 0.3728399727567845 2.377457042879919
cell 2.1586658640052323 45.56495110943374 0.0 1.6431676725154984 0.6085806194501846 1 0 0 0.9988556368379222 0.0478269459312313 3.0459022574203916
cell 13.229643994531575 38.49658531991814 0.0 1.6431676725154984 0.6085806194501846 1 0 0 0.9649730324011183 0.2623490932680923 2.6106811299065398
cell 9.827663648472965 6.497924661341326 0.0 1.6431676725154984 0.6085806194501846 1 0 0 0.8779748060679569 -0.47870684130262176 4.139955117216335
cell 56.23018601457905 7.032844964175617 0.0 1.6431676725154984 0.6085806194501846 1 0 0 0.6036674736496117 0.7972362142160223 1.2961867506486549
cell 41.898903366773624 56.08600180208124 0.0 1.6431676725154984 0.6085806194501846 1 0 0 0.8230742012924331 -0.5679338510485383 4.349579437573085
cell 39.41972370468934 60.336005135192366 0.0 1.6431676725154984 0.6085806194501846 1 0 0 0.8890400248203004 -0.4578294816495761 4.092697136334372
cell 1.291584585136125 33.681977106169334 0.0 1.6431676725154984 0.6085806194501846 1 0 0 0.9633165701922508 0.26836763141824366 2.598196452089579
cell 5.611803014139806 37.37216143994034 0.0 1.6431676725154984 0.6085806194501846 1 0 0 0.9863739846268115 0.16451857783067167 2.811052816054581
cell 47.639686467740326 23.510758648920316 0.0 1.6431676725154984 0.6085806194501846 1 0 0 0.9938630615001792 0.11061742622883151 2.919904119020999
cell 30.28086969159772 7.529448612036629 0.0 1.6431676725154984 0.6085806194501846 1 0 0 0.6536360707582979 -0.7568090162013488 4.8584272989680635
cell 54.21063862815584 22.016643673667954 0.0 1.6431676725154984 0.6085806194501846 1 0 0 0.9881476440396242 0.15350646103320945 2.8333610095241797
cell 2.5865831534187254 57.95920746573729 0.0 1.6431676725154984 0.6085806194501846 1 0 0 0.9993922655332355 -0.03485827867733964 3.211323337430196
cell 52.323890966656684 57.02813980589158 0.0 1.6431676725154984 0.6085806194501846 1 0 0 0.9860842795207487 -0.166246183962357 3.475635948148794
cell 65.06742947592292 27.522065504708536 0.0 1.6431676725154984 0.6085806194501846 1 0 0 0.9921377210651932 -0.125150878700731 3.3925524617133065
cell 6.257203036250274 1.9074402731215423 0.0 1.6431676725154984 0.6085806194501846 1 0 0 0.9322727921312813 0.3617560518522733 2.4012909912994207
cell 9.939535502393678 59.533811849258335 0.0 1.6431676725154984 0.6085806194501846 1 0 0 0.9559506241144168 -0.2935275187359049 3.737422296996859
cell 65.026467346519 2.8871568317784257 0.0 1.6431676725154984 0.6085806194501846 1 0 0 0.996878176258431 0.07895506126693003 2.9835180030634487
cell 6.224099374543106 40.45268295912363 0.0 1.6431676725154984 0.6085806194501846 1 0 0 0.9987102488064409 -0.05077242291812419 3.243181177822617
cell 25.28172192587507 8.751966423524923 0.0 1.6431676725154984 0.6085806194501846 1 0 0 0.7991964597903964 -0.6010698949860134 4.431270952204029
cell 57.85248268504273 27.547653088109996 0.0 1.6431676725154984 0.6085806194501846 1 0 0 0.9991766233174341 -0.040571854973250755 3.2227586414866276
cell 38.36141726538526 27.261912077112335 0.0 1.6431676725154984 0.6085806194501846 1 0 0 0.9879737437780691 -0.15462173716895758 3.4520818027342157
cell 16.394979166317004 10.634290069940242 0.0 1.6431676725154984 0.6085806194501846 1 0 0 0.43874000850857897 0.8986140467040853 0.908392085752725
cell 44.118244261047536 18.969108860071156 0.0 1.6431676725154984 0.6085806194501846 1 0 0 0.7279083940316846 -0.6856743905806996 4.652652198236346
cell 45.584305748420306 11.989942374119357 0.0 1.6431676725154984 0.6085806194501846 1 0 0 0.8813824844546594 -0.4724033404798616 4.125623806834434
cell 56.35900987765891 17.657206245694113 0.0 1.6431676725154984 0.6085806194501846 1 0 0 -0.001988837209837506 -0.9999980222613206 0.003977677041944183
cell 0.6637620858301783 25.801141995307223 0.0 1.6431676725154984 0.6085806194501846 1 0 0 0.9974312017024651 0.07163098401094593 2.9982078890162867
cell 38.63437623677198 35.907837785407125 0.0 1.6431676725154984 0.6085806194501846 1 0 0 0.9559049294284124 -0.2936762944033138 3.7377335666779454
cell 24.70002246930944 52.51552987965495 0.0 1.6431676725154984 0.6085806194501846 1 0 0 0.9980050551203112 -0.06313406334384424 3.2679448133220905
cell 40.874604686805725 52.96200869588775 0.0 1.6431676725154984 0.6085806194501846 1 0 0 0.793683656581394 -0.6083307104491668 4.449504000882694
cell 19.466453142815666 4.800556720027932 0.0 1.0 1.0 1 0 0 0.0 1.0 0
cell 20.301018487578798 46.032466402227165 0.0 1.0 1.0 1 0 0 0.0 1.0 0
cell 65.51494236709361 31.892176991755196 0.0 1.6431676725154984 0.6085806194501846 1 0 0 0.9999903866750067 0.00438480986708148 3.1328230057537874
cell 31.14295876030634 31.544085066653544 0.0 1.6431676725154984 0.6085806194501846 1 0 0 0.9709780525799895 -0.23916860456165884 3.624611684139818
cell 27.7047906953233 22.33122681406896 0.0 1.6431676725154984 0.6085806194501846 1 0 0 -0.29163065404322885 0.9565310040047413 5.6913229992863
cell 42.027321833261766 10.340144519955768 0.0 1.6431676725154984 0.6085806194501846 1 0 0 0.915305773961057 -0.402759655568368 3.9706523790801342
cell 66.88075853224284 56.78287947882046 0.0 1.6431676725154984 0.6085806194501846 1 0 0 0.903515647504392 0.428555101141871 2.255806707593631
cell 45.73749972506188 63.68179501917173 0.0 1.6431676725154984 0.6085806194501846 1 0 0 0.6095404842813227 0.7927549419726695 1.310961635148372
cell 10.696109196448052 49.65181549771857 0.0 1.6431676725154984 0.6085806194501846 1 0 0 0.9998266903392117 -0.01861690858703528 3.178828621906398
cell 41.135788003413865 15.741121651651332 0.0 1.6431676725154984 0.6085806194501846 1 0 0 -0.6374416183620044 0.7704986587788643 4.900838781061039
cell 21.475789183166476 5.07247406719487 0.0 1.0 1.0 1 0 0 0.0 1.0 0
cell 20.72770335840009 57.98469550533113 0.0 1.6431676725154984 0.6085806194501846 1 0 0 0.998416761538308 -0.05624918025497982 3.2541504223014743
cell 60.35694174475157 22.713242616424246 0.0 1.6431676725154984 0.6085806194501846 1 0 0 0.8165476974259279 0.5772779727552535 1.9108103200802002
cell 16.531928538071945 53.87715409742786 0.0 1.6431676725154984 0.6085806194501846 1 0 0 0.9937159631150849 -0.11193116031855975 3.365925075786987
cell 45.19890584855262 66.6325152318183 0.0 1.6431676725154984 0.6085806194501846 1 0 0 0.6966402821149786 0.7174206000211891 1.541407461754549
cell 61.32762261192619 19.91280910015802 0.0 1.6431676725154984 0.6085806194501846 1 0 0 0.6550164900324048 0.755614582830181 1.428408887215707
cell 26.827295222071157 29.145592973575628 0.0 1.6431676725154984 0.6085806194501846 1 0 0 0.9652695342521689 0.26125605494342324 2.6129462093876796
cell 56.44824991701241 10.327366044949981 0.0 1.6431676725154984 0.6085806194501846 1 0 0 0.9686152776118612 0.24856476817299963 2.6391961794026226
cell 58.59625697312426 0.7508027510521421 0.0 1.6431676725154984 0.6085806194501846 1 0 0 0.8676860833706609 0.49711252320262717 2.101057050817622
cell 9.428639338769546 42.79224019974709 0.0 1.6431676725154984 0.6085806194501846 1 0 0 0.9979433136632226 -0.06410259522723537 3.269885809036248
cell 19.8290076106073 60.889866640986575 0.0 1.6431676725154984 0.6085806194501846 1 0 0 0.996912312053238 -0.07852287613598484 3.298800241851151
cell 39.46848124670312 25.21312737711799 0.0 1.6431676725154984 0.6085806194501846 1 0 0 0.9954382322056389 0.09540820647781055 2.9504855567629416
cell 0.02266471843794146 40.305526811982254 0.0 1.6431676725154984 0.6085806194501846 1 0 0 0.9178272376517131 -0.39698005217469756 3.958040999095244
cell 48.571041561090226 9.01668764942255 0.0 1.6431676725154984 0.6085806194501846 1 0 0 0.7998701077309559 -0.6001731506477685 4.429027782939025
cell 41.07872130397238 50.933536560588045 0.0 1.6431676725154984 0.6085806194501846 1 0 0 0.8789974563199677 -0.4768264587698825 4.135674157624531
cell 1.1040595529333785 5.625027385064504 0.0 1.6431676725154984 0.6085806194501846 1 0 0 0.9653940215525649 0.2607956731822169 2.613900040522257
cell 32.413145605775945 56.74387399751477 0.0 1.6431676725154984 0.6085806194501846 1 0 0 0.9996021235651259 -0.02820628589677716 3.1980127083185903
cell 65.94267250251612 43.612839767547335 0.0 1.6431676725154984 0.6085806194501846 1 0 0 0.9977048545011571 -0.06771280015495551 3.2771219562630827
cell 43.94672923561437 11.217639792344638 0.0 1.6431676725154984 0.6085806194501846 1 0 0 0.8141883680746191 -0.5806008106194724 4.380525498603455
cell 10.140178550294962 0.04256459577038932 0.0 1.6431676725154984 0.6085806194501846 1 0 0 0.3064282676377582 -0.9518937528907953 5.660308274712406
cell 33.100953438111105 64.9914990486032 0.0 1.6431676725154984 0.6085806194501846 1 0 0 0.9250318093037514 -0.3798896573693841 3.9209466702372215
cell 9.557704166076212 52.83250584059361 0.0 1.6431676725154984 0.6085806194501846 1 0 0 0.9919511291406419 -0.12662131493791112 3.3955169176000783
cell 56.853893068079834 19.306755945537216 0.0 1.0 1.0 1 0 0 0.0 1.0 0
cell 55.61176856853614 12.859560785618756 0.0 1.6431676725154984 0.6085806194501846 1 0 0 0.9964880145221765 0.08373551763529372 2.9739252905434443
cell 57.16318394981301 36.90512436714443 0.0 1.6431676725154984 0.6085806194501846 1 0 0 0.9999091229824271 -0.013481312121359274 3.168556094623162
cell 31.921879579889016 33.51512460444961 0.0 1.0 1.0 1 0 0 0.0 1.0 0
cell 5.2553814749083845 57.502358809213185 0.0 1.6431676725154984 0.6085806194501846 1 0 0 0.9992217829727532 -0.039443991085488656 3.2205011061233897
cell 2.7779527174523166 46.986649233613335 0.0 1.6431676725154984 0.6085806194501846 1 0 0 0.9999992103555602 -0.0012566973605584318 3.144106048972473
cell 10.444654877467892 4.335884241070205 0.0 1.6431676725154984 0.6085806194501846 1 0 0 0.7017343101291593 0.7124387398138544 1.5556578326015222
cell 29.24949164193098 56.741435943867636 0.0 1.6431676725154984 0.6085806194501846 1 0 0 0.9933398896494855 0.11522093399702994 2.91063782937381
cell 43.92781086131878 44.05922918386294 0.0 1.6431676725154984 0.6085806194501846 1 0 0 0.9296428583632507 -0.36846187848162143 3.896300548801163
cell 36.22963790959748 37.082087354309266 0.0 1.6431676725154984 0.6085806194501846 1 0 0 0.8939396324055916 -0.44818738671961283 4.07106592837633
cell 9.47044753722088 48.51288261566803 0.0 1.6431676725154984 0.6085806194501846 1 0 0 0.9989795725219681 -0.045164296560734084 3.2319519838504602
cell 29.339404137441132 34.1954413307902 0.0 1.6431676725154984 0.6085806194501846 1 0 0 0.9931960850602023 0.11645401075569409 2.908154961475119
cell 23.581454025110308 5.360548484325417 0.0 1.0 1.0 1 0 0 0.0 1.0 0
cell 35.67057290386943 40.569041741247005 0.0 1.0 1.0 1 0 0 0.0 1.0 0
cell 62.741335605712536 20.69363609330971 0.0 1.6431676725154984 0.6085806194501846 1 0 0 0.8468521867227417 0.531828331177374 2.0200764964335214
cell 47.80232322364776 22.199019746275297 0.0 1.6431676725154984 0.6085806194501846 1 0 0 0.9999757964969637 -0.006957472261036262 3.15550771037642
cell 61.975942639652345 26.401238858135166 0.0 1.6431676725154984 0.6085806194501846 1 0 0 0.9860371854798816 -0.16652527991543392 3.4762020308291297
cell 27.36664447211483 38.119628326191574 0.0 1.0 1.0 1 0 0 0.0 1.0 0
cell 33.04058979848846 16.111263325006707 0.0 1.6431676725154984 0.6085806194501846 1 0 0 -0.13290385659300052 -0.9911289345502466 0.2665965120987348
cell 47.3317768870304 17.42061421771197 0.0 1.6431676725154984 0.6085806194501846 1 0 0 0.7109893695712642 -0.7032027562208899 4.701376990539842
cell 24.345695681367395 47.302394460820075 0.0 1.0 1.0 1 0 0 0.0 1.0 0
cell 43.52785352572501 15.89268672908352 0.0 1.6431676725154984 0.6085806194501846 1 0 0 0.736468565656667 -0.676471767185898 4.62751522188306
cell 0.840110760289073 42.349539141387645 0.0 1.6431676725154984 0.6085806194501846 1 0 0 0.9345205798426913 -0.3559090977349131 3.869366019849536
cell 35.16138563912971 3.6261937658902563 0.0 1.6431676725154984 0.6085806194501846 1 0 0 0.9725302773351181 -0.23277641561480875 3.6114557520566497
cell 56.4467305698761 22.407377217273535 0.0 1.6431676725154984 0.6085806194501846 1 0 0 0.9970696929111412 0.07649854559455725 2.9884459441947735
cell 58.61620296032568 65.93665437870598 0.0 1.6431676725154984 0.6085806194501846 1 0 0 0.8983826757353245 0.4392135789552035 2.2321464302757743
cell 36.59517706457241 25.23708180955737 0.0 1.6431676725154984 0.6085806194501846 1 0 0 0.992264278806473 0.12414346944028061 2.8926635008959187
cell 15.84793328187061 65.23923270233894 0.0 1.0 1.0 1 0 0 0.0 1.0 0
cell 52.186566949474795 24.442498532764606 0.0 1.6431676725154984 0.6085806194501846 1 0 0 0.9909536598390807 0.13420448595904552 2.872371368571812
cell 11.408546838749604 11.657643673926575 0.0 1.6431676725154984 0.6085806194501846 1 0 0 0.9341245841389404 0.3569471407747255 2.411597264758734
cell 16.96661319977729 8.745609035353985 0.0 1.6431676725154984 0.6085806194501846 1 0 0 0.637982129806838 0.7700511684603374 1.3837499508260058
cell 60.8791331170893 6.0214573925643995 0.0 1.6431676725154984 0.6085806194501846 1 0 0 0.9476518253787408 0.31930552431228076 2.491599537017913
cell 53.005330631852715 20.371859724772456 0.0 1.6431676725154984 0.6085806194501846 1 0 0 0.938431814553448 0.3454645125536382 2.436125197393453
cell 6.578774988997585 54.02471044210927 0.0 1.6431676725154984 0.6085806194501846 1 0 0 0.9885239102155802 -0.15106448600547936 3.444882710308425
cell 27.645807734564947 5.442621782001896 0.0 1.0 1.0 1 0 0 0.0 1.0 0
cell 44.486965078677756 31.085979696090913 0.0 1.6431676725154984 0.6085806194501846 1 0 0 0.8808860549502523 0.4733283830430846 2.1554618374218744
cell 19.685957492683784 54.6942287590778 0.0 1.6431676725154984 0.6085806194501846 1 0 0 0.9942583279919802 -0.10700643540737124 3.356016064671043
cell 3.226056814727032 0.9668783023200482 0.0 1.6431676725154984 0.6085806194501846 1 0 0 0.9580949910197054 0.2864506732108525 2.560552236149055
cell 32.27645977793327 37.71283413280392 0.0 1.0 1.0 1 0 0 0.0 1.0 0
cell 44.69281609230792 9.881771798131478 0.0 1.6431676725154984 0.6085806194501846 1 0 0 0.9528141005006162 -0.3035544265649927 3.7584344531221596
cell 21.6523756188589 39.9347874051218 0.0 1.6431676725154984 0.6085806194501846 1 0 0 0.9804630071048226 0.19670356300527075 2.745603339572036
cell 5.719752941224127 49.51373430353002 0.0 1.6431676725154984 0.6085806194501846 1 0 0 0.9904676202737775 -0.1377457556122876 3.4179628794579915
cell 60.666265685297894 28.180099069682473 0.0 1.6431676725154984 0.6085806194501846 1 0 0 0.9993995859249291 0.03464776548466463 3.0722832506181175
cell 46.559866514435946 51.42623863649763 0.0 1.6431676725154984 0.6085806194501846 1 0 0 0.9726291089210201 -0.23236311342272573 3.6106058429154584
cell 57.66769623465487 3.8355041656170035 0.0 1.6431676725154984 0.6085806194501846 1 0 0 0.7295800289850479 0.6838954461803183 1.6354153254710495
cell 55.30684409548098 27.698025364830436 0.0 1.6431676725154984 0.6085806194501846 1 0 0 0.9926432529532183 -0.12107589506773417 3.3843400131648362
cell 34.286610889122294 41.57934537733265 0.0 1.0 1.0 1 0 0 0.0 1.0 0
cell 38.110335063805906 42.49339415974183 0.0 1.6431676725154984 0.6085806194501846 1 0 0 0.7873119904343334 -0.6165548067433487 4.470311198250358
cell 23.090328472197076 20.087211749580103 0.0 1.6431676725154984 0.6085806194501846 1 0 0 0.99947735003769 -0.03232687367557898 3.206257667055819
cell 22.4313731425984 32.35188645801752 0.0 1.6431676725154984 0.6085806194501846 1 0 0 0.9226646471281406 0.3856033570132707 2.3498693293938326
cell 24.065454354878973 59.72203228948289 0.0 1.6431676725154984 0.6085806194501846 1 0 0 0.9989355306902558 -0.046128142435796854 3.2338816870670577
cell 29.458991221825798 25.819971838378105 0.0 1.6431676725154984 0.6085806194501846 1 0 0 0.9671051187201188 0.2543770613584188 2.6271856106679747
cell 55.293205993446044 23.86235030502856 0.0 1.6431676725154984 0.6085806194501846 1 0 0 0.9861552139447533 0.16582488959615774 2.808403807714509
cell 26.111554979108202 0.04170224571292513 0.0 1.0 1.0 1 0 0 0.0 1.0 0
cell 0.33455230033648603 49.677111730708184 0.0 1.6431676725154984 0.6085806194501846 1 0 0 0.9729137687995892 -0.23116833364494244 3.6081493982053088
cell 22.81851618950746 61.5755191190431 0.0 1.6431676725154984 0.6085806194501846 1 0 0 0.9995267824861089 -0.030760544419216614 3.203123448551065
cell 45.984770424626205 25.789277740812686 0.0 1.6431676725154984 0.6085806194501846 1 0 0 0.9989263345697804 -0.04632686157061623 3.2342795506783903
cell 1.5563228188619471 60.19763036532877 0.0 1.6431676725154984 0.6085806194501846 1 0 0 0.9523708020041577 -0.3049423806064967 3.7613485089581786
cell 34.13085623207246 43.48610929420245 0.0 1.0 1.0 1 0 0 0.0 1.0 0
cell 28.3385332326405 48.17048971654395 0.0 1.0 1.0 1 0 0 0.0 1.0 0
cell 52.10554897916516 15.980584753019471 0.0 1.6431676725154984 0.6085806194501846 1 0 0 0.861762044049346 0.5073127037990406 2.077465565964814
cell 1.8975018318633783 2.6912011648265057 0.0 1.6431676725154984 0.6085806194501846 1 0 0 0.9908352621981679 0.135075842343063 2.8706126417605398
cell 11.302052007277783 62.58309652304067 0.0 1.6431676725154984 0.6085806194501846 1 0 0 0.9594023998808391 -0.28204083942380864 3.7134339429723973
cell 37.308232834471944 56.343997149315214 0.0 1.6431676725154984 0.6085806194501846 1 0 0 0.32475945629831926 0.9457966459788383 0.6615147755663713
cell 39.793221768994954 8.731600519436885 0.0 1.6431676725154984 0.6085806194501846 1 0 0 0.9175482193267727 -0.3976245279283822 3.95944556343056
cell 49.651074976670515 16.385942300320433 0.0 1.6431676725154984 0.6085806194501846 1 0 0 0.7990420327947901 0.6012751698076094 1.8514006023124359
cell 39.56693642508184 34.774252052094845 0.0 1.0 1.0 1 0 0 0.0 1.0 0
cell 9.528821633339932 16.708199490903798 0.0 1.6431676725154984 0.6085806194501846 1 0 0 0.4972558483382748 0.8676039541711313 1.0408659801320845
cell 0.6036453173844623 53.4441924162114 0.0 1.6431676725154984 0.6085806194501846 1 0 0 0.9979349547977817 -0.06423259291628598 3.2701463413360803
cell 65.7680108786719 23.223637916919934 0.0 1.6431676725154984 0.6085806194501846 1 0 0 0.961005760066078 0.27652835138520554 2.5812332418899517
cell 35.771804873359216 59.16668983477753 0.0 1.6431676725154984 0.6085806194501846 1 0 0 0.9818918099011517 -0.189442533896273 3.5227813904459437
cell 40.95924575474708 60.45135022181792 0.0 1.6431676725154984 0.6085806194501846 1 0 0 0.46184850277965744 0.8869588268235391 0.9601563225380702
cell 53.30689835968499 55.902291874304936 0.0 1.6431676725154984 0.6085806194501846 1 0 0 0.9997951532607368 0.020239849711395662 3.1011101898956888
cell 14.959464250826498 36.668637153535286 0.0 1.6431676725154984 0.6085806194501846 1 0 0 0.9587580242354102 0.2842235932575138 2.5651996012490836
cell 41.53381148499567 45.736148639807425 0.0 1.6431676725154984 0.6085806194501846 1 0 0 0.9779232374115634 -0.2089644508773848 3.562624479452466
cell 6.970169188218562 61.574280585547356 0.0 1.6431676725154984 0.6085806194501846 1 0 0 0.928001340773495 -0.37257685317608713 3.9051611647700897
cell 42.274305604641675 53.879939940321776 0.0 1.6431676725154984 0.6085806194501846 1 0 0 0.7779270264784975 -0.6283546303436643 4.500465315151992
cell 57.48629473799894 7.089635170645547 0.0 1.6431676725154984 0.6085806194501846 1 0 0 -0.744507679078352 -0.6676138972440325 1.679594207914195
cell 5.959288866446728 47.098495356817374 0.0 1.6431676725154984 0.6085806194501846 1 0 0 0.9944806243625974 0.10492038775842533 2.931364960365663
cell 46.85510430550348 32.68547856542711 0.0 1.0 1.0 1 0 0 0.0 1.0 0
cell 57.08174287889598 14.89510732634588 0.0 1.6431676725154984 0.6085806194501846 1 0 0 0.9932847258305224 -0.11569552036178385 3.373503041030007
cell 17.42767922481168 61.36486062111653 0.0 1.6431676725154984 0.6085806194501846 1 0 0 0.9993016874922991 -0.037364921718685586 3.216339896815581
cell 0.7537455512657376 58.55971654344297 0.0 1.6431676725154984 0.6085806194501846 1 0 0 0.9874857728633739 -0.15770811137168883 3.458331228076512
cell 21.9428390274716 60.35899700668672 0.0 1.6431676725154984 0.6085806194501846 1 0 0 0.9970738186414463 -0.07644475246715284 3.2946314607659812
cell 34.45517453985241 8.189506258304263 0.0 1.6431676725154984 0.6085806194501846 1 0 0 0.9694022729561632 -0.2454775614744136 3.637617247220231
cell 25.175204695173587 16.232793443454344 0.0 1.6431676725154984 0.6085806194501846 1 0 0 0.9996374825856298 -0.026924030342143253 3.1954472221710226
cell 40.44059493750911 23.39183602971584 0.0 1.0 1.0 1 0 0 0.0 1.0 0
cell 27.259584899997385 1.175514536935892 0.0 1.0 1.0 1 0 0 0.0 1.0 0
cell 42.77774253570915 22.225606628924172 0.0 1.6431676725154984 0.6085806194501846 1 0 0 0.9391416285251961 -0.34353020474340024 3.8429392438183174
cell 28.743246099210104 3.9617527721998407 0.0 1.0 1.0 1 0 0 0.0 1.0 0
cell 18.775979007351573 29.50080413693192 0.0 1.6431676725154984 0.6085806194501846 1 0 0 0.5317256616484208 0.8469166551347004 1.1212736930695788
cell 46.40766716951126 43.55150373647865 0.0 1.6431676725154984 0.6085806194501846 1 0 0 0.8922089315119067 -0.4516228764471323 4.078759544821025
cell 53.69114435559417 11.596276966265847 0.0 1.6431676725154984 0.6085806194501846 1 0 0 0.9377738292979815 0.34724666317158503 2.4323257203205544
cell 47.558049992922456 61.990930585528524 0.0 1.6431676725154984 0.6085806194501846 1 0 0 0.8148774297292342 -0.579633310393629 4.378149903674394
cell 0.7820170552013113 54.714115087264545 0.0 1.6431676725154984 0.6085806194501846 1 0 0 0.995732637126182 -0.09228496823285517 3.3264255813201284
cell 27.247461456516664 42.714652674189516 0.0 1.0 1.0 1 0 0 0.0 1.0 0
cell 60.603570538468624 34.94805389996854 0.0 1.6431676725154984 0.6085806194501846 1 0 0 0.980022679444384 -0.19888576564110863 3.5420343372414194
cell 46.18158067829349 45.41446057877455 0.0 1.6431676725154984 0.6085806194501846 1 0 0 0.890589863197948 -0.45480731696957155 4.085904349148289
cell 33.26425382831023 28.800213434484032 0.0 1.6431676725154984 0.6085806194501846 1 0 0 0.9706785085697203 0.24038143231302947 2.656075081087702
cell 34.129116814009464 19.98827727943769 0.0 1.6431676725154984 0.6085806194501846 1 0 0 0.9181597992714238 0.3962102762446461 2.326821391570151
cell 35.80773996990233 28.435684117251185 0.0 1.6431676725154984 0.6085806194501846 1 0 0 0.9777372088694799 -0.20983314893533606 3.5644012664248033
cell 45.063277372631966 46.24002245488189 0.0 1.6431676725154984 0.6085806194501846 1 0 0 0.9313383452409607 -0.3641550311115159 3.8870434113884267
cell 21.324965992386364 11.135848732230937 0.0 1.6431676725154984 0.6085806194501846 1 0 0 0.8446689407307301 0.5352890626239495 2.011892793465231
cell 40.32495827661738 18.62711854448793 0.0 1.6431676725154984 0.6085806194501846 1 0 0 0.6422814075349126 0.7664689123082368 1.3949421677375673
cell 12.883453033232657 12.052687374356005 0.0 1.6431676725154984 0.6085806194501846 1 0 0 0.9658317694615474 0.2591698151767994 2.6172675548312903
cell 29.063707214805472 46.53266208552536 0.0 1.6431676725154984 0.6085806194501846 1 0 0 -0.09427726494911601 0.9955459795075836 6.094350335667249
cell 15.882991506852838 42.8640375895269 0.0 1.6431676725154984 0.6085806194501846 1 0 0 0.9984955107215108 0.05483352139876932 3.031870580043531
cell 36.99425644698616 61.20852362801328 0.0 1.6431676725154984 0.6085806194501846 1 0 0 0.9084707819806139 -0.41794836796849894 4.003964269641858
cell 49.714835015169996 25.585808861658624 0.0 1.6431676725154984 0.6085806194501846 1 0 0 0.9945532160772224 0.10423003593232537 2.93275327620895
cell 54.589824857460954 25.86232999082388 0.0 1.6431676725154984 0.6085806194501846 1 0 0 0.997605474750879 0.06916152649467228 3.00315908872951
cell 51.89864181930703 10.428894299246702 0.0 1.6431676725154984 0.6085806194501846 1 0 0 0.9584396714883399 0.2852952788205988 2.5629636597937937
cell 53.8221290384544 21.099100895038 0.0 1.6431676725154984 0.6085806194501846 1 0 0 0.9682908183993617 0.24982572126083083 2.6365921235585335
cell 1.8883684875582585 51.593147244410744 0.0 1.6431676725154984 0.6085806194501846 1 0 0 0.9720293698610141 -0.23485932838105442 3.615740345687157
cell 39.52742803044742 32.79767617400309 0.0 1.6431676725154984 0.6085806194501846 1 0 0 0.8673576759744028 -0.4976853041112254 4.183448755363112
cell 41.554750587253274 4.423887241080307 0.0 1.6431676725154984 0.6085806194501846 1 0 0 0.9896350933905104 -0.14360495092424885 3.4297989891118723
cell 47.14591981101636 30.857501700444136 0.0 1.6431676725154984 0.6085806194501846 1 0 0 0.928602178543997 0.3710768033754505 2.38125595676
cell 37.00832728407903 39.50325017904269 0.0 1.6431676725154984 0.6085806194501846 1 0 0 0.8120825370146202 -0.583542588913524 4.387761132165363
cell 17.899425042558757 63.46145804155634 0.0 1.6431676725154984 0.6085806194501846 1 0 0 0.9855197829946075 -0.16956048279673477 3.482360007559157
cell 63.19750649168216 59.02102493491333 0.0 1.6431676725154984 0.6085806194501846 1 0 0 0.6668520924606736 0.7451901011022767 1.459952917442725
cell 21.10511466644016 59.15045091547001 0.0 1.6431676725154984 0.6085806194501846 1 0 0 0.9986194334178171 -0.05252834663567735 3.246697719494847
cell 57.78130407739644 25.308313300638538 0.0 1.6431676725154984 0.6085806194501846 1 0 0 0.9851197944461931 0.1718691088889744 2.796139257459255
cell 49.13418933740972 29.774867308252194 0.0 1.6431676725154984 0.6085806194501846 1 0 0 0.9779572913203255 -0.2088050199430371 3.5622984249074108
cell 20.232241260315853 50.68202963987998 0.0 1.6431676725154984 0.6085806194501846 1 0 0 0.9827630649148666 -0.18486957088482023 3.5134709414472227
cell 25.624462003036907 12.27145988427517 0.0 1.6431676725154984 0.6085806194501846 1 0 0 0.9651241110600294 -0.26179276202864754 3.6713512172245384
cell 13.118826304510343 21.389694725110317 0.0 1.6431676725154984 0.6085806194501846 1 0 0 0.6580915186378707 0.7529379477067821 1.4365624630024367
cell 60.77536038894334 9.914764438674412 0.0 1.6431676725154984 0.6085806194501846 1 0 0 0.9659373338392262 0.25877609452104994 2.618082808889604
cell 58.426593813847255 8.194146891710991 0.0 1.6431676725154984 0.6085806194501846 1 0 0 0.9263923688389424 0.37655966188238077 2.3694330809503206
cell 50.93083303828716 22.011533716090856 0.0 1.6431676725154984 0.6085806194501846 1 0 0 0.9917836846007115 -0.12792624030993902 3.398148166847241
cell 58.95830860720712 2.55136107708546 0.0 1.6431676725154984 0.6085806194501846 1 0 0 0.8277990416553511 0.5610247290757175 1.9503462987442264
cell 63.472113127663164 9.51841145029142 0.0 1.6431676725154984 0.6085806194501846 1 0 0 0.9699928072645246 0.24313361317408722 2.6504024481311266
cell 37.86435399351644 38.431502790854715 0.0 1.6431676725154984 0.6085806194501846 1 0 0 0.8844157263678871 -0.466699928169228 4.1127041143299765
cell 64.9602556078906 0.7374515046327018 0.0 1.6431676725154984 0.6085806194501846 1 0 0 0.9760862930580392 0.2173834135904019 2.7033267037646613
cell 7.1619760052750925 37.91708027730691 0.0 1.6431676725154984 0.6085806194501846 1 0 0 0.9701657727062897 0.24244251580365975 2.6518272746341403
cell 20.36557607270689 33.809278209089236 0.0 1.6431676725154984 0.6085806194501846 1 0 0 0.8773739661637797 0.4798071732457099 2.140722809512426
cell 19.82998407014048 12.905844672562385 0.0 1.6431676725154984 0.6085806194501846 1 0 0 0.6746346942900243 0.7381517657366983 1.4809393955907497
cell 1.007702602810509 4.157830481327162 0.0 1.6431676725154984 0.6085806194501846 1 0 0 0.9855755834777916 0.16923583914883583 2.8014841082209374
cell 3.916357918432077 12.366499951607857 0.0 1.6431676725154984 0.6085806194501846 1 0 0 0.8742025289090913 0.4855614672201134 2.1275820228223337
cell 6.7743943286524475 3.4680836597490736 0.0 1.6431676725154984 0.6085806194501846 1 0 0 0.9991027169664786 0.04235281513902837 3.056861679240217
cell 11.539958570024213 43.93191549993189 0.0 1.6431676725154984 0.6085806194501846 1 0 0 0.9963711389471993 -0.08511494271313838 3.3120287519080565
cell 41.953790510099445 31.104352056664645 0.0 1.6431676725154984 0.6085806194501846 1 0 0 0.9051259290066961 -0.4251435670920653 4.0198336441936915
cell 33.17090994774526 51.83760694175759 0.0 1.6431676725154984 0.6085806194501846 1 0 0 0.294421409759562 0.9556756947182408 0.5977000737306056
cell 53.27364836986774 29.699874577577265 0.0 1.6431676725154984 0.6085806194501846 1 0 0 0.9812609797906617 -0.19268339196793904 3.5293847585477063
cell 25.832809959846983 62.23787875765554 0.0 1.6431676725154984 0.6085806194501846 1 0 0 0.9858763553916582 -0.1674748096868927 3.478128139004543
cell 0.9419941571610044 1.7077355351404504 0.0 1.6431676725154984 0.6085806194501846 1 0 0 0.9214460039809808 0.3885064500719164 2.343572330547932
cell 45.854618560338615 16.90632965768361 0.0 1.6431676725154984 0.6085806194501846 1 0 0 0.8400523263679073 -0.5425053815068263 4.288425970484085
cell 17.480221133268937 5.731930849980055 0.0 1.6431676725154984 0.6085806194501846 1 0 0 0.7631511402114883 0.6462200377533223 1.7363508784238637
cell 3.1240081719306265 60.01669475018406 0.0 1.6431676725154984 0.6085806194501846 1 0 0 0.8881979715307569 -0.45946094868731646 4.096369051030814
cell 22.62097605404713 33.54920518208375 0.0 1.6431676725154984 0.6085806194501846 1 0 0 0.9224963727966402 0.3860057540724519 2.348996999990693
cell 39.06237325259386 4.0196439202817 0.0 1.6431676725154984 0.6085806194501846 1 0 0 0.9426982818762085 -0.3336464436310457 3.8219307187535434
cell 48.53518448616029 33.64127695487824 0.0 1.0 1.0 1 0 0 0.0 1.0 0
cell 18.574090645228967 51.183725717655996 0.0 1.6431676725154984 0.6085806194501846 1 0 0 0.9873895874946509 -0.158309199060393 3.459548697659066
cell 26.815763843487854 40.68514695694858 0.0 1.6431676725154984 0.6085806194501846 1 0 0 0.8678614322160391 0.49680633497563753 2.1017627375731
cell 66.13415501787264 62.539734452848336 0.0 1.6431676725154984 0.6085806194501846 1 0 0 0.8065922603072052 0.5911082181906404 1.876728451333163
cell 66.58306682621371 24.77827442624153 0.0 1.6431676725154984 0.6085806194501846 1 0 0 0.9624939494403446 0.27130314648143555 2.5920992524747284
cell 30.616143740093463 45.75174115518496 0.0 1.6431676725154984 0.6085806194501846 1 0 0 0.36997432748755565 0.9290419780613419 0.7579627744517382
cell 37.025561528298965 3.5040992977584464 0.0 1.6431676725154984 0.6085806194501846 1 0 0 0.8817805431040244 -0.47165991328834783 4.123937230753068
cell 30.636553646360092 43.0695800395523 0.0 1.6431676725154984 0.6085806194501846 1 0 0 0.9953593103644413 -0.0962280794301947 3.3343470759502583
cell 12.708514501555706 58.00714202614759 0.0 1.6431676725154984 0.6085806194501846 1 0 0 0.9911075652572334 -0.1330631206979562 3.408510548338133
cell 25.23869692240333 44.596099135017525 0.0 1.6431676725154984 0.6085806194501846 1 0 0 0.0009156467288902488 0.999999580795446 0.0018312937136760596
cell 29.997269077268136 43.90814437311923 0.0 1.6431676725154984 0.6085806194501846 1 0 0 0.21195022165908262 0.9772804630906451 0.4271401785831451
cell 63.139800992330485 66.30735587732873 0.0 1.6431676725154984 0.6085806194501846 1 0 0 0.9871710748410651 0.15966611724826324 2.8208878097492005
cell 29.950575332176037 11.822477343865996 0.0 1.6431676725154984 0.6085806194501846 1 0 0 0.46040473448990515 0.8877091192836085 0.9569021521465912
cell 12.677837209137339 66.4268845971847 0.0 1.0 1.0 1 0 0 0.0 1.0 0
cell 5.428501975053636 61.7214249520313 0.0 1.6431676725154984 0.6085806194501846 1 0 0 0.9271485245773174 -0.374694026338963 3.9097261269508
cell 12.687687936177772 54.91225361098521 0.0 1.6431676725154984 0.6085806194501846 1 0 0 0.9995212992732099 -0.03093820129216369 3.203478931491371
cell 29.052558265174728 33.02638544861091 0.0 1.6431676725154984 0.6085806194501846 1 0 0 0.9949508997729481 -0.1003628768071182 3.3426569191244178
cell 50.08214721375247 33.53354327871139 0.0 1.0 1.0 1 0 0 0.0 1.0 0
cell 18.294985596838423 58.42596154105737 0.0 1.6431676725154984 0.6085806194501846 1 0 0 0.9989712773704612 -0.045347403330611054 3.2323185729872734
cell 60.240732709395964 14.68614611385885 0.0 1.6431676725154984 0.6085806194501846 1 0 0 0.9951728616023087 0.09813753374867484 2.945001159395612
cell 36.80263368709608 33.48924645195202 0.0 1.0 1.0 1 0 0 0.0 1.0 0
cell 60.980738548080524 7.321938202217439 0.0 1.6431676725154984 0.6085806194501846 1 0 0 0.9836885386687295 0.17988012367068054 2.779863482035142
cell 24.558459258840738 66.84081158889651 0.0 1.0 1.0 1 0 0 0.0 1.0 0
cell 22.24182633420408 12.72220448164483 0.0 1.0 1.0 1 0 0 0.0 1.0 0
cell 38.099117922049466 46.73365869099438 0.0 1.6431676725154984 0.6085806194501846 1 0 0 0.759091858575049 -0.6509835253253939 4.559351410676622
cell 18.18986367110071 13.96068317022793 0.0 1.6431676725154984 0.6085806194501846 1 0 0 0.9725398068488017 -0.2327365980985704 3.611373868084331
cell 60.116738994546544 37.90388111517706 0.0 1.6431676725154984 0.6085806194501846 1 0 0 0.9315353332200142 -0.3636508256042835 3.8859607711627366
cell 31.81130674223059 45.05585516953223 0.0 1.0 1.0 1 0 0 0.0 1.0 0
cell 43.26176933662569 52.625994742973674 0.0 1.6431676725154984 0.6085806194501846 1 0 0 0.8982462112826627 -0.4394925982497796 4.051660083195994
cell 35.91453875541038 34.36494566937164 0.0 1.6431676725154984 0.6085806194501846 1 0 0 0.9511310260445157 -0.30878758280654145 3.769428768011383
cell 58.17175459783167 44.11253961289683 0.0 1.6431676725154984 0.6085806194501846 1 0 0 0.549026755346209 0.8358047750007258 1.1623987035068333
cell 40.28094094331517 39.896925181631566 0.0 1.6431676725154984 0.6085806194501846 1 0 0 0.9466382738129351 -0.32229796547987494 3.797904630572037
cell 6.272098873373992 7.337572898033791 0.0 1.6431676725154984 0.6085806194501846 1 0 0 -0.12124012425960291 -0.9926232076017143 0.2430782555927964
cell 63.64892526711829 44.77419365061796 0.0 1.6431676725154984 0.6085806194501846 1 0 0 0.9613747558498787 -0.27524276341910625 3.6992770740195775
cell 2.1532826112746184 61.87190416675396 0.0 1.6431676725154984 0.6085806194501846 1 0 0 0.9960799146379637 -0.08845792024927396 3.3187400322543477
cell 38.07836904109742 9.617294824781563 0.0 1.6431676725154984 0.6085806194501846 1 0 0 0.9988767214634501 -0.04738454725360559 3.2363972480779926
cell 2.3869683821135714 17.581740328955917 0.0 1.6431676725154984 0.6085806194501846 1 0 0 0.7745541442991303 0.6325076106649169 1.772019777446449
cell 2.6460527534303395 35.83719261054329 0.0 1.6431676725154984 0.6085806194501846 1 0 0 0.9968839032299806 0.07888271978677407 2.9836631386959667
cell 53.294847405973414 31.60406817144994 0.0 1.6431676725154984 0.6085806194501846 1 0 0 0.956928266267187 -0.2903244619712153 3.7307244264998336
cell 38.623901318169345 24.002223879608852 0.0 1.6431676725154984 0.6085806194501846 1 0 0 0.17339815397002264 0.9848518062123806 0.348558100327248
cell 31.947310246337207 60.696654377500316 0.0 1.6431676725154984 0.6085806194501846 1 0 0 0.9752975676367447 -0.22089512118163565 3.587056989895457
cell 64.7540648941073 26.338392302748606 0.0 1.6431676725154984 0.6085806194501846 1 0 0 0.9988442901477044 -0.048063333626877175 3.2377563694832423
cell 60.53737782673582 2.5551694711307285 0.0 1.6431676725154984 0.6085806194501846 1 0 0 0.9465160926317716 0.32265660753978614 2.4845229104961795
cell 64.39656650364061 22.728102307506795 0.0 1.6431676725154984 0.6085806194501846 1 0 0 0.9506473151764243 0.31027356018174695 2.510631091705505
cell 7.90335596032693 36.03719176265762 0.0 1.6431676725154984 0.6085806194501846 1 0 0 0.997154226409227 0.07538865136223036 2.990672161836587
cell 21.81995879590016 30.87599980234617 0.0 1.6431676725154984 0.6085806194501846 1 0 0 0.8113982180663153 0.5844937396746078 1.893080690130202
cell 58.07375091028672 11.615299124968361 0.0 1.6431676725154984 0.6085806194501846 1 0 0 0.9864683227705904 0.16395196909515394 2.8122016331046087
cell 22.161299999196952 6.817524411615365 0.0 1.0 1.0 1 0 0 0.0 1.0 0
cell 11.769017568422193 51.202697340605745 0.0 1.0 1.0 1 0 0 0.0 1.0 0
cell 4.340819975035503 48.15180860976456 0.0 1.6431676725154984 0.6085806194501846 1 0 0 0.9982131048642117 -0.059754474956695 3.2611728377414573
cell 18.820601457956563 56.04994356461949 0.0 1.6431676725154984 0.6085806194501846 1 0 0 0.9980481127179643 0.062449697358030534 3.0166119321939577
cell 11.306583472826215 53.93638512190284 0.0 1.6431676725154984 0.6085806194501846 1 0 0 0.9994482732185139 0.03321368935440077 3.075153055596314
cell 52.453993906237095 34.22577460251961 0.0 1.0 1.0 1 0 0 0.0 1.0 0
cell 30.76979326606016 55.2560225080139 0.0 1.6431676725154984 0.6085806194501846 1 0 0 0.9830463147291867 0.18335741898642918 2.7727912695579295
cell 22.916948074230515 30.529357340356505 0.0 1.6431676725154984 0.6085806194501846 1 0 0 0.8684234324064725 0.4958232972010905 2.1040274297086787
cell 36.037123135767835 24.016108662352043 0.0 1.6431676725154984 0.6085806194501846 1 0 0 0.07775084455883124 0.9969728211793882 0.15565878983620476
cell 45.46479892751361 6.495483190158194 0.0 1.6431676725154984 0.6085806194501846 1 0 0 0.9718632240155308 -0.2355459059422135 3.6171531347162875
cell 40.90100530669162 66.02394824496366 0.0 1.6431676725154984 0.6085806194501846 1 0 0 0.9753195024875785 -0.22079825195726172 3.586858346654243
cell 36.84159710931135 41.54262263814588 0.0 1.6431676725154984 0.6085806194501846 1 0 0 0.7563443873577531 -0.6541736525666751 4.567771751783324
cell 44.07178373161431 21.654224976312726 0.0 1.6431676725154984 0.6085806194501846 1 0 0 0.9794350551104984 -0.2017596907726984 3.5479011095021793
cell 40.46630241974256 62.74283047164253 0.0 1.6431676725154984 0.6085806194501846 1 0 0 0.9342934942737736 -0.3565047917738305 3.8706410402531017
cell 8.135051262555518 53.441574949452004 0.0 1.6431676725154984 0.6085806194501846 1 0 0 0.985424457419807 -0.17011360533149328 3.4834825609199185
cell 3.8100822830913623 34.468605724112074 0.0 1.6431676725154984 0.6085806194501846 1 0 0 0.9935343388357903 0.11353201114280023 2.9140379891287234
cell 28.935972908961986 38.73664617330713 0.0 1.0 1.0 1 0 0 0.0 1.0 0
cell 37.07391861747028 65.13593844050568 0.0 1.6431676725154984 0.6085806194501846 1 0 0 0.899007179967918 -0.43793388812254697 4.048190990314557
cell 31.097562367166734 27.409054138018522 0.0 1.6431676725154984 0.6085806194501846 1 0 0 0.9313473095681322 0.3641321037208912 2.396191130916935
cell 42.92479239807294 33.479010288604854 0.0 1.6431676725154984 0.6085806194501846 1 0 0 0.8437996020105571 -0.5366583938100898 4.274536473198995
cell 48.76403901346717 59.31594014403927 0.0 1.6431676725154984 0.6085806194501846 1 0 0 0.9284809636195605 -0.37137999434015345 3.9025823981052294
cell 20.478044188740434 62.13426004950703 0.0 1.6431676725154984 0.6085806194501846 1 0 0 0.9955571900075055 -0.09415880959506445 3.3301896558080717
cell 14.601838750290971 66.82034073128368 0.0 1.0 1.0 1 0 0 0.0 1.0 0
cell 49.05362329367736 56.50153001906071 0.0 1.6431676725154984 0.6085806194501846 1 0 0 0.5615891718234999 0.8274162205870729 1.1926103894549107
cell 35.51113892235862 32.48529269530766 0.0 1.0 1.0 1 0 0 0.0 1.0 0
cell 65.51340937860893 40.13107836745518 0.0 1.6431676725154984 0.6085806194501846 1 0 0 0.8836507212765 -0.4681467748340485 4.115977399321698
cell 15.190425565522654 61.87959949921097 0.0 1.6431676725154984 0.6085806194501846 1 0 0 0.972681751203391 -0.23214265199636314 3.610152524260969
cell 5.22676447320637 58.62472831643457 0.0 1.6431676725154984 0.6085806194501846 1 0 0 0.9915192796798117 -0.1299596784515393 3.4022492799211563
cell 42.575693558058525 36.876204260896166 0.0 1.6431676725154984 0.6085806194501846 1 0 0 0.8078090168554706 -0.5894443080452961 4.402334189246227
cell 4.400307067888712 59.629572810824406 0.0 1.6431676725154984 0.6085806194501846 1 0 0 0.9493781768252016 -0.31413544430397566 3.7806843775595596
cell 51.65316208836963 20.23346914817484 0.0 1.6431676725154984 0.6085806194501846 1 0 0 0.9440566702295005 0.32978326730625396 2.4694446735706803
cell 14.964217050088285 52.69984589742667 0.0 1.6431676725154984 0.6085806194501846 1 0 0 0.9956835119744606 0.09281349030288698 2.955698125434331
cell 24.801110623545608 49.25791081623076 0.0 1.0 1.0 1 0 0 0.0 1.0 0
cell 28.08084241920485 40.9199358146379 0.0 1.6431676725154984 0.6085806194501846 1 0 0 0.9214368261738259 0.3885282169556112 2.343525085257374
cell 19.62144275461011 66.34075740403063 0.0 1.0 1.0 1 0 0 0.0 1.0 0
cell 12.567646774481693 35.9803808529504 0.0 1.6431676725154984 0.6085806194501846 1 0 0 0.8936750332023055 0.44871475909630854 2.21093932054676
cell 8.42013476988761 43.74721367274115 0.0 1.6431676725154984 0.6085806194501846 1 0 0 0.9945329467424034 -0.10442326294399928 3.3508206054118608
cell 8.900043674547476 50.45059247830005 0.0 1.6431676725154984 0.6085806194501846 1 0 0 0.995770798637097 -0.09187228407761415 3.325596691664358
cell 25.245158347427633 42.948763489517866 0.0 1.0 1.0 1 0 0 0.0 1.0 0
cell 19.772129293031725 43.95053480593613 0.0 1.6431676725154984 0.6085806194501846 1 0 0 0.9819296358120858 0.18924637463884064 2.760803462745747
cell 16.482074392159863 63.791036750426755 0.0 1.6431676725154984 0.6085806194501846 1 0 0 0.94412814776227 -0.3295785803158104 3.8133070171796426
cell 50.5502774151538 13.246972745760964 0.0 1.6431676725154984 0.6085806194501846 1 0 0 -0.7881472353658463 -0.6154867467177285 1.8155858512441139
cell 60.59107018002488 66.840684352078 0.0 1.6431676725154984 0.6085806194501846 1 0 0 0.9314900003124055 0.3637669299400302 2.3969752547354704
cell 40.22566563324113 43.561382019619664 0.0 1.6431676725154984 0.6085806194501846 1 0 0 0.7474365421102697 -0.6643332112112439 4.594795379697589
cell 33.37445221818836 34.52531097187573 0.0 1.6431676725154984 0.6085806194501846 1 0 0 0.8433738283324806 -0.5373272612512933 4.276122243562925
cell 42.274751078626174 7.582167523681729 0.0 1.6431676725154984 0.6085806194501846 1 0 0 0.9493583642764092 -0.31419531533493744 3.780810505707717
cell 28.685897849690676 63.74599585317875 0.0 1.6431676725154984 0.6085806194501846 1 0 0 0.9581615076567793 -0.28622810002668797 3.722168471049647
cell 3.019282617897751 21.303462203263777 0.0 1.6431676725154984 0.6085806194501846 1 0 0 0.8986211082752673 0.43872554491632965 2.2332327585989926
cell 37.16540727878522 47.559678812200154 0.0 1.6431676725154984 0.6085806194501846 1 0 0 0.7544859931496395 -0.6563161480117659 4.573444113251721
cell 37.433399460730726 18.71644166929393 0.0 1.6431676725154984 0.6085806194501846 1 0 0 0.9971769999578397 -0.07508682144745932 3.291907769649181
cell 28.964659219219957 12.74235326588569 0.0 1.6431676725154984 0.6085806194501846 1 0 0 0.9588086652370976 -0.28405271247825703 3.717629252557084
cell 21.10311998365434 42.425684148062736 0.0 1.6431676725154984 0.6085806194501846 1 0 0 0.9974497697533016 0.07137196101471208 2.9987272643544336
cell 62.66231164957987 8.093024174703517 0.0 1.0 1.0 1 0 0 0.0 1.0 0
cell 25.03259291934826 60.917299186150004 0.0 1.6431676725154984 0.6085806194501846 1 0 0 0.9939477116038385 -0.1098542060983219 3.361745387863444
cell 54.67462280698185 15.165496125168538 0.0 1.6431676725154984 0.6085806194501846 1 0 0 0.9925276487515631 -0.12201994289333963 3.3862422126251044
cell 49.778453064752 28.842529561887105 0.0 1.6431676725154984 0.6085806194501846 1 0 0 0.9966750836520091 -0.0814786943148982 3.3047308893248846
cell 20.63377452939075 63.389901139868364 0.0 1.6431676725154984 0.6085806194501846 1 0 0 0.9998221625871752 0.01885850469958632 3.1038734081997723
cell 17.394747948141315 34.772605725395195 0.0 1.6431676725154984 0.6085806194501846 1 0 0 0.8591054680731018 0.511798588046994 2.0670385596889886
