1000
 Lattice="66.99245856906788 0.0 0.0 0.0 66.99245856906788 0.0 0.0 0.0 1.0"Properties=species:S:1:pos:R:3:aspherical_shape:R:3:orientation:R:4:Color:R:1
cell 54.87114810157682 23.89884031985239 0.0 1.0 1.0 1 0 0 0.0 1.0 0
cell 54.979703026238006 2.0681628083103116 0.0 1.6431676725154984 0.6085806194501846 1 0 0 0.8116082480831998 -0.5842020640526009 4.389385764413982
cell 8.793604102032429 14.67504763329731 0.0 1.6431676725154984 0.6085806194501846 1 0 0 0.10537654324487164 0.9944323929427087 0.2111450897607899
cell 66.73326058329803 54.43848797329744 0.0 1.6431676725154984 0.6085806194501846 1 0 0 0.9884871626122382 -0.1513047565372832 3.44536883916005
cell 55.140562483260716 35.53464074372172 0.0 1.6431676725154984 0.6085806194501846 1 0 0 0.38804254416559614 0.9216414616961909 0.7970135213459835
cell 40.91837845578941 28.573566874465516 0.0 1.6431676725154984 0.6085806194501846 1 0 0 0.31455056640634316 0.9492407182445604 0.6399663009516565
cell 42.39044741226058 13.223656438979642 0.0 1.0 1.0 1 0 0 0.0 1.0 0
cell 46.19135254606958 45.75067390556688 0.0 1.0 1.0 1 0 0 0.0 1.0 0
cell 35.31304344260699 43.30211235107195 0.0 1.6431676725154984 0.6085806194501846 1 0 0 0.8206110070954442 0.5714871608652297 1.9249587046547696
cell 15.949821284658169 16.832448787142 0.0 1.6431676725154984 0.6085806194501846 1 0 0 -0.2819935181365435 0.9594163099139887 5.711442664505009
cell 18.369674896238283 10.104448878799305 0.0 1.6431676725154984 0.6085806194501846 1 0 0 0.13541926772845064 0.9907883840295516 0.2716732320229127
cell 34.96315343406338 37.5023454181685 0.0 1.0 1.0 1 0 0 0.0 1.0 0
cell 33.29402314279556 33.96093432760898 0.0 1.0 1.0 1 0 0 0.0 1.0 0
cell 6.709686267579555 19.48207565545826 0.0 1.0 1.0 1 0 0 0.0 1.0 0
cell 22.62083527979817 12.854513303631595 0.0 1.6431676725154984 0.6085806194501846 1 0 0 0.1994738458139551 0.9799031507430673 0.40164189265166095
cell 61.576249327387316 65.77727154415729 0.0 1.6431676725154984 0.6085806194501846 1 0 0 0.5500854531059368 0.8351083727763937 1.164933120378143
cell 64.10105908096774 57.84474589833289 0.0 1.6431676725154984 0.6085806194501846 1 0 0 0.5308111667911527 0.8474901210101596 1.1191148377549085
cell 56.9155618687865 28.17994808420172 0.0 1.0 1.0 1 0 0 0.0 1.0 0
cell 56.91681902991874 12.30270459860599 0.0 1.0 1.0 1 0 0 0.0 1.0 0
cell 52.75430052133547 47.79270166116654 0.0 1.0 1.0 1 0 0 0.0 1.0 0
cell 56.58017999878009 3.086460483006415 0.0 1.6431676725154984 0.6085806194501846 1 0 0 0.8917199043233687 0.4525876845800404 2.2022624293388615
cell 62.24066152821205 33.96369000010279 0.0 1.0 1.0 1 0 0 0.0 1.0 0
cell 40.005098473349136 12.210669149362976 0.0 1.6431676725154984 0.6085806194501846 1 0 0 0.5309249995935693 0.8474188131063461 1.1193834841699557
cell 45.91404481613271 28.903366763033407 0.0 1.6431676725154984 0.6085806194501846 1 0 0 0.6563811993098995 0.7544294010657976 1.4320239048456478
cell 38.447741017297055 39.4996106438955 0.0 1.6431676725154984 0.6085806194501846 1 0 0 0.8123971425089321 -0.5831045213710162 4.386682466701188
cell 13.81670610296855 7.606966958406812 0.0 1.6431676725154984 0.6085806194501846 1 0 0 -0.07755855449483963 0.9969877986338003 6.127912262300398
cell 4.252167064602512 12.364522682752318 0.0 1.6431676725154984 0.6085806194501846 1 0 0 0.04027043073760447 0.9991888171953326 0.08056264633127366
cell 21.680217115050333 27.47207623521913 0.0 1.6431676725154984 0.6085806194501846 1 0 0 0.4704500619578286 -0.8824266197275982 5.303583834491452
cell 53.09008301426357 26.289293268193614 0.0 1.6431676725154984 0.6085806194501846 1 0 0 0.5962458807140653 0.8028018745191797 1.277633343041072
cell 2.9460003234579393 50.42909474321418 0.0 1.6431676725154984 0.6085806194501846 1 0 0 0.999095205991034 0.04252962926870345 3.0565077320617475
cell 14.556624591986942 31.6560557277052 0.0 1.6431676725154984 0.6085806194501846 1 0 0 0.10810200048980308 -0.9941398078188514 6.0665579813956665
cell 2.736674490555566 62.36099766684775 0.0 1.6431676725154984 0.6085806194501846 1 0 0 0.004850906723541794 -0.9999882342827637 6.273483455682726
cell 57.06993734904986 7.014041956451235 0.0 1.6431676725154984 0.6085806194501846 1 0 0 0.6945475563424712 -0.7194467957943115 4.747603642012459
cell 36.664298429769445 20.391178937077463 0.0 1.6431676725154984 0.6085806194501846 1 0 0 0.37966420793572675 0.9251243641870737 0.7788665995617319
cell 54.398642882237304 28.123972472842038 0.0 1.6431676725154984 0.6085806194501846 1 0 0 0.6227097704393214 0.7824529006907749 1.3444022491166783
cell 35.14884488843041 24.728224085179683 0.0 1.0 1.0 1 0 0 0.0 1.0 0
cell 53.23110160489438 13.427028265003894 0.0 1.0 1.0 1 0 0 0.0 1.0 0
cell 13.011182790255747 19.90294379718049 0.0 1.6431676725154984 0.6085806194501846 1 0 0 0.011100656888303416 -0.9999383858101699 6.260983537419754
cell 5.119150406272657 40.20237364774671 0.0 1.6431676725154984 0.6085806194501846 1 0 0 0.057262633894378794 -0.998359149184039 6.168597358622617
cell 28.56549334218511 10.165252114196017 0.0 1.6431676725154984 0.6085806194501846 1 0 0 0.3234690916876231 0.9462387366424945 0.6587867834315736
cell 54.402356527378814 33.493641666024956 0.0 1.6431676725154984 0.6085806194501846 1 0 0 0.4771754279461358 0.8788080626419071 0.9948756059257703
cell 10.439247940740847 56.70312820307077 0.0 1.6431676725154984 0.6085806194501846 1 0 0 0.6092686770007597 -0.7929638574523709 4.972909310059848
cell 26.945559527371717 15.748717628421005 0.0 1.6431676725154984 0.6085806194501846 1 0 0 0.1912623184525635 0.9815389577292132 0.38489609250160234
cell 39.9252218852931 51.022593066922845 0.0 1.6431676725154984 0.6085806194501846 1 0 0 0.8283054469813246 -0.5602767945409377 4.331032517385885
cell 40.1007302497031 16.40027553530753 0.0 1.6431676725154984 0.6085806194501846 1 0 0 0.3321781600873525 0.9432166611977235 0.6772238563232679
cell 54.921359699889294 55.323598467503274 0.0 1.6431676725154984 0.6085806194501846 1 0 0 0.9999112480667873 0.01332276208298014 3.1149463411152536
cell 11.659047584310244 62.18904213290339 0.0 1.6431676725154984 0.6085806194501846 1 0 0 0.9352548768242805 0.35397502083678123 2.417956845562381
cell 54.791084323567325 52.4607596910358 0.0 1.0 1.0 1 0 0 0.0 1.0 0
cell 36.75379708510143 10.047352808999069 0.0 1.6431676725154984 0.6085806194501846 1 0 0 0.43159072786977354 0.9020695336928518 0.8925109100673684
cell 46.196884900156206 35.068847717721 0.0 1.6431676725154984 0.6085806194501846 1 0 0 0.568259318044058 0.8228495290489641 1.2087777489235931
cell 5.645333611727252 21.511191832361582 0.0 1.6431676725154984 0.6085806194501846 1 0 0 0.6375616695880002 -0.7703993233850622 4.900527141414178
cell 38.99379107645242 53.2816756435913 0.0 1.6431676725154984 0.6085806194501846 1 0 0 0.6108470041194605 0.7917486580716635 1.314259878312982
cell 57.92012682309816 9.694801626925399 0.0 1.6431676725154984 0.6085806194501846 1 0 0 0.6218001787116312 -0.7831759302699385 4.9411069591239105
cell 61.14807814256208 15.35644190980634 0.0 1.0 1.0 1 0 0 0.0 1.0 0
cell 42.2692345291197 35.989451021686335 0.0 1.0 1.0 1 0 0 0.0 1.0 0
cell 34.39351180273212 20.820424046425213 0.0 1.6431676725154984 0.6085806194501846 1 0 0 0.20751747330216788 0.9782313112317986 0.4180730058403811
cell 63.38553497061797 46.97034825646912 0.0 1.6431676725154984 0.6085806194501846 1 0 0 -0.049157938641861104 0.998791017715159 6.184829790007647
cell 64.19212645625078 48.13132235700065 0.0 1.0 1.0 1 0 0 0.0 1.0 0
cell 57.32882952387168 44.79819305243348 0.0 1.6431676725154984 0.6085806194501846 1 0 0 -0.12145521444059589 -0.9925969125910018 0.2435116386276821
cell 21.827263065932858 64.50612696554091 0.0 1.6431676725154984 0.6085806194501846 1 0 0 0.7012078921959901 0.7129568654007455 1.5541805784067984
cell 5.166494408498859 52.46660969851052 0.0 1.6431676725154984 0.6085806194501846 1 0 0 0.9992665761847876 0.038292423792860845 3.064989077459204
cell 1.5252832947176567 42.290812389228805 0.0 1.6431676725154984 0.6085806194501846 1 0 0 0.20768251687093373 0.9781962851013871 0.41841044448351544
cell 30.72478987637528 24.7172800043621 0.0 1.0 1.0 1 0 0 0.0 1.0 0
cell 13.376973598127814 21.291707321623782 0.0 1.6431676725154984 0.6085806194501846 1 0 0 0.9865135815488488 -0.16367942271300556 3.4704311167913695
cell 4.464296520255703 11.135619934099465 0.0 1.6431676725154984 0.6085806194501846 1 0 0 0.05272037056556526 0.9986093142603014 0.10548964664878571
cell 31.915580767994694 16.557071884782864 0.0 1.6431676725154984 0.6085806194501846 1 0 0 0.2683518597854981 0.9633209638275627 0.5433634571308834
cell 55.17474336580526 42.66950993291821 0.0 1.6431676725154984 0.6085806194501846 1 0 0 0.15059356704317658 0.9885957604426656 0.3023373193393298
cell 38.292062310204464 23.86886583692797 0.0 1.6431676725154984 0.6085806194501846 1 0 0 0.32076243356245027 0.9471596809488327 0.6530686920751892
cell 49.72592701719171 44.34462617181563 0.0 1.6431676725154984 0.6085806194501846 1 0 0 -0.06338949498123544 -0.9979888636282591 0.12686404833796416
cell 27.225906642430004 18.59138432856977 0.0 1.6431676725154984 0.6085806194501846 1 0 0 -0.025922375697059432 0.9996639587572519 6.231334747679859
cell 46.66767803525754 30.864506891143385 0.0 1.6431676725154984 0.6085806194501846 1 0 0 0.6570877944899453 0.7538140555417758 1.4338978599428975
cell 21.079790970144128 41.557269184279626 0.0 1.6431676725154984 0.6085806194501846 1 0 0 0.22942435050605675 -0.9733264957838526 5.820212873717923
cell 19.465745689215847 61.482249308961016 0.0 1.6431676725154984 0.6085806194501846 1 0 0 0.6293622111726541 0.7771120943260809 1.361464443786849
cell 38.11749757797312 22.330320351355148 0.0 1.6431676725154984 0.6085806194501846 1 0 0 -0.35677982795297214 -0.9341885004461613 0.7296371773028385
cell 58.21009908863364 55.224312712477314 0.0 1.6431676725154984 0.6085806194501846 1 0 0 0.999583817370345 -0.028847739102552766 3.199296137079525
cell 46.89367921954126 41.62153902760654 0.0 1.6431676725154984 0.6085806194501846 1 0 0 -0.25791524518596565 -0.9661675456672425 0.5217276448056571
cell 22.056969818035412 19.075296794029068 0.0 1.6431676725154984 0.6085806194501846 1 0 0 0.005524945648028081 0.9999847373713192 0.011049947513195308
cell 22.553219853341847 2.008444625319996 0.0 1.6431676725154984 0.6085806194501846 1 0 0 -0.4174500768084108 -0.9086998587942291 0.8612747655165833
cell 47.50519804775962 4.278414785328934 0.0 1.6431676725154984 0.6085806194501846 1 0 0 -0.29091342344674415 -0.9567493820528422 0.5903628296816983
cell 64.65922841934315 41.07735566228113 0.0 1.6431676725154984 0.6085806194501846 1 0 0 0.5245516251076088 0.8513786423190134 1.104376763825256
cell 65.44201937996858 43.49051364884886 0.0 1.6431676725154984 0.6085806194501846 1 0 0 0.0178340373721844 0.9998409609087875 0.03566996573739695
cell 53.49446756552498 16.39906342137226 0.0 1.0 1.0 1 0 0 0.0 1.0 0
cell 7.288197535707767 21.23734221695442 0.0 1.0 1.0 1 0 0 0.0 1.0 0
cell 38.37925229168141 49.22759674059109 0.0 1.6431676725154984 0.6085806194501846 1 0 0 0.804375835602674 -0.5941207916732926 4.413937003910448
cell 46.99718093404063 28.855860722003086 0.0 1.6431676725154984 0.6085806194501846 1 0 0 -0.6590820163968623 -0.7520710708850901 1.4391949990304536
cell 42.35439471971608 23.65558262644108 0.0 1.6431676725154984 0.6085806194501846 1 0 0 0.5134132014589085 0.8581415294505413 1.0783150273913256
cell 31.077750504613608 19.642482045178298 0.0 1.6431676725154984 0.6085806194501846 1 0 0 -0.013994065753645235 0.9999020782675084 6.255196262087736
cell 44.984538201902794 17.50919149627023 0.0 1.6431676725154984 0.6085806194501846 1 0 0 0.5649006759790842 0.8251589097127738 1.2006257581060478
cell 57.066585782615995 65.52693004140225 0.0 1.0 1.0 1 0 0 0.0 1.0 0
cell 34.17332710899302 27.786026759618192 0.0 1.0 1.0 1 0 0 0.0 1.0 0
cell 66.6942604768119 22.34398249823939 0.0 1.0 1.0 1 0 0 0.0 1.0 0
cell 54.508992561033146 31.797033313815177 0.0 1.6431676725154984 0.6085806194501846 1 0 0 0.5263728524568935 0.8502538563255055 1.1086578918721823
cell 61.3914302672801 18.186533049864355 0.0 1.0 1.0 1 0 0 0.0 1.0 0
cell 32.26732916048722 36.68297205791005 0.0 1.0 1.0 1 0 0 0.0 1.0 0
cell 41.05196483753704 37.27132117488937 0.0 1.0 1.0 1 0 0 0.0 1.0 0
cell 54.983892655773104 41.05352021080282 0.0 1.6431676725154984 0.6085806194501846 1 0 0 0.3512115363085957 0.9362961373218176 0.7177295142658902
cell 2.6800649085261097 34.89247611454286 0.0 1.6431676725154984 0.6085806194501846 1 0 0 0.9809078223417841 0.19447324769412125 2.7501518202904554
cell 6.868414327838641 23.09830326820661 0.0 1.0 1.0 1 0 0 0.0 1.0 0
cell 8.802595040262021 51.91686421426139 0.0 1.6431676725154984 0.6085806194501846 1 0 0 0.8618049322943521 0.5072398433415176 2.0776346582216965
cell 34.02378663501812 46.07266293858712 0.0 1.6431676725154984 0.6085806194501846 1 0 0 -0.9949399961222953 -0.10047091179125936 2.940311220401891
cell 14.515466188023185 59.014366101081194 0.0 1.6431676725154984 0.6085806194501846 1 0 0 0.7845524887276613 0.6200624101098478 1.8039481548386262
cell 53.02766431262561 39.86905633193346 0.0 1.6431676725154984 0.6085806194501846 1 0 0 0.42022937641818087 0.9074179143014462 0.8673961690538656
cell 26.334843127051204 21.3212223849847 0.0 1.0 1.0 1 0 0 0.0 1.0 0
cell 30.639466890092432 26.2008369403776 0.0 1.0 1.0 1 0 0 0.0 1.0 0
cell 21.628941078388696 13.806343366997499 0.0 1.6431676725154984 0.6085806194501846 1 0 0 0.06930807133770589 0.9975953043431226 0.13872735953860446
cell 36.96934516744739 37.50274369565758 0.0 1.0 1.0 1 0 0 0.0 1.0 0
cell 38.99219566523127 31.093295634559205 0.0 1.0 1.0 1 0 0 0.0 1.0 0
cell 58.54231482840997 39.2977418371823 0.0 1.6431676725154984 0.6085806194501846 1 0 0 0.5271369733698599 0.8497803312071088 1.110455787154789
cell 59.017582004412326 47.85470411328214 0.0 1.0 1.0 1 0 0 0.0 1.0 0
cell 53.48364766856157 38.653441945455434 0.0 1.6431676725154984 0.6085806194501846 1 0 0 0.541212211618955 0.8408860457841594 1.1437560603947639
cell 62.907460286152784 45.00143726071716 0.0 1.6431676725154984 0.6085806194501846 1 0 0 -0.3908621042290396 -0.92044924655173 0.8031360382207628
cell 4.2862148380997125 42.0235823333928 0.0 1.6431676725154984 0.6085806194501846 1 0 0 -0.11909097922788603 0.9928833459508439 6.044436715850131
cell 7.29177458869034 51.31300297269407 0.0 1.0 1.0 1 0 0 0.0 1.0 0
cell 43.6353389344318 24.633161089916683 0.0 1.6431676725154984 0.6085806194501846 1 0 0 0.5297366131379827 0.8481622018818684 1.1165799938017706
cell 28.05755227079214 23.352317137469136 0.0 1.0 1.0 1 0 0 0.0 1.0 0
cell 53.80558919306097 36.32339628301161 0.0 1.6431676725154984 0.6085806194501846 1 0 0 0.6578706426604246 0.7531309431470465 1.4359758338589654
cell 63.85679168621045 41.83849859927762 0.0 1.6431676725154984 0.6085806194501846 1 0 0 0.43300181215585676 0.9013930500451754 0.8956406317723886
cell 59.745229958419316 49.585318297449916 0.0 1.0 1.0 1 0 0 0.0 1.0 0
cell 35.53087390772573 30.711776753834137 0.0 1.0 1.0 1 0 0 0.0 1.0 0
cell 27.291441402531056 27.635088612551616 0.0 1.6431676725154984 0.6085806194501846 1 0 0 -0.18223454254191496 -0.9832550897425036 0.3665171435387222
cell 9.03457728530023 30.09385585907359 0.0 1.6431676725154984 0.6085806194501846 1 0 0 0.9862868788896675 -0.16503997252204816 3.473189732516829
cell 56.40447533411261 1.0131857504365323 0.0 1.0 1.0 1 0 0 0.0 1.0 0
cell 4.872656077800599 53.7015733900839 0.0 1.6431676725154984 0.6085806194501846 1 0 0 0.9996572986006862 -0.026177955504174125 3.1939545462327703
cell 56.60858399544763 20.969838944301813 0.0 1.6431676725154984 0.6085806194501846 1 0 0 0.2510890309444833 0.9679639965098703 0.5076103301353888
cell 65.46911042411041 49.41183716254987 0.0 1.0 1.0 1 0 0 0.0 1.0 0
cell 66.08186427081525 46.155077174124244 0.0 1.6431676725154984 0.6085806194501846 1 0 0 -0.18035613544366208 0.9836013747488499 5.920488282823078
cell 63.60772153696922 28.47468335973566 0.0 1.6431676725154984 0.6085806194501846 1 0 0 -0.9859292064954132 0.16716339246176193 3.477496398779115
cell 19.747359032899006 2.6213946449786745 0.0 1.6431676725154984 0.6085806194501846 1 0 0 -0.39557456957336995 -0.9184338625654235 0.8133867279028193
cell 29.824124655135574 40.601584202424846 0.0 1.6431676725154984 0.6085806194501846 1 0 0 0.6825605521262338 -0.7308290447711632 4.780664197599351
cell 6.632563473129135 60.594223781436284 0.0 1.6431676725154984 0.6085806194501846 1 0 0 -0.011689513453557746 0.9999316753034775 6.259805747802946
cell 42.08490681242472 59.426740418060966 0.0 1.6431676725154984 0.6085806194501846 1 0 0 0.9924023901897119 0.12303453151756567 2.8948985115899224
cell 60.95349973822518 32.395326655210425 0.0 1.6431676725154984 0.6085806194501846 1 0 0 0.08107131904599839 0.9967083029794334 0.16232078081706489
cell 58.855609910616465 12.110814847584942 0.0 1.0 1.0 1 0 0 0.0 1.0 0
cell 34.6920949221322 41.22475979625006 0.0 1.0 1.0 1 0 0 0.0 1.0 0
cell 2.0309836934659327 33.40191220584266 0.0 1.0 1.0 1 0 0 0.0 1.0 0
cell 53.770447643337235 41.49821726368094 0.0 1.6431676725154984 0.6085806194501846 1 0 0 0.1930126709814929 0.9811962641798989 0.3884632615122287
cell 11.373429163593526 41.519792931360925 0.0 1.6431676725154984 0.6085806194501846 1 0 0 -0.3874746376524074 -0.9218803638087404 0.7957813005230623
cell 12.270606377837503 12.728112244884716 0.0 1.6431676725154984 0.6085806194501846 1 0 0 0.17708614806200657 0.9841953546753618 0.3560500281036255
cell 52.09107977038966 37.718804400024325 0.0 1.6431676725154984 0.6085806194501846 1 0 0 0.6320862211981533 0.7748980636002643 1.3684850350231696
cell 29.55217252192351 56.078955073983465 0.0 1.6431676725154984 0.6085806194501846 1 0 0 0.6885618260961465 -0.7251776414390754 4.764177350272397
cell 2.4101698674190173 37.96461572775404 0.0 1.6431676725154984 0.6085806194501846 1 0 0 0.23251455439836197 0.9725929168942837 0.469324600513325
cell 57.17699624668658 53.10156721946621 0.0 1.6431676725154984 0.6085806194501846 1 0 0 0.958822760022972 -0.28400513175280906 3.717530003609009
cell 58.2817173321519 31.804693759981177 0.0 1.0 1.0 1 0 0 0.0 1.0 0
cell 58.994186042102214 34.377789954944966 0.0 1.6431676725154984 0.6085806194501846 1 0 0 0.9532793640023373 -0.3020901424530422 3.7553616052242558
cell 35.501842439736 20.417367042570657 0.0 1.6431676725154984 0.6085806194501846 1 0 0 0.32103039648010334 0.9470688911245199 0.6536345433558978
cell 26.951103753901734 13.302789080407928 0.0 1.6431676725154984 0.6085806194501846 1 0 0 0.41266239853908737 0.910884045766511 0.8507500137671017
cell 14.209782979725754 30.418197674565324 0.0 1.6431676725154984 0.6085806194501846 1 0 0 0.9972791679091387 0.0737174419961504 2.99402390871307
cell 54.54463827429776 64.36355236305904 0.0 1.6431676725154984 0.6085806194501846 1 0 0 0.9931474051862993 -0.11686843702095367 3.375864896750208
cell 36.54944506536649 11.488730132600505 0.0 1.6431676725154984 0.6085806194501846 1 0 0 0.434771507229119 0.9005408022414754 0.8995690656647597
cell 58.688901971074195 43.960074191012566 0.0 1.6431676725154984 0.6085806194501846 1 0 0 0.1972182495823944 0.9803596085272263 0.3970392541014755
cell 40.95741815277652 34.47866775738296 0.0 1.0 1.0 1 0 0 0.0 1.0 0
cell 10.20848565297229 6.185881651789871 0.0 1.6431676725154984 0.6085806194501846 1 0 0 0.36578155547672675 -0.9307007326058288 5.534240478884013
cell 5.039159264487136 35.12439085517387 0.0 1.6431676725154984 0.6085806194501846 1 0 0 -0.10687191130579739 0.9942727968590138 6.0690324960395445
cell 42.03370937355369 21.768439537759697 0.0 1.6431676725154984 0.6085806194501846 1 0 0 0.4615307553960567 0.8871242087912747 0.9594399020012084
cell 65.56049824330901 18.472857476723632 0.0 1.0 1.0 1 0 0 0.0 1.0 0
cell 62.471814655590784 48.21429280137076 0.0 1.0 1.0 1 0 0 0.0 1.0 0
cell 52.666834222929886 36.005635877604185 0.0 1.6431676725154984 0.6085806194501846 1 0 0 0.6608190351445153 0.750545270313971 1.4438189816833396
cell 16.59377938216517 27.480208288685333 0.0 1.0 1.0 1 0 0 0.0 1.0 0
cell 44.5154029953053 22.251811690943434 0.0 1.6431676725154984 0.6085806194501846 1 0 0 0.5426082405278001 0.839985891138253 1.1470782137538362
cell 52.13318188709997 26.590220885525998 0.0 1.6431676725154984 0.6085806194501846 1 0 0 0.5904022634729846 0.8071091421152262 1.2631143006414747
cell 15.434495173909689 48.40933296457909 0.0 1.6431676725154984 0.6085806194501846 1 0 0 -0.4369928464640776 -0.8994649810521936 0.9045053567098735
cell 51.131645512290184 21.38437920980337 0.0 1.0 1.0 1 0 0 0.0 1.0 0
cell 26.529820413407577 28.96040564950907 0.0 1.0 1.0 1 0 0 0.0 1.0 0
cell 57.80144065400732 25.23129846529363 0.0 1.0 1.0 1 0 0 0.0 1.0 0
cell 44.67563156414832 44.396272878575765 0.0 1.0 1.0 1 0 0 0.0 1.0 0
cell 47.80729166238678 21.37756418920674 0.0 1.6431676725154984 0.6085806194501846 1 0 0 0.5148250632150474 0.8572952550233919 1.0816071602174995
cell 0.2807059350290258 13.069646811424166 0.0 1.6431676725154984 0.6085806194501846 1 0 0 0.19162553001976537 0.9814681126988507 0.38563620509422336
cell 11.033848881063603 17.230889488668694 0.0 1.6431676725154984 0.6085806194501846 1 0 0 0.11246914737888317 -0.9936552173102434 6.057770073573067
cell 63.885147788490244 38.36964509020306 0.0 1.6431676725154984 0.6085806194501846 1 0 0 0.4679656101074829 0.8837466762351819 0.9739747310375615
cell 64.8175720974984 21.694151355778143 0.0 1.0 1.0 1 0 0 0.0 1.0 0
cell 15.202461343217342 9.169551790816874 0.0 1.6431676725154984 0.6085806194501846 1 0 0 0.12904986619794634 0.9916381053762972 0.258821548194611
cell 26.646953266340315 53.09193179874157 0.0 1.6431676725154984 0.6085806194501846 1 0 0 0.910784007667291 0.41288314494237727 2.2903579271401733
cell 19.183866692148197 18.645740087977867 0.0 1.6431676725154984 0.6085806194501846 1 0 0 -0.03978383980140993 0.9992083096585295 6.203596623270575
cell 55.43775938198469 49.635240930115486 0.0 1.6431676725154984 0.6085806194501846 1 0 0 0.9988864446505646 -0.047179134088645804 3.2359859617599342
cell 50.334128438633776 64.31887909039766 0.0 1.6431676725154984 0.6085806194501846 1 0 0 0.19989869417037587 0.9798165706237972 0.402509054103644
cell 42.032956391474535 32.96266075859449 0.0 1.0 1.0 1 0 0 0.0 1.0 0
cell 9.281073070695161 34.50601964685562 0.0 1.6431676725154984 0.6085806194501846 1 0 0 0.794997222988686 0.6066130689659409 1.838006003184838
cell 10.057304124161687 65.43271302548413 0.0 1.6431676725154984 0.6085806194501846 1 0 0 0.8469561958942174 0.5316626771143484 2.0204676954952276
cell 43.84553036692884 26.554099356232516 0.0 1.6431676725154984 0.6085806194501846 1 0 0 0.5600969414196346 0.8284270735631293 1.1890056280498469
cell 63.16405529300686 42.59096583596959 0.0 1.6431676725154984 0.6085806194501846 1 0 0 0.4472899280162702 0.8943890206700884 0.9274659063390008
cell 14.242116368950324 56.27304178747418 0.0 1.6431676725154984 0.6085806194501846 1 0 0 0.7321885269348237 0.6811020195426034 1.6430592803939639
cell 64.1065621326769 12.203826320361449 0.0 1.6431676725154984 0.6085806194501846 1 0 0 0.16209261185008966 0.986775549546915 0.32562188333829367
cell 13.099647403976848 57.49914730193344 0.0 1.6431676725154984 0.6085806194501846 1 0 0 0.5656065963352822 0.8246751955661193 1.2023372521547169
cell 11.135344977331819 28.68160759436754 0.0 1.6431676725154984 0.6085806194501846 1 0 0 0.9436701197959623 -0.33088775287742866 3.816080983814198
cell 25.14477386876958 11.850429966940721 0.0 1.6431676725154984 0.6085806194501846 1 0 0 0.5743479306136571 0.8186112964037388 1.2236147393695054
cell 61.60810531743689 49.59626800680497 0.0 1.0 1.0 1 0 0 0.0 1.0 0
cell 62.726371872664835 1.8824531760426948 0.0 1.6431676725154984 0.6085806194501846 1 0 0 -0.5606711387457353 -0.8280385704649033 1.1903921881760349
cell 43.01902833680897 37.58340205068109 0.0 1.0 1.0 1 0 0 0.0 1.0 0
cell 37.95606497192052 17.66312825806212 0.0 1.6431676725154984 0.6085806194501846 1 0 0 0.3547428690513765 0.9349639013658217 0.7252780718746275
cell 45.57601342826132 10.366979927623886 0.0 1.6431676725154984 0.6085806194501846 1 0 0 0.37791935909092134 0.9258385161702376 0.7750959170775362
cell 47.42124766583751 32.53840353342301 0.0 1.6431676725154984 0.6085806194501846 1 0 0 0.6732895041446867 0.7393789580510132 1.4772976715926998
cell 65.92273180035997 40.758454031194695 0.0 1.6431676725154984 0.6085806194501846 1 0 0 0.4700562406343594 0.8826364657324629 0.9787089916880432
cell 18.372477193842602 30.705524560469346 0.0 1.6431676725154984 0.6085806194501846 1 0 0 0.9442920032047744 0.32910881587024426 2.470873332200983
cell 57.40065626867676 41.7970857994317 0.0 1.6431676725154984 0.6085806194501846 1 0 0 -0.2866395245596669 -0.9580385080779416 0.5814346516593707
cell 4.598149201805268 63.285933100232164 0.0 1.6431676725154984 0.6085806194501846 1 0 0 -0.09616520131017656 0.995365387210633 6.090557226990038
cell 33.82572906058211 21.558494589818476 0.0 1.6431676725154984 0.6085806194501846 1 0 0 0.15418574596340137 0.9880418795484883 0.3096065828461922
cell 23.011828419807216 39.032500707947406 0.0 1.0 1.0 1 0 0 0.0 1.0 0
cell 48.60985491023847 31.661025032668867 0.0 1.6431676725154984 0.6085806194501846 1 0 0 0.7147488322321423 0.6993812313915702 1.592529824060022
cell 47.92994925776362 35.7414693425952 0.0 1.6431676725154984 0.6085806194501846 1 0 0 0.605876388142131 0.7955587987646456 1.3017340133118684
cell 35.24116203413014 14.056156326992939 0.0 1.6431676725154984 0.6085806194501846 1 0 0 0.3308619599901577 0.9436791633979588 0.6744336654360712
cell 53.063001702424124 30.986310450524165 0.0 1.6431676725154984 0.6085806194501846 1 0 0 0.6142548617698553 0.789107701642872 1.3228826791149166
cell 7.780479559611473 46.48897101956517 0.0 1.0 1.0 1 0 0 0.0 1.0 0
cell 55.01907608651229 12.766059636793496 0.0 1.0 1.0 1 0 0 0.0 1.0 0
cell 49.37212550595929 32.84892525669436 0.0 1.6431676725154984 0.6085806194501846 1 0 0 0.7137369901981228 0.7004138125586366 1.589638424030684
cell 34.24668297081304 18.603630714030675 0.0 1.6431676725154984 0.6085806194501846 1 0 0 0.2909372793924688 0.956742127984186 0.5904126986162572
cell 6.617928020792727 61.87029733395699 0.0 1.6431676725154984 0.6085806194501846 1 0 0 0.11303185879144356 -0.9935913641422973 6.056637428227949
cell 30.6003820657464 54.337300214972416 0.0 1.6431676725154984 0.6085806194501846 1 0 0 0.7553421029537167 -0.6553306856125819 4.570833319978536
cell 29.485124950678355 16.143205159077773 0.0 1.6431676725154984 0.6085806194501846 1 0 0 0.18382264155796751 0.9829594276727046 0.36974791750899694
cell 56.22928828913443 48.387153282121105 0.0 1.0 1.0 1 0 0 0.0 1.0 0
cell 31.18287173344857 43.62360077737971 0.0 1.6431676725154984 0.6085806194501846 1 0 0 0.986416488271938 0.1642635433237018 2.8115699201445543
cell 57.84227279755734 35.38488249239251 0.0 1.6431676725154984 0.6085806194501846 1 0 0 0.6028135427429635 0.7978820919695324 1.2940453901695954
cell 43.57327709862157 42.73585938292775 0.0 1.0 1.0 1 0 0 0.0 1.0 0
cell 4.241009698473132 51.42110540021797 0.0 1.6431676725154984 0.6085806194501846 1 0 0 -0.9898206440589514 -0.1423203871366382 2.8559821095936044
cell 19.889693560436044 40.56964349891027 0.0 1.6431676725154984 0.6085806194501846 1 0 0 0.044216542326697576 -0.9990219704214074 6.194723381185296
cell 46.37057100272557 20.117751744425824 0.0 1.6431676725154984 0.6085806194501846 1 0 0 0.5673785940300521 0.8234570608334605 1.2066378706399254
cell 0.5166545863891849 18.154155193439895 0.0 1.0 1.0 1 0 0 0.0 1.0 0
cell 28.22496602680063 48.80204462536966 0.0 1.6431676725154984 0.6085806194501846 1 0 0 0.49344395911639843 -0.8697775918081209 5.2510954835898085
cell 55.35549799141185 40.23327596913079 0.0 1.6431676725154984 0.6085806194501846 1 0 0 0.3954564270094841 0.9184847382166416 0.8131294654118787
cell 55.61804850495931 10.849657918582116 0.0 1.0 1.0 1 0 0 0.0 1.0 0
cell 18.64877519397833 39.524094392007335 0.0 1.6431676725154984 0.6085806194501846 1 0 0 0.010859192699710647 0.999941037228651 0.02171881226821985
cell 31.311610435012305 45.93338933974298 0.0 1.6431676725154984 0.6085806194501846 1 0 0 0.9900390531020483 0.1407930159233742 2.859067926053131
cell 19.910034147248616 12.745577281064289 0.0 1.6431676725154984 0.6085806194501846 1 0 0 0.04286082253098917 0.9990810527139262 0.08574791260865737
cell 39.918716645178094 18.523365221594823 0.0 1.6431676725154984 0.6085806194501846 1 0 0 0.34759539088381436 0.9376446257705146 0.7100107197181087
cell 35.02103269640328 12.594891243021666 0.0 1.6431676725154984 0.6085806194501846 1 0 0 0.3952655495813065 0.9185668975715311 0.812713848509725
cell 24.78433220734495 22.920119342197708 0.0 1.0 1.0 1 0 0 0.0 1.0 0
cell 36.40124115333053 44.64341762659065 0.0 1.0 1.0 1 0 0 0.0 1.0 0
cell 40.355038400721426 6.922244111931882 0.0 1.6431676725154984 0.6085806194501846 1 0 0 0.9813240464460167 -0.19236193975632543 3.5287295977175934
cell 50.567066644640335 11.881681378988974 0.0 1.6431676725154984 0.6085806194501846 1 0 0 0.6469916194585841 0.7624971110439428 1.4072647359338355
cell 0.7183083568052729 30.16121381503561 0.0 1.6431676725154984 0.6085806194501846 1 0 0 0.9971072122114986 0.07600794271530835 2.9894300151026068
cell 21.406165202183388 11.203801153257723 0.0 1.6431676725154984 0.6085806194501846 1 0 0 0.2544519671176037 0.9670854132029817 0.5145619516713159
cell 56.760831891773364 37.87151983697819 0.0 1.6431676725154984 0.6085806194501846 1 0 0 0.44929663934176706 0.8933826335205952 0.9319557649359264
cell 63.2479865893795 22.913929621189016 0.0 1.0 1.0 1 0 0 0.0 1.0 0
cell 50.90479370224853 25.179783716304918 0.0 1.6431676725154984 0.6085806194501846 1 0 0 0.6001247068611483 0.7999064546650569 1.2873140029676005
cell 44.23849291765095 15.033903085641104 0.0 1.6431676725154984 0.6085806194501846 1 0 0 0.4684210031245696 0.8835053841555081 0.9750054680042091
cell 40.83282909673257 26.317003726891908 0.0 1.6431676725154984 0.6085806194501846 1 0 0 0.4334841555099662 0.9011611880911269 0.8967109870102885
cell 49.39587644457144 9.139470028333049 0.0 1.6431676725154984 0.6085806194501846 1 0 0 0.5950145397802061 0.803714935440514 1.2745674785942143
cell 64.56939092212784 31.857453339198102 0.0 1.6431676725154984 0.6085806194501846 1 0 0 0.7734923215181049 0.6338056709690539 1.7686657179176826
cell 49.75158917875376 61.780956704634754 0.0 1.6431676725154984 0.6085806194501846 1 0 0 0.7653898497265129 0.6435669179934795 1.7432937530027952
cell 2.719319046271353 18.824321124491846 0.0 1.6431676725154984 0.6085806194501846 1 0 0 0.6050556580322166 -0.7961831765889061 4.983513763915977
cell 66.93168976748794 4.413740250915798 0.0 1.6431676725154984 0.6085806194501846 1 0 0 0.8737633702186753 -0.4863512854553817 4.157410683876684
cell 28.627445093916844 11.544955082775134 0.0 1.6431676725154984 0.6085806194501846 1 0 0 0.2603623788140655 0.9655109692273212 0.5267950145571016
cell 22.483038772325912 20.656900073742335 0.0 1.6431676725154984 0.6085806194501846 1 0 0 -0.2051149415832599 0.9787378917459444 5.870023018397446
cell 50.59155159839374 8.986034248764453 0.0 1.6431676725154984 0.6085806194501846 1 0 0 0.7617414685280148 0.6478811118753065 1.7319936575796893
cell 60.10886742913007 23.089624768260386 0.0 1.0 1.0 1 0 0 0.0 1.0 0
cell 30.818639817986075 9.340073320662547 0.0 1.6431676725154984 0.6085806194501846 1 0 0 0.3736212026681845 0.9275813694316954 0.7658197703154116
cell 40.44685591748447 41.57310675440415 0.0 1.0 1.0 1 0 0 0.0 1.0 0
cell 32.40009151368744 56.310608504024216 0.0 1.6431676725154984 0.6085806194501846 1 0 0 0.7743887527888087 0.6327100912378381 1.7714968903286643
cell 25.29642064297525 59.78749003799299 0.0 1.6431676725154984 0.6085806194501846 1 0 0 0.8261912426817656 0.5633897678481212 1.94462670732234
cell 28.89171491521951 37.6065365741933 0.0 1.6431676725154984 0.6085806194501846 1 0 0 0.8362147501467588 -0.5484021258501773 4.302497045678418
cell 21.214927040955153 16.03845514397812 0.0 1.6431676725154984 0.6085806194501846 1 0 0 0.17741647614948908 0.9841358615509841 0.35672131367113213
cell 57.22327511794415 17.851134661338946 0.0 1.0 1.0 1 0 0 0.0 1.0 0
cell 43.21790690142765 20.82385615496357 0.0 1.6431676725154984 0.6085806194501846 1 0 0 0.5488039047511423 0.8359511194620767 1.1618654902680228
cell 44.375199450548486 56.266908734070526 0.0 1.6431676725154984 0.6085806194501846 1 0 0 0.9688676845020644 -0.24757909832537986 3.64195417875938
cell 21.82578527958411 34.68856646656511 0.0 1.6431676725154984 0.6085806194501846 1 0 0 0.03056399656575588 0.9995328119246153 0.06113751433396682
cell 50.0670859875654 36.30373070399908 0.0 1.6431676725154984 0.6085806194501846 1 0 0 0.7100077505187964 0.704193861236548 1.5790184310279223
cell 54.39522647982811 17.620532859272544 0.0 1.0 1.0 1 0 0 0.0 1.0 0
cell 53.73480119239441 53.75487319524789 0.0 1.6431676725154984 0.6085806194501846 1 0 0 0.27080232015188477 0.9626349793147744 0.5484527927469258
cell 29.678017694761447 30.67699705353756 0.0 1.0 1.0 1 0 0 0.0 1.0 0
cell 40.21483974962954 19.99682071591633 0.0 1.6431676725154984 0.6085806194501846 1 0 0 0.39552693830871244 0.9184543761516606 0.8132830062639237
cell 28.938804790707408 17.90434567545715 0.0 1.6431676725154984 0.6085806194501846 1 0 0 0.08420726128583364 0.9964482611489366 0.16861419440766853
cell 10.868191338021235 22.657511776429214 0.0 1.6431676725154984 0.6085806194501846 1 0 0 0.9518064184196632 -0.3066994324336663 3.765039449716526
cell 17.022801335925212 41.288884198987496 0.0 1.6431676725154984 0.6085806194501846 1 0 0 0.5765630100903242 -0.8170526882616475 5.054153616300942
cell 37.79399691755549 5.53631658600832 0.0 1.6431676725154984 0.6085806194501846 1 0 0 0.9970670234185581 -0.07653333137435323 3.294809139102985
cell 40.24994518749351 32.658425424654226 0.0 1.0 1.0 1 0 0 0.0 1.0 0
cell 47.58921862378234 40.090715289560855 0.0 1.6431676725154984 0.6085806194501846 1 0 0 0.2952985225992628 0.9554050358621168 0.5995359203572372
cell 25.627646059337255 8.051915959240795 0.0 1.6431676725154984 0.6085806194501846 1 0 0 -0.09445121074475672 -0.9955294916720697 0.1891844224451944
cell 25.42403055313008 20.30836969117538 0.0 1.6431676725154984 0.6085806194501846 1 0 0 -0.1202142376907946 0.992747972577341 6.042173942630129
cell 37.75268000201209 29.580943183532348 0.0 1.0 1.0 1 0 0 0.0 1.0 0
cell 36.39290721510435 64.86699767347082 0.0 1.6431676725154984 0.6085806194501846 1 0 0 0.8593077610040845 -0.5114588662621338 4.215355967311102
cell 4.409509984296928 48.56758699273089 0.0 1.0 1.0 1 0 0 0.0 1.0 0
cell 48.98340466881708 54.80778257510839 0.0 1.6431676725154984 0.6085806194501846 1 0 0 0.9988361180278458 0.04823286559041902 3.0450894800685053
cell 58.800484944667645 52.06056680590575 0.0 1.6431676725154984 0.6085806194501846 1 0 0 0.9583655858479643 -0.2855440489001448 3.7207407821851097
cell 52.57841770647886 9.70773766253117 0.0 1.6431676725154984 0.6085806194501846 1 0 0 0.7431404671167141 0.6691354467770722 1.6755030550260093
cell 37.745154384360305 25.3328930023675 0.0 1.6431676725154984 0.6085806194501846 1 0 0 0.27521638322913416 0.9613823081387937 0.5576295405066479
cell 51.82748457366732 7.655975629048018 0.0 1.6431676725154984 0.6085806194501846 1 0 0 0.7234884571673936 0.6903364776292388 1.617684600940544
cell 12.35152695305751 43.64203496822804 0.0 1.6431676725154984 0.6085806194501846 1 0 0 0.2595500086470878 0.9657296687020114 0.5251124275130882
cell 7.625067215427422 59.44665948064258 0.0 1.6431676725154984 0.6085806194501846 1 0 0 0.04376185982435659 0.9990419909216596 0.08755167986946251
cell 39.50724965469343 42.92999677627656 0.0 1.0 1.0 1 0 0 0.0 1.0 0
cell 31.126110855574666 12.747487751556779 0.0 1.6431676725154984 0.6085806194501846 1 0 0 0.37083262453563615 0.9286997171206697 0.7598108182120467
cell 62.60358963832089 58.283283401974536 0.0 1.6431676725154984 0.6085806194501846 1 0 0 0.29449369267306424 0.9556534230440358 0.5978513462933392
cell 24.793158667354582 53.81520816981156 0.0 1.6431676725154984 0.6085806194501846 1 0 0 0.6747639238413504 -0.7380336354680755 4.801895739988737
cell 44.453970834123645 11.980485757782168 0.0 1.0 1.0 1 0 0 0.0 1.0 0
cell 54.975997192547716 50.826512421648886 0.0 1.6431676725154984 0.6085806194501846 1 0 0 0.9267939348488795 -0.37557023621065994 3.9116166059179385
cell 56.225185035807804 34.92181527709036 0.0 1.6431676725154984 0.6085806194501846 1 0 0 0.4386547656511552 0.8986556607352619 0.9082023694135312
cell 35.82293305658726 27.152239006527516 0.0 1.0 1.0 1 0 0 0.0 1.0 0
cell 52.18291118168053 12.668213027388877 0.0 1.6431676725154984 0.6085806194501846 1 0 0 0.7196690028657643 0.6943173095308777 1.6066509558522315
cell 38.851535841916764 62.42823274323047 0.0 1.6431676725154984 0.6085806194501846 1 0 0 0.7994351595728701 0.6007523829654775 1.8527088144683264
cell 4.495056481028718 16.555517987491207 0.0 1.6431676725154984 0.6085806194501846 1 0 0 0.4082750140482719 -0.9128589775556153 5.442058087788397
cell 0.38051586431318724 44.74995716264017 0.0 1.6431676725154984 0.6085806194501846 1 0 0 -0.14523879888815183 0.9893966299202394 5.991676654522399
cell 23.761996437438473 31.598776272343365 0.0 1.6431676725154984 0.6085806194501846 1 0 0 0.7356308032336308 -0.6773826993168951 4.6299904135283505
cell 40.638846824149255 49.52105194510356 0.0 1.6431676725154984 0.6085806194501846 1 0 0 0.9766825627477852 -0.21468854562928746 3.574338510768338
cell 37.68603420542594 46.16169558046776 0.0 1.0 1.0 1 0 0 0.0 1.0 0
cell 1.5886853502694755 9.625580617289287 0.0 1.6431676725154984 0.6085806194501846 1 0 0 0.315686817036752 0.9488634430460499 0.6423607965074978
cell 54.58275241517535 3.9843412310775093 0.0 1.6431676725154984 0.6085806194501846 1 0 0 0.8329174573537454 -0.5533972436102041 4.314467584203071
cell 17.962329794183972 35.443554377073916 0.0 1.6431676725154984 0.6085806194501846 1 0 0 0.255717665503123 0.9667515066187551 0.5171799556856487
cell 50.78533565284521 42.016490796674205 0.0 1.6431676725154984 0.6085806194501846 1 0 0 0.22519552238818355 0.9743135925852174 0.45428741717402227
cell 37.399359910073116 53.13527414204937 0.0 1.6431676725154984 0.6085806194501846 1 0 0 -0.39526270868004815 -0.918568120025353 0.8127076630062513
cell 8.40822739543663 54.481888912990776 0.0 1.6431676725154984 0.6085806194501846 1 0 0 0.9705518505142733 0.24089231092610608 2.6550223907691284
cell 48.48141605786555 9.583340539491976 0.0 1.6431676725154984 0.6085806194501846 1 0 0 0.575223318039284 0.8179964146522141 1.2257542559713928
cell 34.72173248067618 16.776807201420304 0.0 1.6431676725154984 0.6085806194501846 1 0 0 0.36459503890596456 0.9311661815192593 0.7463957386670089
cell 57.942542352489795 49.06596465647005 0.0 1.0 1.0 1 0 0 0.0 1.0 0
cell 55.878596757980425 17.141986948261174 0.0 1.0 1.0 1 0 0 0.0 1.0 0
cell 64.19466157381129 54.9035108841828 0.0 1.6431676725154984 0.6085806194501846 1 0 0 0.9983256844191739 -0.05784313121700696 3.2573435243996958
cell 1.8273095303350353 39.82765850725532 0.0 1.6431676725154984 0.6085806194501846 1 0 0 -0.0051315090642603915 0.9999868337206862 6.272922244008907
cell 45.926866128819675 11.732945880606474 0.0 1.6431676725154984 0.6085806194501846 1 0 0 0.30590629735400976 0.9520616247066994 0.6217804305681792
cell 40.28775389132503 40.11223365284606 0.0 1.0 1.0 1 0 0 0.0 1.0 0
cell 49.9012023980133 15.903648911240678 0.0 1.6431676725154984 0.6085806194501846 1 0 0 0.395612307330044 0.9184176077847152 0.81346890712586
cell 24.476599097327338 18.445152010545957 0.0 1.6431676725154984 0.6085806194501846 1 0 0 0.028434377010970527 0.99959566135713 0.05687642000675792
cell 25.498283570627258 51.01208796979566 0.0 1.6431676725154984 0.6085806194501846 1 0 0 0.7459233121524264 -0.6660318403706793 4.5993451964668655
cell 47.89532838621348 43.168827023043825 0.0 1.6431676725154984 0.6085806194501846 1 0 0 -0.2474590232624701 -0.9688983598943618 0.5001136623006852
cell 46.14616540381622 8.233127221874833 0.0 1.6431676725154984 0.6085806194501846 1 0 0 0.5386760435609208 0.8425129791840319 1.137729762169374
cell 32.32331191484462 14.946473341495231 0.0 1.6431676725154984 0.6085806194501846 1 0 0 0.3776200450568072 0.9259606371608325 0.7744493803708548
cell 60.79407201140018 11.942827230224022 0.0 1.0 1.0 1 0 0 0.0 1.0 0
cell 50.31065203595117 65.56442344672965 0.0 1.6431676725154984 0.6085806194501846 1 0 0 0.17490453253344027 0.9845853972608261 0.3516176104593777
cell 1.6977800011541744 31.580298838121063 0.0 1.6431676725154984 0.6085806194501846 1 0 0 -0.9852001526062875 0.17140787410311095 3.486109684480507
cell 47.83026386653513 50.84715359580647 0.0 1.6431676725154984 0.6085806194501846 1 0 0 0.49022207588836 0.8715975655723844 1.0246890529103874
cell 42.3666385114461 41.02003115182393 0.0 1.0 1.0 1 0 0 0.0 1.0 0
cell 32.48282953049957 28.87415338573431 0.0 1.0 1.0 1 0 0 0.0 1.0 0
cell 36.202621943714774 25.737085662548818 0.0 1.0 1.0 1 0 0 0.0 1.0 0
cell 4.932213915783227 24.632005186641337 0.0 1.6431676725154984 0.6085806194501846 1 0 0 0.5389735550137567 -0.8423226857896164 5.14474921748895
cell 1.4598669898144225 15.478133449034255 0.0 1.6431676725154984 0.6085806194501846 1 0 0 0.05858129909613738 -0.9982826410372009 6.165955592800644
cell 53.99062286804108 7.731327939449567 0.0 1.0 1.0 1 0 0 0.0 1.0 0
cell 0.09780675741715734 32.26836982394257 0.0 1.6431676725154984 0.6085806194501846 1 0 0 0.45573337511931333 0.8901163355440452 0.9463918996189095
cell 43.40709984458777 9.755381323214033 0.0 1.0 1.0 1 0 0 0.0 1.0 0
cell 4.963577421306392 6.441266955610657 0.0 1.6431676725154984 0.6085806194501846 1 0 0 0.9999064888552853 0.013675289579937088 3.114241221870041
cell 48.31116165585097 28.483282011481773 0.0 1.6431676725154984 0.6085806194501846 1 0 0 -0.6845401864223254 -0.7289751252085959 1.5079454894341646
cell 37.22475132170147 28.031444710527573 0.0 1.0 1.0 1 0 0 0.0 1.0 0
cell 44.540272412017245 36.5420169269542 0.0 1.6431676725154984 0.6085806194501846 1 0 0 0.3500762359628771 0.9367212120017695 0.7153049767524655
cell 5.973473802351841 49.64145792093216 0.0 1.6431676725154984 0.6085806194501846 1 0 0 -0.9586312741379296 -0.28465080404715104 2.564308366938075
cell 11.565370508518804 65.20746723464983 0.0 1.6431676725154984 0.6085806194501846 1 0 0 0.8713388043766801 0.49068186025918836 2.1158484058528124
cell 39.374423344300794 9.73680595667988 0.0 1.6431676725154984 0.6085806194501846 1 0 0 0.4180004127327995 0.9084468366146746 0.8624861942008012
cell 63.50199013536577 24.735561923696693 0.0 1.0 1.0 1 0 0 0.0 1.0 0
cell 1.5542943374257994 40.869492338264685 0.0 1.6431676725154984 0.6085806194501846 1 0 0 -0.08601636150406519 0.9962937245379005 6.110939735033672
cell 27.623086852329426 33.33374042841597 0.0 1.6431676725154984 0.6085806194501846 1 0 0 0.6454362635566832 0.7638141329446503 1.403188620083531
cell 43.59242863803811 54.70246306334016 0.0 1.6431676725154984 0.6085806194501846 1 0 0 0.9797507070836953 -0.20022125753525577 3.544760145636622
cell 23.40934484970475 26.212115563125057 0.0 1.6431676725154984 0.6085806194501846 1 0 0 0.5972761929840709 -0.8020356284445567 5.002983948058261
cell 18.43512907199145 13.65073520637141 0.0 1.6431676725154984 0.6085806194501846 1 0 0 0.052023302025330245 0.9986458711907746 0.10409359367166107
cell 5.528954666746261 14.376547015572706 0.0 1.6431676725154984 0.6085806194501846 1 0 0 0.032265960784300475 0.9994793183326336 0.0645431240979899
cell 2.4296189010373532 36.43750918045346 0.0 1.6431676725154984 0.6085806194501846 1 0 0 -0.06587713642697533 0.9978277420958899 6.151335549933591
cell 17.092908974125084 15.120085057332853 0.0 1.6431676725154984 0.6085806194501846 1 0 0 0.19942937797862428 -0.9799122017808836 5.881634173762495
cell 20.446240679250025 14.717830647470302 0.0 1.6431676725154984 0.6085806194501846 1 0 0 0.024192464109540974 0.9997073195092194 0.04838964921329625
cell 60.00406540016613 13.766748407457165 0.0 1.0 1.0 1 0 0 0.0 1.0 0
cell 65.47166316837243 34.79586935941665 0.0 1.6431676725154984 0.6085806194501846 1 0 0 0.9028703774863841 0.4299128765896578 2.252800096219769
cell 64.8809624811915 45.598506740062305 0.0 1.6431676725154984 0.6085806194501846 1 0 0 0.13793870776872924 -0.9904407669815964 6.006425457728445
cell 21.021278946210586 20.279116815049534 0.0 1.6431676725154984 0.6085806194501846 1 0 0 -0.17935728720077543 0.9837840024761424 5.922519096244033
cell 18.438326719647566 38.14568985038961 0.0 1.6431676725154984 0.6085806194501846 1 0 0 0.160332917012596 0.987062994809466 0.3220558482614526
cell 34.29704791027816 29.398530041686985 0.0 1.0 1.0 1 0 0 0.0 1.0 0
cell 66.7693927922882 61.9303344339584 0.0 1.6431676725154984 0.6085806194501846 1 0 0 0.2512983844246551 -0.9679096662321119 5.775142400304538
cell 55.11992010246875 22.659538511757532 0.0 1.6431676725154984 0.6085806194501846 1 0 0 0.027310736835796132 0.9996269922593557 0.0546282660958821
cell 52.44813671083752 44.74718705025101 0.0 1.6431676725154984 0.6085806194501846 1 0 0 -0.1802782248836517 -0.983615657476435 0.36253860653337444
cell 29.643263161597204 34.93161385581574 0.0 1.6431676725154984 0.6085806194501846 1 0 0 0.9761859992487293 -0.21693523197203338 3.578940326569505
cell 26.736484680467225 14.46243616096231 0.0 1.6431676725154984 0.6085806194501846 1 0 0 0.29843497026537613 0.9544299704654627 0.6061049587004187
cell 49.88535153505956 17.22909398412527 0.0 1.6431676725154984 0.6085806194501846 1 0 0 0.4307470341816812 0.9024727101379219 0.8906407546204641
cell 37.22563247576367 31.067914808073077 0.0 1.0 1.0 1 0 0 0.0 1.0 0
cell 10.118314165023692 52.32856152536582 0.0 1.6431676725154984 0.6085806194501846 1 0 0 0.9284772505095091 0.3713892772904224 2.380582913039555
cell 49.7299256813294 21.595788629164982 0.0 1.6431676725154984 0.6085806194501846 1 0 0 -0.5286731922707298 -0.8488254566012237 1.1140733857596024
cell 42.51858290006464 28.989984549516745 0.0 1.6431676725154984 0.6085806194501846 1 0 0 0.42026508291644443 0.907401377605982 0.8674748688966945
cell 51.92006590493794 61.155361215684735 0.0 1.6431676725154984 0.6085806194501846 1 0 0 0.8220476205733896 -0.5694187470654865 4.3531898586226765
cell 8.088739080652557 49.439969263029816 0.0 1.6431676725154984 0.6085806194501846 1 0 0 0.9624614040847663 0.2714185801436228 2.591859384756576
cell 33.6999114339334 17.113428677950864 0.0 1.6431676725154984 0.6085806194501846 1 0 0 0.3645161601409912 0.9311970623858664 0.7462263221685157
cell 33.74006174473025 42.9010016371379 0.0 1.6431676725154984 0.6085806194501846 1 0 0 0.8061074358680542 -0.5917692133241056 4.408096330568267
cell 60.69636889578503 52.021429079030284 0.0 1.6431676725154984 0.6085806194501846 1 0 0 0.9797248953414947 -0.2003475216919277 3.545017896549858
cell 46.7222023130253 44.09081105551486 0.0 1.0 1.0 1 0 0 0.0 1.0 0
cell 59.99506108824615 21.099176012015437 0.0 1.0 1.0 1 0 0 0.0 1.0 0
cell 66.57349931395524 16.80219569239165 0.0 1.0 1.0 1 0 0 0.0 1.0 0
cell 65.7634548703171 47.665944904970154 0.0 1.0 1.0 1 0 0 0.0 1.0 0
cell 64.0720868820064 13.92968481961395 0.0 1.6431676725154984 0.6085806194501846 1 0 0 0.4237801980693594 0.9057650598937312 0.8752295033891088
cell 28.87863762710592 32.46068853866987 0.0 1.6431676725154984 0.6085806194501846 1 0 0 0.8153320916328693 -0.5789935926705669 4.3765802460767835
cell 41.634125074681656 42.84945167134057 0.0 1.0 1.0 1 0 0 0.0 1.0 0
cell 33.07941763137587 13.291357847400446 0.0 1.6431676725154984 0.6085806194501846 1 0 0 0.34571126551488623 0.9383409406479586 0.7059933652796695
cell 61.25331456152267 7.038808022482514 0.0 1.6431676725154984 0.6085806194501846 1 0 0 0.9996965740567992 -0.024632495186205246 3.190862627325765
cell 37.14708260427023 18.91591704282416 0.0 1.6431676725154984 0.6085806194501846 1 0 0 0.4103851608943626 0.9119122872939635 0.8457527764594093
cell 43.801348736976635 18.09945856374056 0.0 1.6431676725154984 0.6085806194501846 1 0 0 0.5592779449308785 0.8289802050193317 1.1870290555255694
cell 64.22186736203514 34.35049827363717 0.0 1.6431676725154984 0.6085806194501846 1 0 0 0.9288994163055578 0.37033211363206675 2.3828595940447292
cell 47.57423769684878 37.12934687500295 0.0 1.6431676725154984 0.6085806194501846 1 0 0 0.5367609261984826 0.8437343824371193 1.1331868544498902
cell 22.897485764063617 17.383227371268966 0.0 1.6431676725154984 0.6085806194501846 1 0 0 0.12186155777751528 0.9925471075651963 0.2443304070940873
cell 65.15995806681514 23.656654695558 0.0 1.0 1.0 1 0 0 0.0 1.0 0
cell 60.57249120048318 36.51950139317636 0.0 1.0 1.0 1 0 0 0.0 1.0 0
cell 15.334552164256383 11.441454666658538 0.0 1.6431676725154984 0.6085806194501846 1 0 0 0.10223919254935995 0.9947598441366916 0.20483630162942618
cell 51.45601250142045 10.803568452975602 0.0 1.6431676725154984 0.6085806194501846 1 0 0 0.7059806945468955 0.7082310773519354 1.5676138035683933
cell 37.51184339711434 43.027091635063606 0.0 1.0 1.0 1 0 0 0.0 1.0 0
cell 59.94600478589532 33.38223728404605 0.0 1.6431676725154984 0.6085806194501846 1 0 0 0.14964450831969825 0.9887398652475563 0.3004174456703993
cell 46.38124871284765 37.04088459515106 0.0 1.6431676725154984 0.6085806194501846 1 0 0 0.4094224087737814 0.9123449409044118 0.8436417758476149
cell 23.583718319622157 10.150404480473625 0.0 1.6431676725154984 0.6085806194501846 1 0 0 0.5633789151747272 0.826198643146155 1.196939674808188
cell 6.642746453610436 13.447685337117798 0.0 1.6431676725154984 0.6085806194501846 1 0 0 -0.08288749243531893 -0.9965589112530101 0.16596539579644354
cell 37.1118658483833 34.16174624391026 0.0 1.0 1.0 1 0 0 0.0 1.0 0
cell 51.89254163736143 46.29486547733031 0.0 1.0 1.0 1 0 0 0.0 1.0 0
cell 54.32409926735426 25.52490227164498 0.0 1.0 1.0 1 0 0 0.0 1.0 0
cell 35.16005300579512 34.056746250189235 0.0 1.0 1.0 1 0 0 0.0 1.0 0
cell 48.17111442323772 20.211221295811388 0.0 1.6431676725154984 0.6085806194501846 1 0 0 0.4623541075749765 0.886695370016415 0.9612965781358626
cell 42.49399039960378 18.21808007765679 0.0 1.6431676725154984 0.6085806194501846 1 0 0 0.4102434837765586 0.9119760325901511 0.8454420620017871
cell 21.21265540058963 2.2985766908579297 0.0 1.6431676725154984 0.6085806194501846 1 0 0 -0.3388699635449936 -0.9408332199741964 0.691431071078604
cell 23.956535457526474 28.34670795972421 0.0 1.6431676725154984 0.6085806194501846 1 0 0 0.6683006336326472 -0.7438912978965423 4.819341290926457
cell 37.385242177173986 41.25225177280828 0.0 1.0 1.0 1 0 0 0.0 1.0 0
cell 48.56488455203517 26.298422324206538 0.0 1.6431676725154984 0.6085806194501846 1 0 0 0.626678786438525 0.7792776774859764 1.3545679140774332
cell 19.474922883719294 16.237490739619872 0.0 1.6431676725154984 0.6085806194501846 1 0 0 0.23288976250556703 0.9725031406222299 0.4700961986071081
cell 27.788722232141982 40.05370568773432 0.0 1.6431676725154984 0.6085806194501846 1 0 0 0.7595290369252463 0.6504733984317943 1.7251775547548003
cell 61.5515302056741 30.774342743035263 0.0 1.0 1.0 1 0 0 0.0 1.0 0
cell 52.02716505958075 4.943604102995476 0.0 1.0 1.0 1 0 0 0.0 1.0 0
cell 45.026954711976686 38.149941001792186 0.0 1.6431676725154984 0.6085806194501846 1 0 0 0.35056777082124785 0.936537366078589 0.716354559234759
cell 41.03751415962833 12.467468057523277 0.0 1.6431676725154984 0.6085806194501846 1 0 0 0.5857839721382295 0.8104672343691371 1.2516940577313607
cell 24.806979481132473 64.59412533492315 0.0 1.6431676725154984 0.6085806194501846 1 0 0 0.8553662142211772 0.5180237828217265 2.052514744611251
cell 58.151514075080684 22.290451722492293 0.0 1.6431676725154984 0.6085806194501846 1 0 0 -0.02427395801183443 -0.9997053440701613 0.04855268489619036
cell 42.380112944218055 51.95214791099699 0.0 1.6431676725154984 0.6085806194501846 1 0 0 0.9853078798830421 -0.170787534206641 3.484850435868984
cell 29.25470244196791 53.40448321316391 0.0 1.6431676725154984 0.6085806194501846 1 0 0 0.5579393023092043 -0.8298817596132104 5.09938410872626
cell 59.02995567078076 41.68860095789735 0.0 1.6431676725154984 0.6085806194501846 1 0 0 0.357700681587411 0.9338362931434512 0.7316090002957837
cell 36.68081303365303 13.147072483186342 0.0 1.6431676725154984 0.6085806194501846 1 0 0 0.41225849276413035 0.9110669213311652 0.8498632593469568
cell 37.62302295903049 16.244955416739796 0.0 1.6431676725154984 0.6085806194501846 1 0 0 0.3445945047480774 0.9387516323806991 0.7036135985039783
cell 59.71435303140693 25.03379284921846 0.0 1.0 1.0 1 0 0 0.0 1.0 0
cell 38.29698921452571 32.64815772827366 0.0 1.0 1.0 1 0 0 0.0 1.0 0
cell 3.3991819519416824 13.40913203285848 0.0 1.6431676725154984 0.6085806194501846 1 0 0 0.02830130735570746 0.9995994377759312 0.05661017354562113
cell 48.65793659976547 66.43789786995694 0.0 1.6431676725154984 0.6085806194501846 1 0 0 0.25013156607344655 0.9682118568028616 0.5056322767651822
cell 48.27869681908471 33.998592255149006 0.0 1.6431676725154984 0.6085806194501846 1 0 0 0.6681354741018454 0.7440396415828274 1.463400018414947
cell 23.853301187590937 41.80408202491536 0.0 1.6431676725154984 0.6085806194501846 1 0 0 0.35657204967907985 0.9342678274390379 0.7291923646092047
cell 50.207876840868394 26.108275182765823 0.0 1.6431676725154984 0.6085806194501846 1 0 0 0.5861576856202269 0.8101969930753503 1.2526164288654795
cell 33.20020589505042 38.45593714892678 0.0 1.0 1.0 1 0 0 0.0 1.0 0
cell 59.17043878318292 15.458840740469928 0.0 1.0 1.0 1 0 0 0.0 1.0 0
cell 11.286665860985659 45.830311383357206 0.0 1.6431676725154984 0.6085806194501846 1 0 0 0.35069436903444756 0.9364899676598414 0.7166249198658646
cell 63.97685958172069 26.85243935484297 0.0 1.0 1.0 1 0 0 0.0 1.0 0
cell 2.751991428059612 7.260668045971935 0.0 1.6431676725154984 0.6085806194501846 1 0 0 0.595526082680105 -0.8033359725841291 5.007344582342661
cell 18.882248043894037 37.046120564834126 0.0 1.6431676725154984 0.6085806194501846 1 0 0 -0.08442031071783178 -0.996430233954342 0.16904181592440448
cell 43.07294400156627 56.9803970966662 0.0 1.6431676725154984 0.6085806194501846 1 0 0 0.1585525506919906 0.987350539914302 0.31844897299088226
cell 14.88006332022407 24.787349681560787 0.0 1.6431676725154984 0.6085806194501846 1 0 0 0.030807158722027696 0.9995253468379257 0.06162406777215808
cell 9.753350934365871 41.674399567923075 0.0 1.6431676725154984 0.6085806194501846 1 0 0 0.3179614305817189 0.9481036486916538 0.6471571105073254
cell 58.49885237474989 23.652199882082353 0.0 1.0 1.0 1 0 0 0.0 1.0 0
cell 32.48072102037299 27.04821719989531 0.0 1.0 1.0 1 0 0 0.0 1.0 0
cell 5.466473006462259 18.503377441309063 0.0 1.6431676725154984 0.6085806194501846 1 0 0 0.4197342785380706 -0.9076470323975754 5.416880223860656
cell 52.49782850639907 15.26068097883132 0.0 1.0 1.0 1 0 0 0.0 1.0 0
cell 47.08348587058223 38.67720334954482 0.0 1.6431676725154984 0.6085806194501846 1 0 0 0.3136823516884945 0.9495279786500109 0.6381372953255154
cell 13.92514550450164 10.048660100505518 0.0 1.6431676725154984 0.6085806194501846 1 0 0 0.14888069701022993 0.9888551653592896 0.2988725160772999
cell 7.1525021200357894 12.410436162232447 0.0 1.6431676725154984 0.6085806194501846 1 0 0 0.1496892819381207 0.988733087780949 0.30050801301463775
cell 44.4071365639711 40.930623312040645 0.0 1.0 1.0 1 0 0 0.0 1.0 0
cell 21.175616345012553 31.885790212936982 0.0 1.6431676725154984 0.6085806194501846 1 0 0 0.8686384732229572 -0.4954464681848988 4.178290138655016
cell 16.686277492911366 22.66001154885733 0.0 1.6431676725154984 0.6085806194501846 1 0 0 0.5535801752863257 -0.8327958870755552 5.109871089275976
cell 32.448459634725346 32.370474525256505 0.0 1.0 1.0 1 0 0 0.0 1.0 0
cell 55.80508099949945 8.862238863645116 0.0 1.0 1.0 1 0 0 0.0 1.0 0
cell 11.208305720567523 11.021725452081913 0.0 1.6431676725154984 0.6085806194501846 1 0 0 0.26876491992431006 0.9632058024213097 0.5442210836943321
cell 13.598700235852949 53.91547492164948 0.0 1.6431676725154984 0.6085806194501846 1 0 0 0.13383028099552244 -0.9910042663322189 6.014719244972615
cell 61.36464540084775 10.426896035923928 0.0 1.6431676725154984 0.6085806194501846 1 0 0 -0.19003306397940525 -0.9817776910251115 0.38239164817101656
cell 57.94407113783876 50.5437530964852 0.0 1.6431676725154984 0.6085806194501846 1 0 0 0.990731674446046 -0.13583353506897278 3.414102147315361
cell 43.631836069955654 60.168499812462976 0.0 1.6431676725154984 0.6085806194501846 1 0 0 0.9770863669961651 0.21284320856028124 2.7126248000270956
cell 21.874817976654345 29.120798129309183 0.0 1.6431676725154984 0.6085806194501846 1 0 0 0.45231805964523675 -0.8918566997667103 5.344459766645926
cell 37.99234665749749 35.778223174280974 0.0 1.0 1.0 1 0 0 0.0 1.0 0
cell 49.05643460098914 37.70281774137623 0.0 1.6431676725154984 0.6085806194501846 1 0 0 0.572929897505011 0.8196043756257635 1.2201523558049956
cell 19.722410093919596 11.537915543780361 0.0 1.6431676725154984 0.6085806194501846 1 0 0 0.1566637873871321 0.9876519922126009 0.31462363565925067
cell 32.92089504640176 11.763103987049748 0.0 1.6431676725154984 0.6085806194501846 1 0 0 0.36505381227375805 0.9309864199570238 0.7473812075445815
cell 1.8953060908630839 47.2921377266969 0.0 1.0 1.0 1 0 0 0.0 1.0 0
cell 54.88856503008739 38.613112693848834 0.0 1.6431676725154984 0.6085806194501846 1 0 0 0.42331353286823153 0.9059832519923404 0.8741991942943061
cell 51.48969892778018 53.166389377963 0.0 1.6431676725154984 0.6085806194501846 1 0 0 0.4252364706515697 0.9050822857772638 0.8784462787219481
cell 58.523645269301426 5.830725169308387 0.0 1.6431676725154984 0.6085806194501846 1 0 0 0.9826825275884573 -0.18529719364405078 3.5143412229836115
cell 66.60307534547738 42.64573526972567 0.0 1.6431676725154984 0.6085806194501846 1 0 0 -0.11813939594122481 -0.9929970207038098 0.23683189336555177
cell 53.286359955608965 23.83813822938427 0.0 1.0 1.0 1 0 0 0.0 1.0 0
cell 5.94388261699652 56.96808923921858 0.0 1.6431676725154984 0.6085806194501846 1 0 0 0.13008603487705842 0.9915027097945647 0.2609115028299976
cell 56.21637498123346 63.47946065467436 0.0 1.6431676725154984 0.6085806194501846 1 0 0 -0.3617812037514343 -0.9322630318811119 0.7403556208120285
cell 61.03771177764461 26.042854000298885 0.0 1.0 1.0 1 0 0 0.0 1.0 0
cell 59.576496685383866 62.275186139038254 0.0 1.6431676725154984 0.6085806194501846 1 0 0 0.5013944166017347 0.8652188387920169 1.0504193179835262
cell 41.371032787186735 10.820376227350502 0.0 1.6431676725154984 0.6085806194501846 1 0 0 0.4647491173647323 0.8854424080134756 0.9667024971592882
cell 58.563306392380284 19.318428672296964 0.0 1.0 1.0 1 0 0 0.0 1.0 0
cell 52.676511759347825 42.10319290694305 0.0 1.6431676725154984 0.6085806194501846 1 0 0 0.20830177125986735 0.9780646052741107 0.4196766444495759
cell 65.34877465150359 4.4612176047967065 0.0 1.6431676725154984 0.6085806194501846 1 0 0 0.7098400195745788 0.7043629367097346 1.5785421110281344
cell 10.831685912800415 9.425687799621205 0.0 1.6431676725154984 0.6085806194501846 1 0 0 0.9571696223744921 -0.2895277430635485 3.7290594774575028
cell 1.3432558946325714 43.65817465983007 0.0 1.6431676725154984 0.6085806194501846 1 0 0 -0.03196101109573551 0.9994891163838345 6.219252397191841
cell 12.184900976450962 39.576985787633774 0.0 1.6431676725154984 0.6085806194501846 1 0 0 0.1728554993970514 0.9849471946902514 0.34745615122686835
cell 3.600498128831098 46.741063263472256 0.0 1.0 1.0 1 0 0 0.0 1.0 0
cell 50.33889650833262 6.678820317177162 0.0 1.6431676725154984 0.6085806194501846 1 0 0 0.821932002834917 0.569585623691278 1.9295894176722392
cell 27.591028333046488 1.5039129890850664 0.0 1.6431676725154984 0.6085806194501846 1 0 0 0.9913916699068054 -0.13092958733378693 3.404205815195923
cell 44.256327161002595 30.144727724975287 0.0 1.6431676725154984 0.6085806194501846 1 0 0 0.46641323372880666 0.8845669536008213 0.9704631911077948
cell 31.66323321484382 21.79496072412825 0.0 1.0 1.0 1 0 0 0.0 1.0 0
cell 21.35453467560974 37.95772000169339 0.0 1.6431676725154984 0.6085806194501846 1 0 0 0.03143996488135418 -0.9995056421092675 6.220295013637667
cell 47.78012905287996 30.4177229960374 0.0 1.6431676725154984 0.6085806194501846 1 0 0 0.6878445095132922 0.7258580651425032 1.5170305651140914
cell 10.047857144185729 61.47723478170867 0.0 1.6431676725154984 0.6085806194501846 1 0 0 0.18764556741105878 -0.9822368049665935 5.905656139193298
cell 2.137761605788186 17.01825814691954 0.0 1.0 1.0 1 0 0 0.0 1.0 0
cell 33.62568408967742 14.880646207077094 0.0 1.6431676725154984 0.6085806194501846 1 0 0 0.34315739293016456 0.9392779161022432 0.7005527062223512
cell 51.90647467658484 33.82279823107696 0.0 1.6431676725154984 0.6085806194501846 1 0 0 0.6862770338707233 0.7273402455395976 1.512716012796907
cell 10.755264043214183 18.44154581611389 0.0 1.6431676725154984 0.6085806194501846 1 0 0 0.13733353046016805 -0.9905248615816497 6.0076474421607005
cell 29.318498699264453 15.129640119440346 0.0 1.6431676725154984 0.6085806194501846 1 0 0 0.22050432077763754 0.9753859977046998 0.4446629753761658
cell 3.1942940749316806 58.50740364039578 0.0 1.6431676725154984 0.6085806194501846 1 0 0 0.1387121160835669 0.9903327465309925 0.2783216802616968
cell 56.26527128288141 45.79825659626818 0.0 1.0 1.0 1 0 0 0.0 1.0 0
cell 57.433830202702445 37.02749555429696 0.0 1.6431676725154984 0.6085806194501846 1 0 0 0.4081497880713088 0.9129149744074448 0.8408528678448063
cell 53.64991661041552 0.7351037760094967 0.0 1.6431676725154984 0.6085806194501846 1 0 0 0.7383836747819299 -0.6743808633224501 4.621844409837502
cell 46.09349808111023 31.99503432998945 0.0 1.6431676725154984 0.6085806194501846 1 0 0 0.6080386351362672 0.793907436784431 1.3071754517318215
cell 8.935917922159367 58.55464322660571 0.0 1.6431676725154984 0.6085806194501846 1 0 0 0.21471057051002376 0.9766777211093023 0.43279095870112066
cell 6.300074324511181 47.835983232898435 0.0 1.0 1.0 1 0 0 0.0 1.0 0
cell 45.07116686819424 19.580440960041944 0.0 1.6431676725154984 0.6085806194501846 1 0 0 0.5651670250742286 0.8249765049798365 1.2012713998890425
cell 11.818046456075349 14.990224676396279 0.0 1.6431676725154984 0.6085806194501846 1 0 0 -0.018332783635556325 0.9998319404000714 6.246517685770197
cell 59.13823568919415 2.9465212844006543 0.0 1.6431676725154984 0.6085806194501846 1 0 0 0.9682407077894676 -0.25001986276964255 3.6469941923431644
cell 25.864542732296876 44.128120247225674 0.0 1.6431676725154984 0.6085806194501846 1 0 0 0.8455564289628459 0.5338860603533302 2.0152130653616225
cell 42.10236976205537 58.06764433136186 0.0 1.6431676725154984 0.6085806194501846 1 0 0 -0.9999929944615308 -0.003743130756568453 3.1341063745948428
cell 60.1080202895656 46.79324225228781 0.0 1.6431676725154984 0.6085806194501846 1 0 0 0.04392233445669372 0.9990349486058405 0.08787293803288446
cell 36.028327702389426 35.774214397013424 0.0 1.0 1.0 1 0 0 0.0 1.0 0
cell 28.08170841052431 21.642212159330263 0.0 1.0 1.0 1 0 0 0.0 1.0 0
cell 8.248913217860464 38.60049102517048 0.0 1.6431676725154984 0.6085806194501846 1 0 0 -0.08111257468036011 0.9967049464253316 6.120781742455335
cell 56.428424319261204 43.7087002094828 0.0 1.6431676725154984 0.6085806194501846 1 0 0 0.11262039627306206 0.9936380861980374 0.2257196655564882
cell 64.76991653920312 6.901020207880342 0.0 1.6431676725154984 0.6085806194501846 1 0 0 0.9901876489879577 -0.13974412256585636 3.421998647431335
cell 61.31709739473442 42.58334693581122 0.0 1.6431676725154984 0.6085806194501846 1 0 0 0.46835865536704446 0.8835384371620593 0.9748643334001951
cell 66.19627348174019 13.89539983287115 0.0 1.6431676725154984 0.6085806194501846 1 0 0 0.19702613949411263 0.9803982355941112 0.3966473442320482
cell 64.5924992134551 64.94165736442399 0.0 1.6431676725154984 0.6085806194501846 1 0 0 0.9551901237958608 -0.2959929516100816 3.742582422454349
cell 43.34405738075079 50.95395236346838 0.0 1.6431676725154984 0.6085806194501846 1 0 0 0.9932729784004951 -0.11579633145920326 3.373706027526937
cell 42.27515956052343 31.630753068862983 0.0 1.6431676725154984 0.6085806194501846 1 0 0 -0.40534141691009556 -0.9141653765798156 0.8347045472238879
cell 1.933133785255596 53.95922149759353 0.0 1.6431676725154984 0.6085806194501846 1 0 0 0.9958547834069976 -0.09095740962341552 3.323759249128779
cell 52.37365533205758 22.463024178647157 0.0 1.0 1.0 1 0 0 0.0 1.0 0
cell 53.756948213028565 43.29592522617258 0.0 1.6431676725154984 0.6085806194501846 1 0 0 0.13738122253365498 0.9905182480374394 0.2756341619106521
cell 61.58245624535472 53.511888223398536 0.0 1.6431676725154984 0.6085806194501846 1 0 0 0.9777542216193245 -0.2097538607644423 3.5642390807570696
cell 44.42107015058522 20.525084175505306 0.0 1.6431676725154984 0.6085806194501846 1 0 0 0.4457142464153656 0.8951752959853074 0.9239439738126153
cell 62.393057815635544 16.918516342906603 0.0 1.0 1.0 1 0 0 0.0 1.0 0
cell 50.22351422627034 33.96506293236478 0.0 1.6431676725154984 0.6085806194501846 1 0 0 0.6980749322388176 0.7160247125482264 1.545410822419203
cell 25.260106004157915 24.530543882099966 0.0 1.0 1.0 1 0 0 0.0 1.0 0
cell 3.008111104840971 57.11022427420134 0.0 1.6431676725154984 0.6085806194501846 1 0 0 0.18274854997248577 0.9831596856477354 0.36756271627403064
cell 30.848703764729507 23.02657254025566 0.0 1.0 1.0 1 0 0 0.0 1.0 0
cell 45.319910697937345 48.5105292532841 0.0 1.6431676725154984 0.6085806194501846 1 0 0 0.763832970756446 -0.645413970088487 4.544722900327437
cell 9.621016805025876 1.5495458247360268 0.0 1.6431676725154984 0.6085806194501846 1 0 0 0.4957859633429891 -0.8684447469770684 5.245706063014236
cell 15.68009290803871 29.12428724114301 0.0 1.6431676725154984 0.6085806194501846 1 0 0 0.37105352180255685 0.928611481706919 0.7602865538152532
cell 63.22125943521621 36.27463723703964 0.0 1.6431676725154984 0.6085806194501846 1 0 0 0.9855271040716505 -0.16951792571921773 3.4822736431448154
cell 56.08773739974706 25.069810209769077 0.0 1.0 1.0 1 0 0 0.0 1.0 0
cell 66.9839404856866 50.247983802012804 0.0 1.6431676725154984 0.6085806194501846 1 0 0 0.9960499451365069 0.08879474530377113 2.963768963489747
cell 43.96283538108842 32.60565822083228 0.0 1.6431676725154984 0.6085806194501846 1 0 0 0.4277948853402744 0.9038758410737071 0.8841034864702229
cell 65.43630986481959 25.681077622869342 0.0 1.6431676725154984 0.6085806194501846 1 0 0 0.9934116241673855 -0.11460080701773961 3.3712989533580258
cell 25.596568020215653 32.674116527042464 0.0 1.6431676725154984 0.6085806194501846 1 0 0 0.8752325453414687 -0.4837023791290404 4.151352569555378
cell 2.3643355767217207 14.402766530751162 0.0 1.6431676725154984 0.6085806194501846 1 0 0 0.04660831615236219 0.9989132419111488 0.09325041496700397
cell 9.924393662915023 12.659790402122841 0.0 1.6431676725154984 0.6085806194501846 1 0 0 0.2042413739635056 0.9789205591678517 0.411377365449136
cell 20.7604253401867 62.44378441563276 0.0 1.6431676725154984 0.6085806194501846 1 0 0 0.6798076256223423 0.7333904772668604 1.49500058900612
cell 34.20783590914106 57.42245541895239 0.0 1.6431676725154984 0.6085806194501846 1 0 0 0.8708745440255954 -0.49150536982642556 4.169227621557247
cell 51.28767328261043 51.27421251861592 0.0 1.6431676725154984 0.6085806194501846 1 0 0 0.9632517368571016 -0.2686002446792946 3.685471813849517
cell 38.47028735432485 10.76693134860166 0.0 1.6431676725154984 0.6085806194501846 1 0 0 -0.5393351262833461 -0.8420912192612668 1.1392947177581245
cell 7.31577534757371 17.840038886453215 0.0 1.0 1.0 1 0 0 0.0 1.0 0
cell 14.72770991857108 45.28269926114989 0.0 1.6431676725154984 0.6085806194501846 1 0 0 -0.08014257167063009 -0.9967834108802263 0.16045722191342815
cell 30.535896429552967 32.314826049703704 0.0 1.0 1.0 1 0 0 0.0 1.0 0
cell 24.363126496873363 16.835394142528205 0.0 1.6431676725154984 0.6085806194501846 1 0 0 0.0886243318994249 0.9960651222663007 0.17748151427552875
cell 35.88444538689226 22.84913973621252 0.0 1.6431676725154984 0.6085806194501846 1 0 0 -0.19248201897422157 -0.9813005005458865 0.3873816760464557
cell 23.93155631729493 15.028577614371759 0.0 1.6431676725154984 0.6085806194501846 1 0 0 0.17079076961920125 0.9853073190699848 0.3432643495939296
cell 7.91198148911764 1.9553042698033463 0.0 1.6431676725154984 0.6085806194501846 1 0 0 0.44429453716715006 -0.8958807756858208 5.362411996694217
cell 7.124300629084734 11.00840589553456 0.0 1.6431676725154984 0.6085806194501846 1 0 0 0.22291053672711453 0.9748389059819216 0.4495982312513965
cell 49.63238994252399 2.0811126732178566 0.0 1.6431676725154984 0.6085806194501846 1 0 0 0.7325987884419872 0.6806607195757166 1.6442643698944057
cell 14.177259988552084 12.295868728876268 0.0 1.6431676725154984 0.6085806194501846 1 0 0 0.17006672208549206 0.9854325497156545 0.3417947543163396
cell 46.31458050210929 22.192376201391856 0.0 1.6431676725154984 0.6085806194501846 1 0 0 0.5755219847770637 0.817786307685736 1.2264845894817848
cell 38.56338944500773 19.271545228591364 0.0 1.6431676725154984 0.6085806194501846 1 0 0 0.3941599652790023 0.9190418498475766 0.8103072770990059
cell 48.15568317727343 47.19285817919479 0.0 1.6431676725154984 0.6085806194501846 1 0 0 0.8923626641934552 -0.4513190396532798 4.078078514613781
cell 40.27315024317269 27.152694887001296 0.0 1.6431676725154984 0.6085806194501846 1 0 0 0.2541639168778645 0.9671611568695788 0.5139662670423413
cell 39.39277806546228 21.175645669498884 0.0 1.6431676725154984 0.6085806194501846 1 0 0 0.44634690337485305 0.8948600124308157 0.9253577044360732
cell 48.35704182459267 3.375145893922537 0.0 1.6431676725154984 0.6085806194501846 1 0 0 0.42003224998353866 0.9075091784515273 0.8669617131803395
cell 14.176189507824295 16.5361972414538 0.0 1.6431676725154984 0.6085806194501846 1 0 0 0.19830894698448537 -0.980139562279732 5.883920706991145
cell 21.316148626658972 17.856886054666568 0.0 1.6431676725154984 0.6085806194501846 1 0 0 0.15291564484411363 0.9882392451030818 0.30703589403358833
cell 34.030723261395835 35.72986032245798 0.0 1.0 1.0 1 0 0 0.0 1.0 0
cell 4.473352499811798 59.8294988806941 0.0 1.6431676725154984 0.6085806194501846 1 0 0 -0.13639407843331258 0.9906546599942522 6.009544194971258
cell 52.49089401811608 0.18301512383986332 0.0 1.6431676725154984 0.6085806194501846 1 0 0 0.6338009364574668 0.7734962009897903 1.3729146937930838
cell 57.099316434306054 19.759335721679864 0.0 1.0 1.0 1 0 0 0.0 1.0 0
cell 65.7466777163726 1.158703616084726 0.0 1.6431676725154984 0.6085806194501846 1 0 0 -0.04479517562459763 -0.9989961923054369 0.08962034045221223
cell 62.40957442683094 26.209510196788916 0.0 1.6431676725154984 0.6085806194501846 1 0 0 0.6711829833130565 -0.7412917124256722 4.8115783525097555
cell 14.462108467834545 43.71324026044569 0.0 1.6431676725154984 0.6085806194501846 1 0 0 -0.2630752400786803 -0.9647753199877911 0.5324166873496274
cell 26.98530021826334 24.589287695672695 0.0 1.0 1.0 1 0 0 0.0 1.0 0
cell 33.34193174545098 19.49557556916393 0.0 1.6431676725154984 0.6085806194501846 1 0 0 0.11720056651057491 0.9931082656033029 0.23494109861826953
cell 40.391049193281965 14.049624925223844 0.0 1.6431676725154984 0.6085806194501846 1 0 0 0.42506540411110116 0.9051626385505901 0.8780682822692906
cell 23.175677247010523 35.63359354407021 0.0 1.6431676725154984 0.6085806194501846 1 0 0 0.07370530429970885 -0.9972800650359392 6.135640903914265
cell 56.79670321497325 23.563552527612543 0.0 1.0 1.0 1 0 0 0.0 1.0 0
cell 8.634490322305954 44.45170797083959 0.0 1.0 1.0 1 0 0 0.0 1.0 0
cell 30.59154450918298 29.28903324759341 0.0 1.0 1.0 1 0 0 0.0 1.0 0
cell 24.107137175853346 12.56673913710722 0.0 1.6431676725154984 0.6085806194501846 1 0 0 0.3608806414053673 0.9326120107841475 0.7384239905301918
cell 51.76674617113831 3.166224175683549 0.0 1.6431676725154984 0.6085806194501846 1 0 0 0.8763930400628185 0.48159655244763844 2.1366415864659287
cell 55.5331318509711 21.446517269460674 0.0 1.6431676725154984 0.6085806194501846 1 0 0 0.312839578013716 0.9498059793601007 0.6363624128917789
cell 43.403633672381964 7.796988373023341 0.0 1.6431676725154984 0.6085806194501846 1 0 0 0.4638103678723378 0.8859345024628664 0.9645826786182217
cell 15.3382423165177 20.817801795273382 0.0 1.6431676725154984 0.6085806194501846 1 0 0 0.9958481380460547 -0.09103013759303069 3.323905311011401
cell 47.45224792116613 64.36426292920282 0.0 1.6431676725154984 0.6085806194501846 1 0 0 0.361069369072379 0.932538959356484 0.7388287356031408
cell 11.820637104791205 6.180970368457457 0.0 1.6431676725154984 0.6085806194501846 1 0 0 0.8578960453646846 0.5138232919473728 2.0623217252632524
cell 30.382755222148447 44.97427424869757 0.0 1.6431676725154984 0.6085806194501846 1 0 0 0.9925737020845254 0.12164475299091052 2.897699106125989
cell 45.06606143341166 24.385098685722788 0.0 1.6431676725154984 0.6085806194501846 1 0 0 0.4961928785066078 0.8682123169590067 1.0384164819531032
cell 49.558114389713865 11.91397993126024 0.0 1.6431676725154984 0.6085806194501846 1 0 0 0.6269797612384524 0.7790355441168093 1.3553404796746764
cell 56.30283747697081 61.365326647438025 0.0 1.6431676725154984 0.6085806194501846 1 0 0 0.5827389582245098 0.812659403789443 1.2441899966928889
cell 24.06763102991112 21.898078275357285 0.0 1.6431676725154984 0.6085806194501846 1 0 0 0.30924260702936107 -0.9509831807123006 5.654392311804112
cell 46.37804285640389 55.04319819801752 0.0 1.6431676725154984 0.6085806194501846 1 0 0 0.9229516117651072 0.3849159938742358 2.3513590499225563
cell 28.759827018518862 28.9315522146528 0.0 1.0 1.0 1 0 0 0.0 1.0 0
cell 56.19906626169576 14.178362985776278 0.0 1.0 1.0 1 0 0 0.0 1.0 0
cell 28.73316571760619 20.30375501804962 0.0 1.6431676725154984 0.6085806194501846 1 0 0 -0.04698867991175126 0.9988954219337233 6.189173330283902
cell 44.92281873232067 25.8719958040656 0.0 1.6431676725154984 0.6085806194501846 1 0 0 0.5395551108805684 0.8419502849471918 1.1398172336116141
cell 48.88830148793939 39.108073182928855 0.0 1.6431676725154984 0.6085806194501846 1 0 0 0.36593804768742627 0.9306392132586693 0.7492811284124404
cell 34.62416873788801 10.622717445964817 0.0 1.6431676725154984 0.6085806194501846 1 0 0 0.43716653899368607 0.8993805741643979 0.9048915878202984
cell 49.486193183834075 23.115204333859342 0.0 1.6431676725154984 0.6085806194501846 1 0 0 0.5335205353624468 0.8457871117169901 1.125515127575675
cell 58.00016586599651 13.973217652457485 0.0 1.0 1.0 1 0 0 0.0 1.0 0
cell 16.938095750521967 10.857719433747253 0.0 1.6431676725154984 0.6085806194501846 1 0 0 0.22350757453563191 0.9747021925312361 0.45082321243349743
cell 49.18574472021062 35.48097335204147 0.0 1.6431676725154984 0.6085806194501846 1 0 0 -0.6915397171983766 -0.7223384383633403 1.527236913926008
cell 25.48246757780602 61.80825010438759 0.0 1.6431676725154984 0.6085806194501846 1 0 0 0.8762022437923134 0.48194359418226046 2.1358495228713656
cell 61.59893375393543 22.09627876916077 0.0 1.0 1.0 1 0 0 0.0 1.0 0
cell 59.884116489657764 27.170129645696186 0.0 1.0 1.0 1 0 0 0.0 1.0 0
cell 1.1599766415930526 19.53641314998484 0.0 1.6431676725154984 0.6085806194501846 1 0 0 0.4983791963507315 -0.8669591551190857 5.239728823768863
cell 1.7833953737911001 45.09783064453017 0.0 1.6431676725154984 0.6085806194501846 1 0 0 -0.3388479950381645 0.9408411323165118 5.5918009360133265
cell 60.672328592333756 66.75913327830266 0.0 1.6431676725154984 0.6085806194501846 1 0 0 0.3997865864327428 0.9166082507311698 0.822568009208252
cell 17.07348172189986 45.135715420235755 0.0 1.6431676725154984 0.6085806194501846 1 0 0 0.4893209932402051 0.8721037584911666 1.0226219957704754
cell 50.17971580379866 38.53928645812869 0.0 1.6431676725154984 0.6085806194501846 1 0 0 0.576574689993855 0.8170444460728499 1.229060281354168
cell 60.833259074970435 48.00090450501926 0.0 1.0 1.0 1 0 0 0.0 1.0 0
cell 15.397885411764767 13.663502331210164 0.0 1.6431676725154984 0.6085806194501846 1 0 0 0.07863874653500472 0.996903178620373 0.1574400478834872
cell 22.687133496436772 30.21382452459652 0.0 1.6431676725154984 0.6085806194501846 1 0 0 0.6062108727424426 -0.7953039530700486 4.980610279531322
cell 0.33218895339235127 47.017993762624045 0.0 1.0 1.0 1 0 0 0.0 1.0 0
cell 47.99699033706231 1.1279842812979444 0.0 1.6431676725154984 0.6085806194501846 1 0 0 -0.4998875511807224 -0.8660903164073251 1.046937871504742
cell 39.0623896698123 25.355784286838695 0.0 1.6431676725154984 0.6085806194501846 1 0 0 0.32518765376029884 0.9456495068691528 0.6624203206785484
cell 36.17295369022011 23.87384180588594 0.0 1.6431676725154984 0.6085806194501846 1 0 0 0.18090405231607387 0.9835007492908295 0.3638111848295129
cell 9.339899243186006 11.138830194578933 0.0 1.6431676725154984 0.6085806194501846 1 0 0 0.2722835612153069 0.962217055706201 0.5515309322487331
cell 20.640903276713818 26.951809639580603 0.0 1.6431676725154984 0.6085806194501846 1 0 0 0.8729198911840833 0.4878635706579947 2.122311408515991
cell 45.84207326400854 15.275979636597842 0.0 1.0 1.0 1 0 0 0.0 1.0 0
cell 63.93585871527911 18.050885607948274 0.0 1.6431676725154984 0.6085806194501846 1 0 0 0.8074348941152312 -0.5899566863466549 4.4036030459945925
cell 64.30609548176622 50.92947132256249 0.0 1.6431676725154984 0.6085806194501846 1 0 0 0.9999964901100428 -0.002649484401772142 3.1468916285929454
cell 17.76816171668229 3.4974126153214717 0.0 1.6431676725154984 0.6085806194501846 1 0 0 0.999937563463868 -0.011174487636713812 3.163942094005705
cell 63.23024834206759 51.93961363132906 0.0 1.6431676725154984 0.6085806194501846 1 0 0 0.9947830135502705 -0.10201350867332319 3.3459752150563538
cell 63.028207665138396 43.8185856187625 0.0 1.6431676725154984 0.6085806194501846 1 0 0 -0.42437961940883295 -0.9054843668614131 0.8765532775943301
cell 5.98389756204295 58.30302896996233 0.0 1.6431676725154984 0.6085806194501846 1 0 0 -0.06085590071459114 -0.9981465620580054 0.12178705231152698
cell 36.31871622771305 32.53065036316471 0.0 1.0 1.0 1 0 0 0.0 1.0 0
cell 55.87203416569502 18.977502778002652 0.0 1.0 1.0 1 0 0 0.0 1.0 0
cell 53.44030647647653 29.062027764833466 0.0 1.6431676725154984 0.6085806194501846 1 0 0 0.5378631982580545 0.84303213459489 1.1358007832694095
cell 36.31314939090735 7.227354255963992 0.0 1.6431676725154984 0.6085806194501846 1 0 0 0.6722579078458198 0.7403170302909161 1.4745090011094082
cell 18.501886937357334 33.704569577602356 0.0 1.6431676725154984 0.6085806194501846 1 0 0 0.5753395252671958 0.8179146842215989 1.2260383966628923
cell 40.430406662159214 15.46196471287364 0.0 1.6431676725154984 0.6085806194501846 1 0 0 0.4172843200283966 0.908775987941164 0.8609099589529033
cell 65.90676598249054 53.074040088194685 0.0 1.6431676725154984 0.6085806194501846 1 0 0 0.9963132176478813 -0.08579028115192104 3.3133843874068574
cell 8.051961506167432 42.933043644683906 0.0 1.6431676725154984 0.6085806194501846 1 0 0 -0.20908352246462608 0.9778977863937438 5.861909958856228
cell 9.158205043640482 28.144560643967456 0.0 1.6431676725154984 0.6085806194501846 1 0 0 0.5200755335624101 0.8541202722039645 1.093878765310042
cell 30.74970400724435 2.810278900642778 0.0 1.6431676725154984 0.6085806194501846 1 0 0 0.9914895823990897 -0.13018605145743847 3.4027059052227266
cell 39.771879253195145 24.247387350530843 0.0 1.6431676725154984 0.6085806194501846 1 0 0 0.39692987931118623 0.9178489368681576 0.8163390171518004
cell 44.91288458460911 27.63865499593154 0.0 1.6431676725154984 0.6085806194501846 1 0 0 0.593625585175465 0.8047413650515839 1.2711133486708246
cell 62.01006968306016 13.57603430786307 0.0 1.0 1.0 1 0 0 0.0 1.0 0
cell 38.4257177215753 14.182578708720374 0.0 1.6431676725154984 0.6085806194501846 1 0 0 0.4542324019897386 0.8908832274673446 0.9430208201298704
cell 12.686713176361044 13.965724681209934 0.0 1.6431676725154984 0.6085806194501846 1 0 0 0.08024630052463937 0.9967750655248702 0.16066534995209517
cell 24.843026197488207 36.30558707285401 0.0 1.6431676725154984 0.6085806194501846 1 0 0 -0.12146606362296211 0.9925955850133238 6.039651808339599
cell 40.65387419631104 44.557323760399356 0.0 1.0 1.0 1 0 0 0.0 1.0 0
cell 48.393326247151414 45.4424176013324 0.0 1.0 1.0 1 0 0 0.0 1.0 0
cell 50.90029139556477 29.12705801205421 0.0 1.6431676725154984 0.6085806194501846 1 0 0 0.6503427898142421 0.7596408728712724 1.4160712041425345
cell 42.46047782025157 27.660386383900484 0.0 1.6431676725154984 0.6085806194501846 1 0 0 -0.45767233917363465 -0.8891209310073257 0.9507509883659795
cell 51.4240958941154 14.053588481129816 0.0 1.6431676725154984 0.6085806194501846 1 0 0 -0.6677665037605136 -0.7443708057517168 1.4624084361953127
cell 47.45380078316846 18.080194292711337 0.0 1.6431676725154984 0.6085806194501846 1 0 0 0.47470635208363965 0.8801442377766518 0.9892607311160376
cell 6.698807764132281 30.951118362029323 0.0 1.6431676725154984 0.6085806194501846 1 0 0 0.8045494727214966 -0.5938856337238356 4.413352370312938
cell 49.65723301217974 40.65190206791787 0.0 1.6431676725154984 0.6085806194501846 1 0 0 0.27256499680849244 0.9621373719562017 0.5521159296632081
cell 61.07100206504951 50.85906002467144 0.0 1.6431676725154984 0.6085806194501846 1 0 0 0.999562403348191 -0.029580429557195094 3.2007621437462572
cell 64.62791827056203 16.53170522687241 0.0 1.0 1.0 1 0 0 0.0 1.0 0
cell 16.07129997598305 38.56954634221708 0.0 1.6431676725154984 0.6085806194501846 1 0 0 -0.06577983495581319 -0.9978341612277994 0.1316547312830849
cell 38.557467506114925 12.763666402160931 0.0 1.6431676725154984 0.6085806194501846 1 0 0 0.46644727015051923 0.8845490060867903 0.9705401480116584
cell 30.87954642802177 51.022766707162674 0.0 1.6431676725154984 0.6085806194501846 1 0 0 0.6190622533524591 -0.7853419169216524 4.948089149561366
cell 28.86392986938411 25.184473070452466 0.0 1.0 1.0 1 0 0 0.0 1.0 0
cell 1.5763902328428208 11.027369438120376 0.0 1.6431676725154984 0.6085806194501846 1 0 0 0.22913986492519026 0.973393508454862 0.46238789006924597
cell 60.31058201292551 16.91497470558819 0.0 1.0 1.0 1 0 0 0.0 1.0 0
cell 31.040845644045856 47.93591585487821 0.0 1.6431676725154984 0.6085806194501846 1 0 0 0.617273779158104 -0.7867484232992604 4.95263971100694
cell 50.47728053887523 14.406997177776114 0.0 1.6431676725154984 0.6085806194501846 1 0 0 -0.6090548082630172 -0.793128136262798 1.3097366368876875
cell 6.50569738033667 25.228373503781018 0.0 1.0 1.0 1 0 0 0.0 1.0 0
cell 3.98951172676129 61.25752143501555 0.0 1.6431676725154984 0.6085806194501846 1 0 0 0.030545401627925014 0.9995333803527467 0.06110030708609847
cell 26.335666181362008 16.54009442562351 0.0 1.6431676725154984 0.6085806194501846 1 0 0 0.17857626568679072 0.9839260731037474 0.35907853502198883
cell 55.35662791151888 46.99456414964223 0.0 1.0 1.0 1 0 0 0.0 1.0 0
cell 41.50575129638076 9.11346014078089 0.0 1.6431676725154984 0.6085806194501846 1 0 0 0.43783401412086353 0.8990558247844299 0.9063761554078321
cell 59.73423458140124 45.15500841297443 0.0 1.6431676725154984 0.6085806194501846 1 0 0 -0.14892713419484366 -0.9888481727244638 0.2989664375137684
cell 33.63256934157311 8.432285630978335 0.0 1.6431676725154984 0.6085806194501846 1 0 0 0.1523034010868267 0.9883337867428115 0.3057968935456892
cell 41.57955221140523 25.62671826115386 0.0 1.6431676725154984 0.6085806194501846 1 0 0 -0.4433707726768384 -0.8963383055163621 0.9187115884153494
cell 57.421666318008945 30.044514534861783 0.0 1.0 1.0 1 0 0 0.0 1.0 0
cell 53.599175715033866 21.552844413882816 0.0 1.6431676725154984 0.6085806194501846 1 0 0 0.20019464071477958 0.9797561461042642 0.4031131583343822
cell 34.803816152665725 64.08171281854109 0.0 1.6431676725154984 0.6085806194501846 1 0 0 0.6634927327219775 0.7481827274303534 1.4509548855833814
cell 57.6757597561948 39.80259262103536 0.0 1.6431676725154984 0.6085806194501846 1 0 0 0.36007938551847024 0.9329216666605192 0.7367059709686813
cell 44.07451938908117 48.377589366759274 0.0 1.6431676725154984 0.6085806194501846 1 0 0 0.7387798560823119 -0.6739468259788739 4.6206690834176
cell 48.73553854040154 41.66723421831639 0.0 1.6431676725154984 0.6085806194501846 1 0 0 -0.26416004394524195 -0.9644788598942166 0.5346658544392637
cell 43.58369799912427 39.38354921848466 0.0 1.0 1.0 1 0 0 0.0 1.0 0
cell 20.30706468835759 46.039097523456235 0.0 1.6431676725154984 0.6085806194501846 1 0 0 0.2963232096429542 -0.9550877213255847 5.681503999059784
cell 58.44344818158596 66.36132549859651 0.0 1.6431676725154984 0.6085806194501846 1 0 0 0.47349447120293237 -0.8807967902645056 5.296677378502894
cell 34.20956821966258 26.093331681624694 0.0 1.0 1.0 1 0 0 0.0 1.0 0
cell 53.70227267825045 62.01688457467681 0.0 1.6431676725154984 0.6085806194501846 1 0 0 0.6473165007455768 0.762221324723011 1.4081170409219694
cell 54.23695476443879 48.50105255676326 0.0 1.0 1.0 1 0 0 0.0 1.0 0
cell 65.87851862727868 15.192716857070112 0.0 1.0 1.0 1 0 0 0.0 1.0 0
cell 41.62044446388259 54.70873436326455 0.0 1.6431676725154984 0.6085806194501846 1 0 0 0.9307670552593444 -0.3656127580430536 3.8901747628862826
cell 24.571217870434513 39.72021108551233 0.0 1.6431676725154984 0.6085806194501846 1 0 0 0.7060768769042145 -0.7081351875886346 4.715299872297876
cell 34.06580797154351 50.60698916230631 0.0 1.6431676725154984 0.6085806194501846 1 0 0 0.7866245331630085 0.6174316511372566 1.8106456980878807
cell 3.9835854711236487 15.485234916516639 0.0 1.6431676725154984 0.6085806194501846 1 0 0 -0.1470443320947742 0.9891299026916545 5.988026397271537
cell 45.94976817830168 1.789632748444093 0.0 1.6431676725154984 0.6085806194501846 1 0 0 0.48756908396163545 0.8730844107901662 1.0186065922261915
cell 19.469621668548893 9.217720887275723 0.0 1.6431676725154984 0.6085806194501846 1 0 0 0.27220279928897717 0.9622399056676275 0.551363067904862
cell 35.55138582173888 15.433820881299914 0.0 1.6431676725154984 0.6085806194501846 1 0 0 0.3266385050686631 0.9451493464032596 0.6654896075487152
cell 45.115260562709594 34.81527458966573 0.0 1.6431676725154984 0.6085806194501846 1 0 0 -0.6012625507366877 -0.7990515284270546 1.2901604659653891
cell 47.47875859240286 27.12666415795043 0.0 1.6431676725154984 0.6085806194501846 1 0 0 0.6687354467164445 0.7435004386716645 1.4650133465935398
cell 5.022763522019624 38.20881856350039 0.0 1.6431676725154984 0.6085806194501846 1 0 0 0.1461571940788297 0.9892613783116185 0.2933652546993904
cell 55.25028878906492 30.777404123057572 0.0 1.6431676725154984 0.6085806194501846 1 0 0 0.513045431474533 0.8583614537262902 1.07745800591836
cell 45.348767367416364 32.66656987572182 0.0 1.6431676725154984 0.6085806194501846 1 0 0 0.5733814257075371 0.8192885576239863 1.2212543879925564
cell 21.474782077338297 39.616955958641675 0.0 1.6431676725154984 0.6085806194501846 1 0 0 -0.2904906051241931 -0.9568778439981669 0.589479024706697
cell 47.00468582441607 7.633136952268161 0.0 1.6431676725154984 0.6085806194501846 1 0 0 0.5747991661876629 0.818294518220651 1.224717394289647
cell 13.609535091783906 1.8937869781559975 0.0 1.6431676725154984 0.6085806194501846 1 0 0 0.11958053005784013 -0.9928245045480525 6.043450567117501
cell 49.097687821981495 6.345046818369874 0.0 1.6431676725154984 0.6085806194501846 1 0 0 0.7314730630357842 0.6818703381531181 1.6409595640518553
cell 1.2614099735689548 60.36780258190882 0.0 1.6431676725154984 0.6085806194501846 1 0 0 0.08065731304178508 0.9967418912902575 0.16149004825208574
cell 8.667586831520044 19.81713554130085 0.0 1.0 1.0 1 0 0 0.0 1.0 0
cell 39.09244647312471 34.192955799471385 0.0 1.0 1.0 1 0 0 0.0 1.0 0
cell 29.72282385047606 13.141452915606804 0.0 1.6431676725154984 0.6085806194501846 1 0 0 0.25343977083221914 0.9673511681703353 0.5124689470150682
cell 60.033377949579084 38.471126932317425 0.0 1.0 1.0 1 0 0 0.0 1.0 0
cell 1.8719358782723388 52.69765169901789 0.0 1.6431676725154984 0.6085806194501846 1 0 0 -0.999659621536398 -0.02608909867560504 3.089408535320885
cell 32.47573052841449 25.434194052349188 0.0 1.0 1.0 1 0 0 0.0 1.0 0
cell 59.697788723761605 64.36011972901109 0.0 1.6431676725154984 0.6085806194501846 1 0 0 -0.4590703491040176 -0.8883999181525826 0.9538969647246516
cell 15.097425003328807 14.795936880275937 0.0 1.6431676725154984 0.6085806194501846 1 0 0 -0.07780746924372474 0.996968403576506 6.127412923854917
cell 43.87546735937969 46.0080120250074 0.0 1.6431676725154984 0.6085806194501846 1 0 0 0.9834754375104348 -0.18104160796253121 3.5056835685902277
cell 8.245337827981318 56.923315721878716 0.0 1.6431676725154984 0.6085806194501846 1 0 0 0.2749174276388519 0.9614678403256328 0.5570076395475697
cell 2.264038826375698 3.951588583771296 0.0 1.6431676725154984 0.6085806194501846 1 0 0 0.9440733165815334 0.32973561063182694 2.469545634150195
cell 42.63044231921912 34.53767949456511 0.0 1.0 1.0 1 0 0 0.0 1.0 0
cell 5.635954310587264 17.02123371462631 0.0 1.6431676725154984 0.6085806194501846 1 0 0 0.32983741438008374 -0.9440377535221041 5.610922614520822
cell 65.85805934647139 10.280199311609524 0.0 1.6431676725154984 0.6085806194501846 1 0 0 0.29339689454679485 0.9559907228997031 0.5955563626621084
cell 49.1876020920445 29.573202356981206 0.0 1.6431676725154984 0.6085806194501846 1 0 0 0.6849630896589689 0.7285777692222288 1.509106073661034
cell 56.79375658360947 51.43034754986137 0.0 1.6431676725154984 0.6085806194501846 1 0 0 0.9306138019643664 -0.3660026661015287 3.8910126527813227
cell 19.033377912018846 28.066373860372103 0.0 1.6431676725154984 0.6085806194501846 1 0 0 0.8004843423075142 0.5993536666447502 1.8562057803162653
cell 7.958165629898376 63.551858154198534 0.0 1.6431676725154984 0.6085806194501846 1 0 0 0.39580856025836186 -0.9183330461364236 5.469289008502996
cell 38.92343053332676 37.28095151495301 0.0 1.0 1.0 1 0 0 0.0 1.0 0
cell 0.432607173993095 48.73233973822825 0.0 1.0 1.0 1 0 0 0.0 1.0 0
cell 42.217611941583286 16.721999173762725 0.0 1.6431676725154984 0.6085806194501846 1 0 0 0.44115301530507167 0.8974319010862291 0.9137661249806647
cell 56.26719832706974 33.37214052036067 0.0 1.6431676725154984 0.6085806194501846 1 0 0 0.48394423003243575 0.8750988413992519 1.0103126133660618
cell 63.04473978907428 29.833541253727876 0.0 1.6431676725154984 0.6085806194501846 1 0 0 0.4429817194974848 0.8965306443123133 0.917843587051872
cell 61.77737517254236 46.25140054428154 0.0 1.6431676725154984 0.6085806194501846 1 0 0 -0.05330564338438291 -0.9985782434959101 0.10666184061683026
cell 24.721525445875805 14.289107756879973 0.0 1.6431676725154984 0.6085806194501846 1 0 0 0.20492856337311025 0.9787769326633281 0.4127814421959228
cell 40.55738570513957 55.49492995922306 0.0 1.6431676725154984 0.6085806194501846 1 0 0 0.5522238591137604 0.8336958734607637 1.1700587181640671
cell 30.737934708580774 27.76548469349936 0.0 1.0 1.0 1 0 0 0.0 1.0 0
cell 15.099658847883722 42.48692096504715 0.0 1.6431676725154984 0.6085806194501846 1 0 0 -0.44809139158066164 -0.8939877542736847 0.9292585118390617
cell 26.283083460335344 40.79961974495341 0.0 1.6431676725154984 0.6085806194501846 1 0 0 0.4831049116546452 0.8755624731195127 1.0083948962005007
cell 3.4759940664415816 31.010829185012895 0.0 1.6431676725154984 0.6085806194501846 1 0 0 0.991896550298845 -0.1270481542772294 3.396377546845268
cell 65.86615114113415 38.914605271524884 0.0 1.6431676725154984 0.6085806194501846 1 0 0 0.420593040395691 0.9072494113366559 0.8681977792829226
cell 24.245999789706378 37.543060641469864 0.0 1.6431676725154984 0.6085806194501846 1 0 0 0.9999832129348866 -0.005794294471404313 3.1531813073791697
cell 40.72424261244553 21.747362214081495 0.0 1.6431676725154984 0.6085806194501846 1 0 0 0.4509759816832076 0.8925360855141192 0.935717060068966
cell 44.753496221963836 13.644411505313355 0.0 1.0 1.0 1 0 0 0.0 1.0 0
cell 51.7866748396759 16.771568868584513 0.0 1.6431676725154984 0.6085806194501846 1 0 0 0.43995351723486087 0.8980205469100777 0.9110938227582491
cell 9.714120727656425 13.822084142770283 0.0 1.6431676725154984 0.6085806194501846 1 0 0 0.1624607241477838 0.986715011089513 0.3263679974586596
cell 61.50683377047487 5.808462665017481 0.0 1.6431676725154984 0.6085806194501846 1 0 0 0.9987588426040329 0.04980737214762998 3.0419366762976083
cell 49.69420220403353 27.63851289166344 0.0 1.6431676725154984 0.6085806194501846 1 0 0 0.6241275441266968 0.7813224741823175 1.3480287886355697
cell 17.45386080847692 47.28208338480689 0.0 1.6431676725154984 0.6085806194501846 1 0 0 0.3034759352456435 0.9528391032733606 0.6166770448558084
cell 21.580874126801234 8.282519808231877 0.0 1.6431676725154984 0.6085806194501846 1 0 0 -0.41840243731846505 -0.9082617466600517 0.8633713655107282
cell 27.079830533568625 26.13399717446785 0.0 1.0 1.0 1 0 0 0.0 1.0 0
cell 31.34452758293726 34.07456167260366 0.0 1.0 1.0 1 0 0 0.0 1.0 0
cell 5.392554003083159 46.35915338473264 0.0 1.0 1.0 1 0 0 0.0 1.0 0
cell 39.95433886939903 23.110191702360954 0.0 1.6431676725154984 0.6085806194501846 1 0 0 0.44848591702259977 0.8937898982604344 0.930141228848024
cell 58.014442759801135 63.82308924847747 0.0 1.6431676725154984 0.6085806194501846 1 0 0 0.5029061111384048 0.8643410457566194 1.0539154540010862
cell 12.464700073984924 60.305651909278076 0.0 1.6431676725154984 0.6085806194501846 1 0 0 -0.09439643363269341 -0.9955346871492868 0.18907437654585646
cell 51.506310432140864 23.8086624218302 0.0 1.6431676725154984 0.6085806194501846 1 0 0 -0.4918155155716932 -0.87069943071243 1.0283473023189948
cell 49.91532524070166 49.48871926833029 0.0 1.6431676725154984 0.6085806194501846 1 0 0 0.9790333857137559 -0.203699851884728 3.551863717092685
cell 57.37770159869473 47.17005328037275 0.0 1.0 1.0 1 0 0 0.0 1.0 0
cell 3.6892498957026985 19.419070709287404 0.0 1.6431676725154984 0.6085806194501846 1 0 0 0.6065673792085329 -0.7950320839312662 4.979713597441942
cell 57.287604815286905 15.814869768682026 0.0 1.0 1.0 1 0 0 0.0 1.0 0
cell 3.761478095483973 23.46507675297168 0.0 1.6431676725154984 0.6085806194501846 1 0 0 0.17176004316422838 -0.9851388163970712 5.93795333522968
cell 42.003223756086264 46.27632925559965 0.0 1.6431676725154984 0.6085806194501846 1 0 0 0.9624650095642093 -0.27140579464073045 3.691299354128656
cell 27.486279120664495 36.662812745759986 0.0 1.6431676725154984 0.6085806194501846 1 0 0 0.6929874098713231 0.7209496860113297 1.5312491195639082
cell 53.83664720402019 46.57456313162852 0.0 1.0 1.0 1 0 0 0.0 1.0 0
cell 61.915825564351266 61.269877252626706 0.0 1.6431676725154984 0.6085806194501846 1 0 0 0.6668670593625708 0.7451767073232479 1.4599930871561464
cell 43.53393369033821 22.902021953827397 0.0 1.6431676725154984 0.6085806194501846 1 0 0 0.5068742638355364 0.8620200001514948 1.063109696927531
cell 12.991166852597868 41.53958364742933 0.0 1.6431676725154984 0.6085806194501846 1 0 0 -0.37127998302050574 -0.9285209605648614 0.7607743191715022
cell 48.05763742280365 13.32408611633284 0.0 1.6431676725154984 0.6085806194501846 1 0 0 -0.4568045907414805 -0.8895670665427697 0.9487995536803995
cell 44.866311482694236 53.55565049531598 0.0 1.6431676725154984 0.6085806194501846 1 0 0 0.9990324903182133 0.0439782137948896 3.0536078487858624
cell 12.20495858667666 58.50112955985172 0.0 1.6431676725154984 0.6085806194501846 1 0 0 0.40174504234538644 0.9157515607144241 0.8268432725154949
cell 4.7749969339808676 36.74975261284621 0.0 1.0 1.0 1 0 0 0.0 1.0 0
cell 19.208603028425575 22.767592640104475 0.0 1.6431676725154984 0.6085806194501846 1 0 0 0.9533957195314526 -0.3017227236704319 3.754590800001624
cell 19.569054194066304 7.895970562470374 0.0 1.6431676725154984 0.6085806194501846 1 0 0 0.30806750220828527 0.9513645011682684 0.6263221438422724
cell 60.79787289112873 28.947670686999025 0.0 1.0 1.0 1 0 0 0.0 1.0 0
cell 36.769755897716564 39.474705330588876 0.0 1.0 1.0 1 0 0 0.0 1.0 0
cell 36.49820389652798 0.2761969093907767 0.0 1.6431676725154984 0.6085806194501846 1 0 0 0.8884486917475424 -0.45897594940484676 4.09527710792148
cell 10.660747596576591 43.99114060070983 0.0 1.6431676725154984 0.6085806194501846 1 0 0 -0.2542636235098395 -0.9671349490943064 0.5141724539473955
cell 1.0931420464726156 38.70269226595034 0.0 1.6431676725154984 0.6085806194501846 1 0 0 0.10807147430807196 0.9941431267382377 0.21656591363538086
cell 49.926869335617944 53.357500739377244 0.0 1.6431676725154984 0.6085806194501846 1 0 0 0.32504809160748555 0.9456974876472559 0.6621251614021921
cell 37.77939761424385 26.640464026198334 0.0 1.0 1.0 1 0 0 0.0 1.0 0
cell 10.223851855962373 47.81384260972955 0.0 1.6431676725154984 0.6085806194501846 1 0 0 0.44028696561546277 0.8978571088481331 0.9118365200699527
cell 29.76925378775726 21.5600910867789 0.0 1.0 1.0 1 0 0 0.0 1.0 0
cell 65.10155944902482 11.330302659265094 0.0 1.6431676725154984 0.6085806194501846 1 0 0 0.24427379348312458 0.969706302865648 0.49354145709715597
cell 64.81779400110314 63.621434865804716 0.0 1.6431676725154984 0.6085806194501846 1 0 0 0.9769048373313861 -0.2136748436258652 3.5722629406404764
cell 46.56087164303732 25.234313119639605 0.0 1.6431676725154984 0.6085806194501846 1 0 0 0.641758902749808 0.7669064550134929 1.3935791491942502
cell 51.95931327998923 31.027453894100034 0.0 1.6431676725154984 0.6085806194501846 1 0 0 0.6409706508506049 0.7675653879300134 1.391524365762433
cell 6.718582227926889 44.88076847218441 0.0 1.0 1.0 1 0 0 0.0 1.0 0
cell 38.887107340882864 28.028414297050496 0.0 1.0 1.0 1 0 0 0.0 1.0 0
cell 59.74360411174832 53.85003616043187 0.0 1.6431676725154984 0.6085806194501846 1 0 0 0.9650970493846238 -0.26189250708848644 3.6715579190508247
cell 40.58235052874312 31.074606948607435 0.0 1.0 1.0 1 0 0 0.0 1.0 0
cell 43.09077094288606 11.961031595508175 0.0 1.6431676725154984 0.6085806194501846 1 0 0 0.5510607037173906 0.8344651585407831 1.1672696464004806
cell 55.73146253670532 29.206548015385962 0.0 1.6431676725154984 0.6085806194501846 1 0 0 0.5854559973591273 0.8107041847407903 1.2508848286251435
cell 41.98098466670137 30.185130243743025 0.0 1.6431676725154984 0.6085806194501846 1 0 0 -0.31434837765019796 -0.9493076937793608 0.6395403149634138
cell 54.2251261333965 14.560001381725899 0.0 1.0 1.0 1 0 0 0.0 1.0 0
cell 14.848579653322844 18.847499997789132 0.0 1.6431676725154984 0.6085806194501846 1 0 0 -0.06388179215624411 0.9979574723558647 6.155334664851293
cell 48.92879187510256 24.415050626049705 0.0 1.6431676725154984 0.6085806194501846 1 0 0 0.5974688657310824 0.801892109003458 1.2806818614322126
cell 23.19177511581306 15.755674986972027 0.0 1.6431676725154984 0.6085806194501846 1 0 0 0.12767037477171397 0.9918166541279946 0.2560395513838578
cell 60.93590837539085 43.63777403023376 0.0 1.6431676725154984 0.6085806194501846 1 0 0 0.3896935228955898 0.920944601055473 0.8005975673160394
cell 15.558700860130212 26.04876773104746 0.0 1.6431676725154984 0.6085806194501846 1 0 0 0.9885661509962977 0.1507878148404739 2.8388623511658744
cell 51.203437618619844 0.6807452700239784 0.0 1.6431676725154984 0.6085806194501846 1 0 0 0.41497979640454313 0.9098306263124164 0.8558411939494619
cell 26.247149290423657 30.93681830290708 0.0 1.0 1.0 1 0 0 0.0 1.0 0
cell 13.435503022018732 38.7975686960039 0.0 1.6431676725154984 0.6085806194501846 1 0 0 0.22820497660334305 0.9736131103541424 0.4604672222277166
cell 55.310956307480616 15.719173209354125 0.0 1.0 1.0 1 0 0 0.0 1.0 0
cell 66.18121523268036 20.342900728041357 0.0 1.0 1.0 1 0 0 0.0 1.0 0
cell 50.104209360293325 19.95458412016517 0.0 1.0 1.0 1 0 0 0.0 1.0 0
cell 65.45799674088062 61.05629688246681 0.0 1.6431676725154984 0.6085806194501846 1 0 0 -0.09430477502992932 0.9955433739453818 6.0942950692759865
cell 36.61533516945949 47.003830803831775 0.0 1.6431676725154984 0.6085806194501846 1 0 0 0.869897543648465 -0.4932324640110045 4.173196190745877
cell 59.54807512751568 30.49412225855856 0.0 1.0 1.0 1 0 0 0.0 1.0 0
cell 53.28844795087234 18.705292776835158 0.0 1.6431676725154984 0.6085806194501846 1 0 0 0.5481117384225894 0.8364051184703301 1.160209942787576
cell 40.661344621316495 47.239854492118525 0.0 1.6431676725154984 0.6085806194501846 1 0 0 0.9878894600778992 -0.1551593202711226 3.4531701029522694
cell 54.03582110144568 9.68850082003508 0.0 1.0 1.0 1 0 0 0.0 1.0 0
cell 52.54287092054109 59.33473468780905 0.0 1.6431676725154984 0.6085806194501846 1 0 0 0.6182430344081633 0.7859869912446303 1.3330107409602199
cell 33.85775435355813 55.00703135033823 0.0 1.6431676725154984 0.6085806194501846 1 0 0 0.8775940291610094 -0.47940454730941534 4.141544814996472
cell 0.6824256108139354 24.145618699258122 0.0 1.6431676725154984 0.6085806194501846 1 0 0 0.17014158274600152 -0.9854196272759568 5.941238617246061
cell 47.44130724816887 24.685286664830546 0.0 1.6431676725154984 0.6085806194501846 1 0 0 0.5800008694075015 0.8146158551652075 1.2374595158651247
cell 60.83362498202924 1.4893215371976138 0.0 1.6431676725154984 0.6085806194501846 1 0 0 -0.3494557402521604 -0.936952872670133 0.7139803158776434
cell 61.23674052369792 40.90196282660191 0.0 1.6431676725154984 0.6085806194501846 1 0 0 0.4811838034904548 0.8766197278515122 1.0040092623472856
cell 33.39273470577883 22.663907987084297 0.0 1.0 1.0 1 0 0 0.0 1.0 0
cell 27.947126165704045 19.447071061932782 0.0 1.6431676725154984 0.6085806194501846 1 0 0 -0.048464167925159486 0.9988249218092838 6.186218987350503
cell 63.14220663367279 32.09583823886944 0.0 1.6431676725154984 0.6085806194501846 1 0 0 0.7930748478225993 -0.6091241956704404 4.451504267849419
cell 53.707482858337215 11.537360915982637 0.0 1.0 1.0 1 0 0 0.0 1.0 0
cell 24.877306248163507 29.710374029448147 0.0 1.6431676725154984 0.6085806194501846 1 0 0 0.6373389911026629 -0.7705835518749669 4.901105158178315
cell 19.938322680256427 64.20075107027388 0.0 1.6431676725154984 0.6085806194501846 1 0 0 -0.3782802558113422 -0.9256911191446667 0.7758755896444063
cell 32.212721094441186 23.71767254017778 0.0 1.0 1.0 1 0 0 0.0 1.0 0
cell 30.761951466993295 42.35693059119892 0.0 1.6431676725154984 0.6085806194501846 1 0 0 -0.9598494064930487 -0.28051580500025686 2.572929757157036
cell 21.98114727717881 24.368481114914303 0.0 1.6431676725154984 0.6085806194501846 1 0 0 0.9974350040773035 -0.07157801786379492 3.2848712132519426
cell 18.583667770909518 17.02263099459236 0.0 1.6431676725154984 0.6085806194501846 1 0 0 0.2555130962067092 0.9668055945570758 0.5167567578488201
cell 9.556849103626643 26.075848557211636 0.0 1.6431676725154984 0.6085806194501846 1 0 0 0.9662960451910158 -0.25743339536315485 3.662322919060379
cell 39.465806207963105 45.84646234258031 0.0 1.6431676725154984 0.6085806194501846 1 0 0 0.9854413729465904 -0.17001558894742244 3.4832836303129135
cell 1.609491543252218 59.16395855369315 0.0 1.6431676725154984 0.6085806194501846 1 0 0 0.1469233196011062 0.9891478848773783 0.29491422739828727
cell 59.9394955730636 18.873614654304657 0.0 1.0 1.0 1 0 0 0.0 1.0 0
cell 3.895854737214533 9.808588179126126 0.0 1.6431676725154984 0.6085806194501846 1 0 0 0.9770032658768564 0.21322433835272325 2.7118446315410702
cell 5.658914479383226 44.078480433013134 0.0 1.6431676725154984 0.6085806194501846 1 0 0 0.4846329539887045 -0.8747176115228172 5.27129830258054
cell 51.85808244725365 28.27401101884431 0.0 1.6431676725154984 0.6085806194501846 1 0 0 0.5426050649107895 0.8399879424927228 1.147070652643188
cell 32.38590775200578 40.377574631266846 0.0 1.6431676725154984 0.6085806194501846 1 0 0 0.5473860714372037 0.8368802117367482 1.1584752310159687
cell 4.703058663548764 44.00747194140761 0.0 1.6431676725154984 0.6085806194501846 1 0 0 -0.49936155344111255 0.866393697429107 5.237461871639037
cell 6.751567129058148 40.91191880426919 0.0 1.6431676725154984 0.6085806194501846 1 0 0 0.07677605960454359 -0.9970483622531053 6.1294819326313155
cell 62.835757165783086 19.015371103129603 0.0 1.0 1.0 1 0 0 0.0 1.0 0
cell 24.156758073107195 51.51483388844707 0.0 1.6431676725154984 0.6085806194501846 1 0 0 0.6395457345817276 -0.7687530509717139 4.895370890667803
cell 26.493079893221434 22.886866565275774 0.0 1.0 1.0 1 0 0 0.0 1.0 0
cell 46.081243466423274 66.57820657554342 0.0 1.6431676725154984 0.6085806194501846 1 0 0 0.5147080525737838 0.8573655116784806 1.0813341951077724
cell 30.83157559078538 38.738297929858 0.0 1.6431676725154984 0.6085806194501846 1 0 0 0.7598965632651741 -0.6500440086161684 4.556877352083654
cell 3.085278159383575 45.04302585145908 0.0 1.6431676725154984 0.6085806194501846 1 0 0 -0.4227539786693574 0.9062444888214375 5.410221176599382
cell 35.88061828283734 28.928486594365665 0.0 1.0 1.0 1 0 0 0.0 1.0 0
cell 20.147422398385615 32.79827219527355 0.0 1.6431676725154984 0.6085806194501846 1 0 0 0.5965199059922144 0.8025982816795958 1.2783161018521505
cell 4.872913448528941 39.26543673685925 0.0 1.6431676725154984 0.6085806194501846 1 0 0 -0.01049510746198566 0.9999449248430442 6.262194706900665
cell 45.67318790817494 23.264401220886363 0.0 1.6431676725154984 0.6085806194501846 1 0 0 0.6106618832671503 0.7918914473111939 1.3137922951775518
cell 37.461786235435135 14.912542908289012 0.0 1.6431676725154984 0.6085806194501846 1 0 0 0.3231897828883194 0.9463341715465002 0.6581964573288014
cell 36.744716796329264 54.339104758235365 0.0 1.6431676725154984 0.6085806194501846 1 0 0 -0.9692723175287428 0.24599019182166604 3.6386749396000058
cell 20.065202073526567 0.12670686878893073 0.0 1.6431676725154984 0.6085806194501846 1 0 0 0.36848501535010475 0.9296336877837599 0.7547576712783675
cell 58.83084420373117 28.63748601224317 0.0 1.0 1.0 1 0 0 0.0 1.0 0
cell 8.764409765143075 22.43981694161907 0.0 1.0 1.0 1 0 0 0.0 1.0 0
cell 39.35291678786368 56.304080035017414 0.0 1.6431676725154984 0.6085806194501846 1 0 0 0.9373962892026458 -0.34826455029059367 3.8530308821649673
cell 54.70613643557789 66.68736676735975 0.0 1.6431676725154984 0.6085806194501846 1 0 0 0.52045486415071 0.8538891815580439 1.094767122411878
cell 26.15747634912589 17.65833364631131 0.0 1.6431676725154984 0.6085806194501846 1 0 0 0.00034342506476326253 0.9999999410296108 0.0006868501430277985
cell 35.87509796597501 18.736129719569902 0.0 1.6431676725154984 0.6085806194501846 1 0 0 0.37200564030007294 0.9282304690026787 0.7623376027237657
cell 10.241327710121077 16.004996807062838 0.0 1.6431676725154984 0.6085806194501846 1 0 0 0.0863419417013017 0.996265561536305 0.17289916413008105
cell 43.51270463093421 15.807879636137528 0.0 1.6431676725154984 0.6085806194501846 1 0 0 0.5395641701560064 0.8419444793356983 1.1398387534253938
cell 36.64867192809987 22.135093588403322 0.0 1.6431676725154984 0.6085806194501846 1 0 0 0.2728168620985545 0.9620659851354783 0.5526395027828482
cell 41.27718390453791 23.75713482093364 0.0 1.6431676725154984 0.6085806194501846 1 0 0 0.49381294137833337 0.8695681565738701 1.0329383777239818
cell 58.65725025698266 17.32523925282078 0.0 1.0 1.0 1 0 0 0.0 1.0 0
cell 17.18009483566144 17.884206981718727 0.0 1.6431676725154984 0.6085806194501846 1 0 0 -0.017006196123185918 0.9998553841898435 6.249171275261812
cell 1.4860933907398808 21.53590833758337 0.0 1.6431676725154984 0.6085806194501846 1 0 0 0.6016954194217231 -0.7987256238827679 4.991941163997211
cell 27.804315605607428 30.42904244786237 0.0 1.0 1.0 1 0 0 0.0 1.0 0
cell 62.882277163588036 39.19391840147744 0.0 1.6431676725154984 0.6085806194501846 1 0 0 0.5384390156205398 0.8426644803583359 1.1371671438232154
cell 22.926524447599338 66.84815432547175 0.0 1.6431676725154984 0.6085806194501846 1 0 0 0.6517060254237395 0.7584716582881605 1.4196631255978767
cell 52.638232040484915 64.82076285265734 0.0 1.6431676725154984 0.6085806194501846 1 0 0 0.4531521232778963 0.8914332017424156 0.9405963828933591
cell 49.78392498732663 46.89370603085113 0.0 1.0 1.0 1 0 0 0.0 1.0 0
cell 45.0976172420024 3.046169851467852 0.0 1.6431676725154984 0.6085806194501846 1 0 0 0.484650431292669 0.8747079280810424 1.0119269658401928
cell 47.66055756789556 23.082118383381008 0.0 1.6431676725154984 0.6085806194501846 1 0 0 0.5560080971754008 0.8311768740017915 1.179150659996532
cell 12.17638519457938 48.77944372215572 0.0 1.6431676725154984 0.6085806194501846 1 0 0 0.5100798142693277 0.8601270737948946 1.0705551626028191
cell 16.705093067062972 8.49998401906775 0.0 1.6431676725154984 0.6085806194501846 1 0 0 0.2165132840485945 0.976279671933454 0.4364832318310701
cell 66.1298711788568 51.91415359588748 0.0 1.6431676725154984 0.6085806194501846 1 0 0 0.9977206338855117 -0.06747989862983443 3.2766550853617757
cell 46.26525675265215 17.880301105215032 0.0 1.6431676725154984 0.6085806194501846 1 0 0 0.5539220936723741 0.8325685041734485 1.1741354637115327
cell 59.89375001774443 40.869002440756944 0.0 1.6431676725154984 0.6085806194501846 1 0 0 0.5791676470138969 0.8152084620834024 1.235414578107856
cell 26.117346742676922 9.833585892399023 0.0 1.6431676725154984 0.6085806194501846 1 0 0 -0.18814481365209865 -0.9821412979280614 0.37854576704032006
cell 53.134629504825504 20.22976135802958 0.0 1.6431676725154984 0.6085806194501846 1 0 0 -0.34847082744308117 -0.9373196266061723 0.7118783531826747
cell 53.084562101617145 33.73748653740652 0.0 1.6431676725154984 0.6085806194501846 1 0 0 0.6154859476306754 0.7881478593951579 1.3260047745856347
cell 8.555139835199595 24.40847117238373 0.0 1.6431676725154984 0.6085806194501846 1 0 0 0.9960720106792453 -0.0885468776491038 3.318918647948543
cell 26.81723913932999 45.034495309620546 0.0 1.6431676725154984 0.6085806194501846 1 0 0 0.861900598295344 0.5070772708948095 2.0780119209115027
cell 61.85031376434731 39.729732620848836 0.0 1.6431676725154984 0.6085806194501846 1 0 0 0.5511438961278159 0.8344102143197022 1.1674690439389888
cell 28.52319832570321 8.667306343614952 0.0 1.6431676725154984 0.6085806194501846 1 0 0 0.3009334417186746 0.9536451455627261 0.6113426351511391
cell 63.16907901612529 20.894621929543845 0.0 1.0 1.0 1 0 0 0.0 1.0 0
cell 2.428329115619057 5.271888204572016 0.0 1.6431676725154984 0.6085806194501846 1 0 0 0.9597836850899699 0.28074058815055125 2.572461369421374
cell 31.719628544209623 17.431726956198236 0.0 1.6431676725154984 0.6085806194501846 1 0 0 0.13684638576531277 0.9905922807608442 0.2745542892885563
cell 10.166684034006275 20.9451404893144 0.0 1.6431676725154984 0.6085806194501846 1 0 0 -0.9997069081194248 -0.024209458034000264 3.0931690065700916
cell 34.58637583089594 39.45674876267338 0.0 1.6431676725154984 0.6085806194501846 1 0 0 0.9522582390238981 0.3052937048337301 2.521098965886227
cell 51.87543412699892 39.97037711170354 0.0 1.6431676725154984 0.6085806194501846 1 0 0 0.46315677336288785 0.886276369586868 0.9631074715982778
cell 8.607127824283497 16.711356547067115 0.0 1.6431676725154984 0.6085806194501846 1 0 0 -0.07212931719455729 -0.9973952885396276 0.14438401573782134
cell 38.19539671768171 21.004374387422146 0.0 1.6431676725154984 0.6085806194501846 1 0 0 0.442819151122269 0.896610952085325 0.9174809422387752
cell 28.432284361922434 0.3523313713262556 0.0 1.6431676725154984 0.6085806194501846 1 0 0 0.9840053481496827 -0.1781389199833148 3.4997822436179624
cell 56.829047825511246 40.28086790789464 0.0 1.6431676725154984 0.6085806194501846 1 0 0 0.4026390089230812 0.9153588523051706 0.8287961127163109
cell 46.91211021113674 34.10791507259701 0.0 1.6431676725154984 0.6085806194501846 1 0 0 0.6308194499014056 0.775929649920718 1.3652176933217934
cell 49.16325129027985 18.73434414682769 0.0 1.0 1.0 1 0 0 0.0 1.0 0
cell 30.795757149156003 10.97811473654755 0.0 1.6431676725154984 0.6085806194501846 1 0 0 0.3896744000524887 0.9209526925655481 0.8005560387396815
cell 59.4556487460396 43.356684915939304 0.0 1.6431676725154984 0.6085806194501846 1 0 0 0.361945229046061 0.9321993623527075 0.7407075191280488
cell 53.42871088940738 51.07576093717951 0.0 1.0 1.0 1 0 0 0.0 1.0 0
cell 45.686888578691786 60.827536168880215 0.0 1.6431676725154984 0.6085806194501846 1 0 0 0.9998668639356019 0.016317303808672766 3.108956597614242
cell 48.437961206423644 17.179268695447213 0.0 1.0 1.0 1 0 0 0.0 1.0 0
cell 35.74967182452541 48.43821897273565 0.0 1.0 1.0 1 0 0 0.0 1.0 0
cell 42.6957375744244 25.710055666934377 0.0 1.6431676725154984 0.6085806194501846 1 0 0 0.5508441542870692 0.8346081222272903 1.1667506771458611
cell 47.20343751829029 11.109054992091178 0.0 1.6431676725154984 0.6085806194501846 1 0 0 -0.46465738796665806 -0.8854905486836111 0.9664953082927754
cell 39.326329087575644 47.85612739488065 0.0 1.6431676725154984 0.6085806194501846 1 0 0 0.9771247709285042 -0.21266683342241685 3.570199491632801
cell 47.66187312403932 14.571004600009514 0.0 1.0 1.0 1 0 0 0.0 1.0 0
cell 41.7806369951924 20.15195427306839 0.0 1.6431676725154984 0.6085806194501846 1 0 0 0.4349988432970019 0.9004310114219025 0.9000739843202338
cell 46.13490425009984 26.81184299429875 0.0 1.6431676725154984 0.6085806194501846 1 0 0 0.6205960527642804 0.784130435127597 1.3390052393463046
cell 61.033870967790655 62.83731530751105 0.0 1.6431676725154984 0.6085806194501846 1 0 0 0.5916926311549124 0.8061636497864294 1.266313678733596
cell 66.26799626874636 35.77738128896747 0.0 1.6431676725154984 0.6085806194501846 1 0 0 0.9176557711222717 0.39737625209112454 2.3242808843242106
cell 6.66866625096211 37.34069846990462 0.0 1.0 1.0 1 0 0 0.0 1.0 0
cell 54.622320923292875 45.32993828255345 0.0 1.6431676725154984 0.6085806194501846 1 0 0 -0.058443584150924294 0.9982907129046097 6.166231495400912
cell 58.02573555173597 26.796643977223496 0.0 1.0 1.0 1 0 0 0.0 1.0 0
cell 31.772058487844003 52.742528994931256 0.0 1.6431676725154984 0.6085806194501846 1 0 0 0.6902426458935788 -0.72357797768439 4.759536625443154
cell 38.68394899841401 44.41014610978401 0.0 1.0 1.0 1 0 0 0.0 1.0 0
cell 39.68465475712212 29.516484539762736 0.0 1.0 1.0 1 0 0 0.0 1.0 0
cell 58.9886766425248 36.95502349371776 0.0 1.6431676725154984 0.6085806194501846 1 0 0 0.6989661800246814 0.7151547239455982 1.547901768412218
cell 43.935137485785354 34.42130850763309 0.0 1.6431676725154984 0.6085806194501846 1 0 0 0.5236239673444077 0.8519494942908896 1.1021983047214656
cell 58.09833290304718 4.0767049573520735 0.0 1.0 1.0 1 0 0 0.0 1.0 0
cell 51.007376068437225 48.20055816284091 0.0 1.0 1.0 1 0 0 0.0 1.0 0
cell 49.40236289658332 51.12196756540981 0.0 1.6431676725154984 0.6085806194501846 1 0 0 0.5004199301943502 0.865782821188017 1.0481674742632852
cell 56.97427850546827 42.61801320372978 0.0 1.6431676725154984 0.6085806194501846 1 0 0 0.23981566338331062 0.9708184421383963 0.48435193809097854
cell 10.242779563699186 36.02357890780694 0.0 1.6431676725154984 0.6085806194501846 1 0 0 0.30415940052616247 -0.9526211519127451 5.6650735113246995
cell 49.160171861608646 13.503541164986313 0.0 1.6431676725154984 0.6085806194501846 1 0 0 -0.5222063842065638 -0.8528191439536912 1.098872145900125
cell 51.06896233108864 40.54627121301984 0.0 1.6431676725154984 0.6085806194501846 1 0 0 0.3900637424065582 0.920787856598788 0.8014016352564033
cell 58.86889358690546 1.5051823134454916 0.0 1.6431676725154984 0.6085806194501846 1 0 0 0.9747717307288438 -0.22320410608206642 3.591793198651353
cell 24.775409044382 19.4448326610249 0.0 1.6431676725154984 0.6085806194501846 1 0 0 -0.057572751608345726 0.9983413135156952 6.167976098263806
cell 63.6076213999031 53.37184401874876 0.0 1.6431676725154984 0.6085806194501846 1 0 0 0.976591305038017 -0.21510328431742426 3.5751878308534404
cell 56.00297481416377 53.997860228839556 0.0 1.6431676725154984 0.6085806194501846 1 0 0 0.9887698854585114 -0.14944602239725932 3.4416086126496683
cell 17.566700570300394 29.22390717113109 0.0 1.6431676725154984 0.6085806194501846 1 0 0 0.8043449912795155 0.5941625493108398 1.8691444750925152
cell 43.902615392896735 31.219696696863682 0.0 1.6431676725154984 0.6085806194501846 1 0 0 -0.43838552871394515 -0.8987870316232843 0.9076032138769659
cell 45.84753754300942 39.961487849751435 0.0 1.6431676725154984 0.6085806194501846 1 0 0 -0.3035774435501425 -0.9528067672763245 0.6168901134137643
cell 8.274650186303544 33.13706614894712 0.0 1.6431676725154984 0.6085806194501846 1 0 0 0.7475834628314625 0.6641678749389489 1.6888322928579103
cell 48.72093462286435 60.53640835838232 0.0 1.6431676725154984 0.6085806194501846 1 0 0 0.7507422373135506 0.6605952566537581 1.6983699027761918
cell 32.131682929956035 18.424573547319916 0.0 1.6431676725154984 0.6085806194501846 1 0 0 0.13482604632672163 0.9908692836251938 0.27047580747539085
cell 53.71223245314879 5.253551273552245 0.0 1.6431676725154984 0.6085806194501846 1 0 0 0.6370619302361508 0.7708126212276171 1.3813611622323587
cell 5.040075127604107 7.923294954453791 0.0 1.6431676725154984 0.6085806194501846 1 0 0 0.25194276184149866 -0.967742137532348 5.773810802562037
cell 31.107646151380205 15.07047667651972 0.0 1.6431676725154984 0.6085806194501846 1 0 0 0.3167943279142066 0.9484942560718995 0.6446956451281575
cell 31.781560943595853 20.489477282258033 0.0 1.6431676725154984 0.6085806194501846 1 0 0 -0.02851812770917427 0.9995932754835655 6.226141317821855
cell 50.09507765427925 30.82227394637519 0.0 1.6431676725154984 0.6085806194501846 1 0 0 0.7013895740621454 0.7127781319575693 1.554690299681814
cell 29.36105088629718 36.10709334079278 0.0 1.6431676725154984 0.6085806194501846 1 0 0 0.9572773711018877 -0.2891712896818403 3.728314712251041
cell 41.75334895302963 53.11066682436725 0.0 1.6431676725154984 0.6085806194501846 1 0 0 0.9989094906139304 -0.04668864488736126 3.235003901114457
cell 51.66231375025303 43.34515976764461 0.0 1.6431676725154984 0.6085806194501846 1 0 0 -0.2236290289373368 -0.9746743340298563 0.4510724293495585
cell 54.57590726908458 19.377043692681454 0.0 1.0 1.0 1 0 0 0.0 1.0 0
cell 50.49746328868408 45.5184296493152 0.0 1.0 1.0 1 0 0 0.0 1.0 0
cell 47.756717068353325 62.60052220670525 0.0 1.6431676725154984 0.6085806194501846 1 0 0 0.22874724646141822 0.9734858485033664 0.46158122794702183
cell 32.13744445342248 49.07168815206817 0.0 1.6431676725154984 0.6085806194501846 1 0 0 0.6988930451012959 -0.715226196045026 4.735488057500245
cell 61.58012102883744 24.12220105187694 0.0 1.0 1.0 1 0 0 0.0 1.0 0
cell 45.08915456754972 8.377872155692545 0.0 1.6431676725154984 0.6085806194501846 1 0 0 0.48497355386953567 0.8745288171622205 1.012665853984568
cell 32.86752130775728 10.090148291337199 0.0 1.6431676725154984 0.6085806194501846 1 0 0 0.41380002887552225 0.9103678026504546 0.8532485813089042
cell 2.426629479287276 48.934076779090645 0.0 1.0 1.0 1 0 0 0.0 1.0 0
cell 61.67116486259188 45.22865560885077 0.0 1.6431676725154984 0.6085806194501846 1 0 0 0.25420912436899484 0.9671492754934726 0.5140597525353949
cell 15.796431629268522 6.433365884948374 0.0 1.6431676725154984 0.6085806194501846 1 0 0 -0.005178612874590718 0.9999865908944455 6.272828035136445
cell 23.54799523152024 34.02337281059684 0.0 1.6431676725154984 0.6085806194501846 1 0 0 0.9568185509002735 -0.2906858452919592 3.731479768456683
cell 42.19927708228787 15.234046081504562 0.0 1.6431676725154984 0.6085806194501846 1 0 0 0.4733725408301191 0.88086232612596 0.9862310751776607
cell 58.43020694983586 58.978857928114984 0.0 1.6431676725154984 0.6085806194501846 1 0 0 0.46359969850271343 0.886044761594014 0.9641071214310579
cell 56.295985431896064 5.162658650082366 0.0 1.6431676725154984 0.6085806194501846 1 0 0 0.56168736750122 -0.8273495640837369 5.090337553190034
cell 24.080498946381425 1.6009635901276182 0.0 1.6431676725154984 0.6085806194501846 1 0 0 0.6956285981836522 0.7184015961765724 1.5385890521587542
cell 46.74347173327303 47.71525525678851 0.0 1.0 1.0 1 0 0 0.0 1.0 0
cell 40.00342855256465 35.84702003179333 0.0 1.0 1.0 1 0 0 0.0 1.0 0
cell 65.3590822626037 44.44381872127618 0.0 1.6431676725154984 0.6085806194501846 1 0 0 -0.08391236474146564 0.9964731381444736 6.115163000725593
cell 45.13842993577054 29.808635005385714 0.0 1.6431676725154984 0.6085806194501846 1 0 0 0.5511767269172453 0.8343885280280359 1.1675477371656604
cell 22.529903959636524 21.769514172546995 0.0 1.6431676725154984 0.6085806194501846 1 0 0 -0.2693178151135663 0.9630513560877504 5.737816100200406
cell 11.456926227465607 33.0943576566971 0.0 1.6431676725154984 0.6085806194501846 1 0 0 0.9983855062369132 -0.056801240620804126 3.255256311173232
cell 12.515304798730904 22.287543418925654 0.0 1.6431676725154984 0.6085806194501846 1 0 0 0.9808422670755959 -0.19480361166571214 3.5337070976008116
cell 16.742531237338294 19.653016440123306 0.0 1.6431676725154984 0.6085806194501846 1 0 0 -0.06189956659873683 0.9980823832003491 6.1593069801342
cell 34.413539672724745 32.28834153279149 0.0 1.0 1.0 1 0 0 0.0 1.0 0
cell 50.993836392602894 32.3056285257359 0.0 1.6431676725154984 0.6085806194501846 1 0 0 0.6963581759699887 0.7176944271483165 1.5406211662004912
cell 41.62483156453858 18.67398820918227 0.0 1.6431676725154984 0.6085806194501846 1 0 0 0.39114993678900356 0.9203269674142763 0.8037614973187982
cell 4.172826773327596 64.5538572988245 0.0 1.6431676725154984 0.6085806194501846 1 0 0 0.01857038596030775 -0.9998275555140922 6.246042400204592
cell 47.94886079947711 10.630945882223541 0.0 1.6431676725154984 0.6085806194501846 1 0 0 0.507795817495006 0.8614774563124554 1.065248495724566
cell 59.995641565996245 8.29364537590719 0.0 1.6431676725154984 0.6085806194501846 1 0 0 0.3771962184472686 0.9261333666319773 0.7735340346027185
cell 39.86512977279447 38.595255825961296 0.0 1.0 1.0 1 0 0 0.0 1.0 0
cell 13.840572514017234 49.458489369676634 0.0 1.6431676725154984 0.6085806194501846 1 0 0 0.6133769734750634 -0.789790281283944 4.9625266810784
cell 33.84858689376838 24.139911840994156 0.0 1.0 1.0 1 0 0 0.0 1.0 0
cell 51.24646741900991 35.49885683720782 0.0 1.6431676725154984 0.6085806194501846 1 0 0 0.6440609179952507 0.7649742047357643 1.3995900965822845
cell 26.13306994259956 0.010749994071020834 0.0 1.6431676725154984 0.6085806194501846 1 0 0 0.3386032387491101 -0.940929246388172 5.592321204140499
cell 31.63742304850328 30.653184676300484 0.0 1.0 1.0 1 0 0 0.0 1.0 0
cell 1.1046462650110982 51.3439623176519 0.0 1.6431676725154984 0.6085806194501846 1 0 0 0.9975566685232525 -0.0698619573501171 3.281430476904019
cell 24.916713703795562 26.561250146100253 0.0 1.6431676725154984 0.6085806194501846 1 0 0 0.8098203547092103 -0.586677929616113 4.395493621731877
cell 63.51545652669429 49.73537041057606 0.0 1.0 1.0 1 0 0 0.0 1.0 0
cell 10.27763007174129 54.52568182802111 0.0 1.6431676725154984 0.6085806194501846 1 0 0 0.36045381842506413 -0.9327770606006512 5.545676563724446
cell 21.589219725853557 4.283693883167472 0.0 1.6431676725154984 0.6085806194501846 1 0 0 0.9746173922883017 0.22387706146264907 2.6900112547091486
cell 55.883494873182656 26.74507964242738 0.0 1.0 1.0 1 0 0 0.0 1.0 0
cell 21.1308083738068 66.44225648008779 0.0 1.6431676725154984 0.6085806194501846 1 0 0 0.3791352955356049 0.9253412493124521 0.7777232929650357
cell 1.1379973783120385 12.126834344608332 0.0 1.6431676725154984 0.6085806194501846 1 0 0 0.16986520846031197 0.9854673058781477 0.341385776409307
cell 65.31674463061483 66.69632427633894 0.0 1.6431676725154984 0.6085806194501846 1 0 0 -0.2081188706909289 -0.9781035403587559 0.4193026468076786
cell 3.9693963630748974 43.110796216719585 0.0 1.6431676725154984 0.6085806194501846 1 0 0 -0.2156800001523818 0.9764640994600203 5.848408973832262
cell 9.56347199934817 60.29983552348146 0.0 1.6431676725154984 0.6085806194501846 1 0 0 0.27533252655641394 -0.9613490520201606 5.72531414513486
cell 13.22226103078644 18.143221226075227 0.0 1.6431676725154984 0.6085806194501846 1 0 0 0.27167677322793393 -0.9623885550485614 5.732915491419088
cell 30.212073601930413 18.777578238719084 0.0 1.6431676725154984 0.6085806194501846 1 0 0 0.006906148306386161 0.9999761522734281 0.013812406411110683
cell 55.40319113218792 37.60380548905185 0.0 1.6431676725154984 0.6085806194501846 1 0 0 0.48831447259820393 0.8726677350808485 1.020314483218702
cell 56.95140284678177 32.243324535213006 0.0 1.6431676725154984 0.6085806194501846 1 0 0 0.5640720724977296 0.8257255579356352 1.1986180987500792
cell 26.756988909838686 11.557013998788296 0.0 1.6431676725154984 0.6085806194501846 1 0 0 0.31888562004996346 0.9477932059923991 0.6491069832396055
cell 37.199334541383195 51.19351118867623 0.0 1.6431676725154984 0.6085806194501846 1 0 0 0.47289553244565596 0.8811185024688447 0.9851481840018468
cell 17.30606597555487 12.39994552431221 0.0 1.6431676725154984 0.6085806194501846 1 0 0 -0.1382581499758641 0.9903962257426325 6.005780392626088
cell 52.43275201201476 49.56427612252182 0.0 1.0 1.0 1 0 0 0.0 1.0 0
cell 50.24858913086969 4.132338930841604 0.0 1.6431676725154984 0.6085806194501846 1 0 0 0.7851162955457024 0.6193483692305917 1.8057677510162586
cell 21.37478663709678 36.64908252052956 0.0 1.6431676725154984 0.6085806194501846 1 0 0 0.12888526430219172 0.9916595124566466 0.25848957200728206
cell 42.69722608050374 44.49953804203832 0.0 1.0 1.0 1 0 0 0.0 1.0 0
cell 33.39313430264572 30.682044313169918 0.0 1.0 1.0 1 0 0 0.0 1.0 0
cell 49.75559434610233 43.19310432605899 0.0 1.6431676725154984 0.6085806194501846 1 0 0 -0.24366228667109574 -0.9698601394295019 0.4922803365117874
cell 28.73128295161048 13.725657510654491 0.0 1.6431676725154984 0.6085806194501846 1 0 0 0.31192122080343837 0.950107968608038 0.6344289418738168
cell 7.157558147705011 15.490553548663055 0.0 1.6431676725154984 0.6085806194501846 1 0 0 0.02909236423471791 0.9995767275918515 0.058192939189646735
cell 3.4317639014502492 41.29564128869302 0.0 1.6431676725154984 0.6085806194501846 1 0 0 -0.10933385166375727 0.9940050849368768 6.064079588556581
cell 45.463433823221976 42.598732534677424 0.0 1.0 1.0 1 0 0 0.0 1.0 0
cell 34.22487023807958 47.321270648595345 0.0 1.6431676725154984 0.6085806194501846 1 0 0 0.1778189828331614 -0.9840632140996735 5.925645973252189
cell 47.453259846076115 16.01753145517561 0.0 1.0 1.0 1 0 0 0.0 1.0 0
cell 51.372657637799136 19.564521451288716 0.0 1.6431676725154984 0.6085806194501846 1 0 0 0.41541234631531126 0.9096332131847473 0.8567921332167985
cell 51.77428245167446 18.249432228169088 0.0 1.6431676725154984 0.6085806194501846 1 0 0 0.41282806044629944 0.9108089769584765 0.8511137674944066
cell 54.548699345732416 44.33956011431374 0.0 1.6431676725154984 0.6085806194501846 1 0 0 -0.07973216035435046 -0.9968163234042811 0.1596337641181167
cell 13.022273372447271 15.92690156007323 0.0 1.6431676725154984 0.6085806194501846 1 0 0 -0.1237093501344148 0.9923184955896573 6.035131137992658
cell 39.60229378455145 17.169456202850796 0.0 1.6431676725154984 0.6085806194501846 1 0 0 -0.3584745569755492 -0.9335394967547885 0.7332666748742422
cell 29.460866472756862 23.439623098444567 0.0 1.0 1.0 1 0 0 0.0 1.0 0
cell 58.50040903645883 20.957763318959845 0.0 1.0 1.0 1 0 0 0.0 1.0 0
cell 46.27946499385373 13.347230904729676 0.0 1.0 1.0 1 0 0 0.0 1.0 0
cell 51.85616581937388 55.27111952124014 0.0 1.6431676725154984 0.6085806194501846 1 0 0 0.9916305657278489 0.1291077887436162 2.8826542830069757
cell 36.18074939653304 17.012132500817422 0.0 1.6431676725154984 0.6085806194501846 1 0 0 0.3583965534801596 0.9335694459725763 0.7330995641212288
cell 58.62799477602324 45.927596833142395 0.0 1.6431676725154984 0.6085806194501846 1 0 0 0.011105205085845971 0.9999383353087336 0.022210866715648397
cell 28.930341103545615 26.936954210217795 0.0 1.0 1.0 1 0 0 0.0 1.0 0
cell 21.952819294465204 10.189786400946115 0.0 1.6431676725154984 0.6085806194501846 1 0 0 0.35996429506714334 0.9329660799176005 0.7364592456200808
cell 47.82310861743755 6.595355442393388 0.0 1.6431676725154984 0.6085806194501846 1 0 0 -0.5636854510926798 -0.8259895351797395 1.1976818079827423
cell 41.811848354335645 39.072486903096134 0.0 1.0 1.0 1 0 0 0.0 1.0 0
cell 43.72197874009891 28.04923263215229 0.0 1.6431676725154984 0.6085806194501846 1 0 0 0.48470385442436165 0.874678325732476 1.0120491186959377
cell 51.03923070920722 37.66547991692209 0.0 1.6431676725154984 0.6085806194501846 1 0 0 0.6308069455875845 0.7759398155775112 1.3651854629980482
cell 7.630207943006574 35.752977519385986 0.0 1.0 1.0 1 0 0 0.0 1.0 0
cell 8.739665780399031 39.8563929609737 0.0 1.6431676725154984 0.6085806194501846 1 0 0 0.03808159658348187 0.9992746329221276 0.07618161393609196
cell 63.125215311811324 15.204664878831416 0.0 1.0 1.0 1 0 0 0.0 1.0 0
cell 23.688867275540876 4.373172751848415 0.0 1.6431676725154984 0.6085806194501846 1 0 0 0.9726359799256091 0.23233435078384368 2.672638608159826
cell 65.6678759616257 58.80216491879127 0.0 1.6431676725154984 0.6085806194501846 1 0 0 0.6180194152271259 0.7861628345338652 1.332441789640536
cell 61.388432312226456 20.155888245303718 0.0 1.0 1.0 1 0 0 0.0 1.0 0
cell 4.616821920546125 20.663449246439495 0.0 1.6431676725154984 0.6085806194501846 1 0 0 0.42874165265716024 -0.9034271388865883 5.396986395114921
cell 29.299721748459966 17.091040477550322 0.0 1.6431676725154984 0.6085806194501846 1 0 0 0.17067304141741227 0.9853277185451195 0.3430253845914776
cell 7.065675726468228 42.0198175872608 0.0 1.6431676725154984 0.6085806194501846 1 0 0 -0.14327911157225043 0.9896823208419289 5.995637459976181
cell 19.046591323133935 19.986239575957892 0.0 1.6431676725154984 0.6085806194501846 1 0 0 -0.20717405248729523 0.9783040999484728 5.865814401202838
cell 50.818855159599465 58.618379996353 0.0 1.6431676725154984 0.6085806194501846 1 0 0 0.680485769523697 -0.7327612963822133 4.786334585424094
