1000
 Lattice="66.99245856906788 0.0 0.0 0.0 66.99245856906788 0.0 0.0 0.0 1.0"Properties=species:S:1:pos:R:3:aspherical_shape:R:3:orientation:R:4:Color:R:1
cell 12.52038715599858 17.45300214793086 0.0 1.6431676725154984 0.6085806194501846 1 0 0 0.9531693569358305 0.3024370628718234 2.527095813686128
cell 44.579341014996714 29.401650680892516 0.0 1.6431676725154984 0.6085806194501846 1 0 0 0.9628143284862419 0.2701639666232102 2.5944660001552866
cell 64.54635026397145 7.984116259934971 0.0 1.6431676725154984 0.6085806194501846 1 0 0 0.9230709410784552 0.38462974109724674 2.351979308378779
cell 45.10027984800037 24.627198310831705 0.0 1.6431676725154984 0.6085806194501846 1 0 0 0.9082280715256291 0.4184755310562814 2.278060332070295
cell 24.92613653054239 11.02204701500409 0.0 1.6431676725154984 0.6085806194501846 1 0 0 0.8144266557217615 0.5802665098468697 1.903480876202361
cell 4.874844180318468 65.8329400790945 0.0 1.6431676725154984 0.6085806194501846 1 0 0 0.9683661737060824 0.2495334719468345 2.637195739610254
cell 20.70199163247806 40.47576914284565 0.0 1.6431676725154984 0.6085806194501846 1 0 0 -0.9750882740788841 -0.22181717190935213 2.6942373054867628
cell 2.764871664940336 62.057746757553524 0.0 1.0 1.0 1 0 0 0.0 1.0 0
cell 15.158082280214753 45.029538039299936 0.0 1.6431676725154984 0.6085806194501846 1 0 0 0.9551210479841308 0.296215772196039 2.5401363207680383
cell 51.926412705154924 64.78702820866158 0.0 1.6431676725154984 0.6085806194501846 1 0 0 0.6702288467958989 0.7421544939718681 1.4690341983906485
cell 39.05703119060037 35.89482830367366 0.0 1.6431676725154984 0.6085806194501846 1 0 0 0.9989930223970502 -0.04486581328814458 3.2313544115491624
cell 2.133775362325393 26.38931113712927 0.0 1.6431676725154984 0.6085806194501846 1 0 0 0.9016656599641419 0.4324338534867829 2.247212011072632
cell 63.18423723101846 7.5792882336200655 0.0 1.6431676725154984 0.6085806194501846 1 0 0 0.9453088371593982 0.3261766429227366 2.4770802951349813
cell 1.2075225081990013 38.12618906476625 0.0 1.6431676725154984 0.6085806194501846 1 0 0 0.8535052698520474 0.5210842104063254 2.045351129696539
cell 50.8420461688272 23.941574028844332 0.0 1.6431676725154984 0.6085806194501846 1 0 0 0.9506467963695681 0.31027514974982623 2.5106277475241505
cell 52.02417127833836 8.896901253668938 0.0 1.6431676725154984 0.6085806194501846 1 0 0 0.8300147419602585 0.5577414527616228 1.9582682307582164
cell 15.591014564310361 34.5029937994298 0.0 1.6431676725154984 0.6085806194501846 1 0 0 0.9406617944190122 0.33934552968973075 2.4491505436703283
cell 8.729552881686482 56.89536813438559 0.0 1.6431676725154984 0.6085806194501846 1 0 0 -0.957252368594687 -0.28925404546844546 2.5546976944301356
cell 62.07751857930143 42.2417202971068 0.0 1.6431676725154984 0.6085806194501846 1 0 0 0.9458653975333444 0.32455916217091796 2.4805014084893204
cell 35.97743305919012 9.303616793574728 0.0 1.6431676725154984 0.6085806194501846 1 0 0 0.819055247748415 0.5737146513169962 1.919524698618752
cell 52.7760648572571 2.564188165434098 0.0 1.6431676725154984 0.6085806194501846 1 0 0 0.7579120254480916 0.6523567748411688 1.7202129456138278
cell 3.468138870606259 56.22818989073391 0.0 1.6431676725154984 0.6085806194501846 1 0 0 0.9404250085324833 0.3400011813607103 2.4477563461385614
cell 10.289455124755738 46.9495598890639 0.0 1.6431676725154984 0.6085806194501846 1 0 0 0.9592291684921241 0.28262944346601276 2.568524231216278
cell 3.1526897777963834 65.53477559407702 0.0 1.6431676725154984 0.6085806194501846 1 0 0 0.9516915981866945 0.30705553559715426 2.517397544291779
cell 36.648934468777114 26.48383282828887 0.0 1.6431676725154984 0.6085806194501846 1 0 0 0.8885113012138071 0.4588547347640072 2.188181057715543
cell 5.1502150038257275 34.27001476418573 0.0 1.6431676725154984 0.6085806194501846 1 0 0 0.9064609709559299 0.42228960220876005 2.269653237638067
cell 46.86836343399301 47.23626479362849 0.0 1.6431676725154984 0.6085806194501846 1 0 0 0.858232930957367 0.5132603980635243 2.063633733559665
cell 45.45930815500302 21.188870088006013 0.0 1.6431676725154984 0.6085806194501846 1 0 0 0.7780841145272247 0.6281600995927589 1.7832200674956051
cell 16.81525190898314 41.69202428540359 0.0 1.6431676725154984 0.6085806194501846 1 0 0 0.9207256178753492 0.3902106310546349 2.33987195762642
cell 54.70403553617921 66.91903064402072 0.0 1.6431676725154984 0.6085806194501846 1 0 0 0.7878736238857663 0.6158369530850759 1.8146970143749122
cell 63.691958736690374 3.557114217089916 0.0 1.6431676725154984 0.6085806194501846 1 0 0 0.9116097373567998 0.4110567926166242 2.2943666145477293
cell 52.64325747132658 5.0694209095167 0.0 1.6431676725154984 0.6085806194501846 1 0 0 0.804703408557544 0.5936770369955962 1.8703514302109767
cell 2.965330095250722 36.56884122490972 0.0 1.6431676725154984 0.6085806194501846 1 0 0 0.8802299340953944 0.4745474297922364 2.152693032727498
cell 49.32238915682078 52.71723383064582 0.0 1.6431676725154984 0.6085806194501846 1 0 0 0.8458582745258897 0.5334077046838419 2.0163443211222543
cell 3.73439641143738 21.9800623377148 0.0 1.6431676725154984 0.6085806194501846 1 0 0 0.9133618575252704 0.4071487654629295 2.3029322737416105
cell 59.98641338738663 41.594014263009676 0.0 1.6431676725154984 0.6085806194501846 1 0 0 0.8957966672707509 0.4444640940577941 2.2204407997660467
cell 33.38597475957207 28.36256875977861 0.0 1.6431676725154984 0.6085806194501846 1 0 0 0.8942591167291668 0.44754958624354746 2.2135460668586595
cell 0.7750839663832947 66.63569040399493 0.0 1.6431676725154984 0.6085806194501846 1 0 0 0.900845555734094 0.43413970644728117 2.2434265090765884
cell 57.69716611614585 61.09327578370019 0.0 1.6431676725154984 0.6085806194501846 1 0 0 0.7984096944049259 0.6021145737151964 1.849298745170745
cell 1.5612495347602737 8.570856536338399 0.0 1.6431676725154984 0.6085806194501846 1 0 0 0.4117230098680015 -0.9113090382220697 5.434497398896521
cell 18.960801494897193 37.77693471918712 0.0 1.6431676725154984 0.6085806194501846 1 0 0 0.9306453635953285 0.36592240600777487 2.3923451399826234
cell 57.95272120454741 44.3837794963603 0.0 1.6431676725154984 0.6085806194501846 1 0 0 0.8842376103379268 0.4670373094987946 2.1697181686470204
cell 43.24057148681307 17.8343098071111 0.0 1.6431676725154984 0.6085806194501846 1 0 0 0.658798645950941 0.7523193099297709 1.438441549802956
cell 53.506928369880384 8.460688952195095 0.0 1.6431676725154984 0.6085806194501846 1 0 0 0.9318458355084196 0.36285443203248247 2.3989341025546587
cell 51.99610529222842 12.917828606508577 0.0 1.6431676725154984 0.6085806194501846 1 0 0 0.889625016395906 0.4566917233786749 2.1930468496056443
cell 19.6259185942464 41.88319402163392 0.0 1.6431676725154984 0.6085806194501846 1 0 0 0.9834649139945099 0.1810987657102372 2.77738550171894
cell 1.3789286377877337 4.007137987053 0.0 1.6431676725154984 0.6085806194501846 1 0 0 -0.886698247279873 -0.46234858956289804 2.180308521674611
cell 54.26024561850205 49.51381275676344 0.0 1.6431676725154984 0.6085806194501846 1 0 0 0.8763384771802161 0.4816958308034853 2.136415018152952
cell 63.75980153763389 57.98609399214086 0.0 1.6431676725154984 0.6085806194501846 1 0 0 0.8322235596385464 0.5544402102865075 1.9662123098510957
cell 55.34940660471778 10.271658415755917 0.0 1.6431676725154984 0.6085806194501846 1 0 0 -0.9106147236530452 -0.41325636724228243 2.289538288280733
cell 56.174675507715946 6.685957077614474 0.0 1.6431676725154984 0.6085806194501846 1 0 0 0.9579804380545326 0.2868335411085076 2.559752960949864
cell 53.49894871703706 61.48538371082547 0.0 1.6431676725154984 0.6085806194501846 1 0 0 0.7061011444765515 0.7081109897247071 1.567953975429882
cell 22.570986481227322 18.680792889131617 0.0 1.6431676725154984 0.6085806194501846 1 0 0 0.9878826924329739 0.15520240330413151 2.829927981552481
cell 30.37992304465987 12.324007711862683 0.0 1.6431676725154984 0.6085806194501846 1 0 0 0.9474037607133741 0.32004080081476455 2.4900475477866033
cell 38.11956634775303 40.247179944945906 0.0 1.6431676725154984 0.6085806194501846 1 0 0 0.24930178777179063 -0.9684258456969171 5.779266883758905
cell 36.30749771935749 22.63953547856635 0.0 1.6431676725154984 0.6085806194501846 1 0 0 0.7840056891972826 0.6207536381740294 1.802185445545047
cell 32.86806961917905 14.693967348545343 0.0 1.6431676725154984 0.6085806194501846 1 0 0 -0.9067558272158965 -0.42165610372673995 2.2710507505154744
cell 45.188207609877495 13.020176835817766 0.0 1.6431676725154984 0.6085806194501846 1 0 0 0.6666127936898899 0.7454041744509888 1.4593107607602462
cell 17.29748102944076 38.470347536224445 0.0 1.6431676725154984 0.6085806194501846 1 0 0 0.8921694847290075 0.4517007975622549 2.2042510883894884
cell 52.903304421207714 66.2923000799067 0.0 1.6431676725154984 0.6085806194501846 1 0 0 0.7012036254351199 0.7129610618236062 1.5541686092442297
cell 22.71139385248481 60.48039618263418 0.0 1.6431676725154984 0.6085806194501846 1 0 0 0.886508696742701 0.46271193047030645 2.179488897313116
cell 40.202490330838444 64.83122319427143 0.0 1.6431676725154984 0.6085806194501846 1 0 0 0.8313476647056413 0.5557526971490796 1.9630564808224498
cell 54.605492741222164 44.975021955705465 0.0 1.6431676725154984 0.6085806194501846 1 0 0 0.7965974184683372 0.6045101760016789 1.8432909964508755
cell 56.65228212066821 39.70223442639942 0.0 1.6431676725154984 0.6085806194501846 1 0 0 0.8288672026621321 0.559445404263054 1.9541595576662232
cell 55.76158438532588 66.24461967519899 0.0 1.6431676725154984 0.6085806194501846 1 0 0 0.7761007915899912 0.6306088813943148 1.7769176519579744
cell 40.87425348455946 15.958834347190253 0.0 1.6431676725154984 0.6085806194501846 1 0 0 0.6782127826588179 0.7348655805235288 1.4906557274192604
cell 32.31181296012482 56.65395438473348 0.0 1.6431676725154984 0.6085806194501846 1 0 0 0.9191774627929745 0.393843613498391 2.3319737639433895
cell 25.092060416731382 40.421327651531904 0.0 1.6431676725154984 0.6085806194501846 1 0 0 0.9924076216498045 0.12299232696139449 2.8949835666952737
cell 28.357851644420215 38.326482994636166 0.0 1.6431676725154984 0.6085806194501846 1 0 0 0.9982042058102356 0.05990295070158779 3.0217149850518235
cell 65.65594651718659 32.01642514897055 0.0 1.6431676725154984 0.6085806194501846 1 0 0 0.9222397175252153 0.3866185502779336 2.3476682545161367
cell 60.02514143660329 51.43012503700391 0.0 1.6431676725154984 0.6085806194501846 1 0 0 -0.829828051457601 -0.558019179790517 1.957598945624941
cell 49.595332674190466 9.553249208974437 0.0 1.6431676725154984 0.6085806194501846 1 0 0 0.6778083390640289 0.7352386384673091 1.4895552786772985
cell 56.61109149428358 12.388122006483103 0.0 1.6431676725154984 0.6085806194501846 1 0 0 0.855136749871401 0.5184024874741412 2.0516291462716354
cell 15.879058230826104 16.77251287185145 0.0 1.6431676725154984 0.6085806194501846 1 0 0 0.8723359938904723 0.48890685591748634 2.1199202745988552
cell 30.12064513699476 28.564306458297374 0.0 1.6431676725154984 0.6085806194501846 1 0 0 0.9387209185032271 0.34467816461803547 2.4378008157398106
cell 38.646002118246386 11.26143330522639 0.0 1.6431676725154984 0.6085806194501846 1 0 0 0.8839129233669201 0.4676515197291091 2.1683286711039074
cell 8.865416861813399 43.65806574471011 0.0 1.6431676725154984 0.6085806194501846 1 0 0 0.8385724197880626 0.5447901401189208 1.9893149818295541
cell 46.884135839939155 27.838977174542375 0.0 1.6431676725154984 0.6085806194501846 1 0 0 0.9439950200248448 0.3299596977939774 2.469070890399127
cell 29.74446043642046 46.430263510725794 0.0 1.6431676725154984 0.6085806194501846 1 0 0 0.9699489341996392 0.24330857988361987 2.650041681196082
cell 14.09165375723322 17.890203008211852 0.0 1.6431676725154984 0.6085806194501846 1 0 0 0.8454663147527004 0.5340287544865799 2.014875532035258
cell 61.158885827064246 63.990128669066 0.0 1.6431676725154984 0.6085806194501846 1 0 0 0.8870899809892391 0.4615965398792667 2.182004439206554
cell 5.190921159846566 27.93286551945009 0.0 1.6431676725154984 0.6085806194501846 1 0 0 -0.8767598799304112 -0.4809283865030334 2.1381660762115384
cell 39.82758328698784 4.531624711600804 0.0 1.6431676725154984 0.6085806194501846 1 0 0 0.8651810617026485 0.5014596000388045 2.091022657287295
cell 61.759061274552764 56.46698046749763 0.0 1.6431676725154984 0.6085806194501846 1 0 0 0.835515384384738 0.5494670531127624 1.978140177700942
cell 48.09606781981202 11.391660497186836 0.0 1.6431676725154984 0.6085806194501846 1 0 0 0.6533571443895934 0.7570498278680711 1.4240210138302016
cell 64.08923130362778 38.71903999047305 0.0 1.6431676725154984 0.6085806194501846 1 0 0 0.9334307810339355 0.3587575462877081 2.4077196716664067
cell 4.510127793674739 19.110959987794637 0.0 1.6431676725154984 0.6085806194501846 1 0 0 0.7751373643009221 0.6317927401170574 1.7738649717788304
cell 28.94911886491975 31.62559434385629 0.0 1.6431676725154984 0.6085806194501846 1 0 0 0.9978352024763867 0.065764038036821 3.0099695847038554
cell 59.37230621072216 0.9745950668637997 0.0 1.6431676725154984 0.6085806194501846 1 0 0 0.894969029980995 0.4461282723330554 2.216723556804014
cell 52.458956425126516 56.53359253839826 0.0 1.6431676725154984 0.6085806194501846 1 0 0 -0.684419567879628 -0.7290883726294525 1.5076145887769536
cell 56.74178839995008 14.112845197158945 0.0 1.6431676725154984 0.6085806194501846 1 0 0 0.8658673287447702 0.5002736941039335 2.0937629752492577
cell 1.5638400207708907 31.49324642288542 0.0 1.6431676725154984 0.6085806194501846 1 0 0 -0.870335379604486 -0.49245946737646873 2.111765882229525
cell 48.0532065840736 16.828375201286736 0.0 1.6431676725154984 0.6085806194501846 1 0 0 0.8021052734841237 0.5971826607068889 1.8616245215546008
cell 45.599756367126666 26.347571716603195 0.0 1.6431676725154984 0.6085806194501846 1 0 0 0.9202882424528115 0.39124103926239034 2.3376331736121014
cell 0.05023125875307748 28.54068439184281 0.0 1.6431676725154984 0.6085806194501846 1 0 0 0.9042518463212817 0.42699952977088057 2.2592486789585626
cell 3.5757623977247617 38.415757041350474 0.0 1.6431676725154984 0.6085806194501846 1 0 0 -0.920144350084047 -0.39157933424582886 2.336897922604267
cell 56.59386923211433 53.4368305577546 0.0 1.6431676725154984 0.6085806194501846 1 0 0 0.7521752796290211 0.6589630860033087 1.7027139069956916
cell 53.69248485418712 17.717629632004687 0.0 1.6431676725154984 0.6085806194501846 1 0 0 0.9202415613680189 0.39135082564235213 2.3373945762699586
cell 47.91985677117852 5.376649021533502 0.0 1.6431676725154984 0.6085806194501846 1 0 0 0.6380396536504346 0.7700035067255431 1.3838993581022452
cell 35.18062364836723 25.715959752388223 0.0 1.6431676725154984 0.6085806194501846 1 0 0 0.8303504791854579 0.5572414931755176 1.9594726876201827
cell 47.093382767774635 35.683710069170516 0.0 1.6431676725154984 0.6085806194501846 1 0 0 0.9971319384070486 0.07568287394517945 2.9900820307189866
cell 30.61907358169107 51.31737143355609 0.0 1.6431676725154984 0.6085806194501846 1 0 0 0.9798021639399423 0.19996929648975179 2.7389394850865467
cell 23.318126137337508 17.41900752188782 0.0 1.6431676725154984 0.6085806194501846 1 0 0 0.9795376837674179 0.20126084089947052 2.7363027924797643
cell 8.59116836124779 26.192459463924273 0.0 1.6431676725154984 0.6085806194501846 1 0 0 0.9263127932087498 0.37675537041667223 2.36901054521701
cell 46.64789638829926 29.250347771857452 0.0 1.6431676725154984 0.6085806194501846 1 0 0 0.9785912598275525 0.20581337708983757 2.727003041301287
cell 48.742575957955864 27.453130489430983 0.0 1.6431676725154984 0.6085806194501846 1 0 0 -0.9279252426361366 -0.3727663397876303 2.377615749938418
cell 62.72593593951497 1.6520308432070148 0.0 1.0 1.0 1 0 0 0.0 1.0 0
cell 24.948251415044172 36.97968469871479 0.0 1.6431676725154984 0.6085806194501846 1 0 0 0.9970837474615633 0.07631513970376762 2.988813831412596
cell 56.438247893284895 10.623008998487697 0.0 1.6431676725154984 0.6085806194501846 1 0 0 0.8610095074216995 0.5085888596198725 2.074502536800966
cell 24.238095446853784 21.960280520745332 0.0 1.6431676725154984 0.6085806194501846 1 0 0 0.9877402403982585 0.15610643003409744 2.8280976187806286
cell 61.82367844085885 9.485890083615553 0.0 1.6431676725154984 0.6085806194501846 1 0 0 -0.9689664881630325 -0.24719212126805265 2.6420299110150065
cell 6.455267910376492 63.70368541987091 0.0 1.6431676725154984 0.6085806194501846 1 0 0 0.9395468174432988 0.3424204693533499 2.442608850577768
cell 33.811054172015346 8.750046113943341 0.0 1.6431676725154984 0.6085806194501846 1 0 0 0.8672452730886919 0.4978811467662941 2.0992849380236067
cell 19.585960612368677 16.93381103614778 0.0 1.6431676725154984 0.6085806194501846 1 0 0 0.9270117410545852 0.3750323078708643 2.3727294018284653
cell 42.28770997054109 27.57516000356094 0.0 1.6431676725154984 0.6085806194501846 1 0 0 0.8958719640764106 0.44431230455826276 2.220779678276308
cell 30.87654501478875 42.740863767834895 0.0 1.6431676725154984 0.6085806194501846 1 0 0 0.2487166629305644 -0.9685762858859822 5.78047519388699
cell 32.54343398935429 20.574039390854033 0.0 1.6431676725154984 0.6085806194501846 1 0 0 0.9328167283865738 0.36035114991098466 2.4043040406144645
cell 31.850864854299516 18.19992733412397 0.0 1.6431676725154984 0.6085806194501846 1 0 0 0.9496209667762291 0.3134007330224038 2.504048505346722
cell 28.341761117065126 15.85700797751772 0.0 1.6431676725154984 0.6085806194501846 1 0 0 0.9928139710435041 0.11966795268921475 2.9016818036620045
cell 10.893822093463552 50.44225121825949 0.0 1.6431676725154984 0.6085806194501846 1 0 0 0.9951361764861278 0.09850883335300535 2.944254944425137
cell 39.4462721022165 0.863267065116828 0.0 1.6431676725154984 0.6085806194501846 1 0 0 0.8293565029423873 0.5587197786253624 1.955909926060845
cell 49.578753242419985 2.557308742477748 0.0 1.6431676725154984 0.6085806194501846 1 0 0 0.6517952178741784 0.7583950118219083 1.4198983274177692
cell 9.116411658459281 32.44096355139456 0.0 1.6431676725154984 0.6085806194501846 1 0 0 0.9662177509503206 0.25772709936773086 2.62025446696925
cell 52.01324180173274 20.277040734160607 0.0 1.6431676725154984 0.6085806194501846 1 0 0 0.9024792058818067 0.430733424464533 2.2509820598107946
cell 8.547100768775046 23.41373177171829 0.0 1.6431676725154984 0.6085806194501846 1 0 0 0.889200647648408 0.4575174403469792 2.1911900810067024
cell 14.103241910888409 51.273403609463045 0.0 1.6431676725154984 0.6085806194501846 1 0 0 0.9754710174882647 0.22012790382050496 2.69770147635061
cell 19.71670813990848 24.690481529475097 0.0 1.6431676725154984 0.6085806194501846 1 0 0 0.997852658576747 0.06549863946157986 3.0105015287595487
cell 46.879159684925725 32.11375962134662 0.0 1.6431676725154984 0.6085806194501846 1 0 0 0.9829405816157601 0.18392338897723468 2.7716397461653317
cell 63.07174244006325 64.81241024625214 0.0 1.6431676725154984 0.6085806194501846 1 0 0 0.9230186420689456 0.3847552291953935 2.351707408035266
cell 58.32450317693099 65.94394184764789 0.0 1.6431676725154984 0.6085806194501846 1 0 0 0.8285044102096037 0.5599825374627647 1.9528632082495117
cell 64.24532724279824 47.74765189616124 0.0 1.6431676725154984 0.6085806194501846 1 0 0 0.901196731126413 0.4334102580778029 2.2450456682604893
cell 58.12380871049427 64.22008679494829 0.0 1.6431676725154984 0.6085806194501846 1 0 0 0.8217308959940026 0.5698757185289558 1.9288834460648678
cell 50.45206398957684 13.938403439507947 0.0 1.6431676725154984 0.6085806194501846 1 0 0 0.8827886937788516 0.46977028656166514 2.1635315603836607
cell 4.468534090952838 61.058400259336175 0.0 1.0 1.0 1 0 0 0.0 1.0 0
cell 65.121520288937 56.68414265085247 0.0 1.6431676725154984 0.6085806194501846 1 0 0 0.8817348527318032 0.4717453226880214 2.159054351098555
cell 59.3892445827055 7.097722935569868 0.0 1.6431676725154984 0.6085806194501846 1 0 0 -0.798923008040586 -0.601433310703175 1.8510047466059394
cell 45.43796652678227 9.921947972855863 0.0 1.6431676725154984 0.6085806194501846 1 0 0 0.7062289788635318 0.7079834951560475 1.5683150654221047
cell 42.60523601858878 36.915741334826905 0.0 1.6431676725154984 0.6085806194501846 1 0 0 0.8595947039422968 0.5109764622312413 2.0689519260025206
cell 39.338558343408955 20.924907970691592 0.0 1.6431676725154984 0.6085806194501846 1 0 0 0.8911225985436045 0.45376261895940023 2.1996263373512077
cell 23.740373691173605 14.980827681720838 0.0 1.6431676725154984 0.6085806194501846 1 0 0 0.9463091773957953 0.3232629591779627 2.4832415421056853
cell 64.71161690137752 61.197646435426066 0.0 1.6431676725154984 0.6085806194501846 1 0 0 0.8979695244803447 0.44005764747876336 2.2302669136390283
cell 10.990314940070402 54.79608118487166 0.0 1.6431676725154984 0.6085806194501846 1 0 0 0.958875679331471 0.2838264110096347 2.5660280853155886
cell 10.63874702517377 21.89278666637838 0.0 1.6431676725154984 0.6085806194501846 1 0 0 0.9026032222642397 0.43047348717222006 2.251558071823239
cell 13.201878670288634 29.877419242300178 0.0 1.6431676725154984 0.6085806194501846 1 0 0 0.9863412295819372 0.16471484094274066 2.8106548607693824
cell 12.1581180610605 19.31140122043188 0.0 1.6431676725154984 0.6085806194501846 1 0 0 0.8998644640690484 0.4361696301964687 2.238917347985687
cell 57.30128140540345 41.43262862768956 0.0 1.6431676725154984 0.6085806194501846 1 0 0 -0.7665329386693667 -0.6422049937013141 1.7468498693910952
cell 20.9731519513954 2.677836496296066 0.0 1.6431676725154984 0.6085806194501846 1 0 0 0.7703640426541463 0.637604298750848 1.7588238175844848
cell 50.61896830121445 22.789573104577226 0.0 1.6431676725154984 0.6085806194501846 1 0 0 0.9042247779175162 0.4270568475039576 2.259121903235195
cell 1.8697661358351685 49.0701390152275 0.0 1.6431676725154984 0.6085806194501846 1 0 0 0.8797289787395101 0.4754754714661301 2.15058379806046
cell 11.932290605322251 25.79768142369971 0.0 1.6431676725154984 0.6085806194501846 1 0 0 0.9571183201518529 0.2896972924100173 2.5537715479188945
cell 32.69060152063035 37.094081472201324 0.0 1.6431676725154984 0.6085806194501846 1 0 0 0.9980763225177129 0.06199721307863983 3.0175186577740933
cell 29.983998990064084 22.046808589471443 0.0 1.6431676725154984 0.6085806194501846 1 0 0 0.9383586199735785 0.34566327592222085 2.435701573393281
cell 53.192254567290426 23.188295228833784 0.0 1.6431676725154984 0.6085806194501846 1 0 0 0.9601687150483914 0.2794208987214824 2.5752107901281405
cell 18.621431970741092 35.82685079866343 0.0 1.6431676725154984 0.6085806194501846 1 0 0 0.9072716790234716 0.42054500406250295 2.273500767445136
cell 44.46810138118319 22.4067752826601 0.0 1.6431676725154984 0.6085806194501846 1 0 0 0.7521272428196132 0.6590179137235699 1.7025681179155863
cell 43.00388600242986 21.05350773108851 0.0 1.6431676725154984 0.6085806194501846 1 0 0 -0.7618687802666119 -0.6477313962245964 1.7323867125630006
cell 54.8017393486683 30.912101956657338 0.0 1.6431676725154984 0.6085806194501846 1 0 0 0.9881432600443029 0.153534678913323 2.83330389671745
cell 63.270358259681466 29.270584631553042 0.0 1.6431676725154984 0.6085806194501846 1 0 0 0.8137343495717838 0.5812369640060634 1.901096704020089
cell 7.891116340239049 50.82960074158289 0.0 1.6431676725154984 0.6085806194501846 1 0 0 0.9893154906985496 0.14579046561379777 2.848968797350228
cell 4.064455373747246 50.152983800056546 0.0 1.6431676725154984 0.6085806194501846 1 0 0 0.9225637762180475 0.38584463040231154 2.349346308212036
cell 22.23786748297951 34.1639683349696 0.0 1.6431676725154984 0.6085806194501846 1 0 0 0.9428524506903417 0.3332105283859089 2.4621793373173704
cell 64.06630510143513 1.793893228480074 0.0 1.6431676725154984 0.6085806194501846 1 0 0 0.8942512260043637 0.4475653525349035 2.213510805577852
cell 15.810696170754332 41.360185158041965 0.0 1.6431676725154984 0.6085806194501846 1 0 0 0.8512252792054655 0.5248004611674586 2.0366312886017366
cell 28.963003050827794 45.38184523425387 0.0 1.6431676725154984 0.6085806194501846 1 0 0 0.9422865772736934 0.3348074167186682 2.4587909655800857
cell 9.089779128983118 29.18109950842758 0.0 1.6431676725154984 0.6085806194501846 1 0 0 0.9472543256227471 0.32048282729187627 2.4891143420070914
cell 9.556559022282016 45.450465050741336 0.0 1.6431676725154984 0.6085806194501846 1 0 0 0.9458184596639129 0.3246959213771915 2.4802122286551427
cell 40.59208626920396 29.67484037090055 0.0 1.6431676725154984 0.6085806194501846 1 0 0 0.9458398482993292 0.32463361096642773 2.480343986934064
cell 42.43109101372609 32.60495960139573 0.0 1.6431676725154984 0.6085806194501846 1 0 0 0.9890272712300593 0.14773305914121812 2.845041079786894
cell 1.0645511977399083 57.50430258113142 0.0 1.6431676725154984 0.6085806194501846 1 0 0 0.9535819271380551 0.3011337049147322 2.529830009309824
cell 58.73772999212167 52.96118633677637 0.0 1.6431676725154984 0.6085806194501846 1 0 0 0.7820903690683694 0.6231650299964703 1.7960264621185653
cell 50.25068108061273 16.968933268265875 0.0 1.6431676725154984 0.6085806194501846 1 0 0 0.89342635225058 0.4492096983639407 2.209831517130554
cell 66.83776446905584 48.78724514452419 0.0 1.6431676725154984 0.6085806194501846 1 0 0 0.8858308475039041 0.4640083076955789 2.1765630990409157
cell 8.988046332079161 24.51480029835417 0.0 1.6431676725154984 0.6085806194501846 1 0 0 0.8996770032603305 0.43655617027424004 2.2380581511761797
cell 33.72260413498673 36.04234919278897 0.0 1.6431676725154984 0.6085806194501846 1 0 0 0.9941401112885768 0.1080992096508388 2.9249709423854653
cell 16.846855524820572 46.21557609542348 0.0 1.6431676725154984 0.6085806194501846 1 0 0 0.9799246231153154 0.19936833502917933 2.740166107992769
cell 51.78640018877672 4.327543369736341 0.0 1.6431676725154984 0.6085806194501846 1 0 0 0.7531961173127301 0.6577960237528259 1.705814967688191
cell 56.86864617642927 65.10739559416581 0.0 1.6431676725154984 0.6085806194501846 1 0 0 0.8093189704143957 0.5873693932504336 1.88598346038874
cell 61.93965633427009 43.725815005334056 0.0 1.6431676725154984 0.6085806194501846 1 0 0 0.909744592667185 0.4151683708001101 2.2853369136673485
cell 28.347145526718478 14.533490457521903 0.0 1.6431676725154984 0.6085806194501846 1 0 0 -0.941232185938281 -0.33776022879232737 2.452520128862602
cell 22.331932062690424 41.67136509084038 0.0 1.6431676725154984 0.6085806194501846 1 0 0 0.9882704191975582 0.1527140417220451 2.83496475780688
cell 27.349781084571806 36.08592858258637 0.0 1.6431676725154984 0.6085806194501846 1 0 0 0.9976962454591416 0.06783952975022908 3.005809307566311
cell 5.6360420566496146 54.24817821805727 0.0 1.6431676725154984 0.6085806194501846 1 0 0 0.9839262952161574 0.17857504187933768 2.782516606167937
cell 19.099532121278063 23.589578984445577 0.0 1.6431676725154984 0.6085806194501846 1 0 0 0.9811528829673142 0.1932330723373405 2.752680131852408
cell 39.76842625513071 24.68009259910341 0.0 1.6431676725154984 0.6085806194501846 1 0 0 0.8397074573662429 0.5430390281034315 1.993488567901488
cell 6.945038060450186 52.89510000788679 0.0 1.6431676725154984 0.6085806194501846 1 0 0 0.9878438523927987 0.15544942357485425 2.829427871311856
cell 51.02319097411898 31.17644284770678 0.0 1.6431676725154984 0.6085806194501846 1 0 0 0.9198108366595679 0.39236210923536674 2.3351961965014745
cell 8.960191489851447 51.68290606375126 0.0 1.6431676725154984 0.6085806194501846 1 0 0 0.9934147114585793 0.11457404181431195 2.9119402391621083
cell 32.39151592687703 11.81988751492098 0.0 1.6431676725154984 0.6085806194501846 1 0 0 -0.8137611598063205 -0.5811994277274127 1.901188959337361
cell 14.589553186534848 44.130558766776225 0.0 1.6431676725154984 0.6085806194501846 1 0 0 0.9070222841370962 0.4210826238147624 2.272315469478125
cell 57.21702615546755 7.707133813289924 0.0 1.6431676725154984 0.6085806194501846 1 0 0 0.8081357765557031 0.5889962365335712 1.8819602436957454
cell 61.89090619242879 41.03470026510062 0.0 1.6431676725154984 0.6085806194501846 1 0 0 0.9352826802091705 0.3539015514246166 2.418113954222083
cell 58.04329407316887 62.546448857701016 0.0 1.6431676725154984 0.6085806194501846 1 0 0 0.8271662666754074 0.561957264633414 1.9480923893618198
cell 53.54565059219459 58.240897415085804 0.0 1.6431676725154984 0.6085806194501846 1 0 0 0.7128292555010615 0.7013376166311076 1.5870481371901703
cell 46.21366087459072 12.390955821560988 0.0 1.6431676725154984 0.6085806194501846 1 0 0 0.6940878372096363 0.71989032097789 1.5343040795012113
cell 26.930717711993243 21.29694284015969 0.0 1.6431676725154984 0.6085806194501846 1 0 0 0.9330819219453647 0.35966390830710876 2.4057773072844997
cell 55.8690464550464 22.556007258375217 0.0 1.6431676725154984 0.6085806194501846 1 0 0 0.9718272064948084 0.23569446475574493 2.6657264472080624
cell 48.8334820895221 25.70360538382241 0.0 1.6431676725154984 0.6085806194501846 1 0 0 0.8932851028720542 0.4494905171267394 2.2092028341729755
cell 57.9519914283085 9.78094759035207 0.0 1.6431676725154984 0.6085806194501846 1 0 0 0.8453646769659062 0.5341896320019035 2.014494943991566
cell 61.53975026368707 1.163102382815063 0.0 1.6431676725154984 0.6085806194501846 1 0 0 0.9338460156048335 0.357675298474716 2.4100380160998776
cell 39.527593282388025 27.813119471083176 0.0 1.6431676725154984 0.6085806194501846 1 0 0 0.8766113790595428 0.4811990129908067 2.1375486907394388
cell 18.93864583556885 30.2993701787313 0.0 1.6431676725154984 0.6085806194501846 1 0 0 0.9161793329614242 0.40076854898352476 2.31688154287745
cell 27.919835760087764 13.432883297069921 0.0 1.6431676725154984 0.6085806194501846 1 0 0 -0.9263078343290677 -0.3767675623784411 2.368984221507585
cell 5.575307239263513 32.34718446841274 0.0 1.6431676725154984 0.6085806194501846 1 0 0 0.8722476634100654 0.4890644269170281 2.1195589941329884
cell 38.763427399968535 19.157410633746437 0.0 1.6431676725154984 0.6085806194501846 1 0 0 0.7707440681541664 0.6371448668906983 1.7600162890102518
cell 65.4595266233291 57.73289032208131 0.0 1.6431676725154984 0.6085806194501846 1 0 0 0.9273518644507551 0.3741904855814861 2.3745452748946736
cell 14.23704097389498 42.94712358283171 0.0 1.6431676725154984 0.6085806194501846 1 0 0 0.8770649163050334 0.48037186906275514 2.139435341927918
cell 25.447647240062977 39.13302763531257 0.0 1.6431676725154984 0.6085806194501846 1 0 0 0.9871285337522964 0.1599289149967617 2.820355372330275
cell 7.410686059822345 55.96743071148011 0.0 1.6431676725154984 0.6085806194501846 1 0 0 0.996657449314126 0.08169411684240381 2.97802213167444
cell 21.8948352008867 21.99748838105757 0.0 1.6431676725154984 0.6085806194501846 1 0 0 0.9686226078613362 0.24853620166869841 2.6392551633911423
cell 60.84302638616428 14.105966233858515 0.0 1.6431676725154984 0.6085806194501846 1 0 0 0.9461231772979725 0.32380693843645386 2.4820917430290432
cell 23.519555959876136 32.04314812777914 0.0 1.6431676725154984 0.6085806194501846 1 0 0 0.9204414012899494 0.39088057868279175 2.338416472943899
cell 4.4065690563760125 24.204470290677275 0.0 1.6431676725154984 0.6085806194501846 1 0 0 0.9067848397846481 0.42159370765789445 2.2711883731670226
cell 51.527352202445556 61.57178207597017 0.0 1.6431676725154984 0.6085806194501846 1 0 0 0.6863049130319453 0.7273139393330875 1.5127926747596154
cell 37.62112448862605 29.752656272295898 0.0 1.6431676725154984 0.6085806194501846 1 0 0 0.8921560259690005 0.4517273794305589 2.204191498660725
cell 0.28104158885401925 43.2561177015991 0.0 1.6431676725154984 0.6085806194501846 1 0 0 0.9471258457568855 0.32086232608286114 2.488313027061672
cell 41.15577920525612 33.88961153838007 0.0 1.6431676725154984 0.6085806194501846 1 0 0 0.9999954055910381 -0.003031302824730471 3.147655268523968
cell 49.09056840496955 7.068917716477324 0.0 1.6431676725154984 0.6085806194501846 1 0 0 -0.6528724708949681 -0.7574678453554969 1.42274094034767
cell 50.62901033790258 63.13558969853676 0.0 1.6431676725154984 0.6085806194501846 1 0 0 0.6301918391032839 0.7764394670079701 1.3636005244227662
cell 64.67482691715553 37.10273760908973 0.0 1.6431676725154984 0.6085806194501846 1 0 0 0.9542914799196055 0.2988775189820226 2.5345602704951506
cell 52.930632041109476 51.94700866848559 0.0 1.6431676725154984 0.6085806194501846 1 0 0 0.9576083988158045 0.2880731756297886 2.55716444231919
cell 38.6332922360537 66.38016688920229 0.0 1.6431676725154984 0.6085806194501846 1 0 0 0.7778392721646878 0.6284632580177688 1.7824407015608383
cell 19.02195534369864 18.592303029585253 0.0 1.6431676725154984 0.6085806194501846 1 0 0 0.951453569628535 0.3077923079628835 2.5158490080237494
cell 12.69101956881806 24.276613234455095 0.0 1.6431676725154984 0.6085806194501846 1 0 0 -0.9517145459892439 -0.30698440180648817 2.517547031653372
cell 18.475759085949672 22.02806289542777 0.0 1.6431676725154984 0.6085806194501846 1 0 0 0.9522200631808603 0.3054127555879721 2.5208489220732853
cell 11.926082288278614 41.578317994751345 0.0 1.6431676725154984 0.6085806194501846 1 0 0 0.8773222720186156 0.47990168891148344 2.1405073518995916
cell 36.89065470204367 11.842924100826568 0.0 1.6431676725154984 0.6085806194501846 1 0 0 0.8901834188873124 0.4556023274063638 2.1954951936288944
cell 30.899691675865473 39.03798824078911 0.0 1.6431676725154984 0.6085806194501846 1 0 0 0.998613360300902 -0.052643676054593525 3.2469286979148904
cell 10.304749532927515 33.73353248366711 0.0 1.6431676725154984 0.6085806194501846 1 0 0 0.9795721235045142 0.201093149691522 2.7366451749371774
cell 35.21252055389449 50.301351785457626 0.0 1.6431676725154984 0.6085806194501846 1 0 0 0.3026975660744681 -0.9530866610610984 5.668141839333895
cell 9.762575264671307 49.53856238900911 0.0 1.6431676725154984 0.6085806194501846 1 0 0 0.987617336567995 0.15688211023038806 2.8265269053756907
cell 54.33912801242113 6.951774253839234 0.0 1.6431676725154984 0.6085806194501846 1 0 0 0.9497116649900329 0.31312577885230014 2.5046275596178575
cell 15.125799558894348 40.5312190188462 0.0 1.6431676725154984 0.6085806194501846 1 0 0 0.8979654020873951 0.44006605942065447 2.2302481781230212
cell 26.457295767471322 9.646382731997077 0.0 1.6431676725154984 0.6085806194501846 1 0 0 0.7751358564515893 0.6317945900710619 1.7738601985453653
cell 19.723440871469556 25.812912372063277 0.0 1.6431676725154984 0.6085806194501846 1 0 0 0.9933658169395917 0.11499719012192261 2.911088311543201
cell 42.3971466898002 29.560832770794462 0.0 1.6431676725154984 0.6085806194501846 1 0 0 0.9702484353198377 0.24211149034981086 2.6525096556418
cell 38.09965844287247 26.162957574113115 0.0 1.6431676725154984 0.6085806194501846 1 0 0 0.8617114388128937 0.5073986561068256 2.077266079732926
cell 15.494439589007884 14.940278220401176 0.0 1.6431676725154984 0.6085806194501846 1 0 0 0.8415644168283449 0.5401567664376405 2.000345897489726
cell 20.866919672237863 18.33677473415075 0.0 1.6431676725154984 0.6085806194501846 1 0 0 0.9348684977766779 0.3549942138468986 2.4157768976016087
cell 28.776650611372876 6.279990489630594 0.0 1.6431676725154984 0.6085806194501846 1 0 0 -0.7035727648064777 -0.7106232226873597 1.5608254323349593
cell 51.015141139231694 32.97584791430986 0.0 1.6431676725154984 0.6085806194501846 1 0 0 0.9957582884562127 -0.09200777668628846 3.3258688295092798
cell 50.26823782588446 11.45487095651846 0.0 1.6431676725154984 0.6085806194501846 1 0 0 0.7232325590892207 0.6906045651986793 1.6169433728437388
cell 25.35662191218258 18.690465181134826 0.0 1.6431676725154984 0.6085806194501846 1 0 0 0.9961132727343347 0.08808148433406987 2.9652010970274527
cell 60.9521592531535 51.82593246966908 0.0 1.6431676725154984 0.6085806194501846 1 0 0 0.8104414432579413 0.5858196540318403 1.8898105418080162
cell 63.64466164793928 21.55592409795524 0.0 1.6431676725154984 0.6085806194501846 1 0 0 0.3055527631558196 -0.9521751461405846 5.662147503157729
cell 61.533828459080944 58.54550219522718 0.0 1.6431676725154984 0.6085806194501846 1 0 0 0.8303445769344138 0.5572502880713561 1.9594515039698646
cell 4.301742207081935 56.90882703284403 0.0 1.6431676725154984 0.6085806194501846 1 0 0 0.9709568168024524 0.23925480121587714 2.658396075058071
cell 35.41587428436953 18.722779536112515 0.0 1.6431676725154984 0.6085806194501846 1 0 0 0.8915719934490365 0.4528789910089793 2.201609016565077
cell 29.995720921125542 9.089050831035701 0.0 1.6431676725154984 0.6085806194501846 1 0 0 -0.8583041611329559 -0.5131412739020832 2.063911325373553
cell 10.699899483407561 23.475927949323975 0.0 1.6431676725154984 0.6085806194501846 1 0 0 0.8960850509027746 0.4438823960787045 2.221739318418826
cell 6.559116733012424 25.102472193891803 0.0 1.6431676725154984 0.6085806194501846 1 0 0 0.877111137158868 0.48028746920139137 2.139627796638794
cell 55.889098372659966 1.2539858661118273 0.0 1.6431676725154984 0.6085806194501846 1 0 0 0.7944236140100922 0.6073640765662257 1.836115987584406
cell 62.23882426886404 53.79147054845577 0.0 1.6431676725154984 0.6085806194501846 1 0 0 0.8146067877823621 0.580013604408467 1.9041018712773958
cell 8.295435537823689 33.915952730731846 0.0 1.6431676725154984 0.6085806194501846 1 0 0 0.9590761924843199 0.2831481184994524 2.5674427036735805
cell 65.11618989167498 63.780504356537165 0.0 1.6431676725154984 0.6085806194501846 1 0 0 0.9612996689193928 0.2755048938503013 2.583362887726182
cell 66.86605138931387 52.90467067232184 0.0 1.6431676725154984 0.6085806194501846 1 0 0 0.8890833569866068 0.4577453269334662 2.1906774821537733
cell 11.958105593955366 31.205758603837015 0.0 1.6431676725154984 0.6085806194501846 1 0 0 0.9933850636478119 0.11483081172504525 2.911423287403766
cell 11.291679818678135 15.70557428740916 0.0 1.6431676725154984 0.6085806194501846 1 0 0 0.9185471257943473 0.3953114945140649 2.328778767886591
cell 59.86363152666525 39.47658760310589 0.0 1.6431676725154984 0.6085806194501846 1 0 0 0.7984352914133307 0.6020806303359291 1.8493837712805146
cell 56.04206433839872 42.8113151883386 0.0 1.6431676725154984 0.6085806194501846 1 0 0 -0.7869568490017596 -0.6170080370702004 1.811722513209423
cell 51.46780367048405 11.90520098582914 0.0 1.6431676725154984 0.6085806194501846 1 0 0 0.9196072717986103 0.3928389818425824 2.3341591889949393
cell 30.588202364564367 20.238178862583357 0.0 1.6431676725154984 0.6085806194501846 1 0 0 0.9609017669695609 0.2768894982385135 2.58048159938067
cell 66.80290693668802 54.367754010221205 0.0 1.6431676725154984 0.6085806194501846 1 0 0 0.9024381269288412 0.4308194831540986 2.2507913392987002
cell 18.135167997720448 34.91726121493717 0.0 1.6431676725154984 0.6085806194501846 1 0 0 0.9052410927267148 0.4248982984655779 2.263893583208794
cell 44.229714513036164 26.40759732693307 0.0 1.6431676725154984 0.6085806194501846 1 0 0 0.9286363005365152 0.37099140330451724 2.381439885903909
cell 44.0789263402379 20.09701992099023 0.0 1.6431676725154984 0.6085806194501846 1 0 0 0.7196060859640894 0.694382517812368 1.606469730506356
cell 37.902389408330954 2.611568259510777 0.0 1.6431676725154984 0.6085806194501846 1 0 0 0.7853080966791982 0.619105155276626 1.8063872369417837
cell 66.11719759965526 18.573228500119686 0.0 1.6431676725154984 0.6085806194501846 1 0 0 0.23521072618442815 -0.971944398763527 5.808314564585929
cell 65.41340167228137 62.51408026497225 0.0 1.6431676725154984 0.6085806194501846 1 0 0 0.9424806177884657 0.3342608040035085 2.4599510297010374
cell 48.97836041088144 23.85940041841866 0.0 1.6431676725154984 0.6085806194501846 1 0 0 0.8661092180638008 0.49985480130224963 2.094730408195825
cell 62.50774047136191 44.69727692477538 0.0 1.6431676725154984 0.6085806194501846 1 0 0 0.8967260034235395 0.4425861213188303 2.224631479376567
cell 35.849416783854934 36.33223859761722 0.0 1.6431676725154984 0.6085806194501846 1 0 0 0.9937221248481757 0.11187644339728864 2.917370356928763
cell 43.06496555441396 11.686493839817556 0.0 1.6431676725154984 0.6085806194501846 1 0 0 0.6563653478690504 0.7544431921070932 1.4319818828991424
cell 42.533398075182355 55.53728968626275 0.0 1.6431676725154984 0.6085806194501846 1 0 0 0.955784436138688 0.2940682091540161 2.5446317019487865
cell 25.530081202321803 17.339942576176618 0.0 1.6431676725154984 0.6085806194501846 1 0 0 -0.967483651172547 -0.25293355790372585 2.6301702308813635
cell 14.283720065742635 27.41359145833541 0.0 1.6431676725154984 0.6085806194501846 1 0 0 0.9648952677635917 0.2626349600632536 2.6100886194372066
cell 57.56770631765997 54.65724418417128 0.0 1.6431676725154984 0.6085806194501846 1 0 0 0.7597185688769583 0.6502520250668554 1.7257604047458792
cell 32.511033878805286 34.64244210945079 0.0 1.6431676725154984 0.6085806194501846 1 0 0 -0.9306565754785748 -0.36589388969821807 2.3924064224837718
cell 35.555290939295965 7.249030330859462 0.0 1.6431676725154984 0.6085806194501846 1 0 0 0.7976058764068543 0.6031789667430835 1.846631119893018
cell 5.416472150106896 42.00042998210793 0.0 1.6431676725154984 0.6085806194501846 1 0 0 0.5951172591139141 0.8036388790400465 1.2748231020484724
cell 36.649010097130365 13.966935512819738 0.0 1.6431676725154984 0.6085806194501846 1 0 0 0.8997714416471116 0.43636149325562446 2.2384908993739
cell 8.770749503095853 17.778369786617713 0.0 1.6431676725154984 0.6085806194501846 1 0 0 0.9323265888630219 0.36161738301558694 2.40158846825419
cell 2.138495985228499 20.128320043727186 0.0 1.6431676725154984 0.6085806194501846 1 0 0 0.8818455043226494 0.47153844647698895 2.1595235697746555
cell 35.28308272078063 12.151158296996735 0.0 1.6431676725154984 0.6085806194501846 1 0 0 -0.8878578459614047 -0.4601178602975269 2.1853367720609764
cell 19.619209974210776 32.44861416956369 0.0 1.6431676725154984 0.6085806194501846 1 0 0 0.9227444272404861 0.38541240508918134 2.3502832255343904
cell 58.21327941659891 13.712018078101135 0.0 1.6431676725154984 0.6085806194501846 1 0 0 0.9012394797630999 0.43332135894314866 2.245242954875228
cell 27.916967892266605 39.44750031012083 0.0 1.6431676725154984 0.6085806194501846 1 0 0 0.9993389375240435 0.036355026451866425 3.0688665744857193
cell 22.93195846233695 24.628958969650903 0.0 1.6431676725154984 0.6085806194501846 1 0 0 0.9995304101893279 0.03064243963449866 3.080298179600254
cell 1.2264124182361367 36.007856113875384 0.0 1.0 1.0 1 0 0 0.0 1.0 0
cell 60.37308971905182 1.0743829404424452 0.0 1.6431676725154984 0.6085806194501846 1 0 0 0.8973750320522573 0.44126868441937966 2.2275687424104857
cell 59.79928135722312 36.70982431227466 0.0 1.6431676725154984 0.6085806194501846 1 0 0 0.7649038000694087 0.6441445308619627 1.7417839438465479
cell 41.80798958873022 21.90545734550348 0.0 1.6431676725154984 0.6085806194501846 1 0 0 0.7312029221707352 0.6821600153988635 1.6401673797406668
cell 0.3341428150768803 34.26203416103651 0.0 1.6431676725154984 0.6085806194501846 1 0 0 0.7706257578012947 0.6372879580010753 1.7596449540909964
cell 31.402992474366634 17.10885415751923 0.0 1.6431676725154984 0.6085806194501846 1 0 0 0.940872860551965 0.3387598858731104 2.45039557797498
cell 50.56916782747646 56.654138337701795 0.0 1.6431676725154984 0.6085806194501846 1 0 0 0.7806306940223909 0.6249925755959987 1.791348609341001
cell 22.587751697955486 31.44174757481942 0.0 1.6431676725154984 0.6085806194501846 1 0 0 0.9018796873138447 0.43198730260353907 2.2482023956499706
cell 49.560744368497865 13.239146004093518 0.0 1.6431676725154984 0.6085806194501846 1 0 0 0.7330303061570017 0.6801959792996224 1.6455327406226634
cell 47.30574190515389 52.69342484406501 0.0 1.6431676725154984 0.6085806194501846 1 0 0 0.8812033828824838 0.47273734567565817 2.1568035113064608
cell 16.399353338003678 20.547339236936065 0.0 1.6431676725154984 0.6085806194501846 1 0 0 0.9366417607054639 0.3502887553184779 2.425833906035224
cell 55.403982056478526 58.33025193372341 0.0 1.6431676725154984 0.6085806194501846 1 0 0 0.7336213122195541 0.6795585112830679 1.6472713074872827
cell 15.388185492369507 22.353503786436054 0.0 1.6431676725154984 0.6085806194501846 1 0 0 0.945761666300716 0.3248613097247702 2.4798624928022712
cell 31.606472271434853 38.074341607348074 0.0 1.6431676725154984 0.6085806194501846 1 0 0 0.9995937023414059 -0.028503161919351514 3.198606699195412
cell 2.1665288906394675 32.40954337988847 0.0 1.6431676725154984 0.6085806194501846 1 0 0 0.9047333979683279 0.4259782607137168 2.2615068929531494
cell 2.2749114564591255 29.18877649686782 0.0 1.6431676725154984 0.6085806194501846 1 0 0 0.9029779054874392 0.42968698165236213 2.253300459264101
cell 26.731759427998615 37.530818994471204 0.0 1.6431676725154984 0.6085806194501846 1 0 0 0.9710258436840394 0.23897449842545823 2.6589734289020073
cell 19.630636942115686 44.61061114846644 0.0 1.6431676725154984 0.6085806194501846 1 0 0 0.9770825771463878 0.21286060564832857 2.7125891898244077
cell 58.003339934306375 1.5273445025818306 0.0 1.6431676725154984 0.6085806194501846 1 0 0 0.8687438005136454 0.49526175813311835 2.10532042911086
cell 42.16551815693781 30.73887419616412 0.0 1.6431676725154984 0.6085806194501846 1 0 0 0.9768574325056231 0.21389145976060417 2.7104788813982705
cell 3.105871492084926 49.9418898157585 0.0 1.6431676725154984 0.6085806194501846 1 0 0 0.8939387379486848 0.4481891707691214 2.212115387369525
cell 34.934894171512575 56.20110651055239 0.0 1.6431676725154984 0.6085806194501846 1 0 0 0.2526270540803886 -0.9675637299664888 5.772396468586484
cell 50.31521990927103 21.35646721298939 0.0 1.6431676725154984 0.6085806194501846 1 0 0 0.8772791872596479 0.4799804450194316 2.1403278100270398
cell 21.929032834193716 30.45153904293524 0.0 1.6431676725154984 0.6085806194501846 1 0 0 0.8842794978962419 0.46695799554175144 2.1698975595200194
cell 3.240010157177611 51.893221994274654 0.0 1.6431676725154984 0.6085806194501846 1 0 0 0.9433085195995191 0.33191721385153217 2.4649220816579818
cell 36.59118540093064 39.45801686706641 0.0 1.6431676725154984 0.6085806194501846 1 0 0 0.9972799789016044 0.0737064697432698 2.9940459130800963
cell 55.38172074359298 20.100051982792568 0.0 1.6431676725154984 0.6085806194501846 1 0 0 0.9671757535045016 0.25410836631838707 2.6277412591100635
cell 36.47649800035301 35.10491799990278 0.0 1.6431676725154984 0.6085806194501846 1 0 0 0.9997065143462465 0.024225713068518794 3.0931364869634197
cell 28.468615974495073 18.34045050789172 0.0 1.6431676725154984 0.6085806194501846 1 0 0 0.9896780457158408 0.14330863835817445 2.853985137037803
cell 63.64097709088036 61.37940705531735 0.0 1.6431676725154984 0.6085806194501846 1 0 0 0.8731757588046728 0.48740547210293395 2.1233608322278097
cell 31.76949602517793 32.94997066842182 0.0 1.6431676725154984 0.6085806194501846 1 0 0 0.9033476394355296 0.42890913061656355 2.255022963803559
cell 63.92775396966336 41.92250226497153 0.0 1.6431676725154984 0.6085806194501846 1 0 0 0.8732137621107099 0.4873373838117291 2.1235167843572857
cell 61.65553772491615 52.76424356401313 0.0 1.6431676725154984 0.6085806194501846 1 0 0 0.8098332393738298 0.5866601438697616 1.8877356102632767
cell 12.822541050224288 22.032107098852315 0.0 1.6431676725154984 0.6085806194501846 1 0 0 0.9209601471300567 0.38965678153752725 2.3410748761936047
cell 19.814316799806058 46.04078258667272 0.0 1.6431676725154984 0.6085806194501846 1 0 0 0.9992689704053486 -0.03822989386637922 3.218071078228195
cell 32.33580362141036 3.018828738711408 0.0 1.6431676725154984 0.6085806194501846 1 0 0 0.77726247930291 0.6291764762512131 1.7806061767581636
cell 66.26668014886926 37.377215467960724 0.0 1.6431676725154984 0.6085806194501846 1 0 0 0.8584172771114569 0.5129520234452265 2.0643522832409715
cell 20.353233991316415 33.19802095614625 0.0 1.6431676725154984 0.6085806194501846 1 0 0 0.9052900116147288 0.42479406171768 2.2641238730890016
cell 12.532134956914488 46.54197249698395 0.0 1.6431676725154984 0.6085806194501846 1 0 0 0.9472519452509635 0.32048986289470344 2.48909948726011
cell 66.39367465581475 15.213168462873357 0.0 1.6431676725154984 0.6085806194501846 1 0 0 0.9589205499312724 -0.2836747766712897 3.716840953981696
cell 33.482407847002165 18.45516960774369 0.0 1.6431676725154984 0.6085806194501846 1 0 0 0.9330289850088602 0.35980121335723164 2.4054829945523606
cell 51.51896004830834 16.641378009357105 0.0 1.6431676725154984 0.6085806194501846 1 0 0 0.9008745740116331 0.43407948799656354 2.243560200097077
cell 43.68742022206912 49.67144366730041 0.0 1.6431676725154984 0.6085806194501846 1 0 0 0.7890204864777961 0.614366887062073 1.8184260297538513
cell 5.413121031456939 58.61400288851929 0.0 1.6431676725154984 0.6085806194501846 1 0 0 0.9890818022256185 0.14736752866938643 2.8457802310755187
cell 49.53697611613062 19.01824830616168 0.0 1.6431676725154984 0.6085806194501846 1 0 0 0.9111503161660565 0.41207414545260584 2.2921340601786033
cell 61.00547152102614 55.88085427742253 0.0 1.6431676725154984 0.6085806194501846 1 0 0 0.8008818783844821 0.5988223583629319 1.8575329177454365
cell 55.21355632420008 50.12418303097178 0.0 1.6431676725154984 0.6085806194501846 1 0 0 0.8284296015527186 0.5600932023076194 1.9525960525416692
cell 38.87151646640029 9.184874556887578 0.0 1.6431676725154984 0.6085806194501846 1 0 0 -0.9005597519275024 -0.43473225462148 2.242110762641719
cell 17.56039166760076 18.29591718961099 0.0 1.6431676725154984 0.6085806194501846 1 0 0 0.8969064550313818 0.4422203194370877 2.2254472582725087
cell 11.178665769751193 45.22263398847047 0.0 1.6431676725154984 0.6085806194501846 1 0 0 0.930130039118556 0.36723032327044236 2.389533587238822
cell 49.07526419748533 66.37270920939204 0.0 1.6431676725154984 0.6085806194501846 1 0 0 -0.6159792513766771 -0.787762376528245 1.3272568858255882
cell 59.8901223779134 57.93669836432111 0.0 1.6431676725154984 0.6085806194501846 1 0 0 0.7852068964691077 0.6192335017885837 1.8060603466867222
cell 6.753518361635629 22.049658978002412 0.0 1.6431676725154984 0.6085806194501846 1 0 0 0.9201512336614903 0.3915631586235322 2.3369330813525444
cell 6.098763941670687 18.022204892828817 0.0 1.6431676725154984 0.6085806194501846 1 0 0 0.8445034146183614 0.5355501682362989 2.0112744892183185
cell 60.768457263501574 31.2514052740141 0.0 1.6431676725154984 0.6085806194501846 1 0 0 0.7886339483738656 0.614862989187223 1.8171682077673914
cell 10.472274727697084 17.849246341845355 0.0 1.6431676725154984 0.6085806194501846 1 0 0 0.9382058543642746 0.3460777005769101 2.4348182045485243
cell 19.123075110014202 12.428730909309744 0.0 1.6431676725154984 0.6085806194501846 1 0 0 0.8887721678435497 0.45834924857217446 2.1893187179413953
cell 24.70859983668948 42.923630826286086 0.0 1.6431676725154984 0.6085806194501846 1 0 0 0.997608667149181 0.0691154630226454 3.0032514366555825
cell 54.22880407947572 18.564462152525756 0.0 1.6431676725154984 0.6085806194501846 1 0 0 0.9302042106880521 0.3670424041145897 2.3899376418440266
cell 59.328231053025156 26.01418238226073 0.0 1.6431676725154984 0.6085806194501846 1 0 0 0.9981903293701251 0.06013373721931112 3.0212525784230166
cell 0.24524336398286814 64.9705190300018 0.0 1.0 1.0 1 0 0 0.0 1.0 0
cell 65.83225668916879 24.68545636995118 0.0 1.6431676725154984 0.6085806194501846 1 0 0 0.8304552320368944 0.5570853683077198 1.959848709610673
cell 40.085883277142784 17.957736753238088 0.0 1.6431676725154984 0.6085806194501846 1 0 0 0.6797547381273135 0.7334394971594231 1.494856366442011
cell 8.168364144184851 41.74801790870422 0.0 1.0 1.0 1 0 0 0.0 1.0 0
cell 61.846557377233545 6.194270257077892 0.0 1.6431676725154984 0.6085806194501846 1 0 0 0.9050804314197868 0.42524041748283126 2.2631376533728678
cell 65.18181848295536 9.027571998874349 0.0 1.6431676725154984 0.6085806194501846 1 0 0 0.9464500032216993 0.32285041644954626 2.4841133756196543
cell 63.63939444367235 30.9690440979568 0.0 1.6431676725154984 0.6085806194501846 1 0 0 0.8708854805399622 0.49148599144296995 2.114002188615132
cell 24.534758851023778 9.162303140267271 0.0 1.6431676725154984 0.6085806194501846 1 0 0 0.8368339389265119 0.5474568098587677 1.9829483652195714
cell 53.5471728832589 16.36065086654345 0.0 1.6431676725154984 0.6085806194501846 1 0 0 0.8912803227910824 0.4534527386679058 2.2003217587616266
cell 22.814638484519524 10.53776530882347 0.0 1.6431676725154984 0.6085806194501846 1 0 0 0.8429083495772413 0.5380571663057478 2.0053316689107645
cell 6.04214025584268 57.30129908526555 0.0 1.6431676725154984 0.6085806194501846 1 0 0 0.9915704295919264 0.12956883560055063 2.881724378575268
cell 37.952478220848 34.11097567843072 0.0 1.6431676725154984 0.6085806194501846 1 0 0 0.9981186487137433 0.06131201423743083 3.0188916675735835
cell 9.842030684387064 15.476092158852401 0.0 1.6431676725154984 0.6085806194501846 1 0 0 0.915612373536412 0.4020621611480219 2.3140567414661133
cell 54.36816691306157 8.869242154959261 0.0 1.6431676725154984 0.6085806194501846 1 0 0 0.9054155445643658 0.4245264322291522 2.264715089006279
cell 42.38973923115443 58.60631712477777 0.0 1.6431676725154984 0.6085806194501846 1 0 0 0.6819923399386155 0.731359315429189 1.5009666938168986
cell 35.754177558317366 2.028274649967414 0.0 1.6431676725154984 0.6085806194501846 1 0 0 0.7584083371720722 0.6517797128692273 1.7217352148078797
cell 41.052423280054136 26.395222245695283 0.0 1.6431676725154984 0.6085806194501846 1 0 0 0.8515623506308858 0.5242533385568472 2.037916528363164
cell 46.86194879276951 34.508541950820344 0.0 1.6431676725154984 0.6085806194501846 1 0 0 0.9923488035650637 0.12346599557362554 2.8940289536309787
cell 57.10971940209822 28.754250536556274 0.0 1.6431676725154984 0.6085806194501846 1 0 0 0.19817964073302838 -0.980165715580242 5.884184556204286
cell 53.078854080089265 47.677464864645906 0.0 1.6431676725154984 0.6085806194501846 1 0 0 0.8498476074461799 0.5270285040849343 2.0313921441515244
cell 34.121677101316834 38.831643377119214 0.0 1.6431676725154984 0.6085806194501846 1 0 0 0.9998589776676725 0.01679359334260299 3.10800388796772
cell 1.5087577309779432 24.02498184328573 0.0 1.6431676725154984 0.6085806194501846 1 0 0 0.8923424924837025 0.45135892160006486 2.205017406491856
cell 7.6005276512362485 43.96926741410848 0.0 1.6431676725154984 0.6085806194501846 1 0 0 0.8891829738825825 0.45755178827901727 2.1911128244876523
cell 30.434814571749296 57.202924443739136 0.0 1.6431676725154984 0.6085806194501846 1 0 0 0.8728066033291129 0.48806621803306216 2.1218470806277585
cell 14.041086892243326 25.336695242082843 0.0 1.6431676725154984 0.6085806194501846 1 0 0 0.969993110010133 0.24313240535327643 2.6504049385013917
cell 63.70824061664461 51.41047019086469 0.0 1.6431676725154984 0.6085806194501846 1 0 0 0.8714830571154363 0.49042561226014014 2.1164365279159183
cell 16.661938726527456 37.69316168752286 0.0 1.6431676725154984 0.6085806194501846 1 0 0 0.8587428650785706 0.5124067638865122 2.0656224257908513
cell 40.609683048671116 28.353494180080407 0.0 1.6431676725154984 0.6085806194501846 1 0 0 0.9014539767944031 0.43287495621894745 2.2462334787237563
cell 64.90154525056506 51.24302481576201 0.0 1.6431676725154984 0.6085806194501846 1 0 0 -0.8694066329475125 -0.4940972642981027 2.108000274625658
cell 51.15111474731433 50.41542036444128 0.0 1.6431676725154984 0.6085806194501846 1 0 0 0.8470936001508371 0.5314437247569057 2.0209846870423114
cell 65.73689397549784 0.992714466695427 0.0 1.6431676725154984 0.6085806194501846 1 0 0 0.8956648184286092 0.4447297303185908 2.219847683450747
cell 2.6663493597750203 35.18764637155619 0.0 1.6431676725154984 0.6085806194501846 1 0 0 0.8384811804278054 0.5449305552713979 1.988980072671896
cell 7.7426972546967 17.099892849753303 0.0 1.6431676725154984 0.6085806194501846 1 0 0 0.8458083158744583 0.5334869190501418 2.01615701620841
cell 37.08934784931281 5.7929009235130735 0.0 1.6431676725154984 0.6085806194501846 1 0 0 0.8169386734910133 0.5767245475569281 1.9121655200671819
cell 45.85740871138007 41.90903818179451 0.0 1.6431676725154984 0.6085806194501846 1 0 0 0.9173829751328897 0.39800562425213026 2.3229089849294713
cell 60.06806267111175 44.74053797561524 0.0 1.6431676725154984 0.6085806194501846 1 0 0 -0.8940319627128678 -0.4480031803991769 2.212531480025193
cell 5.296475673862799 63.14247288940634 0.0 1.6431676725154984 0.6085806194501846 1 0 0 0.8646456823123134 0.5023821693279669 2.088889335658682
cell 37.158156648426214 0.817030563133636 0.0 1.6431676725154984 0.6085806194501846 1 0 0 0.7937568657610635 0.6082351831793135 1.833922013947714
cell 40.926538397599586 53.17637628985912 0.0 1.6431676725154984 0.6085806194501846 1 0 0 0.8276086703354465 0.5613055217843436 1.949667812824657
cell 22.839483047342934 25.83593937249944 0.0 1.6431676725154984 0.6085806194501846 1 0 0 0.9999443758151394 -0.010547287597824608 3.162687619916995
cell 30.385486354430267 41.378704405222955 0.0 1.6431676725154984 0.6085806194501846 1 0 0 0.9999279425703115 -0.01200456859298848 3.165602367471297
cell 29.350586535718286 19.55270936785163 0.0 1.6431676725154984 0.6085806194501846 1 0 0 0.9046581229451294 0.4261381003728663 2.2611535373484917
cell 22.97836387982771 19.69224785093787 0.0 1.6431676725154984 0.6085806194501846 1 0 0 0.9991630277565029 0.04090530484494556 3.0597592118526253
cell 26.01549322399691 30.069484208863873 0.0 1.6431676725154984 0.6085806194501846 1 0 0 0.9355867500048657 0.3530969175953436 2.419834296147963
cell 47.24570481639941 12.725127864963298 0.0 1.6431676725154984 0.6085806194501846 1 0 0 0.6980175375646281 0.7160806639284523 1.5452505138969352
cell 25.904173248291166 14.235675718136653 0.0 1.6431676725154984 0.6085806194501846 1 0 0 -0.9068053882245145 -0.4215495082276666 2.2712858580994766
cell 53.88980269939328 4.990850842469273 0.0 1.6431676725154984 0.6085806194501846 1 0 0 0.7823063915258714 0.6228938190235717 1.7967199203946578
cell 44.67476671427112 46.563765471952856 0.0 1.6431676725154984 0.6085806194501846 1 0 0 0.8812231590314162 0.4727004802056914 2.1568871811084858
cell 53.605904385361086 24.323453546221117 0.0 1.6431676725154984 0.6085806194501846 1 0 0 0.978264674729693 0.20736013641972703 2.7238413184979966
cell 61.27026320007682 8.228042504280639 0.0 1.6431676725154984 0.6085806194501846 1 0 0 0.9032789195176185 0.4290538352643915 2.254702577397633
cell 66.34948107121339 50.64056690094789 0.0 1.6431676725154984 0.6085806194501846 1 0 0 -0.8918477827424284 -0.45233564132999105 2.2028276857072058
cell 35.03898542577933 23.283313236226356 0.0 1.6431676725154984 0.6085806194501846 1 0 0 0.7780040791102851 0.6282592242759012 1.7829652627013433
cell 54.697429793731914 64.70236939922152 0.0 1.6431676725154984 0.6085806194501846 1 0 0 0.7763041961177964 0.6303584655494854 1.7775628852434642
cell 41.38853921214439 54.79701914414679 0.0 1.6431676725154984 0.6085806194501846 1 0 0 0.9069864002213303 0.4211599100265278 2.2721450486584565
cell 51.985301300034024 27.16596701338722 0.0 1.6431676725154984 0.6085806194501846 1 0 0 0.9841551514066724 0.1773094412593692 2.7850888583431415
cell 62.40954492991109 63.628257814564556 0.0 1.6431676725154984 0.6085806194501846 1 0 0 0.8871677453660577 0.4614470625999323 2.1823414303364452
cell 47.322455740812806 21.039886597368806 0.0 1.6431676725154984 0.6085806194501846 1 0 0 0.9469754313466063 0.32130597944312955 2.4873761112641524
cell 62.99487301775144 55.60480237093485 0.0 1.6431676725154984 0.6085806194501846 1 0 0 0.8495036159001071 0.5275827959407349 2.030087430144136
cell 1.884114318918471 39.00760344053607 0.0 1.6431676725154984 0.6085806194501846 1 0 0 0.9121027469779389 0.40996167986203047 2.2967685559335
cell 64.82357275486572 27.78617972354728 0.0 1.6431676725154984 0.6085806194501846 1 0 0 -0.8113832882326039 -0.5845144648140431 1.8930296046591053
cell 2.747651481765438 41.43199251973611 0.0 1.6431676725154984 0.6085806194501846 1 0 0 0.9901349722498516 0.14011686810582635 2.860433761141589
cell 54.2148352638724 27.97363413002073 0.0 1.6431676725154984 0.6085806194501846 1 0 0 0.23794059388933425 -0.9712797093420571 5.802695313779556
cell 44.24377259223487 17.082699822988797 0.0 1.6431676725154984 0.6085806194501846 1 0 0 0.6714330058262685 0.7410652593983219 1.4722816167535084
cell 1.3859026617056731 40.70064505191123 0.0 1.6431676725154984 0.6085806194501846 1 0 0 0.9510432548763222 0.30905780584584946 2.5131882988335494
cell 44.23255508372011 10.711585553327863 0.0 1.6431676725154984 0.6085806194501846 1 0 0 0.71764228109026 0.6964119157449621 1.6008217252473884
cell 53.38449633473803 44.89539513218785 0.0 1.6431676725154984 0.6085806194501846 1 0 0 0.7976510917492338 0.603119172163558 1.8467810507961668
cell 43.35175613467003 38.063845080193126 0.0 1.6431676725154984 0.6085806194501846 1 0 0 0.9474876955266118 0.3197922244609311 2.4905722772672054
cell 65.25379434416482 55.06008556310891 0.0 1.6431676725154984 0.6085806194501846 1 0 0 -0.8616488562864225 -0.5075049245675355 2.077019425656289
cell 60.63236968948801 5.861966818539597 0.0 1.6431676725154984 0.6085806194501846 1 0 0 0.7769480215312697 0.6295647479319706 1.779606899832749
cell 33.369538058285016 6.893946071754478 0.0 1.6431676725154984 0.6085806194501846 1 0 0 0.8149372140834272 0.5795492533874428 1.9052417018261236
cell 14.049800978229982 26.43828842313511 0.0 1.6431676725154984 0.6085806194501846 1 0 0 0.9720074516065049 0.2349500245188919 2.6672583474596703
cell 64.4192461844052 43.23177530663694 0.0 1.6431676725154984 0.6085806194501846 1 0 0 0.8798350811423868 0.47527910746336155 2.151030190451463
cell 53.03701111819809 20.717931670387546 0.0 1.6431676725154984 0.6085806194501846 1 0 0 0.9423181345234874 0.3347185882919778 2.458979500451231
cell 16.712902453569004 31.364263067449272 0.0 1.6431676725154984 0.6085806194501846 1 0 0 0.9425130637910412 0.33416930526789085 2.460145192124901
cell 15.018553317628381 28.337568170803458 0.0 1.6431676725154984 0.6085806194501846 1 0 0 0.9873646878343075 0.15846442256184992 2.8233221936905077
cell 50.581353133613014 53.009796677717254 0.0 1.6431676725154984 0.6085806194501846 1 0 0 0.8850130496738415 0.4655662164579884 2.1730440799721693
cell 63.73603354377082 24.590338090807393 0.0 1.6431676725154984 0.6085806194501846 1 0 0 -0.43558665705939453 0.9001468014673059 5.381805489282369
cell 33.01838897545589 22.062837303630154 0.0 1.6431676725154984 0.6085806194501846 1 0 0 0.8836760526193107 0.46809895751555913 2.1673161330467643
cell 7.324278919533701 40.533676311202335 0.0 1.6431676725154984 0.6085806194501846 1 0 0 0.9658095351763124 0.2592526600876361 2.6170960014262414
cell 33.68181315830588 26.239871039491895 0.0 1.6431676725154984 0.6085806194501846 1 0 0 0.8625227569974426 0.5060182740391206 2.0804683866495917
cell 22.63206423379251 36.159305461907124 0.0 1.6431676725154984 0.6085806194501846 1 0 0 0.9561556550069237 0.2928589479566584 2.5471616160223736
cell 14.330041995026185 34.10141675068484 0.0 1.6431676725154984 0.6085806194501846 1 0 0 0.8887214873748911 0.45844750831274167 2.1890975981862195
cell 39.05634166083075 45.321911602572406 0.0 1.6431676725154984 0.6085806194501846 1 0 0 0.8669802791178632 0.4983424481425518 2.0982209440931956
cell 61.24983271756478 62.32044964860553 0.0 1.6431676725154984 0.6085806194501846 1 0 0 0.8495473264862755 0.5275124074939106 2.030253142531041
cell 51.26765571147187 2.505172959964029 0.0 1.6431676725154984 0.6085806194501846 1 0 0 0.7122094043422983 0.7019670678645749 1.5852813045833978
cell 31.07538713489965 26.160318094789908 0.0 1.6431676725154984 0.6085806194501846 1 0 0 0.8721584933345573 0.4892234280003308 2.119194397660435
cell 21.44247037089778 16.403047203841698 0.0 1.6431676725154984 0.6085806194501846 1 0 0 0.9078377431454853 0.4193216332608085 2.276196738501222
cell 11.518940699471276 27.174546751122918 0.0 1.6431676725154984 0.6085806194501846 1 0 0 0.9650926624857716 0.2619086726630571 2.611593887640243
cell 13.0776948061791 43.061026033680314 0.0 1.6431676725154984 0.6085806194501846 1 0 0 0.8882874863936328 0.4592878634543719 2.187205981224482
cell 48.742310084978826 3.881630277418305 0.0 1.6431676725154984 0.6085806194501846 1 0 0 0.6462459217124841 0.7631292214756173 1.4053096105644818
cell 30.247452115857925 16.476944115490806 0.0 1.6431676725154984 0.6085806194501846 1 0 0 0.9525885912816665 0.30426136093827316 2.5232667911999695
cell 32.298969365752015 26.318288106665445 0.0 1.6431676725154984 0.6085806194501846 1 0 0 0.8523362564292368 0.5229941739409667 2.0408724891966323
cell 52.298098763385624 10.353287789877053 0.0 1.6431676725154984 0.6085806194501846 1 0 0 0.934474943301928 0.35602890379975943 2.4135628799428765
cell 23.3977065227246 16.29933558056652 0.0 1.6431676725154984 0.6085806194501846 1 0 0 0.9722489624734691 0.23394861608751372 2.6693185867070715
cell 48.11189485906352 49.85471485423715 0.0 1.6431676725154984 0.6085806194501846 1 0 0 0.9236763500760189 0.3831735903089405 2.355133287255058
cell 52.511078407380545 59.8163822838639 0.0 1.6431676725154984 0.6085806194501846 1 0 0 0.7112094125813042 0.702980207015643 1.5824342465905312
cell 56.73080917068775 63.19532088030135 0.0 1.6431676725154984 0.6085806194501846 1 0 0 0.780301789904742 0.6254031633046446 1.7902964492933267
cell 3.0656216502067823 46.638297139958375 0.0 1.6431676725154984 0.6085806194501846 1 0 0 0.8677497357826365 0.49700140447403635 2.1013131679893724
cell 49.8371762726078 5.777216887208235 0.0 1.6431676725154984 0.6085806194501846 1 0 0 0.6690389531056599 0.7432273402043836 1.4658299221342987
cell 49.167436089070506 31.701211493890774 0.0 1.6431676725154984 0.6085806194501846 1 0 0 0.9082082267495529 0.4185185979910961 2.2779654937655383
cell 6.058016940097899 55.19370349165781 0.0 1.6431676725154984 0.6085806194501846 1 0 0 0.9768970837846415 0.21371028916049703 2.7108497992348304
cell 30.703346776093476 40.161386141775104 0.0 1.6431676725154984 0.6085806194501846 1 0 0 0.9976632022833752 -0.06832374996793686 3.278346692304761
cell 7.057492016018015 31.6315547646122 0.0 1.6431676725154984 0.6085806194501846 1 0 0 0.8977518933472299 0.44050146196291323 2.2292783093472774
cell 57.047560882258146 5.219771309642131 0.0 1.6431676725154984 0.6085806194501846 1 0 0 0.9643733900723219 0.2645448251628014 2.606128850603746
cell 59.565420863097025 34.23368111923754 0.0 1.6431676725154984 0.6085806194501846 1 0 0 0.8096860340351801 0.5868632943781551 1.8872338551791268
cell 21.96359555575064 42.985921815979154 0.0 1.6431676725154984 0.6085806194501846 1 0 0 0.9837127589629064 0.1797476226646313 2.780132874977006
cell 58.466373548830674 47.53516802857584 0.0 1.6431676725154984 0.6085806194501846 1 0 0 0.8643377074399223 0.502911848635026 2.087663923561312
cell 43.90296210753661 30.95806439129503 0.0 1.6431676725154984 0.6085806194501846 1 0 0 0.9696593888306834 0.2444599551102505 2.6476672325453503
cell 53.67755745308371 64.7772934486735 0.0 1.6431676725154984 0.6085806194501846 1 0 0 0.6799993822219917 0.733212684135858 1.4955235841928296
cell 9.003313857909218 54.54836700932677 0.0 1.6431676725154984 0.6085806194501846 1 0 0 0.9866233759710776 0.16301629975997362 2.8140984922635406
cell 4.115278093097794 36.607095978370616 0.0 1.6431676725154984 0.6085806194501846 1 0 0 0.9055759128892645 0.4241842359102649 2.26547090994272
cell 37.663982177091576 21.593213599217975 0.0 1.6431676725154984 0.6085806194501846 1 0 0 0.7459372124594689 0.6660162723749302 1.683881851868792
cell 63.29796838824514 53.60016274041575 0.0 1.6431676725154984 0.6085806194501846 1 0 0 0.856018375828639 0.5169453938702799 2.055035250673975
cell 35.97752418556752 28.494094551365936 0.0 1.6431676725154984 0.6085806194501846 1 0 0 0.9186328497422284 0.39511224655086624 2.3292125805017307
cell 61.471283594557455 65.66506820536299 0.0 1.6431676725154984 0.6085806194501846 1 0 0 0.8912709430704064 0.4534711744294098 2.2002803893786385
cell 0.6915788472685219 46.73613415448379 0.0 1.6431676725154984 0.6085806194501846 1 0 0 0.9126189417377062 0.40881128553594176 2.2992903523932857
cell 52.85685202620959 22.022998528746232 0.0 1.6431676725154984 0.6085806194501846 1 0 0 -0.9620788487686069 -0.2727714954904048 2.5890474609801544
cell 10.09973208794329 37.1766579356459 0.0 1.6431676725154984 0.6085806194501846 1 0 0 0.9599568963917443 0.2801477415042461 2.573696633463147
cell 52.730706070619306 40.13629241956206 0.0 1.6431676725154984 0.6085806194501846 1 0 0 -0.06910960608396333 0.9976090729072784 6.144855832199277
cell 13.870352330906305 39.15137957710753 0.0 1.6431676725154984 0.6085806194501846 1 0 0 0.867483386385367 0.4974661539696705 2.1002418433850085
cell 49.51594368007521 33.77025881185482 0.0 1.6431676725154984 0.6085806194501846 1 0 0 0.9869529683931275 -0.16100881398232295 3.4650180894450915
cell 66.64310640221207 45.14104599558385 0.0 1.6431676725154984 0.6085806194501846 1 0 0 0.9155200182150139 0.4022724154693938 2.3135974533853716
cell 1.8042529118238335 34.14887899948851 0.0 1.6431676725154984 0.6085806194501846 1 0 0 0.9016728853433958 0.4324187875619135 2.2472454289240016
cell 5.640100848778672 24.465237704338744 0.0 1.6431676725154984 0.6085806194501846 1 0 0 0.9040346810832319 0.4274591154704027 2.2582320575710524
cell 21.04674480115884 33.95792558877216 0.0 1.6431676725154984 0.6085806194501846 1 0 0 0.9275966818670629 0.3735831845643149 2.3758548551451413
cell 28.128221305995318 11.788523978212305 0.0 1.6431676725154984 0.6085806194501846 1 0 0 0.9022945943180712 0.4311200123682351 2.2501252479538256
cell 50.77962436731741 25.233926250846523 0.0 1.6431676725154984 0.6085806194501846 1 0 0 0.9565077137041514 0.2917070338960941 2.549570641970456
cell 40.935277511591664 12.311180080415797 0.0 1.6431676725154984 0.6085806194501846 1 0 0 0.8212633142118435 0.5705493569620238 1.9272434198465498
cell 51.869272537504756 47.264197823219135 0.0 1.6431676725154984 0.6085806194501846 1 0 0 0.8118117679306677 0.5839192182565014 1.894496456171741
cell 14.371296167055048 19.574268491007114 0.0 1.6431676725154984 0.6085806194501846 1 0 0 0.8854833546560983 0.4646710972580309 2.175066380885071
cell 0.32493433258387483 31.579262356829716 0.0 1.6431676725154984 0.6085806194501846 1 0 0 0.8385907020690383 0.5447619979434666 1.9893821003467331
cell 29.681235707782754 26.048919555727224 0.0 1.6431676725154984 0.6085806194501846 1 0 0 0.9098321500596601 0.4149764556186485 2.285758803387619
cell 7.525666003862608 28.362124734620576 0.0 1.6431676725154984 0.6085806194501846 1 0 0 0.9194489884450858 0.3932093051382539 2.3333537252390517
cell 66.71434156296375 42.34143693937298 0.0 1.6431676725154984 0.6085806194501846 1 0 0 0.9683694024281998 0.249520941888354 2.637221618328309
cell 60.87306407049677 34.031407004249914 0.0 1.6431676725154984 0.6085806194501846 1 0 0 0.7592698728141342 0.6507758909461908 1.7243808923172461
cell 9.239788256053092 30.239502354950062 0.0 1.6431676725154984 0.6085806194501846 1 0 0 0.9510579248194859 0.309012659349181 2.513283239096753
cell 43.434340993504584 8.550172912888259 0.0 1.6431676725154984 0.6085806194501846 1 0 0 0.74875723056688 0.6628443329121975 1.6923703686114402
cell 45.2024876738225 16.189844089343136 0.0 1.6431676725154984 0.6085806194501846 1 0 0 0.6741919872447129 0.738556134857077 1.4797402226686829
cell 66.85393140106355 55.76728745756899 0.0 1.6431676725154984 0.6085806194501846 1 0 0 0.9251556182202652 0.37958804258759127 2.362890710942294
cell 53.50054199592337 54.957295922109246 0.0 1.6431676725154984 0.6085806194501846 1 0 0 0.6852007189055963 0.7283542920936582 1.5097584836143316
cell 15.872544091810516 36.77263505274691 0.0 1.6431676725154984 0.6085806194501846 1 0 0 0.9093997061350694 0.4159232795618076 2.2836769931896588
cell 58.1269720713881 11.735342418004747 0.0 1.6431676725154984 0.6085806194501846 1 0 0 0.8245055391064382 0.5658538821840863 1.9386556227892269
cell 59.746743069105136 43.46211849134961 0.0 1.6431676725154984 0.6085806194501846 1 0 0 0.8991335037945635 0.43767447075893245 2.235571395987163
cell 37.574812517587745 32.72722244493154 0.0 1.6431676725154984 0.6085806194501846 1 0 0 0.9854419636858828 0.17001216487919707 2.7999086261734365
cell 5.389237189328254 46.320354129221876 0.0 1.6431676725154984 0.6085806194501846 1 0 0 0.8984529898237368 0.4390697268962964 2.23246666447717
cell 17.605049978642192 39.7418894619498 0.0 1.6431676725154984 0.6085806194501846 1 0 0 0.9344470691496801 0.35610205694094615 2.4134063123800527
cell 25.158417328236276 34.785823934737664 0.0 1.6431676725154984 0.6085806194501846 1 0 0 0.988292993875079 0.1525678808184515 2.8352605457433775
cell 42.573915848145965 39.81508562377845 0.0 1.6431676725154984 0.6085806194501846 1 0 0 0.11881688369965455 -0.9929161838483159 6.0449888270222365
cell 60.1992334337517 61.4740845370126 0.0 1.6431676725154984 0.6085806194501846 1 0 0 -0.7934334287307423 -0.6086570415041447 1.8328588564514483
cell 15.08041187297509 31.707894129719275 0.0 1.6431676725154984 0.6085806194501846 1 0 0 0.8997213464916313 0.43646477368429865 2.238261322619291
cell 61.33457064819256 60.52704703029087 0.0 1.6431676725154984 0.6085806194501846 1 0 0 0.8279953819907561 0.5607349172309336 1.9510464142602246
cell 15.085261714433242 39.02907339861036 0.0 1.6431676725154984 0.6085806194501846 1 0 0 0.8746501961050785 0.4847546126168864 2.129427471634435
cell 54.883392353457175 42.129371531167564 0.0 1.6431676725154984 0.6085806194501846 1 0 0 0.8434724564685959 0.537172425929359 2.0074302229076872
cell 57.798465815685816 18.008662694493452 0.0 1.6431676725154984 0.6085806194501846 1 0 0 -0.9293328984822818 -0.3692429603912861 2.3852040869423945
cell 44.04091549971172 33.13207017047732 0.0 1.6431676725154984 0.6085806194501846 1 0 0 0.976097109399543 0.217334840791477 2.703426228837672
cell 63.25229706294657 36.655142134972934 0.0 1.6431676725154984 0.6085806194501846 1 0 0 0.8470538660277034 0.5315070536197253 2.020835163192577
cell 59.37996736601287 3.2765970532401507 0.0 1.6431676725154984 0.6085806194501846 1 0 0 0.9319749764482712 0.36252261070758646 2.399646233933945
cell 57.2761415120731 50.47220765978577 0.0 1.6431676725154984 0.6085806194501846 1 0 0 0.8403268484448315 0.5420800566178184 1.9957717864718376
cell 3.945907793677846 43.61368482623836 0.0 1.6431676725154984 0.6085806194501846 1 0 0 0.6162595305207397 0.7875431359883455 1.3279685678171207
cell 33.23923702032165 32.894341616563175 0.0 1.6431676725154984 0.6085806194501846 1 0 0 0.9302766106217552 0.36685886622800784 2.3903322449678734
cell 60.608734729039284 12.819324183763623 0.0 1.6431676725154984 0.6085806194501846 1 0 0 0.9625669740570582 0.271043945615169 2.5926378346287504
cell 55.57364430811981 21.349071037382544 0.0 1.6431676725154984 0.6085806194501846 1 0 0 0.9782679110811758 0.20734486766947646 2.7238725344365626
cell 0.039878531609327784 38.39182027952978 0.0 1.6431676725154984 0.6085806194501846 1 0 0 0.8189142185744779 0.5739159368901967 1.9190331495970498
cell 62.79080852246317 46.026599887397865 0.0 1.6431676725154984 0.6085806194501846 1 0 0 0.8788123777651229 0.4771674807515815 2.146735133922857
cell 34.25708661222366 10.167049480460237 0.0 1.6431676725154984 0.6085806194501846 1 0 0 0.8910633668353928 0.4538789224936253 2.1993653016651025
cell 1.8000678800073788 44.55470767073811 0.0 1.6431676725154984 0.6085806194501846 1 0 0 -0.9506618098484315 -0.31022914643164123 2.5107245299571037
cell 57.95746462517499 51.73066255713456 0.0 1.6431676725154984 0.6085806194501846 1 0 0 0.818786183966104 0.5740985846927559 1.918587041623898
cell 1.7661007216356353 54.9155536333936 0.0 1.6431676725154984 0.6085806194501846 1 0 0 0.944185722800974 0.32941360150850224 2.4702277632722853
cell 19.237915662209613 39.53175226052773 0.0 1.6431676725154984 0.6085806194501846 1 0 0 0.9493904964505949 0.31409820956078827 2.502579369387244
cell 21.909817126844526 45.23066995672857 0.0 1.6431676725154984 0.6085806194501846 1 0 0 0.9997637103525274 -0.021737604793250757 3.185071287747289
cell 16.739203784864984 23.67404034657324 0.0 1.6431676725154984 0.6085806194501846 1 0 0 0.9772442435102404 0.2121171575476578 2.71411083514381
cell 56.97480193167625 66.78536700421496 0.0 1.6431676725154984 0.6085806194501846 1 0 0 0.823679658482711 0.567055394297422 1.9357396594563336
cell 29.756168182965972 3.9244984198619313 0.0 1.6431676725154984 0.6085806194501846 1 0 0 0.7406308479059405 0.6719121573019257 1.6680175152927168
cell 41.1647467431504 19.162049200040993 0.0 1.6431676725154984 0.6085806194501846 1 0 0 0.7088630904369603 0.7053460987459715 1.5757701092698773
cell 13.29738036901869 36.717842719019366 0.0 1.6431676725154984 0.6085806194501846 1 0 0 0.8866126258009308 0.4625127584947021 2.1799382111242678
cell 16.3264573749102 28.946211014154773 0.0 1.6431676725154984 0.6085806194501846 1 0 0 0.987295799251418 0.158893060831818 2.8224539163009736
cell 14.636533142909673 23.91676014484145 0.0 1.6431676725154984 0.6085806194501846 1 0 0 0.9618655910705018 0.2735225488229338 2.587485974527997
cell 12.840810131702968 39.0040800432212 0.0 1.6431676725154984 0.6085806194501846 1 0 0 0.8468469057900371 0.5318367401316312 2.020056637051665
cell 52.86991392413345 32.21440638445429 0.0 1.6431676725154984 0.6085806194501846 1 0 0 -0.9987896169169531 0.049186391805925406 3.24000514601183
cell 42.123633560154325 16.49094471569024 0.0 1.6431676725154984 0.6085806194501846 1 0 0 0.7536430361927449 0.6572839371216834 1.7071743340418912
cell 25.318560240062155 49.76105481937136 0.0 1.6431676725154984 0.6085806194501846 1 0 0 0.444944936840765 -0.8955579284333134 5.360959756897136
cell 24.903156952966235 45.64409310329312 0.0 1.6431676725154984 0.6085806194501846 1 0 0 0.9438036773959694 0.33050660891099426 2.467912056880568
cell 3.416799636361721 48.15210020332282 0.0 1.6431676725154984 0.6085806194501846 1 0 0 0.8876476523748613 0.46052322985208605 2.1844235233036042
cell 46.80291991513943 6.009439626578625 0.0 1.6431676725154984 0.6085806194501846 1 0 0 0.4873209717564371 0.873222921416039 1.0180382794236211
cell 47.43479135090996 2.1981171762589877 0.0 1.6431676725154984 0.6085806194501846 1 0 0 0.6257232525132299 0.7800451341199846 1.3521167633635993
cell 21.160598980264467 39.124008604606516 0.0 1.6431676725154984 0.6085806194501846 1 0 0 0.9677252069297568 0.2520077853415632 2.6320837659247056
cell 51.15565055109784 66.38513603476146 0.0 1.6431676725154984 0.6085806194501846 1 0 0 0.6695654024216394 0.7427531029083272 1.4672470317507655
cell 21.96171553751588 37.684259367665 0.0 1.6431676725154984 0.6085806194501846 1 0 0 0.9660134679780024 0.2584917400713475 2.618671549446313
cell 22.76250229074479 44.08360111194327 0.0 1.6431676725154984 0.6085806194501846 1 0 0 0.9999959895657609 -0.002832110943203269 3.1472568830482084
cell 12.794919208399055 49.0945462298007 0.0 1.6431676725154984 0.6085806194501846 1 0 0 0.9923878158099139 0.12315203218797653 2.8946617093930587
cell 8.585618437355475 53.3388629970829 0.0 1.6431676725154984 0.6085806194501846 1 0 0 0.9578403151777114 0.2873011148956136 2.5587767239464108
cell 52.476534907874075 50.38389836558124 0.0 1.6431676725154984 0.6085806194501846 1 0 0 0.8592522184034065 0.5115521724798211 2.0676121668428964
cell 10.012991081757932 26.207510659833307 0.0 1.6431676725154984 0.6085806194501846 1 0 0 -0.9462896966435097 -0.323319980864676 2.483121027003456
cell 53.7136222832041 0.5751969291874142 0.0 1.6431676725154984 0.6085806194501846 1 0 0 0.7530447634133529 0.6579692882617907 1.7053548433869117
cell 13.786617757691705 22.477261347223937 0.0 1.6431676725154984 0.6085806194501846 1 0 0 0.9390240590959367 0.3438514453059502 2.4395619052775928
cell 26.35542334148529 7.07018834773674 0.0 1.6431676725154984 0.6085806194501846 1 0 0 0.8557972722894658 0.5173113460401868 2.054180130171404
cell 66.79573161977775 16.991656680027916 0.0 1.6431676725154984 0.6085806194501846 1 0 0 0.13606147383834574 -0.9907003963544868 6.010215663905162
cell 39.989030675963186 59.37419435930916 0.0 1.6431676725154984 0.6085806194501846 1 0 0 0.8634240948998445 0.5044787729393421 2.0840362849074108
cell 31.26385714946507 14.53477771974781 0.0 1.6431676725154984 0.6085806194501846 1 0 0 0.9416811499134036 0.3365064812121304 2.4551835491508043
cell 39.252403388346806 33.10804377269564 0.0 1.6431676725154984 0.6085806194501846 1 0 0 -0.9969748546386006 -0.07772476579791777 2.9859861795916185
cell 7.228797814566151 37.05726856486525 0.0 1.6431676725154984 0.6085806194501846 1 0 0 0.9337609379488416 0.35789734668044065 2.4095624380790186
cell 58.02070421679279 46.14835835827937 0.0 1.6431676725154984 0.6085806194501846 1 0 0 0.9022978860174196 0.43111312307617794 2.250140518530717
cell 48.3459147091943 8.645070686378084 0.0 1.6431676725154984 0.6085806194501846 1 0 0 -0.6449889833466249 -0.764191868159749 1.4020177341132936
cell 56.13432099755172 47.15411981026773 0.0 1.6431676725154984 0.6085806194501846 1 0 0 0.8508289641180042 0.5254427407604789 2.035121866525317
cell 65.47713403006871 59.06695306223763 0.0 1.6431676725154984 0.6085806194501846 1 0 0 0.9236633266285126 0.383204983059393 2.355065313290453
cell 41.0267158800138 37.527578758190806 0.0 1.6431676725154984 0.6085806194501846 1 0 0 0.8212122129576214 0.5706229063832317 1.9270643013879984
cell 23.9951510231665 28.819926890735438 0.0 1.6431676725154984 0.6085806194501846 1 0 0 0.8866969152405855 0.46235114415650574 2.1803027596342903
cell 42.41361407662859 51.82213242665203 0.0 1.6431676725154984 0.6085806194501846 1 0 0 0.74548165787299 0.6665261418541198 1.682514376991094
cell 27.770034655671378 40.72679120766867 0.0 1.6431676725154984 0.6085806194501846 1 0 0 0.9986686160853048 0.05158483542924394 3.038377172187053
cell 64.2578817085969 39.954846413373396 0.0 1.6431676725154984 0.6085806194501846 1 0 0 0.9273258969710445 0.3742548340460651 2.374406493989674
cell 43.124494862895524 14.750139275160214 0.0 1.6431676725154984 0.6085806194501846 1 0 0 0.6397457518325586 0.7685866073593752 1.388334840865942
cell 8.423641679469045 38.92060989491279 0.0 1.6431676725154984 0.6085806194501846 1 0 0 0.9597302977105447 0.2809230422311939 2.5720811605107268
cell 46.656787233308954 30.257980939439353 0.0 1.6431676725154984 0.6085806194501846 1 0 0 0.9867510832789809 0.16224148559403004 2.8156690287068318
cell 27.460918570929074 30.209227630966293 0.0 1.6431676725154984 0.6085806194501846 1 0 0 0.9458688864456158 0.3245489942275752 2.4805229082177522
cell 19.622817718921294 36.14018335926885 0.0 1.6431676725154984 0.6085806194501846 1 0 0 0.9376408641723505 0.3476055376919759 2.431560290643033
cell 11.676235595979428 39.24608882174063 0.0 1.6431676725154984 0.6085806194501846 1 0 0 0.7708421354926412 0.6370262177878903 1.7603241513984675
cell 62.27347084370837 49.79744230223572 0.0 1.6431676725154984 0.6085806194501846 1 0 0 0.8339437075937071 0.5518495198556048 1.9724318254881132
cell 35.18395884224921 30.535940368160457 0.0 1.6431676725154984 0.6085806194501846 1 0 0 0.9023622363234807 0.430978415303234 2.2504390961321747
cell 26.383849540971244 32.13013878420598 0.0 1.6431676725154984 0.6085806194501846 1 0 0 0.9546548375050908 0.29771486564854055 2.5369964902654147
cell 54.497221036332974 56.553237235546455 0.0 1.6431676725154984 0.6085806194501846 1 0 0 0.701567689854455 0.7126028182320663 1.555190140208962
cell 26.98803518626605 11.3864175695989 0.0 1.6431676725154984 0.6085806194501846 1 0 0 0.8210000757332666 0.5709280827266868 1.9263209715711562
cell 40.91828020263633 7.352956255295633 0.0 1.6431676725154984 0.6085806194501846 1 0 0 0.8279259270741636 0.5608374624420044 1.950798708743354
cell 25.826450467983438 23.40966577669183 0.0 1.6431676725154984 0.6085806194501846 1 0 0 0.9617138720368286 0.27405552052810495 2.586377683029248
cell 50.28486606004394 8.182186488749437 0.0 1.6431676725154984 0.6085806194501846 1 0 0 0.6964496093089024 0.7176057007113845 1.540875979356333
cell 34.7994909360768 28.20965028288523 0.0 1.6431676725154984 0.6085806194501846 1 0 0 0.8660847187313615 0.4998972494223372 2.094632386561694
cell 31.351091280965452 6.142027496852953 0.0 1.6431676725154984 0.6085806194501846 1 0 0 0.8017164653663005 0.5977045333277684 1.8603229489675253
cell 56.76592586887984 48.88402307350444 0.0 1.6431676725154984 0.6085806194501846 1 0 0 0.8179593916971825 0.5752759629381148 1.9157096780072511
cell 28.914565797685057 36.87665210024857 0.0 1.6431676725154984 0.6085806194501846 1 0 0 0.9562128141973106 0.292672263743696 2.547552093517429
cell 21.28886475762423 26.847952660253334 0.0 1.6431676725154984 0.6085806194501846 1 0 0 0.9991391588720021 -0.04148422843139419 3.224584926206747
cell 62.20795709827953 33.90440909933906 0.0 1.6431676725154984 0.6085806194501846 1 0 0 0.8242016254910589 0.5662964599376339 1.9375818657208512
cell 11.982869155502097 29.207692858902632 0.0 1.6431676725154984 0.6085806194501846 1 0 0 0.9798910921136517 0.19953307394092584 2.7398298745192267
cell 17.215080939547505 13.786150149410517 0.0 1.6431676725154984 0.6085806194501846 1 0 0 0.8475353447345054 0.5307389560092258 2.022648222199491
cell 53.735903531687704 3.0215565415166887 0.0 1.6431676725154984 0.6085806194501846 1 0 0 0.7802437704123883 0.6254755460708757 1.7901109173408611
cell 59.50093624261191 10.974583445566708 0.0 1.6431676725154984 0.6085806194501846 1 0 0 0.8667832390592755 0.49868508749100465 2.097430434106338
cell 16.00167461075691 48.55050505585557 0.0 1.6431676725154984 0.6085806194501846 1 0 0 0.9960272293433039 0.08904919093793914 2.96325804827814
cell 0.3111041835970731 56.88542197136254 0.0 1.6431676725154984 0.6085806194501846 1 0 0 0.9305066090906741 0.3662751021275886 2.391587123182775
cell 2.10969405751893 13.445960756402291 0.0 1.6431676725154984 0.6085806194501846 1 0 0 0.23653307194377746 -0.9716234383117978 5.805593083956162
cell 55.75082192427011 8.486788994415317 0.0 1.6431676725154984 0.6085806194501846 1 0 0 0.8882659694450058 0.45932947600379836 2.187112288463857
cell 57.962932549357056 19.443483823766872 0.0 1.6431676725154984 0.6085806194501846 1 0 0 0.952677705967153 0.30398221749497595 2.5238528372381595
cell 12.319195457960594 36.22319152394086 0.0 1.6431676725154984 0.6085806194501846 1 0 0 0.8533812306173172 0.5212873250234207 2.0448751411265182
cell 50.380969468874575 59.91477438266834 0.0 1.6431676725154984 0.6085806194501846 1 0 0 0.6833815877395301 0.7300613710768424 1.50476915096088
cell 35.380022212561734 31.71786366405365 0.0 1.6431676725154984 0.6085806194501846 1 0 0 0.9265544646313879 0.3761606359943079 2.370294467525903
cell 58.32326462674384 37.25562630213863 0.0 1.6431676725154984 0.6085806194501846 1 0 0 -0.8386405104293836 -0.5446853167350327 1.9895649760476122
cell 45.03218918368839 19.2015341368755 0.0 1.6431676725154984 0.6085806194501846 1 0 0 0.737380954619826 0.6754771112065561 1.6583695625895687
cell 40.75048722924816 24.903511742281424 0.0 1.6431676725154984 0.6085806194501846 1 0 0 0.8444061724491471 0.5357034776159114 2.0109113925070075
cell 65.61018108754439 40.23226110967672 0.0 1.6431676725154984 0.6085806194501846 1 0 0 0.8190575065758559 0.573711426521855 1.9195325730343138
cell 64.84038390990165 44.43309607031648 0.0 1.6431676725154984 0.6085806194501846 1 0 0 0.916838840940011 0.3992574855200302 2.320178974714668
cell 47.923835771264365 14.549697640918383 0.0 1.6431676725154984 0.6085806194501846 1 0 0 0.7366979040049327 0.6762220036605869 1.65634825311547
cell 56.12078839677756 16.189899668379272 0.0 1.6431676725154984 0.6085806194501846 1 0 0 0.9324569510932038 0.3612811015787657 2.402309799016652
cell 64.52643810077645 53.333037434966194 0.0 1.6431676725154984 0.6085806194501846 1 0 0 0.8507607515130585 0.5255531787411584 2.034862255222992
cell 56.47168521993065 56.425459026574615 0.0 1.6431676725154984 0.6085806194501846 1 0 0 0.7574468424285734 0.6528968378656647 1.7187873743829365
cell 27.436334390239452 34.97051444341536 0.0 1.6431676725154984 0.6085806194501846 1 0 0 0.992526051021455 0.12203293835582342 2.8969169079329613
cell 4.100160575805263 33.77329296444393 0.0 1.6431676725154984 0.6085806194501846 1 0 0 0.8299554884388625 0.5578296220264833 1.9580557708883635
cell 55.38452223584608 61.5747407231042 0.0 1.6431676725154984 0.6085806194501846 1 0 0 0.7274620669519908 0.6861479003436047 1.629231695292513
cell 6.429320541704771 34.30830519419474 0.0 1.6431676725154984 0.6085806194501846 1 0 0 0.9360845377591079 0.3517751244308176 2.4226591360724234
cell 57.268686730156496 1.2254904931797188 0.0 1.6431676725154984 0.6085806194501846 1 0 0 0.8369815981258298 0.5472310338410385 1.9834879133629886
cell 56.53844457306575 44.58795901512709 0.0 1.6431676725154984 0.6085806194501846 1 0 0 -0.8479086271401669 -0.5301423959855289 2.02405566475489
cell 16.507424197723466 17.834836341629916 0.0 1.6431676725154984 0.6085806194501846 1 0 0 0.9115710579988183 0.4111425619160766 2.2941784394646927
cell 1.866645460807094 0.4589053061340153 0.0 1.6431676725154984 0.6085806194501846 1 0 0 0.9686051615418287 0.24860418547266616 2.639114790008077
cell 21.28587510332631 11.258956127682696 0.0 1.6431676725154984 0.6085806194501846 1 0 0 0.8285423094615788 0.559926460735759 1.9529985737194615
cell 30.083029767957907 10.978434130245168 0.0 1.6431676725154984 0.6085806194501846 1 0 0 -0.9072171380837137 -0.4206626491230186 2.2732414215417798
cell 32.735004236254674 30.520546030958155 0.0 1.6431676725154984 0.6085806194501846 1 0 0 0.8978361488486674 0.44032970581212627 2.2296609275118606
cell 3.3170857026463882 29.773112302127355 0.0 1.6431676725154984 0.6085806194501846 1 0 0 0.8690844887684172 0.49466367501782355 2.1066970509448364
cell 54.70074643187778 47.19134545944372 0.0 1.6431676725154984 0.6085806194501846 1 0 0 0.8909515473534517 0.4540983817065307 2.1988726925178983
cell 39.22113352305006 7.055010230253311 0.0 1.6431676725154984 0.6085806194501846 1 0 0 0.8892759818205558 0.4573709961913703 2.1915194508794382
cell 4.499598393080747 27.028539865473192 0.0 1.6431676725154984 0.6085806194501846 1 0 0 0.8919897538396093 0.45205561499128977 2.203455604630669
cell 46.09458861620467 49.983499156137896 0.0 1.6431676725154984 0.6085806194501846 1 0 0 0.8591517956529464 0.5117208145330009 2.0672196117714257
cell 33.64826481533588 12.335072992210621 0.0 1.6431676725154984 0.6085806194501846 1 0 0 0.9104748164830583 0.4135645155838947 2.2888614443762902
cell 48.270842637755685 0.667553705308744 0.0 1.6431676725154984 0.6085806194501846 1 0 0 0.6096799830389792 0.7926476633925 1.31131359308467
cell 38.767268025366185 27.18145641292487 0.0 1.6431676725154984 0.6085806194501846 1 0 0 0.8924645008047687 0.4511176285663142 2.2055581776412025
cell 25.78554306779702 24.765653878299084 0.0 1.6431676725154984 0.6085806194501846 1 0 0 0.9574229831402762 0.28868881404511393 2.555878534631373
cell 63.90151369186522 59.52519668852105 0.0 1.6431676725154984 0.6085806194501846 1 0 0 0.8722507160166377 0.4890589825455237 2.119571477656203
cell 47.35027676763119 22.25626901609647 0.0 1.6431676725154984 0.6085806194501846 1 0 0 0.9185299246295442 0.39535146080423655 2.3286917464083006
cell 20.570210115888596 30.309326180569524 0.0 1.6431676725154984 0.6085806194501846 1 0 0 0.9272948060571466 0.3743318616674766 2.3742403627236066
cell 55.0196067029989 5.504706850404676 0.0 1.6431676725154984 0.6085806194501846 1 0 0 0.931052824399704 0.3648844175589496 2.3945753367953224
cell 61.36276623735233 38.793140012438585 0.0 1.6431676725154984 0.6085806194501846 1 0 0 0.8714784375739874 0.49043382106416955 2.1164176891657696
cell 36.94340793843568 29.034015320498458 0.0 1.6431676725154984 0.6085806194501846 1 0 0 0.8676220581713854 0.49722425943878595 2.100799491405943
cell 64.86043335703046 35.46780601120072 0.0 1.6431676725154984 0.6085806194501846 1 0 0 -0.8748175684722557 -0.48445249704412746 2.1301182315921157
cell 65.83699975123012 5.794457168159131 0.0 1.6431676725154984 0.6085806194501846 1 0 0 0.9657733677270297 0.25938735934735013 2.6168170607516408
cell 46.58180396774005 3.4104026840040076 0.0 1.6431676725154984 0.6085806194501846 1 0 0 0.596170061219199 0.8028581805685837 1.277444462475551
cell 27.61848345953496 17.310411127974817 0.0 1.6431676725154984 0.6085806194501846 1 0 0 0.9762367646103457 0.21670666677129335 2.7047132505031124
cell 1.2653834044995294 48.03422085281349 0.0 1.6431676725154984 0.6085806194501846 1 0 0 0.857540728271474 0.5144160761053546 2.0609394903864042
cell 21.305143752598273 35.931293155489534 0.0 1.6431676725154984 0.6085806194501846 1 0 0 0.9460446981412493 0.32403615403043007 2.4816071864612455
cell 53.86287742312968 37.24763552925025 0.0 1.6431676725154984 0.6085806194501846 1 0 0 0.9219333411235433 0.38734856979828947 2.3460848467577353
cell 56.83636004955452 3.7364077959127675 0.0 1.6431676725154984 0.6085806194501846 1 0 0 0.875996301503228 0.4823178202727592 2.1349952222310336
cell 13.404363850952427 33.15500129463793 0.0 1.6431676725154984 0.6085806194501846 1 0 0 0.7955654514145518 0.6058676526400468 1.839880600856008
cell 31.178251470513047 30.505917825573746 0.0 1.6431676725154984 0.6085806194501846 1 0 0 0.9444508574102919 0.3286526706676281 2.471839361411755
cell 59.630196357218225 8.839472788452767 0.0 1.6431676725154984 0.6085806194501846 1 0 0 0.877164087468863 0.48019075756923607 2.139848313079315
cell 54.489145367478926 59.81793231444479 0.0 1.6431676725154984 0.6085806194501846 1 0 0 0.7121610309477127 0.7020161436886556 1.5851434869964964
cell 16.638692463209296 24.831619502037743 0.0 1.6431676725154984 0.6085806194501846 1 0 0 0.9900697027729661 0.14057732267706108 2.8595036460504697
cell 39.39149463357219 23.137575902383368 0.0 1.6431676725154984 0.6085806194501846 1 0 0 0.8075698055740075 0.5897719975763174 1.8800396933387653
cell 49.2011469969558 28.591812100123086 0.0 1.6431676725154984 0.6085806194501846 1 0 0 0.9248863158213426 0.38024374131131156 2.361473016166409
cell 45.43043227443174 31.551539257793042 0.0 1.6431676725154984 0.6085806194501846 1 0 0 0.9890108627639038 0.14784286704132363 2.8448190256250343
cell 1.964688726191539 43.13280035672527 0.0 1.6431676725154984 0.6085806194501846 1 0 0 0.9460757920136313 0.32394535922865164 2.481799129420864
cell 15.61350050271818 1.7861895939468744 0.0 1.6431676725154984 0.6085806194501846 1 0 0 0.862269054377589 0.5064504693084788 2.079466073773424
cell 54.473323724240295 53.26156717952481 0.0 1.6431676725154984 0.6085806194501846 1 0 0 0.7014581773360081 0.7127106183076307 1.5548828042492389
cell 5.789056388929672 36.03381475263631 0.0 1.6431676725154984 0.6085806194501846 1 0 0 0.924426863430448 0.38135937666215025 2.359059936049929
cell 63.778228299572156 32.94261755416109 0.0 1.6431676725154984 0.6085806194501846 1 0 0 0.8483181623975504 0.5294868226372053 2.0256016215095536
cell 0.5605252477551428 61.967013289213796 0.0 1.6431676725154984 0.6085806194501846 1 0 0 0.966289933799017 0.2574563338484632 2.6208149108311454
cell 8.587811295951926 46.99716485602488 0.0 1.6431676725154984 0.6085806194501846 1 0 0 0.9607445553892394 0.2774344954938601 2.5793471611973406
cell 11.184344623422612 24.36932427303518 0.0 1.6431676725154984 0.6085806194501846 1 0 0 0.9400254129921964 0.3411044164604887 2.4454095999322867
cell 4.175424586611071 53.825446951407166 0.0 1.6431676725154984 0.6085806194501846 1 0 0 0.9681621362115188 0.2503239461305062 2.6355629741387236
cell 59.20254884012719 63.528411613397324 0.0 1.6431676725154984 0.6085806194501846 1 0 0 0.7751359156207297 0.6317945174776471 1.773860385850368
cell 17.073424368203522 34.5133857470002 0.0 1.6431676725154984 0.6085806194501846 1 0 0 0.9351690894068813 0.3542016010944961 2.417472291769878
cell 3.704448987735778 63.47337984152215 0.0 1.6431676725154984 0.6085806194501846 1 0 0 0.8877008985687239 0.4604205845531672 2.1846547912396947
cell 30.106700129879297 6.640298283015755 0.0 1.6431676725154984 0.6085806194501846 1 0 0 0.7877152913573866 0.6160394628282734 1.8141828961550563
cell 21.57791730918999 28.288205806261892 0.0 1.6431676725154984 0.6085806194501846 1 0 0 0.9729890464831347 0.2308512842152722 2.675687636130176
cell 55.066711688984796 13.561767368662634 0.0 1.6431676725154984 0.6085806194501846 1 0 0 0.8563762327820427 0.5163523486206263 2.0564205510550004
cell 16.725842379701554 43.02736219942643 0.0 1.6431676725154984 0.6085806194501846 1 0 0 0.9546786697622484 0.2976384341797678 2.5371566120428644
cell 56.09340118952742 3.072457609355524 0.0 1.6431676725154984 0.6085806194501846 1 0 0 0.8252478142450583 0.5647707898641303 1.94128169331582
cell 14.59477585495474 30.54252933956867 0.0 1.6431676725154984 0.6085806194501846 1 0 0 0.9692036888923388 0.24626045041273395 2.643952695287694
cell 7.815171039747571 19.885906823361537 0.0 1.6431676725154984 0.6085806194501846 1 0 0 0.9349565030630842 0.3547623674800487 2.4162728720710005
cell 53.120475649662374 34.612636836431015 0.0 1.6431676725154984 0.6085806194501846 1 0 0 0.24131516439222828 -0.9704467998990732 5.795743630132348
cell 59.98118600865517 63.988580150671396 0.0 1.6431676725154984 0.6085806194501846 1 0 0 0.8192435519911699 0.5734457276158671 1.9201812911738012
cell 46.710397337567606 9.965935142330412 0.0 1.6431676725154984 0.6085806194501846 1 0 0 0.5906249762587203 0.806946180001731 1.2636662341006828
cell 20.015788129265392 5.656291435400495 0.0 1.6431676725154984 0.6085806194501846 1 0 0 0.7444207281442247 0.6677108502257714 1.6793337441306269
cell 66.33517119559858 46.707755976592004 0.0 1.6431676725154984 0.6085806194501846 1 0 0 0.924896272648285 0.3802195219097899 2.3615253885947607
cell 42.600429713046886 34.911429115150774 0.0 1.6431676725154984 0.6085806194501846 1 0 0 0.9741755041820007 0.22579213239558368 2.68608047207966
cell 12.536976855856214 20.76645548147419 0.0 1.6431676725154984 0.6085806194501846 1 0 0 0.884704540877465 0.46615220191563383 2.1717196077753433
cell 51.29132633696063 26.200645490788958 0.0 1.6431676725154984 0.6085806194501846 1 0 0 0.957916679684068 0.2870463983105356 2.5593085587965723
cell 51.223177596450505 28.672770345929244 0.0 1.6431676725154984 0.6085806194501846 1 0 0 -0.9821982913241185 -0.18784705619195113 2.763653212379276
cell 51.461005614884606 58.313742548066344 0.0 1.6431676725154984 0.6085806194501846 1 0 0 0.7265684374629573 0.6870941024944376 1.6266287182176917
cell 0.32267067869680555 50.86451752830272 0.0 1.6431676725154984 0.6085806194501846 1 0 0 0.8590948139196225 0.5118164716931346 2.0669969262511936
cell 28.700335241053388 9.374839335442829 0.0 1.6431676725154984 0.6085806194501846 1 0 0 -0.8332882612620263 -0.5528387410836084 1.9700584998072248
cell 39.92890479983135 31.29671511022653 0.0 1.6431676725154984 0.6085806194501846 1 0 0 0.9505997368693009 0.3104192975058347 2.5103244775310967
cell 66.56533288260228 40.913549488181445 0.0 1.6431676725154984 0.6085806194501846 1 0 0 0.9059593788013485 0.4233646229456057 2.2672806740969
cell 65.70065045110488 52.912830989062826 0.0 1.6431676725154984 0.6085806194501846 1 0 0 0.8571376903894612 0.5150873515374068 2.059373539849084
cell 11.442314395511096 32.4054795590623 0.0 1.6431676725154984 0.6085806194501846 1 0 0 0.9931298023625208 0.1170179287946103 2.90701936126503
cell 13.329481198408622 41.270927412801974 0.0 1.6431676725154984 0.6085806194501846 1 0 0 0.8961862111520603 0.4436781208724573 2.2221952208476323
cell 3.5689279027783805 32.51711943211624 0.0 1.6431676725154984 0.6085806194501846 1 0 0 0.8779293951887512 0.47879011796768894 2.143040483338152
cell 63.61797793084371 6.010094616271106 0.0 1.6431676725154984 0.6085806194501846 1 0 0 0.957003744773882 0.2900755634119611 2.552981063332878
cell 49.571001993690516 20.29099496102858 0.0 1.6431676725154984 0.6085806194501846 1 0 0 0.928931955260219 0.37025048615285633 2.3830353419202517
cell 11.552857425422197 43.482207941567694 0.0 1.6431676725154984 0.6085806194501846 1 0 0 0.9060322817892846 0.4232085825638492 2.2676251356852495
cell 43.94288439247567 51.72708521976719 0.0 1.6431676725154984 0.6085806194501846 1 0 0 -0.90172569366067 -0.43230865523626 2.24748970620535
cell 39.53367205060686 15.244444068033728 0.0 1.6431676725154984 0.6085806194501846 1 0 0 0.8098353677204658 0.5866572058613598 1.8877428660892868
cell 9.832182166376699 36.061700872193775 0.0 1.6431676725154984 0.6085806194501846 1 0 0 0.9803698996996119 0.1971670859017116 2.744657776314303
cell 64.50036791790089 49.02031113376515 0.0 1.6431676725154984 0.6085806194501846 1 0 0 0.8755433115794481 0.4831396377327093 2.1331184336194484
cell 1.3909774798916292 6.693563060152923 0.0 1.6431676725154984 0.6085806194501846 1 0 0 0.8808462839492234 0.4734023912622792 2.155293802317978
cell 15.260142176152717 20.212433118157563 0.0 1.6431676725154984 0.6085806194501846 1 0 0 0.9194834396404716 0.393128737472761 2.3335289740175513
cell 48.6884951462567 22.241559475970462 0.0 1.6431676725154984 0.6085806194501846 1 0 0 0.9047791360852259 0.42588110418856606 2.2617216613468
cell 6.490108471287961 42.63992309708208 0.0 1.6431676725154984 0.6085806194501846 1 0 0 0.8566187550448406 0.5159499089111532 2.0573602845741967
cell 7.107849894990828 26.196993507527647 0.0 1.6431676725154984 0.6085806194501846 1 0 0 0.8800126044433223 0.47495033005660786 2.151777476493594
cell 23.421658528098433 13.823731470245658 0.0 1.6431676725154984 0.6085806194501846 1 0 0 -0.9128989918476729 -0.4081855346328462 2.3006614720455776
cell 54.06369742391214 25.45977577158595 0.0 1.6431676725154984 0.6085806194501846 1 0 0 -0.9759099562870013 -0.21817368590163047 2.7017072902677004
cell 20.127260435289386 59.52640317712654 0.0 1.6431676725154984 0.6085806194501846 1 0 0 0.30631571303467775 -0.9519299784900447 5.660544755855264
cell 20.59066051188543 62.51577749075527 0.0 1.6431676725154984 0.6085806194501846 1 0 0 0.8731093046398962 0.4875245041546495 2.1230881801756953
cell 58.85426500893034 59.64425178746158 0.0 1.6431676725154984 0.6085806194501846 1 0 0 0.7871518093694755 0.6167592958410607 1.812354594675328
cell 58.51110675115466 15.011889209555386 0.0 1.6431676725154984 0.6085806194501846 1 0 0 0.9333789847883223 0.3588922829422791 2.4074309723960177
cell 48.08132446244034 19.4046650606595 0.0 1.6431676725154984 0.6085806194501846 1 0 0 0.9203634099640559 0.39106418092090106 2.3380175121494076
cell 47.08558381493595 8.3304607805547 0.0 1.6431676725154984 0.6085806194501846 1 0 0 0.5147523691113274 0.857338905272749 1.0814375751121523
cell 48.17401351430599 48.07845564063081 0.0 1.6431676725154984 0.6085806194501846 1 0 0 0.8963079386640799 0.44343215838248357 2.222744092906055
cell 9.733786709114128 35.04356736011761 0.0 1.6431676725154984 0.6085806194501846 1 0 0 0.9724611594221719 0.23306499826289898 2.6711360663486032
cell 12.545532842385649 45.236975535533524 0.0 1.6431676725154984 0.6085806194501846 1 0 0 -0.9192452033763187 -0.39368547861158226 2.332317830385408
cell 49.27682495716536 62.118883762550546 0.0 1.6431676725154984 0.6085806194501846 1 0 0 0.7606223827861058 0.6491945708374237 1.7285425545202509
cell 2.696889545387176 55.52518735915128 0.0 1.6431676725154984 0.6085806194501846 1 0 0 0.9578926041844751 0.287126729596331 2.5591408358683565
cell 63.78587474402487 63.056039180445744 0.0 1.6431676725154984 0.6085806194501846 1 0 0 0.9124221687830746 0.4092502729543262 2.2983282098806868
cell 55.20299191997026 15.321784480540252 0.0 1.6431676725154984 0.6085806194501846 1 0 0 -0.8498867358156272 -0.5269654033090391 2.0315406397705402
cell 37.817871925579254 6.991833052937035 0.0 1.6431676725154984 0.6085806194501846 1 0 0 0.8716830208685405 0.49007010838194925 2.1172522938437943
cell 24.631815904853973 36.02545591126759 0.0 1.6431676725154984 0.6085806194501846 1 0 0 0.9850576185289279 0.1722251090233855 2.795416479646065
cell 30.348429143250502 13.872621233430905 0.0 1.6431676725154984 0.6085806194501846 1 0 0 0.9206746075154579 0.3903309711978509 2.339610547550793
cell 62.44548202000831 66.44065042004523 0.0 1.6431676725154984 0.6085806194501846 1 0 0 0.9675104097521122 0.2528311828499403 2.630381859548877
cell 52.449318525383546 14.61423846350069 0.0 1.6431676725154984 0.6085806194501846 1 0 0 0.9046703725071098 0.42611209453364157 2.2612110301460424
cell 62.26387956898734 39.30374282464178 0.0 1.6431676725154984 0.6085806194501846 1 0 0 0.9116234246889335 0.41102643656876897 2.2944332128270593
cell 50.34402221350115 1.129831220866551 0.0 1.6431676725154984 0.6085806194501846 1 0 0 0.6760663754518932 0.7368407263332692 1.4848219393188138
cell 7.844232099772636 48.4261992271831 0.0 1.6431676725154984 0.6085806194501846 1 0 0 0.9691607908719246 0.24642922196140923 2.6436044190991637
cell 61.26869269678586 3.0161213586522573 0.0 1.0 1.0 1 0 0 0.0 1.0 0
cell 52.67614276798568 63.07988851979752 0.0 1.6431676725154984 0.6085806194501846 1 0 0 0.6746746268443867 0.7381152673481206 1.4810475943202688
cell 1.9165629814193608 63.9103009120449 0.0 1.0 1.0 1 0 0 0.0 1.0 0
cell 23.672736038037456 52.913664409458214 0.0 1.6431676725154984 0.6085806194501846 1 0 0 0.29886765672877985 -0.9542945686534364 5.676173593319637
cell 0.78987086401797 2.3127311573380678 0.0 1.6431676725154984 0.6085806194501846 1 0 0 0.9623648596988004 0.271760697704632 2.591148426965021
cell 65.69070451399914 30.60020154499314 0.0 1.6431676725154984 0.6085806194501846 1 0 0 0.9622896760950804 0.27202679882839687 2.5905953903194923
cell 59.24708682875702 56.761250758838656 0.0 1.6431676725154984 0.6085806194501846 1 0 0 0.7965215738483226 0.6046101077505993 1.8430400880146036
cell 26.657968754046543 19.67512977776601 0.0 1.6431676725154984 0.6085806194501846 1 0 0 0.9996644657787452 0.025902815663474136 3.089781227297686
cell 66.60136690175223 59.28431583714212 0.0 1.6431676725154984 0.6085806194501846 1 0 0 0.9409883484511895 0.3384389576852859 2.4510777285675487
cell 54.531003155457384 12.516391735184826 0.0 1.6431676725154984 0.6085806194501846 1 0 0 -0.8834170902801077 -0.4685874994075579 2.1662102674470596
cell 59.28800599602411 61.15999086928438 0.0 1.6431676725154984 0.6085806194501846 1 0 0 0.7998211476265716 0.6002383958139581 1.8539943798439538
cell 3.4364201444469518 53.06804957847577 0.0 1.6431676725154984 0.6085806194501846 1 0 0 0.9564434753622665 0.29191758843370413 2.549130370335794
cell 5.333471541565988 21.955566570041302 0.0 1.6431676725154984 0.6085806194501846 1 0 0 0.9206353283509756 0.39042360608970766 2.339409310616208
cell 24.896916914472456 29.576471123813977 0.0 1.6431676725154984 0.6085806194501846 1 0 0 0.9167294353199191 0.3995086262122788 2.3196311015998683
cell 45.612709927312345 22.924169147296432 0.0 1.6431676725154984 0.6085806194501846 1 0 0 0.8983144459600184 0.439353111038883 2.2318357889735445
cell 7.533132542714979 46.40777533686422 0.0 1.6431676725154984 0.6085806194501846 1 0 0 0.9224155153139557 0.3861989346283721 2.348578160356217
cell 31.61505195457923 28.68492203269461 0.0 1.6431676725154984 0.6085806194501846 1 0 0 0.9274461545737418 0.37395672258481855 2.3750494009354224
cell 26.784411744702492 43.48736544875732 0.0 1.6431676725154984 0.6085806194501846 1 0 0 0.9831642582533062 0.1827239483297857 2.77407998327645
cell 7.873509267425386 58.93326019596975 0.0 1.0 1.0 1 0 0 0.0 1.0 0
cell 51.63862167463569 53.95214388756299 0.0 1.6431676725154984 0.6085806194501846 1 0 0 0.9591636315451645 0.28285177729880356 2.5680606476753245
cell 16.94662787686142 25.815232887946937 0.0 1.6431676725154984 0.6085806194501846 1 0 0 0.9899001719285819 0.141766179379159 2.8571018790853957
cell 43.710398880477804 25.044405922518806 0.0 1.6431676725154984 0.6085806194501846 1 0 0 0.8386496072897327 0.544671310234693 1.9895983787373233
cell 64.71282211461033 65.11092154836658 0.0 1.6431676725154984 0.6085806194501846 1 0 0 0.9785697954785383 0.20591540830421556 2.726794512291354
cell 43.24765365698313 28.117444738218744 0.0 1.6431676725154984 0.6085806194501846 1 0 0 0.9522149196505068 0.30542879169289044 2.520815240472049
cell 11.607617961769611 28.270588072232226 0.0 1.6431676725154984 0.6085806194501846 1 0 0 -0.9688937831289028 -0.24747694238890744 2.6414420025408543
cell 63.487862345497106 11.4471834965019 0.0 1.6431676725154984 0.6085806194501846 1 0 0 0.9213081326580768 0.388833286509897 2.342862878477132
cell 40.39259755800521 1.7834670890125754 0.0 1.6431676725154984 0.6085806194501846 1 0 0 0.845109790253655 0.5345927818605702 2.0135410109772756
cell 62.517490517944175 59.69620455564791 0.0 1.6431676725154984 0.6085806194501846 1 0 0 0.8236427964653052 0.5671089347125575 1.9356096535429053
cell 21.4097595439571 20.821543563083463 0.0 1.6431676725154984 0.6085806194501846 1 0 0 0.993858077302613 0.11066219851581378 2.9198140212983343
cell 22.576928568320096 40.507266468283206 0.0 1.6431676725154984 0.6085806194501846 1 0 0 -0.9804429624468002 -0.19680344861953583 2.745399585560921
cell 23.14360993778022 39.12606772433962 0.0 1.6431676725154984 0.6085806194501846 1 0 0 0.9891088056725333 0.14718617646047713 2.8461469342792993
cell 21.442706200776176 23.412939105470777 0.0 1.6431676725154984 0.6085806194501846 1 0 0 0.9800620819834442 0.19869150826916718 2.741547396409365
cell 59.588900815537855 54.047830718780105 0.0 1.6431676725154984 0.6085806194501846 1 0 0 0.8126490069901836 0.5827534568218952 1.89736697481395
cell 23.315593366000364 12.151621559507252 0.0 1.6431676725154984 0.6085806194501846 1 0 0 0.87128757494001 0.490772820921408 2.115639616032535
cell 25.880708093723033 33.5819649773983 0.0 1.6431676725154984 0.6085806194501846 1 0 0 0.9801582558597137 0.19821653177786167 2.742516627210291
cell 60.56171085030497 11.464808124543573 0.0 1.6431676725154984 0.6085806194501846 1 0 0 0.9309445150782497 0.36516066305904643 2.3939818977130787
cell 0.6806057740886712 23.032122892004526 0.0 1.6431676725154984 0.6085806194501846 1 0 0 0.8658877407382444 0.5002383636220027 2.0938445814360644
cell 37.18293565592533 38.1684509349024 0.0 1.6431676725154984 0.6085806194501846 1 0 0 0.9994758630871116 0.032372814308820025 3.0768357107420665
cell 64.3725118522257 4.358712992319169 0.0 1.6431676725154984 0.6085806194501846 1 0 0 0.9525075023793894 0.3045151193470982 2.522733992023763
cell 14.693145805114424 36.61640848378883 0.0 1.6431676725154984 0.6085806194501846 1 0 0 0.9015909025849939 0.4325896951800588 2.2468663216213924
cell 49.231608635093245 58.8060250932896 0.0 1.6431676725154984 0.6085806194501846 1 0 0 -0.7757847614512836 -0.630997625906766 1.7759156592438643
cell 3.165544050426305 1.2514809643022788 0.0 1.6431676725154984 0.6085806194501846 1 0 0 0.8780496376398244 0.4785695705334525 2.1435428752892025
cell 35.195597162216636 20.768501353216926 0.0 1.6431676725154984 0.6085806194501846 1 0 0 0.9123547340102202 0.409400585404003 2.2979987176581433
cell 30.5082510748941 23.248701798608707 0.0 1.6431676725154984 0.6085806194501846 1 0 0 0.9676701519173548 0.25221910531964753 2.6316470179986995
cell 19.734794310583247 22.31533594150563 0.0 1.6431676725154984 0.6085806194501846 1 0 0 0.9698427087084148 0.2437316564690047 2.649169264655423
cell 37.950675544138335 17.676967781570585 0.0 1.6431676725154984 0.6085806194501846 1 0 0 0.8234704990572216 0.5673590901558293 1.9350021532767645
cell 47.0282637297539 17.759519725351318 0.0 1.6431676725154984 0.6085806194501846 1 0 0 0.7313039686093614 0.6820516882877705 1.6404636576223721
cell 7.781335117955967 37.88840753981522 0.0 1.6431676725154984 0.6085806194501846 1 0 0 0.9528578655090247 0.3034170201844077 2.525039269656329
cell 18.14375690514801 32.48479562062939 0.0 1.6431676725154984 0.6085806194501846 1 0 0 0.9256130685617602 0.37847119746115715 2.3653045079745083
cell 55.536724060306355 18.799821933161326 0.0 1.6431676725154984 0.6085806194501846 1 0 0 0.9525405835766177 0.30441162369317715 2.5229513002472816
cell 13.07522839923917 15.786668299002692 0.0 1.6431676725154984 0.6085806194501846 1 0 0 0.9646997804896534 0.2633521093957944 2.608601987721044
cell 17.70198175467729 15.295713117503416 0.0 1.6431676725154984 0.6085806194501846 1 0 0 0.8604638494684537 0.5095114952166734 2.0723587092365934
cell 25.428447772435675 12.741505267988773 0.0 1.6431676725154984 0.6085806194501846 1 0 0 -0.8389066839267437 -0.544275275630847 1.99054269183981
cell 17.542621421406537 29.68617949978183 0.0 1.6431676725154984 0.6085806194501846 1 0 0 0.9840506386064625 0.17788856247160292 2.783911905814174
cell 52.939961143419474 6.692035560189279 0.0 1.6431676725154984 0.6085806194501846 1 0 0 0.7918939436762064 0.6106586460281598 1.8278085343659
cell 32.01923626926398 9.841110190476615 0.0 1.6431676725154984 0.6085806194501846 1 0 0 0.8634163784536103 0.5044919795378833 2.08400569354997
cell 58.29654312384515 21.776308363496714 0.0 1.6431676725154984 0.6085806194501846 1 0 0 0.9124008579234686 0.40929778213486373 2.298224070071332
cell 24.842193722857083 32.151660744091764 0.0 1.6431676725154984 0.6085806194501846 1 0 0 0.9379122441449677 0.3468726312105794 2.4331233632979026
cell 34.57451728438902 33.39937678531098 0.0 1.6431676725154984 0.6085806194501846 1 0 0 0.9513227276730611 0.3081964759900521 2.5149993694789274
cell 60.944189518698295 47.42378762629145 0.0 1.6431676725154984 0.6085806194501846 1 0 0 0.8777828196836598 0.47905878706919 2.142428380518275
cell 11.534479957013218 51.49772248239523 0.0 1.6431676725154984 0.6085806194501846 1 0 0 0.9716934890369763 0.236245134051789 2.664593103410748
cell 65.16667754608328 45.577662227382625 0.0 1.6431676725154984 0.6085806194501846 1 0 0 0.9034632407236355 0.42866557205022454 2.2555621648179836
cell 58.02155203860537 58.70525935419789 0.0 1.6431676725154984 0.6085806194501846 1 0 0 0.8162731649451197 0.5776660974909965 1.909859512217862
cell 2.8722570691002796 60.234588670766136 0.0 1.6431676725154984 0.6085806194501846 1 0 0 0.9660523875568737 0.2583462492386214 2.618972762434544
cell 48.80323612803884 30.405207969023213 0.0 1.6431676725154984 0.6085806194501846 1 0 0 0.9725479608935307 0.23270252203582892 2.6718815152394852
cell 49.55653798910076 15.913957205756828 0.0 1.6431676725154984 0.6085806194501846 1 0 0 0.8923827912554327 0.45127924156907856 2.2051959886672963
cell 9.24536537769502 20.002962171421938 0.0 1.6431676725154984 0.6085806194501846 1 0 0 0.9238840925588533 0.3826724232508848 2.3562183224922246
cell 58.320587600153324 7.122640530962175 0.0 1.6431676725154984 0.6085806194501846 1 0 0 0.7948193380598693 0.6068461253448615 1.8374196301831693
cell 9.370582539048176 27.79546772088936 0.0 1.6431676725154984 0.6085806194501846 1 0 0 0.9464719943797048 0.3227859412287098 2.484249620474737
cell 62.08320198446947 4.2144797091077795 0.0 1.6431676725154984 0.6085806194501846 1 0 0 0.858881142470013 0.5121749536139045 2.066162265174049
cell 11.973962663262245 48.14563644874356 0.0 1.6431676725154984 0.6085806194501846 1 0 0 0.9751479117029445 0.22155484716292365 2.694775342359956
cell 60.478879652557296 59.021288241990355 0.0 1.6431676725154984 0.6085806194501846 1 0 0 0.8011490005550841 0.5984649354052332 1.8584253423708716
cell 34.019414236890334 16.121401347812515 0.0 1.6431676725154984 0.6085806194501846 1 0 0 0.9656447160684357 0.25986589297002843 2.6158260094263968
cell 44.19851982549309 13.928436352405702 0.0 1.6431676725154984 0.6085806194501846 1 0 0 0.6573863868596672 0.7535536731856544 1.434690214350189
cell 42.20305401772009 23.923084108143417 0.0 1.6431676725154984 0.6085806194501846 1 0 0 0.7990596746570201 0.6012517246021147 1.851459284949176
cell 17.112544522758245 22.04497313801706 0.0 1.6431676725154984 0.6085806194501846 1 0 0 0.9356304755457278 0.35298103806022674 2.4200820055712975
cell 48.99983826601134 11.331049019506166 0.0 1.6431676725154984 0.6085806194501846 1 0 0 -0.6943298115019131 -0.7196569410904878 1.5349764416983378
cell 29.697733814351572 34.8190513388141 0.0 1.6431676725154984 0.6085806194501846 1 0 0 0.9002137136286406 0.4354483549112706 2.2405201122556693
cell 6.560490924839245 43.95890365149697 0.0 1.6431676725154984 0.6085806194501846 1 0 0 0.8910304496099416 0.4539435403967164 2.1992202635027644
cell 60.42191836400135 54.83078185051402 0.0 1.6431676725154984 0.6085806194501846 1 0 0 0.7978760909703642 0.6028214855642184 1.8475273535833823
cell 28.157739146189595 22.387746159116638 0.0 1.6431676725154984 0.6085806194501846 1 0 0 0.879368134677161 0.476142503578929 2.149067037954968
cell 27.478091166119864 42.02936254277366 0.0 1.6431676725154984 0.6085806194501846 1 0 0 0.9989637948431006 0.04551193901243563 3.0505373227239607
cell 26.20675584404061 27.204024076773226 0.0 1.6431676725154984 0.6085806194501846 1 0 0 0.9170715311994222 0.39872271902106 2.321345370830721
cell 32.898458346458675 5.11430445891856 0.0 1.6431676725154984 0.6085806194501846 1 0 0 0.8059408254547998 0.5919961029138924 1.8745259920066213
cell 23.63118293766119 23.352543371853344 0.0 1.6431676725154984 0.6085806194501846 1 0 0 0.9831060763580667 0.1830367248063821 2.7734436995092535
cell 44.84735653724702 7.507648252739145 0.0 1.6431676725154984 0.6085806194501846 1 0 0 0.810111397239308 0.5862759794354329 1.8886841968222108
cell 6.953463499735834 45.771627564956546 0.0 1.6431676725154984 0.6085806194501846 1 0 0 -0.9161890051302295 -0.40074643713759994 2.31692981231207
cell 55.76060608687835 52.005936633759354 0.0 1.6431676725154984 0.6085806194501846 1 0 0 0.782168218213681 0.6230673145146001 1.796276332523721
cell 51.7329979470901 19.034381554454196 0.0 1.6431676725154984 0.6085806194501846 1 0 0 0.9141999557874265 0.4052634215399502 2.3070587404699707
cell 16.708855311720388 26.91436100516378 0.0 1.6431676725154984 0.6085806194501846 1 0 0 0.9853289250518368 0.17066607587974775 2.7985814075093285
cell 47.55562140050984 24.45131026064317 0.0 1.6431676725154984 0.6085806194501846 1 0 0 0.8866145820469971 0.4625090084545691 2.179946670367655
cell 41.160146329722664 4.650096494048659 0.0 1.6431676725154984 0.6085806194501846 1 0 0 0.8255012962092189 0.5644002214359058 1.9421796333350583
cell 58.65852192290925 39.398266797555486 0.0 1.6431676725154984 0.6085806194501846 1 0 0 0.7872243157861768 0.6166667468211545 1.812589732945836
cell 31.04117100873189 3.662710203820538 0.0 1.6431676725154984 0.6085806194501846 1 0 0 0.7529294484142763 0.6581012427511238 1.705004360654979
cell 49.93640104743622 64.90343972183943 0.0 1.6431676725154984 0.6085806194501846 1 0 0 0.6477894491653775 0.7618194205650161 1.4093583421301716
cell 56.62701871309007 60.9744734274179 0.0 1.6431676725154984 0.6085806194501846 1 0 0 0.8079603596345737 0.5892368430938194 1.8813647183353852
cell 10.510761480628764 38.528108338386645 0.0 1.6431676725154984 0.6085806194501846 1 0 0 0.8988516162015475 0.438253091320376 2.234284131626555
cell 58.35670043890554 42.15124515968175 0.0 1.6431676725154984 0.6085806194501846 1 0 0 0.8577888057852748 0.5140023002569853 2.0619043798309766
cell 51.55767654935951 17.87609295465001 0.0 1.6431676725154984 0.6085806194501846 1 0 0 -0.9152914221132913 -0.4027922697940328 2.312461663430783
cell 61.67564572758191 27.038908758020053 0.0 1.6431676725154984 0.6085806194501846 1 0 0 0.22731396989019903 -0.9738215232232021 5.824548198549747
cell 44.323618193539154 35.45686745339946 0.0 1.6431676725154984 0.6085806194501846 1 0 0 0.8154383357847588 0.5788439517975316 1.9069721044832801
cell 60.27092841977419 65.9547716815022 0.0 1.6431676725154984 0.6085806194501846 1 0 0 -0.8848114593387151 -0.4659492262284522 2.1721784353559173
cell 19.926742345210847 20.240274230597453 0.0 1.6431676725154984 0.6085806194501846 1 0 0 0.9700608039310782 0.2428621762988018 2.6509620963221825
cell 66.35525180168295 4.16813023863684 0.0 1.6431676725154984 0.6085806194501846 1 0 0 0.9633528731368198 0.26823728640708094 2.5984670641790895
cell 63.273541345945304 47.153438780124915 0.0 1.6431676725154984 0.6085806194501846 1 0 0 0.8718663828881418 0.4897438211856769 2.1180008523687444
cell 0.8367378303497206 60.49997424785545 0.0 1.6431676725154984 0.6085806194501846 1 0 0 0.9358189483071299 0.35248105763194904 2.4211506540958254
cell 66.95362730857639 21.78919625461575 0.0 1.6431676725154984 0.6085806194501846 1 0 0 0.8976826927335723 0.4406424663676923 2.2289641694602946
cell 1.5808812361637443 58.537925568293055 0.0 1.6431676725154984 0.6085806194501846 1 0 0 0.9303889610450872 0.36657384135456694 2.3909449824217215
cell 62.68031534625211 10.480832002340666 0.0 1.6431676725154984 0.6085806194501846 1 0 0 0.9059507006327556 0.4233831928915213 2.2672396788044167
cell 48.62271984640954 17.85531132611123 0.0 1.6431676725154984 0.6085806194501846 1 0 0 0.9099146168096485 0.4147956004059717 2.2861563426834683
cell 51.00999896714314 6.512638744403049 0.0 1.6431676725154984 0.6085806194501846 1 0 0 0.7404682575823031 0.6720913327167879 1.6675336167789057
cell 7.952383569721913 22.45679479203733 0.0 1.6431676725154984 0.6085806194501846 1 0 0 0.9106336877271707 0.4132145771586644 2.289630071660418
cell 37.251864609139226 9.572359755073993 0.0 1.6431676725154984 0.6085806194501846 1 0 0 0.8643074816961869 0.5029637930149601 2.0875437268193897
cell 13.880267892826495 13.95485507271671 0.0 1.6431676725154984 0.6085806194501846 1 0 0 0.9473704075071894 0.32013951799123774 2.4898391489641165
cell 36.39457534369139 4.054087379407238 0.0 1.6431676725154984 0.6085806194501846 1 0 0 0.7857574196329461 0.6185347827663165 1.8078394296844245
cell 56.40069511232787 26.18431748737462 0.0 1.6431676725154984 0.6085806194501846 1 0 0 0.9779700855553916 0.20874508798719124 2.7210094470596737
cell 43.39187534702848 23.20269174994208 0.0 1.6431676725154984 0.6085806194501846 1 0 0 0.7778507141293906 0.6284490962109796 1.7824771144886418
cell 24.813256367202445 26.552173281650145 0.0 1.6431676725154984 0.6085806194501846 1 0 0 0.9680615061381987 0.25071282442954945 2.6347595993935573
cell 43.69839017559544 57.33186044870542 0.0 1.6431676725154984 0.6085806194501846 1 0 0 0.799027980545973 0.6012938435612194 1.8513538615477554
cell 18.22322959027627 20.221180965386775 0.0 1.6431676725154984 0.6085806194501846 1 0 0 0.9534204224886366 0.301644655151703 2.5287582744483665
cell 10.01981274931737 48.21379941148302 0.0 1.6431676725154984 0.6085806194501846 1 0 0 0.9662759423752638 0.2575088409876363 2.6207062322296912
cell 55.53013620119398 55.143444551166915 0.0 1.6431676725154984 0.6085806194501846 1 0 0 0.7097868557088536 0.7044165099306937 1.5783911608823844
cell 2.5939145135430226 45.44986706891529 0.0 1.6431676725154984 0.6085806194501846 1 0 0 0.9011142588592916 0.4335817021974862 2.2446651698445805
cell 18.15891271389771 27.366431908692082 0.0 1.6431676725154984 0.6085806194501846 1 0 0 0.9819795479133857 0.1889872151226708 2.761331306938978
cell 7.087306954597771 30.053959772559605 0.0 1.6431676725154984 0.6085806194501846 1 0 0 0.9184477646022886 0.3955422906555745 2.3282762163737876
cell 39.82714033211824 61.46985322951618 0.0 1.6431676725154984 0.6085806194501846 1 0 0 -0.9191017844007375 -0.3940201897255776 2.331589543261112
cell 7.968909573381685 61.173658414836375 0.0 1.6431676725154984 0.6085806194501846 1 0 0 0.8997892926645169 0.43632468278369085 2.2385727203899437
cell 5.207002929819601 39.48619979696632 0.0 1.6431676725154984 0.6085806194501846 1 0 0 0.9159633283539452 0.4012619856287944 2.3158042542060864
cell 30.90297906065348 35.09939781120003 0.0 1.6431676725154984 0.6085806194501846 1 0 0 0.9093737152952857 0.4159801028054691 2.28355202271676
cell 33.78060341402934 1.895254350305062 0.0 1.6431676725154984 0.6085806194501846 1 0 0 -0.7997867444918066 -0.6002842354545034 1.8538797526512312
cell 5.636312398767418 49.96919859402399 0.0 1.6431676725154984 0.6085806194501846 1 0 0 0.9481684211460466 0.3177682255062851 2.4948430902437395
cell 46.49608690322837 24.237996003114894 0.0 1.6431676725154984 0.6085806194501846 1 0 0 0.8981884263378612 0.43961068093566213 2.23126229722135
cell 50.981962430996 9.801895083515744 0.0 1.6431676725154984 0.6085806194501846 1 0 0 0.7339668923802876 0.679185247844521 1.648288659437451
cell 59.109857031360036 48.787778737598565 0.0 1.6431676725154984 0.6085806194501846 1 0 0 0.8731570641950295 0.4874389615596163 2.1232841241542117
cell 30.813003021196927 36.740324788357036 0.0 1.6431676725154984 0.6085806194501846 1 0 0 0.9584300388865278 0.28532763721723287 2.5628961363800618
cell 58.74569673954011 27.229195256973593 0.0 1.6431676725154984 0.6085806194501846 1 0 0 0.04404790445475975 -0.9990294200438465 6.1950609858582135
cell 28.674675476940806 25.403206474061804 0.0 1.6431676725154984 0.6085806194501846 1 0 0 0.932180578104072 0.36199360464731717 2.4007813453140594
cell 28.165833705970577 33.818617417282915 0.0 1.6431676725154984 0.6085806194501846 1 0 0 0.997683240261936 0.06803052329979589 3.0054264359364273
cell 4.5335885405186005 45.76190238772091 0.0 1.6431676725154984 0.6085806194501846 1 0 0 0.8703616749451341 0.49241299209779266 2.111872679167093
cell 38.104260784460116 23.89884020279586 0.0 1.6431676725154984 0.6085806194501846 1 0 0 0.800836596625484 0.5988829146880982 1.8573816893589699
cell 38.42563196723508 31.28250070713671 0.0 1.6431676725154984 0.6085806194501846 1 0 0 0.9460503506026284 0.3240196508310011 2.4816420751935837
cell 35.80984812304471 33.950794853738124 0.0 1.6431676725154984 0.6085806194501846 1 0 0 0.9872425021144159 0.1592238738973131 2.8217837584981678
cell 1.6388327791181918 52.21879536703895 0.0 1.6431676725154984 0.6085806194501846 1 0 0 0.9213860012128879 0.38864873185039994 2.3432634976694064
cell 21.25134928588741 13.380878658749031 0.0 1.6431676725154984 0.6085806194501846 1 0 0 0.9096577782790318 0.4153585516351574 2.2849187965154933
cell 4.821173956966417 43.02446996105129 0.0 1.6431676725154984 0.6085806194501846 1 0 0 -0.5574659963836621 -0.8301997728715486 1.1826607582919113
cell 64.08237976052071 55.697301049463285 0.0 1.6431676725154984 0.6085806194501846 1 0 0 0.8272867587790693 0.5617798668062268 1.9485212871879363
cell 36.64618764379808 24.686674344681816 0.0 1.6431676725154984 0.6085806194501846 1 0 0 0.8426951632598176 0.5383909934411137 2.0045394846789235
cell 27.298677771265737 27.783100307124894 0.0 1.6431676725154984 0.6085806194501846 1 0 0 0.9192244297466332 0.39373398095284706 2.332212302743548
cell 44.83095288602531 38.41479843168805 0.0 1.6431676725154984 0.6085806194501846 1 0 0 0.9432631690719206 0.33204607191231345 2.4646488706024896
cell 16.593315180584785 32.63830313334157 0.0 1.6431676725154984 0.6085806194501846 1 0 0 0.9418329655709575 0.3360813368275833 2.456086423992743
cell 18.588008141930658 41.085176807068315 0.0 1.6431676725154984 0.6085806194501846 1 0 0 0.9436969206729816 0.33081130862219976 2.467266335848489
cell 37.93834385398595 37.04486895858368 0.0 1.6431676725154984 0.6085806194501846 1 0 0 0.9998250360353759 0.01870554241018797 3.1041793867528
cell 66.08640003770347 2.1903307063746515 0.0 1.6431676725154984 0.6085806194501846 1 0 0 0.9358302258833738 0.35245111479902214 2.4212146465006783
cell 61.951583963724886 31.469098104891266 0.0 1.6431676725154984 0.6085806194501846 1 0 0 0.7534442120273946 0.6575118397127298 1.7065694517709324
cell 0.6477668855624595 26.38258207929016 0.0 1.6431676725154984 0.6085806194501846 1 0 0 0.9063267729459751 0.4225775439387841 2.2690178808985455
cell 10.414796712032548 13.504491829879976 0.0 1.6431676725154984 0.6085806194501846 1 0 0 0.9577585828701997 0.2875734635505628 2.5582080273296155
cell 6.239810734870394 39.89395585643564 0.0 1.6431676725154984 0.6085806194501846 1 0 0 0.9267188406489231 0.3757554928225481 2.371168905557577
cell 50.212269871140414 49.528543585701335 0.0 1.6431676725154984 0.6085806194501846 1 0 0 0.834175146299154 0.5514996149561529 1.973270866167987
cell 62.49160748746589 14.42319681673427 0.0 1.6431676725154984 0.6085806194501846 1 0 0 0.8073858554566223 0.5900237964765305 1.8794160256945107
cell 65.60311095834679 48.98939102527868 0.0 1.6431676725154984 0.6085806194501846 1 0 0 0.8728715595730515 0.48795003892663924 2.122113290307688
cell 7.592427353426468 32.422186986199016 0.0 1.6431676725154984 0.6085806194501846 1 0 0 0.9405661762170728 0.33961046532224876 2.4485872187891298
cell 61.664558015480736 24.53218589172086 0.0 1.6431676725154984 0.6085806194501846 1 0 0 0.9738792326254905 0.2270665987343489 2.6834635719836686
cell 11.118729758134588 52.98581150339662 0.0 1.6431676725154984 0.6085806194501846 1 0 0 0.9827906487739186 0.18472287536344864 2.7700128984462298
cell 59.0674535089102 66.28059318207187 0.0 1.6431676725154984 0.6085806194501846 1 0 0 0.8584463350376302 0.5129033923269183 2.0644655854694096
cell 57.28269419153678 57.78115183799296 0.0 1.6431676725154984 0.6085806194501846 1 0 0 0.7643056797890021 0.6448541136119637 1.7399278666813998
cell 66.28726792271763 34.61704725785958 0.0 1.6431676725154984 0.6085806194501846 1 0 0 0.7355109201928252 0.6775128679789806 1.6528409680989307
cell 31.737222446993016 8.16030457782749 0.0 1.6431676725154984 0.6085806194501846 1 0 0 0.8538893449922084 0.5204545960108118 2.0468261592216432
cell 13.530409641902848 52.8514923799368 0.0 1.6431676725154984 0.6085806194501846 1 0 0 0.9659214777001538 0.2588352737119716 2.6179602757302454
cell 28.694202840187756 28.236464234799122 0.0 1.6431676725154984 0.6085806194501846 1 0 0 -0.9487493834231786 -0.31602944080281276 2.4985096364953385
cell 55.72972969924145 63.92359489284807 0.0 1.6431676725154984 0.6085806194501846 1 0 0 0.757886485854312 0.6523864457201742 1.7201346479277426
cell 4.246002127815517 30.386400049435807 0.0 1.6431676725154984 0.6085806194501846 1 0 0 0.9006025209494688 0.43464364628907404 2.2423075429844315
cell 27.69601665271151 8.205352718247719 0.0 1.6431676725154984 0.6085806194501846 1 0 0 0.7442616892534439 0.6678881178083722 1.6788574368143279
cell 34.71726588146496 14.25277784193033 0.0 1.6431676725154984 0.6085806194501846 1 0 0 0.9369393581962248 0.3494919728160384 2.427534995881544
cell 5.373332440692261 30.790843292250205 0.0 1.6431676725154984 0.6085806194501846 1 0 0 0.8807857279423672 0.4735150488136932 2.155037999629335
cell 64.09829574301934 26.23389973738799 0.0 1.6431676725154984 0.6085806194501846 1 0 0 -0.8382438907616316 -0.5452954975064452 1.9881094654732436
cell 36.59672696097078 31.948215275413723 0.0 1.6431676725154984 0.6085806194501846 1 0 0 0.9057059007707047 0.42390661861915596 2.266083994636314
cell 66.18934069680452 60.824799386169694 0.0 1.6431676725154984 0.6085806194501846 1 0 0 0.9292903509525136 0.369350028599639 2.384973662173379
cell 62.48687471006245 61.593969855287945 0.0 1.6431676725154984 0.6085806194501846 1 0 0 0.8409320971947575 0.5411406544583643 1.998006783202424
cell 56.21389366998141 59.34391994972822 0.0 1.6431676725154984 0.6085806194501846 1 0 0 0.7708177918377502 0.6370556740084612 1.7602477241137073
cell 19.430434614895493 28.124225799040364 0.0 1.6431676725154984 0.6085806194501846 1 0 0 0.9878937813320597 0.15513180462253584 2.830070910031493
cell 30.70348314109194 32.384757389619125 0.0 1.6431676725154984 0.6085806194501846 1 0 0 0.9010637889909224 0.4336865782674423 2.2444323935770796
cell 59.941217950422846 15.853482489551832 0.0 1.6431676725154984 0.6085806194501846 1 0 0 0.9776016502476921 0.2104638055176927 2.717493918467185
cell 46.600094116184145 20.122637561904348 0.0 1.6431676725154984 0.6085806194501846 1 0 0 0.8328201492444176 0.5535436739883366 1.9683660940592709
cell 34.81133712242538 37.632185312468934 0.0 1.6431676725154984 0.6085806194501846 1 0 0 0.9964049483186417 0.08471823278447743 2.9719528513048985
cell 10.504650542795504 42.116660110307265 0.0 1.6431676725154984 0.6085806194501846 1 0 0 0.8790845900705381 0.47666579854287217 2.147876684774286
cell 1.4395621119203756 53.7828047393688 0.0 1.6431676725154984 0.6085806194501846 1 0 0 0.9319954729279734 0.36246991384356764 2.3997593191258746
cell 59.682327242649244 49.93255173954558 0.0 1.6431676725154984 0.6085806194501846 1 0 0 0.8805681718225087 0.4739195024190974 2.1541194934771086
cell 66.46824312404576 25.969598715956614 0.0 1.6431676725154984 0.6085806194501846 1 0 0 0.8536853607748454 0.5207891173965927 2.0460425416607326
cell 40.83406327337985 32.06142910679618 0.0 1.6431676725154984 0.6085806194501846 1 0 0 0.9920558822011433 0.12579795940360583 2.889328374614504
cell 40.68386559887243 21.95509112314048 0.0 1.6431676725154984 0.6085806194501846 1 0 0 0.6729051507778328 0.7397287733059071 1.4762582520830736
cell 1.2474674502917056 28.833037859389943 0.0 1.6431676725154984 0.6085806194501846 1 0 0 0.8899845454152238 0.4559906895124696 2.194622552152961
cell 46.09199611500141 52.29808917095716 0.0 1.6431676725154984 0.6085806194501846 1 0 0 0.8305419149583444 0.5569561270848237 1.960159947285871
cell 66.85171086924535 6.653959898804844 0.0 1.6431676725154984 0.6085806194501846 1 0 0 0.9230063065317864 0.38478482051992385 2.351643289022031
cell 62.29098013756873 28.5538153854647 0.0 1.6431676725154984 0.6085806194501846 1 0 0 0.870147516752621 0.49279133422702065 2.1110031816083934
cell 59.509007047551414 4.671996743419704 0.0 1.0 1.0 1 0 0 0.0 1.0 0
cell 46.990440027445196 15.280461839828195 0.0 1.6431676725154984 0.6085806194501846 1 0 0 0.6638016958463809 0.7479086231562442 1.45178093974081
cell 11.997119941232388 34.350820889232516 0.0 1.6431676725154984 0.6085806194501846 1 0 0 0.8155485137833508 0.5786887087768067 1.9073528384427163
cell 41.8403006868399 13.588324324929099 0.0 1.6431676725154984 0.6085806194501846 1 0 0 0.7627154692921425 0.6467341902995903 1.7350030475620917
cell 43.911927042368625 53.455480327112674 0.0 1.6431676725154984 0.6085806194501846 1 0 0 0.9423423489986338 0.33465041055366596 2.4591242007595957
cell 34.36120606448962 3.719664880704567 0.0 1.6431676725154984 0.6085806194501846 1 0 0 0.7936529481875848 0.6083707733226136 1.8335803500830232
cell 6.086018555288887 48.40072645885601 0.0 1.6431676725154984 0.6085806194501846 1 0 0 0.9471608102209906 0.3207590989847622 2.4885310027258534
cell 6.173963474788873 19.789739019263443 0.0 1.6431676725154984 0.6085806194501846 1 0 0 0.9347608840412472 0.35527748263354075 2.415170854955447
cell 62.43867780480394 35.892265563132554 0.0 1.6431676725154984 0.6085806194501846 1 0 0 0.8395419326600844 0.5432948953426402 1.9928790878832174
cell 46.09955420458409 15.521895894656396 0.0 1.6431676725154984 0.6085806194501846 1 0 0 0.668317638762416 0.7438760203952194 1.4638897361168717
cell 2.923765060256152 24.144971162729234 0.0 1.6431676725154984 0.6085806194501846 1 0 0 0.9217561758140264 0.3877699735006589 2.3451705850208002
cell 33.6515261433092 40.053774132455004 0.0 1.6431676725154984 0.6085806194501846 1 0 0 0.9979112789542766 -0.06459937566137999 3.2708814335185585
cell 62.75870735971838 57.58884057154821 0.0 1.6431676725154984 0.6085806194501846 1 0 0 -0.8372162106803642 -0.5468720294310287 1.9843456481004704
cell 48.760469133912046 14.373347963741072 0.0 1.6431676725154984 0.6085806194501846 1 0 0 0.6917015913656629 0.7221834313401336 1.5276851568221625
cell 5.085199752114456 48.01771497945104 0.0 1.6431676725154984 0.6085806194501846 1 0 0 0.9317904218713681 0.3629967075729171 2.3986287306461764
cell 10.25985301875153 30.7875564405124 0.0 1.6431676725154984 0.6085806194501846 1 0 0 0.9727710768574267 0.231768056534205 2.673802979866342
cell 0.24693328539031043 63.353461166651776 0.0 1.6431676725154984 0.6085806194501846 1 0 0 0.9633331754683194 0.26830801896723877 2.5983202160505585
cell 14.3034937042504 46.569820790152406 0.0 1.6431676725154984 0.6085806194501846 1 0 0 0.9745079598289929 0.22435292783900565 2.6890346805419
cell 5.357918517381012 37.777160129508104 0.0 1.6431676725154984 0.6085806194501846 1 0 0 0.9221370229150115 0.386863426766397 2.347137177580161
cell 61.02046059974284 36.82832442935428 0.0 1.6431676725154984 0.6085806194501846 1 0 0 0.7885167791570852 0.615013242936879 1.8167871313196466
cell 33.739830563362595 23.646860652547744 0.0 1.6431676725154984 0.6085806194501846 1 0 0 0.7785700594121229 0.6275576966200028 1.784768010392029
cell 53.51871669736555 10.73315129349649 0.0 1.6431676725154984 0.6085806194501846 1 0 0 0.9260463435629939 0.3774098164775388 2.367597328912148
cell 62.956466127440734 50.641274741929244 0.0 1.6431676725154984 0.6085806194501846 1 0 0 -0.8200208302234047 -0.5723336771497185 1.9228948261169716
cell 33.62120118628603 35.11623923609484 0.0 1.6431676725154984 0.6085806194501846 1 0 0 0.9819594125824088 0.18909180849738177 2.7611182791886946
cell 9.25822519465035 40.710880042352294 0.0 1.6431676725154984 0.6085806194501846 1 0 0 0.7398285829125992 0.6727954131127346 1.6656310785214652
cell 2.2484707409262743 16.318631983077942 0.0 1.6431676725154984 0.6085806194501846 1 0 0 0.871069919641446 0.49115903238752 2.1147529748903175
cell 38.777158740865985 29.819904359671977 0.0 1.6431676725154984 0.6085806194501846 1 0 0 0.9164031275601516 0.40025655247350106 2.317999083850873
cell 34.93793173569314 5.727987660537012 0.0 1.6431676725154984 0.6085806194501846 1 0 0 0.804806834313822 0.5935368223132953 1.870699895671367
cell 21.440941128054398 14.780459402089528 0.0 1.6431676725154984 0.6085806194501846 1 0 0 0.9193167295460103 0.3935184249521588 2.332681274566368
cell 47.09401413074683 26.331384212552177 0.0 1.6431676725154984 0.6085806194501846 1 0 0 0.9170393493503013 0.3987967298551683 2.3211839611038543
cell 46.40938890111002 33.370618297315524 0.0 1.6431676725154984 0.6085806194501846 1 0 0 0.9927867497045759 0.11989357618748252 2.901227284291742
cell 19.703368212736716 43.23585294393947 0.0 1.6431676725154984 0.6085806194501846 1 0 0 0.9575738242168315 0.2881880829853185 2.556924449792087
cell 9.834642110522529 44.06977175563578 0.0 1.6431676725154984 0.6085806194501846 1 0 0 0.9230810809125048 0.3846054056580611 2.352032035215777
cell 46.76269739013526 65.13977985657112 0.0 1.6431676725154984 0.6085806194501846 1 0 0 0.8618949643082201 0.5070868470983367 2.077989699706773
cell 14.059865188026983 49.90307580570571 0.0 1.6431676725154984 0.6085806194501846 1 0 0 0.990210939659646 0.13957899189477205 2.861520189920709
cell 64.64824532858033 33.99422653602805 0.0 1.6431676725154984 0.6085806194501846 1 0 0 0.9405069135243996 0.33977455115533217 2.4482382991569005
cell 29.16040490049302 30.395758576019325 0.0 1.6431676725154984 0.6085806194501846 1 0 0 0.9746558966155161 0.22370937216085598 2.6903553610021635
cell 46.04550558756725 18.307542610537837 0.0 1.6431676725154984 0.6085806194501846 1 0 0 0.7333995362463133 0.6797978524779942 1.6466187163722947
cell 52.117202648313324 1.0614219813015326 0.0 1.6431676725154984 0.6085806194501846 1 0 0 0.7111962841567229 0.7029934888757292 1.5823968961774493
cell 6.256453140245863 28.382164694505136 0.0 1.6431676725154984 0.6085806194501846 1 0 0 0.9046210959241345 0.4262166970087138 2.2609797739293835
cell 65.59011913592855 28.794926376333084 0.0 1.6431676725154984 0.6085806194501846 1 0 0 0.8635307428080312 0.5042961989004179 2.0844591657708995
cell 50.58526533098818 4.38748277540216 0.0 1.6431676725154984 0.6085806194501846 1 0 0 0.6923660244861133 0.7215464559799977 1.5295260360042766
cell 17.781684919891866 47.156808242271254 0.0 1.6431676725154984 0.6085806194501846 1 0 0 0.993416291722025 0.11456033930318411 2.911967825828726
cell 28.32314158134187 32.66702820732346 0.0 1.6431676725154984 0.6085806194501846 1 0 0 0.9980427279416009 0.0625356954297917 3.016439599211999
cell 53.30053482185067 15.19918135954924 0.0 1.6431676725154984 0.6085806194501846 1 0 0 0.8775603813598251 0.47946613756093187 2.141500127891239
cell 3.396465670979522 26.648535968043724 0.0 1.6431676725154984 0.6085806194501846 1 0 0 0.8991191070090214 0.43770404545914354 2.2355056105685165
cell 51.18174963558892 14.913920869415307 0.0 1.6431676725154984 0.6085806194501846 1 0 0 0.8967311013295183 0.4425757922755709 2.2246545165447977
cell 54.94553845627239 3.849411202306084 0.0 1.6431676725154984 0.6085806194501846 1 0 0 0.8079130253703143 0.5893017422653576 1.8812040642343757
cell 7.623277393136366 35.50591445031547 0.0 1.6431676725154984 0.6085806194501846 1 0 0 -0.9455926375990976 -0.3253529832633805 2.4788226590143427
cell 5.305768864383192 51.312911357302305 0.0 1.6431676725154984 0.6085806194501846 1 0 0 0.9677346059923629 0.2519716896097777 2.632158364697649
cell 19.06442027985094 15.870028013121331 0.0 1.6431676725154984 0.6085806194501846 1 0 0 0.9410230297374943 0.3383425150696656 2.4512827063198697
cell 25.92055206240321 15.783100252853226 0.0 1.6431676725154984 0.6085806194501846 1 0 0 0.9480645662239678 0.3180779437033628 2.494189756615675
cell 5.750416530969544 16.329549091967905 0.0 1.6431676725154984 0.6085806194501846 1 0 0 0.9497902680673576 0.3128872747245196 2.5051298052273543
cell 7.564200129132493 49.71573155559174 0.0 1.6431676725154984 0.6085806194501846 1 0 0 0.9660634161843722 0.25830500558483266 2.619058147904095
cell 53.34717244703036 12.472569042493333 0.0 1.6431676725154984 0.6085806194501846 1 0 0 0.8915295421993634 0.4529625540657788 2.2014215610443055
cell 45.1056258755036 48.77135839954027 0.0 1.6431676725154984 0.6085806194501846 1 0 0 -0.8046107656638061 -0.5938025899050153 1.870039364584077
cell 10.348970268963535 40.63977376313641 0.0 1.6431676725154984 0.6085806194501846 1 0 0 -0.8361128995968918 -0.5485573982070406 1.9803168693127038
cell 27.80150542084041 24.59384500760661 0.0 1.6431676725154984 0.6085806194501846 1 0 0 0.9190618649883209 0.3941132937674008 2.3313869409699075
cell 20.203653579499925 37.867953890159214 0.0 1.6431676725154984 0.6085806194501846 1 0 0 0.9429091540691454 0.33305003704039504 2.462519764961504
cell 39.75101663794749 34.86278879666988 0.0 1.6431676725154984 0.6085806194501846 1 0 0 0.999999608337143 0.0008850568120975944 3.139822539734502
cell 54.792418533231185 1.9682623814076932 0.0 1.6431676725154984 0.6085806194501846 1 0 0 0.7866492801211592 0.6174001215458755 1.8107258610985673
cell 1.549362888036174 50.890251242172575 0.0 1.6431676725154984 0.6085806194501846 1 0 0 0.8866532018700864 0.4624349679830925 2.180113685123362
cell 17.052250443317963 44.98088202413156 0.0 1.6431676725154984 0.6085806194501846 1 0 0 0.9746409949989685 0.22377428553661086 2.6902221573306035
cell 54.39103002581257 62.64990689130446 0.0 1.6431676725154984 0.6085806194501846 1 0 0 0.7404647537455735 0.6720951930050587 1.667523190140452
cell 2.7670969357248265 21.338786875513325 0.0 1.6431676725154984 0.6085806194501846 1 0 0 0.8902701398377784 0.4554328469853954 2.195875951486073
cell 14.615187672562437 47.72735750643418 0.0 1.6431676725154984 0.6085806194501846 1 0 0 0.9892204093867268 0.14643422295609876 2.8476673151389504
cell 56.99611246350692 17.023565784286234 0.0 1.6431676725154984 0.6085806194501846 1 0 0 0.970472246566771 0.2412128077935426 2.6543619211438294
cell 24.622768599827253 20.62970531179411 0.0 1.6431676725154984 0.6085806194501846 1 0 0 0.9995193868434445 0.03099992458224112 3.0795828698676755
cell 42.363181506481254 19.299457477592348 0.0 1.6431676725154984 0.6085806194501846 1 0 0 0.718419558054741 0.695610047802956 1.6030552442695107
cell 42.37613189821782 25.857273466104385 0.0 1.6431676725154984 0.6085806194501846 1 0 0 0.8466702547350892 0.5321179190243636 2.0193925070464833
cell 58.3168115230144 3.086524977016996 0.0 1.6431676725154984 0.6085806194501846 1 0 0 -0.9043024313261151 -0.42689239006765733 2.25948564105458
cell 6.175587174105016 60.00748224152679 0.0 1.0 1.0 1 0 0 0.0 1.0 0
cell 23.774801973132206 34.11720541128936 0.0 1.6431676725154984 0.6085806194501846 1 0 0 -0.9379852118260824 -0.3466752693740631 2.4335442004500827
cell 20.893485023267704 57.43084227034543 0.0 1.6431676725154984 0.6085806194501846 1 0 0 0.9119867205161828 0.4102197235654789 2.296202698378099
cell 5.9619430339023864 52.169002373813285 0.0 1.6431676725154984 0.6085806194501846 1 0 0 0.9810619147336842 0.1936943970771416 2.7517397154783354
cell 3.1410351725980385 58.68637984712858 0.0 1.6431676725154984 0.6085806194501846 1 0 0 0.9589189659047521 0.2836801311832764 2.566333185397994
cell 61.44574407857012 48.931307006263125 0.0 1.6431676725154984 0.6085806194501846 1 0 0 0.8433035325041575 0.537437579692758 2.006801440513467
cell 33.81623545934627 30.88579964684288 0.0 1.6431676725154984 0.6085806194501846 1 0 0 0.8856982958452456 0.46426127206221685 2.1759919216129444
cell 65.63314892704958 66.10526212688764 0.0 1.0 1.0 1 0 0 0.0 1.0 0
cell 63.8984967793477 66.95976663108516 0.0 1.0 1.0 1 0 0 0.0 1.0 0
cell 53.194348191396514 30.35541016422329 0.0 1.6431676725154984 0.6085806194501846 1 0 0 0.9301757488632587 0.3671145273980258 2.389782569686794
cell 3.533426724952341 39.873071997956714 0.0 1.6431676725154984 0.6085806194501846 1 0 0 0.9412300437047016 0.3377661984681793 2.452507444037891
cell 24.87251067187071 41.693852086434916 0.0 1.6431676725154984 0.6085806194501846 1 0 0 0.9903573323918637 0.13853647237342062 2.8636256854792905
cell 24.06921726033394 38.02253449133297 0.0 1.6431676725154984 0.6085806194501846 1 0 0 0.9994463038132747 0.03327289879141049 3.075034571234662
cell 19.505036775139953 13.868586191141265 0.0 1.6431676725154984 0.6085806194501846 1 0 0 0.8777094873260943 0.479193130019374 2.142122271629309
cell 17.75371683261177 43.49897467688113 0.0 1.6431676725154984 0.6085806194501846 1 0 0 0.9627473563628302 0.270402529234439 2.593970430240523
cell 10.158606222561954 20.664784598991478 0.0 1.6431676725154984 0.6085806194501846 1 0 0 0.8887485520571462 0.45839503838537143 2.189215675962364
cell 51.74155304124516 7.342345306951371 0.0 1.6431676725154984 0.6085806194501846 1 0 0 0.7976694012745841 0.6030949562633122 1.8468417681262577
cell 38.63927566758167 3.992403246025201 0.0 1.6431676725154984 0.6085806194501846 1 0 0 0.8164718578092787 0.5773852313711055 1.9105475954475308
cell 60.43598312471214 46.201932522439996 0.0 1.6431676725154984 0.6085806194501846 1 0 0 0.9005783220058351 0.4346937840976732 2.242196198676541
cell 64.4264510088794 12.294825907735584 0.0 1.6431676725154984 0.6085806194501846 1 0 0 0.8981835071303018 0.43962073144826913 2.231239917640775
cell 58.36467256629902 55.903401772386935 0.0 1.6431676725154984 0.6085806194501846 1 0 0 0.7782357305388156 0.6279722507505535 1.7837028701582807
cell 44.92177222213606 28.050825784271087 0.0 1.6431676725154984 0.6085806194501846 1 0 0 0.94809761367986 0.31797942533213525 2.4943975835034444
cell 5.13168489501116 15.155279111961029 0.0 1.6431676725154984 0.6085806194501846 1 0 0 0.912558344055135 0.408946535252898 2.298993943452058
