1000
 Lattice="61.15546790168123 0.0 0.0 0.0 61.15546790168123 0.0 0.0 0.0 1.0"Properties=species:S:1:pos:R:3:aspherical_shape:R:3:orientation:R:4:Color:R:1
cell 16.52647619476809 40.788940374985 0.0 1.0 1.0 1 0 0 0.0 1.0 0
cell 13.032852289504497 49.88650036372958 0.0 1.0 1.0 1 0 0 0.0 1.0 0
cell 15.145538765332647 23.724932221050253 0.0 1.0 1.0 1 0 0 0.0 1.0 0
cell 57.058782233390765 33.53097580631917 0.0 1.0 1.0 1 0 0 0.0 1.0 0
cell 34.269636905546534 57.374008159046255 0.0 1.6431676725154984 0.6085806194501846 1 0 0 -0.08592752248304254 -0.9963013905841577 0.17206723381658762
cell 24.12376247703909 59.05937913600658 0.0 1.0 1.0 1 0 0 0.0 1.0 0
cell 54.49111059222225 39.45799896756011 0.0 1.6431676725154984 0.6085806194501846 1 0 0 0.5457684024017566 -0.837936066140988 5.128573588965021
cell 14.933567953570748 25.36946747699707 0.0 1.0 1.0 1 0 0 0.0 1.0 0
cell 34.162503449794094 16.649233540441074 0.0 1.0 1.0 1 0 0 0.0 1.0 0
cell 10.692463450402839 56.16823259763952 0.0 1.6431676725154984 0.6085806194501846 1 0 0 0.7381532498320524 0.674633070463033 1.6606576577049965
cell 27.262670352830543 54.96216886804941 0.0 1.6431676725154984 0.6085806194501846 1 0 0 0.22814544713490495 0.9736270615341452 0.4603449374283807
cell 36.41223362585319 22.088643951280403 0.0 1.6431676725154984 0.6085806194501846 1 0 0 0.9671492801465567 0.25420910666614066 2.6275329376627163
cell 25.71059291747537 44.62656731145507 0.0 1.0 1.0 1 0 0 0.0 1.0 0
cell 31.906838694884293 25.29582420202974 0.0 1.6431676725154984 0.6085806194501846 1 0 0 0.9270265146646144 0.3749957881213835 2.3728081914637134
cell 45.00066638062021 17.09590460057272 0.0 1.6431676725154984 0.6085806194501846 1 0 0 0.4207787555345624 0.9071632922968086 0.8686072013242276
cell 13.322732729275433 37.615135073383705 0.0 1.0 1.0 1 0 0 0.0 1.0 0
cell 56.30712446950274 55.390151517084966 0.0 1.6431676725154984 0.6085806194501846 1 0 0 0.14101758557545985 0.9900070911657491 0.28297839302677785
cell 42.23354625855866 24.25780049453429 0.0 1.0 1.0 1 0 0 0.0 1.0 0
cell 15.667720971593806 13.682534822279838 0.0 1.0 1.0 1 0 0 0.0 1.0 0
cell 53.95196080008917 10.058179411668911 0.0 1.6431676725154984 0.6085806194501846 1 0 0 0.48649798319358556 0.8736816996759025 1.016153829655664
cell 35.52644529690151 19.49236007796908 0.0 1.0 1.0 1 0 0 0.0 1.0 0
cell 6.72824722061462 39.35757759462398 0.0 1.6431676725154984 0.6085806194501846 1 0 0 0.3528227907321171 0.9356901615064683 0.7211723899464174
cell 39.46351454742446 26.78717938534764 0.0 1.0 1.0 1 0 0 0.0 1.0 0
cell 7.948985300841111 54.63068338299772 0.0 1.6431676725154984 0.6085806194501846 1 0 0 0.7002318680762556 0.7139154928494249 1.5514444570940134
cell 3.421950312328311 30.819100136100214 0.0 1.0 1.0 1 0 0 0.0 1.0 0
cell 53.038792066272066 18.051456300284816 0.0 1.0 1.0 1 0 0 0.0 1.0 0
cell 38.56321896555925 15.354179541862269 0.0 1.0 1.0 1 0 0 0.0 1.0 0
cell 56.224390492983304 49.548573270716936 0.0 1.6431676725154984 0.6085806194501846 1 0 0 0.8025481150268168 0.5965873976769064 1.863108363503122
cell 37.3842392633405 52.93372152734969 0.0 1.6431676725154984 0.6085806194501846 1 0 0 0.3384689912724529 0.9409775459313618 0.6905787595205297
cell 41.57981505361878 4.185728422443993 0.0 1.6431676725154984 0.6085806194501846 1 0 0 0.6584776446698294 0.752600286652931 1.4375883446829687
cell 20.791680344280742 38.365391679631244 0.0 1.0 1.0 1 0 0 0.0 1.0 0
cell 8.511732351396082 40.99974997885023 0.0 1.6431676725154984 0.6085806194501846 1 0 0 0.4766769832204104 0.8790785253138018 0.9937414150950709
cell 9.662929558552687 51.41949053027649 0.0 1.0 1.0 1 0 0 0.0 1.0 0
cell 41.53097675284629 32.96254220484078 0.0 1.0 1.0 1 0 0 0.0 1.0 0
cell 34.159318457935534 18.37658935557989 0.0 1.0 1.0 1 0 0 0.0 1.0 0
cell 17.518103654188476 36.06198891235744 0.0 1.0 1.0 1 0 0 0.0 1.0 0
cell 39.95876024895702 3.9225591123585555 0.0 1.6431676725154984 0.6085806194501846 1 0 0 0.42585543225371747 0.9047912194644682 0.8798142452151295
cell 18.44749122890824 45.279309472272175 0.0 1.0 1.0 1 0 0 0.0 1.0 0
cell 33.96620653830956 14.79561601926559 0.0 1.0 1.0 1 0 0 0.0 1.0 0
cell 47.4703643006444 35.90794444594722 0.0 1.0 1.0 1 0 0 0.0 1.0 0
cell 29.954340927454382 51.719232746729276 0.0 1.6431676725154984 0.6085806194501846 1 0 0 -0.019909987057114904 -0.999801776561427 0.03982260540692906
cell 28.276215881296356 20.917929615345326 0.0 1.0 1.0 1 0 0 0.0 1.0 0
cell 32.50349391758822 19.011258560713898 0.0 1.0 1.0 1 0 0 0.0 1.0 0
cell 37.98425073887873 55.8994192294992 0.0 1.6431676725154984 0.6085806194501846 1 0 0 0.43289947569852 0.9014422022181713 0.8954135750691244
cell 17.21625069286227 1.591799367691905 0.0 1.6431676725154984 0.6085806194501846 1 0 0 0.9350160797042667 -0.3546053167882067 3.866576492875165
cell 21.01590665862359 27.147823353325386 0.0 1.0 1.0 1 0 0 0.0 1.0 0
cell 40.715102466139996 36.37233173529939 0.0 1.0 1.0 1 0 0 0.0 1.0 0
cell 31.758394495320008 41.66251031202973 0.0 1.0 1.0 1 0 0 0.0 1.0 0
cell 50.70770264854606 49.38952131606038 0.0 1.6431676725154984 0.6085806194501846 1 0 0 0.8042259933884446 0.5943236084477627 1.8687439726890285
cell 10.651845035977516 11.995301480859295 0.0 1.0 1.0 1 0 0 0.0 1.0 0
cell 42.06869887164399 34.84686794068687 0.0 1.0 1.0 1 0 0 0.0 1.0 0
cell 1.7424942723779886 21.298119070966862 0.0 1.6431676725154984 0.6085806194501846 1 0 0 -0.4310406621048192 -0.9023325039098609 0.8912915238409029
cell 7.078182092733263 7.787657154804252 0.0 1.6431676725154984 0.6085806194501846 1 0 0 0.8333509175234677 0.5527442883131354 1.9702851901948601
cell 4.935573863568349 37.18533021111395 0.0 1.6431676725154984 0.6085806194501846 1 0 0 0.46020576007201025 0.8878122878156978 0.9564538907710508
cell 4.58029500403565 27.057559901249103 0.0 1.0 1.0 1 0 0 0.0 1.0 0
cell 38.86694024930698 5.814286778158494 0.0 1.6431676725154984 0.6085806194501846 1 0 0 -0.2648381340732179 -0.9642928822409799 0.5360721174723135
cell 36.406322143102116 56.844570543345775 0.0 1.6431676725154984 0.6085806194501846 1 0 0 0.09946932637849067 0.9950406288739215 0.1992681767458802
cell 22.592091452916044 19.276731166922765 0.0 1.6431676725154984 0.6085806194501846 1 0 0 -0.533412717177838 -0.845855113570259 1.1252601843427597
cell 13.264768241694934 32.75236748541202 0.0 1.0 1.0 1 0 0 0.0 1.0 0
cell 26.158211815788246 28.8259526159066 0.0 1.0 1.0 1 0 0 0.0 1.0 0
cell 42.73076113892122 29.924613946879706 0.0 1.0 1.0 1 0 0 0.0 1.0 0
cell 38.30544183626592 46.02218998674283 0.0 1.6431676725154984 0.6085806194501846 1 0 0 -0.37764018221026935 0.9259524246850885 5.508692431994906
cell 46.517771717560215 9.691335498497923 0.0 1.6431676725154984 0.6085806194501846 1 0 0 0.37478048656035995 0.9271135782058096 0.7683199846879754
cell 47.61912386410514 24.56638353681455 0.0 1.0 1.0 1 0 0 0.0 1.0 0
cell 46.451083952845565 30.719227401571043 0.0 1.0 1.0 1 0 0 0.0 1.0 0
cell 42.12376395799876 22.24011681882631 0.0 1.0 1.0 1 0 0 0.0 1.0 0
cell 19.68680583955738 25.671942971216954 0.0 1.0 1.0 1 0 0 0.0 1.0 0
cell 18.93966765686593 17.320005965243116 0.0 1.0 1.0 1 0 0 0.0 1.0 0
cell 17.204253733626203 56.27129300834811 0.0 1.6431676725154984 0.6085806194501846 1 0 0 -0.18692585401140024 -0.9823740250546676 0.3760638123922657
cell 16.194406376163972 28.482993083319567 0.0 1.0 1.0 1 0 0 0.0 1.0 0
cell 32.3318214583118 33.76376461529726 0.0 1.0 1.0 1 0 0 0.0 1.0 0
cell 39.97381263703881 10.747439481238686 0.0 1.6431676725154984 0.6085806194501846 1 0 0 0.6796569571113861 0.7335301088913062 1.4945897460147592
cell 3.315244476921243 0.3851957049164047 0.0 1.6431676725154984 0.6085806194501846 1 0 0 0.9314554994343469 0.3638552632208462 2.396785591042653
cell 48.32479635025351 18.87410500315513 0.0 1.0 1.0 1 0 0 0.0 1.0 0
cell 57.43500125850781 19.387147373220838 0.0 1.0 1.0 1 0 0 0.0 1.0 0
cell 57.536566938747576 11.368812379950784 0.0 1.0 1.0 1 0 0 0.0 1.0 0
cell 29.06340129675257 33.21027732559555 0.0 1.0 1.0 1 0 0 0.0 1.0 0
cell 26.788476812972405 56.075730140282296 0.0 1.6431676725154984 0.6085806194501846 1 0 0 -0.2011572775186306 -0.9795589567255728 0.40507840981435983
cell 35.53804056414537 34.086221909497134 0.0 1.0 1.0 1 0 0 0.0 1.0 0
cell 12.135182379765137 34.12189837402429 0.0 1.0 1.0 1 0 0 0.0 1.0 0
cell 5.040103553221055 17.45728523788116 0.0 1.6431676725154984 0.6085806194501846 1 0 0 0.4506929296025193 0.8926790482621951 0.9350828461348332
cell 46.81538801634875 8.579124124113193 0.0 1.6431676725154984 0.6085806194501846 1 0 0 0.37064144038427743 0.9287760347198177 0.7593991107633886
cell 11.029684971166075 49.94155280918597 0.0 1.0 1.0 1 0 0 0.0 1.0 0
cell 26.601688655949385 42.86805399858087 0.0 1.0 1.0 1 0 0 0.0 1.0 0
cell 43.03309811490934 31.662760538333988 0.0 1.0 1.0 1 0 0 0.0 1.0 0
cell 14.975751078266267 50.94311337736972 0.0 1.0 1.0 1 0 0 0.0 1.0 0
cell 20.682130754224843 18.137107653336315 0.0 1.0 1.0 1 0 0 0.0 1.0 0
cell 11.479248423467354 8.87741742087916 0.0 1.6431676725154984 0.6085806194501846 1 0 0 0.6611491971661653 -0.7502544495613039 4.838486362601928
cell 60.67191402437999 33.49217836030792 0.0 1.0 1.0 1 0 0 0.0 1.0 0
cell 43.032244448842384 48.24895247594661 0.0 1.6431676725154984 0.6085806194501846 1 0 0 -0.025558888323641466 0.999673318253348 6.232061963389969
cell 26.83927887236959 51.834483248892035 0.0 1.6431676725154984 0.6085806194501846 1 0 0 0.13975471105095483 0.9901861545886531 0.2804273806829134
cell 29.942183911313485 24.03811342565245 0.0 1.0 1.0 1 0 0 0.0 1.0 0
cell 61.071126379881335 37.07098635600698 0.0 1.6431676725154984 0.6085806194501846 1 0 0 -0.3536585657698669 -0.9353745874555288 0.722959126578866
cell 13.892126572259992 22.774141726111033 0.0 1.0 1.0 1 0 0 0.0 1.0 0
cell 14.533245444577515 36.40336265770474 0.0 1.0 1.0 1 0 0 0.0 1.0 0
cell 39.81126371145382 22.18614606972635 0.0 1.6431676725154984 0.6085806194501846 1 0 0 0.9701960294677826 0.24232140723623563 2.652076936459334
cell 0.46109313949294156 23.62479172082374 0.0 1.0 1.0 1 0 0 0.0 1.0 0
cell 57.72284186524728 21.115589012067147 0.0 1.0 1.0 1 0 0 0.0 1.0 0
cell 60.72718269577925 40.22530400456742 0.0 1.6431676725154984 0.6085806194501846 1 0 0 -0.13195284580195857 0.99125599442564 6.018507717494326
cell 44.057610096353194 22.65360607942829 0.0 1.0 1.0 1 0 0 0.0 1.0 0
cell 33.82695024144193 23.24495207518724 0.0 1.6431676725154984 0.6085806194501846 1 0 0 0.9877110401694232 0.15629107820805357 2.8277237332280265
cell 16.059649171160615 6.906136841568594 0.0 1.6431676725154984 0.6085806194501846 1 0 0 0.23982463345393296 0.9708162262697748 0.4843704175109605
cell 0.5097352340875277 52.297630156705964 0.0 1.6431676725154984 0.6085806194501846 1 0 0 0.45461580041606164 0.8906876411021226 0.9438816299402873
cell 7.816349178411537 25.23192306953871 0.0 1.0 1.0 1 0 0 0.0 1.0 0
cell 27.521268552427582 44.613583479992805 0.0 1.0 1.0 1 0 0 0.0 1.0 0
cell 49.56995242076299 21.856006688249234 0.0 1.0 1.0 1 0 0 0.0 1.0 0
cell 13.488615436179732 39.2793380431362 0.0 1.0 1.0 1 0 0 0.0 1.0 0
cell 6.7880201369606645 22.45035163108142 0.0 1.6431676725154984 0.6085806194501846 1 0 0 0.06226619749090803 -0.9980595777056714 6.158572301147979
cell 29.209428649258776 19.147409858095845 0.0 1.0 1.0 1 0 0 0.0 1.0 0
cell 51.042287967861846 25.196798762916547 0.0 1.0 1.0 1 0 0 0.0 1.0 0
cell 11.11495804407052 40.450949664053795 0.0 1.0 1.0 1 0 0 0.0 1.0 0
cell 20.708952724206643 34.430173886517494 0.0 1.0 1.0 1 0 0 0.0 1.0 0
cell 23.029705197534348 9.290346448901083 0.0 1.0 1.0 1 0 0 0.0 1.0 0
cell 15.850998919837659 35.14948160299754 0.0 1.0 1.0 1 0 0 0.0 1.0 0
cell 39.66306414287686 54.06429076211544 0.0 1.6431676725154984 0.6085806194501846 1 0 0 0.8391617837190121 -0.5438818812440124 4.291704883924849
cell 45.17871459165826 41.4103884608442 0.0 1.6431676725154984 0.6085806194501846 1 0 0 -0.08214918537731043 0.9966200436183512 6.118701578691413
cell 56.23256173880881 9.868314653987808 0.0 1.0 1.0 1 0 0 0.0 1.0 0
cell 51.281367397325724 43.472295364035546 0.0 1.6431676725154984 0.6085806194501846 1 0 0 0.9322349849962455 0.36185346861547424 2.401081999383576
cell 50.393068503982285 34.029676162237585 0.0 1.0 1.0 1 0 0 0.0 1.0 0
cell 31.789283059437643 57.762162922515905 0.0 1.6431676725154984 0.6085806194501846 1 0 0 -0.03998014737255102 -0.9992004742873519 0.07998161166650863
cell 53.713966359423345 14.277954644623271 0.0 1.6431676725154984 0.6085806194501846 1 0 0 0.19987669192128008 0.9798210591871384 0.4024641432512289
cell 56.46412960187194 25.526509464667335 0.0 1.0 1.0 1 0 0 0.0 1.0 0
cell 26.60247635035158 39.737697616237455 0.0 1.0 1.0 1 0 0 0.0 1.0 0
cell 30.4742210148457 12.397271652289714 0.0 1.0 1.0 1 0 0 0.0 1.0 0
cell 55.31981521913352 33.305663773537965 0.0 1.0 1.0 1 0 0 0.0 1.0 0
cell 29.06079921228488 22.585663725837403 0.0 1.0 1.0 1 0 0 0.0 1.0 0
cell 37.035621540736514 58.116870502603845 0.0 1.6431676725154984 0.6085806194501846 1 0 0 -0.008640034105815103 -0.9999626742087179 0.01728028321224695
cell 38.47426010289765 4.177766763542169 0.0 1.6431676725154984 0.6085806194501846 1 0 0 0.33277421940728397 0.9430065317365902 0.6784878834062205
cell 42.37418240089671 11.50856554721899 0.0 1.6431676725154984 0.6085806194501846 1 0 0 -0.03901061171697612 -0.9992387963712515 0.07804102614310704
cell 42.0385562413394 41.612638066210764 0.0 1.6431676725154984 0.6085806194501846 1 0 0 -0.11282279093802479 0.9936151256120022 6.057058255864584
cell 57.56196793361589 59.12624897429385 0.0 1.6431676725154984 0.6085806194501846 1 0 0 -0.5107513272296194 -0.8597284930332264 1.0721169517184164
cell 3.9027628463108606 34.72442367254972 0.0 1.6431676725154984 0.6085806194501846 1 0 0 0.6651699564181999 0.7466919907690253 1.455442814831271
cell 45.231029887556076 33.83429666626596 0.0 1.0 1.0 1 0 0 0.0 1.0 0
cell 28.245438455031668 17.642310779883346 0.0 1.0 1.0 1 0 0 0.0 1.0 0
cell 39.19399395429373 42.17042545561652 0.0 1.6431676725154984 0.6085806194501846 1 0 0 0.30949691400372387 -0.9509004470617161 5.6538574589474315
cell 15.918270113241938 42.32341357216031 0.0 1.0 1.0 1 0 0 0.0 1.0 0
cell 14.128333330301114 12.614645349424265 0.0 1.0 1.0 1 0 0 0.0 1.0 0
cell 32.467694660820285 17.282082357101434 0.0 1.0 1.0 1 0 0 0.0 1.0 0
cell 21.624959209527763 9.158581558999302 0.0 1.6431676725154984 0.6085806194501846 1 0 0 0.7223677772039641 0.6915090704086275 1.614440592319403
cell 20.637710289977793 60.30245545028365 0.0 1.0 1.0 1 0 0 0.0 1.0 0
cell 49.764259470065305 19.908312572003066 0.0 1.0 1.0 1 0 0 0.0 1.0 0
cell 12.242319519245834 55.15312407913682 0.0 1.6431676725154984 0.6085806194501846 1 0 0 0.8474965380392029 0.5308009212610374 2.0225019942673472
cell 21.598315951703352 25.387533334004402 0.0 1.0 1.0 1 0 0 0.0 1.0 0
cell 17.653228094388897 19.267106601372188 0.0 1.0 1.0 1 0 0 0.0 1.0 0
cell 20.5757369644182 10.21171662502975 0.0 1.0 1.0 1 0 0 0.0 1.0 0
cell 6.001612830522175 56.547838011610786 0.0 1.6431676725154984 0.6085806194501846 1 0 0 0.9984504427969058 -0.055648120171869896 3.2529464162190416
cell 20.402700864800224 56.97203887749687 0.0 1.6431676725154984 0.6085806194501846 1 0 0 0.04648729671526669 0.9989188812131378 0.09300811345318463
cell 37.966286320257666 39.14737638172238 0.0 1.0 1.0 1 0 0 0.0 1.0 0
cell 6.38775931867328 33.734712099305284 0.0 1.0 1.0 1 0 0 0.0 1.0 0
cell 5.5815443836118845 9.133088604343335 0.0 1.6431676725154984 0.6085806194501846 1 0 0 0.7286622974618526 0.6848731680082193 1.632733407209154
cell 56.73394244187545 15.736781252304766 0.0 1.6431676725154984 0.6085806194501846 1 0 0 0.2857886625162407 0.9582926694789949 0.5796586288143053
cell 41.1332418418708 12.724363677851995 0.0 1.6431676725154984 0.6085806194501846 1 0 0 0.9953918193484894 0.09589121948387264 2.9495150811641677
cell 61.09517603511085 9.872880784781534 0.0 1.6431676725154984 0.6085806194501846 1 0 0 0.9116130743153523 -0.4110493920896999 3.988802456488086
cell 9.387753382494477 9.054839246829792 0.0 1.6431676725154984 0.6085806194501846 1 0 0 0.2724962600953732 -0.962156841805968 5.731212259436614
cell 18.471985512523847 24.2095441865042 0.0 1.0 1.0 1 0 0 0.0 1.0 0
cell 18.041891062183733 9.301925346791935 0.0 1.6431676725154984 0.6085806194501846 1 0 0 -0.5273612157927058 -0.8496411878420438 1.110983595986279
cell 34.25053757764775 31.025417489622637 0.0 1.0 1.0 1 0 0 0.0 1.0 0
cell 50.28406217538345 41.05791308542473 0.0 1.6431676725154984 0.6085806194501846 1 0 0 0.47483212794082175 -0.8800763888863233 5.293638757672234
cell 48.83758468475969 4.3420538281722685 0.0 1.6431676725154984 0.6085806194501846 1 0 0 0.6431388042389566 0.7657496186627095 1.397180481913311
cell 42.89210374547197 14.810412332503436 0.0 1.6431676725154984 0.6085806194501846 1 0 0 -0.37859102833047825 -0.9255640622170196 0.7765470746332843
cell 0.3787664265901452 25.45450057103936 0.0 1.0 1.0 1 0 0 0.0 1.0 0
cell 30.89573875124312 16.051781662332157 0.0 1.0 1.0 1 0 0 0.0 1.0 0
cell 20.7016097995398 30.61801292590442 0.0 1.0 1.0 1 0 0 0.0 1.0 0
cell 27.409494089870435 33.89148754680356 0.0 1.0 1.0 1 0 0 0.0 1.0 0
cell 53.190222532902084 39.5258922659134 0.0 1.6431676725154984 0.6085806194501846 1 0 0 0.5480289450488085 -0.8364593686418307 5.123173332307167
cell 38.60522745540986 33.94026251454183 0.0 1.0 1.0 1 0 0 0.0 1.0 0
cell 27.23413366346108 37.898113920695494 0.0 1.0 1.0 1 0 0 0.0 1.0 0
cell 31.378579350644696 56.08712657165911 0.0 1.6431676725154984 0.6085806194501846 1 0 0 0.354443917938471 0.9350772743663629 0.7246386183390834
cell 24.670074922620806 15.936263604287504 0.0 1.0 1.0 1 0 0 0.0 1.0 0
cell 47.99456728057569 47.59886023828355 0.0 1.6431676725154984 0.6085806194501846 1 0 0 0.38849483908849675 -0.9214508993981193 5.485190185728543
cell 39.46291802332369 59.028376166971654 0.0 1.6431676725154984 0.6085806194501846 1 0 0 -0.030891181787403747 -0.9995227535618074 0.06179219392241908
cell 58.56243965693004 48.0046340636841 0.0 1.6431676725154984 0.6085806194501846 1 0 0 0.9978993435880166 0.06478348606400917 3.0119348799298042
cell 41.53217316471361 57.859752776323965 0.0 1.6431676725154984 0.6085806194501846 1 0 0 0.7599316875244242 -0.6500029463750768 4.556769281343265
cell 24.461111837817064 11.350998201011231 0.0 1.0 1.0 1 0 0 0.0 1.0 0
cell 13.19648921300911 1.9862886511293443 0.0 1.6431676725154984 0.6085806194501846 1 0 0 0.9041987420340722 0.42711196998445405 2.258999979405138
cell 13.83698545518229 8.41677420783688 0.0 1.6431676725154984 0.6085806194501846 1 0 0 -0.1351100870953858 -0.9908305931717476 0.2710491349909141
cell 20.222696173797228 40.250149186322744 0.0 1.0 1.0 1 0 0 0.0 1.0 0
cell 20.6285165192645 36.34338468223356 0.0 1.0 1.0 1 0 0 0.0 1.0 0
cell 52.93958776075056 22.567434616474895 0.0 1.0 1.0 1 0 0 0.0 1.0 0
cell 13.545664844768929 15.842319600616133 0.0 1.0 1.0 1 0 0 0.0 1.0 0
cell 3.5254600538324268 15.081303344205102 0.0 1.0 1.0 1 0 0 0.0 1.0 0
cell 12.44257099704466 27.84241431649446 0.0 1.0 1.0 1 0 0 0.0 1.0 0
cell 31.617196227129526 3.503325879696626 0.0 1.6431676725154984 0.6085806194501846 1 0 0 0.5218533112273485 0.8530352405153331 1.0980442370765156
cell 54.86062609686659 28.437318063718568 0.0 1.0 1.0 1 0 0 0.0 1.0 0
cell 43.87722729987123 35.3142629516069 0.0 1.0 1.0 1 0 0 0.0 1.0 0
cell 3.600642158459251 17.287903800011115 0.0 1.6431676725154984 0.6085806194501846 1 0 0 0.4677870392001566 0.8838412108271209 0.9735706302671822
cell 58.67958794877751 18.283709147360437 0.0 1.6431676725154984 0.6085806194501846 1 0 0 0.49594148659642345 0.8683559419227403 1.0378374274710407
cell 36.410007172429594 12.888635876683567 0.0 1.0 1.0 1 0 0 0.0 1.0 0
cell 46.22186312586585 2.4900012023007663 0.0 1.6431676725154984 0.6085806194501846 1 0 0 0.6542174941130721 0.7563064659226526 1.4262950312161171
cell 60.8094467523646 28.276280099287977 0.0 1.0 1.0 1 0 0 0.0 1.0 0
cell 6.44998869621614 19.9416666427997 0.0 1.0 1.0 1 0 0 0.0 1.0 0
cell 51.07207947604579 22.273408875116367 0.0 1.6431676725154984 0.6085806194501846 1 0 0 0.9605484099892634 0.2781128405289801 2.57793489348147
cell 20.742187535082707 6.5426039023461104 0.0 1.6431676725154984 0.6085806194501846 1 0 0 -0.48172138162848516 -0.8763244322064422 1.005235948589613
cell 57.06244556929223 36.554289170562036 0.0 1.6431676725154984 0.6085806194501846 1 0 0 -0.09990281592890275 -0.9949971996792131 0.20013949594863334
cell 53.752204568370274 36.163807771544924 0.0 1.6431676725154984 0.6085806194501846 1 0 0 -0.04482284950441901 -0.9989949510194254 0.08967574386060484
cell 61.10797822734156 1.4509755289585473 0.0 1.6431676725154984 0.6085806194501846 1 0 0 0.9321527598585416 0.36206523208961117 2.4006276658388277
cell 1.0784515567651733 45.90150256657793 0.0 1.0 1.0 1 0 0 0.0 1.0 0
cell 6.464820382548308 23.89734785885423 0.0 1.0 1.0 1 0 0 0.0 1.0 0
cell 19.87811299196054 48.75023152198963 0.0 1.0 1.0 1 0 0 0.0 1.0 0
cell 39.58866592285432 32.40612701945771 0.0 1.0 1.0 1 0 0 0.0 1.0 0
cell 27.003075017091994 2.1589343184935514 0.0 1.6431676725154984 0.6085806194501846 1 0 0 -0.2934172826253065 0.9559844654892573 5.687586291080059
cell 40.39428080763624 25.17270744687892 0.0 1.0 1.0 1 0 0 0.0 1.0 0
cell 42.01191879998543 26.160228125529954 0.0 1.0 1.0 1 0 0 0.0 1.0 0
cell 54.50587009920358 26.44724592724846 0.0 1.0 1.0 1 0 0 0.0 1.0 0
cell 33.861578754779835 43.11459597426966 0.0 1.6431676725154984 0.6085806194501846 1 0 0 0.5385400009039576 0.8425999450666759 1.1374068338843677
cell 3.271708244699367 54.8175564571335 0.0 1.6431676725154984 0.6085806194501846 1 0 0 0.9686670129460855 0.24836307702657445 2.6396126208199204
cell 50.27793182758722 4.788871441689437 0.0 1.6431676725154984 0.6085806194501846 1 0 0 0.8035812606179338 0.5951950584335294 1.8665759269901225
cell 35.679426980564266 38.083145796839965 0.0 1.0 1.0 1 0 0 0.0 1.0 0
cell 23.765993177441935 37.021680973361 0.0 1.0 1.0 1 0 0 0.0 1.0 0
cell 13.787714835159079 14.221487950282219 0.0 1.0 1.0 1 0 0 0.0 1.0 0
cell 36.42385352304867 45.261462489625046 0.0 1.6431676725154984 0.6085806194501846 1 0 0 -0.008236211868145025 0.9999660818318105 6.266712697202623
cell 42.77459435966067 16.17848967978229 0.0 1.6431676725154984 0.6085806194501846 1 0 0 0.29736725829361427 0.9547631715221 0.6038679679277859
cell 23.605883581741473 25.530256803096872 0.0 1.0 1.0 1 0 0 0.0 1.0 0
cell 11.37466534920065 29.272245727023325 0.0 1.0 1.0 1 0 0 0.0 1.0 0
cell 40.76822977459929 8.729791393442232 0.0 1.6431676725154984 0.6085806194501846 1 0 0 0.8774661177718983 -0.4796386266370891 4.142078310846617
cell 58.55645300998836 54.614302624546944 0.0 1.6431676725154984 0.6085806194501846 1 0 0 0.08181283939173084 0.9966477107336689 0.1638087645117529
cell 29.00700789668458 25.978153668510227 0.0 1.0 1.0 1 0 0 0.0 1.0 0
cell 56.02983379767574 42.98785997823 0.0 1.6431676725154984 0.6085806194501846 1 0 0 0.9934589324760666 -0.11418997102860669 3.370471851699281
cell 39.34023178465436 30.540742416526594 0.0 1.0 1.0 1 0 0 0.0 1.0 0
cell 21.975382527690947 6.250726006710055 0.0 1.6431676725154984 0.6085806194501846 1 0 0 0.538170673771824 0.8428358831302694 1.1365303196438525
cell 12.492238857735776 11.25781915976541 0.0 1.0 1.0 1 0 0 0.0 1.0 0
cell 23.05758500660711 46.849028874718826 0.0 1.0 1.0 1 0 0 0.0 1.0 0
cell 14.875834103353272 43.53767958255494 0.0 1.0 1.0 1 0 0 0.0 1.0 0
cell 42.49502182043594 36.805090955586586 0.0 1.0 1.0 1 0 0 0.0 1.0 0
cell 1.3332340500097855 41.46402637202165 0.0 1.6431676725154984 0.6085806194501846 1 0 0 -0.15024094722868625 -0.9886494109520458 0.30162396357373567
cell 9.230891852757075 44.4182721987545 0.0 1.6431676725154984 0.6085806194501846 1 0 0 -0.28557242415212797 -0.9583571310132132 0.5792073447808015
cell 27.81856256470085 15.691454509522194 0.0 1.0 1.0 1 0 0 0.0 1.0 0
cell 38.678443132401895 9.790653662330328 0.0 1.6431676725154984 0.6085806194501846 1 0 0 0.6222549953229253 0.7828146145772102 1.34324008329093
cell 54.73874476535367 23.06010575031429 0.0 1.0 1.0 1 0 0 0.0 1.0 0
cell 40.70191254675069 46.54574742806581 0.0 1.6431676725154984 0.6085806194501846 1 0 0 -0.03736290935627077 -0.9993017627345782 0.0747432156886303
cell 20.635755234582007 16.748540116055185 0.0 1.6431676725154984 0.6085806194501846 1 0 0 -0.3173275096552263 -0.9483160083094729 0.6458200205851847
cell 29.090482522365026 61.13603044531881 0.0 1.6431676725154984 0.6085806194501846 1 0 0 0.5864960655732737 -0.8099520757841604 5.029733449143716
cell 21.598871104670877 52.16101717456239 0.0 1.0 1.0 1 0 0 0.0 1.0 0
cell 37.221997553959625 9.287415735604787 0.0 1.0 1.0 1 0 0 0.0 1.0 0
cell 35.84408763996341 1.6575523868422222 0.0 1.6431676725154984 0.6085806194501846 1 0 0 0.9902034602605742 0.13963204248304012 2.861413039440976
cell 31.506158908991033 27.275479775087465 0.0 1.0 1.0 1 0 0 0.0 1.0 0
cell 5.656595375359909 32.27110468716632 0.0 1.6431676725154984 0.6085806194501846 1 0 0 0.8686825724471109 0.49536914349469713 2.1050732005361974
cell 54.84325654442863 50.007929775974 0.0 1.6431676725154984 0.6085806194501846 1 0 0 0.6362056582401021 0.7715195139614281 1.379140442353579
cell 2.9616306828587535 51.04585181282795 0.0 1.0 1.0 1 0 0 0.0 1.0 0
cell 33.88868810894338 60.71866377824362 0.0 1.6431676725154984 0.6085806194501846 1 0 0 0.11836038348260357 -0.9929707043119907 6.045908315864692
cell 14.10342207615555 34.45691697576787 0.0 1.0 1.0 1 0 0 0.0 1.0 0
cell 30.25912544182849 38.31107717537291 0.0 1.0 1.0 1 0 0 0.0 1.0 0
cell 28.36145137759198 4.281741506343237 0.0 1.6431676725154984 0.6085806194501846 1 0 0 0.4697983887608342 -0.8827737388015822 5.305060546558135
cell 6.700714102576412 51.25050500222723 0.0 1.6431676725154984 0.6085806194501846 1 0 0 -0.6011961693056829 -0.7991014741646849 1.2899943205941788
cell 8.630765082641497 15.553412555732496 0.0 1.6431676725154984 0.6085806194501846 1 0 0 0.9969244490110266 -0.07836863507846054 3.29849080617371
cell 19.357686293382976 10.469558303717701 0.0 1.6431676725154984 0.6085806194501846 1 0 0 -0.5957804691649954 -0.803147329299885 1.276474124468197
cell 55.456668568928855 40.516703336198724 0.0 1.6431676725154984 0.6085806194501846 1 0 0 -0.31952223868080004 0.947578777193965 5.632734801692013
cell 13.499173229478547 21.258772347019825 0.0 1.0 1.0 1 0 0 0.0 1.0 0
cell 14.456892898678078 11.030881637015424 0.0 1.0 1.0 1 0 0 0.0 1.0 0
cell 14.942368481020578 38.37100060990482 0.0 1.0 1.0 1 0 0 0.0 1.0 0
cell 61.012209497899036 30.27812904508964 0.0 1.0 1.0 1 0 0 0.0 1.0 0
cell 35.831781321283 32.12961089807314 0.0 1.0 1.0 1 0 0 0.0 1.0 0
cell 39.547525599444064 18.181785744672602 0.0 1.0 1.0 1 0 0 0.0 1.0 0
cell 0.3257314107798417 58.63435713676371 0.0 1.6431676725154984 0.6085806194501846 1 0 0 -0.8019751557831655 -0.5973573884255283 1.8611888134323387
cell 46.80319385472425 32.572698849649306 0.0 1.0 1.0 1 0 0 0.0 1.0 0
cell 15.90685889571574 8.117780830740895 0.0 1.6431676725154984 0.6085806194501846 1 0 0 -0.184077584283255 -0.9829117167703523 0.37026665491369215
cell 58.667847928101125 12.865468340682208 0.0 1.0 1.0 1 0 0 0.0 1.0 0
cell 25.204046409529546 46.43006604481727 0.0 1.0 1.0 1 0 0 0.0 1.0 0
cell 0.7784790251642311 38.80394707876618 0.0 1.6431676725154984 0.6085806194501846 1 0 0 -0.2652120399480926 -0.9641901129272024 0.5368476615058908
cell 45.230808700816596 18.767710150452082 0.0 1.0 1.0 1 0 0 0.0 1.0 0
cell 33.455784537330075 26.786365084004345 0.0 1.0 1.0 1 0 0 0.0 1.0 0
cell 48.016622247718615 29.39408529830462 0.0 1.0 1.0 1 0 0 0.0 1.0 0
cell 48.15086562371085 31.333785929640356 0.0 1.0 1.0 1 0 0 0.0 1.0 0
cell 22.099965101469216 58.88782683478278 0.0 1.0 1.0 1 0 0 0.0 1.0 0
cell 1.7781927292016242 30.865064446689615 0.0 1.0 1.0 1 0 0 0.0 1.0 0
cell 34.174498593396926 1.0634866890445258 0.0 1.6431676725154984 0.6085806194501846 1 0 0 0.9399830159782644 0.34122123273970806 2.4451610557720183
cell 25.811634742025486 34.63410647038353 0.0 1.0 1.0 1 0 0 0.0 1.0 0
cell 25.5293020437084 41.39372194973234 0.0 1.0 1.0 1 0 0 0.0 1.0 0
cell 28.81993119004362 12.998051187863997 0.0 1.0 1.0 1 0 0 0.0 1.0 0
cell 42.8305159309541 5.6916256447974805 0.0 1.0 1.0 1 0 0 0.0 1.0 0
cell 30.985959613677924 10.28449783327381 0.0 1.6431676725154984 0.6085806194501846 1 0 0 0.3193147104192273 -0.9476487301262452 5.633172803483232
cell 7.2088091597833115 42.26710565867658 0.0 1.6431676725154984 0.6085806194501846 1 0 0 0.36976789666085297 0.929124158871681 0.7575183990608614
cell 60.104173048707565 14.215633317989603 0.0 1.0 1.0 1 0 0 0.0 1.0 0
cell 12.403377075511019 20.421082094695798 0.0 1.6431676725154984 0.6085806194501846 1 0 0 -0.28462532070907626 0.9586388406544226 5.705954186407577
cell 22.678512662064442 43.310301013656186 0.0 1.0 1.0 1 0 0 0.0 1.0 0
cell 54.85097256908943 24.724487695366687 0.0 1.0 1.0 1 0 0 0.0 1.0 0
cell 54.52681986489434 0.7371306871842808 0.0 1.6431676725154984 0.6085806194501846 1 0 0 0.8892964130924633 0.4573312690609279 2.1916087969876976
cell 4.2895823533771225 22.139435432387017 0.0 1.6431676725154984 0.6085806194501846 1 0 0 0.1512445771365245 -0.9884963722173157 5.97953088165372
cell 16.836407018620438 60.71010889525602 0.0 1.0 1.0 1 0 0 0.0 1.0 0
cell 21.546836457402843 0.9250067116326258 0.0 1.0 1.0 1 0 0 0.0 1.0 0
cell 2.966748706507167 36.74529787197284 0.0 1.0 1.0 1 0 0 0.0 1.0 0
cell 46.35702561466772 12.24916711450837 0.0 1.0 1.0 1 0 0 0.0 1.0 0
cell 56.30115065738741 0.35918374672038306 0.0 1.6431676725154984 0.6085806194501846 1 0 0 0.9223040516694233 0.3864650518147348 2.3480011248234898
cell 51.18158731180094 7.285554180683089 0.0 1.6431676725154984 0.6085806194501846 1 0 0 0.6068304526411942 0.7948313039553005 1.304133586556155
cell 57.522200143813336 0.8962081751527531 0.0 1.6431676725154984 0.6085806194501846 1 0 0 0.8638438921166249 0.5037595954945184 2.085701752938244
cell 52.80728664798445 20.105729022835376 0.0 1.0 1.0 1 0 0 0.0 1.0 0
cell 0.7276357183726949 32.141083073308124 0.0 1.0 1.0 1 0 0 0.0 1.0 0
cell 15.986953816651388 31.45833221644784 0.0 1.0 1.0 1 0 0 0.0 1.0 0
cell 9.495559413880269 57.59330253732417 0.0 1.6431676725154984 0.6085806194501846 1 0 0 0.7034291741662618 0.7107653599689358 1.560421346804853
cell 56.20774647023001 16.911358242502043 0.0 1.6431676725154984 0.6085806194501846 1 0 0 0.010101069871365222 0.9999489828923542 0.02020248330132071
cell 60.15462526066398 38.96334242221628 0.0 1.6431676725154984 0.6085806194501846 1 0 0 -0.1219696749265475 -0.992533827332002 0.24454826652142803
cell 14.43538655199262 28.003474814200565 0.0 1.0 1.0 1 0 0 0.0 1.0 0
cell 61.04612916407522 55.676897709764475 0.0 1.6431676725154984 0.6085806194501846 1 0 0 0.6169033891407746 0.7870388862480849 1.329604198289352
cell 45.419676450409824 21.879522896974244 0.0 1.0 1.0 1 0 0 0.0 1.0 0
cell 28.98285330934643 54.61158142568627 0.0 1.6431676725154984 0.6085806194501846 1 0 0 0.4034574704030645 0.9149983986739869 0.8305847502623301
cell 19.34131201707564 55.70009046668102 0.0 1.6431676725154984 0.6085806194501846 1 0 0 -0.08497613935924528 -0.996382986476384 0.17015748220221028
cell 55.12627899321958 4.205920950920271 0.0 1.6431676725154984 0.6085806194501846 1 0 0 0.9949297936419951 -0.10057189330770853 3.343077077982209
cell 33.071758418861116 28.329609309600407 0.0 1.0 1.0 1 0 0 0.0 1.0 0
cell 4.6119924185526235 38.410794127373485 0.0 1.6431676725154984 0.6085806194501846 1 0 0 0.4590143651588917 0.8884288449717173 0.9537709335701151
cell 47.9908184110888 38.178824889178905 0.0 1.6431676725154984 0.6085806194501846 1 0 0 -0.19342262595408072 0.9811155323248265 5.89388638852591
cell 37.87768190626823 27.60286849150522 0.0 1.0 1.0 1 0 0 0.0 1.0 0
cell 3.098109234093069 40.04607433373311 0.0 1.6431676725154984 0.6085806194501846 1 0 0 -0.2585355835167834 -0.9660017350168871 0.5230118766081286
cell 18.825060269832317 15.079396348987803 0.0 1.6431676725154984 0.6085806194501846 1 0 0 0.7978977205897084 0.602792856193359 1.8475991165629448
cell 47.1451998314194 27.870758169909283 0.0 1.0 1.0 1 0 0 0.0 1.0 0
cell 15.08096455120415 0.3555002152169318 0.0 1.6431676725154984 0.6085806194501846 1 0 0 0.8467130919291284 -0.5320497532710784 4.263631783424435
cell 50.75595832783288 38.998277753289564 0.0 1.6431676725154984 0.6085806194501846 1 0 0 0.32884928389582035 -0.9443824164400808 5.613015645319366
cell 40.84460202899066 27.436543607900308 0.0 1.0 1.0 1 0 0 0.0 1.0 0
cell 9.696902847709032 19.424976315817368 0.0 1.0 1.0 1 0 0 0.0 1.0 0
cell 57.78571866852959 4.377999478846569 0.0 1.6431676725154984 0.6085806194501846 1 0 0 0.8936836001698666 0.44869769643650503 2.210977505742466
cell 1.4020190258568557 36.05882390440328 0.0 1.0 1.0 1 0 0 0.0 1.0 0
cell 59.25390397893406 43.796566661880945 0.0 1.6431676725154984 0.6085806194501846 1 0 0 0.9814687473928295 -0.191622279213953 3.5272222343123856
cell 1.0342995432438802 55.60881909954976 0.0 1.6431676725154984 0.6085806194501846 1 0 0 0.6756324841563175 0.73723859526802 1.4836445500788005
cell 22.09215721368662 39.928006019459026 0.0 1.0 1.0 1 0 0 0.0 1.0 0
cell 57.69583070116286 6.083430095714155 0.0 1.6431676725154984 0.6085806194501846 1 0 0 0.9627250642442196 0.2704818860403842 2.5938055734395613
cell 47.25280062799577 5.56154339593731 0.0 1.6431676725154984 0.6085806194501846 1 0 0 0.4776973246323607 0.8785244823219698 0.9960635351481067
cell 11.9710441190546 36.977223455521035 0.0 1.0 1.0 1 0 0 0.0 1.0 0
cell 39.28667278116495 55.764556653552674 0.0 1.6431676725154984 0.6085806194501846 1 0 0 -0.47186787408228265 -0.88166927439322 0.9828162907122682
cell 10.319274122872532 48.300138396694834 0.0 1.0 1.0 1 0 0 0.0 1.0 0
cell 51.37930451961695 18.831609406050557 0.0 1.0 1.0 1 0 0 0.0 1.0 0
cell 13.661363716983079 26.456462965856307 0.0 1.0 1.0 1 0 0 0.0 1.0 0
cell 38.72893463920178 12.251524638088313 0.0 1.0 1.0 1 0 0 0.0 1.0 0
cell 29.476145469643413 44.80020820001021 0.0 1.0 1.0 1 0 0 0.0 1.0 0
cell 9.82022068080644 38.92906633340079 0.0 1.0 1.0 1 0 0 0.0 1.0 0
cell 49.62709940342196 30.606288024115443 0.0 1.0 1.0 1 0 0 0.0 1.0 0
cell 52.37109843786985 37.29092312795347 0.0 1.6431676725154984 0.6085806194501846 1 0 0 -0.15449743310102595 0.9879931898374573 5.972947789913517
cell 52.21183407917354 39.06808049329136 0.0 1.6431676725154984 0.6085806194501846 1 0 0 0.47989346587897036 -0.8773267700273767 5.282118751192522
cell 39.3339846724357 43.67281633319798 0.0 1.6431676725154984 0.6085806194501846 1 0 0 0.3970819363630798 -0.9177831638323657 5.466514944653105
cell 29.86974013974569 1.903869131956177 0.0 1.6431676725154984 0.6085806194501846 1 0 0 0.7014039946103805 -0.7127639415294529 4.7284545441582395
cell 3.945079723513498 9.790764091342206 0.0 1.6431676725154984 0.6085806194501846 1 0 0 0.37381861685633566 0.9275018284033817 0.7662454421939264
cell 14.451637559544952 47.214082216551894 0.0 1.0 1.0 1 0 0 0.0 1.0 0
cell 4.153715956113074 4.881782598604343 0.0 1.6431676725154984 0.6085806194501846 1 0 0 0.8379797129794246 0.5457013841240657 1.987140891569901
cell 54.371260266176854 19.322034851135598 0.0 1.0 1.0 1 0 0 0.0 1.0 0
cell 8.964728644393302 13.052562696763578 0.0 1.0 1.0 1 0 0 0.0 1.0 0
cell 61.14185858964077 35.39570154840904 0.0 1.0 1.0 1 0 0 0.0 1.0 0
cell 59.203920211946404 20.61530212031065 0.0 1.6431676725154984 0.6085806194501846 1 0 0 0.8680809250960627 -0.4964227104840833 4.180538612869805
cell 15.698093990059256 16.90474144449761 0.0 1.0 1.0 1 0 0 0.0 1.0 0
cell 7.032454060707421 44.197041198065435 0.0 1.6431676725154984 0.6085806194501846 1 0 0 -0.16045523752169033 -0.98704311798009 0.32230369817822346
cell 43.03805267889325 45.86106409381456 0.0 1.6431676725154984 0.6085806194501846 1 0 0 0.04201798076361564 0.9991168546734402 0.08406070892523339
cell 18.53026025196225 53.622324390637786 0.0 1.6431676725154984 0.6085806194501846 1 0 0 0.10758674412923502 0.9941957013021483 0.21559076762425183
cell 18.859034277805073 43.63172018079405 0.0 1.0 1.0 1 0 0 0.0 1.0 0
cell 9.104257263539552 23.991147986222572 0.0 1.0 1.0 1 0 0 0.0 1.0 0
cell 57.174707440611435 8.027796227700504 0.0 1.0 1.0 1 0 0 0.0 1.0 0
cell 5.855009391256016 45.17500080820002 0.0 1.6431676725154984 0.6085806194501846 1 0 0 -0.0460550898128808 -0.9989389013860295 0.09214277278798289
cell 8.153732266062145 38.589316303825576 0.0 1.0 1.0 1 0 0 0.0 1.0 0
cell 24.21900679180593 31.064820930007645 0.0 1.0 1.0 1 0 0 0.0 1.0 0
cell 54.13367449547863 35.207218121139704 0.0 1.6431676725154984 0.6085806194501846 1 0 0 -0.2372296714685181 -0.9714535928056157 0.4790262363556712
cell 23.572930209907998 57.60280668910374 0.0 1.6431676725154984 0.6085806194501846 1 0 0 -0.052396446855181036 -0.9986263627388134 0.1048409025646011
cell 11.767924150974041 26.029842277689752 0.0 1.0 1.0 1 0 0 0.0 1.0 0
cell 34.54776818443424 29.27035499292033 0.0 1.0 1.0 1 0 0 0.0 1.0 0
cell 10.246207994089183 43.768795639222986 0.0 1.6431676725154984 0.6085806194501846 1 0 0 0.5046979186128397 0.8632960158299512 1.0580640263414536
cell 16.560797170562633 20.675776591794747 0.0 1.0 1.0 1 0 0 0.0 1.0 0
cell 55.18698863470176 5.66103489544714 0.0 1.0 1.0 1 0 0 0.0 1.0 0
cell 27.26539477077461 22.617517849539635 0.0 1.0 1.0 1 0 0 0.0 1.0 0
cell 56.32340962049381 12.208837573407923 0.0 1.6431676725154984 0.6085806194501846 1 0 0 0.39858615431879746 0.9171308944667341 0.8199494645900433
cell 24.601359604196098 43.09049163493897 0.0 1.0 1.0 1 0 0 0.0 1.0 0
cell 45.68425367809636 35.51450162667759 0.0 1.0 1.0 1 0 0 0.0 1.0 0
cell 29.71863604163514 41.48254500544783 0.0 1.0 1.0 1 0 0 0.0 1.0 0
cell 8.705754154411904 42.67705754232388 0.0 1.6431676725154984 0.6085806194501846 1 0 0 -0.4524015944263419 -0.8918143289724064 0.9389128727932494
cell 5.118026966821829 25.265344466311134 0.0 1.0 1.0 1 0 0 0.0 1.0 0
cell 21.850069406691066 16.48097172772468 0.0 1.6431676725154984 0.6085806194501846 1 0 0 -0.5389470865479853 -0.8423396214719088 1.138373243942488
cell 52.529121535021254 58.493901417437 0.0 1.6431676725154984 0.6085806194501846 1 0 0 0.9221674133109298 -0.3867909795062816 3.93589100313233
cell 39.71957670394095 50.8715181006933 0.0 1.6431676725154984 0.6085806194501846 1 0 0 0.2451634188765026 -0.96948176777327 5.787808803045092
cell 51.17854209404982 20.73320522026367 0.0 1.0 1.0 1 0 0 0.0 1.0 0
cell 30.673506998281045 34.4683117000978 0.0 1.0 1.0 1 0 0 0.0 1.0 0
cell 12.016772398617192 45.56130290816718 0.0 1.6431676725154984 0.6085806194501846 1 0 0 0.2754894697716422 0.9613040892688117 0.5581976758843982
cell 7.783007603202411 48.53089809936449 0.0 1.0 1.0 1 0 0 0.0 1.0 0
cell 38.57474604214226 21.72900221784106 0.0 1.6431676725154984 0.6085806194501846 1 0 0 0.9719302235227487 0.2352692937954712 2.666601393735704
cell 14.667446661720142 20.06406810865484 0.0 1.0 1.0 1 0 0 0.0 1.0 0
cell 60.54440120629281 4.454372755116816 0.0 1.6431676725154984 0.6085806194501846 1 0 0 0.9582426172791971 0.2859564414905078 2.5615838533489605
cell 16.926114239120043 44.08522322605722 0.0 1.0 1.0 1 0 0 0.0 1.0 0
cell 59.281834524900276 37.73461590613193 0.0 1.6431676725154984 0.6085806194501846 1 0 0 -0.061660032900470625 -0.9980972098662099 0.12339834278355166
cell 19.134630535284195 29.408960071641868 0.0 1.0 1.0 1 0 0 0.0 1.0 0
cell 13.867110210105016 9.652977867108309 0.0 1.6431676725154984 0.6085806194501846 1 0 0 0.029900519918736414 -0.9995528794959221 6.223375352990752
cell 17.693714271422973 42.25370426996447 0.0 1.0 1.0 1 0 0 0.0 1.0 0
cell 28.355747692028586 50.21916102008851 0.0 1.0 1.0 1 0 0 0.0 1.0 0
cell 49.20728771318778 50.39378293162905 0.0 1.6431676725154984 0.6085806194501846 1 0 0 0.8489900579635562 -0.5284088204023826 4.25504318754025
cell 22.699597842162177 28.393459868201884 0.0 1.0 1.0 1 0 0 0.0 1.0 0
cell 8.62140738656676 45.46516349682639 0.0 1.6431676725154984 0.6085806194501846 1 0 0 -0.1601008490009323 -0.9871006626221972 0.32158563798335127
cell 56.85124973093207 14.22489551086242 0.0 1.6431676725154984 0.6085806194501846 1 0 0 0.4160936504585195 0.9093217659597198 0.8582903651558161
cell 40.26041784900794 34.39796010148755 0.0 1.0 1.0 1 0 0 0.0 1.0 0
cell 53.11584231583716 49.609922886706286 0.0 1.6431676725154984 0.6085806194501846 1 0 0 0.8634060592706818 0.5045096399620842 2.0839647850609104
cell 29.755901673475478 27.504416376769704 0.0 1.0 1.0 1 0 0 0.0 1.0 0
cell 23.32041837770361 22.443907230824248 0.0 1.0 1.0 1 0 0 0.0 1.0 0
cell 58.61799511737198 42.308955437514875 0.0 1.6431676725154984 0.6085806194501846 1 0 0 -0.11169710062813472 -0.993742299447532 0.2238613487789456
cell 45.39930331173758 10.071413078948927 0.0 1.6431676725154984 0.6085806194501846 1 0 0 0.375592683860563 0.926784837937274 0.7700723940781944
cell 57.4806962263229 2.8224850160177914 0.0 1.6431676725154984 0.6085806194501846 1 0 0 -0.9015712196555121 -0.4326307153784532 2.2467753254810425
cell 0.8847371061664199 2.232178392511611 0.0 1.6431676725154984 0.6085806194501846 1 0 0 0.9126639684530391 0.40871075430865544 2.299510660657004
cell 47.29665775895778 26.260543244218095 0.0 1.0 1.0 1 0 0 0.0 1.0 0
cell 35.983689196068646 17.58331483224008 0.0 1.0 1.0 1 0 0 0.0 1.0 0
cell 26.304580099178168 16.25906038278554 0.0 1.0 1.0 1 0 0 0.0 1.0 0
cell 7.748480484393333 4.178686329519094 0.0 1.6431676725154984 0.6085806194501846 1 0 0 0.982465167287857 0.18644622566853697 2.766505263767285
cell 19.116349200784544 38.92505968571639 0.0 1.0 1.0 1 0 0 0.0 1.0 0
cell 51.32477814255177 12.650581519660493 0.0 1.6431676725154984 0.6085806194501846 1 0 0 0.19485979984223406 0.9808311059532342 0.3922290159418588
cell 40.95096790619628 29.393981534252728 0.0 1.0 1.0 1 0 0 0.0 1.0 0
cell 6.392163760849625 1.205237087826412 0.0 1.6431676725154984 0.6085806194501846 1 0 0 0.9873670431327829 0.1584497464031582 2.823351921594225
cell 12.236723872788993 0.7076309085819732 0.0 1.6431676725154984 0.6085806194501846 1 0 0 0.10413288484388078 -0.9945633927981117 6.074541295093938
cell 8.926102894135772 17.991632359917908 0.0 1.0 1.0 1 0 0 0.0 1.0 0
cell 4.0161395641747575 47.2601312455301 0.0 1.0 1.0 1 0 0 0.0 1.0 0
cell 51.88449752578438 4.523767883222814 0.0 1.6431676725154984 0.6085806194501846 1 0 0 0.8336262904913038 -0.5523288945924416 4.311903357796662
cell 6.637248329311267 37.61628817371064 0.0 1.0 1.0 1 0 0 0.0 1.0 0
cell 10.114376352676874 46.819821542343476 0.0 1.6431676725154984 0.6085806194501846 1 0 0 -0.17444481428776482 -0.9846669522067384 0.35068381802297743
cell 35.70772088368221 59.27629240813428 0.0 1.6431676725154984 0.6085806194501846 1 0 0 0.10727790183375675 -0.9942290740961798 6.068215819870921
cell 38.65005780501513 19.963275158302885 0.0 1.0 1.0 1 0 0 0.0 1.0 0
cell 10.885369744719428 35.692704704709534 0.0 1.0 1.0 1 0 0 0.0 1.0 0
cell 55.11449066904083 13.79021932584809 0.0 1.6431676725154984 0.6085806194501846 1 0 0 0.3725761179399194 0.9280016359580512 0.7635669266221314
cell 54.38313706447449 46.32555935974755 0.0 1.6431676725154984 0.6085806194501846 1 0 0 0.892445400766599 0.4511554129682416 2.2054735024385193
cell 4.4168264688833245 32.29678320855977 0.0 1.6431676725154984 0.6085806194501846 1 0 0 0.7739810062886276 0.6332088138240366 1.7702085092658646
cell 20.45127655753534 23.978912679971614 0.0 1.0 1.0 1 0 0 0.0 1.0 0
cell 11.544939654956833 57.97622970616006 0.0 1.6431676725154984 0.6085806194501846 1 0 0 0.970306104769838 0.24188026593003448 2.6529862707822773
cell 17.37542400539376 15.91190164716724 0.0 1.0 1.0 1 0 0 0.0 1.0 0
cell 57.384436182453435 35.38611982310032 0.0 1.6431676725154984 0.6085806194501846 1 0 0 0.3711645213813389 0.9285671209275944 0.7605256252292624
cell 54.38248282632562 31.54856378443227 0.0 1.0 1.0 1 0 0 0.0 1.0 0
cell 57.45333174250969 30.11031005333375 0.0 1.0 1.0 1 0 0 0.0 1.0 0
cell 7.158479356812475 18.024169267801184 0.0 1.0 1.0 1 0 0 0.0 1.0 0
cell 25.60110469798758 19.47673724050764 0.0 1.0 1.0 1 0 0 0.0 1.0 0
cell 15.308046831294288 29.840771531500643 0.0 1.0 1.0 1 0 0 0.0 1.0 0
cell 30.61716359433333 43.26071866579455 0.0 1.0 1.0 1 0 0 0.0 1.0 0
cell 19.41375876460468 4.167386138458933 0.0 1.6431676725154984 0.6085806194501846 1 0 0 0.25945587481724675 0.9657549632400639 0.5249174814530267
cell 44.81775625436265 11.382664371486484 0.0 1.0 1.0 1 0 0 0.0 1.0 0
cell 19.2869538956037 0.5690224211028554 0.0 1.0 1.0 1 0 0 0.0 1.0 0
cell 43.79966711644273 25.556515650668448 0.0 1.0 1.0 1 0 0 0.0 1.0 0
cell 49.96892683404095 28.878119280024183 0.0 1.0 1.0 1 0 0 0.0 1.0 0
cell 43.4347372232517 33.41829566941013 0.0 1.0 1.0 1 0 0 0.0 1.0 0
cell 1.4671554187317217 29.098647946708294 0.0 1.0 1.0 1 0 0 0.0 1.0 0
cell 60.66797492637578 53.030179069409975 0.0 1.6431676725154984 0.6085806194501846 1 0 0 -0.3644433907570572 -0.9312255446096284 0.746070032433579
cell 43.33976466855591 10.070355251171469 0.0 1.0 1.0 1 0 0 0.0 1.0 0
cell 2.4079517444500493 24.074538178437912 0.0 1.0 1.0 1 0 0 0.0 1.0 0
cell 22.363654624490902 31.749182204832362 0.0 1.0 1.0 1 0 0 0.0 1.0 0
cell 32.469361720220014 59.76067580329736 0.0 1.6431676725154984 0.6085806194501846 1 0 0 0.037972406897946544 -0.9992787880838744 6.2072222306801805
cell 22.57419855041985 56.352373069588175 0.0 1.6431676725154984 0.6085806194501846 1 0 0 0.08614645815276335 0.9962824839109309 0.17250673485168483
cell 39.964751544970916 16.207346048431887 0.0 1.0 1.0 1 0 0 0.0 1.0 0
cell 6.203065699759315 30.103204410458183 0.0 1.6431676725154984 0.6085806194501846 1 0 0 0.9543409451442864 0.29871953471627893 2.534891364661441
cell 15.45762781382506 15.299065544858054 0.0 1.0 1.0 1 0 0 0.0 1.0 0
cell 12.280676633482672 31.017033053843058 0.0 1.0 1.0 1 0 0 0.0 1.0 0
cell 60.885282663065844 20.571607206778623 0.0 1.6431676725154984 0.6085806194501846 1 0 0 -0.3345232739227076 -0.9423874888834386 0.6821986282044925
cell 2.613240611327946 19.297036522642816 0.0 1.6431676725154984 0.6085806194501846 1 0 0 0.18852713418182612 -0.9820679811892798 5.9038609662287085
cell 37.97648668226406 7.052902204733982 0.0 1.6431676725154984 0.6085806194501846 1 0 0 0.9988131134130254 -0.0487069242939732 3.2390450602140586
cell 51.194299433337235 9.684020300423622 0.0 1.6431676725154984 0.6085806194501846 1 0 0 0.4665000443699127 0.8845211747622944 0.9706594744690238
cell 55.88241901512168 20.35411885907776 0.0 1.0 1.0 1 0 0 0.0 1.0 0
cell 46.80252017912994 6.887426966202681 0.0 1.6431676725154984 0.6085806194501846 1 0 0 0.43299380874711996 0.9013968945956395 0.8956228739437286
cell 32.5151844177837 39.81302493931164 0.0 1.0 1.0 1 0 0 0.0 1.0 0
cell 13.489459872476552 58.214181029267564 0.0 1.6431676725154984 0.6085806194501846 1 0 0 0.9809903855902935 0.19405634073486805 2.7510018275972405
cell 18.62264064429884 59.8805445944698 0.0 1.0 1.0 1 0 0 0.0 1.0 0
cell 16.64618159694303 57.42463472623366 0.0 1.6431676725154984 0.6085806194501846 1 0 0 0.9691173088974293 -0.2466001654407485 3.6399336619758023
cell 22.96006921830424 15.726404475751178 0.0 1.0 1.0 1 0 0 0.0 1.0 0
cell 6.521259141487733 26.561471515728993 0.0 1.0 1.0 1 0 0 0.0 1.0 0
cell 23.944214063471144 19.256925563457504 0.0 1.0 1.0 1 0 0 0.0 1.0 0
cell 51.962218124211695 33.58133261303099 0.0 1.0 1.0 1 0 0 0.0 1.0 0
cell 4.361339911683933 23.699889636732912 0.0 1.0 1.0 1 0 0 0.0 1.0 0
cell 60.233033069759514 60.558597630283735 0.0 1.6431676725154984 0.6085806194501846 1 0 0 -0.6695329575265588 -0.7427823495383685 1.4671596695945226
cell 12.35188842937383 22.908527257045275 0.0 1.0 1.0 1 0 0 0.0 1.0 0
cell 34.06133985022638 13.019236458946754 0.0 1.0 1.0 1 0 0 0.0 1.0 0
cell 25.949141682135252 30.704914251818835 0.0 1.0 1.0 1 0 0 0.0 1.0 0
cell 27.403117157796206 13.394056970121268 0.0 1.6431676725154984 0.6085806194501846 1 0 0 0.516569215321547 0.8562454354810198 1.0856786165040608
cell 33.63915896329437 2.8295484549784864 0.0 1.6431676725154984 0.6085806194501846 1 0 0 0.9998645010690906 -0.016461455034672022 3.1745170507461093
cell 23.424447763198508 41.470322475804885 0.0 1.0 1.0 1 0 0 0.0 1.0 0
cell 42.5928460554963 3.214761095114694 0.0 1.6431676725154984 0.6085806194501846 1 0 0 0.5816863980309417 0.8134131387836004 1.2416007886003766
cell 12.782930683081377 51.35728605844998 0.0 1.6431676725154984 0.6085806194501846 1 0 0 -0.05749895717827405 -0.9983455663864146 0.11506137516021031
cell 18.932845050127966 12.159596298992088 0.0 1.6431676725154984 0.6085806194501846 1 0 0 -0.5241286607396869 -0.8516390943299997 1.103383317074531
cell 43.693961654862 43.68707594887532 0.0 1.6431676725154984 0.6085806194501846 1 0 0 -0.039213920411340905 0.999230838418217 6.204737352274342
cell 40.69301937058945 14.393724104211127 0.0 1.0 1.0 1 0 0 0.0 1.0 0
cell 51.55481443284119 35.31772611178176 0.0 1.6431676725154984 0.6085806194501846 1 0 0 0.0881371160284556 -0.9961083519267302 6.106682052814787
cell 17.46775924347269 46.58159292778273 0.0 1.0 1.0 1 0 0 0.0 1.0 0
cell 44.91323210112817 15.357808684979197 0.0 1.6431676725154984 0.6085806194501846 1 0 0 0.37875757667033816 0.9254959200962546 0.776906972942365
cell 48.80219902077253 33.00728336210445 0.0 1.0 1.0 1 0 0 0.0 1.0 0
cell 16.460638059946337 39.148811145760114 0.0 1.0 1.0 1 0 0 0.0 1.0 0
cell 22.68815324102327 26.81913091122486 0.0 1.0 1.0 1 0 0 0.0 1.0 0
cell 49.26109726377314 14.534441294889668 0.0 1.0 1.0 1 0 0 0.0 1.0 0
cell 48.81090617951563 27.547654256416482 0.0 1.0 1.0 1 0 0 0.0 1.0 0
cell 47.58576220677506 3.450516532691273 0.0 1.6431676725154984 0.6085806194501846 1 0 0 0.6214384656909538 0.7834629751045503 1.3411548091010155
cell 35.830547738210036 10.938016432936722 0.0 1.0 1.0 1 0 0 0.0 1.0 0
cell 31.73869881366576 23.71890938519479 0.0 1.0 1.0 1 0 0 0.0 1.0 0
cell 26.49062457328484 49.650234150933905 0.0 1.0 1.0 1 0 0 0.0 1.0 0
cell 50.650042468535375 13.52894236751084 0.0 1.6431676725154984 0.6085806194501846 1 0 0 0.1443185084781185 0.9895312870802273 0.28964847304016417
cell 9.517934250051718 40.35833193379219 0.0 1.0 1.0 1 0 0 0.0 1.0 0
cell 9.371748280852298 36.99519626408434 0.0 1.0 1.0 1 0 0 0.0 1.0 0
cell 32.116635189968314 37.7612465585794 0.0 1.0 1.0 1 0 0 0.0 1.0 0
cell 24.363220421295434 35.62902552459017 0.0 1.0 1.0 1 0 0 0.0 1.0 0
cell 27.878670297369897 3.0007416976433325 0.0 1.6431676725154984 0.6085806194501846 1 0 0 -0.35765131108197074 0.9338552027382765 5.551682042773349
cell 14.018852336782064 41.91463155912756 0.0 1.0 1.0 1 0 0 0.0 1.0 0
cell 40.4205056081638 19.99779495761831 0.0 1.0 1.0 1 0 0 0.0 1.0 0
cell 6.566390181277122 42.998820019220226 0.0 1.6431676725154984 0.6085806194501846 1 0 0 0.22740394115400836 0.9738005173276632 0.4588218904034524
cell 7.893289034712538 36.61807893100324 0.0 1.0 1.0 1 0 0 0.0 1.0 0
cell 59.77950818229149 6.068801648236031 0.0 1.6431676725154984 0.6085806194501846 1 0 0 0.2697382249488009 -0.9629336893065223 5.736942968127937
cell 17.942098223422295 48.4049847058238 0.0 1.0 1.0 1 0 0 0.0 1.0 0
cell 26.38495613691914 24.23272760163851 0.0 1.0 1.0 1 0 0 0.0 1.0 0
cell 6.897193724758099 46.260333791362775 0.0 1.6431676725154984 0.6085806194501846 1 0 0 -0.00021235879947873178 -0.9999999774518699 0.0004247176021499044
cell 22.4079696655009 35.548874248028916 0.0 1.0 1.0 1 0 0 0.0 1.0 0
cell 19.52593744481265 41.9123953666617 0.0 1.0 1.0 1 0 0 0.0 1.0 0
cell 30.795246967050463 61.10346068220353 0.0 1.0 1.0 1 0 0 0.0 1.0 0
cell 16.025704641945943 26.714179851320452 0.0 1.0 1.0 1 0 0 0.0 1.0 0
cell 32.22443603944494 35.742220252834166 0.0 1.0 1.0 1 0 0 0.0 1.0 0
cell 16.718902503838013 24.54962327861699 0.0 1.0 1.0 1 0 0 0.0 1.0 0
cell 21.471736034515704 41.75499865806818 0.0 1.0 1.0 1 0 0 0.0 1.0 0
cell 36.956787844971934 60.04595488770621 0.0 1.6431676725154984 0.6085806194501846 1 0 0 0.19305263159957542 -0.981188402618212 5.894640592486943
cell 17.701362054613 28.093752707823494 0.0 1.0 1.0 1 0 0 0.0 1.0 0
cell 3.5576861406895306 49.17995111453471 0.0 1.0 1.0 1 0 0 0.0 1.0 0
cell 60.27051825991864 46.31480275491871 0.0 1.0 1.0 1 0 0 0.0 1.0 0
cell 26.324639383158484 21.048349256760346 0.0 1.0 1.0 1 0 0 0.0 1.0 0
cell 37.41414419646841 18.709736220048274 0.0 1.0 1.0 1 0 0 0.0 1.0 0
cell 14.245780059409473 31.39009106235634 0.0 1.0 1.0 1 0 0 0.0 1.0 0
cell 3.2637607262274657 45.43857976581884 0.0 1.0 1.0 1 0 0 0.0 1.0 0
cell 25.74500803879368 36.606301073679845 0.0 1.0 1.0 1 0 0 0.0 1.0 0
cell 9.365746192257992 32.02807879897557 0.0 1.0 1.0 1 0 0 0.0 1.0 0
cell 30.934768920042075 19.627009905852862 0.0 1.0 1.0 1 0 0 0.0 1.0 0
cell 44.24383185520646 28.671829930793148 0.0 1.0 1.0 1 0 0 0.0 1.0 0
cell 28.957830033870508 35.213653634024865 0.0 1.0 1.0 1 0 0 0.0 1.0 0
cell 28.611251201506654 43.00095091138863 0.0 1.0 1.0 1 0 0 0.0 1.0 0
cell 1.7792216973601982 57.67500859477381 0.0 1.6431676725154984 0.6085806194501846 1 0 0 -0.8115285277504171 -0.5843128003451923 1.8935266482219824
cell 25.695490497090585 8.976663775517553 0.0 1.6431676725154984 0.6085806194501846 1 0 0 0.48091374675073384 0.8767679101028795 1.0033931824075397
cell 19.01950320449612 35.1754362115584 0.0 1.0 1.0 1 0 0 0.0 1.0 0
cell 0.3231789377157448 43.22361544600664 0.0 1.6431676725154984 0.6085806194501846 1 0 0 -0.03986763211363218 -0.9992049699184107 0.07975640159389563
cell 11.318191623693059 32.31379556467115 0.0 1.0 1.0 1 0 0 0.0 1.0 0
cell 21.188646445397556 19.623497130434746 0.0 1.0 1.0 1 0 0 0.0 1.0 0
cell 10.096862838738645 2.1461806541306343 0.0 1.6431676725154984 0.6085806194501846 1 0 0 -0.14006835071806273 0.990141836873446 6.002124415955312
cell 34.985524608548275 21.447462389892383 0.0 1.0 1.0 1 0 0 0.0 1.0 0
cell 39.54353707170521 57.745975454562725 0.0 1.6431676725154984 0.6085806194501846 1 0 0 0.15004078639892832 0.9886798078330472 0.3012190520857087
cell 34.03358657377185 32.91455552325896 0.0 1.0 1.0 1 0 0 0.0 1.0 0
cell 40.005069349208064 2.106066179873742 0.0 1.6431676725154984 0.6085806194501846 1 0 0 0.5208656933324111 0.8536386410591701 1.0957295176790758
cell 35.61493312829749 15.910256103821663 0.0 1.0 1.0 1 0 0 0.0 1.0 0
cell 10.978247308883097 4.280302264580775 0.0 1.6431676725154984 0.6085806194501846 1 0 0 0.8955037010232405 0.44505406576468726 2.21912338433756
cell 16.14227455327231 37.14428805216483 0.0 1.0 1.0 1 0 0 0.0 1.0 0
cell 24.409091872542504 23.99584385854406 0.0 1.0 1.0 1 0 0 0.0 1.0 0
cell 43.381915549762645 17.87083866500021 0.0 1.0 1.0 1 0 0 0.0 1.0 0
cell 28.07603544465098 11.326005663260311 0.0 1.0 1.0 1 0 0 0.0 1.0 0
cell 25.329391303821247 1.415433424837389 0.0 1.0 1.0 1 0 0 0.0 1.0 0
cell 30.700647644160252 4.661902945180009 0.0 1.6431676725154984 0.6085806194501846 1 0 0 0.763835834639721 -0.6454105807315532 4.544714025741737
cell 33.90882707559963 38.70547326928355 0.0 1.0 1.0 1 0 0 0.0 1.0 0
cell 1.8286479511762135 12.304378040773544 0.0 1.6431676725154984 0.6085806194501846 1 0 0 0.07280837751965982 0.9973459480856954 0.14574571676731285
cell 6.192908141970552 28.307386896988366 0.0 1.0 1.0 1 0 0 0.0 1.0 0
cell 52.526264982185516 9.558832104519327 0.0 1.6431676725154984 0.6085806194501846 1 0 0 0.6081046564620947 0.7938568679485728 1.307341776987006
cell 19.96685121214465 58.40908209676276 0.0 1.0 1.0 1 0 0 0.0 1.0 0
cell 59.85487531068941 26.517561270823915 0.0 1.0 1.0 1 0 0 0.0 1.0 0
cell 38.366704507776 25.657114046216368 0.0 1.0 1.0 1 0 0 0.0 1.0 0
cell 20.583494160440555 50.522790503113065 0.0 1.0 1.0 1 0 0 0.0 1.0 0
cell 39.34333963868363 28.688888547972653 0.0 1.0 1.0 1 0 0 0.0 1.0 0
cell 5.04102112995873 35.13217134526638 0.0 1.6431676725154984 0.6085806194501846 1 0 0 0.6518043837867236 0.7583871341712026 1.419922499412592
cell 35.73392824332818 42.14015084741088 0.0 1.0 1.0 1 0 0 0.0 1.0 0
cell 11.026333372548509 46.101695366990604 0.0 1.6431676725154984 0.6085806194501846 1 0 0 0.2726262660169235 0.9621200128246318 0.5522432914369395
cell 23.8139293505053 44.94949801981946 0.0 1.0 1.0 1 0 0 0.0 1.0 0
cell 49.00508707210453 34.973410460907246 0.0 1.0 1.0 1 0 0 0.0 1.0 0
cell 10.45431124256381 16.93392326617458 0.0 1.0 1.0 1 0 0 0.0 1.0 0
cell 42.612933771927935 44.76216202437374 0.0 1.6431676725154984 0.6085806194501846 1 0 0 0.9988095979713916 -0.04877896063086211 3.2391893043427364
cell 30.006805855137106 7.846461786796512 0.0 1.6431676725154984 0.6085806194501846 1 0 0 0.8878557304457105 -0.4601219424399512 4.097857730616079
cell 44.13897961509331 24.092803344843283 0.0 1.0 1.0 1 0 0 0.0 1.0 0
cell 55.13311978735326 2.162854864028701 0.0 1.6431676725154984 0.6085806194501846 1 0 0 0.9998941166975137 0.014551817539357192 3.1124879912712395
cell 31.925409298087818 7.091314038501042 0.0 1.6431676725154984 0.6085806194501846 1 0 0 0.7752965349232736 -0.6315974057387865 4.5088163877578795
cell 53.260214885259415 0.2106140212797301 0.0 1.6431676725154984 0.6085806194501846 1 0 0 0.636736640961038 -0.7710813511281766 4.9026680143082055
cell 44.93631481360696 32.05396260763222 0.0 1.0 1.0 1 0 0 0.0 1.0 0
cell 59.6359579897221 34.87411245855295 0.0 1.0 1.0 1 0 0 0.0 1.0 0
cell 30.63263203192981 39.95711035125074 0.0 1.0 1.0 1 0 0 0.0 1.0 0
cell 55.4131995453923 7.498171549221616 0.0 1.0 1.0 1 0 0 0.0 1.0 0
cell 3.082820389513764 20.786158485852372 0.0 1.0 1.0 1 0 0 0.0 1.0 0
cell 38.900724429778265 35.87472761747768 0.0 1.0 1.0 1 0 0 0.0 1.0 0
cell 7.943419172351729 51.42371900105401 0.0 1.6431676725154984 0.6085806194501846 1 0 0 0.6261236934669536 0.7797237462584427 1.3531436871597167
cell 2.628980115801803 34.78911917430085 0.0 1.0 1.0 1 0 0 0.0 1.0 0
cell 37.47565770425127 11.332845807668548 0.0 1.0 1.0 1 0 0 0.0 1.0 0
cell 27.69599230036562 29.924218280135975 0.0 1.0 1.0 1 0 0 0.0 1.0 0
cell 30.973374475022716 14.290761675903687 0.0 1.0 1.0 1 0 0 0.0 1.0 0
cell 25.275248710122337 38.30596060256003 0.0 1.0 1.0 1 0 0 0.0 1.0 0
cell 46.514975303687386 43.67173929125739 0.0 1.6431676725154984 0.6085806194501846 1 0 0 0.2189985312820257 -0.9757251884092752 5.841609371040082
cell 34.99275706023294 50.327851383077935 0.0 1.6431676725154984 0.6085806194501846 1 0 0 0.08951331988844076 0.9959856251786717 0.17926658512503527
cell 60.48636564462253 41.81745560945575 0.0 1.6431676725154984 0.6085806194501846 1 0 0 -0.18603258648670326 -0.9825435749955659 0.3742453799793495
cell 59.120529541485546 59.896136770795664 0.0 1.6431676725154984 0.6085806194501846 1 0 0 0.6901093645030587 0.7237050953428368 1.5232803187185069
cell 55.49791155071835 47.076613194542944 0.0 1.6431676725154984 0.6085806194501846 1 0 0 0.9073642596139256 0.4203452157159311 2.2739411606755593
cell 34.686616035117865 51.9086642959785 0.0 1.6431676725154984 0.6085806194501846 1 0 0 0.2683054423426143 0.9633338931073349 0.5432670881466665
cell 55.00602491477943 44.01259056788475 0.0 1.6431676725154984 0.6085806194501846 1 0 0 -0.05482317909375849 -0.9984960786272792 0.10970135777546819
cell 9.81163530323446 25.74290599140502 0.0 1.0 1.0 1 0 0 0.0 1.0 0
cell 37.0482226679207 15.17930935915889 0.0 1.6431676725154984 0.6085806194501846 1 0 0 0.7648855620550633 0.6441661873769142 1.7417273177109862
cell 1.1717323364159709 4.4898640431258645 0.0 1.6431676725154984 0.6085806194501846 1 0 0 0.36348267614821694 -0.9316009575672035 5.539178192623849
cell 13.102146394156284 18.79553771201911 0.0 1.0 1.0 1 0 0 0.0 1.0 0
cell 43.980163925083446 3.7899412179505476 0.0 1.6431676725154984 0.6085806194501846 1 0 0 0.6905588679101716 0.7232761920253025 1.5245229150024464
cell 24.377426753953348 20.969003846871964 0.0 1.0 1.0 1 0 0 0.0 1.0 0
cell 13.295554695286143 43.50808165774037 0.0 1.0 1.0 1 0 0 0.0 1.0 0
cell 14.0506866063045 55.10316732211906 0.0 1.6431676725154984 0.6085806194501846 1 0 0 0.3538919192404917 -0.9352863248739828 5.559727205146909
cell 56.60585288937205 23.815314989243756 0.0 1.0 1.0 1 0 0 0.0 1.0 0
cell 19.395499714406952 47.06245443352806 0.0 1.0 1.0 1 0 0 0.0 1.0 0
cell 2.444543878738099 42.75814618270094 0.0 1.6431676725154984 0.6085806194501846 1 0 0 0.1492941264048003 0.9887928315987266 0.29970872027376705
cell 27.42236695106372 9.59412116252674 0.0 1.0 1.0 1 0 0 0.0 1.0 0
cell 59.009092381506484 36.059858443884174 0.0 1.6431676725154984 0.6085806194501846 1 0 0 -0.4353280888222095 -0.9002718784247359 0.9008053554384681
cell 56.525511707283535 37.71390350543437 0.0 1.6431676725154984 0.6085806194501846 1 0 0 -0.12409038215150643 0.9922709191836134 6.034363156445295
cell 26.88756839288008 59.76069687345326 0.0 1.0 1.0 1 0 0 0.0 1.0 0
cell 25.38511756342162 25.6752778691241 0.0 1.0 1.0 1 0 0 0.0 1.0 0
cell 46.03837750161311 23.43435721244415 0.0 1.0 1.0 1 0 0 0.0 1.0 0
cell 42.78078915276697 50.38042224516921 0.0 1.6431676725154984 0.6085806194501846 1 0 0 -0.13949722256680933 0.9902224623265956 6.003277997921318
cell 26.764103268969674 47.66374931450343 0.0 1.0 1.0 1 0 0 0.0 1.0 0
cell 16.12750264965214 47.903633496899644 0.0 1.0 1.0 1 0 0 0.0 1.0 0
cell 33.933593431724596 34.92802176136857 0.0 1.0 1.0 1 0 0 0.0 1.0 0
cell 18.20344770031242 7.468759661904898 0.0 1.6431676725154984 0.6085806194501846 1 0 0 -0.44160121500541333 -0.8972114393529224 0.9147650971573063
cell 12.888343139061083 35.661629064568835 0.0 1.0 1.0 1 0 0 0.0 1.0 0
cell 0.23148954959916992 19.090646238192644 0.0 1.6431676725154984 0.6085806194501846 1 0 0 -0.014012530786378718 0.9999018196707918 6.255159328400884
cell 6.660751711550605 54.3163485449564 0.0 1.6431676725154984 0.6085806194501846 1 0 0 -0.6751036491132937 -0.7377228903551216 1.4822103837618696
cell 11.818269864546458 38.9386847355156 0.0 1.0 1.0 1 0 0 0.0 1.0 0
cell 36.80186204396382 20.545830933789016 0.0 1.0 1.0 1 0 0 0.0 1.0 0
cell 27.337592271461506 35.920605437653315 0.0 1.0 1.0 1 0 0 0.0 1.0 0
cell 21.441733554519182 53.85598632339475 0.0 1.6431676725154984 0.6085806194501846 1 0 0 0.1846898354038625 0.9827968583071958 0.37151251833123333
cell 43.575539135745345 47.03432407170331 0.0 1.6431676725154984 0.6085806194501846 1 0 0 0.07404694557689821 -0.9972547567451017 6.1349557491200395
cell 24.46047782211703 27.3991391830216 0.0 1.0 1.0 1 0 0 0.0 1.0 0
cell 7.6085600748472135 16.330326236022014 0.0 1.6431676725154984 0.6085806194501846 1 0 0 0.9760846681165879 -0.2173907097088796 3.5798735531680417
cell 24.844320623543965 48.21592445176196 0.0 1.0 1.0 1 0 0 0.0 1.0 0
cell 2.486266479127933 59.091683773113736 0.0 1.6431676725154984 0.6085806194501846 1 0 0 0.8624174444537067 0.5061977395266969 2.080052220369096
cell 59.980165879842254 24.154726585740413 0.0 1.0 1.0 1 0 0 0.0 1.0 0
cell 47.222702349446294 34.16406022809661 0.0 1.0 1.0 1 0 0 0.0 1.0 0
cell 56.80060936676131 18.025014007323243 0.0 1.0 1.0 1 0 0 0.0 1.0 0
cell 23.9782983217614 8.306202182602966 0.0 1.6431676725154984 0.6085806194501846 1 0 0 0.4487292040444065 0.893667780239208 0.9306856602451548
cell 32.13268341724644 11.50308790729461 0.0 1.0 1.0 1 0 0 0.0 1.0 0
cell 49.478046468895265 38.55751659494206 0.0 1.6431676725154984 0.6085806194501846 1 0 0 0.24997422668343305 -0.9682524908276867 5.777878033846272
cell 11.299606971561014 18.664842957649178 0.0 1.0 1.0 1 0 0 0.0 1.0 0
cell 17.260783498263383 22.62634015827763 0.0 1.0 1.0 1 0 0 0.0 1.0 0
cell 60.50729689548307 7.919895780050273 0.0 1.6431676725154984 0.6085806194501846 1 0 0 0.9661562902964785 -0.25795740485697755 3.6634075708706337
cell 33.3895504472805 44.998270995481356 0.0 1.6431676725154984 0.6085806194501846 1 0 0 0.47057300005958913 0.8823610664659439 0.9798801194681943
cell 20.087442981187596 8.396712140994207 0.0 1.0 1.0 1 0 0 0.0 1.0 0
cell 25.819276275885958 32.674996738956565 0.0 1.0 1.0 1 0 0 0.0 1.0 0
cell 5.267381394266967 40.53999681104176 0.0 1.6431676725154984 0.6085806194501846 1 0 0 -0.4556472078224557 -0.8901604473372201 0.9461982953487897
cell 30.399429414257487 50.087726171865825 0.0 1.0 1.0 1 0 0 0.0 1.0 0
cell 51.431964054360364 30.264695335870265 0.0 1.0 1.0 1 0 0 0.0 1.0 0
cell 11.09550462795223 24.167077315272422 0.0 1.0 1.0 1 0 0 0.0 1.0 0
cell 28.794304396072185 48.24663117422913 0.0 1.0 1.0 1 0 0 0.0 1.0 0
cell 59.91132946733705 31.91979066789913 0.0 1.0 1.0 1 0 0 0.0 1.0 0
cell 37.76128401728018 31.586419109962346 0.0 1.0 1.0 1 0 0 0.0 1.0 0
cell 25.195376169479022 60.613751983813565 0.0 1.0 1.0 1 0 0 0.0 1.0 0
cell 23.33024359724139 38.76727347602175 0.0 1.0 1.0 1 0 0 0.0 1.0 0
cell 33.25940279595345 6.139333077347332 0.0 1.6431676725154984 0.6085806194501846 1 0 0 0.3109735786216834 0.9504185569522638 0.6324344585756887
cell 56.07300604853278 27.12251003287535 0.0 1.0 1.0 1 0 0 0.0 1.0 0
cell 9.054367925577045 60.80448240821538 0.0 1.6431676725154984 0.6085806194501846 1 0 0 0.9989239875584078 0.04637744150349335 3.0488044877879075
cell 13.424142339854466 52.59701857253062 0.0 1.6431676725154984 0.6085806194501846 1 0 0 -0.1410316070694634 0.9900050938290189 6.000178588076617
cell 4.962045345582247 19.20167532836321 0.0 1.6431676725154984 0.6085806194501846 1 0 0 0.15365325726142565 -0.9881248284164071 5.974656545727596
cell 48.978818162634774 36.659938156676 0.0 1.6431676725154984 0.6085806194501846 1 0 0 -0.20844337052364437 0.9780344376783175 5.863219108345656
cell 2.466478312718304 60.83174291651708 0.0 1.6431676725154984 0.6085806194501846 1 0 0 0.922419308537459 0.3861898745918592 2.3485978044704665
cell 20.591668988478272 32.48651238428297 0.0 1.0 1.0 1 0 0 0.0 1.0 0
cell 37.42485338552245 37.187407643210626 0.0 1.0 1.0 1 0 0 0.0 1.0 0
cell 54.45954462256884 11.99476900652611 0.0 1.6431676725154984 0.6085806194501846 1 0 0 0.3277694771981736 0.9447577307528295 0.667883316759448
cell 45.97327481400335 14.151350381820437 0.0 1.0 1.0 1 0 0 0.0 1.0 0
cell 49.4876376657163 23.907953025637923 0.0 1.0 1.0 1 0 0 0.0 1.0 0
cell 55.54519553368045 59.41781953618219 0.0 1.6431676725154984 0.6085806194501846 1 0 0 -0.261589135824922 -0.9651793222082468 0.5293366067559235
cell 58.875249511817266 28.375758102698246 0.0 1.0 1.0 1 0 0 0.0 1.0 0
cell 55.16126619792074 18.20077468049762 0.0 1.6431676725154984 0.6085806194501846 1 0 0 0.350026358013911 0.936739851130247 0.7151984830549217
cell 48.2692374375119 17.008757033584914 0.0 1.0 1.0 1 0 0 0.0 1.0 0
cell 4.355910631132556 42.6392598915065 0.0 1.6431676725154984 0.6085806194501846 1 0 0 -0.2587595620866327 -0.9659417627521517 0.5234756139153625
cell 17.651599841361865 38.0459482647626 0.0 1.0 1.0 1 0 0 0.0 1.0 0
cell 54.69220330332314 9.338686176952766 0.0 1.6431676725154984 0.6085806194501846 1 0 0 0.55002684201655 0.8351469769216081 1.1647927559976348
cell 46.4748683689776 16.969980910831275 0.0 1.0 1.0 1 0 0 0.0 1.0 0
cell 30.762802181044023 32.51376234968485 0.0 1.0 1.0 1 0 0 0.0 1.0 0
cell 5.996988953672892 16.328996017535417 0.0 1.6431676725154984 0.6085806194501846 1 0 0 0.6989577150516767 -0.7151629972039515 4.735307211753809
cell 40.34562238861088 47.88396997440879 0.0 1.6431676725154984 0.6085806194501846 1 0 0 -0.1449248335595393 0.9894426676759699 5.992311299945824
cell 1.5182185701677862 17.996197583632117 0.0 1.6431676725154984 0.6085806194501846 1 0 0 0.1929200195315033 0.9812144852497666 0.3882744092040202
cell 46.835446034827186 19.425064539600413 0.0 1.6431676725154984 0.6085806194501846 1 0 0 0.7297902044197523 0.6836711618409659 1.6360300682757272
cell 4.573982307650111 29.314372962628386 0.0 1.0 1.0 1 0 0 0.0 1.0 0
cell 34.26976336461031 24.26188714632579 0.0 1.6431676725154984 0.6085806194501846 1 0 0 0.9980225683420885 0.06285660728882282 3.0157965103173345
cell 48.071526142833534 40.3863624686363 0.0 1.6431676725154984 0.6085806194501846 1 0 0 0.286628644327197 -0.9580417633126195 5.701773369041423
cell 31.442234297785784 45.092462769819356 0.0 1.0 1.0 1 0 0 0.0 1.0 0
cell 0.6181657429807181 60.54673865166961 0.0 1.6431676725154984 0.6085806194501846 1 0 0 0.8723726410834938 0.48884146212142204 2.1200701994510003
cell 19.298070091302296 22.525318934057967 0.0 1.0 1.0 1 0 0 0.0 1.0 0
cell 7.794667909934957 21.303970815373216 0.0 1.6431676725154984 0.6085806194501846 1 0 0 0.024000930385604725 -0.9997119361799305 6.235178836677419
cell 22.44646495974159 23.94596253422312 0.0 1.0 1.0 1 0 0 0.0 1.0 0
cell 32.710256077776876 29.99842751683611 0.0 1.0 1.0 1 0 0 0.0 1.0 0
cell 14.961600880038814 5.240399669611341 0.0 1.6431676725154984 0.6085806194501846 1 0 0 -0.22338211370571545 -0.9747309532770398 0.45056578205172126
cell 35.7697615895696 8.720757721503078 0.0 1.0 1.0 1 0 0 0.0 1.0 0
cell 15.982094823612787 45.90631185042807 0.0 1.0 1.0 1 0 0 0.0 1.0 0
cell 43.33872035935705 19.581845222358815 0.0 1.0 1.0 1 0 0 0.0 1.0 0
cell 48.80649714994905 43.52445642941565 0.0 1.6431676725154984 0.6085806194501846 1 0 0 0.2751895735657874 -0.9613899825776635 5.7256115396076215
cell 24.15973927792924 14.300084898302561 0.0 1.0 1.0 1 0 0 0.0 1.0 0
cell 47.908045898505854 22.772308522059195 0.0 1.0 1.0 1 0 0 0.0 1.0 0
cell 1.7817072964508747 44.29470905689244 0.0 1.0 1.0 1 0 0 0.0 1.0 0
cell 60.34968035472629 17.79604348057022 0.0 1.6431676725154984 0.6085806194501846 1 0 0 -0.18112072855487862 -0.9834608694237661 0.364251816178629
cell 11.92245924221615 13.53246997295643 0.0 1.0 1.0 1 0 0 0.0 1.0 0
cell 13.036378315782676 5.701893367755156 0.0 1.6431676725154984 0.6085806194501846 1 0 0 0.1366387981208301 0.9906209360033206 0.2741351771163449
cell 13.011891693448032 46.856687119205944 0.0 1.6431676725154984 0.6085806194501846 1 0 0 -0.217963684296343 0.9759568803630435 5.843730304372942
cell 7.191311581446449 12.348698392944351 0.0 1.6431676725154984 0.6085806194501846 1 0 0 -0.2679743802721562 0.9634260384262789 5.740605511853954
cell 0.9130805927249916 14.878599848833085 0.0 1.6431676725154984 0.6085806194501846 1 0 0 0.9904905636105339 0.13758067959741604 2.865555753312882
cell 44.55226337808173 30.38742906456345 0.0 1.0 1.0 1 0 0 0.0 1.0 0
cell 53.16118513178292 4.415366140160799 0.0 1.6431676725154984 0.6085806194501846 1 0 0 0.8599580558900196 -0.510364714797034 4.2128103427622206
cell 53.74226861746614 55.30812678334517 0.0 1.6431676725154984 0.6085806194501846 1 0 0 0.21523193456875475 0.9765629597428889 0.4338586490302439
cell 24.00194017841919 32.67694901898114 0.0 1.0 1.0 1 0 0 0.0 1.0 0
cell 36.49298061816511 43.96288942478532 0.0 1.6431676725154984 0.6085806194501846 1 0 0 0.10782227446007246 0.9941701851947969 0.21606458450339933
cell 28.184224494268882 46.335336958823035 0.0 1.0 1.0 1 0 0 0.0 1.0 0
cell 33.84956793157815 58.59893073305707 0.0 1.6431676725154984 0.6085806194501846 1 0 0 0.06117555745975776 -0.9981270215606267 6.160757747985521
cell 46.765220732495045 45.94705333266805 0.0 1.6431676725154984 0.6085806194501846 1 0 0 -0.01392064704735946 -0.9999031030983867 0.02784219337461913
cell 34.84150220409585 27.42690308655454 0.0 1.0 1.0 1 0 0 0.0 1.0 0
cell 20.314495300175064 20.970104480027953 0.0 1.0 1.0 1 0 0 0.0 1.0 0
cell 48.99769078271292 8.126361011202109 0.0 1.6431676725154984 0.6085806194501846 1 0 0 0.3613917694054488 0.9324140652124457 0.7395202282586893
cell 34.42047986873658 11.711435436648747 0.0 1.6431676725154984 0.6085806194501846 1 0 0 -0.263013922686224 -0.9647920379404077 0.5322895761768898
cell 19.300815784671375 19.248811938183827 0.0 1.0 1.0 1 0 0 0.0 1.0 0
cell 15.395442450482603 21.870763332058115 0.0 1.0 1.0 1 0 0 0.0 1.0 0
cell 58.31535628615092 24.912763402378246 0.0 1.0 1.0 1 0 0 0.0 1.0 0
cell 15.758322995982343 18.855300168708297 0.0 1.0 1.0 1 0 0 0.0 1.0 0
cell 48.75612270074279 41.45830829754799 0.0 1.6431676725154984 0.6085806194501846 1 0 0 0.45159758011679546 -0.8922217356871859 5.346075120489024
cell 48.26382364856684 20.788519346789755 0.0 1.0 1.0 1 0 0 0.0 1.0 0
cell 23.37687292926963 17.435185839714777 0.0 1.0 1.0 1 0 0 0.0 1.0 0
cell 3.98021553927071 55.645775553460275 0.0 1.6431676725154984 0.6085806194501846 1 0 0 0.9919043610262717 0.12698715910305117 2.886930746817107
cell 13.109291718954916 24.574815150168664 0.0 1.0 1.0 1 0 0 0.0 1.0 0
cell 25.337460148545343 22.548548078163293 0.0 1.0 1.0 1 0 0 0.0 1.0 0
cell 28.19382906462674 24.33716896548613 0.0 1.0 1.0 1 0 0 0.0 1.0 0
cell 33.06858707005226 22.1336367577566 0.0 1.0 1.0 1 0 0 0.0 1.0 0
cell 20.24093732756631 45.44396589785862 0.0 1.0 1.0 1 0 0 0.0 1.0 0
cell 47.44509150175286 15.30468198809567 0.0 1.0 1.0 1 0 0 0.0 1.0 0
cell 30.494248717793145 25.506327342068307 0.0 1.0 1.0 1 0 0 0.0 1.0 0
cell 23.51215158385713 51.19260623762705 0.0 1.6431676725154984 0.6085806194501846 1 0 0 0.23626334443629318 0.9716890614161392 0.47703703201091496
cell 41.434711017482954 17.197151285785715 0.0 1.0 1.0 1 0 0 0.0 1.0 0
cell 39.359120367764476 37.80122957016005 0.0 1.0 1.0 1 0 0 0.0 1.0 0
cell 10.832493061246355 20.331010416911493 0.0 1.6431676725154984 0.6085806194501846 1 0 0 0.2445644132377683 -0.9696330480020089 5.789044429970962
cell 30.86447203186641 30.629269494337308 0.0 1.0 1.0 1 0 0 0.0 1.0 0
cell 17.31618264236266 34.09221626589808 0.0 1.0 1.0 1 0 0 0.0 1.0 0
cell 18.564729818674635 50.2974936744012 0.0 1.0 1.0 1 0 0 0.0 1.0 0
cell 10.685059408556095 37.64288123053238 0.0 1.0 1.0 1 0 0 0.0 1.0 0
cell 48.42258554528729 11.829623410956986 0.0 1.6431676725154984 0.6085806194501846 1 0 0 -0.23274113986881834 -0.9725387199554386 0.4697905545189851
cell 29.46203653519705 16.716350243745808 0.0 1.0 1.0 1 0 0 0.0 1.0 0
cell 36.17536473471414 53.705506962443884 0.0 1.6431676725154984 0.6085806194501846 1 0 0 0.2032195185519596 0.9791332020105894 0.409289873595668
cell 18.224320054266844 40.36182166061162 0.0 1.0 1.0 1 0 0 0.0 1.0 0
cell 23.672446331698506 6.367028145956665 0.0 1.6431676725154984 0.6085806194501846 1 0 0 0.361757840279526 0.9322720981539097 0.7403054989955375
cell 57.92864146731811 26.841464035758257 0.0 1.0 1.0 1 0 0 0.0 1.0 0
cell 8.3588350403618 33.46820582272308 0.0 1.0 1.0 1 0 0 0.0 1.0 0
cell 33.598461396577115 4.740338524706941 0.0 1.6431676725154984 0.6085806194501846 1 0 0 0.4254596102338104 0.9049774141157856 0.8789393886036244
cell 46.02697637571292 47.30804950726487 0.0 1.6431676725154984 0.6085806194501846 1 0 0 -0.14760502130734734 0.9890463880348876 5.986892647564422
cell 12.986643708444744 3.814823579946461 0.0 1.6431676725154984 0.6085806194501846 1 0 0 0.942663521725771 0.33374464011811045 2.4610462539052347
cell 19.069794729637405 33.330966393567195 0.0 1.0 1.0 1 0 0 0.0 1.0 0
cell 26.182836007488397 27.181825491133278 0.0 1.0 1.0 1 0 0 0.0 1.0 0
cell 20.906343156746214 28.868868359461786 0.0 1.0 1.0 1 0 0 0.0 1.0 0
cell 20.354804793607926 12.71215623558282 0.0 1.6431676725154984 0.6085806194501846 1 0 0 0.8288338717305619 0.5594947837756189 1.9540404058762821
cell 59.5540795692389 11.004293526372766 0.0 1.0 1.0 1 0 0 0.0 1.0 0
cell 2.6589007352067036 32.642331987396005 0.0 1.0 1.0 1 0 0 0.0 1.0 0
cell 25.521982356938523 12.85808785587249 0.0 1.0 1.0 1 0 0 0.0 1.0 0
cell 3.6354067759813695 39.046791887773686 0.0 1.6431676725154984 0.6085806194501846 1 0 0 -0.4801272084673588 -0.8771988735112132 1.0015994466583784
cell 55.46201102950292 29.994307554303443 0.0 1.0 1.0 1 0 0 0.0 1.0 0
cell 35.588005950695184 36.09278040219983 0.0 1.0 1.0 1 0 0 0.0 1.0 0
cell 9.734913223125332 10.519846891920167 0.0 1.6431676725154984 0.6085806194501846 1 0 0 -0.45416418643527817 0.8909180050709391 5.34031762546534
cell 18.39441677093255 21.00224883454091 0.0 1.0 1.0 1 0 0 0.0 1.0 0
cell 38.73874270690559 13.80830235677827 0.0 1.0 1.0 1 0 0 0.0 1.0 0
cell 44.97534186692445 6.217996184233126 0.0 1.6431676725154984 0.6085806194501846 1 0 0 0.6503890879575973 0.7596012337178533 1.416193102141912
cell 36.917405766938856 24.569862967724955 0.0 1.0 1.0 1 0 0 0.0 1.0 0
cell 4.708737736457704 41.56023322547301 0.0 1.6431676725154984 0.6085806194501846 1 0 0 -0.2112257271975609 -0.9774373085624783 0.42565762301660204
cell 21.762546465283368 12.61337183109151 0.0 1.0 1.0 1 0 0 0.0 1.0 0
cell 32.42690074790269 13.496752130076597 0.0 1.0 1.0 1 0 0 0.0 1.0 0
cell 34.14197879273033 10.00559924634221 0.0 1.0 1.0 1 0 0 0.0 1.0 0
cell 1.8950730066282395 38.04477893278779 0.0 1.6431676725154984 0.6085806194501846 1 0 0 0.4005321492943019 0.9162827060365633 0.824195084332794
cell 19.18980067652175 37.13362584389316 0.0 1.0 1.0 1 0 0 0.0 1.0 0
cell 25.8152083191465 10.773079832059448 0.0 1.6431676725154984 0.6085806194501846 1 0 0 0.32722566095033934 0.9449462242983002 0.6667322026256847
cell 48.95952380497521 10.85898907285968 0.0 1.6431676725154984 0.6085806194501846 1 0 0 0.2950017972425082 0.9554966978612172 0.5989147992412045
cell 27.21697774803131 58.35511333633494 0.0 1.6431676725154984 0.6085806194501846 1 0 0 0.07261170494743346 0.9973602861075965 0.1453513277225148
cell 33.75787626557286 20.283119713708665 0.0 1.0 1.0 1 0 0 0.0 1.0 0
cell 58.06816679557765 31.841700123103838 0.0 1.0 1.0 1 0 0 0.0 1.0 0
cell 13.332391001458365 29.58407709103755 0.0 1.0 1.0 1 0 0 0.0 1.0 0
cell 45.25057234817957 20.25270167824095 0.0 1.0 1.0 1 0 0 0.0 1.0 0
cell 50.698865554452844 27.047353945914153 0.0 1.0 1.0 1 0 0 0.0 1.0 0
cell 45.45287829750104 4.018957462917431 0.0 1.6431676725154984 0.6085806194501846 1 0 0 0.5597232906518984 0.8286795749273723 1.1881036927115414
cell 0.6201072565698956 47.64430116459569 0.0 1.6431676725154984 0.6085806194501846 1 0 0 0.9921528868687861 0.1250305925681137 2.890875322313147
cell 30.00548517852824 20.989186887332423 0.0 1.0 1.0 1 0 0 0.0 1.0 0
cell 4.3938549929843616 44.04095542597866 0.0 1.6431676725154984 0.6085806194501846 1 0 0 -0.0724539859667248 -0.9973717561258357 0.14503505671058825
cell 28.96679317258749 57.64349358792847 0.0 1.6431676725154984 0.6085806194501846 1 0 0 0.1544553633745725 0.9879997675732666 0.310152355572978
cell 36.12797199405888 30.41053453459974 0.0 1.0 1.0 1 0 0 0.0 1.0 0
cell 22.11387889195067 37.39250953027161 0.0 1.0 1.0 1 0 0 0.0 1.0 0
cell 37.14711344791623 35.24374437077082 0.0 1.0 1.0 1 0 0 0.0 1.0 0
cell 43.57986554027633 21.10578628738415 0.0 1.0 1.0 1 0 0 0.0 1.0 0
cell 51.84485451659478 28.543925009794087 0.0 1.0 1.0 1 0 0 0.0 1.0 0
cell 56.44483750417253 56.695591959450496 0.0 1.6431676725154984 0.6085806194501846 1 0 0 -0.09752498620239573 -0.995233076754497 0.19536049399440003
cell 9.214607235514794 28.906368477529206 0.0 1.0 1.0 1 0 0 0.0 1.0 0
cell 41.138065901003415 31.149580107049626 0.0 1.0 1.0 1 0 0 0.0 1.0 0
cell 0.9796356870594112 6.844342885427369 0.0 1.6431676725154984 0.6085806194501846 1 0 0 0.05646921638914117 -0.9984043407359547 6.170186765615455
cell 27.33550337799209 25.969229109565696 0.0 1.0 1.0 1 0 0 0.0 1.0 0
cell 17.349604037843378 30.090887124857687 0.0 1.0 1.0 1 0 0 0.0 1.0 0
cell 24.5885755033344 50.120802633813376 0.0 1.0 1.0 1 0 0 0.0 1.0 0
cell 21.29780381057459 22.449146809765484 0.0 1.0 1.0 1 0 0 0.0 1.0 0
cell 52.53023372683643 31.66422409811595 0.0 1.0 1.0 1 0 0 0.0 1.0 0
cell 42.36833599402607 28.12441099267151 0.0 1.0 1.0 1 0 0 0.0 1.0 0
cell 23.062881856702194 48.8325512622438 0.0 1.0 1.0 1 0 0 0.0 1.0 0
cell 54.91632216956886 15.761338025919818 0.0 1.6431676725154984 0.6085806194501846 1 0 0 -0.17096856048504228 -0.9852764847116126 0.34362523932623645
cell 20.35542069221641 14.854897106208565 0.0 1.0 1.0 1 0 0 0.0 1.0 0
cell 17.84719841316057 26.098180326606798 0.0 1.0 1.0 1 0 0 0.0 1.0 0
cell 49.98631586178287 16.005124859093314 0.0 1.0 1.0 1 0 0 0.0 1.0 0
cell 36.9493592239619 0.1473268222181792 0.0 1.6431676725154984 0.6085806194501846 1 0 0 0.9828764069642226 0.18426602680119783 2.770942554468477
cell 15.504527315246118 33.18336082113049 0.0 1.0 1.0 1 0 0 0.0 1.0 0
cell 34.39386151985149 55.26531305266135 0.0 1.6431676725154984 0.6085806194501846 1 0 0 -0.2365390021556874 -0.971621994635358 0.47760443004364284
cell 10.837703081593553 52.614253786246366 0.0 1.6431676725154984 0.6085806194501846 1 0 0 0.21098874525402894 -0.9774884906617215 5.858012576106127
cell 11.167966041843696 22.259070900349172 0.0 1.6431676725154984 0.6085806194501846 1 0 0 0.3247592476052365 -0.9457967176380349 5.621670972919654
cell 56.868395823521574 28.555603181854675 0.0 1.0 1.0 1 0 0 0.0 1.0 0
cell 57.52015199255544 40.9906948851752 0.0 1.6431676725154984 0.6085806194501846 1 0 0 0.0868281984207926 -0.9962233002489951 6.109309963520147
cell 26.670083434415922 6.149290512167828 0.0 1.6431676725154984 0.6085806194501846 1 0 0 0.8652092989768849 -0.501410878386107 4.192050024085325
cell 12.094492961125887 42.12956989131266 0.0 1.0 1.0 1 0 0 0.0 1.0 0
cell 33.54554147605321 53.810818833955985 0.0 1.6431676725154984 0.6085806194501846 1 0 0 0.09984719988637936 0.9950027822447781 0.2000277049073987
cell 36.628774124807265 23.204705807856772 0.0 1.6431676725154984 0.6085806194501846 1 0 0 0.9958267426763707 0.0912638952191352 2.9588105267235614
cell 20.548884942925387 3.4659169578339992 0.0 1.6431676725154984 0.6085806194501846 1 0 0 0.9836160346869974 -0.18027616677372402 3.504127075339167
cell 9.032676845806641 49.68757407787636 0.0 1.0 1.0 1 0 0 0.0 1.0 0
cell 29.207260055347483 31.26893665534309 0.0 1.0 1.0 1 0 0 0.0 1.0 0
cell 53.32206913787434 27.835944459059633 0.0 1.0 1.0 1 0 0 0.0 1.0 0
cell 9.882501303393665 7.579626665460753 0.0 1.6431676725154984 0.6085806194501846 1 0 0 0.11950625311124767 -0.99283344799987 6.043600193988459
cell 50.83177269835408 36.775497135418405 0.0 1.6431676725154984 0.6085806194501846 1 0 0 -0.22451234972847087 0.9744712437108654 5.830300143592522
cell 17.43679269071722 51.94934289243968 0.0 1.0 1.0 1 0 0 0.0 1.0 0
cell 7.5658630674098815 34.90984061633621 0.0 1.0 1.0 1 0 0 0.0 1.0 0
cell 27.916479606912148 27.91696364239929 0.0 1.0 1.0 1 0 0 0.0 1.0 0
cell 1.0161620458174305 22.358118882294033 0.0 1.6431676725154984 0.6085806194501846 1 0 0 -0.187054196102671 -0.9823495954701582 0.3763251053084753
cell 45.183894919062915 48.84502985411794 0.0 1.6431676725154984 0.6085806194501846 1 0 0 -0.19203798168692965 0.9813874941069967 5.896708588581133
cell 57.02781847249725 38.73698004895256 0.0 1.6431676725154984 0.6085806194501846 1 0 0 0.10094020749713349 -0.9948924939461729 6.080960486647242
cell 24.457417403270874 29.346367199592095 0.0 1.0 1.0 1 0 0 0.0 1.0 0
cell 22.22388785387746 33.55672998716498 0.0 1.0 1.0 1 0 0 0.0 1.0 0
cell 33.88885684835071 36.86311591178219 0.0 1.0 1.0 1 0 0 0.0 1.0 0
cell 58.05223788598769 9.691840133776042 0.0 1.0 1.0 1 0 0 0.0 1.0 0
cell 28.00302073579552 60.73003150201778 0.0 1.6431676725154984 0.6085806194501846 1 0 0 0.49324069926872405 -0.8698928742005536 5.251562836115982
cell 33.15477662584436 52.391457242122 0.0 1.6431676725154984 0.6085806194501846 1 0 0 0.17106529973895787 0.9852596932916826 0.3438216107604027
cell 51.985086230978105 14.89804398749894 0.0 1.6431676725154984 0.6085806194501846 1 0 0 0.09071992063263541 0.9958764461520356 0.18168964566516718
cell 46.2791743555555 42.308209447805815 0.0 1.6431676725154984 0.6085806194501846 1 0 0 0.21274578976534297 -0.9771075830926298 5.854416858174155
cell 13.236522418785782 45.03001114966346 0.0 1.0 1.0 1 0 0 0.0 1.0 0
cell 54.725079807885166 37.258835646334205 0.0 1.6431676725154984 0.6085806194501846 1 0 0 0.21402732071057412 -0.9768276746639876 5.851793371533263
cell 49.885600867906184 17.930970157491796 0.0 1.0 1.0 1 0 0 0.0 1.0 0
cell 9.921338234589275 14.583615258480298 0.0 1.6431676725154984 0.6085806194501846 1 0 0 0.9993762342153438 -0.03531490458090213 3.2122371519028095
cell 6.028348025008872 48.300805735958775 0.0 1.6431676725154984 0.6085806194501846 1 0 0 0.5076350154251213 0.8615722204866734 1.064875199303498
cell 7.153885694495967 59.81339200447721 0.0 1.6431676725154984 0.6085806194501846 1 0 0 0.9933305613121475 0.11530132680630355 2.910475964965567
cell 1.218842451578502 34.00228648273936 0.0 1.0 1.0 1 0 0 0.0 1.0 0
cell 9.595287815699484 22.080531361929687 0.0 1.6431676725154984 0.6085806194501846 1 0 0 0.26545545072738214 -0.9641231268251594 5.745832726093249
cell 31.019681357779394 22.345895015134463 0.0 1.0 1.0 1 0 0 0.0 1.0 0
cell 32.546297872723436 15.511048818548646 0.0 1.0 1.0 1 0 0 0.0 1.0 0
cell 54.2938464450811 21.281347972916862 0.0 1.0 1.0 1 0 0 0.0 1.0 0
cell 2.2345207695561267 17.01262280366249 0.0 1.6431676725154984 0.6085806194501846 1 0 0 0.4486792914905317 0.8936928406267751 0.9305739591071099
cell 49.20773354229262 25.764355312788858 0.0 1.0 1.0 1 0 0 0.0 1.0 0
cell 5.287574744316868 14.407699872822779 0.0 1.0 1.0 1 0 0 0.0 1.0 0
cell 10.65773353526387 59.52761361561957 0.0 1.6431676725154984 0.6085806194501846 1 0 0 0.9969509588248783 0.07803067152188167 2.9853725043595745
cell 16.810788625737587 9.73877976476181 0.0 1.6431676725154984 0.6085806194501846 1 0 0 -0.2684488643268582 -0.9632939360556673 0.5435648560534894
cell 56.375323316385504 22.13493937650776 0.0 1.0 1.0 1 0 0 0.0 1.0 0
cell 47.58534873838368 51.01081461885669 0.0 1.6431676725154984 0.6085806194501846 1 0 0 0.8002723530468179 0.5996366907961097 1.8554985544168348
cell 8.395690682473727 27.11264571641807 0.0 1.0 1.0 1 0 0 0.0 1.0 0
cell 19.22608163798936 6.700968924443675 0.0 1.6431676725154984 0.6085806194501846 1 0 0 -0.30008444011227814 -0.953912642123219 0.6095623450738108
cell 46.52608216892746 39.80728486844324 0.0 1.6431676725154984 0.6085806194501846 1 0 0 -0.19098023151222254 0.9815938830145275 5.89886398360354
cell 24.993034282529464 17.75803413869334 0.0 1.0 1.0 1 0 0 0.0 1.0 0
cell 8.230243068707699 30.377476019102318 0.0 1.0 1.0 1 0 0 0.0 1.0 0
cell 22.605319682630125 11.0259524127854 0.0 1.0 1.0 1 0 0 0.0 1.0 0
cell 55.36991951529272 53.865357300074216 0.0 1.6431676725154984 0.6085806194501846 1 0 0 0.1966879868356541 0.9804661319161093 0.39595754097852537
cell 28.82318138843159 37.21666117317446 0.0 1.0 1.0 1 0 0 0.0 1.0 0
cell 2.9220057719908215 25.975010876210504 0.0 1.0 1.0 1 0 0 0.0 1.0 0
cell 34.35773536872095 40.67230454449362 0.0 1.0 1.0 1 0 0 0.0 1.0 0
cell 43.35925850936891 40.33902832882938 0.0 1.6431676725154984 0.6085806194501846 1 0 0 0.027020387547926936 0.9996348826730487 0.05404735313101553
cell 14.968687001984964 53.123034288484746 0.0 1.6431676725154984 0.6085806194501846 1 0 0 0.9450919672352495 0.326804488138407 2.4757518039681856
cell 28.922232727288282 8.748895896522098 0.0 1.6431676725154984 0.6085806194501846 1 0 0 0.7903968680960372 -0.6125951280445966 4.460272158757176
cell 2.6970671224918608 2.1716864225061174 0.0 1.6431676725154984 0.6085806194501846 1 0 0 0.3474739925687728 -0.9376896205505937 5.573433524373892
cell 7.281161619249482 14.143037189766412 0.0 1.0 1.0 1 0 0 0.0 1.0 0
cell 27.431265290023234 19.415724553447735 0.0 1.0 1.0 1 0 0 0.0 1.0 0
cell 51.35127556638865 41.67981188183492 0.0 1.6431676725154984 0.6085806194501846 1 0 0 0.4623001352286584 -0.886723511004171 5.322010465305538
cell 54.42070785276803 3.0714878282287126 0.0 1.6431676725154984 0.6085806194501846 1 0 0 0.9984207740849211 -0.056177912703008585 3.254007661459554
cell 45.29743074249254 39.07602603347297 0.0 1.6431676725154984 0.6085806194501846 1 0 0 -0.16984324606131285 0.9854710912895195 5.941844103242011
cell 29.290411575302596 5.076266101331392 0.0 1.6431676725154984 0.6085806194501846 1 0 0 0.5684415979103796 -0.8227236168757369 5.07396447891667
cell 57.776879747811435 46.583503023189344 0.0 1.6431676725154984 0.6085806194501846 1 0 0 0.9019744585038734 0.43178938871473493 2.248641264587282
cell 22.56926652703315 30.01046326068113 0.0 1.0 1.0 1 0 0 0.0 1.0 0
cell 4.844823231047107 20.695951781458678 0.0 1.0 1.0 1 0 0 0.0 1.0 0
cell 30.550556904939757 58.99290677409694 0.0 1.6431676725154984 0.6085806194501846 1 0 0 0.04702310322470256 -0.9988938020446012 6.1891044074715555
cell 12.876569266167369 40.65929007872564 0.0 1.0 1.0 1 0 0 0.0 1.0 0
cell 41.32119800539651 53.64108385478023 0.0 1.6431676725154984 0.6085806194501846 1 0 0 0.6129806993955106 -0.7900978813846995 4.9635299775916755
cell 35.79432462109215 46.74572007089074 0.0 1.6431676725154984 0.6085806194501846 1 0 0 0.22101841113897655 -0.9752696355047676 5.837468141938876
cell 37.14978317998053 33.24238148777723 0.0 1.0 1.0 1 0 0 0.0 1.0 0
cell 59.03210754568774 16.272126575021275 0.0 1.6431676725154984 0.6085806194501846 1 0 0 0.23371800395746417 0.9723044248722407 0.4717996913670499
cell 36.2924688039907 55.335370120170914 0.0 1.6431676725154984 0.6085806194501846 1 0 0 0.384823492346047 0.9229901839882112 0.7900331606666523
cell 58.406318482246114 22.923234633811816 0.0 1.0 1.0 1 0 0 0.0 1.0 0
cell 29.655906064574005 56.586711987951254 0.0 1.6431676725154984 0.6085806194501846 1 0 0 -0.15348935846398082 -0.9881503007327962 0.3081970286994977
cell 3.287555427605155 7.242499034893988 0.0 1.0 1.0 1 0 0 0.0 1.0 0
cell 41.196693649113506 38.30834153853874 0.0 1.0 1.0 1 0 0 0.0 1.0 0
cell 14.657755237181899 49.03511231071916 0.0 1.0 1.0 1 0 0 0.0 1.0 0
cell 26.688192112561264 17.836869907121244 0.0 1.0 1.0 1 0 0 0.0 1.0 0
cell 43.723980349980444 27.072695769679875 0.0 1.0 1.0 1 0 0 0.0 1.0 0
cell 21.541228906476558 48.7954989402294 0.0 1.6431676725154984 0.6085806194501846 1 0 0 0.6066132495321741 0.7949970852097612 1.3035871046612562
cell 2.112681436252823 40.6788631775763 0.0 1.6431676725154984 0.6085806194501846 1 0 0 0.28432208245806284 0.9587288216313884 0.57659850710182
cell 1.5557958156814633 49.12060298602966 0.0 1.0 1.0 1 0 0 0.0 1.0 0
cell 45.252172975788184 50.20676880805426 0.0 1.6431676725154984 0.6085806194501846 1 0 0 -0.30608252903743355 0.9520049818241755 5.6610346549346735
cell 27.74574703918935 41.21093049955413 0.0 1.0 1.0 1 0 0 0.0 1.0 0
cell 54.80132434051592 52.249458303835915 0.0 1.6431676725154984 0.6085806194501846 1 0 0 0.29436697566639386 0.9556924628964177 0.5975861572296185
cell 1.8584861203134533 5.475951290352574 0.0 1.6431676725154984 0.6085806194501846 1 0 0 0.9751495358677357 0.22154769846906505 2.6947900041108954
cell 34.040621210700785 8.178122192133067 0.0 1.0 1.0 1 0 0 0.0 1.0 0
cell 60.893384104288856 12.770519882229037 0.0 1.6431676725154984 0.6085806194501846 1 0 0 0.9674445401107379 -0.2530831124550251 3.653324244466169
cell 20.723235533212943 43.52972776529243 0.0 1.0 1.0 1 0 0 0.0 1.0 0
cell 29.347458947087855 29.31685945525012 0.0 1.0 1.0 1 0 0 0.0 1.0 0
cell 24.609452509927696 39.97932311648019 0.0 1.0 1.0 1 0 0 0.0 1.0 0
cell 14.861267166459376 40.375036301764744 0.0 1.0 1.0 1 0 0 0.0 1.0 0
cell 53.21976679705559 16.268130369721565 0.0 1.6431676725154984 0.6085806194501846 1 0 0 -0.17232346029599843 -0.9850404179685286 0.3463758620215991
cell 35.87612103469738 4.576198986990932 0.0 1.6431676725154984 0.6085806194501846 1 0 0 0.9132229341742503 -0.4074602710672207 3.980935193067656
cell 37.91319194117427 17.01318393769017 0.0 1.0 1.0 1 0 0 0.0 1.0 0
cell 52.52207859369349 26.297808802902786 0.0 1.0 1.0 1 0 0 0.0 1.0 0
cell 32.85794844407502 25.752844475686825 0.0 1.6431676725154984 0.6085806194501846 1 0 0 0.9684381833178859 0.24925385672433012 2.637773217081425
cell 15.201663695769906 59.0444572129379 0.0 1.6431676725154984 0.6085806194501846 1 0 0 0.9992965209237242 0.03750284348873754 3.0665693733511588
cell 20.067657059412717 2.149249123354011 0.0 1.6431676725154984 0.6085806194501846 1 0 0 0.9966610129919826 -0.08165062878995484 3.3050759078592296
cell 10.481036726576505 27.535826462310332 0.0 1.0 1.0 1 0 0 0.0 1.0 0
cell 23.87402687470985 34.21043051071539 0.0 1.0 1.0 1 0 0 0.0 1.0 0
cell 16.551303024522095 49.8318116033479 0.0 1.0 1.0 1 0 0 0.0 1.0 0
cell 53.14153310003783 12.329255802158858 0.0 1.6431676725154984 0.6085806194501846 1 0 0 0.4528846986090571 0.8915690942186049 0.93999644049858
cell 17.253256033898534 17.66349929927771 0.0 1.0 1.0 1 0 0 0.0 1.0 0
cell 15.122281444463896 44.868016301853785 0.0 1.6431676725154984 0.6085806194501846 1 0 0 0.37360835348634186 -0.9275865448599525 5.517393241487015
cell 4.038146649340633 57.17440884305927 0.0 1.6431676725154984 0.6085806194501846 1 0 0 0.9770443954280557 -0.21303579361840874 3.57095471835106
cell 58.69763271790026 33.52961797017125 0.0 1.0 1.0 1 0 0 0.0 1.0 0
cell 46.86308202306506 21.520073677434016 0.0 1.0 1.0 1 0 0 0.0 1.0 0
cell 3.5258118362088857 52.944991288189215 0.0 1.0 1.0 1 0 0 0.0 1.0 0
cell 18.927871555646092 31.336683268407036 0.0 1.0 1.0 1 0 0 0.0 1.0 0
cell 38.77288241157757 49.83267523351713 0.0 1.6431676725154984 0.6085806194501846 1 0 0 0.3384081477497207 -0.9409994290841005 5.592735865973826
cell 25.82713130154709 56.99928433667493 0.0 1.6431676725154984 0.6085806194501846 1 0 0 0.10701969242749827 0.9942569011240121 0.21445007825469206
cell 6.750886685217847 40.599426532700015 0.0 1.6431676725154984 0.6085806194501846 1 0 0 0.36238866656514035 0.9320270673886781 0.7416589861894347
cell 3.489857866604236 3.1788427297304374 0.0 1.6431676725154984 0.6085806194501846 1 0 0 0.9022902944437575 0.43112901149493205 2.2501053007033462
cell 41.690767875699436 18.89169086970931 0.0 1.0 1.0 1 0 0 0.0 1.0 0
cell 19.467918278662054 52.17416925757501 0.0 1.0 1.0 1 0 0 0.0 1.0 0
cell 6.248200760016807 35.84547051840173 0.0 1.0 1.0 1 0 0 0.0 1.0 0
cell 48.9614253521201 9.357590072262466 0.0 1.6431676725154984 0.6085806194501846 1 0 0 0.323387575151343 0.9462665989232286 0.6586144900494673
cell 46.20246691289315 37.328719464517306 0.0 1.0 1.0 1 0 0 0.0 1.0 0
cell 59.006175911874244 8.378622030495285 0.0 1.6431676725154984 0.6085806194501846 1 0 0 0.871690075368816 -0.4900575603982738 4.16590422320773
cell 31.276716021282947 54.33766504592327 0.0 1.6431676725154984 0.6085806194501846 1 0 0 0.09936526818805788 0.9950510255649784 0.19905902418729157
cell 14.179265878027964 17.623714425451272 0.0 1.0 1.0 1 0 0 0.0 1.0 0
cell 32.1946248426624 46.94928102743489 0.0 1.0 1.0 1 0 0 0.0 1.0 0
cell 3.046711946363213 28.09955707026229 0.0 1.0 1.0 1 0 0 0.0 1.0 0
cell 55.60766132774835 35.05427350205407 0.0 1.6431676725154984 0.6085806194501846 1 0 0 0.26844898746893353 0.9632939017386669 0.5435651117222375
cell 59.25576084806527 53.344093375258296 0.0 1.6431676725154984 0.6085806194501846 1 0 0 0.3481550214698607 0.937436974428319 0.7112045463107656
cell 58.5284107300191 14.62781245434162 0.0 1.6431676725154984 0.6085806194501846 1 0 0 0.3800786558477142 0.9249541693343486 0.7797626651017516
cell 20.93676648326553 54.930671384095106 0.0 1.6431676725154984 0.6085806194501846 1 0 0 0.12215491359431617 0.9925110463288381 0.24492153499447616
cell 58.82973119582711 56.30380544927587 0.0 1.0 1.0 1 0 0 0.0 1.0 0
cell 50.63641446974471 32.085149834956404 0.0 1.0 1.0 1 0 0 0.0 1.0 0
cell 27.526920048483774 31.949030463966068 0.0 1.0 1.0 1 0 0 0.0 1.0 0
cell 22.288119709367862 20.99656229620838 0.0 1.0 1.0 1 0 0 0.0 1.0 0
cell 23.967089425682055 55.50736170302737 0.0 1.6431676725154984 0.6085806194501846 1 0 0 0.19690515519056712 0.9804225414888107 0.39640054084276144
cell 23.496311465614657 12.775145481662959 0.0 1.0 1.0 1 0 0 0.0 1.0 0
cell 53.40895282765202 29.8312021727009 0.0 1.0 1.0 1 0 0 0.0 1.0 0
cell 7.355919221759482 32.00669539160835 0.0 1.0 1.0 1 0 0 0.0 1.0 0
cell 32.78390216400558 48.69735710189966 0.0 1.6431676725154984 0.6085806194501846 1 0 0 0.06878117812115753 0.9976317705126805 0.1376710522922956
cell 16.161778447867484 12.124964309699163 0.0 1.0 1.0 1 0 0 0.0 1.0 0
cell 52.98767047473273 56.598999083335066 0.0 1.6431676725154984 0.6085806194501846 1 0 0 0.9712521776720722 -0.23805295076360133 3.622314008698515
cell 59.19253859140739 30.161165905710465 0.0 1.0 1.0 1 0 0 0.0 1.0 0
cell 51.41243849283865 23.606319784706507 0.0 1.0 1.0 1 0 0 0.0 1.0 0
cell 59.84916762541627 49.94482251308334 0.0 1.6431676725154984 0.6085806194501846 1 0 0 -0.24471784725960427 -0.9695943353963167 0.49445736205785806
cell 44.2519553882612 13.130840788207133 0.0 1.0 1.0 1 0 0 0.0 1.0 0
cell 26.157554244800323 14.537366898578536 0.0 1.0 1.0 1 0 0 0.0 1.0 0
cell 9.26294696426342 35.185662734317596 0.0 1.0 1.0 1 0 0 0.0 1.0 0
cell 30.175844927735618 46.69619109492805 0.0 1.0 1.0 1 0 0 0.0 1.0 0
cell 10.315289476279418 33.76666056099738 0.0 1.0 1.0 1 0 0 0.0 1.0 0
cell 38.81734407139045 23.96076223641395 0.0 1.0 1.0 1 0 0 0.0 1.0 0
cell 41.73287239674124 49.395369195870785 0.0 1.6431676725154984 0.6085806194501846 1 0 0 0.014270958847277734 -0.9998981646815737 6.254642420587138
cell 19.291364161606285 27.515154875710767 0.0 1.0 1.0 1 0 0 0.0 1.0 0
cell 35.15669979452396 25.576094318812423 0.0 1.0 1.0 1 0 0 0.0 1.0 0
cell 32.4511872479999 31.80020466573074 0.0 1.0 1.0 1 0 0 0.0 1.0 0
cell 8.103197198421135 19.81113066145038 0.0 1.0 1.0 1 0 0 0.0 1.0 0
cell 36.17303712284963 40.02453019434022 0.0 1.0 1.0 1 0 0 0.0 1.0 0
cell 21.91956382208273 45.18132764703816 0.0 1.0 1.0 1 0 0 0.0 1.0 0
cell 22.983489535937913 60.73915731162932 0.0 1.0 1.0 1 0 0 0.0 1.0 0
cell 60.31304280513873 57.56362626274225 0.0 1.6431676725154984 0.6085806194501846 1 0 0 -0.6676452168661072 -0.744479593001587 1.4620825823842392
cell 49.482423969941806 7.066316000731072 0.0 1.6431676725154984 0.6085806194501846 1 0 0 0.3951509915965633 0.9186161841815399 0.812464427565819
cell 1.9993979126098986 54.086941245175495 0.0 1.6431676725154984 0.6085806194501846 1 0 0 -0.7262392511878862 -0.6874420339447235 1.6256707622642592
cell 28.590722623894347 39.39111294756257 0.0 1.0 1.0 1 0 0 0.0 1.0 0
cell 43.01615770144304 38.74117135755029 0.0 1.0 1.0 1 0 0 0.0 1.0 0
cell 18.04303071940603 13.027950188359391 0.0 1.6431676725154984 0.6085806194501846 1 0 0 -0.5366540474978544 -0.8438023662589307 1.1329335178619484
cell 18.335504500705294 4.889377102164537 0.0 1.6431676725154984 0.6085806194501846 1 0 0 0.30508811255267687 0.9523241273742071 0.6200619032160444
cell 51.121082010978064 11.266289693681552 0.0 1.6431676725154984 0.6085806194501846 1 0 0 0.3587812634729659 0.933421665155005 0.733923799405625
cell 36.2444353770321 28.467949848566445 0.0 1.0 1.0 1 0 0 0.0 1.0 0
cell 39.86958588863698 39.82340184312445 0.0 1.0 1.0 1 0 0 0.0 1.0 0
cell 53.00810006397925 24.531569462423935 0.0 1.0 1.0 1 0 0 0.0 1.0 0
cell 17.393212735008074 32.26972100879253 0.0 1.0 1.0 1 0 0 0.0 1.0 0
cell 24.48625899579845 54.43249999206103 0.0 1.6431676725154984 0.6085806194501846 1 0 0 0.15590999019389065 0.9877712665175784 0.31309728498311373
cell 59.322955430388895 1.7447303455327037 0.0 1.6431676725154984 0.6085806194501846 1 0 0 0.7750962468192287 0.6318431832082587 1.7737348156763653
cell 40.69577698523658 23.381396065282146 0.0 1.0 1.0 1 0 0 0.0 1.0 0
cell 30.582256051983027 36.43824952057418 0.0 1.0 1.0 1 0 0 0.0 1.0 0
cell 8.31903235246473 47.25836271618621 0.0 1.6431676725154984 0.6085806194501846 1 0 0 -0.06075983007820593 -0.998152414738785 0.12159455482006365
cell 46.01309047648524 29.04323602209266 0.0 1.0 1.0 1 0 0 0.0 1.0 0
cell 56.281290340056955 31.707851302570276 0.0 1.0 1.0 1 0 0 0.0 1.0 0
cell 23.507004317104613 52.806354518482145 0.0 1.0 1.0 1 0 0 0.0 1.0 0
cell 23.65230622861172 3.2719597490211196 0.0 1.6431676725154984 0.6085806194501846 1 0 0 0.7026087789032932 0.711576351355231 1.5581141792221036
cell 29.335668273242558 14.769177037762473 0.0 1.0 1.0 1 0 0 0.0 1.0 0
cell 37.99111865533967 47.85801259303843 0.0 1.6431676725154984 0.6085806194501846 1 0 0 0.3421755578843822 -0.9396360399572335 5.584722818986109
cell 12.300482882693524 48.39423027681961 0.0 1.0 1.0 1 0 0 0.0 1.0 0
cell 11.603081868620544 43.715126896790075 0.0 1.0 1.0 1 0 0 0.0 1.0 0
cell 35.57786887357582 14.276183270348277 0.0 1.0 1.0 1 0 0 0.0 1.0 0
cell 32.25132483398742 1.160379628367174 0.0 1.0 1.0 1 0 0 0.0 1.0 0
cell 49.75171260135819 2.447089502720666 0.0 1.6431676725154984 0.6085806194501846 1 0 0 0.7098985243146704 0.7043039721426064 1.578708238988379
cell 30.69401805212002 52.95725479806658 0.0 1.6431676725154984 0.6085806194501846 1 0 0 0.007288759537586679 0.9999734366393955 0.014577648152510154
cell 53.59182966163119 33.29938815496595 0.0 1.0 1.0 1 0 0 0.0 1.0 0
cell 43.21940345544103 42.54224169619696 0.0 1.6431676725154984 0.6085806194501846 1 0 0 0.07305420696862013 -0.9973279715540851 6.1369466187134005
cell 31.167492506000457 28.920018409894716 0.0 1.0 1.0 1 0 0 0.0 1.0 0
cell 49.93987380822744 45.49228662247714 0.0 1.6431676725154984 0.6085806194501846 1 0 0 -0.18546735734985875 0.9826504258166583 5.910090407246532
cell 45.484977660320325 27.094604554451852 0.0 1.0 1.0 1 0 0 0.0 1.0 0
cell 1.1538952020900222 51.130155004108026 0.0 1.6431676725154984 0.6085806194501846 1 0 0 -0.4618865906288369 -0.8869389930526616 0.9602422076409143
cell 45.7455693724564 25.22532985085874 0.0 1.0 1.0 1 0 0 0.0 1.0 0
cell 43.99728412167452 7.598395550433043 0.0 1.6431676725154984 0.6085806194501846 1 0 0 0.7088044994694166 0.7054049769684857 1.5756039822513872
cell 10.283710821853907 30.59198977141034 0.0 1.0 1.0 1 0 0 0.0 1.0 0
cell 47.80704550338985 13.37160494775326 0.0 1.0 1.0 1 0 0 0.0 1.0 0
cell 5.386549373894249 51.291285552625894 0.0 1.6431676725154984 0.6085806194501846 1 0 0 -0.5405443703112289 -0.8413155078356972 1.1421680431415346
cell 17.23504155109661 14.2116396090562 0.0 1.0 1.0 1 0 0 0.0 1.0 0
cell 12.277394522795147 16.988955388035127 0.0 1.0 1.0 1 0 0 0.0 1.0 0
cell 51.54758718260484 16.884778050161366 0.0 1.0 1.0 1 0 0 0.0 1.0 0
cell 33.219859985115654 55.91944102594647 0.0 1.6431676725154984 0.6085806194501846 1 0 0 0.22180926482246358 0.9750900727824677 0.4473391299209317
cell 58.42560981321603 39.73839557263173 0.0 1.6431676725154984 0.6085806194501846 1 0 0 -0.02820002112295416 0.9996023003218154 6.226777786984523
cell 1.2901485167446167 27.130302548980417 0.0 1.0 1.0 1 0 0 0.0 1.0 0
cell 5.143085073596408 0.4166594428560955 0.0 1.6431676725154984 0.6085806194501846 1 0 0 0.9592909614848223 0.2824196367349926 2.5689616657303196
cell 59.58909176402007 3.783192562432966 0.0 1.6431676725154984 0.6085806194501846 1 0 0 0.9248510739418677 0.3803294506458497 2.361287672376634
cell 44.380275714343924 37.28107222637248 0.0 1.0 1.0 1 0 0 0.0 1.0 0
cell 26.413814896480076 53.197223344976656 0.0 1.6431676725154984 0.6085806194501846 1 0 0 0.2970391814280277 0.9548652913875167 0.6031807622880901
cell 36.606313441443234 26.514334943938124 0.0 1.0 1.0 1 0 0 0.0 1.0 0
cell 10.676085937363682 6.3005699415666045 0.0 1.6431676725154984 0.6085806194501846 1 0 0 -0.005983832837431747 -0.999982096712023 0.011967737095563535
cell 42.30555283284286 8.274977415440642 0.0 1.6431676725154984 0.6085806194501846 1 0 0 -0.29863227750107035 -0.9543682532620853 0.6065184277251463
cell 30.786189018543244 17.962370855662485 0.0 1.0 1.0 1 0 0 0.0 1.0 0
cell 16.564849523751985 4.901203311586585 0.0 1.6431676725154984 0.6085806194501846 1 0 0 0.3598774100238982 0.9329995979390833 0.7362729934414617
cell 40.59699100979898 51.861439751002976 0.0 1.6431676725154984 0.6085806194501846 1 0 0 0.16085745070575036 -0.9869776494695547 5.960066595937415
cell 16.952917072247654 54.45922896789038 0.0 1.6431676725154984 0.6085806194501846 1 0 0 0.13954319912777646 0.9902159843070529 0.28000017063659
cell 0.040901043349435895 16.355103146159248 0.0 1.6431676725154984 0.6085806194501846 1 0 0 0.24897985381359042 0.9685086640784186 0.5032535915358429
cell 10.461494602265143 42.06966000378751 0.0 1.0 1.0 1 0 0 0.0 1.0 0
cell 37.81076015973944 41.13655395091277 0.0 1.0 1.0 1 0 0 0.0 1.0 0
cell 41.082871110951224 6.292428174370764 0.0 1.6431676725154984 0.6085806194501846 1 0 0 -0.32789197996174124 -0.9447152213639669 0.6681426541863402
cell 13.26118042330403 6.992929194458972 0.0 1.6431676725154984 0.6085806194501846 1 0 0 -0.017206962130431634 0.9998519492676112 6.248769684482577
cell 16.664864199911474 10.820953862928647 0.0 1.6431676725154984 0.6085806194501846 1 0 0 0.2283558611139015 0.9735777322304205 0.4607771754320079
cell 32.00219056540899 20.93459196443193 0.0 1.0 1.0 1 0 0 0.0 1.0 0
cell 37.71202156723344 29.587885058966304 0.0 1.0 1.0 1 0 0 0.0 1.0 0
cell 26.137868434045817 7.567017571552952 0.0 1.6431676725154984 0.6085806194501846 1 0 0 0.3633846165922228 0.9316392115106165 0.7437966005113733
cell 5.346020766240582 53.53437733295671 0.0 1.6431676725154984 0.6085806194501846 1 0 0 -0.58229610376582 -0.8129767816728504 1.2431003200439683
cell 22.135548180003546 14.289548256942172 0.0 1.0 1.0 1 0 0 0.0 1.0 0
