1000
 Lattice="59.08179503018386 0.0 0.0 0.0 59.08179503018386 0.0 0.0 0.0 1.0"Properties=species:S:1:pos:R:3:aspherical_shape:R:3:orientation:R:4:Color:R:1
cell 31.037604674375466 18.499871146619267 0.0 1.6431676725154984 0.6085806194501846 1 0 0 0.16065829490206712 -0.987010087222598 5.960470156302671
cell 21.721778866558466 22.045689058039066 0.0 1.6431676725154984 0.6085806194501846 1 0 0 0.36104581553869164 -0.9325480786972868 5.544407086181299
cell 49.69673101828134 50.946233007098364 0.0 1.6431676725154984 0.6085806194501846 1 0 0 0.9690425207601657 0.2468938900798961 2.642645452396763
cell 47.726803128686655 45.13575356845619 0.0 1.0 1.0 1 0 0 0.0 1.0 0
cell 51.26593169818583 45.50574067113339 0.0 1.6431676725154984 0.6085806194501846 1 0 0 0.5443050609641622 0.8388873587131944 1.151120972452263
cell 27.790229954437862 17.843390299945188 0.0 1.6431676725154984 0.6085806194501846 1 0 0 0.1125973767109778 -0.9936406949988543 6.057511975458695
cell 0.06629432230572455 24.591349655310573 0.0 1.0 1.0 1 0 0 0.0 1.0 0
cell 30.795072318970057 7.7486774965250325 0.0 1.0 1.0 1 0 0 0.0 1.0 0
cell 24.830801200260733 26.12238437159666 0.0 1.6431676725154984 0.6085806194501846 1 0 0 0.6068469769517321 -0.7948186878556291 4.979010140877897
cell 21.714135209146793 46.94630875897712 0.0 1.6431676725154984 0.6085806194501846 1 0 0 0.6538623245878352 0.7566135476480661 1.4253560006909698
cell 44.47026987700146 12.575747368618051 0.0 1.0 1.0 1 0 0 0.0 1.0 0
cell 2.7506271913730442 23.040776036044374 0.0 1.6431676725154984 0.6085806194501846 1 0 0 0.37037860833876524 -0.9288808785226659 5.524352139550013
cell 36.80198075888728 14.129491533979786 0.0 1.0 1.0 1 0 0 0.0 1.0 0
cell 2.132197440233012 17.781681582981278 0.0 1.0 1.0 1 0 0 0.0 1.0 0
cell 35.09619906728348 10.423351009538717 0.0 1.0 1.0 1 0 0 0.0 1.0 0
cell 15.406648725897758 24.81542250958067 0.0 1.6431676725154984 0.6085806194501846 1 0 0 0.19634552526092097 -0.9805347697608755 5.887926310645296
cell 12.33644195278221 42.08671412389875 0.0 1.6431676725154984 0.6085806194501846 1 0 0 0.9838903788693741 -0.17877282334929845 3.501070733318621
cell 33.16830963495507 22.278863873966063 0.0 1.6431676725154984 0.6085806194501846 1 0 0 0.31829220676720266 -0.9479926535112307 5.635330392068679
cell 38.09843181676581 38.257988132468526 0.0 1.6431676725154984 0.6085806194501846 1 0 0 0.8324500080893616 -0.5541001570402427 4.316155892406235
cell 9.812061829710219 0.11047736708128088 0.0 1.6431676725154984 0.6085806194501846 1 0 0 0.62104941562279 0.7837714101411144 1.3401618496207108
cell 27.993629877408647 57.193764313816764 0.0 1.0 1.0 1 0 0 0.0 1.0 0
cell 48.96473451228417 20.516447063760268 0.0 1.6431676725154984 0.6085806194501846 1 0 0 -0.3374940956292157 -0.9413276450925139 0.688507053910377
cell 5.584754930547261 34.99619876680739 0.0 1.6431676725154984 0.6085806194501846 1 0 0 0.44077249572375155 -0.8976188539761492 5.37026711270907
cell 19.36420692057445 7.761911706203772 0.0 1.0 1.0 1 0 0 0.0 1.0 0
cell 9.831215962845686 9.950145559686662 0.0 1.0 1.0 1 0 0 0.0 1.0 0
cell 18.779785976983284 38.47452688490027 0.0 1.0 1.0 1 0 0 0.0 1.0 0
cell 1.138520616919741 49.60673801568654 0.0 1.6431676725154984 0.6085806194501846 1 0 0 0.9999997787851309 0.0006651538838941673 3.1402623457239103
cell 15.572591292799666 4.472130304857709 0.0 1.0 1.0 1 0 0 0.0 1.0 0
cell 44.648443551020684 27.04121339869723 0.0 1.0 1.0 1 0 0 0.0 1.0 0
cell 30.24377958474138 19.6497210737482 0.0 1.6431676725154984 0.6085806194501846 1 0 0 0.2145489645573871 -0.9767132341723199 5.850725272407096
cell 18.47000921052532 6.162704492158078 0.0 1.0 1.0 1 0 0 0.0 1.0 0
cell 13.344779570211355 24.531176686917327 0.0 1.6431676725154984 0.6085806194501846 1 0 0 -0.16909959204967603 0.9855989691393925 5.943353240824244
cell 18.53804291829027 2.733753422571073 0.0 1.0 1.0 1 0 0 0.0 1.0 0
cell 19.022408723357902 25.938836782481875 0.0 1.6431676725154984 0.6085806194501846 1 0 0 0.3563336943291795 -0.9343587631556302 5.554503168315445
cell 47.23829851508126 18.387586444244548 0.0 1.0 1.0 1 0 0 0.0 1.0 0
cell 20.359550523853294 35.731387654122194 0.0 1.0 1.0 1 0 0 0.0 1.0 0
cell 1.1135422101621184 20.77496736405521 0.0 1.0 1.0 1 0 0 0.0 1.0 0
cell 25.114918163233494 15.24139787359992 0.0 1.0 1.0 1 0 0 0.0 1.0 0
cell 7.276110559699229 28.987203145319555 0.0 1.0 1.0 1 0 0 0.0 1.0 0
cell 53.53464041059553 23.982995758336184 0.0 1.6431676725154984 0.6085806194501846 1 0 0 -0.01587384722232042 -0.9998740025495024 0.03174902788803191
cell 46.95833025264706 41.735287981047556 0.0 1.6431676725154984 0.6085806194501846 1 0 0 0.9840599701939046 0.17783693390848695 2.784016836020583
cell 26.571574259162485 14.693947749436576 0.0 1.0 1.0 1 0 0 0.0 1.0 0
cell 30.37174007421073 37.924889724613635 0.0 1.6431676725154984 0.6085806194501846 1 0 0 0.7214967221611616 -0.6924178506586176 4.6712623475892485
cell 37.7975804984011 35.82446403160203 0.0 1.0 1.0 1 0 0 0.0 1.0 0
cell 57.13008437371605 19.37848397581941 0.0 1.0 1.0 1 0 0 0.0 1.0 0
cell 42.092162632884424 54.44976603555163 0.0 1.6431676725154984 0.6085806194501846 1 0 0 -0.017792552126635792 0.9998417000149679 6.247598325100253
cell 6.290624431127594 10.334740745599655 0.0 1.0 1.0 1 0 0 0.0 1.0 0
cell 31.61202013750885 56.019078532059545 0.0 1.0 1.0 1 0 0 0.0 1.0 0
cell 20.76212729497308 48.7026354977315 0.0 1.0 1.0 1 0 0 0.0 1.0 0
cell 34.38427593218349 35.550193745335434 0.0 1.0 1.0 1 0 0 0.0 1.0 0
cell 27.3594352392028 21.239855387244297 0.0 1.6431676725154984 0.6085806194501846 1 0 0 0.2876918586406748 -0.9577230259693426 5.699553442649065
cell 13.283112847445862 13.052202729625094 0.0 1.0 1.0 1 0 0 0.0 1.0 0
cell 22.32024142049323 43.13601189082756 0.0 1.0 1.0 1 0 0 0.0 1.0 0
cell 21.497039319517754 32.45040558967457 0.0 1.0 1.0 1 0 0 0.0 1.0 0
cell 5.989645407704755 1.1452512309938743 0.0 1.6431676725154984 0.6085806194501846 1 0 0 0.9538213723587587 0.300374415740845 2.5314223083982883
cell 26.367118840534427 34.435121244405835 0.0 1.0 1.0 1 0 0 0.0 1.0 0
cell 58.21359759329226 48.80855395974663 0.0 1.6431676725154984 0.6085806194501846 1 0 0 0.9996466760944218 -0.026580499870657907 3.194759915233461
cell 55.09082531278486 48.181843535613154 0.0 1.6431676725154984 0.6085806194501846 1 0 0 0.9968170146162009 -0.07972351830949809 3.3012090784215173
cell 24.350751703082278 0.9965338998258806 0.0 1.6431676725154984 0.6085806194501846 1 0 0 0.5476837246020587 -0.8366854473492511 5.123998653435503
cell 19.25668229674012 15.853467820064242 0.0 1.0 1.0 1 0 0 0.0 1.0 0
cell 52.07578222604248 8.511525724341858 0.0 1.0 1.0 1 0 0 0.0 1.0 0
cell 53.95857270356943 40.42171072556369 0.0 1.6431676725154984 0.6085806194501846 1 0 0 0.9933482026192277 -0.11514924382361219 3.3724031367314717
cell 16.10092151758673 42.39708747415183 0.0 1.0 1.0 1 0 0 0.0 1.0 0
cell 54.74846743579094 10.363912902216033 0.0 1.0 1.0 1 0 0 0.0 1.0 0
cell 56.59568957783625 9.519438282309842 0.0 1.0 1.0 1 0 0 0.0 1.0 0
cell 58.12019965554523 2.0785673843155363 0.0 1.6431676725154984 0.6085806194501846 1 0 0 0.05679009477656704 0.9983861402960623 0.11364132985406376
cell 15.941158198321274 34.08449119032749 0.0 1.6431676725154984 0.6085806194501846 1 0 0 0.37583526431899905 -0.9266864918052211 5.512589397138327
cell 2.1372692856063678 58.50797352547863 0.0 1.6431676725154984 0.6085806194501846 1 0 0 0.8243906429447295 -0.5660212609303431 4.344935722678286
cell 4.638969957198348 52.247032655608315 0.0 1.6431676725154984 0.6085806194501846 1 0 0 0.9681340432756531 -0.2504325742604901 3.647846736995218
cell 13.20579060266819 36.1607833289101 0.0 1.6431676725154984 0.6085806194501846 1 0 0 0.28477301916918 -0.958594975760498 5.705646037326235
cell 23.803905829894052 20.173388120227646 0.0 1.6431676725154984 0.6085806194501846 1 0 0 0.24268450401197325 -0.9701052682634306 5.7929210531658635
cell 23.034415781914728 10.630736757351993 0.0 1.0 1.0 1 0 0 0.0 1.0 0
cell 51.793249455735435 22.943137437156423 0.0 1.6431676725154984 0.6085806194501846 1 0 0 -0.17841157067914462 -0.9839559499529441 0.35874376900383975
cell 42.824104684510765 22.046738756278202 0.0 1.6431676725154984 0.6085806194501846 1 0 0 -8.428787143132672e-05 -0.9999999964477774 0.00016857574306250456
cell 55.51416429259968 22.152606191288367 0.0 1.6431676725154984 0.6085806194501846 1 0 0 0.2518221374793642 0.9677735329483464 0.509125218365171
cell 20.579212504365483 2.8107692748135764 0.0 1.0 1.0 1 0 0 0.0 1.0 0
cell 44.52345127504285 38.29376207666413 0.0 1.0 1.0 1 0 0 0.0 1.0 0
cell 30.32216985651627 25.22155489400011 0.0 1.0 1.0 1 0 0 0.0 1.0 0
cell 20.430316334805333 6.06076062182593 0.0 1.0 1.0 1 0 0 0.0 1.0 0
cell 0.7934557062401437 31.563307191491784 0.0 1.0 1.0 1 0 0 0.0 1.0 0
cell 13.962280974787289 45.04060581676235 0.0 1.0 1.0 1 0 0 0.0 1.0 0
cell 3.223235735772651 52.73178821629593 0.0 1.6431676725154984 0.6085806194501846 1 0 0 0.8679536430647184 -0.4966452189346871 4.181051294940695
cell 22.965068785177884 50.49310736480597 0.0 1.6431676725154984 0.6085806194501846 1 0 0 0.6061006210817018 -0.7953879789916211 4.980887521549948
cell 25.06347604681227 3.5863609664775633 0.0 1.0 1.0 1 0 0 0.0 1.0 0
cell 20.818630968377988 14.719628384384237 0.0 1.0 1.0 1 0 0 0.0 1.0 0
cell 20.191178061820995 33.723629889625 0.0 1.0 1.0 1 0 0 0.0 1.0 0
cell 7.680914233160996 15.207724647784094 0.0 1.0 1.0 1 0 0 0.0 1.0 0
cell 43.23213301170699 46.425110240394055 0.0 1.6431676725154984 0.6085806194501846 1 0 0 0.9411209756189103 -0.3380699768540687 3.831323392865182
cell 22.18217285933524 36.58550118677198 0.0 1.0 1.0 1 0 0 0.0 1.0 0
cell 5.698891049989843 11.98206639294845 0.0 1.0 1.0 1 0 0 0.0 1.0 0
cell 28.706965065948864 27.955505532069008 0.0 1.0 1.0 1 0 0 0.0 1.0 0
cell 25.630438222476673 36.25013018648025 0.0 1.0 1.0 1 0 0 0.0 1.0 0
cell 19.560187441528022 45.217279954045694 0.0 1.6431676725154984 0.6085806194501846 1 0 0 0.9973961564735992 0.07211731450693115 2.9972327059071184
cell 5.30765111887717 47.569299920805264 0.0 1.6431676725154984 0.6085806194501846 1 0 0 0.9999929700646775 0.003749642813011021 3.1340933503905575
cell 19.304656190578633 17.599645330092386 0.0 1.0 1.0 1 0 0 0.0 1.0 0
cell 6.832703797257906 16.598790677435737 0.0 1.0 1.0 1 0 0 0.0 1.0 0
cell 53.51991542356859 21.904796669288718 0.0 1.6431676725154984 0.6085806194501846 1 0 0 -0.2694869181898482 -0.9630040503157492 0.5457203974491645
cell 52.200019180377495 50.794412945856024 0.0 1.6431676725154984 0.6085806194501846 1 0 0 0.987075144352958 0.1602581024491031 2.819688394646176
cell 7.509252824551701 5.205159843174499 0.0 1.6431676725154984 0.6085806194501846 1 0 0 -0.0008643287897030445 0.9999996264678018 6.2814566493849435
cell 10.204167475996414 29.583185331875484 0.0 1.6431676725154984 0.6085806194501846 1 0 0 0.45080497144688025 -0.8926224721116859 5.347851429288077
cell 1.172625050855102 8.712143721086635 0.0 1.0 1.0 1 0 0 0.0 1.0 0
cell 53.46830796783339 20.60331600499629 0.0 1.0 1.0 1 0 0 0.0 1.0 0
cell 50.40086523815442 19.536077686080265 0.0 1.0 1.0 1 0 0 0.0 1.0 0
cell 44.0451636801486 1.7108577657867892 0.0 1.0 1.0 1 0 0 0.0 1.0 0
cell 7.3025579194635615 31.42761225422548 0.0 1.6431676725154984 0.6085806194501846 1 0 0 -0.19195009383183367 0.9814046879233613 5.896887696396706
cell 14.857998726070049 32.121289087265595 0.0 1.6431676725154984 0.6085806194501846 1 0 0 0.44773575286024825 -0.894165921745325 5.3547223393040975
cell 17.362219060593528 49.149102372398374 0.0 1.0 1.0 1 0 0 0.0 1.0 0
cell 25.49940807162306 21.408188459543194 0.0 1.6431676725154984 0.6085806194501846 1 0 0 0.25699157081726914 -0.9664136446309481 5.763369456409803
cell 9.74907575186057 34.616256874643014 0.0 1.6431676725154984 0.6085806194501846 1 0 0 0.43573017329761277 -0.9000773389426224 5.381486604017601
cell 6.832915351587387 13.56122498524764 0.0 1.0 1.0 1 0 0 0.0 1.0 0
cell 20.85910852592602 21.25983218044709 0.0 1.6431676725154984 0.6085806194501846 1 0 0 -0.23435889183192737 0.9721501477751834 5.810067224814318
cell 16.47664455231352 19.202019678248718 0.0 1.0 1.0 1 0 0 0.0 1.0 0
cell 4.672653413627215 5.305579028546984 0.0 1.6431676725154984 0.6085806194501846 1 0 0 0.8366459395203264 0.5477440751702846 1.9822617353714445
cell 13.544098834040945 50.22089556243184 0.0 1.6431676725154984 0.6085806194501846 1 0 0 0.929832092054377 -0.3679840765383477 3.895272727624759
cell 26.341172854034273 54.55473130120772 0.0 1.6431676725154984 0.6085806194501846 1 0 0 0.4998504420048936 -0.8661117339163075 5.2363331281627765
cell 44.46642478600049 42.5421949870777 0.0 1.6431676725154984 0.6085806194501846 1 0 0 0.9996932489395283 -0.02476707541738354 3.191131869930538
cell 23.439584825120992 17.098349503354918 0.0 1.6431676725154984 0.6085806194501846 1 0 0 0.04916771063101405 -0.9987905367149335 6.184810222367706
cell 47.31558125462835 28.655300255845916 0.0 1.0 1.0 1 0 0 0.0 1.0 0
cell 54.33179725601997 43.487890584429316 0.0 1.6431676725154984 0.6085806194501846 1 0 0 0.7430757315391772 -0.6692073349848436 4.607875731965681
cell 43.26079571502114 30.060587923344 0.0 1.0 1.0 1 0 0 0.0 1.0 0
cell 2.2046872884396636 47.31768560489505 0.0 1.6431676725154984 0.6085806194501846 1 0 0 0.9974781454909047 0.07097428596347682 2.999524636616216
cell 22.90690158496004 55.80672794574914 0.0 1.6431676725154984 0.6085806194501846 1 0 0 0.3762271863707614 -0.9265274438652858 5.511743467721597
cell 17.352709452993395 26.175880694545064 0.0 1.6431676725154984 0.6085806194501846 1 0 0 0.3018369562990432 -0.9533595606129565 5.669947523034137
cell 7.227565048315137 20.364449590232198 0.0 1.0 1.0 1 0 0 0.0 1.0 0
cell 15.910044173667067 15.435203486982324 0.0 1.0 1.0 1 0 0 0.0 1.0 0
cell 36.77273479108648 54.97354386428879 0.0 1.6431676725154984 0.6085806194501846 1 0 0 0.10933239182811919 0.9940052455078608 0.21910278134322225
cell 0.498041973176086 17.529976334043077 0.0 1.0 1.0 1 0 0 0.0 1.0 0
cell 45.92651699452147 1.8128447606548868 0.0 1.6431676725154984 0.6085806194501846 1 0 0 0.9200664193114474 0.39176240765981085 2.3364999825064854
cell 13.950586191101536 15.132307936865876 0.0 1.0 1.0 1 0 0 0.0 1.0 0
cell 47.64286676507481 26.736474807342866 0.0 1.0 1.0 1 0 0 0.0 1.0 0
cell 0.2732638532249808 46.6060063539811 0.0 1.6431676725154984 0.6085806194501846 1 0 0 0.997050632946794 0.07674656565865037 2.9879484414922572
cell 19.284522692665238 14.10923226973771 0.0 1.0 1.0 1 0 0 0.0 1.0 0
cell 40.733721225819195 11.011615117606775 0.0 1.0 1.0 1 0 0 0.0 1.0 0
cell 17.94217541763023 53.3820069843722 0.0 1.6431676725154984 0.6085806194501846 1 0 0 0.5379763663687827 -0.8429599214841957 5.147116033652112
cell 12.045530253330575 1.6834496591676391 0.0 1.6431676725154984 0.6085806194501846 1 0 0 0.8955798549606716 0.444900801739694 2.2194656665814168
cell 33.87518885418904 26.941592127763172 0.0 1.0 1.0 1 0 0 0.0 1.0 0
cell 2.218197836228618 19.81065428754394 0.0 1.0 1.0 1 0 0 0.0 1.0 0
cell 58.26212401695991 28.959134779546865 0.0 1.0 1.0 1 0 0 0.0 1.0 0
cell 12.555186260191553 21.784176564822666 0.0 1.0 1.0 1 0 0 0.0 1.0 0
cell 8.785936380723138 54.48465113759661 0.0 1.6431676725154984 0.6085806194501846 1 0 0 0.974913170318478 -0.22258551242067479 3.590524083543979
cell 29.82735187754128 13.885050020947643 0.0 1.0 1.0 1 0 0 0.0 1.0 0
cell 37.49347750917111 56.39497916276639 0.0 1.0 1.0 1 0 0 0.0 1.0 0
cell 19.452732151907387 24.280050653948347 0.0 1.6431676725154984 0.6085806194501846 1 0 0 0.3103389991468114 -0.9506259546259798 5.652086071314229
cell 42.32200706141058 16.8215765017078 0.0 1.0 1.0 1 0 0 0.0 1.0 0
cell 10.695581396335632 24.900445041675603 0.0 1.0 1.0 1 0 0 0.0 1.0 0
cell 41.267481866636345 20.083824043975756 0.0 1.6431676725154984 0.6085806194501846 1 0 0 -0.09743419739353563 -0.9952419691604035 0.19517804747946688
cell 43.48927188260586 23.09056910288413 0.0 1.6431676725154984 0.6085806194501846 1 0 0 0.0773442654212895 -0.9970044456302294 6.128342131721087
cell 37.87376842367948 33.853028380215804 0.0 1.0 1.0 1 0 0 0.0 1.0 0
cell 35.42015126639907 5.326735439070272 0.0 1.0 1.0 1 0 0 0.0 1.0 0
cell 16.81972785373908 11.540188219030151 0.0 1.0 1.0 1 0 0 0.0 1.0 0
cell 23.577666072050253 53.85694106209596 0.0 1.6431676725154984 0.6085806194501846 1 0 0 -0.3298072380122153 0.9440482963041424 5.610986544589832
cell 57.68568882738274 15.993432048956775 0.0 1.0 1.0 1 0 0 0.0 1.0 0
cell 26.242972912695716 16.523922525908404 0.0 1.6431676725154984 0.6085806194501846 1 0 0 -0.02556848251653735 -0.9996730729102398 0.05114253844830774
cell 45.42099522433783 47.81109399955495 0.0 1.6431676725154984 0.6085806194501846 1 0 0 0.9005639713590837 -0.4347235138452433 4.0410551327093
cell 39.48965402489334 15.602436241638328 0.0 1.0 1.0 1 0 0 0.0 1.0 0
cell 34.347170485088895 50.72839683209129 0.0 1.6431676725154984 0.6085806194501846 1 0 0 0.29651769171618414 0.9550273600789173 0.6020885758796375
cell 31.9797441416526 26.31836358558558 0.0 1.0 1.0 1 0 0 0.0 1.0 0
cell 21.809780676902086 9.142736571469575 0.0 1.0 1.0 1 0 0 0.0 1.0 0
cell 38.71899092706753 19.440158076442987 0.0 1.6431676725154984 0.6085806194501846 1 0 0 -0.0034408154722650607 -0.999994080376922 0.006881644523449637
cell 16.2971962920505 51.561854114769346 0.0 1.6431676725154984 0.6085806194501846 1 0 0 0.9996482702498053 0.026520478626379376 3.088545476767768
cell 20.589620893024442 37.74641322148528 0.0 1.0 1.0 1 0 0 0.0 1.0 0
cell 43.122670012056126 28.123659156482148 0.0 1.0 1.0 1 0 0 0.0 1.0 0
cell 49.35103512928178 42.321373156128665 0.0 1.6431676725154984 0.6085806194501846 1 0 0 0.9921951669196456 -0.12469462996174571 3.3916327597142963
cell 5.104707105441749 48.98533075656996 0.0 1.6431676725154984 0.6085806194501846 1 0 0 0.9540757380982545 -0.29956549529655596 3.75006705744068
cell 0.9897262099050461 18.951987802864455 0.0 1.6431676725154984 0.6085806194501846 1 0 0 0.11764739793474109 -0.993055431362814 6.047344320163779
cell 46.11558535121199 13.109771354921147 0.0 1.0 1.0 1 0 0 0.0 1.0 0
cell 9.977575620263126 22.97802161638033 0.0 1.0 1.0 1 0 0 0.0 1.0 0
cell 36.60291207925919 48.62014822262107 0.0 1.6431676725154984 0.6085806194501846 1 0 0 0.9147994078747042 -0.4039084591242064 3.9731632804564034
cell 9.58181601581419 53.448549236055456 0.0 1.6431676725154984 0.6085806194501846 1 0 0 0.9787584970802455 -0.2050165954092963 3.5545539791937792
cell 7.408170949829554 49.79803229862459 0.0 1.6431676725154984 0.6085806194501846 1 0 0 0.9250372174479378 -0.37987648826451026 3.92091819755932
cell 18.78938292117113 11.189696688273413 0.0 1.0 1.0 1 0 0 0.0 1.0 0
cell 30.586997623696636 12.337901176007005 0.0 1.0 1.0 1 0 0 0.0 1.0 0
cell 39.56922035052716 59.06243264061478 0.0 1.0 1.0 1 0 0 0.0 1.0 0
cell 26.78941573903536 12.989419187375471 0.0 1.0 1.0 1 0 0 0.0 1.0 0
cell 2.0521283468105893 21.92228417430733 0.0 1.0 1.0 1 0 0 0.0 1.0 0
cell 26.269820254371393 5.0954428519847905 0.0 1.0 1.0 1 0 0 0.0 1.0 0
cell 39.021813477553565 48.523654492201956 0.0 1.0 1.0 1 0 0 0.0 1.0 0
cell 24.153398026668693 43.84509862379279 0.0 1.0 1.0 1 0 0 0.0 1.0 0
cell 2.3643928124712623 10.87133026754863 0.0 1.0 1.0 1 0 0 0.0 1.0 0
cell 28.012448732360454 31.28988125722954 0.0 1.0 1.0 1 0 0 0.0 1.0 0
cell 29.16264627929906 22.856789898907383 0.0 1.6431676725154984 0.6085806194501846 1 0 0 0.3744021192166805 -0.9272664412810692 5.515681481713459
cell 51.72913233290901 18.09600823873308 0.0 1.0 1.0 1 0 0 0.0 1.0 0
cell 21.372706650669652 23.648478776137146 0.0 1.6431676725154984 0.6085806194501846 1 0 0 0.36905942629108773 -0.929405799350151 5.527191705353904
cell 48.85717700605184 19.003810924166356 0.0 1.0 1.0 1 0 0 0.0 1.0 0
cell 52.826443151563915 14.970645919392375 0.0 1.0 1.0 1 0 0 0.0 1.0 0
cell 51.13624559572893 14.213344841998897 0.0 1.0 1.0 1 0 0 0.0 1.0 0
cell 38.460743231377904 45.684190329165155 0.0 1.6431676725154984 0.6085806194501846 1 0 0 0.8460884843619809 -0.5330424716943725 4.265977523937433
cell 38.17910134683971 57.94446690765682 0.0 1.0 1.0 1 0 0 0.0 1.0 0
cell 43.37715882910092 25.020417263348 0.0 1.0 1.0 1 0 0 0.0 1.0 0
cell 23.367586429118692 8.689962163820624 0.0 1.0 1.0 1 0 0 0.0 1.0 0
cell 28.771492873890114 21.21380405771318 0.0 1.6431676725154984 0.6085806194501846 1 0 0 0.31141517620623554 -0.9502739541987033 5.64982150822082
cell 33.897921687677304 43.37795646711777 0.0 1.6431676725154984 0.6085806194501846 1 0 0 -0.8567677224003907 0.5157025013055949 4.225247435220183
cell 27.512149711742733 11.387745538672739 0.0 1.0 1.0 1 0 0 0.0 1.0 0
cell 4.800765596384147 26.619875820623218 0.0 1.0 1.0 1 0 0 0.0 1.0 0
cell 45.50662660170892 22.388988421746074 0.0 1.6431676725154984 0.6085806194501846 1 0 0 -0.04368681516896775 -0.9990452753406086 0.08740144688090279
cell 43.155219182937394 0.01761034093521862 0.0 1.6431676725154984 0.6085806194501846 1 0 0 0.9143732787551171 0.4048722108253628 2.3079145130498784
cell 35.75217418583811 16.871841481940642 0.0 1.6431676725154984 0.6085806194501846 1 0 0 -0.12456923148986433 -0.992210918386824 0.2497873383616085
cell 17.446179728143203 7.90843716023384 0.0 1.0 1.0 1 0 0 0.0 1.0 0
cell 9.106559146846703 20.99997453958957 0.0 1.0 1.0 1 0 0 0.0 1.0 0
cell 22.019921688734687 34.612774950872684 0.0 1.0 1.0 1 0 0 0.0 1.0 0
cell 35.7939820131553 23.771108301524745 0.0 1.6431676725154984 0.6085806194501846 1 0 0 0.1610333010398803 -0.9869489733295229 5.959710249695091
cell 48.30203408428029 40.14140335716911 0.0 1.6431676725154984 0.6085806194501846 1 0 0 0.9890802937801619 0.1473776524977533 2.845759759894947
cell 42.675011743191924 6.434243151170853 0.0 1.0 1.0 1 0 0 0.0 1.0 0
cell 57.613366120986335 21.91713955218322 0.0 1.6431676725154984 0.6085806194501846 1 0 0 0.34363891078526104 -0.9391018576247836 5.581607211201055
cell 14.818017367445234 27.243138738682582 0.0 1.6431676725154984 0.6085806194501846 1 0 0 0.27612654372328244 -0.9611212888347829 5.7236620684190935
cell 38.56950980354555 16.35850583156428 0.0 1.6431676725154984 0.6085806194501846 1 0 0 -0.20753010784944556 -0.9782286309120162 0.4180988372862604
cell 9.51611219157943 2.237860115888528 0.0 1.0 1.0 1 0 0 0.0 1.0 0
cell 23.70763525898838 15.869162707677104 0.0 1.0 1.0 1 0 0 0.0 1.0 0
cell 8.6606119081993 13.653258593480533 0.0 1.0 1.0 1 0 0 0.0 1.0 0
cell 5.630956238643814 19.148613677441162 0.0 1.0 1.0 1 0 0 0.0 1.0 0
cell 2.5557874397320535 30.683869860635085 0.0 1.0 1.0 1 0 0 0.0 1.0 0
cell 54.00401308858819 4.543755072613786 0.0 1.0 1.0 1 0 0 0.0 1.0 0
cell 36.17055723696061 19.79581985632877 0.0 1.6431676725154984 0.6085806194501846 1 0 0 0.11579518260864309 -0.9932731123334765 6.051074246504774
cell 50.670136368025624 27.89228752772418 0.0 1.0 1.0 1 0 0 0.0 1.0 0
cell 7.834061365173551 37.02700653629591 0.0 1.6431676725154984 0.6085806194501846 1 0 0 0.2797772104303553 -0.9600649522421952 5.716061217996444
cell 58.30529936875144 18.471170797746417 0.0 1.0 1.0 1 0 0 0.0 1.0 0
cell 15.471050863802443 20.54764286069392 0.0 1.0 1.0 1 0 0 0.0 1.0 0
cell 16.84872698546246 37.58205974125728 0.0 1.0 1.0 1 0 0 0.0 1.0 0
cell 26.976543957217743 27.340326246544258 0.0 1.0 1.0 1 0 0 0.0 1.0 0
cell 23.156180550349557 28.60856297676117 0.0 1.6431676725154984 0.6085806194501846 1 0 0 0.4304122460223638 -0.9026324271119358 5.3932864221567876
cell 27.916984593344534 1.7684691917083804 0.0 1.0 1.0 1 0 0 0.0 1.0 0
cell 48.60147003622957 47.17190265910555 0.0 1.6431676725154984 0.6085806194501846 1 0 0 0.9488306920798409 -0.31578523994526736 3.7841609079939147
cell 12.164975366489697 14.589888531918593 0.0 1.0 1.0 1 0 0 0.0 1.0 0
cell 55.76493017377206 18.89565984648719 0.0 1.0 1.0 1 0 0 0.0 1.0 0
cell 30.056983701957403 9.45610270445343 0.0 1.0 1.0 1 0 0 0.0 1.0 0
cell 9.26621738671365 39.24172046360354 0.0 1.6431676725154984 0.6085806194501846 1 0 0 0.993573329397242 0.11319027833908553 2.9147258890463954
cell 11.99117195600249 19.882503730991957 0.0 1.0 1.0 1 0 0 0.0 1.0 0
cell 39.435066218938324 55.41894064262329 0.0 1.0 1.0 1 0 0 0.0 1.0 0
cell 16.93399199177141 29.896114344340052 0.0 1.6431676725154984 0.6085806194501846 1 0 0 0.47637860173191693 -0.8792402560233146 5.290122680228728
cell 56.09071811097033 50.63146889525323 0.0 1.6431676725154984 0.6085806194501846 1 0 0 0.9840533118423277 -0.17787377393012888 3.4992433449418776
cell 46.675212401373244 2.7506869101568934 0.0 1.6431676725154984 0.6085806194501846 1 0 0 0.927643348857561 0.3734672908305753 2.376104728437372
cell 56.246429324454795 39.88244327828611 0.0 1.6431676725154984 0.6085806194501846 1 0 0 0.9985315734192683 -0.05417284268746098 3.249991402695538
cell 8.048139042948595 48.44033754192621 0.0 1.6431676725154984 0.6085806194501846 1 0 0 0.9957097244116653 -0.09253185782229614 3.3269214823674185
cell 50.08750918535706 1.7691267457038227 0.0 1.6431676725154984 0.6085806194501846 1 0 0 0.760019599757176 -0.6499001523195251 4.556498762001612
cell 2.5245538796914615 32.537144659002315 0.0 1.0 1.0 1 0 0 0.0 1.0 0
cell 16.813794241705747 41.0019369634725 0.0 1.6431676725154984 0.6085806194501846 1 0 0 0.9720336173775038 -0.23484174817950176 3.6157041736049402
cell 11.487947468697056 12.795849099758296 0.0 1.0 1.0 1 0 0 0.0 1.0 0
cell 30.351819797001163 30.78931732610491 0.0 1.0 1.0 1 0 0 0.0 1.0 0
cell 39.2041851129742 27.38996536009396 0.0 1.0 1.0 1 0 0 0.0 1.0 0
cell 25.838457275384314 17.529439622729633 0.0 1.6431676725154984 0.6085806194501846 1 0 0 0.09044732677110646 -0.9959012406257765 6.10204309983876
cell 1.455858684235017 35.71101254079476 0.0 1.6431676725154984 0.6085806194501846 1 0 0 0.3651042876779294 -0.9309666262112686 5.535695664238607
cell 36.17274451930093 57.87987512651123 0.0 1.0 1.0 1 0 0 0.0 1.0 0
cell 44.05924745515515 50.749374095966886 0.0 1.6431676725154984 0.6085806194501846 1 0 0 -0.45958488838560396 0.8881338471016584 5.328129818418382
cell 39.223441872341496 50.80577385299043 0.0 1.0 1.0 1 0 0 0.0 1.0 0
cell 57.48673484056334 46.017918746376026 0.0 1.6431676725154984 0.6085806194501846 1 0 0 0.9954154747885582 0.09564534777745015 2.950009095237547
cell 39.53812476679564 20.905401822031816 0.0 1.6431676725154984 0.6085806194501846 1 0 0 0.10254693196522993 -0.9947281672620508 6.077730274677388
cell 1.9617908506512793 16.012917808413683 0.0 1.6431676725154984 0.6085806194501846 1 0 0 -0.2249301455806574 0.9743748917172816 5.829442619053892
cell 19.501683836736387 4.493040241043913 0.0 1.0 1.0 1 0 0 0.0 1.0 0
cell 49.38646519285183 14.565478337130388 0.0 1.0 1.0 1 0 0 0.0 1.0 0
cell 11.011732338854955 48.44471774400986 0.0 1.6431676725154984 0.6085806194501846 1 0 0 0.3014056952137335 0.953495992069566 0.6123331302457868
cell 3.2869135377244048 21.044513729628303 0.0 1.0 1.0 1 0 0 0.0 1.0 0
cell 28.66250843626255 12.601199057292282 0.0 1.0 1.0 1 0 0 0.0 1.0 0
cell 48.86205425302911 28.304967818565515 0.0 1.0 1.0 1 0 0 0.0 1.0 0
cell 24.02818668528436 41.80117788159601 0.0 1.6431676725154984 0.6085806194501846 1 0 0 0.28672352266635154 0.958013372323058 0.5816100083028727
cell 16.028484159608723 55.34306442640537 0.0 1.6431676725154984 0.6085806194501846 1 0 0 0.5476634360883929 -0.8366987276026269 5.124047150401038
cell 29.066247924205904 3.2338808339057405 0.0 1.0 1.0 1 0 0 0.0 1.0 0
cell 31.55721663951528 13.917674509953025 0.0 1.0 1.0 1 0 0 0.0 1.0 0
cell 36.517444258683014 37.92505689906141 0.0 1.6431676725154984 0.6085806194501846 1 0 0 0.8987221249386284 -0.43851857673968214 4.049491939450611
cell 33.67780262005361 29.154836892974224 0.0 1.0 1.0 1 0 0 0.0 1.0 0
cell 36.98431493252997 28.158266924521097 0.0 1.0 1.0 1 0 0 0.0 1.0 0
cell 16.111228000294602 17.336018641510343 0.0 1.0 1.0 1 0 0 0.0 1.0 0
cell 58.14949428899711 37.82869131701396 0.0 1.6431676725154984 0.6085806194501846 1 0 0 0.3847667626894558 -0.9230138343109902 5.493275070744975
cell 29.843828906180708 1.2745950320748456 0.0 1.0 1.0 1 0 0 0.0 1.0 0
cell 0.6331753527328268 10.277171441900231 0.0 1.0 1.0 1 0 0 0.0 1.0 0
cell 50.43498992932792 8.317597331412776 0.0 1.0 1.0 1 0 0 0.0 1.0 0
cell 32.89532527382391 35.51157726811115 0.0 1.6431676725154984 0.6085806194501846 1 0 0 0.8461366650634946 -0.5329659876907977 4.265796734747417
cell 4.116351723685881 29.61382794088728 0.0 1.0 1.0 1 0 0 0.0 1.0 0
cell 51.236683520830574 40.367682166827684 0.0 1.6431676725154984 0.6085806194501846 1 0 0 0.9828365719503059 -0.18447838040532313 3.5126748678888124
cell 6.797078692924614 52.434146742036106 0.0 1.6431676725154984 0.6085806194501846 1 0 0 0.9489684564310278 -0.3153710016772509 3.7832878161037367
cell 44.68261296941697 14.245608954583073 0.0 1.0 1.0 1 0 0 0.0 1.0 0
cell 28.274472367366315 0.01778789154488057 0.0 1.0 1.0 1 0 0 0.0 1.0 0
cell 47.49141783154814 7.489984253727067 0.0 1.0 1.0 1 0 0 0.0 1.0 0
cell 40.10600787604905 1.895422159374507 0.0 1.0 1.0 1 0 0 0.0 1.0 0
cell 18.328687144773514 9.480608712847667 0.0 1.0 1.0 1 0 0 0.0 1.0 0
cell 35.42052713935271 41.2262195416094 0.0 1.0 1.0 1 0 0 0.0 1.0 0
cell 52.18150122223823 47.42419552545304 0.0 1.6431676725154984 0.6085806194501846 1 0 0 0.9999554562311292 0.00943851437431282 3.122715344551505
cell 26.94364098586421 8.30127248485524 0.0 1.0 1.0 1 0 0 0.0 1.0 0
cell 14.031029872506911 34.28275356125702 0.0 1.6431676725154984 0.6085806194501846 1 0 0 -0.33209939108505526 0.9432443980437601 5.606128470476184
cell 3.6210659442748057 25.589064231253232 0.0 1.0 1.0 1 0 0 0.0 1.0 0
cell 55.377307464363525 6.488861371784227 0.0 1.0 1.0 1 0 0 0.0 1.0 0
cell 43.53937044235614 53.169781863015515 0.0 1.0 1.0 1 0 0 0.0 1.0 0
cell 6.40043484228603 21.75444285766484 0.0 1.0 1.0 1 0 0 0.0 1.0 0
cell 57.21041864627683 21.090631089413524 0.0 1.6431676725154984 0.6085806194501846 1 0 0 -0.19506630800814095 0.980790056780794 5.890535194302056
cell 25.68399042137435 38.25240733667769 0.0 1.0 1.0 1 0 0 0.0 1.0 0
cell 8.099507589235698 22.358851767804072 0.0 1.0 1.0 1 0 0 0.0 1.0 0
cell 31.27683572001873 21.628767864355275 0.0 1.6431676725154984 0.6085806194501846 1 0 0 0.3532799948215836 -0.9355176349267083 5.561035571838949
cell 34.799227097669714 33.79537174211489 0.0 1.6431676725154984 0.6085806194501846 1 0 0 0.2723463815519322 -0.962199276894121 5.731523799575534
cell 41.35466548224957 55.8991415630819 0.0 1.0 1.0 1 0 0 0.0 1.0 0
cell 47.050327717099044 35.41031053315702 0.0 1.0 1.0 1 0 0 0.0 1.0 0
cell 48.65399759678542 22.637349591435658 0.0 1.6431676725154984 0.6085806194501846 1 0 0 -0.044455528003640325 -0.9990113643146996 0.08894036781334957
cell 6.61017908266289 3.613944551258675 0.0 1.0 1.0 1 0 0 0.0 1.0 0
cell 27.91973731204354 15.888284188110957 0.0 1.6431676725154984 0.6085806194501846 1 0 0 -0.0643779577459613 -0.9979255876850033 0.12884502038466383
cell 13.660273263408305 31.883991778041626 0.0 1.6431676725154984 0.6085806194501846 1 0 0 0.44555911630331557 -0.8952525196161184 5.359587910001472
cell 40.86348143404944 16.338050005700133 0.0 1.0 1.0 1 0 0 0.0 1.0 0
cell 58.50266825241534 51.70158567102566 0.0 1.6431676725154984 0.6085806194501846 1 0 0 0.7427181325475445 -0.6696041932254369 4.608944139207757
cell 7.055164344597612 18.43145449100687 0.0 1.0 1.0 1 0 0 0.0 1.0 0
cell 56.622703556871194 28.262372769888778 0.0 1.0 1.0 1 0 0 0.0 1.0 0
cell 14.821168014361154 13.797929980858447 0.0 1.0 1.0 1 0 0 0.0 1.0 0
cell 52.527588506373995 24.88225600515276 0.0 1.6431676725154984 0.6085806194501846 1 0 0 0.07997264999374272 -0.9967970582084291 6.123069022949108
cell 31.85078546632438 9.06747541334254 0.0 1.0 1.0 1 0 0 0.0 1.0 0
cell 15.864510943748208 29.626498255712548 0.0 1.6431676725154984 0.6085806194501846 1 0 0 0.42410646615365344 -0.9056123372429618 5.407235317642685
cell 15.69976306885277 44.126746174143605 0.0 1.0 1.0 1 0 0 0.0 1.0 0
cell 3.0971787192851914 16.71705529225304 0.0 1.0 1.0 1 0 0 0.0 1.0 0
cell 42.867926892599364 41.425297899352465 0.0 1.0 1.0 1 0 0 0.0 1.0 0
cell 23.16668632455853 18.284329282059208 0.0 1.6431676725154984 0.6085806194501846 1 0 0 0.2040315593392177 -0.9789643112972032 5.872236597422416
cell 24.51953411084873 31.664413634333116 0.0 1.0 1.0 1 0 0 0.0 1.0 0
cell 55.639744901576485 23.965395957476638 0.0 1.6431676725154984 0.6085806194501846 1 0 0 0.20298042452466283 -0.979182795631024 5.874383800173165
cell 53.56172522796843 36.72762941111718 0.0 1.0 1.0 1 0 0 0.0 1.0 0
cell 9.344632194082712 15.621044032358238 0.0 1.0 1.0 1 0 0 0.0 1.0 0
cell 39.19509044111121 41.103788314729954 0.0 1.6431676725154984 0.6085806194501846 1 0 0 0.8901221630291297 -0.45572199297855204 4.08795897879096
cell 29.435310507073535 32.65926802345786 0.0 1.6431676725154984 0.6085806194501846 1 0 0 0.713462506514891 -0.7006934078450354 4.694330502491443
cell 16.75897668275867 21.344385046972956 0.0 1.6431676725154984 0.6085806194501846 1 0 0 -0.26163694287501316 0.9651663639616836 5.753749636198174
cell 36.796151994835476 6.626679643963358 0.0 1.0 1.0 1 0 0 0.0 1.0 0
cell 14.143418619691513 57.82409459827431 0.0 1.6431676725154984 0.6085806194501846 1 0 0 0.6566500014382701 -0.7541954492113565 4.850448694663833
cell 46.9233172836179 51.31156623190485 0.0 1.6431676725154984 0.6085806194501846 1 0 0 0.6186291872099879 -0.7856830968857035 4.9491917828808765
cell 5.117343026227456 46.40860531770488 0.0 1.6431676725154984 0.6085806194501846 1 0 0 0.9991954375212422 0.0401058304580956 3.0613594739839467
cell 54.725183044502714 17.765006920594256 0.0 1.0 1.0 1 0 0 0.0 1.0 0
cell 45.91318721332435 11.35757277901599 0.0 1.0 1.0 1 0 0 0.0 1.0 0
cell 8.065079775680166 35.0986726799656 0.0 1.6431676725154984 0.6085806194501846 1 0 0 0.4562947366695612 -0.8898286988447022 5.335531882017381
cell 30.044691769136463 45.229736460363924 0.0 1.6431676725154984 0.6085806194501846 1 0 0 0.9648009016884421 -0.2629814063791756 3.6738148242401025
cell 40.205100710565986 28.510856663842482 0.0 1.0 1.0 1 0 0 0.0 1.0 0
cell 1.9991874692449108 24.962003651725944 0.0 1.0 1.0 1 0 0 0.0 1.0 0
cell 7.116016643622077 51.262996372014626 0.0 1.6431676725154984 0.6085806194501846 1 0 0 0.9757464823589229 -0.21890363670845706 3.582974080990246
cell 44.17663228410587 36.58898878776171 0.0 1.0 1.0 1 0 0 0.0 1.0 0
cell 32.82663825226948 53.29068343099634 0.0 1.6431676725154984 0.6085806194501846 1 0 0 -0.031029547839868818 -0.9995184676437215 0.06206905875297153
cell 0.7737087784237948 29.788696967849347 0.0 1.0 1.0 1 0 0 0.0 1.0 0
cell 52.73705120611226 13.080601813805433 0.0 1.0 1.0 1 0 0 0.0 1.0 0
cell 56.05181991359515 4.665571431533793 0.0 1.6431676725154984 0.6085806194501846 1 0 0 0.9528825710681195 0.3033394233439008 2.525202139350385
cell 20.905012587309333 25.336124467753216 0.0 1.6431676725154984 0.6085806194501846 1 0 0 0.37382672905292585 -0.9274985588374736 5.516922372382109
cell 57.26004363621523 52.47364413521606 0.0 1.0 1.0 1 0 0 0.0 1.0 0
cell 7.878572587138072 33.65029590053226 0.0 1.6431676725154984 0.6085806194501846 1 0 0 0.34889289798111506 -0.9371626036811004 5.570406288150992
cell 14.95934107759525 9.96590615135876 0.0 1.0 1.0 1 0 0 0.0 1.0 0
cell 13.079841224160015 11.1911688924991 0.0 1.0 1.0 1 0 0 0.0 1.0 0
cell 49.58805096637316 45.84510451119243 0.0 1.0 1.0 1 0 0 0.0 1.0 0
cell 2.2281496610046325 26.83864282780674 0.0 1.0 1.0 1 0 0 0.0 1.0 0
cell 36.14216347907639 36.21434571367604 0.0 1.6431676725154984 0.6085806194501846 1 0 0 0.9297902620073659 -0.36808975627728885 3.895500042033185
cell 45.14007336994375 20.264664267197755 0.0 1.6431676725154984 0.6085806194501846 1 0 0 -0.24143797277126613 -0.9704162536273294 0.48769477760196533
cell 19.409983205376044 31.471709455036283 0.0 1.6431676725154984 0.6085806194501846 1 0 0 0.5344825107622833 -0.8451795345896904 5.155394616574538
cell 10.592279785228367 3.9008260342576535 0.0 1.0 1.0 1 0 0 0.0 1.0 0
cell 57.717072810800104 25.488932978764833 0.0 1.0 1.0 1 0 0 0.0 1.0 0
cell 56.26836539341592 11.467804153631164 0.0 1.0 1.0 1 0 0 0.0 1.0 0
cell 15.728369301160187 50.10697175530066 0.0 1.6431676725154984 0.6085806194501846 1 0 0 0.988259014441177 -0.15278782796987947 3.448369874237885
cell 18.159309008597305 12.851520268383906 0.0 1.0 1.0 1 0 0 0.0 1.0 0
cell 38.19372898714875 22.728706934760766 0.0 1.6431676725154984 0.6085806194501846 1 0 0 0.045429117417672187 -0.9989675646839848 6.19229579100868
cell 31.191551576141507 16.358298638744127 0.0 1.6431676725154984 0.6085806194501846 1 0 0 -0.03373817310537091 -0.9994307057898071 0.06748915375836884
cell 11.21101444761637 27.45185336078296 0.0 1.6431676725154984 0.6085806194501846 1 0 0 0.14235052435703638 -0.9898163103400938 5.9975138687444876
cell 58.85184866776521 20.047421180848254 0.0 1.6431676725154984 0.6085806194501846 1 0 0 0.12380934554587149 -0.9923060243470776 6.034929597781162
cell 28.183897379396765 9.760486957034114 0.0 1.0 1.0 1 0 0 0.0 1.0 0
cell 24.057939257425474 46.21521097500002 0.0 1.6431676725154984 0.6085806194501846 1 0 0 0.7281997988646634 -0.6853649049473308 4.6518020261674895
cell 3.7054321037949083 27.803710126153476 0.0 1.0 1.0 1 0 0 0.0 1.0 0
cell 54.47431764717138 19.730632746010123 0.0 1.0 1.0 1 0 0 0.0 1.0 0
cell 53.055490800365405 42.592246899264794 0.0 1.6431676725154984 0.6085806194501846 1 0 0 0.7423817005595664 -0.6699771717560876 4.609948727625301
cell 55.123614977900424 27.791932733449446 0.0 1.0 1.0 1 0 0 0.0 1.0 0
cell 44.21512734557201 23.871304374279816 0.0 1.6431676725154984 0.6085806194501846 1 0 0 0.04200919422643494 -0.9991172241536254 6.199142186858759
cell 38.487722140374714 29.248322044002496 0.0 1.0 1.0 1 0 0 0.0 1.0 0
cell 41.590002586380066 42.77533687312926 0.0 1.6431676725154984 0.6085806194501846 1 0 0 0.9963854224364815 -0.08494757180799369 3.3116927933509612
cell 56.071424734884864 38.23940886682915 0.0 1.6431676725154984 0.6085806194501846 1 0 0 0.3027105011413236 -0.9530825528246589 5.6681146957481925
cell 11.770140275709837 9.588357585731638 0.0 1.0 1.0 1 0 0 0.0 1.0 0
cell 1.8308252894656885 14.636431783614848 0.0 1.0 1.0 1 0 0 0.0 1.0 0
cell 5.452002021094824 57.69556695460984 0.0 1.6431676725154984 0.6085806194501846 1 0 0 -0.003666688385717067 -0.9999932776755462 0.007333393203924565
cell 1.5335998936220705 34.42519481576335 0.0 1.6431676725154984 0.6085806194501846 1 0 0 0.24184792358186374 -0.970314166576548 5.79464558831173
cell 32.196037692493874 4.355975889139103 0.0 1.0 1.0 1 0 0 0.0 1.0 0
cell 33.2827082010508 11.130899280193251 0.0 1.0 1.0 1 0 0 0.0 1.0 0
cell 39.72854021561296 33.39885814061649 0.0 1.0 1.0 1 0 0 0.0 1.0 0
cell 57.77948262064399 17.335463001714704 0.0 1.6431676725154984 0.6085806194501846 1 0 0 -0.2509533160088597 0.9679991906939579 5.775855385135215
cell 41.779108935829136 30.66793818708008 0.0 1.0 1.0 1 0 0 0.0 1.0 0
cell 20.967676371911043 30.9118044085295 0.0 1.6431676725154984 0.6085806194501846 1 0 0 0.4587067084957901 -0.8885877309421722 5.3301068976167265
cell 40.62009349588134 6.245553651619637 0.0 1.0 1.0 1 0 0 0.0 1.0 0
cell 4.2998231514434995 31.510257822800437 0.0 1.0 1.0 1 0 0 0.0 1.0 0
cell 52.768750057161895 31.792904895033917 0.0 1.0 1.0 1 0 0 0.0 1.0 0
cell 22.759472812736018 24.72154056966834 0.0 1.6431676725154984 0.6085806194501846 1 0 0 0.3833403743839125 -0.9236071444977035 5.496364796331822
cell 36.83375589876465 29.667552092852212 0.0 1.0 1.0 1 0 0 0.0 1.0 0
cell 4.226785976712996 49.924603582478525 0.0 1.6431676725154984 0.6085806194501846 1 0 0 0.9753982148094382 -0.22045027227599673 3.586144804813743
cell 31.51729735655444 15.191637282007902 0.0 1.6431676725154984 0.6085806194501846 1 0 0 -0.10906699527042535 -0.9940344010861399 0.21856879489768666
cell 39.678941237273115 8.006470196528019 0.0 1.0 1.0 1 0 0 0.0 1.0 0
cell 50.02245182283947 41.2624481213108 0.0 1.6431676725154984 0.6085806194501846 1 0 0 0.9946930748724301 -0.10288676688879939 3.347730970080453
cell 27.656865535138866 23.07227672603431 0.0 1.6431676725154984 0.6085806194501846 1 0 0 0.4151363120760663 -0.9097592222098564 5.427000045205642
cell 58.0175553320481 47.719798902474196 0.0 1.6431676725154984 0.6085806194501846 1 0 0 0.999920232787265 -0.012630441902866467 3.1668542090803884
cell 46.28328655283089 26.037013841691586 0.0 1.0 1.0 1 0 0 0.0 1.0 0
cell 6.881635087622021 8.505221491178826 0.0 1.0 1.0 1 0 0 0.0 1.0 0
cell 46.7371005162802 16.694347998320104 0.0 1.0 1.0 1 0 0 0.0 1.0 0
cell 17.28881464922534 47.2272430845844 0.0 1.0 1.0 1 0 0 0.0 1.0 0
cell 44.33526013916073 56.35108171260329 0.0 1.6431676725154984 0.6085806194501846 1 0 0 0.5090609359598176 -0.8607304824854959 5.214998447953731
cell 28.12905768884726 35.22705109355184 0.0 1.0 1.0 1 0 0 0.0 1.0 0
cell 43.59657377511309 55.27819601582316 0.0 1.6431676725154984 0.6085806194501846 1 0 0 0.3978338504156589 -0.9174574799212502 5.464876109957359
cell 13.623210838864473 20.122388675830088 0.0 1.0 1.0 1 0 0 0.0 1.0 0
cell 3.705110298302462 7.312762841911557 0.0 1.0 1.0 1 0 0 0.0 1.0 0
cell 22.809458318578972 52.823432214195236 0.0 1.6431676725154984 0.6085806194501846 1 0 0 -0.22048627197890786 0.9753900777990532 5.838559340251403
cell 55.77975353286396 20.63588985275382 0.0 1.0 1.0 1 0 0 0.0 1.0 0
cell 37.65015428462578 26.86584494404584 0.0 1.0 1.0 1 0 0 0.0 1.0 0
cell 51.87946309895742 43.31535561092816 0.0 1.6431676725154984 0.6085806194501846 1 0 0 0.7392033985675099 -0.6734822459027728 4.619411748304125
cell 56.11437810540339 56.36175551345576 0.0 1.6431676725154984 0.6085806194501846 1 0 0 0.8658289937600261 -0.500340037938701 4.189575577817319
cell 26.002712048970526 20.184328796796596 0.0 1.6431676725154984 0.6085806194501846 1 0 0 0.19046802787117606 -0.9816933993660469 5.899907546884416
cell 42.94970993540014 13.606292239764079 0.0 1.0 1.0 1 0 0 0.0 1.0 0
cell 0.11667442368033697 21.72248754866729 0.0 1.0 1.0 1 0 0 0.0 1.0 0
cell 46.18824312336086 31.95188692952841 0.0 1.0 1.0 1 0 0 0.0 1.0 0
cell 38.483739925163285 1.527342433493509 0.0 1.0 1.0 1 0 0 0.0 1.0 0
cell 55.93926054617436 24.999778057519848 0.0 1.6431676725154984 0.6085806194501846 1 0 0 0.33822857341961965 -0.9410639893878253 5.593117520125952
cell 14.26317394936005 21.777785980268803 0.0 1.0 1.0 1 0 0 0.0 1.0 0
cell 19.329166338559343 19.961773105497127 0.0 1.6431676725154984 0.6085806194501846 1 0 0 0.32402319984087163 -0.9460491350690421 5.623227225985776
cell 31.036141087453036 40.94718013788068 0.0 1.6431676725154984 0.6085806194501846 1 0 0 0.7343596896303259 -0.6787605220149824 4.633739614087916
cell 14.412569001290693 29.688379692180757 0.0 1.6431676725154984 0.6085806194501846 1 0 0 0.35575394434577023 -0.9345796547552416 5.555743979589391
cell 58.93861982680476 7.155099660203638 0.0 1.0 1.0 1 0 0 0.0 1.0 0
cell 36.913511129741245 31.693392206947955 0.0 1.6431676725154984 0.6085806194501846 1 0 0 0.3167592800747198 -0.948505961228787 5.638563563654946
cell 31.70176189226358 19.92415495370729 0.0 1.6431676725154984 0.6085806194501846 1 0 0 0.16726131728692856 -0.9859125984281981 5.947082915577877
cell 33.77250848818384 20.84906085221789 0.0 1.6431676725154984 0.6085806194501846 1 0 0 0.25896120553325597 -0.9658877233036782 5.7592921751605894
cell 43.79179310921639 45.42239861826551 0.0 1.6431676725154984 0.6085806194501846 1 0 0 0.9595169792136713 -0.2816507883899334 3.7126208790516246
cell 19.068014514762023 46.456003223170526 0.0 1.6431676725154984 0.6085806194501846 1 0 0 0.9952210917899157 -0.09764721427920081 3.3371987761017103
cell 39.286725887777415 30.945450573798183 0.0 1.6431676725154984 0.6085806194501846 1 0 0 -0.11512501248653921 -0.9933510112241162 0.23076169601395868
cell 27.288768788091883 29.359856122232856 0.0 1.0 1.0 1 0 0 0.0 1.0 0
cell 32.172785924880394 57.96130716994375 0.0 1.0 1.0 1 0 0 0.0 1.0 0
cell 49.259689296642264 26.7885589905871 0.0 1.0 1.0 1 0 0 0.0 1.0 0
cell 42.66383219689901 37.56918896742714 0.0 1.0 1.0 1 0 0 0.0 1.0 0
cell 22.052331668754334 26.732609583987628 0.0 1.6431676725154984 0.6085806194501846 1 0 0 0.436896682923605 -0.899511694448911 5.378893768784738
cell 5.957302859971099 30.379089142102877 0.0 1.0 1.0 1 0 0 0.0 1.0 0
cell 46.182789962540355 39.234220365849026 0.0 1.0 1.0 1 0 0 0.0 1.0 0
cell 54.48759966199501 15.870613024811771 0.0 1.0 1.0 1 0 0 0.0 1.0 0
cell 32.635840081306476 30.818041459721968 0.0 1.6431676725154984 0.6085806194501846 1 0 0 0.21686690949787052 -0.9762011798624515 5.845977611505331
cell 11.831459704512381 30.84094093614352 0.0 1.6431676725154984 0.6085806194501846 1 0 0 -0.02699171318130442 -0.999635657336981 0.05398998347333972
cell 47.666714386316585 10.515935775700349 0.0 1.0 1.0 1 0 0 0.0 1.0 0
cell 39.24659380923436 4.868343742042428 0.0 1.0 1.0 1 0 0 0.0 1.0 0
cell 19.98074098275086 9.568609095053185 0.0 1.0 1.0 1 0 0 0.0 1.0 0
cell 12.97961184820929 38.031587761918864 0.0 1.6431676725154984 0.6085806194501846 1 0 0 0.9949346852316167 0.10052349040430245 2.9402055280916697
cell 6.325358379519153 44.91917964435172 0.0 1.6431676725154984 0.6085806194501846 1 0 0 0.9743116137952041 0.22520408349713597 2.6872876627768294
cell 36.538800028547584 1.9554178835050704 0.0 1.0 1.0 1 0 0 0.0 1.0 0
cell 50.423175412905984 23.36310933066792 0.0 1.6431676725154984 0.6085806194501846 1 0 0 0.0652749216149482 0.9978673181381192 0.13064272956777326
cell 12.665522472584437 16.469928101849757 0.0 1.0 1.0 1 0 0 0.0 1.0 0
cell 31.573142080007432 0.8020201013130103 0.0 1.0 1.0 1 0 0 0.0 1.0 0
cell 40.53851319015647 49.8471628170385 0.0 1.0 1.0 1 0 0 0.0 1.0 0
cell 56.474966812920506 54.74285555625477 0.0 1.6431676725154984 0.6085806194501846 1 0 0 0.8955507874156715 -0.44495930955444757 4.063850301786915
cell 27.58313037376298 6.579192973619239 0.0 1.0 1.0 1 0 0 0.0 1.0 0
cell 37.97689401398016 18.53592181036676 0.0 1.6431676725154984 0.6085806194501846 1 0 0 0.08428360288208352 -0.9964418067730876 6.114417884859468
cell 28.86926461679464 8.086740423198883 0.0 1.0 1.0 1 0 0 0.0 1.0 0
cell 24.000919330957686 6.9480688149185195 0.0 1.0 1.0 1 0 0 0.0 1.0 0
cell 34.23829810374799 12.850650224691327 0.0 1.0 1.0 1 0 0 0.0 1.0 0
cell 24.2339295985077 29.68228342602495 0.0 1.0 1.0 1 0 0 0.0 1.0 0
cell 20.799885794495996 19.89446593036687 0.0 1.6431676725154984 0.6085806194501846 1 0 0 0.3577706424958262 -0.93380949201008 5.5514264692455555
cell 43.791972883352614 11.476785388002781 0.0 1.6431676725154984 0.6085806194501846 1 0 0 0.934199492641524 0.3567510447753714 2.4120170977011473
cell 52.50282996395667 27.017742227917637 0.0 1.0 1.0 1 0 0 0.0 1.0 0
cell 56.99125622581015 7.553327898172359 0.0 1.0 1.0 1 0 0 0.0 1.0 0
cell 16.54369477605435 2.696048989705191 0.0 1.0 1.0 1 0 0 0.0 1.0 0
cell 58.16983189158044 32.61254692315422 0.0 1.0 1.0 1 0 0 0.0 1.0 0
cell 6.409519196791461 26.675746789100117 0.0 1.0 1.0 1 0 0 0.0 1.0 0
cell 0.22802645372674615 15.501572786001354 0.0 1.0 1.0 1 0 0 0.0 1.0 0
cell 45.383996831371505 35.60307064956714 0.0 1.0 1.0 1 0 0 0.0 1.0 0
cell 2.8280797362881986 35.69274381787928 0.0 1.6431676725154984 0.6085806194501846 1 0 0 0.5799628428698069 -0.8146429284602988 5.045819150424923
cell 29.457250007327836 11.082905042085265 0.0 1.0 1.0 1 0 0 0.0 1.0 0
cell 19.33054532932519 52.87160021637514 0.0 1.6431676725154984 0.6085806194501846 1 0 0 0.6516593431495488 -0.758511766873724 4.863645273959389
cell 45.84934837717646 33.82709526142791 0.0 1.0 1.0 1 0 0 0.0 1.0 0
cell 38.00606915299772 14.95187214104644 0.0 1.0 1.0 1 0 0 0.0 1.0 0
cell 16.32629703072272 27.736814806146665 0.0 1.6431676725154984 0.6085806194501846 1 0 0 0.20529468578000368 -0.9787002053695961 5.869655713405266
cell 28.22609129542358 4.913219275733379 0.0 1.0 1.0 1 0 0 0.0 1.0 0
cell 28.00868921916062 33.26278493347764 0.0 1.0 1.0 1 0 0 0.0 1.0 0
cell 29.807881647936124 17.911769894495702 0.0 1.6431676725154984 0.6085806194501846 1 0 0 0.10585239640797975 -0.9943818533011792 6.07108315839747
cell 28.58412022673182 18.917448769814055 0.0 1.6431676725154984 0.6085806194501846 1 0 0 0.11028884923134634 -0.9938995772889861 6.062157972269304
cell 40.92045725128417 34.99675297322673 0.0 1.0 1.0 1 0 0 0.0 1.0 0
cell 46.31754737698426 9.6354227781478 0.0 1.6431676725154984 0.6085806194501846 1 0 0 0.9628492126253723 0.2700396151432242 2.594724303804202
cell 47.0973553099808 54.36050102172176 0.0 1.6431676725154984 0.6085806194501846 1 0 0 0.7948292544698713 0.6068331370639449 1.837452312326826
cell 54.226849962232606 51.34771409962588 0.0 1.0 1.0 1 0 0 0.0 1.0 0
cell 13.911616645198885 47.06148298283749 0.0 1.0 1.0 1 0 0 0.0 1.0 0
cell 4.897647396388968 21.682108848587788 0.0 1.6431676725154984 0.6085806194501846 1 0 0 0.376384579997083 -0.9264635167886641 5.511403706483069
cell 23.12084353223621 33.00822396815221 0.0 1.0 1.0 1 0 0 0.0 1.0 0
cell 34.221657290168416 49.22099321497648 0.0 1.6431676725154984 0.6085806194501846 1 0 0 0.16595397461721267 0.9861334992326087 0.333450643288631
cell 3.760571916879815 12.303907257811101 0.0 1.0 1.0 1 0 0 0.0 1.0 0
cell 53.62172286833385 48.954788048924115 0.0 1.6431676725154984 0.6085806194501846 1 0 0 0.9705442994837994 -0.24092273188618177 3.6282256046190215
cell 25.57142854006475 1.6849958868066892 0.0 1.6431676725154984 0.6085806194501846 1 0 0 0.9311292608844022 0.36468931918122716 2.3949944115540163
cell 32.79815853119063 7.494257575787048 0.0 1.0 1.0 1 0 0 0.0 1.0 0
cell 19.056143339610617 48.15100774944302 0.0 1.0 1.0 1 0 0 0.0 1.0 0
cell 38.76414325743949 13.714476025897154 0.0 1.0 1.0 1 0 0 0.0 1.0 0
cell 39.14741935781064 37.116345931152516 0.0 1.0 1.0 1 0 0 0.0 1.0 0
cell 37.890928449001585 17.570970877287177 0.0 1.6431676725154984 0.6085806194501846 1 0 0 -0.03471044556409683 -0.9993974109275758 0.06943483858021526
cell 32.45018527070153 31.92924540061485 0.0 1.6431676725154984 0.6085806194501846 1 0 0 0.22730861364480412 -0.9738227734874951 5.824559199008926
cell 53.48518058966496 7.1609828173984065 0.0 1.0 1.0 1 0 0 0.0 1.0 0
cell 34.763295257969006 37.41149127477617 0.0 1.0 1.0 1 0 0 0.0 1.0 0
cell 18.317605230114644 19.475819485006223 0.0 1.6431676725154984 0.6085806194501846 1 0 0 0.2799330680608066 -0.9600195192838862 5.715736528885271
cell 51.91159095444616 35.68509888478332 0.0 1.0 1.0 1 0 0 0.0 1.0 0
cell 14.474045696528608 16.82241401339999 0.0 1.0 1.0 1 0 0 0.0 1.0 0
cell 34.165055517166444 57.845612082539645 0.0 1.0 1.0 1 0 0 0.0 1.0 0
cell 18.359149832445176 29.41685091947448 0.0 1.6431676725154984 0.6085806194501846 1 0 0 0.4797232920055565 -0.8774198328664287 5.282506667881119
cell 34.05754399606039 3.9182580368694517 0.0 1.0 1.0 1 0 0 0.0 1.0 0
cell 29.000500247589546 16.85173741120514 0.0 1.6431676725154984 0.6085806194501846 1 0 0 0.03617582500645118 -0.9993454406185593 6.210817866881909
cell 37.37732142422152 5.00816508845204 0.0 1.0 1.0 1 0 0 0.0 1.0 0
cell 43.018985152879814 18.517054355171734 0.0 1.6431676725154984 0.6085806194501846 1 0 0 -0.31565861598511497 -0.9488728250689666 0.6423013550516776
cell 19.624061044295104 1.0380866265201385 0.0 1.0 1.0 1 0 0 0.0 1.0 0
cell 40.30579652276716 18.858673185342216 0.0 1.6431676725154984 0.6085806194501846 1 0 0 -0.19471103642875048 -0.9808606487635447 0.39192567896174335
cell 33.452576684060844 16.236837243164825 0.0 1.6431676725154984 0.6085806194501846 1 0 0 -0.059243184658631015 -0.9982435800301965 0.11855578869995309
cell 31.028105339852377 33.56003977862803 0.0 1.6431676725154984 0.6085806194501846 1 0 0 0.866696596454581 -0.4988356539924198 4.186102304864382
cell 52.24461099294144 33.720501905103404 0.0 1.0 1.0 1 0 0 0.0 1.0 0
cell 28.17046027124012 14.273711397031322 0.0 1.0 1.0 1 0 0 0.0 1.0 0
cell 51.06747861475672 56.26578815994211 0.0 1.6431676725154984 0.6085806194501846 1 0 0 0.994814686265289 -0.10170417882709888 3.3453533208035395
cell 48.92688774389939 9.249734838038522 0.0 1.0 1.0 1 0 0 0.0 1.0 0
cell 44.4930913712053 40.26107199655148 0.0 1.0 1.0 1 0 0 0.0 1.0 0
cell 49.133545913852025 53.35023296366553 0.0 1.6431676725154984 0.6085806194501846 1 0 0 0.4583561912724326 -0.8887685873849441 5.330895748372647
cell 40.28487315351366 40.890349881600216 0.0 1.6431676725154984 0.6085806194501846 1 0 0 0.9377734358138257 -0.3472477258124703 3.8508618531647767
cell 5.023215123772193 8.772847326749874 0.0 1.0 1.0 1 0 0 0.0 1.0 0
cell 25.876905263747943 47.646164890045455 0.0 1.6431676725154984 0.6085806194501846 1 0 0 0.9036118537333309 -0.4283522123120335 4.026929513776911
cell 47.370643694964265 20.92812727765252 0.0 1.6431676725154984 0.6085806194501846 1 0 0 -0.2319276062602524 -0.9727330494305153 0.46811771152822157
cell 51.518438358135334 6.606008848758135 0.0 1.0 1.0 1 0 0 0.0 1.0 0
cell 42.760616533099494 33.951596160737 0.0 1.0 1.0 1 0 0 0.0 1.0 0
cell 37.95802514875268 3.245951545990986 0.0 1.0 1.0 1 0 0 0.0 1.0 0
cell 19.978374562270563 43.51158131117353 0.0 1.0 1.0 1 0 0 0.0 1.0 0
cell 27.411645997622664 24.96511180549061 0.0 1.6431676725154984 0.6085806194501846 1 0 0 0.489607036159133 -0.8719432035078142 5.259907267340125
cell 32.116217629800055 36.3705508017167 0.0 1.6431676725154984 0.6085806194501846 1 0 0 0.869047624325866 -0.4947284372800581 4.176637294991279
cell 27.50738108140053 40.82222448250391 0.0 1.6431676725154984 0.6085806194501846 1 0 0 0.9615636053845138 -0.2745822878481697 3.6979031858944484
cell 4.9981496336396924 13.698907946945285 0.0 1.0 1.0 1 0 0 0.0 1.0 0
cell 48.03606896732499 15.671981247119712 0.0 1.0 1.0 1 0 0 0.0 1.0 0
cell 51.20317295682137 12.217482125808083 0.0 1.0 1.0 1 0 0 0.0 1.0 0
cell 48.713368235694574 43.6393599433083 0.0 1.0 1.0 1 0 0 0.0 1.0 0
cell 0.8629076801933655 5.42148797189579 0.0 1.0 1.0 1 0 0 0.0 1.0 0
cell 36.14970224545866 39.60920358026837 0.0 1.0 1.0 1 0 0 0.0 1.0 0
cell 45.16866453354555 5.893363012848291 0.0 1.0 1.0 1 0 0 0.0 1.0 0
cell 35.09571264834236 30.077197014935404 0.0 1.6431676725154984 0.6085806194501846 1 0 0 0.37285447890821616 -0.9278898305068779 5.519018429598599
cell 37.40549867248727 32.58448697533808 0.0 1.6431676725154984 0.6085806194501846 1 0 0 0.31291712694515017 -0.9497804333973157 5.6466595978336525
cell 17.536061538916435 4.473910875637943 0.0 1.0 1.0 1 0 0 0.0 1.0 0
cell 36.18886732439466 34.63106320373576 0.0 1.0 1.0 1 0 0 0.0 1.0 0
cell 25.552782822391958 28.42753974482945 0.0 1.0 1.0 1 0 0 0.0 1.0 0
cell 3.617497672883354 37.32563126570703 0.0 1.6431676725154984 0.6085806194501846 1 0 0 0.24747709921469693 -0.9688937430721075 5.783034332409316
cell 30.56714532785635 28.704345592438255 0.0 1.0 1.0 1 0 0 0.0 1.0 0
cell 50.029063212008964 25.53840619282191 0.0 1.6431676725154984 0.6085806194501846 1 0 0 0.1033604755497281 -0.994643962478099 6.076094495172921
cell 36.08358472876199 8.005712208890442 0.0 1.0 1.0 1 0 0 0.0 1.0 0
cell 20.496221197146895 27.055059393158707 0.0 1.6431676725154984 0.6085806194501846 1 0 0 0.39277588952814807 -0.9196342210930235 5.4758890563538944
cell 2.524561136649639 3.532525263609716 0.0 1.0 1.0 1 0 0 0.0 1.0 0
cell 51.07575069766077 10.207292681073168 0.0 1.0 1.0 1 0 0 0.0 1.0 0
cell 3.5493327278141313 19.15789993520928 0.0 1.0 1.0 1 0 0 0.0 1.0 0
cell 14.062180496099012 8.189160161388783 0.0 1.0 1.0 1 0 0 0.0 1.0 0
cell 45.89807082853448 54.41486973238828 0.0 1.6431676725154984 0.6085806194501846 1 0 0 0.6291213653916755 -0.7773070870690129 4.922340633868897
cell 17.207729276415073 39.513296490083796 0.0 1.0 1.0 1 0 0 0.0 1.0 0
cell 25.970504126176525 44.59604836044134 0.0 1.0 1.0 1 0 0 0.0 1.0 0
cell 17.04072942425741 25.088781513768048 0.0 1.6431676725154984 0.6085806194501846 1 0 0 -0.3240231824369223 0.9460491410299198 5.623227262778683
cell 44.63409982428894 32.609412819939166 0.0 1.0 1.0 1 0 0 0.0 1.0 0
cell 36.80351321181387 25.212403342744395 0.0 1.0 1.0 1 0 0 0.0 1.0 0
cell 41.412376012474446 7.646125928105464 0.0 1.0 1.0 1 0 0 0.0 1.0 0
cell 5.77927381338824 15.220293545750469 0.0 1.0 1.0 1 0 0 0.0 1.0 0
cell 31.387991287546953 22.84781335337999 0.0 1.6431676725154984 0.6085806194501846 1 0 0 0.41733251318336406 -0.9087538574553933 5.422169285253185
cell 50.21680214234089 17.669097332601204 0.0 1.0 1.0 1 0 0 0.0 1.0 0
cell 58.41673636848543 0.7460543063958611 0.0 1.6431676725154984 0.6085806194501846 1 0 0 0.9729137410459759 -0.23116845045101572 3.608149638321296
cell 45.86300417843038 50.26899018921545 0.0 1.6431676725154984 0.6085806194501846 1 0 0 0.4075624414700356 -0.9131773411024738 5.443619004260398
cell 36.094159070320934 45.67739914482921 0.0 1.6431676725154984 0.6085806194501846 1 0 0 0.6794793041879998 0.7336946743572503 1.4941054223458945
cell 31.51025694589632 6.1490901076292035 0.0 1.0 1.0 1 0 0 0.0 1.0 0
cell 5.566638775760326 28.42536626537621 0.0 1.0 1.0 1 0 0 0.0 1.0 0
cell 24.083841647326 49.264705422354915 0.0 1.6431676725154984 0.6085806194501846 1 0 0 0.8057147954198638 -0.5923036961234727 4.409422736841618
cell 33.39396437477417 25.209519759396454 0.0 1.0 1.0 1 0 0 0.0 1.0 0
cell 37.16094793106678 10.40647442209853 0.0 1.0 1.0 1 0 0 0.0 1.0 0
cell 2.890001542532246 5.456695524272915 0.0 1.0 1.0 1 0 0 0.0 1.0 0
cell 5.479988510479079 24.91428854691521 0.0 1.0 1.0 1 0 0 0.0 1.0 0
cell 28.22170211513272 19.91361457186195 0.0 1.6431676725154984 0.6085806194501846 1 0 0 0.1937331851622031 -0.9810542558731946 5.89325329508538
cell 38.49659247941878 25.522987322527193 0.0 1.0 1.0 1 0 0 0.0 1.0 0
cell 0.7525199737073307 37.704883665601955 0.0 1.6431676725154984 0.6085806194501846 1 0 0 0.382474159904274 -0.9239661882371669 5.498240152293771
cell 25.71922273623884 6.7441982673910985 0.0 1.0 1.0 1 0 0 0.0 1.0 0
cell 39.091168652894545 53.561265505632775 0.0 1.6431676725154984 0.6085806194501846 1 0 0 0.2377760606113925 0.9713200013384504 0.4801512035265558
cell 4.373271019633284 34.767444644319475 0.0 1.6431676725154984 0.6085806194501846 1 0 0 0.5021515206190181 -0.8647796542125675 5.231015458263205
cell 23.38428392367536 14.239763243364454 0.0 1.0 1.0 1 0 0 0.0 1.0 0
cell 35.11929473746552 28.36209943350222 0.0 1.0 1.0 1 0 0 0.0 1.0 0
cell 55.1577299911472 8.368013992715948 0.0 1.0 1.0 1 0 0 0.0 1.0 0
cell 51.93652768983913 19.954312613603932 0.0 1.0 1.0 1 0 0 0.0 1.0 0
cell 36.99271588454605 16.445586822106574 0.0 1.6431676725154984 0.6085806194501846 1 0 0 -0.16806215056258936 -0.9857764013955079 0.33772705600201736
cell 20.833199880857286 58.458832671950304 0.0 1.6431676725154984 0.6085806194501846 1 0 0 -0.06411070478297087 0.997942792715209 6.154875899191046
cell 51.332047900269544 57.692274506044825 0.0 1.6431676725154984 0.6085806194501846 1 0 0 0.9803242557714305 -0.19739390453150046 3.538990262144701
cell 33.25540128749079 9.758530590281643 0.0 1.0 1.0 1 0 0 0.0 1.0 0
cell 56.090976367127794 13.278120946676362 0.0 1.0 1.0 1 0 0 0.0 1.0 0
cell 35.98429656957057 53.36489763448863 0.0 1.6431676725154984 0.6085806194501846 1 0 0 0.12722742072308715 -0.9918735722944485 6.0280389477575875
cell 39.41418670915974 24.241351549766154 0.0 1.0 1.0 1 0 0 0.0 1.0 0
cell 3.4642537300434113 14.256407524055142 0.0 1.0 1.0 1 0 0 0.0 1.0 0
cell 22.738094321990598 30.915618839194067 0.0 1.0 1.0 1 0 0 0.0 1.0 0
cell 43.81000764583943 48.15945356527639 0.0 1.6431676725154984 0.6085806194501846 1 0 0 0.9350701705305972 -0.3544626583772683 3.8662713552685037
cell 14.942411947927548 11.948753705070438 0.0 1.0 1.0 1 0 0 0.0 1.0 0
cell 44.46551455324716 4.463634647968401 0.0 1.6431676725154984 0.6085806194501846 1 0 0 0.8731197815684542 0.48750574051374507 2.1231311611134243
cell 30.478370564619883 35.181665867266446 0.0 1.6431676725154984 0.6085806194501846 1 0 0 0.8147199620503864 -0.579854622674181 4.378693135469701
cell 38.22229957668411 20.354922549555905 0.0 1.6431676725154984 0.6085806194501846 1 0 0 0.0870176572032363 -0.9962067693681167 6.10892960631763
cell 55.06277255817424 0.12766891181722873 0.0 1.6431676725154984 0.6085806194501846 1 0 0 0.31245532907698115 -0.9499324540889186 5.647631950786806
cell 52.32128537526457 21.999853788495074 0.0 1.6431676725154984 0.6085806194501846 1 0 0 -0.3890996612643305 -0.9211956652112423 0.799308063749864
cell 50.93013292161915 32.51622637665057 0.0 1.0 1.0 1 0 0 0.0 1.0 0
cell 35.212773174291314 22.457924622121503 0.0 1.0 1.0 1 0 0 0.0 1.0 0
cell 31.459543028999047 10.746763662139948 0.0 1.0 1.0 1 0 0 0.0 1.0 0
cell 46.75988781842418 24.460085080711185 0.0 1.6431676725154984 0.6085806194501846 1 0 0 0.0128886527739356 0.9999169378651773 0.025778019277594415
cell 33.324969348569944 54.44586735028007 0.0 1.6431676725154984 0.6085806194501846 1 0 0 0.03469113577232024 -0.9993980813964105 6.213789111455732
cell 4.74528757423447 20.29905250560192 0.0 1.0 1.0 1 0 0 0.0 1.0 0
cell 21.261539782657138 18.17835854440195 0.0 1.6431676725154984 0.6085806194501846 1 0 0 0.216859012821981 -0.9762029341063649 5.845993789868884
cell 43.37812944867078 3.1800160510393196 0.0 1.0 1.0 1 0 0 0.0 1.0 0
cell 39.21712093444967 9.682062793829248 0.0 1.0 1.0 1 0 0 0.0 1.0 0
cell 26.28016447813924 23.249473950668385 0.0 1.6431676725154984 0.6085806194501846 1 0 0 0.4323538977347536 -0.9017040019394204 5.38898201211074
cell 50.22324795555599 36.423240965448684 0.0 1.0 1.0 1 0 0 0.0 1.0 0
cell 56.162043223703 35.630676343354274 0.0 1.0 1.0 1 0 0 0.0 1.0 0
cell 21.931643989720982 13.472583600116312 0.0 1.0 1.0 1 0 0 0.0 1.0 0
cell 58.337720510909634 9.018931506829631 0.0 1.0 1.0 1 0 0 0.0 1.0 0
cell 34.42679589700931 39.25014040545912 0.0 1.0 1.0 1 0 0 0.0 1.0 0
cell 33.42281479957381 32.45236950141628 0.0 1.6431676725154984 0.6085806194501846 1 0 0 0.3451898000615124 -0.9385328986953484 5.578303290844156
cell 4.300647736146608 10.56023374229257 0.0 1.0 1.0 1 0 0 0.0 1.0 0
cell 40.82012996477271 48.23526079023097 0.0 1.6431676725154984 0.6085806194501846 1 0 0 -0.9300767468595219 0.3673652745581826 3.893941905501898
cell 23.984023975452494 37.40945381785028 0.0 1.0 1.0 1 0 0 0.0 1.0 0
cell 35.25219479537016 0.42566071252983434 0.0 1.0 1.0 1 0 0 0.0 1.0 0
cell 17.603598134329015 0.29377017460540245 0.0 1.6431676725154984 0.6085806194501846 1 0 0 0.6932561639467063 -0.7206912592434416 4.7511904982728375
cell 41.226163383943735 4.650859262262444 0.0 1.0 1.0 1 0 0 0.0 1.0 0
cell 20.845975153208983 16.76461723789388 0.0 1.0 1.0 1 0 0 0.0 1.0 0
cell 25.386866434962705 53.66788623906602 0.0 1.6431676725154984 0.6085806194501846 1 0 0 0.3899695616625679 -0.9208277477230498 5.48198823305676
cell 58.72812497956275 43.51156150758058 0.0 1.6431676725154984 0.6085806194501846 1 0 0 0.9990027130482423 0.04464951648395733 3.052263923188001
cell 58.24433488672447 55.65243109265071 0.0 1.6431676725154984 0.6085806194501846 1 0 0 0.6011675269352988 0.7991230221677366 1.2899226351195867
cell 7.684459141892294 11.904901538153947 0.0 1.0 1.0 1 0 0 0.0 1.0 0
cell 58.492771735461574 23.046715982934437 0.0 1.0 1.0 1 0 0 0.0 1.0 0
cell 27.316557843272445 39.18586068934012 0.0 1.0 1.0 1 0 0 0.0 1.0 0
cell 1.8500782091258563 7.167187122156079 0.0 1.0 1.0 1 0 0 0.0 1.0 0
cell 29.408310586524376 23.999792438667594 0.0 1.6431676725154984 0.6085806194501846 1 0 0 0.39258921848703493 -0.9197139259181298 5.476295006778833
cell 11.316000452563221 6.815767345125872 0.0 1.6431676725154984 0.6085806194501846 1 0 0 0.49608896627450433 0.8682716956924795 1.038177119583574
cell 49.54533313012533 21.941921253313986 0.0 1.6431676725154984 0.6085806194501846 1 0 0 -0.1980517819956083 -0.9801915586498202 0.39873986233235925
cell 14.650294462833608 23.06326991814266 0.0 1.6431676725154984 0.6085806194501846 1 0 0 0.16338843865254 -0.9865618166717609 5.954936753636036
cell 41.157342182127195 45.966025837745704 0.0 1.6431676725154984 0.6085806194501846 1 0 0 0.9450779848931098 -0.3268449211329112 3.807519067992393
cell 2.111737006092635 48.47754592697523 0.0 1.6431676725154984 0.6085806194501846 1 0 0 0.9995345263198826 -0.030507879219768694 3.2026178808688943
cell 8.911369838277386 40.52105935532375 0.0 1.6431676725154984 0.6085806194501846 1 0 0 0.9998842434820026 -0.015215112106831187 3.172024052023424
cell 23.79637520601228 4.953709343932503 0.0 1.0 1.0 1 0 0 0.0 1.0 0
cell 45.136535513688784 0.4464755780206346 0.0 1.6431676725154984 0.6085806194501846 1 0 0 0.9965920740416143 0.08248780490129132 2.976429379723136
cell 22.18495251510526 49.47623408105295 0.0 1.6431676725154984 0.6085806194501846 1 0 0 0.8771250211512068 0.4802621130908568 2.1396856135077775
cell 10.237214025772662 35.929332933815864 0.0 1.6431676725154984 0.6085806194501846 1 0 0 0.4676736109458528 -0.8839012352208063 5.309871339311164
cell 33.951774593898435 15.358831675431226 0.0 1.6431676725154984 0.6085806194501846 1 0 0 -0.1707240526670457 -0.9853188812972884 0.3431289267478972
cell 26.32968633978561 10.07877677802899 0.0 1.0 1.0 1 0 0 0.0 1.0 0
cell 41.43688633842159 33.40242473562143 0.0 1.0 1.0 1 0 0 0.0 1.0 0
cell 40.223355736482574 46.42478470048496 0.0 1.6431676725154984 0.6085806194501846 1 0 0 0.9233723579292591 -0.3839055725203272 3.9296372129297685
cell 3.8569490078750146 1.8127093196371071 0.0 1.6431676725154984 0.6085806194501846 1 0 0 0.79943726658896 0.6007495790999542 1.8527158290755643
cell 19.892286404663615 29.0692543978832 0.0 1.6431676725154984 0.6085806194501846 1 0 0 0.4424859842958989 -0.8967754198804121 5.366447465987513
cell 5.196402745070142 23.12196260886406 0.0 1.0 1.0 1 0 0 0.0 1.0 0
cell 45.68854022018555 57.47345082566073 0.0 1.6431676725154984 0.6085806194501846 1 0 0 0.8324207062979027 0.5541441759384473 1.966923655454471
cell 42.51745399991849 35.78112658979 0.0 1.0 1.0 1 0 0 0.0 1.0 0
cell 9.20108033048589 41.74765497641414 0.0 1.6431676725154984 0.6085806194501846 1 0 0 0.9977726986096602 -0.06670563626258404 3.2751030634816973
cell 0.4104625453140123 13.675362787536226 0.0 1.0 1.0 1 0 0 0.0 1.0 0
cell 20.165044230408828 12.565322351914892 0.0 1.0 1.0 1 0 0 0.0 1.0 0
cell 21.400739446835022 28.935976228547474 0.0 1.6431676725154984 0.6085806194501846 1 0 0 0.4090009406819215 -0.9125339612974979 5.440467358296835
cell 41.277684662113174 0.34977810325339026 0.0 1.0 1.0 1 0 0 0.0 1.0 0
cell 0.6675927305222221 33.3214925160354 0.0 1.0 1.0 1 0 0 0.0 1.0 0
cell 56.5777816501294 30.05489794065783 0.0 1.0 1.0 1 0 0 0.0 1.0 0
cell 24.96654549013161 18.656930563389814 0.0 1.6431676725154984 0.6085806194501846 1 0 0 0.17065734210729946 -0.9853304377643431 5.940191788713773
cell 4.756372335304461 55.52268105634502 0.0 1.6431676725154984 0.6085806194501846 1 0 0 0.9180661977947171 -0.3964271136876883 3.9568362701940685
cell 48.28010276341718 36.911179526737776 0.0 1.0 1.0 1 0 0 0.0 1.0 0
cell 44.849272255128795 25.365386945568684 0.0 1.0 1.0 1 0 0 0.0 1.0 0
cell 11.233160533942167 11.179383432357556 0.0 1.0 1.0 1 0 0 0.0 1.0 0
cell 33.201422634896204 14.016276784459361 0.0 1.0 1.0 1 0 0 0.0 1.0 0
cell 13.239384828152174 9.38456924998465 0.0 1.6431676725154984 0.6085806194501846 1 0 0 0.4791560151874611 0.8777297494728509 0.9993858109172278
cell 41.73619114616335 57.74304987691371 0.0 1.0 1.0 1 0 0 0.0 1.0 0
cell 35.60999241635646 20.950335315535764 0.0 1.6431676725154984 0.6085806194501846 1 0 0 0.23179033061062537 -0.9727657696667873 5.815349838227
cell 27.048042448450573 3.3183311590468296 0.0 1.0 1.0 1 0 0 0.0 1.0 0
cell 30.95328336830744 2.9219748485139965 0.0 1.0 1.0 1 0 0 0.0 1.0 0
cell 17.782707726770823 18.182323486328446 0.0 1.0 1.0 1 0 0 0.0 1.0 0
cell 43.00960829446584 39.43051819244267 0.0 1.0 1.0 1 0 0 0.0 1.0 0
cell 52.94697264430743 39.13039295715209 0.0 1.6431676725154984 0.6085806194501846 1 0 0 0.04074314090011928 -0.9991696534971392 6.201676463935936
cell 0.663248881534263 27.842268952435383 0.0 1.0 1.0 1 0 0 0.0 1.0 0
cell 25.281422710595255 48.947036436282495 0.0 1.6431676725154984 0.6085806194501846 1 0 0 0.8471057616696956 -0.5314243394369558 4.2621548514505765
cell 0.5083437046309878 26.096759036329846 0.0 1.0 1.0 1 0 0 0.0 1.0 0
cell 15.999163828012696 58.02945719392605 0.0 1.6431676725154984 0.6085806194501846 1 0 0 0.6323727964743463 -0.7746642151792059 4.913960514156754
cell 40.239020080385245 17.602062875923334 0.0 1.6431676725154984 0.6085806194501846 1 0 0 -0.0968279545751433 -0.9953011339352498 0.1939598014666979
cell 15.242224064535492 39.15907693251761 0.0 1.0 1.0 1 0 0 0.0 1.0 0
cell 38.75360530729651 11.146720092037508 0.0 1.0 1.0 1 0 0 0.0 1.0 0
cell 13.73750885368307 4.740872386851438 0.0 1.0 1.0 1 0 0 0.0 1.0 0
cell 24.243275735090062 56.15869822399112 0.0 1.6431676725154984 0.6085806194501846 1 0 0 0.436372414872396 -0.8997661449167964 5.380059276467658
cell 2.5840089703795317 54.64455436926069 0.0 1.6431676725154984 0.6085806194501846 1 0 0 0.5218410231429063 0.8530427577590497 1.0980154269413296
cell 42.51336909404556 48.46093742284241 0.0 1.6431676725154984 0.6085806194501846 1 0 0 0.8845764933238952 -0.46639514090393436 4.112014937161451
cell 43.06394702962836 26.524261118791166 0.0 1.0 1.0 1 0 0 0.0 1.0 0
cell 31.880111772211816 29.684161871888193 0.0 1.0 1.0 1 0 0 0.0 1.0 0
cell 9.471384949133135 31.69108310694439 0.0 1.6431676725154984 0.6085806194501846 1 0 0 0.12089259665974719 -0.9926655932754311 6.040807257211589
cell 0.792465800314143 50.8842643585394 0.0 1.6431676725154984 0.6085806194501846 1 0 0 0.9578632616604562 -0.2872246019427869 3.7242488237511533
cell 53.121817742833386 16.89876236922721 0.0 1.0 1.0 1 0 0 0.0 1.0 0
cell 42.016049552598176 2.1594636468930735 0.0 1.0 1.0 1 0 0 0.0 1.0 0
cell 40.29281598857824 14.379545196645902 0.0 1.0 1.0 1 0 0 0.0 1.0 0
cell 43.23355143148611 32.00594115896238 0.0 1.0 1.0 1 0 0 0.0 1.0 0
cell 49.48332193298812 11.155113997147323 0.0 1.0 1.0 1 0 0 0.0 1.0 0
cell 6.769368195462583 32.835843523289206 0.0 1.6431676725154984 0.6085806194501846 1 0 0 0.19045402092529412 -0.9816961168882088 5.899936083139226
cell 46.92699161117187 19.668002741575847 0.0 1.6431676725154984 0.6085806194501846 1 0 0 0.2926868495382311 0.9562083497373284 0.5940710675668638
cell 50.06186093927328 29.520818952563033 0.0 1.0 1.0 1 0 0 0.0 1.0 0
cell 48.54944283750643 2.053809124202487 0.0 1.6431676725154984 0.6085806194501846 1 0 0 0.5698747961205898 -0.8217315356894345 5.070478344691355
cell 8.161009963104615 27.451948683289675 0.0 1.0 1.0 1 0 0 0.0 1.0 0
cell 48.55223449790057 17.262219318202916 0.0 1.0 1.0 1 0 0 0.0 1.0 0
cell 10.974050680371723 15.980797942336856 0.0 1.0 1.0 1 0 0 0.0 1.0 0
cell 41.25090173224825 38.50266934898519 0.0 1.0 1.0 1 0 0 0.0 1.0 0
cell 2.9595695690584782 45.667152758261615 0.0 1.6431676725154984 0.6085806194501846 1 0 0 0.9990547820219576 0.04346886838944415 3.054627514746331
cell 28.55533619235124 26.102460475654297 0.0 1.0 1.0 1 0 0 0.0 1.0 0
cell 20.195757668468264 57.28980555013739 0.0 1.6431676725154984 0.6085806194501846 1 0 0 -0.017593224963163276 0.9998452272403942 6.24799704183955
cell 25.989812839189504 30.465848582197452 0.0 1.0 1.0 1 0 0 0.0 1.0 0
cell 55.37710242529547 45.53886803392523 0.0 1.6431676725154984 0.6085806194501846 1 0 0 0.981604940164432 0.19092339156002328 2.757387140906688
cell 37.872662723467926 51.4072438450012 0.0 1.6431676725154984 0.6085806194501846 1 0 0 0.4583097099666847 0.8887925572090787 0.9521849631234012
cell 24.551371293610448 10.296388880404567 0.0 1.0 1.0 1 0 0 0.0 1.0 0
cell 31.37311137609562 50.08607557039674 0.0 1.6431676725154984 0.6085806194501846 1 0 0 0.15347788583823752 0.9881520827072242 0.30817380831411656
cell 13.134487028014302 18.267009167659428 0.0 1.0 1.0 1 0 0 0.0 1.0 0
cell 40.80941208802785 36.821090254053246 0.0 1.0 1.0 1 0 0 0.0 1.0 0
cell 24.363969932194323 24.43922571855284 0.0 1.6431676725154984 0.6085806194501846 1 0 0 0.386621942538531 -0.9222382954246331 5.489253551530089
cell 18.014658866458827 43.105819909000594 0.0 1.0 1.0 1 0 0 0.0 1.0 0
cell 49.67938413811936 58.11600092529991 0.0 1.6431676725154984 0.6085806194501846 1 0 0 0.957439723171409 -0.2886332906881249 3.727190788552514
cell 42.66273544608482 10.285181592147097 0.0 1.0 1.0 1 0 0 0.0 1.0 0
cell 10.337175845338919 32.62769251436436 0.0 1.6431676725154984 0.6085806194501846 1 0 0 0.31248261853539844 -0.9499234775039833 5.647574494938788
cell 1.0237831925363732 23.198143570605804 0.0 1.0 1.0 1 0 0 0.0 1.0 0
cell 18.137930774890634 23.05892918067595 0.0 1.6431676725154984 0.6085806194501846 1 0 0 0.3421741637157929 -0.9396365476530794 5.5847257864504325
cell 4.099458925314582 17.854284583613108 0.0 1.0 1.0 1 0 0 0.0 1.0 0
cell 51.507545371916954 4.512467301306147 0.0 1.6431676725154984 0.6085806194501846 1 0 0 0.9414082474871099 -0.3372691974717649 3.8296218961252078
cell 38.65200987639559 6.57654953570247 0.0 1.0 1.0 1 0 0 0.0 1.0 0
cell 14.770383545705089 1.7053761441594282 0.0 1.6431676725154984 0.6085806194501846 1 0 0 0.642994376981081 -0.7658708971952854 4.8863820133646385
cell 39.9806325117188 3.4275335347211673 0.0 1.6431676725154984 0.6085806194501846 1 0 0 0.9969077984285467 0.07858015927922274 2.984270143941253
cell 41.8315493378404 14.897987184341849 0.0 1.0 1.0 1 0 0 0.0 1.0 0
cell 34.734243294189966 6.903362551548613 0.0 1.0 1.0 1 0 0 0.0 1.0 0
cell 14.53244631984173 41.073216024840356 0.0 1.0 1.0 1 0 0 0.0 1.0 0
cell 36.14384913226566 30.956869345711922 0.0 1.6431676725154984 0.6085806194501846 1 0 0 0.1999894514995075 -0.9797980502577692 5.880490997611731
cell 47.73236739309546 31.535052324646095 0.0 1.0 1.0 1 0 0 0.0 1.0 0
cell 35.1978900710082 19.089182496900303 0.0 1.6431676725154984 0.6085806194501846 1 0 0 0.08491979667578123 -0.9963877900358594 6.1131409191357475
cell 0.653554455277559 11.92751193120392 0.0 1.0 1.0 1 0 0 0.0 1.0 0
cell 9.442659296564937 6.356571646908279 0.0 1.0 1.0 1 0 0 0.0 1.0 0
cell 36.96218772227699 21.755516404126283 0.0 1.0 1.0 1 0 0 0.0 1.0 0
cell 9.490061465231426 26.266954557901105 0.0 1.0 1.0 1 0 0 0.0 1.0 0
cell 15.650466715420038 46.140062457663454 0.0 1.0 1.0 1 0 0 0.0 1.0 0
cell 48.63210549691232 23.875271778870527 0.0 1.6431676725154984 0.6085806194501846 1 0 0 -0.030533191376494632 -0.9995337534192461 0.06107587518739166
cell 6.081914832147198 36.22317775080002 0.0 1.6431676725154984 0.6085806194501846 1 0 0 0.46844089828798124 -0.8834948357580531 5.308134802025553
cell 54.4192797638343 14.101504595753934 0.0 1.0 1.0 1 0 0 0.0 1.0 0
cell 10.575646374726208 52.2623917837705 0.0 1.6431676725154984 0.6085806194501846 1 0 0 0.9991477118396673 0.041277717058446184 3.059013757801241
cell 55.023222369281584 29.493711064761396 0.0 1.0 1.0 1 0 0 0.0 1.0 0
cell 6.916604458695308 23.668972994981047 0.0 1.0 1.0 1 0 0 0.0 1.0 0
cell 50.48289546614537 34.425597627237345 0.0 1.0 1.0 1 0 0 0.0 1.0 0
cell 10.11207098677384 51.05276072623838 0.0 1.6431676725154984 0.6085806194501846 1 0 0 0.9927940533149312 0.11983308267131183 2.9013491499263413
cell 11.452419162544974 17.931040269184855 0.0 1.0 1.0 1 0 0 0.0 1.0 0
cell 46.352138686950376 14.901052547838129 0.0 1.0 1.0 1 0 0 0.0 1.0 0
cell 12.319295649817185 40.24559207236685 0.0 1.6431676725154984 0.6085806194501846 1 0 0 0.9570227107857946 0.29001298426141087 2.5531118434489963
cell 36.0197782589241 3.610152018627175 0.0 1.0 1.0 1 0 0 0.0 1.0 0
cell 25.196496598949068 57.334947189036306 0.0 1.6431676725154984 0.6085806194501846 1 0 0 0.4404033093246142 -0.8978000474136366 5.3710896202445495
cell 54.45229657913945 12.24846368797469 0.0 1.0 1.0 1 0 0 0.0 1.0 0
cell 36.00080586755455 18.128534511695317 0.0 1.6431676725154984 0.6085806194501846 1 0 0 0.02189554658224886 -0.9997602637832055 6.239390714242476
cell 32.323830007831155 12.412038582240408 0.0 1.0 1.0 1 0 0 0.0 1.0 0
cell 35.45325732714034 56.26485630637978 0.0 1.0 1.0 1 0 0 0.0 1.0 0
cell 33.475857294465364 5.7283909288262835 0.0 1.0 1.0 1 0 0 0.0 1.0 0
cell 44.29240734383634 21.270490262073455 0.0 1.6431676725154984 0.6085806194501846 1 0 0 -0.08181248863213382 -0.9966477395267683 0.16380806063296394
cell 33.677275836309946 23.433568742102086 0.0 1.0 1.0 1 0 0 0.0 1.0 0
cell 58.183694017441134 30.78410031335216 0.0 1.0 1.0 1 0 0 0.0 1.0 0
cell 42.11269156373976 11.836801042327593 0.0 1.0 1.0 1 0 0 0.0 1.0 0
cell 34.46107969736199 32.81266561051036 0.0 1.6431676725154984 0.6085806194501846 1 0 0 0.3201983248060104 -0.9473505332195811 5.631307653791969
cell 51.78932966115079 37.66706093673736 0.0 1.0 1.0 1 0 0 0.0 1.0 0
cell 49.313815983491885 6.953745556504816 0.0 1.0 1.0 1 0 0 0.0 1.0 0
cell 24.766967029162743 33.66506218705806 0.0 1.0 1.0 1 0 0 0.0 1.0 0
cell 58.15258477648318 34.570024786069716 0.0 1.0 1.0 1 0 0 0.0 1.0 0
cell 49.56372371302102 12.96102276617385 0.0 1.0 1.0 1 0 0 0.0 1.0 0
cell 10.344428441886222 14.093324211865609 0.0 1.0 1.0 1 0 0 0.0 1.0 0
cell 40.259927954937844 52.94253594594722 0.0 1.6431676725154984 0.6085806194501846 1 0 0 0.3401606914507909 0.9403673239706491 0.6941755476468485
cell 10.872844816949778 21.448509178970355 0.0 1.0 1.0 1 0 0 0.0 1.0 0
cell 2.315864983661752 28.85450236042936 0.0 1.0 1.0 1 0 0 0.0 1.0 0
cell 15.546499417843117 48.2498902166239 0.0 1.0 1.0 1 0 0 0.0 1.0 0
cell 25.46631716978745 40.72695610724834 0.0 1.6431676725154984 0.6085806194501846 1 0 0 0.7434152882064426 -0.6688301049301921 4.606860643299708
cell 45.33957132684762 52.597858043729346 0.0 1.6431676725154984 0.6085806194501846 1 0 0 0.5524534081235795 -0.8335437792057726 5.112575860731193
cell 48.293843798644694 30.00621369279712 0.0 1.0 1.0 1 0 0 0.0 1.0 0
cell 31.501385558207975 38.246354699407014 0.0 1.6431676725154984 0.6085806194501846 1 0 0 0.7459043704702413 -0.6660530535275647 4.599402074770254
cell 37.17241231952446 43.69227128017991 0.0 1.6431676725154984 0.6085806194501846 1 0 0 0.6521729376477844 -0.7580702206259385 4.862290663439589
cell 8.686795738495183 44.09699952265756 0.0 1.6431676725154984 0.6085806194501846 1 0 0 0.7785377641976566 -0.62759776108437 4.498520216993213
cell 26.94169446061362 43.42059270427585 0.0 1.6431676725154984 0.6085806194501846 1 0 0 0.9404998026624951 -0.33979423360588057 3.8349888631641447
cell 16.390846140768126 52.99383033723834 0.0 1.6431676725154984 0.6085806194501846 1 0 0 0.28760938258992624 -0.9577477972025001 5.699725674039279
cell 45.804602704659786 45.44773941916316 0.0 1.6431676725154984 0.6085806194501846 1 0 0 0.967011233261521 -0.25473373303516766 3.6567373391510327
cell 54.17927627175091 26.584136073764114 0.0 1.0 1.0 1 0 0 0.0 1.0 0
cell 46.61533141909204 4.614747093015563 0.0 1.0 1.0 1 0 0 0.0 1.0 0
cell 11.90932333379868 23.448244675306313 0.0 1.0 1.0 1 0 0 0.0 1.0 0
cell 53.66239991260534 34.87110180701772 0.0 1.0 1.0 1 0 0 0.0 1.0 0
cell 19.199917896482273 50.23538460480967 0.0 1.6431676725154984 0.6085806194501846 1 0 0 0.9981243891429467 0.061218492288030814 3.0190790634919322
cell 54.69183124279554 31.275059986729186 0.0 1.0 1.0 1 0 0 0.0 1.0 0
cell 21.69949883925153 4.455880829221647 0.0 1.0 1.0 1 0 0 0.0 1.0 0
cell 29.059217528387347 29.64681664747819 0.0 1.0 1.0 1 0 0 0.0 1.0 0
cell 53.23112351231727 18.67281094905771 0.0 1.0 1.0 1 0 0 0.0 1.0 0
cell 39.79468077894992 57.108445316263754 0.0 1.0 1.0 1 0 0 0.0 1.0 0
cell 33.20401899201665 20.147188031147063 0.0 1.6431676725154984 0.6085806194501846 1 0 0 0.20354882778174094 -0.9790647959704604 5.873222755484939
cell 37.660415723078316 12.344605079963536 0.0 1.0 1.0 1 0 0 0.0 1.0 0
cell 50.69418637707471 21.22614592681579 0.0 1.6431676725154984 0.6085806194501846 1 0 0 -0.38150342254692426 -0.9243674261812685 0.7828443712166244
cell 22.116628257283352 0.7735030417900899 0.0 1.0 1.0 1 0 0 0.0 1.0 0
cell 43.333755171808875 20.15220500763691 0.0 1.6431676725154984 0.6085806194501846 1 0 0 -0.1822623517875967 -0.9832499352254513 0.3665737093655608
cell 44.387498798676624 7.401242048576471 0.0 1.0 1.0 1 0 0 0.0 1.0 0
cell 38.62945555202248 43.76147039183887 0.0 1.6431676725154984 0.6085806194501846 1 0 0 0.875095649066741 -0.4839500025668554 4.151918459854018
cell 29.442301900796085 40.36612475961465 0.0 1.0 1.0 1 0 0 0.0 1.0 0
cell 10.711189836427895 45.767702841959185 0.0 1.0 1.0 1 0 0 0.0 1.0 0
cell 31.926382844878056 24.356153520158372 0.0 1.0 1.0 1 0 0 0.0 1.0 0
cell 14.780672060052805 18.685611477716417 0.0 1.0 1.0 1 0 0 0.0 1.0 0
cell 8.78560001704685 24.264553339534917 0.0 1.0 1.0 1 0 0 0.0 1.0 0
cell 5.21293854574158 54.185532893023776 0.0 1.6431676725154984 0.6085806194501846 1 0 0 0.8927802724116289 -0.45049238083747617 4.07622620634252
cell 22.413066166510195 38.57328721259824 0.0 1.0 1.0 1 0 0 0.0 1.0 0
cell 23.99763533259935 39.736350024631655 0.0 1.0 1.0 1 0 0 0.0 1.0 0
cell 41.77466065400307 28.932484215801455 0.0 1.0 1.0 1 0 0 0.0 1.0 0
cell 4.330293899552893 15.848155523360886 0.0 1.0 1.0 1 0 0 0.0 1.0 0
cell 25.99627757543661 25.69418128880952 0.0 1.6431676725154984 0.6085806194501846 1 0 0 0.6020965105275544 -0.7984233162994068 4.9909366462911695
cell 0.7690169547151408 3.4554644711546088 0.0 1.0 1.0 1 0 0 0.0 1.0 0
cell 57.4374825665753 23.923632856275972 0.0 1.0 1.0 1 0 0 0.0 1.0 0
cell 18.537890285238863 27.56784426237367 0.0 1.6431676725154984 0.6085806194501846 1 0 0 0.31954940195803694 -0.9475696173412594 5.632677469448663
cell 46.03035436214988 27.934113848301504 0.0 1.0 1.0 1 0 0 0.0 1.0 0
cell 37.92077654864538 54.213293315462955 0.0 1.6431676725154984 0.6085806194501846 1 0 0 0.08580082955951997 0.9963123092920704 0.1718129087090972
cell 17.6156632965271 16.458518809973196 0.0 1.0 1.0 1 0 0 0.0 1.0 0
cell 58.10083221139441 36.242394400438 0.0 1.6431676725154984 0.6085806194501846 1 0 0 0.2216019502404385 -0.9751372086273984 5.836271388377831
cell 40.22787064900563 25.908155161165038 0.0 1.0 1.0 1 0 0 0.0 1.0 0
cell 14.258504065688825 26.282620596271656 0.0 1.6431676725154984 0.6085806194501846 1 0 0 0.21844343288987053 -0.9758496127105286 5.842747115546451
cell 55.07312213534735 34.32769920231411 0.0 1.6431676725154984 0.6085806194501846 1 0 0 0.7703465686493619 0.6376254105430194 1.7587690070522146
cell 10.490763521405553 8.060988410289688 0.0 1.0 1.0 1 0 0 0.0 1.0 0
cell 3.155489997110976 44.347531514135156 0.0 1.6431676725154984 0.6085806194501846 1 0 0 0.9901970836183915 0.1396772551048744 2.8613217192846245
cell 0.8301477548613417 52.67063834025619 0.0 1.0 1.0 1 0 0 0.0 1.0 0
cell 53.504730269880206 9.204760112249899 0.0 1.0 1.0 1 0 0 0.0 1.0 0
cell 16.802171026195467 35.484391289816294 0.0 1.0 1.0 1 0 0 0.0 1.0 0
cell 41.85414462000595 25.250161900528866 0.0 1.0 1.0 1 0 0 0.0 1.0 0
cell 33.024615110148225 18.89276093061456 0.0 1.6431676725154984 0.6085806194501846 1 0 0 0.06877687234922845 -0.9976320673624409 6.1455228868723895
cell 54.374106968254374 53.80904581144047 0.0 1.6431676725154984 0.6085806194501846 1 0 0 0.39256275395423806 0.9197252221222729 0.8068327512661203
cell 44.36391698525546 9.392677652677962 0.0 1.0 1.0 1 0 0 0.0 1.0 0
cell 34.620030900786546 2.1656771856014636 0.0 1.0 1.0 1 0 0 0.0 1.0 0
cell 47.75757041721741 12.174314007684012 0.0 1.0 1.0 1 0 0 0.0 1.0 0
cell 39.615395554969204 32.093139525110814 0.0 1.6431676725154984 0.6085806194501846 1 0 0 -0.09692892803335891 -0.9952913055534565 0.1941627027861763
cell 44.69027553362238 28.95790154323191 0.0 1.0 1.0 1 0 0 0.0 1.0 0
cell 57.864717823407894 12.656897546825322 0.0 1.0 1.0 1 0 0 0.0 1.0 0
cell 37.81294183083033 8.345127526642946 0.0 1.0 1.0 1 0 0 0.0 1.0 0
cell 37.952699966370076 23.792861224468687 0.0 1.6431676725154984 0.6085806194501846 1 0 0 0.17540687173975572 -0.9844960281009126 5.930547242839638
cell 56.42252802082097 31.835216284843185 0.0 1.0 1.0 1 0 0 0.0 1.0 0
cell 43.88642765708306 17.242350171199814 0.0 1.0 1.0 1 0 0 0.0 1.0 0
cell 12.923252669994374 6.689145487073765 0.0 1.0 1.0 1 0 0 0.0 1.0 0
cell 58.59790936328454 44.75235469681364 0.0 1.6431676725154984 0.6085806194501846 1 0 0 0.999864758890702 -0.016445787559078995 3.1744857115525367
cell 12.464240814656764 53.10626853116648 0.0 1.6431676725154984 0.6085806194501846 1 0 0 0.9969007319075469 0.0786697573543823 2.984090391324618
cell 36.64750249640424 41.75252026121795 0.0 1.6431676725154984 0.6085806194501846 1 0 0 0.6150667805987888 -0.7884750188838207 4.958243987977697
cell 41.02569483519792 44.71249621841002 0.0 1.6431676725154984 0.6085806194501846 1 0 0 0.9812383229925928 -0.19279873830158759 3.5296198594383963
cell 11.169103326986255 0.7254904903415408 0.0 1.6431676725154984 0.6085806194501846 1 0 0 0.7883400601558882 0.6152397496532638 1.816212553566791
cell 41.00805245977944 22.828980066768604 0.0 1.6431676725154984 0.6085806194501846 1 0 0 0.04579344508694901 -0.9989509299195174 6.191566376538125
cell 9.868615616125163 17.57534310855754 0.0 1.0 1.0 1 0 0 0.0 1.0 0
cell 3.0442740137481104 9.024825027070328 0.0 1.0 1.0 1 0 0 0.0 1.0 0
cell 4.406473693080703 33.07509414123556 0.0 1.6431676725154984 0.6085806194501846 1 0 0 0.29552737178141764 -0.9553342726647923 5.683170306960352
cell 23.226053523155116 23.053893981813072 0.0 1.6431676725154984 0.6085806194501846 1 0 0 0.35156998689984914 -0.9361616016005142 5.564690060092231
cell 31.751874387117166 17.203090937739763 0.0 1.6431676725154984 0.6085806194501846 1 0 0 0.0332578256338572 -0.9994468055049793 6.216657387833138
cell 6.845430974740516 54.49234683877431 0.0 1.6431676725154984 0.6085806194501846 1 0 0 0.8842735646217996 -0.4669692312252018 4.113313159808489
cell 12.69437319062012 48.21959828051371 0.0 1.6431676725154984 0.6085806194501846 1 0 0 0.9615941049958169 -0.27447545835155096 3.697680989876031
cell 53.49843883078983 28.33764763540767 0.0 1.0 1.0 1 0 0 0.0 1.0 0
cell 49.955750201040416 54.99030460696139 0.0 1.6431676725154984 0.6085806194501846 1 0 0 0.9996326559866853 0.027102639816173786 3.087380735653698
cell 45.896728176092935 8.167691018054176 0.0 1.0 1.0 1 0 0 0.0 1.0 0
cell 42.852542764772615 4.709419852432327 0.0 1.0 1.0 1 0 0 0.0 1.0 0
cell 8.868422608055546 29.31133847375594 0.0 1.6431676725154984 0.6085806194501846 1 0 0 0.384356885022153 -0.9231845887665519 5.4941631175669094
cell 12.344955609614484 44.61809604464458 0.0 1.6431676725154984 0.6085806194501846 1 0 0 0.6659430736640963 -0.7460025620859596 4.825670756572803
cell 35.110103951440664 14.03892896553809 0.0 1.0 1.0 1 0 0 0.0 1.0 0
cell 25.993918138909137 51.54651541278934 0.0 1.6431676725154984 0.6085806194501846 1 0 0 -0.38927738756897573 0.9211205759983182 5.483491367649835
cell 55.086649251043895 37.51388995008862 0.0 1.6431676725154984 0.6085806194501846 1 0 0 0.2788853152143177 -0.9603244144338988 5.71791895615598
cell 10.155922267446874 43.333385905790934 0.0 1.6431676725154984 0.6085806194501846 1 0 0 0.962895245615862 -0.2698754267627356 3.688119964605909
cell 46.23343834209123 43.83548842428063 0.0 1.0 1.0 1 0 0 0.0 1.0 0
cell 12.241719073249238 28.488832477019216 0.0 1.6431676725154984 0.6085806194501846 1 0 0 0.4196691286807353 -0.9076771576019484 5.417023779171969
cell 27.361516280647393 37.191548119058105 0.0 1.0 1.0 1 0 0 0.0 1.0 0
cell 44.22359122110898 43.854838481547205 0.0 1.0 1.0 1 0 0 0.0 1.0 0
cell 32.73008555562838 2.46644863492278 0.0 1.0 1.0 1 0 0 0.0 1.0 0
cell 34.16321350327344 8.385952566058073 0.0 1.0 1.0 1 0 0 0.0 1.0 0
cell 47.91809335712874 38.6385195145034 0.0 1.0 1.0 1 0 0 0.0 1.0 0
cell 46.61558349707113 47.09246823314728 0.0 1.6431676725154984 0.6085806194501846 1 0 0 0.9644950019272207 -0.2641011004471781 3.6761362803530635
cell 45.544029856439025 41.11961904233162 0.0 1.6431676725154984 0.6085806194501846 1 0 0 0.9715395473942458 0.23687741101460927 2.663291608574763
cell 10.003525948493898 49.77476301543215 0.0 1.6431676725154984 0.6085806194501846 1 0 0 0.9999287514519807 0.011937002122942467 3.117718082331703
cell 25.148238092240693 8.553091028249632 0.0 1.0 1.0 1 0 0 0.0 1.0 0
cell 22.375031933738995 6.351388529991548 0.0 1.0 1.0 1 0 0 0.0 1.0 0
cell 52.856386400484986 0.3667975155969966 0.0 1.6431676725154984 0.6085806194501846 1 0 0 0.27695588747681504 -0.9608826340359835 5.7219360704808135
cell 51.53757905024925 16.159966857923393 0.0 1.0 1.0 1 0 0 0.0 1.0 0
cell 25.967800858751573 46.15244628765274 0.0 1.6431676725154984 0.6085806194501846 1 0 0 0.9503223399514622 -0.3112674897723459 3.774645631288838
cell 12.305898799168453 25.95570990426744 0.0 1.6431676725154984 0.6085806194501846 1 0 0 0.15280817875486297 -0.9882558679338169 5.976366901342019
cell 30.24790694608072 21.189702664890042 0.0 1.6431676725154984 0.6085806194501846 1 0 0 0.2702288838125645 -0.962796110478961 5.735923803646605
cell 18.544382684672478 36.5153955248771 0.0 1.0 1.0 1 0 0 0.0 1.0 0
cell 23.632254173521588 21.4887918548634 0.0 1.6431676725154984 0.6085806194501846 1 0 0 0.32012440097136746 -0.9473755157817427 5.631463716109567
cell 17.359183286433282 44.96762595414337 0.0 1.0 1.0 1 0 0 0.0 1.0 0
cell 7.6164027054341075 25.48437883335551 0.0 1.0 1.0 1 0 0 0.0 1.0 0
cell 29.47294938639755 53.779970249497275 0.0 1.6431676725154984 0.6085806194501846 1 0 0 0.4771014108009182 -0.8788482484546314 5.288478146346765
cell 32.76217970542894 39.14204728383648 0.0 1.6431676725154984 0.6085806194501846 1 0 0 0.7678456394362628 -0.6406348991420282 4.532242330562734
cell 26.33315179829595 32.41703756736107 0.0 1.0 1.0 1 0 0 0.0 1.0 0
cell 12.129429784441854 34.64901558239791 0.0 1.6431676725154984 0.6085806194501846 1 0 0 0.5006895365957503 -0.8656269334670293 5.234394973079694
cell 33.39196463141378 0.5600410609196065 0.0 1.0 1.0 1 0 0 0.0 1.0 0
cell 49.09370146771807 33.01922674208239 0.0 1.0 1.0 1 0 0 0.0 1.0 0
cell 3.0187442200248906 50.70629671897306 0.0 1.6431676725154984 0.6085806194501846 1 0 0 0.9932079335275228 -0.11635291478079864 3.374826769848071
cell 22.897789063063133 46.37987446245818 0.0 1.6431676725154984 0.6085806194501846 1 0 0 0.6885266522814864 0.7252110376283922 1.5189109516970387
cell 27.614302971753787 51.45218399256243 0.0 1.6431676725154984 0.6085806194501846 1 0 0 0.5122773801927157 -0.8588200543436837 5.207516398632682
cell 15.722416879755711 8.075871609671859 0.0 1.0 1.0 1 0 0 0.0 1.0 0
cell 30.25954239835984 4.7845321714708575 0.0 1.0 1.0 1 0 0 0.0 1.0 0
cell 49.56913072493753 31.290355648148 0.0 1.0 1.0 1 0 0 0.0 1.0 0
cell 34.05311097897879 41.42357004137645 0.0 1.6431676725154984 0.6085806194501846 1 0 0 0.8378790993324966 -0.5458558554250054 4.296413113257405
cell 44.73819015888916 30.797521699502997 0.0 1.0 1.0 1 0 0 0.0 1.0 0
cell 21.83181491225878 11.959656950613539 0.0 1.0 1.0 1 0 0 0.0 1.0 0
cell 32.27506419779323 41.36769179437889 0.0 1.6431676725154984 0.6085806194501846 1 0 0 0.7769338871769093 -0.6295821907870152 4.503623308712755
cell 33.603900339567204 56.01951949963483 0.0 1.0 1.0 1 0 0 0.0 1.0 0
cell 8.646472691114635 19.085478785182637 0.0 1.0 1.0 1 0 0 0.0 1.0 0
cell 43.42403680764714 15.436491849923877 0.0 1.0 1.0 1 0 0 0.0 1.0 0
cell 16.52041506886849 6.2318262578822345 0.0 1.0 1.0 1 0 0 0.0 1.0 0
cell 49.984562050377306 15.966181280435901 0.0 1.0 1.0 1 0 0 0.0 1.0 0
cell 17.629127440822 14.738766468336381 0.0 1.0 1.0 1 0 0 0.0 1.0 0
cell 36.55088727422188 51.46105217757008 0.0 1.6431676725154984 0.6085806194501846 1 0 0 0.43193471705574465 0.9019048731445982 0.8932736463467704
cell 39.65326905487092 12.487843541770486 0.0 1.0 1.0 1 0 0 0.0 1.0 0
cell 6.198576771244557 43.56174527672149 0.0 1.6431676725154984 0.6085806194501846 1 0 0 0.9523361735245391 0.3050505082713991 2.5216097235770127
cell 56.55763342255593 33.695680491912555 0.0 1.0 1.0 1 0 0 0.0 1.0 0
cell 19.59088695603347 23.005550445019928 0.0 1.6431676725154984 0.6085806194501846 1 0 0 0.3306154831286935 -0.9437655441451445 5.609273992112939
cell 16.37384548657388 13.432335520032785 0.0 1.0 1.0 1 0 0 0.0 1.0 0
cell 41.78236315603772 21.130166387905103 0.0 1.6431676725154984 0.6085806194501846 1 0 0 0.04222161307192333 -0.9991082701036984 6.198716971896186
cell 21.127653325494784 7.754443815653616 0.0 1.0 1.0 1 0 0 0.0 1.0 0
cell 30.042519768652145 55.45068639217305 0.0 1.6431676725154984 0.6085806194501846 1 0 0 0.597678566131511 -0.8017358240636258 5.001980380777229
cell 8.779335180286221 8.254096241740488 0.0 1.0 1.0 1 0 0 0.0 1.0 0
cell 57.99602542694715 10.899182695554906 0.0 1.0 1.0 1 0 0 0.0 1.0 0
cell 32.40906110823879 27.965239480911094 0.0 1.0 1.0 1 0 0 0.0 1.0 0
cell 5.670890038240899 6.840586085087469 0.0 1.0 1.0 1 0 0 0.0 1.0 0
cell 27.36220636466592 55.20615802206431 0.0 1.6431676725154984 0.6085806194501846 1 0 0 0.5508792491051145 -0.8345849584706072 5.116350529953403
cell 2.1574383603077734 12.835355671369596 0.0 1.0 1.0 1 0 0 0.0 1.0 0
cell 42.29033050013359 50.55627137107027 0.0 1.0 1.0 1 0 0 0.0 1.0 0
cell 47.409984815012095 57.018309048431966 0.0 1.6431676725154984 0.6085806194501846 1 0 0 0.8502941767097272 -0.5263077170757875 4.250097335132579
cell 39.776410518725 39.0964099616165 0.0 1.0 1.0 1 0 0 0.0 1.0 0
cell 49.91877258390564 38.367559705539655 0.0 1.0 1.0 1 0 0 0.0 1.0 0
cell 51.815496209702474 2.6371666796137956 0.0 1.6431676725154984 0.6085806194501846 1 0 0 0.9008281817625753 -0.4341757558205347 4.039838833400174
cell 37.71060435994899 40.58694082333985 0.0 1.6431676725154984 0.6085806194501846 1 0 0 0.7367433011523848 -0.6761725432218365 4.626702782160877
cell 19.02483263101709 40.54708695299781 0.0 1.0 1.0 1 0 0 0.0 1.0 0
cell 53.241241892029514 30.08886481998428 0.0 1.0 1.0 1 0 0 0.0 1.0 0
cell 41.458457131035246 40.23486653851006 0.0 1.0 1.0 1 0 0 0.0 1.0 0
cell 55.57029151335346 52.4676667749772 0.0 1.0 1.0 1 0 0 0.0 1.0 0
cell 29.597565442523912 15.448986850123108 0.0 1.6431676725154984 0.6085806194501846 1 0 0 -0.09060054285913233 -0.9958873137226071 0.18144990282866225
cell 36.133436165868034 12.657744501111058 0.0 1.0 1.0 1 0 0 0.0 1.0 0
cell 55.1703815541638 47.00157598211662 0.0 1.6431676725154984 0.6085806194501846 1 0 0 0.9991026417500165 -0.04235458945779288 3.226327179764024
cell 56.11020515973749 16.825210992638834 0.0 1.0 1.0 1 0 0 0.0 1.0 0
cell 51.3774003381592 30.648357274623585 0.0 1.0 1.0 1 0 0 0.0 1.0 0
cell 22.571809850406968 19.697684898108072 0.0 1.6431676725154984 0.6085806194501846 1 0 0 0.2603884491650996 -0.9655039386462358 5.7563362892050565
cell 56.69387543388786 49.57617930903862 0.0 1.6431676725154984 0.6085806194501846 1 0 0 0.9886986098630073 -0.14991683979779202 3.442560976528537
cell 34.25464356616283 17.28542103743522 0.0 1.6431676725154984 0.6085806194501846 1 0 0 -0.08175055085807904 -0.9966528219166394 0.16368376874195079
cell 12.741376667181278 3.1503061869071503 0.0 1.0 1.0 1 0 0 0.0 1.0 0
cell 39.051005596800024 42.53588658560866 0.0 1.6431676725154984 0.6085806194501846 1 0 0 0.9055202784587225 -0.4243029876162054 4.017976673103466
cell 16.691463820392315 9.768735272178576 0.0 1.0 1.0 1 0 0 0.0 1.0 0
cell 41.15094876924293 13.053849609653424 0.0 1.0 1.0 1 0 0 0.0 1.0 0
cell 16.283839172341168 23.320549897525563 0.0 1.6431676725154984 0.6085806194501846 1 0 0 -0.2518515088647712 0.9677658898114451 5.773999389693417
cell 33.45854497315174 18.066301037778842 0.0 1.6431676725154984 0.6085806194501846 1 0 0 -0.03312858056848628 -0.9994510979280163 0.06626928669698984
cell 23.44159356118779 26.59717636328817 0.0 1.6431676725154984 0.6085806194501846 1 0 0 0.46564453876759865 -0.8849718433463917 5.31445973248163
cell 56.08746730988551 15.042411545636108 0.0 1.0 1.0 1 0 0 0.0 1.0 0
cell 57.99835397061497 27.123758797375956 0.0 1.0 1.0 1 0 0 0.0 1.0 0
cell 48.4713549231902 56.12687178554634 0.0 1.6431676725154984 0.6085806194501846 1 0 0 0.9480363126876725 -0.31816214392281417 3.7891731787066596
cell 41.136158978124705 9.327597618549666 0.0 1.0 1.0 1 0 0 0.0 1.0 0
cell 35.598157132031275 9.286557817805514 0.0 1.6431676725154984 0.6085806194501846 1 0 0 0.9999974719553837 -0.002248573512588595 3.146089804404637
cell 37.23278476913549 0.2988344934734623 0.0 1.0 1.0 1 0 0 0.0 1.0 0
cell 21.095065747509366 10.677462281885447 0.0 1.0 1.0 1 0 0 0.0 1.0 0
cell 57.75193636552725 14.343346213278712 0.0 1.0 1.0 1 0 0 0.0 1.0 0
cell 46.35296424323824 30.068682589549578 0.0 1.0 1.0 1 0 0 0.0 1.0 0
cell 48.06524147678855 5.722750562917961 0.0 1.6431676725154984 0.6085806194501846 1 0 0 0.13194472479492872 -0.9912570754344155 6.018524102772493
cell 48.78138070833518 34.972154771013585 0.0 1.0 1.0 1 0 0 0.0 1.0 0
cell 18.03984657489251 31.771810064281354 0.0 1.6431676725154984 0.6085806194501846 1 0 0 0.5239566357302313 -0.8517449406214619 5.180205950704289
cell 27.120416670132357 42.01185980590173 0.0 1.6431676725154984 0.6085806194501846 1 0 0 0.9106529088974872 -0.4131722153249719 3.993462198357937
cell 53.45898996247134 2.262187816182845 0.0 1.6431676725154984 0.6085806194501846 1 0 0 0.9717239508518754 -0.23611980717598036 3.6183342522385855
cell 22.12833383254281 15.760096079559936 0.0 1.0 1.0 1 0 0 0.0 1.0 0
cell 25.543467588623002 11.757536180498667 0.0 1.0 1.0 1 0 0 0.0 1.0 0
cell 41.714119403890884 52.4419304094069 0.0 1.0 1.0 1 0 0 0.0 1.0 0
cell 29.048857422515262 51.24978279893559 0.0 1.6431676725154984 0.6085806194501846 1 0 0 0.5502113570720982 -0.8350254262888526 5.117950644575322
cell 41.05545018499468 24.07536410197188 0.0 1.0 1.0 1 0 0 0.0 1.0 0
cell 47.8054556144545 49.13407628317464 0.0 1.6431676725154984 0.6085806194501846 1 0 0 0.9298413637777099 -0.3679606476350542 3.8952223340393286
cell 20.844331241771503 39.72997318051232 0.0 1.0 1.0 1 0 0 0.0 1.0 0
cell 11.964604859239765 5.012891650815159 0.0 1.0 1.0 1 0 0 0.0 1.0 0
cell 10.819138224911137 56.6719456825057 0.0 1.6431676725154984 0.6085806194501846 1 0 0 0.9985810700896715 0.05325266621087306 3.0350369180255488
cell 34.99688128044329 11.657899324111149 0.0 1.6431676725154984 0.6085806194501846 1 0 0 0.9967612242454947 0.08041804424768516 2.9805827024914793
cell 7.487735541589175 1.7099443457941679 0.0 1.6431676725154984 0.6085806194501846 1 0 0 0.9783488433524786 0.206962655353248 2.72465390832698
cell 53.759659915632085 25.372168951010654 0.0 1.6431676725154984 0.6085806194501846 1 0 0 0.18465819619508114 -0.9828028035053517 5.911737174713681
cell 47.77681869291122 13.862607993647899 0.0 1.0 1.0 1 0 0 0.0 1.0 0
cell 35.761198309133015 26.762116417516157 0.0 1.0 1.0 1 0 0 0.0 1.0 0
cell 41.86312525465737 18.809469737168317 0.0 1.6431676725154984 0.6085806194501846 1 0 0 -0.22976852980399423 -0.9732453044899374 0.4636796856561167
cell 51.93676575896611 49.10284412368134 0.0 1.6431676725154984 0.6085806194501846 1 0 0 0.30069935711151796 0.9537189820029377 0.6108517281395237
cell 50.92905408080913 24.321584312215805 0.0 1.6431676725154984 0.6085806194501846 1 0 0 0.0702416875424698 -0.9975300022210791 6.142586153155602
cell 8.067364794586004 10.084581127364958 0.0 1.0 1.0 1 0 0 0.0 1.0 0
cell 52.853439701473164 11.11405545829234 0.0 1.0 1.0 1 0 0 0.0 1.0 0
cell 47.49020807591654 33.47709374801313 0.0 1.0 1.0 1 0 0 0.0 1.0 0
cell 44.912528603204706 19.009482603954243 0.0 1.6431676725154984 0.6085806194501846 1 0 0 -0.29908203115929877 -0.9542274040487562 0.6074610132291651
cell 14.754957542843265 6.354268063987117 0.0 1.0 1.0 1 0 0 0.0 1.0 0
cell 53.99329678186519 32.96215641589686 0.0 1.0 1.0 1 0 0 0.0 1.0 0
cell 26.454197679910273 19.009710660260936 0.0 1.6431676725154984 0.6085806194501846 1 0 0 0.1803587982470116 -0.9836008864854148 5.920482868426395
cell 22.60137920412317 2.691676778643103 0.0 1.0 1.0 1 0 0 0.0 1.0 0
cell 49.70390232223795 4.211150755479269 0.0 1.6431676725154984 0.6085806194501846 1 0 0 0.8131722391258674 -0.5820231176809243 4.384021482696978
cell 39.25258140922951 34.96481796498599 0.0 1.0 1.0 1 0 0 0.0 1.0 0
cell 32.567213301627255 51.47854343844977 0.0 1.6431676725154984 0.6085806194501846 1 0 0 0.025560889495554625 0.9996732670868997 0.051127347441465326
cell 30.28591837462027 27.005745171314896 0.0 1.0 1.0 1 0 0 0.0 1.0 0
cell 16.452501112884054 32.07335203451711 0.0 1.6431676725154984 0.6085806194501846 1 0 0 0.41099663614723686 -0.9116368603098801 5.436091244732334
cell 45.07543166879737 16.006140658784034 0.0 1.0 1.0 1 0 0 0.0 1.0 0
cell 29.225055637521493 36.47718463291088 0.0 1.0 1.0 1 0 0 0.0 1.0 0
cell 9.650610739934397 11.983314588991176 0.0 1.0 1.0 1 0 0 0.0 1.0 0
cell 56.16212441113292 26.39968942297442 0.0 1.0 1.0 1 0 0 0.0 1.0 0
cell 51.13454504958284 26.41914391845939 0.0 1.0 1.0 1 0 0 0.0 1.0 0
cell 45.52513786867611 17.74274283228857 0.0 1.0 1.0 1 0 0 0.0 1.0 0
cell 7.509396124626245 6.755662313958319 0.0 1.0 1.0 1 0 0 0.0 1.0 0
cell 46.63706761855146 23.25730562114882 0.0 1.6431676725154984 0.6085806194501846 1 0 0 0.009532955872641415 -0.9999545603437839 6.26411910664623
cell 8.602654160992797 3.8812595147797038 0.0 1.0 1.0 1 0 0 0.0 1.0 0
cell 34.78555443196203 52.37150401642277 0.0 1.6431676725154984 0.6085806194501846 1 0 0 -0.008471033531909741 0.9999641201517688 6.266243037486594
cell 35.80145003411634 15.257292786355011 0.0 1.6431676725154984 0.6085806194501846 1 0 0 -0.1347599768849729 -0.9908782713481821 0.2703424515561501
cell 5.491622066338298 17.229245025309027 0.0 1.0 1.0 1 0 0 0.0 1.0 0
cell 54.77684879397594 23.100890901177234 0.0 1.6431676725154984 0.6085806194501846 1 0 0 0.037214933987810735 0.9993072844167018 0.07444705898224355
cell 42.90251322969853 8.409387618412914 0.0 1.0 1.0 1 0 0 0.0 1.0 0
cell 48.552374928036414 25.05399840270347 0.0 1.6431676725154984 0.6085806194501846 1 0 0 0.0844429936243356 -0.9964283119360672 6.11409796287275
cell 15.135090272183103 36.57129384499854 0.0 1.0 1.0 1 0 0 0.0 1.0 0
cell 30.181653139264085 58.34101334009624 0.0 1.0 1.0 1 0 0 0.0 1.0 0
cell 10.305586872625693 19.539915030788986 0.0 1.0 1.0 1 0 0 0.0 1.0 0
cell 28.909627544886146 38.459529186352974 0.0 1.0 1.0 1 0 0 0.0 1.0 0
cell 40.19520022659391 30.035889661332074 0.0 1.0 1.0 1 0 0 0.0 1.0 0
cell 23.800507143636068 35.421489788400166 0.0 1.0 1.0 1 0 0 0.0 1.0 0
cell 30.1430150116167 46.81649609695456 0.0 1.6431676725154984 0.6085806194501846 1 0 0 -0.10421575821577202 -0.994554712290637 0.20881066558225392
cell 20.877939885245322 41.737168128396114 0.0 1.0 1.0 1 0 0 0.0 1.0 0
cell 46.85182213641402 21.71680602185676 0.0 1.6431676725154984 0.6085806194501846 1 0 0 -0.12924193601337106 -0.9916130908653413 0.25920893193135264
cell 44.13446438208257 34.4865360252131 0.0 1.0 1.0 1 0 0 0.0 1.0 0
cell 29.55323718010486 6.419957356983424 0.0 1.0 1.0 1 0 0 0.0 1.0 0
cell 37.51871944503486 47.23573199965242 0.0 1.0 1.0 1 0 0 0.0 1.0 0
cell 0.8949738951673331 56.618256173177485 0.0 1.6431676725154984 0.6085806194501846 1 0 0 0.9508104215586383 0.3097733724119691 2.5116833112706884
cell 41.69921655946148 32.10196784062096 0.0 1.6431676725154984 0.6085806194501846 1 0 0 -0.23076947019831281 -0.9730084540354159 0.4657368486579836
cell 23.659777452745978 12.325464326397526 0.0 1.0 1.0 1 0 0 0.0 1.0 0
cell 24.994009830524625 13.496639826442172 0.0 1.0 1.0 1 0 0 0.0 1.0 0
cell 39.759897853414955 21.883938853286423 0.0 1.6431676725154984 0.6085806194501846 1 0 0 -0.014043715541803468 -0.9999013821641517 0.028088354427253215
cell 41.59239021682228 43.79828850069856 0.0 1.6431676725154984 0.6085806194501846 1 0 0 0.9931228315820564 -0.11707707457243079 3.376285056196486
cell 35.01287508167633 25.307907592604803 0.0 1.0 1.0 1 0 0 0.0 1.0 0
cell 13.406409498614483 29.136697311179383 0.0 1.6431676725154984 0.6085806194501846 1 0 0 -0.3034199480478775 0.9528569331891453 5.6666257778072096
cell 58.10029231647598 4.213343357531539 0.0 1.6431676725154984 0.6085806194501846 1 0 0 0.5624458073657692 -0.8268341513125035 5.0885035614650675
cell 18.525187385416515 34.48636370224816 0.0 1.0 1.0 1 0 0 0.0 1.0 0
cell 4.6699655111428 3.29770182008244 0.0 1.6431676725154984 0.6085806194501846 1 0 0 0.931026902262523 0.3649505545460239 2.394433265570123
cell 46.34476146016613 37.27822914844736 0.0 1.0 1.0 1 0 0 0.0 1.0 0
cell 51.89239112993966 28.92558397633908 0.0 1.0 1.0 1 0 0 0.0 1.0 0
cell 18.208601640721948 21.722711448201416 0.0 1.6431676725154984 0.6085806194501846 1 0 0 0.21226737708495602 -0.9772116253020494 5.855396048613006
cell 25.095720626479032 22.78369399766274 0.0 1.6431676725154984 0.6085806194501846 1 0 0 0.29500379103218843 -0.9554960822926679 5.684266334631814
cell 41.38336219396286 27.17309202547368 0.0 1.0 1.0 1 0 0 0.0 1.0 0
cell 31.401406318663437 44.45239701776072 0.0 1.6431676725154984 0.6085806194501846 1 0 0 0.5202246652307614 0.854029447785931 1.094227989189488
cell 8.33652834801029 17.137888185375715 0.0 1.0 1.0 1 0 0 0.0 1.0 0
cell 54.05654668625078 55.35514889091812 0.0 1.6431676725154984 0.6085806194501846 1 0 0 0.8966439735142772 -0.4427522837440008 4.05892444273877
cell 3.747826149817783 23.952478192820205 0.0 1.0 1.0 1 0 0 0.0 1.0 0
cell 11.772719695538179 33.00570450938568 0.0 1.6431676725154984 0.6085806194501846 1 0 0 0.49850134874156193 -0.8668889232784346 5.239447017324227
