1000
 Lattice="62.66570686577501 0.0 0.0 0.0 62.66570686577501 0.0 0.0 0.0 1.0"Properties=species:S:1:pos:R:3:aspherical_shape:R:3:orientation:R:4:Color:R:1
cell 47.13885958790556 45.963696756260745 0.0 1.6431676725154984 0.6085806194501846 1 0 0 -0.053286643421541706 -0.998579257561895 0.10662378660690752
cell 53.554146343822964 26.566290505236996 0.0 1.0 1.0 1 0 0 0.0 1.0 0
cell 46.79478450663857 14.657876437059508 0.0 1.6431676725154984 0.6085806194501846 1 0 0 0.98282634118633 0.18453287801985704 2.770399540083884
cell 39.10385801820145 10.898655167426591 0.0 1.6431676725154984 0.6085806194501846 1 0 0 0.971703735859026 0.23620298414205568 2.6646798585201754
cell 29.096271967087436 21.386491453260668 0.0 1.6431676725154984 0.6085806194501846 1 0 0 0.9950098205063107 -0.09977703691731539 3.3414793282968045
cell 61.387041799259855 44.36552915997984 0.0 1.0 1.0 1 0 0 0.0 1.0 0
cell 0.6914990617686118 44.51139442129252 0.0 1.0 1.0 1 0 0 0.0 1.0 0
cell 34.78498175374384 21.144601797834227 0.0 1.6431676725154984 0.6085806194501846 1 0 0 0.9998638391351768 -0.016501611735377945 3.1745973750579535
cell 40.34645935984506 17.880200225848803 0.0 1.6431676725154984 0.6085806194501846 1 0 0 0.9983094104464674 -0.05812332590300368 3.2579048581854795
cell 56.14968099143692 21.972368197218167 0.0 1.0 1.0 1 0 0 0.0 1.0 0
cell 47.75286085326772 22.944399819670917 0.0 1.6431676725154984 0.6085806194501846 1 0 0 -0.27770013528942833 0.9606678067158455 5.720386805346547
cell 12.378410591276273 30.370324398463442 0.0 1.0 1.0 1 0 0 0.0 1.0 0
cell 11.219807982394471 28.80421854408214 0.0 1.0 1.0 1 0 0 0.0 1.0 0
cell 55.80781676431214 30.232627026323243 0.0 1.6431676725154984 0.6085806194501846 1 0 0 0.668575930830579 0.7436438829937518 1.4645842937223967
cell 61.4426547610897 13.248096952831876 0.0 1.6431676725154984 0.6085806194501846 1 0 0 0.9989781738290223 0.0451952233453001 3.0511714065351
cell 59.03575478244194 29.970899929463258 0.0 1.0 1.0 1 0 0 0.0 1.0 0
cell 31.612692444437208 5.120788998537015 0.0 1.6431676725154984 0.6085806194501846 1 0 0 0.9226861241279073 0.3855519632187341 2.349980731074909
cell 41.60149478189876 9.220173236602616 0.0 1.6431676725154984 0.6085806194501846 1 0 0 0.9826282057675976 0.18558504581445132 2.768258218228916
cell 46.317552343235064 21.554443181357474 0.0 1.6431676725154984 0.6085806194501846 1 0 0 -0.1645799558471964 0.9863637453461754 5.952521017183061
cell 43.099541265712624 58.86621857930493 0.0 1.6431676725154984 0.6085806194501846 1 0 0 0.7860369246545807 -0.6181795476069787 4.474441852984372
cell 14.81786828028655 40.49425819237053 0.0 1.0 1.0 1 0 0 0.0 1.0 0
cell 20.741898466145688 44.09428037326941 0.0 1.0 1.0 1 0 0 0.0 1.0 0
cell 56.7403953920559 56.96049397566377 0.0 1.0 1.0 1 0 0 0.0 1.0 0
cell 33.13112867790647 11.288718308843986 0.0 1.6431676725154984 0.6085806194501846 1 0 0 0.9983706774800947 0.05706128589452565 3.0274080605523976
cell 57.43255767488518 26.098284398401503 0.0 1.6431676725154984 0.6085806194501846 1 0 0 0.9801102758103546 0.19845364005467533 2.7420327990575117
cell 10.8007551146265 39.224126248736646 0.0 1.6431676725154984 0.6085806194501846 1 0 0 0.611038202560877 0.791601108520682 1.314742900938864
cell 6.255976867735529 4.588467475229721 0.0 1.6431676725154984 0.6085806194501846 1 0 0 0.8888161448128891 0.4582639640206868 2.1895106286348107
cell 12.376338772812757 37.09237617325549 0.0 1.6431676725154984 0.6085806194501846 1 0 0 0.9258835529880217 0.37780900770928855 2.366735112202303
cell 46.990336353865985 0.5579144739512738 0.0 1.6431676725154984 0.6085806194501846 1 0 0 0.7630009961168925 0.6463973081044116 1.7358862580336092
cell 48.199303474610545 60.87693932604439 0.0 1.6431676725154984 0.6085806194501846 1 0 0 0.7756957999508753 0.6311069845426935 1.7756337127252495
cell 29.40210658232643 17.0966083828615 0.0 1.6431676725154984 0.6085806194501846 1 0 0 0.9963880263915631 0.08491702340241244 2.971553832199957
cell 40.55761120685662 56.10417626687828 0.0 1.6431676725154984 0.6085806194501846 1 0 0 0.6547045534472088 -0.75588487727662 4.855601922291867
cell 33.996856867951415 55.40473440331353 0.0 1.6431676725154984 0.6085806194501846 1 0 0 0.970251585800195 -0.24209886462395258 3.630649625821279
cell 15.61351966331321 54.23632661785714 0.0 1.6431676725154984 0.6085806194501846 1 0 0 -0.7088846013302535 -0.7053244799358999 1.5758311040722548
cell 10.71011366589338 53.71356818081491 0.0 1.6431676725154984 0.6085806194501846 1 0 0 0.37557638006834426 0.9267914451130624 0.77003721064956
cell 40.07104945591647 37.06381722544708 0.0 1.6431676725154984 0.6085806194501846 1 0 0 0.23489805633868127 0.9720200116912767 0.47422737722879954
cell 15.075994978064937 61.99929551845681 0.0 1.6431676725154984 0.6085806194501846 1 0 0 0.9436991090953132 0.3308050656998956 2.4672795666113085
cell 20.197493825847115 13.189484865552723 0.0 1.6431676725154984 0.6085806194501846 1 0 0 0.9999234955901101 0.01236943680428468 3.116853149084275
cell 33.73016097780317 35.33177166156137 0.0 1.6431676725154984 0.6085806194501846 1 0 0 0.2830312912160235 0.9591106756743929 0.5739063296824936
cell 38.32567418021243 29.969141131755553 0.0 1.6431676725154984 0.6085806194501846 1 0 0 0.9829470116948646 -0.18388902142361768 3.511475633204078
cell 56.972089862051604 53.37877267424528 0.0 1.0 1.0 1 0 0 0.0 1.0 0
cell 14.422118552050295 44.094888887315925 0.0 1.6431676725154984 0.6085806194501846 1 0 0 0.7294121706225594 0.6840744735390192 1.634924500755604
cell 60.62335388580382 58.09216157588009 0.0 1.0 1.0 1 0 0 0.0 1.0 0
cell 17.831570295769122 31.843727772298532 0.0 1.6431676725154984 0.6085806194501846 1 0 0 0.612001406998528 0.7908566733813542 1.3171776055602833
cell 55.28257546208816 23.820992201573418 0.0 1.6431676725154984 0.6085806194501846 1 0 0 0.9518047088579129 0.30670473781130864 2.518134709434839
cell 30.487796568761542 45.203738815232185 0.0 1.6431676725154984 0.6085806194501846 1 0 0 0.9486422871328508 -0.3163507721870673 3.7853530877640615
cell 17.13244941998389 48.35046886077144 0.0 1.0 1.0 1 0 0 0.0 1.0 0
cell 33.44136933090511 61.762913470938436 0.0 1.6431676725154984 0.6085806194501846 1 0 0 0.8363391747322889 -0.5482123537536472 4.302043195807528
cell 34.153387807285455 43.17373483717657 0.0 1.6431676725154984 0.6085806194501846 1 0 0 0.9984246536897207 -0.0561089200088654 3.253869458085059
cell 3.1082622628690673 6.555075905179807 0.0 1.6431676725154984 0.6085806194501846 1 0 0 0.891089772772896 0.453827078147116 2.199481665057995
cell 30.1959244346254 29.543346531723376 0.0 1.6431676725154984 0.6085806194501846 1 0 0 0.5911840745429513 -0.8065366637709622 5.0181330074903885
cell 6.329183052311545 38.6256700082736 0.0 1.0 1.0 1 0 0 0.0 1.0 0
cell 48.97443879346815 7.71249298014208 0.0 1.0 1.0 1 0 0 0.0 1.0 0
cell 8.274025698993883 17.775177931588942 0.0 1.6431676725154984 0.6085806194501846 1 0 0 0.9184367804202518 0.3955677949116715 2.3282206783027326
cell 54.656674438861735 17.963715802546034 0.0 1.0 1.0 1 0 0 0.0 1.0 0
cell 22.622028969428985 36.969583320442815 0.0 1.0 1.0 1 0 0 0.0 1.0 0
cell 53.935012493820125 59.88507208535515 0.0 1.0 1.0 1 0 0 0.0 1.0 0
cell 48.03386762310912 44.36327988132033 0.0 1.6431676725154984 0.6085806194501846 1 0 0 0.5203022673135996 0.8539821723129397 1.094409725851866
cell 28.775154491615268 57.389399569629326 0.0 1.6431676725154984 0.6085806194501846 1 0 0 0.8676358799001536 -0.497200140697774 4.1823302188725
cell 11.532633297627724 23.07191615564433 0.0 1.0 1.0 1 0 0 0.0 1.0 0
cell 33.655149976752064 29.006239818362786 0.0 1.6431676725154984 0.6085806194501846 1 0 0 0.9529315028671258 -0.30318567057728985 3.7576604652772994
cell 16.607280978865894 26.210204226194044 0.0 1.6431676725154984 0.6085806194501846 1 0 0 0.45371103233081733 0.8911488647478063 0.9418505389742775
cell 28.216404090660394 23.526738691498256 0.0 1.6431676725154984 0.6085806194501846 1 0 0 0.9948923833119467 -0.1009412979304038 3.343819666184773
cell 5.442861583050022 7.508424626436093 0.0 1.6431676725154984 0.6085806194501846 1 0 0 0.981408711283449 0.19192952200471908 2.7553369659507476
cell 38.35719467100301 18.429104661609436 0.0 1.0 1.0 1 0 0 0.0 1.0 0
cell 21.142618476075025 47.54316754930451 0.0 1.0 1.0 1 0 0 0.0 1.0 0
cell 9.15499901387436 53.92197592136462 0.0 1.6431676725154984 0.6085806194501846 1 0 0 0.3014188536004925 0.9534918325261967 0.6123607306039832
cell 48.97467984673631 43.29617251520363 0.0 1.6431676725154984 0.6085806194501846 1 0 0 0.6120507015314237 0.7908185245395382 1.3173022696707013
cell 45.79731334275721 24.78282467827776 0.0 1.6431676725154984 0.6085806194501846 1 0 0 -0.19375750314667778 0.9810494533785569 5.893203719755882
cell 20.086763538577763 32.89722144735771 0.0 1.0 1.0 1 0 0 0.0 1.0 0
cell 12.239795473086094 7.810259646317589 0.0 1.0 1.0 1 0 0 0.0 1.0 0
cell 55.252164704009644 44.23420361554471 0.0 1.6431676725154984 0.6085806194501846 1 0 0 0.9979725401833843 0.06364596640733229 3.014214624522151
cell 19.20441673265882 8.91078497834442 0.0 1.6431676725154984 0.6085806194501846 1 0 0 0.9984062765816484 -0.05643497924487216 3.2545226114956276
cell 3.3844339066197136 49.73955175293586 0.0 1.0 1.0 1 0 0 0.0 1.0 0
cell 41.25546914065266 7.134764630607421 0.0 1.6431676725154984 0.6085806194501846 1 0 0 -0.9547708228548026 -0.29734269088908694 2.5377761482797947
cell 50.8976886394129 58.61499380065047 0.0 1.6431676725154984 0.6085806194501846 1 0 0 0.8141049323972157 0.5807177963921244 1.9023724260206256
cell 2.068702547251658 17.637337026945563 0.0 1.6431676725154984 0.6085806194501846 1 0 0 0.9998261693318933 0.018644868439126203 3.104300755861333
cell 4.0350107338037535 7.0172980044600175 0.0 1.6431676725154984 0.6085806194501846 1 0 0 0.901730452923433 0.43229872804635955 2.2475117243507183
cell 32.204273029786485 16.786185421899365 0.0 1.6431676725154984 0.6085806194501846 1 0 0 0.9941691996570219 -0.10783136117714857 3.3576755181054385
cell 6.299168567242296 8.930166549349106 0.0 1.0 1.0 1 0 0 0.0 1.0 0
cell 23.204069688409824 24.745845610407873 0.0 1.0 1.0 1 0 0 0.0 1.0 0
cell 18.27290742615561 28.337248803602822 0.0 1.6431676725154984 0.6085806194501846 1 0 0 0.6762642975051247 0.736659079846234 1.4853592235484043
cell 53.90545596535064 8.824136681041328 0.0 1.6431676725154984 0.6085806194501846 1 0 0 0.9676328888142053 0.25236202663054486 2.6313516196912934
cell 40.919361516521164 21.14398917902748 0.0 1.6431676725154984 0.6085806194501846 1 0 0 0.9971781870538887 -0.07507105476759761 3.291876147037594
cell 2.789810196947639 13.656013922066384 0.0 1.0 1.0 1 0 0 0.0 1.0 0
cell 41.98224850616157 20.185376151389384 0.0 1.6431676725154984 0.6085806194501846 1 0 0 0.9953451995193968 -0.0963739269392509 3.3346401330224076
cell 42.64076212483114 31.76571885385388 0.0 1.6431676725154984 0.6085806194501846 1 0 0 0.9982021249623142 0.059937615240518695 3.021645531176842
cell 59.421330349648606 14.250058636025381 0.0 1.6431676725154984 0.6085806194501846 1 0 0 0.9982269982778034 0.05952192797017273 3.022478392728499
cell 13.82604432616685 39.142549237415125 0.0 1.0 1.0 1 0 0 0.0 1.0 0
cell 36.296976034239464 14.118670043904833 0.0 1.6431676725154984 0.6085806194501846 1 0 0 0.9961889153087207 0.08722181502373395 2.9669270786825286
cell 18.41480248448544 34.40865796428211 0.0 1.6431676725154984 0.6085806194501846 1 0 0 0.7293913848437608 0.6840966362405979 1.6348637312256862
cell 46.151802833533054 25.8210050671213 0.0 1.6431676725154984 0.6085806194501846 1 0 0 0.3486480298786852 -0.9372537283263862 5.570928836096943
cell 7.187295686084908 59.18821571469993 0.0 1.6431676725154984 0.6085806194501846 1 0 0 0.9830333794623666 0.183426756125705 2.7726502027650586
cell 12.320140580343708 51.647584144673864 0.0 1.6431676725154984 0.6085806194501846 1 0 0 -0.4052255465678683 -0.9142167447650323 0.8344510546071762
cell 38.32424964119752 37.71664937629654 0.0 1.6431676725154984 0.6085806194501846 1 0 0 0.0632488412776357 0.9979977876112934 0.126582175303834
cell 33.35828378265152 18.065704203632453 0.0 1.6431676725154984 0.6085806194501846 1 0 0 0.9997155710794742 -0.023849044870618168 3.18929526608432
cell 1.377689361053631 2.0282198390625017 0.0 1.6431676725154984 0.6085806194501846 1 0 0 0.8729520850373672 0.48780596268282034 2.1224433952273607
cell 59.72836528845769 7.505260224079444 0.0 1.6431676725154984 0.6085806194501846 1 0 0 -0.8847415028080299 -0.46608204557672983 2.1718782028093484
cell 60.44466730037867 40.775069631178035 0.0 1.0 1.0 1 0 0 0.0 1.0 0
cell 7.1071222169451245 1.9293221332556274 0.0 1.6431676725154984 0.6085806194501846 1 0 0 0.8574809226003728 0.5145157600855521 2.060706994242616
cell 16.564942786948716 0.8828282698658225 0.0 1.6431676725154984 0.6085806194501846 1 0 0 0.9817922387887829 0.18995788968639754 2.7593541434187627
cell 52.68786075596977 12.073931402235523 0.0 1.6431676725154984 0.6085806194501846 1 0 0 0.9972813498615034 0.07368791772344757 2.994083118293201
cell 42.70343752719112 16.930443490345713 0.0 1.6431676725154984 0.6085806194501846 1 0 0 0.9931927109072773 0.11648278413848719 2.908097020385541
cell 43.94301378176513 7.810039460577266 0.0 1.6431676725154984 0.6085806194501846 1 0 0 0.989601182316752 0.14383845089991298 2.8529144189267237
cell 5.252920213463115 61.3155887127109 0.0 1.6431676725154984 0.6085806194501846 1 0 0 0.9162545921741 0.40059645819686646 2.317257197974841
cell 3.0246622746575826 32.34514936006621 0.0 1.0 1.0 1 0 0 0.0 1.0 0
cell 55.42293766101204 32.19140902319867 0.0 1.6431676725154984 0.6085806194501846 1 0 0 0.8810204265140221 -0.47307822615826506 4.127155546577293
cell 28.56231656442806 46.09823371991186 0.0 1.6431676725154984 0.6085806194501846 1 0 0 0.9098062491641105 -0.4150332384061939 3.997551325927071
cell 17.131248289594872 32.63102919991672 0.0 1.6431676725154984 0.6085806194501846 1 0 0 0.5885453478414111 0.8084642067118571 1.2585167630175533
cell 58.80247627022534 35.786237832361095 0.0 1.6431676725154984 0.6085806194501846 1 0 0 0.9125523123058044 -0.4089599947492782 3.984220862204967
cell 33.910481764767795 12.329149343347021 0.0 1.6431676725154984 0.6085806194501846 1 0 0 0.9999994772147359 -0.0010225312976931864 3.143637716541556
cell 2.5185181581801124 38.848001165060694 0.0 1.0 1.0 1 0 0 0.0 1.0 0
cell 13.983725976450362 47.145062745646946 0.0 1.6431676725154984 0.6085806194501846 1 0 0 -0.6898347881661951 -0.7239668259220865 1.5225216486647808
cell 17.851748898010573 38.815195339806756 0.0 1.0 1.0 1 0 0 0.0 1.0 0
cell 23.190390256410865 33.66470093862429 0.0 1.0 1.0 1 0 0 0.0 1.0 0
cell 13.881042698754865 49.939481727986774 0.0 1.6431676725154984 0.6085806194501846 1 0 0 0.6320084624142184 0.774961485131239 1.3682843490089218
cell 56.71474348071828 15.948152013997555 0.0 1.6431676725154984 0.6085806194501846 1 0 0 0.9999391360211535 -0.011032871487924641 3.1636588442461795
cell 24.937990575241656 4.433350733629978 0.0 1.6431676725154984 0.6085806194501846 1 0 0 0.9837631353893775 0.1794717065413409 2.7806938294919226
cell 5.115588323899221 25.555483695708507 0.0 1.6431676725154984 0.6085806194501846 1 0 0 0.7200894070053739 0.6938812909415045 1.607862321795446
cell 5.0090850106476745 1.0563323249206449 0.0 1.6431676725154984 0.6085806194501846 1 0 0 0.9440870376689539 0.32969632285704864 2.4696288638921695
cell 8.02678528700054 19.557638097018618 0.0 1.6431676725154984 0.6085806194501846 1 0 0 0.9204872880439635 0.3907725074125217 2.3386512919692577
cell 19.129063706031637 47.5128741004249 0.0 1.0 1.0 1 0 0 0.0 1.0 0
cell 23.56662825811396 20.100023914330492 0.0 1.6431676725154984 0.6085806194501846 1 0 0 0.9972556415821571 -0.07403502774066004 3.28979831037262
cell 24.71864044469123 53.02206772656435 0.0 1.6431676725154984 0.6085806194501846 1 0 0 0.8545037090422023 -0.5194452918576886 4.233995982096756
cell 33.24894802312313 30.4623897962871 0.0 1.6431676725154984 0.6085806194501846 1 0 0 -0.044876879074844785 -0.9989925253596754 0.08978391184674361
cell 38.25733523129943 51.316922361143114 0.0 1.6431676725154984 0.6085806194501846 1 0 0 0.9510005829055883 -0.3091890866657993 3.770273092034822
cell 62.108701979643335 46.04428530432097 0.0 1.0 1.0 1 0 0 0.0 1.0 0
cell 50.78323411396245 30.619599189890618 0.0 1.6431676725154984 0.6085806194501846 1 0 0 0.995158804528356 0.09827997644328848 2.9447148901334694
cell 55.193524828205156 47.409933700654356 0.0 1.0 1.0 1 0 0 0.0 1.0 0
cell 12.943547811907237 50.468439885509476 0.0 1.6431676725154984 0.6085806194501846 1 0 0 -0.5493354687325048 -0.8356019044930661 1.1631375144415337
cell 28.31660348317274 40.39645980857909 0.0 1.6431676725154984 0.6085806194501846 1 0 0 0.9709476258248605 -0.23929209745636554 3.6248660561704544
cell 2.139544490238482 29.117669100607092 0.0 1.0 1.0 1 0 0 0.0 1.0 0
cell 43.79499023649562 15.721546723904652 0.0 1.6431676725154984 0.6085806194501846 1 0 0 0.9916776938911087 0.12874529676385235 2.8833853685030792
cell 52.535602314351294 51.346054704419885 0.0 1.6431676725154984 0.6085806194501846 1 0 0 0.8214440084389344 0.5702891731391855 1.9278769686645896
cell 13.236074263243715 24.16806468131274 0.0 1.0 1.0 1 0 0 0.0 1.0 0
cell 43.936227168925555 36.77743059135656 0.0 1.0 1.0 1 0 0 0.0 1.0 0
cell 58.938860725035624 53.71389351028382 0.0 1.0 1.0 1 0 0 0.0 1.0 0
cell 44.63858307490898 38.91871296608872 0.0 1.6431676725154984 0.6085806194501846 1 0 0 0.3776702091427234 0.9259401779413676 0.7745577319315752
cell 32.83175194536849 37.70044688190089 0.0 1.6431676725154984 0.6085806194501846 1 0 0 -0.36266816671997665 -0.931918344517357 0.742258789490446
cell 5.925461107100505 27.054900463910716 0.0 1.6431676725154984 0.6085806194501846 1 0 0 -0.8297308097420799 -0.5581637603470441 1.957250466135501
cell 31.648402871030466 54.36794458811871 0.0 1.6431676725154984 0.6085806194501846 1 0 0 0.5253802723685447 0.8508675392832623 1.1063239491488284
cell 12.597529295615333 9.662220692413692 0.0 1.0 1.0 1 0 0 0.0 1.0 0
cell 13.303478698405996 6.628329966655158 0.0 1.6431676725154984 0.6085806194501846 1 0 0 0.9897726921358179 -0.14265348892409 3.4278762687228013
cell 58.51132883910088 13.38333209581251 0.0 1.6431676725154984 0.6085806194501846 1 0 0 0.9684761255076314 0.24910639157140568 2.6380777533264568
cell 14.891592010620478 37.61556107521509 0.0 1.6431676725154984 0.6085806194501846 1 0 0 0.9426148731240279 0.3338820165348425 2.4607547820104436
cell 23.701448866535884 23.125153291427978 0.0 1.0 1.0 1 0 0 0.0 1.0 0
cell 17.089613568011043 37.35637181728288 0.0 1.0 1.0 1 0 0 0.0 1.0 0
cell 25.38960392295726 26.060016914610777 0.0 1.0 1.0 1 0 0 0.0 1.0 0
cell 57.41500043426989 43.17678742759623 0.0 1.6431676725154984 0.6085806194501846 1 0 0 0.9916819007139868 -0.1287128890060921 3.399734579358216
cell 34.43422227735999 23.616405241298345 0.0 1.6431676725154984 0.6085806194501846 1 0 0 0.9985545935894758 -0.05374684754808076 3.249138169339949
cell 48.250723371339184 49.26259396362238 0.0 1.6431676725154984 0.6085806194501846 1 0 0 0.4280464071031954 -0.9037567556406123 5.398525243533769
cell 40.828156613657555 8.467300908980402 0.0 1.6431676725154984 0.6085806194501846 1 0 0 -0.9818556407880157 -0.18962990442637243 2.760022257616601
cell 29.379218440263465 6.008740900971784 0.0 1.6431676725154984 0.6085806194501846 1 0 0 -0.9810861369488314 0.19357167118878457 3.5311954048958434
cell 50.23703477949573 46.81076351719575 0.0 1.6431676725154984 0.6085806194501846 1 0 0 0.33884335690133727 -0.9408428027485957 5.591810795558261
cell 18.74032855448421 31.581256534535093 0.0 1.6431676725154984 0.6085806194501846 1 0 0 0.6287278831023414 0.7776253911811577 1.3598324562879212
cell 42.15615656289075 55.76630858364707 0.0 1.6431676725154984 0.6085806194501846 1 0 0 0.8806282318503295 -0.473807890677395 4.128812322970109
cell 31.014281063793355 7.4588881545114765 0.0 1.6431676725154984 0.6085806194501846 1 0 0 -0.9697940983090491 -0.24392500258263503 2.648770538229341
cell 49.60690948648799 54.56840961503286 0.0 1.6431676725154984 0.6085806194501846 1 0 0 0.6626624961017838 0.7489181639272433 1.4487366341886327
cell 14.327450357264102 2.286951141072098 0.0 1.6431676725154984 0.6085806194501846 1 0 0 0.9961276409887234 0.08791884245280362 2.965527647656515
cell 7.993638226413305 22.55480783412182 0.0 1.6431676725154984 0.6085806194501846 1 0 0 0.9208526998367873 0.3899106374585074 2.3405235586809905
cell 21.576078152082776 27.121531648943048 0.0 1.0 1.0 1 0 0 0.0 1.0 0
cell 8.024036877768474 21.150239274352554 0.0 1.6431676725154984 0.6085806194501846 1 0 0 0.9374092430258534 0.3482296815173809 2.4302288194467017
cell 31.62826313852001 44.63330490664105 0.0 1.6431676725154984 0.6085806194501846 1 0 0 0.982434313435721 -0.1866087344796151 3.5170108670748896
cell 12.113596359888529 44.68390818705103 0.0 1.6431676725154984 0.6085806194501846 1 0 0 0.6676501883440554 0.7444751345774735 1.4620959380030663
cell 61.64561289616759 42.38841808125915 0.0 1.0 1.0 1 0 0 0.0 1.0 0
cell 19.30552721768281 45.54811175782877 0.0 1.0 1.0 1 0 0 0.0 1.0 0
cell 45.55343815407869 32.520594793983626 0.0 1.6431676725154984 0.6085806194501846 1 0 0 0.9928981421078322 -0.11896755607649957 3.3800926311579262
cell 58.203618726229436 51.841175523989 0.0 1.0 1.0 1 0 0 0.0 1.0 0
cell 45.38213255045656 18.513837888652105 0.0 1.6431676725154984 0.6085806194501846 1 0 0 0.9996350698246008 -0.02701346287993121 3.195626152327635
cell 6.78273595817698 57.66048261201026 0.0 1.6431676725154984 0.6085806194501846 1 0 0 0.8904353854423459 0.4551096838698787 2.1966018729983747
cell 24.65670800524084 43.274939610251394 0.0 1.6431676725154984 0.6085806194501846 1 0 0 0.596061927183943 -0.8029384652398737 5.006010203929252
cell 58.45134381215764 27.307538328784222 0.0 1.0 1.0 1 0 0 0.0 1.0 0
cell 5.148743767839759 4.378280049957052 0.0 1.6431676725154984 0.6085806194501846 1 0 0 0.8780832261750963 0.4785079392339637 2.1436832548714846
cell 17.514573018003066 12.732660438767802 0.0 1.6431676725154984 0.6085806194501846 1 0 0 0.9998470608526407 0.017488707909265766 3.1066134545234525
cell 3.244664124605176 1.2519286872738575 0.0 1.6431676725154984 0.6085806194501846 1 0 0 0.9115262332266362 0.41124193139763854 2.293960416034036
cell 6.599665850130936 44.99775440660875 0.0 1.0 1.0 1 0 0 0.0 1.0 0
cell 45.79562580228904 6.378906747414224 0.0 1.6431676725154984 0.6085806194501846 1 0 0 0.9782847900395563 0.20726521555065966 2.7240353761913023
cell 4.265381599570422 20.80560132623496 0.0 1.6431676725154984 0.6085806194501846 1 0 0 0.8456930572451836 0.5336696102714624 2.0157249947545384
cell 52.27195429948175 43.53352495572485 0.0 1.6431676725154984 0.6085806194501846 1 0 0 0.9358850296868388 -0.35230556511083483 3.861659609759254
cell 52.65978061334557 3.1342716290235817 0.0 1.0 1.0 1 0 0 0.0 1.0 0
cell 17.005876678516817 52.81153209966535 0.0 1.0 1.0 1 0 0 0.0 1.0 0
cell 34.45549075700045 22.3300757371783 0.0 1.6431676725154984 0.6085806194501846 1 0 0 0.9961511152975987 -0.08765246996719563 3.3171228498571446
cell 62.488396927671566 58.222689160314836 0.0 1.6431676725154984 0.6085806194501846 1 0 0 0.9104552034753215 0.4136076914960732 2.2887666007267327
cell 13.250400342786037 26.094285636426275 0.0 1.0 1.0 1 0 0 0.0 1.0 0
cell 48.99261618159883 2.510090318493364 0.0 1.6431676725154984 0.6085806194501846 1 0 0 -0.9428608622838744 -0.3331867259860582 2.4622298272824903
cell 13.935030506481766 8.174820983682107 0.0 1.0 1.0 1 0 0 0.0 1.0 0
cell 44.45595526887719 0.6764867489473694 0.0 1.6431676725154984 0.6085806194501846 1 0 0 0.8334470015723133 0.5525993988144761 1.970632897608301
cell 48.69671859624429 11.654050766172373 0.0 1.6431676725154984 0.6085806194501846 1 0 0 0.9624613563328862 0.27141874947368866 2.591859032887775
cell 48.737886126875225 14.664134258287465 0.0 1.6431676725154984 0.6085806194501846 1 0 0 0.9794407997852381 0.20173180144948183 2.7353411473266562
cell 50.198147027841344 51.68221521174009 0.0 1.6431676725154984 0.6085806194501846 1 0 0 -0.7388709617745265 -0.673846942447902 1.6627866084282763
cell 26.830827332668488 6.586672122092081 0.0 1.6431676725154984 0.6085806194501846 1 0 0 0.9270153753927385 -0.3750233243219148 3.9104365236519656
cell 7.901979500902197 30.192964556485716 0.0 1.0 1.0 1 0 0 0.0 1.0 0
cell 10.969005462499238 6.74791876765167 0.0 1.0 1.0 1 0 0 0.0 1.0 0
cell 61.930583106199144 27.489867978822538 0.0 1.0 1.0 1 0 0 0.0 1.0 0
cell 53.13351464456753 23.801161923731343 0.0 1.0 1.0 1 0 0 0.0 1.0 0
cell 43.517298916316776 26.23123254267945 0.0 1.6431676725154984 0.6085806194501846 1 0 0 0.12546068481454836 -0.9920985921600053 6.03160096434872
cell 26.452942131281944 53.86023627222554 0.0 1.6431676725154984 0.6085806194501846 1 0 0 0.8674852004331577 -0.49746299061281357 4.182936170620786
cell 37.032487414355266 15.073583149964506 0.0 1.6431676725154984 0.6085806194501846 1 0 0 0.991820076662197 0.127643783749126 2.8856067229564966
cell 27.306294914264114 17.116199733948186 0.0 1.6431676725154984 0.6085806194501846 1 0 0 0.9537546116224105 0.3005863283800261 2.5309779483516346
cell 13.240792687515745 44.49318803807736 0.0 1.6431676725154984 0.6085806194501846 1 0 0 0.7005024988085136 0.7136499486183884 1.552202757123293
cell 12.802649096318094 5.260497350089447 0.0 1.0 1.0 1 0 0 0.0 1.0 0
cell 35.39450317437638 17.53066175821789 0.0 1.6431676725154984 0.6085806194501846 1 0 0 0.9895426261829624 -0.1442407396227778 3.431083944313967
cell 8.249093376506082 1.878179674217124 0.0 1.6431676725154984 0.6085806194501846 1 0 0 0.8811565567405087 0.472824621306051 2.156605423212515
cell 1.3037907734699168 27.32853790319688 0.0 1.0 1.0 1 0 0 0.0 1.0 0
cell 56.07639849584079 8.389520811854364 0.0 1.6431676725154984 0.6085806194501846 1 0 0 0.9301878947866712 0.3670837511962913 2.389848742129664
cell 22.377443828835673 40.54236523194255 0.0 1.0 1.0 1 0 0 0.0 1.0 0
cell 17.468696740673813 46.36952655525843 0.0 1.0 1.0 1 0 0 0.0 1.0 0
cell 57.2429932728182 32.27296498859926 0.0 1.0 1.0 1 0 0 0.0 1.0 0
cell 52.34272121781073 20.05644934310144 0.0 1.6431676725154984 0.6085806194501846 1 0 0 -0.30032111354328334 0.9538381564815502 5.67312672658075
cell 58.6767136319579 46.582198471582956 0.0 1.0 1.0 1 0 0 0.0 1.0 0
cell 1.9544131417085409 48.35672472720766 0.0 1.0 1.0 1 0 0 0.0 1.0 0
cell 37.9509071707039 6.224362487374458 0.0 1.6431676725154984 0.6085806194501846 1 0 0 -0.8678471280810371 -0.4968313217597054 2.1017051546709062
cell 26.403680500703903 22.216698656451385 0.0 1.6431676725154984 0.6085806194501846 1 0 0 0.9856612958707716 -0.16873591740453855 3.4806867663679912
cell 21.839102569555475 38.822948508333454 0.0 1.0 1.0 1 0 0 0.0 1.0 0
cell 20.18716526002049 4.412167315295995 0.0 1.0 1.0 1 0 0 0.0 1.0 0
cell 23.31601534283423 50.93911592531049 0.0 1.6431676725154984 0.6085806194501846 1 0 0 0.9959702904723927 0.08968378056447922 2.9619837703761647
cell 52.41759169781922 6.721597533991633 0.0 1.6431676725154984 0.6085806194501846 1 0 0 0.924377772337118 0.38147835326407087 2.358802523017844
cell 49.390074413776944 24.50122510117615 0.0 1.6431676725154984 0.6085806194501846 1 0 0 0.4398028349397597 -0.8980943527152092 5.372427058264145
cell 21.06468294554507 31.073384351387926 0.0 1.0 1.0 1 0 0 0.0 1.0 0
cell 24.68397191482329 30.689449898899678 0.0 1.0 1.0 1 0 0 0.0 1.0 0
cell 8.487566572704212 4.708146026346441 0.0 1.6431676725154984 0.6085806194501846 1 0 0 0.9839013776009874 0.17871228036953493 2.7822376417202457
cell 18.061469533029246 6.7933255677853905 0.0 1.6431676725154984 0.6085806194501846 1 0 0 0.9792994532929186 0.2024168490521249 2.733942191903883
cell 26.7835358987629 24.531745977361215 0.0 1.0 1.0 1 0 0 0.0 1.0 0
cell 25.054783535754623 24.43264550312504 0.0 1.0 1.0 1 0 0 0.0 1.0 0
cell 56.19130331442395 51.472704731393286 0.0 1.0 1.0 1 0 0 0.0 1.0 0
cell 15.279853515040394 34.19705778371588 0.0 1.6431676725154984 0.6085806194501846 1 0 0 0.6932232796359844 0.7207228902780387 1.5319035532166974
cell 48.46255713727516 23.736187074068933 0.0 1.6431676725154984 0.6085806194501846 1 0 0 -0.45181446488833765 0.8921119264518691 5.345588922699729
cell 19.23805994309094 29.321262359530486 0.0 1.6431676725154984 0.6085806194501846 1 0 0 0.7314185340899534 0.6819288291234679 1.640799631571736
cell 41.39444305512519 12.876815983029337 0.0 1.6431676725154984 0.6085806194501846 1 0 0 0.9789461140267932 0.20411885222056472 2.730465604966534
cell 61.157180987027374 29.54966691202285 0.0 1.0 1.0 1 0 0 0.0 1.0 0
cell 8.54098992594907 31.668006572413887 0.0 1.0 1.0 1 0 0 0.0 1.0 0
cell 2.9933014839459178 26.708166974549254 0.0 1.6431676725154984 0.6085806194501846 1 0 0 0.44281567011363887 0.8966126712810883 0.917473177432234
cell 62.546359331983105 53.19775530815448 0.0 1.0 1.0 1 0 0 0.0 1.0 0
cell 53.09955327048696 25.163319286876032 0.0 1.6431676725154984 0.6085806194501846 1 0 0 0.9996808465827233 -0.025262719086624367 3.1921234675714154
cell 62.5302993816288 3.942076607292993 0.0 1.6431676725154984 0.6085806194501846 1 0 0 0.7620717379218308 0.6474925993868968 1.7330135003749787
cell 14.716420807256638 27.461937912196916 0.0 1.6431676725154984 0.6085806194501846 1 0 0 0.7026744608936618 0.7115114911284298 1.5582987974539826
cell 24.994081360949718 7.846671665926076 0.0 1.6431676725154984 0.6085806194501846 1 0 0 0.9432102354433041 -0.3321964053914293 3.8188551974532117
cell 37.59691796458486 23.439740005210393 0.0 1.6431676725154984 0.6085806194501846 1 0 0 0.9999012233432318 -0.014055018915261995 3.169703616995407
cell 13.658434627198476 56.54607734516617 0.0 1.6431676725154984 0.6085806194501846 1 0 0 0.9831267471080651 -0.18292566556039802 3.509515674617969
cell 5.882600323106732 35.26121443900336 0.0 1.0 1.0 1 0 0 0.0 1.0 0
cell 10.210395050757946 17.082281225991178 0.0 1.6431676725154984 0.6085806194501846 1 0 0 0.9004315694789722 0.4349976881382645 2.2415212350594196
cell 41.68967273356659 57.76322541165807 0.0 1.6431676725154984 0.6085806194501846 1 0 0 0.7666954510918981 -0.6420109697466165 4.535829253700178
cell 54.5547176179981 28.28881062072375 0.0 1.0 1.0 1 0 0 0.0 1.0 0
cell 25.33544438149049 29.16505448653203 0.0 1.6431676725154984 0.6085806194501846 1 0 0 0.9865922390115668 -0.16320463817595213 3.4694686047498107
cell 34.285238276302486 9.879642027167451 0.0 1.6431676725154984 0.6085806194501846 1 0 0 -0.980340071553622 -0.197315341791355 2.744355322832586
cell 44.72573040666309 12.820553042929069 0.0 1.6431676725154984 0.6085806194501846 1 0 0 0.97371807843195 0.2277566765976154 2.682046281395989
cell 53.8824485562513 9.92693725645208 0.0 1.6431676725154984 0.6085806194501846 1 0 0 0.99022832661811 0.13945558849719056 2.861769434418176
cell 18.713103060563853 51.6326219897133 0.0 1.0 1.0 1 0 0 0.0 1.0 0
cell 15.081297221874264 17.08231943374427 0.0 1.6431676725154984 0.6085806194501846 1 0 0 0.9713796850928846 -0.23753211864682258 3.6212415829563405
cell 26.886421638539765 40.56298107498292 0.0 1.6431676725154984 0.6085806194501846 1 0 0 0.8365892216675489 -0.5478306984732461 4.301130651613524
cell 9.353643674244037 41.58791789800735 0.0 1.6431676725154984 0.6085806194501846 1 0 0 -0.67512589676344 -0.7377025305089856 1.4822706989762615
cell 47.05047455840112 60.305473225496264 0.0 1.6431676725154984 0.6085806194501846 1 0 0 0.8069861962503856 0.590570299846965 1.8780619305242419
cell 59.30756348070126 59.53428388866759 0.0 1.0 1.0 1 0 0 0.0 1.0 0
cell 38.85584808573788 2.653181960980801 0.0 1.6431676725154984 0.6085806194501846 1 0 0 0.2427838958252092 0.9700803986927753 0.49046916597620527
cell 22.730863537375473 7.43879930728471 0.0 1.6431676725154984 0.6085806194501846 1 0 0 0.9826687628669928 0.18537017690409055 2.768695544318426
cell 42.56458057739589 3.209419353830324 0.0 1.6431676725154984 0.6085806194501846 1 0 0 0.9156028410978585 0.40208386858158046 2.3140093250108893
cell 10.032311955270274 20.534902309615973 0.0 1.6431676725154984 0.6085806194501846 1 0 0 0.8974745244819554 0.44106629649734963 2.2280197839374716
cell 3.9911126538928463 23.953362538794465 0.0 1.6431676725154984 0.6085806194501846 1 0 0 0.6375291254395913 0.7704262548850668 1.3825736808013402
cell 39.75852410894915 42.12250496802768 0.0 1.6431676725154984 0.6085806194501846 1 0 0 -0.3339204240653094 -0.9426012679771039 0.6809193636260691
cell 35.19540135039938 41.31359768963618 0.0 1.6431676725154984 0.6085806194501846 1 0 0 0.9425750041984283 -0.3339945530399153 3.8226693053711647
cell 8.094422506023488 38.30662454950353 0.0 1.0 1.0 1 0 0 0.0 1.0 0
cell 55.5412994271007 3.614503284482512 0.0 1.6431676725154984 0.6085806194501846 1 0 0 0.7231817712520086 0.6906577486199713 1.6167962962553715
cell 23.42400715473838 1.5598912567639587 0.0 1.6431676725154984 0.6085806194501846 1 0 0 0.07250544418131097 -0.9973680166137627 6.138047062644144
cell 42.090197704270025 29.10412093187454 0.0 1.6431676725154984 0.6085806194501846 1 0 0 -0.17674966395878258 0.9842558388399113 5.927819033087348
cell 29.316913123532704 52.272843563504395 0.0 1.6431676725154984 0.6085806194501846 1 0 0 0.22210585094393331 0.9750225592141298 0.4479474765657701
cell 6.6462176442234036 50.57158387967371 0.0 1.0 1.0 1 0 0 0.0 1.0 0
cell 36.21989224458369 11.267269481797946 0.0 1.6431676725154984 0.6085806194501846 1 0 0 -0.9929767289331337 -0.11830982967299883 2.904417485331738
cell 8.095541121227152 3.5293136148293525 0.0 1.6431676725154984 0.6085806194501846 1 0 0 0.909737861760951 0.4151831196937237 2.285304489296171
cell 50.24451764028907 11.94191285396336 0.0 1.6431676725154984 0.6085806194501846 1 0 0 0.9802853765254608 0.1975868937210555 2.7438013120127627
cell 30.129492436968434 20.174684039500992 0.0 1.6431676725154984 0.6085806194501846 1 0 0 0.996886742585091 0.07884682909341648 2.9837351443570572
cell 16.935328774985177 9.749153999511845 0.0 1.6431676725154984 0.6085806194501846 1 0 0 0.9914570006137584 0.1304339523819232 2.8799793361954986
cell 24.881604182662578 34.537645803011465 0.0 1.0 1.0 1 0 0 0.0 1.0 0
cell 44.300840663116574 33.32613873375181 0.0 1.6431676725154984 0.6085806194501846 1 0 0 0.12764756076804645 0.9918195905657278 0.2559935469740724
cell 26.58305680665532 50.07179490248147 0.0 1.6431676725154984 0.6085806194501846 1 0 0 0.06045049067990596 -0.9981711968277579 6.162210570497288
cell 32.47126394334218 13.214174125467673 0.0 1.6431676725154984 0.6085806194501846 1 0 0 0.9998176616533543 -0.01909563945037759 3.179786253904746
cell 56.51364751564975 12.142056899954893 0.0 1.6431676725154984 0.6085806194501846 1 0 0 0.9768547652373903 0.21390364099987408 2.7104539417182423
cell 45.54708240168292 4.975065205889065 0.0 1.6431676725154984 0.6085806194501846 1 0 0 -0.9387042137369545 -0.3447236561544423 2.4377038924897345
cell 54.56813334502046 56.54956824629779 0.0 1.0 1.0 1 0 0 0.0 1.0 0
cell 30.741593805171192 12.22515934806522 0.0 1.6431676725154984 0.6085806194501846 1 0 0 0.9999468461235267 -0.010310428100328041 3.1622138751576987
cell 50.523829692293255 34.75752539195016 0.0 1.6431676725154984 0.6085806194501846 1 0 0 0.729321744584818 -0.6841708798799884 4.648525162629933
cell 12.270429647395694 41.85810729889832 0.0 1.6431676725154984 0.6085806194501846 1 0 0 0.6357911503929251 0.7718611358800499 1.3780661569211332
cell 62.42596221836088 10.01961705663435 0.0 1.6431676725154984 0.6085806194501846 1 0 0 0.8432676525602923 0.5374938754492502 2.006667925232357
cell 11.931783309371998 60.83407702151261 0.0 1.6431676725154984 0.6085806194501846 1 0 0 0.9416761331786516 0.3365205197334963 2.4551537332014
cell 10.002854664857747 0.8264467678628729 0.0 1.6431676725154984 0.6085806194501846 1 0 0 0.8548025926678784 0.518953299987844 2.0503406502859627
cell 39.68085740963168 53.47994431122254 0.0 1.6431676725154984 0.6085806194501846 1 0 0 0.9694191850879124 -0.2454107650114148 3.6374794388362868
cell 20.115851552785156 58.00345251275487 0.0 1.6431676725154984 0.6085806194501846 1 0 0 0.9475540489719568 -0.31959556360633423 3.792197923797781
cell 1.2125431734774075 5.592447411949762 0.0 1.6431676725154984 0.6085806194501846 1 0 0 0.878772102098459 0.4772416500824875 2.14656633559376
cell 55.19466058909674 26.44039636221484 0.0 1.0 1.0 1 0 0 0.0 1.0 0
cell 15.101028677469676 23.451092543735655 0.0 1.0 1.0 1 0 0 0.0 1.0 0
cell 14.616109691045116 13.820596381095514 0.0 1.6431676725154984 0.6085806194501846 1 0 0 0.984392281395737 -0.1759881709902578 3.4954116873749013
cell 23.600785560323864 42.010957275371304 0.0 1.0 1.0 1 0 0 0.0 1.0 0
cell 40.53207187093177 41.1206749929994 0.0 1.6431676725154984 0.6085806194501846 1 0 0 0.3981610779189265 0.9173155160741796 0.8190225879261726
cell 27.637608196281356 8.55648729517389 0.0 1.6431676725154984 0.6085806194501846 1 0 0 0.99773877065258 0.06721120097631395 3.007068839945116
cell 54.35198174534027 41.42477812348999 0.0 1.6431676725154984 0.6085806194501846 1 0 0 0.9992338879143318 -0.03913613731078459 3.219884922783917
cell 52.28203822764747 31.829068773722476 0.0 1.0 1.0 1 0 0 0.0 1.0 0
cell 1.3328937134673904 58.24043301035135 0.0 1.6431676725154984 0.6085806194501846 1 0 0 0.8332230542551943 0.5529370143675005 1.969822621939818
cell 31.80295907339679 15.520271824743098 0.0 1.6431676725154984 0.6085806194501846 1 0 0 0.9999544113818137 -0.00954856837700576 3.160690080553122
cell 20.91294136458933 16.350717348334292 0.0 1.0 1.0 1 0 0 0.0 1.0 0
cell 17.338049126852553 50.745131995952896 0.0 1.0 1.0 1 0 0 0.0 1.0 0
cell 31.064077269950467 46.7672206580324 0.0 1.6431676725154984 0.6085806194501846 1 0 0 0.9793434094169163 -0.20220407125389486 3.5488085739890933
cell 19.747920398445153 38.8244404592759 0.0 1.0 1.0 1 0 0 0.0 1.0 0
cell 40.91174831534283 59.612794968694445 0.0 1.6431676725154984 0.6085806194501846 1 0 0 0.754523860869229 -0.6562726136134225 4.573328714672407
cell 35.77551561247305 38.45751137766269 0.0 1.6431676725154984 0.6085806194501846 1 0 0 0.12799093233532916 0.9917753380881847 0.2566859697240861
cell 6.21967504242709 43.07251196749245 0.0 1.0 1.0 1 0 0 0.0 1.0 0
cell 50.25736871721345 22.2818502334308 0.0 1.6431676725154984 0.6085806194501846 1 0 0 -0.4430029978199124 0.8965201302383403 5.365294251706343
cell 44.25408098444695 3.0093069056688577 0.0 1.6431676725154984 0.6085806194501846 1 0 0 0.8663117614097757 0.49950368571522247 2.095541101639
cell 14.257140524410302 55.42658667258977 0.0 1.6431676725154984 0.6085806194501846 1 0 0 -0.3319745289945761 -0.9432883504521984 0.6767920926317261
cell 25.65046546875086 10.645656847141192 0.0 1.6431676725154984 0.6085806194501846 1 0 0 0.9639512801690376 -0.2660788031025272 3.6802384469114373
cell 25.437405866954983 12.073810118498805 0.0 1.0 1.0 1 0 0 0.0 1.0 0
cell 17.592405573703257 1.8651666292722529 0.0 1.6431676725154984 0.6085806194501846 1 0 0 -0.9977722910582323 -0.06671173207469691 3.00807002485613
cell 21.73093790553954 54.7842769485177 0.0 1.6431676725154984 0.6085806194501846 1 0 0 0.9997525303817416 -0.022245853440691396 3.1860880309497506
cell 15.87450187168039 38.80664902642188 0.0 1.0 1.0 1 0 0 0.0 1.0 0
cell 58.14578498190206 1.7513962786146051 0.0 1.6431676725154984 0.6085806194501846 1 0 0 0.7627250118264208 0.6467229362983706 1.735032557730096
cell 42.974159532313294 18.502373400063995 0.0 1.0 1.0 1 0 0 0.0 1.0 0
cell 50.75416718135884 60.91434022478742 0.0 1.6431676725154984 0.6085806194501846 1 0 0 0.899495873381937 0.4369292548787118 2.237228693142507
cell 0.14803662421533187 20.49649628553471 0.0 1.0 1.0 1 0 0 0.0 1.0 0
cell 1.1102946607588395 7.473290832917825 0.0 1.0 1.0 1 0 0 0.0 1.0 0
cell 12.190385282993388 15.590652662165207 0.0 1.6431676725154984 0.6085806194501846 1 0 0 0.9509002587415762 -0.30949749259921866 3.7709217187643818
cell 8.55027802704035 51.161124846605816 0.0 1.0 1.0 1 0 0 0.0 1.0 0
cell 58.719111624029594 34.09571747215828 0.0 1.6431676725154984 0.6085806194501846 1 0 0 0.9723534757105367 -0.23351385028224508 3.612972417782181
cell 47.72973326106533 41.23855146621195 0.0 1.6431676725154984 0.6085806194501846 1 0 0 0.6938731581167669 0.7200972437421659 1.5337077435423778
cell 7.754701031490856 28.39847867280808 0.0 1.0 1.0 1 0 0 0.0 1.0 0
cell 15.411148092228785 8.149552785750998 0.0 1.6431676725154984 0.6085806194501846 1 0 0 0.9243781706309421 0.3814773881385279 2.358804611179987
cell 46.71158726138671 9.480185079170747 0.0 1.6431676725154984 0.6085806194501846 1 0 0 0.9408408106102772 0.3388488882823676 2.4502063836027337
cell 29.16713338069405 22.573177565186025 0.0 1.6431676725154984 0.6085806194501846 1 0 0 0.9791044192344616 -0.20335814769894964 3.5511656984313906
cell 11.265962260657064 49.175241580508114 0.0 1.6431676725154984 0.6085806194501846 1 0 0 0.4901253298152505 0.8716519724485754 1.024467062722752
cell 62.00178884751428 51.28520868463985 0.0 1.0 1.0 1 0 0 0.0 1.0 0
cell 60.491759929832405 31.34923852656192 0.0 1.0 1.0 1 0 0 0.0 1.0 0
cell 33.549027337998226 36.71383593967139 0.0 1.6431676725154984 0.6085806194501846 1 0 0 0.2827733270964526 0.9591867625664997 0.5733684274513308
cell 61.19763057546426 39.14356152830601 0.0 1.0 1.0 1 0 0 0.0 1.0 0
cell 61.317820570874424 0.0007161175487482296 0.0 1.6431676725154984 0.6085806194501846 1 0 0 0.9751239552606443 0.22166026228631272 2.6945591363528405
cell 9.783881419602446 23.96885925277948 0.0 1.0 1.0 1 0 0 0.0 1.0 0
cell 0.5708404943762974 49.78994689392016 0.0 1.0 1.0 1 0 0 0.0 1.0 0
cell 37.84357085530276 21.023876786979702 0.0 1.6431676725154984 0.6085806194501846 1 0 0 0.9932536529845748 -0.11596198011761344 3.3740395718256324
cell 3.245376612552831 62.228870536629685 0.0 1.6431676725154984 0.6085806194501846 1 0 0 0.9104352606667604 0.4136515878546197 2.288670172392569
cell 23.78059463625804 38.231889768020736 0.0 1.0 1.0 1 0 0 0.0 1.0 0
cell 26.842903580847462 45.6140123943267 0.0 1.0 1.0 1 0 0 0.0 1.0 0
cell 2.4143140258601252 15.531306300782637 0.0 1.6431676725154984 0.6085806194501846 1 0 0 -0.2750248525685458 0.9614371172727053 5.725954203795892
cell 22.944192589197204 27.98922805679977 0.0 1.0 1.0 1 0 0 0.0 1.0 0
cell 28.222398920126036 31.14376681282742 0.0 1.6431676725154984 0.6085806194501846 1 0 0 0.40580297070797305 -0.9139605839228429 5.447470865018386
cell 39.66865117581433 58.80853291048462 0.0 1.6431676725154984 0.6085806194501846 1 0 0 0.6943941236227372 -0.7195948867788117 4.7480301278356585
cell 47.22305742308183 26.215190769996813 0.0 1.6431676725154984 0.6085806194501846 1 0 0 0.3710839279655966 -0.9285993314695117 5.522833265563333
cell 44.97003265494899 47.67748557605562 0.0 1.6431676725154984 0.6085806194501846 1 0 0 0.9401427981390003 0.34078074932039665 2.4460981918039684
cell 59.547409609959324 42.811723659336295 0.0 1.6431676725154984 0.6085806194501846 1 0 0 0.2006804953279046 0.9796567453934806 0.40410499544084577
cell 18.72659896326313 22.19449145783475 0.0 1.6431676725154984 0.6085806194501846 1 0 0 0.9837074485926014 -0.17977668253540133 3.5031115143867653
cell 45.25919212980816 11.462147566226987 0.0 1.6431676725154984 0.6085806194501846 1 0 0 0.9598411150616938 0.2805441744843837 2.5728706445369416
cell 6.607068273444514 6.116432961832951 0.0 1.6431676725154984 0.6085806194501846 1 0 0 -0.991784133640994 -0.12792275895235744 2.885044160727715
cell 19.399723524138615 18.811463383858413 0.0 1.0 1.0 1 0 0 0.0 1.0 0
cell 60.6868764859612 11.846162451875465 0.0 1.6431676725154984 0.6085806194501846 1 0 0 0.8892871945224798 0.45734919444373917 2.1915684831498012
cell 52.56121646505149 5.317941084193755 0.0 1.6431676725154984 0.6085806194501846 1 0 0 0.9214600080070539 0.38847323414057777 2.3436444252312616
cell 29.91182566813718 38.58433270382856 0.0 1.0 1.0 1 0 0 0.0 1.0 0
cell 18.712837378630702 40.50493569351126 0.0 1.0 1.0 1 0 0 0.0 1.0 0
cell 23.838015110197556 10.855178318676563 0.0 1.0 1.0 1 0 0 0.0 1.0 0
cell 28.030550692312357 26.090975933518138 0.0 1.0 1.0 1 0 0 0.0 1.0 0
cell 42.65882849437977 25.244237823706396 0.0 1.6431676725154984 0.6085806194501846 1 0 0 -0.05835977332519517 0.9982956159662487 6.166399403644033
cell 26.043360749811875 51.774715322865525 0.0 1.6431676725154984 0.6085806194501846 1 0 0 0.9943027334823311 -0.10659303068007962 3.3551844991147317
cell 60.19153428172856 26.3966382442478 0.0 1.0 1.0 1 0 0 0.0 1.0 0
cell 9.518016834619955 38.81704588625401 0.0 1.6431676725154984 0.6085806194501846 1 0 0 0.608654140960247 0.7934356537816686 1.3087264857755372
cell 62.334070280691805 31.14780981486472 0.0 1.0 1.0 1 0 0 0.0 1.0 0
cell 50.91519491368812 14.512195253650884 0.0 1.6431676725154984 0.6085806194501846 1 0 0 0.9804977800899677 0.19653015859822975 2.745957052726774
cell 26.33726343802261 2.843330151699148 0.0 1.6431676725154984 0.6085806194501846 1 0 0 0.9875897638731733 0.1570555898175223 2.8261755911531985
cell 23.953269803675177 5.971883067721566 0.0 1.6431676725154984 0.6085806194501846 1 0 0 -0.9824532898051855 -0.186508802341788 2.766377875940062
cell 30.132943206873584 14.610306349805587 0.0 1.6431676725154984 0.6085806194501846 1 0 0 0.9997585908488783 -0.021971800651408375 3.1855397913632695
cell 53.76800722940192 13.120819509718157 0.0 1.6431676725154984 0.6085806194501846 1 0 0 0.9548831336095173 0.2969818195581488 2.538532036697004
cell 1.49790540458721 30.790018703889334 0.0 1.0 1.0 1 0 0 0.0 1.0 0
cell 20.94479971915612 7.482058801591964 0.0 1.6431676725154984 0.6085806194501846 1 0 0 0.9714225341657575 0.2373568202411249 2.662304642907576
cell 55.3534304723912 0.9166461638536755 0.0 1.0 1.0 1 0 0 0.0 1.0 0
cell 31.564652917498513 10.210870387093385 0.0 1.6431676725154984 0.6085806194501846 1 0 0 0.9978421751632639 -0.06565815612280172 3.2730034999690147
cell 0.032345599297407025 47.87568176170327 0.0 1.0 1.0 1 0 0 0.0 1.0 0
cell 37.13069173820377 8.556593472951148 0.0 1.6431676725154984 0.6085806194501846 1 0 0 -0.9418856642566312 -0.3359336176506371 2.4564000996644797
cell 4.464836029129687 38.717217175150786 0.0 1.0 1.0 1 0 0 0.0 1.0 0
cell 1.731725848705445 40.63349561539617 0.0 1.0 1.0 1 0 0 0.0 1.0 0
cell 16.77458963883919 4.982842097213535 0.0 1.0 1.0 1 0 0 0.0 1.0 0
cell 55.33726818220018 58.392179810537534 0.0 1.0 1.0 1 0 0 0.0 1.0 0
cell 42.05726161031095 11.677136801155484 0.0 1.6431676725154984 0.6085806194501846 1 0 0 0.9687861993250327 0.24789776117859122 2.640573296073577
cell 36.75808249749351 12.151994692390222 0.0 1.6431676725154984 0.6085806194501846 1 0 0 0.9885995907528895 0.1505684202056305 2.839306208004601
cell 42.81900273615335 38.59923711900758 0.0 1.6431676725154984 0.6085806194501846 1 0 0 0.3868105946606271 0.9221591857473914 0.7943408911495491
cell 0.9815570721079205 42.49816033711881 0.0 1.0 1.0 1 0 0 0.0 1.0 0
cell 29.182055256236954 15.525829842209014 0.0 1.6431676725154984 0.6085806194501846 1 0 0 0.9746255651028978 -0.22384147928357065 3.5931010350378196
cell 7.794203040239665 7.566100279173612 0.0 1.0 1.0 1 0 0 0.0 1.0 0
cell 42.950205330370146 48.57392852531857 0.0 1.6431676725154984 0.6085806194501846 1 0 0 0.6800452946454131 0.7331701011570462 1.4956488241339059
cell 54.98095656555404 53.37861641012729 0.0 1.0 1.0 1 0 0 0.0 1.0 0
cell 22.293011872701406 11.80241909947929 0.0 1.0 1.0 1 0 0 0.0 1.0 0
cell 48.78028230435483 15.736613779978137 0.0 1.6431676725154984 0.6085806194501846 1 0 0 0.9977824293412678 0.0665599256147257 3.008374314100873
cell 59.32884403792529 62.43335207009756 0.0 1.6431676725154984 0.6085806194501846 1 0 0 0.7467180318021684 0.6651407226906918 1.6862281393646852
cell 6.269977268299402 23.793388135619672 0.0 1.6431676725154984 0.6085806194501846 1 0 0 0.8417763829068634 0.539826380589387 2.0011309692804486
cell 3.3060957417143633 60.49430994273624 0.0 1.6431676725154984 0.6085806194501846 1 0 0 0.8723768468436706 0.48883395656510503 2.120087406634883
cell 17.95329452607418 25.234804718476337 0.0 1.6431676725154984 0.6085806194501846 1 0 0 0.741575553041561 0.6708693607037833 1.6708316886100727
cell 28.03486808094648 53.49673567871242 0.0 1.6431676725154984 0.6085806194501846 1 0 0 0.9596785389113475 -0.28109980781384636 3.711472521720136
cell 14.076828189352936 36.89910763564138 0.0 1.6431676725154984 0.6085806194501846 1 0 0 0.912864362373615 0.4082629739618978 2.300491812973768
cell 46.28841149731154 41.584707346780014 0.0 1.6431676725154984 0.6085806194501846 1 0 0 0.4732136440893562 0.8809476982475589 0.9858703172341053
cell 57.92818574881345 55.42270502837993 0.0 1.0 1.0 1 0 0 0.0 1.0 0
cell 30.024203416438368 36.477459591884454 0.0 1.0 1.0 1 0 0 0.0 1.0 0
cell 20.83355968992053 20.937393343760778 0.0 1.6431676725154984 0.6085806194501846 1 0 0 0.9714010178662839 0.23744486199610132 2.6621233773370117
cell 62.20641911108489 60.413590279426316 0.0 1.6431676725154984 0.6085806194501846 1 0 0 0.8619010354997608 0.5070765277593117 2.078013645322208
cell 52.289310072285524 55.58089129375584 0.0 1.6431676725154984 0.6085806194501846 1 0 0 0.897774905384547 0.44045455981493453 2.2293827960037866
cell 58.65798134959265 57.47048780122819 0.0 1.0 1.0 1 0 0 0.0 1.0 0
cell 11.355007267978035 13.558992950594607 0.0 1.6431676725154984 0.6085806194501846 1 0 0 0.987639695071885 0.15674129232054324 2.8268120690933247
cell 7.363251131164247 46.86224509067663 0.0 1.0 1.0 1 0 0 0.0 1.0 0
cell 5.781528220234287 40.53000134372449 0.0 1.0 1.0 1 0 0 0.0 1.0 0
cell 25.05913692309872 13.714729135809419 0.0 1.0 1.0 1 0 0 0.0 1.0 0
cell 61.27141002728092 49.32758467265688 0.0 1.0 1.0 1 0 0 0.0 1.0 0
cell 14.890105296450985 59.895866658126366 0.0 1.6431676725154984 0.6085806194501846 1 0 0 0.9991362257881651 0.041554811006437986 3.0584590939899616
cell 44.22354076382464 44.53519202391519 0.0 1.6431676725154984 0.6085806194501846 1 0 0 0.45352898033358036 0.8912415295516602 0.9414419820224759
cell 42.67539001449102 61.27980511119653 0.0 1.6431676725154984 0.6085806194501846 1 0 0 0.8285256553372686 -0.5599511036224051 4.330246218978324
cell 40.02832846493344 4.16635794340324 0.0 1.6431676725154984 0.6085806194501846 1 0 0 0.03264392875516075 -0.9994670449371645 6.2178858486980415
cell 53.90874424427231 51.88368077311833 0.0 1.6431676725154984 0.6085806194501846 1 0 0 0.7978453041166315 0.6028622319394705 1.8474252145123171
cell 0.8853553663216647 60.60426911339985 0.0 1.6431676725154984 0.6085806194501846 1 0 0 0.9264126691458133 0.3765097162705496 2.3695409079710705
cell 49.38970054582678 35.226827650373025 0.0 1.6431676725154984 0.6085806194501846 1 0 0 0.6486335121491438 0.7611008914178635 1.4115753009314904
cell 42.03356478211811 15.18842515889856 0.0 1.6431676725154984 0.6085806194501846 1 0 0 0.9978107929278661 0.06613336160110891 3.0092293260388976
cell 3.7710242725038157 40.432942492668 0.0 1.0 1.0 1 0 0 0.0 1.0 0
cell 3.531561992561947 16.239950224161085 0.0 1.6431676725154984 0.6085806194501846 1 0 0 0.972563850209639 0.23263610481909908 2.6720180980648527
cell 3.306596649672111 45.87175799393974 0.0 1.0 1.0 1 0 0 0.0 1.0 0
cell 35.179773251162565 5.066411563721951 0.0 1.0 1.0 1 0 0 0.0 1.0 0
cell 41.092251104008014 2.4897463340665027 0.0 1.0 1.0 1 0 0 0.0 1.0 0
cell 47.146162056980344 7.384118925303744 0.0 1.0 1.0 1 0 0 0.0 1.0 0
cell 38.612653265347376 9.945520135954913 0.0 1.6431676725154984 0.6085806194501846 1 0 0 -0.980231501480072 -0.19785399542623222 2.743256350209025
cell 17.66391325504599 57.30913704973727 0.0 1.6431676725154984 0.6085806194501846 1 0 0 0.9772157191202263 0.2122485295693209 2.713841969014082
cell 19.119908025395173 26.214845490627557 0.0 1.6431676725154984 0.6085806194501846 1 0 0 0.7041620733747798 0.7100392766745592 1.562484682254672
cell 4.9167463347734985 14.114312105226793 0.0 1.0 1.0 1 0 0 0.0 1.0 0
cell 54.293750499658216 21.300471355315505 0.0 1.0 1.0 1 0 0 0.0 1.0 0
cell 1.8513607388637325 53.05627078601191 0.0 1.0 1.0 1 0 0 0.0 1.0 0
cell 50.33331383227768 6.288638938166094 0.0 1.0 1.0 1 0 0 0.0 1.0 0
cell 33.57173764795952 4.660100140066522 0.0 1.6431676725154984 0.6085806194501846 1 0 0 0.6197481823217125 -0.7848007329946459 4.946341718713208
cell 44.901799567781666 14.476096872152109 0.0 1.6431676725154984 0.6085806194501846 1 0 0 0.9864945454101379 0.16379411428999946 2.812521669142516
cell 58.78618278504997 31.659158671175756 0.0 1.6431676725154984 0.6085806194501846 1 0 0 0.2357790181365708 0.9718066961111941 0.4760402173015016
cell 11.564872603849652 0.13473863694686916 0.0 1.6431676725154984 0.6085806194501846 1 0 0 -0.8869087320870855 -0.4619446946850654 2.1812194221741006
cell 47.35360417691392 2.657191913532047 0.0 1.6431676725154984 0.6085806194501846 1 0 0 -0.9165116814341946 -0.400007922164881 2.3185416738411444
cell 9.15750546447289 13.714176663458227 0.0 1.6431676725154984 0.6085806194501846 1 0 0 0.883082367272547 0.46921800115971096 2.1647825812449866
cell 53.82063998749119 31.63918056003952 0.0 1.6431676725154984 0.6085806194501846 1 0 0 0.8535232493778168 -0.5210547598588207 4.237765167394065
cell 52.71607223865318 17.63816066736504 0.0 1.6431676725154984 0.6085806194501846 1 0 0 -0.16816199345302701 0.9857593742683374 5.945255682415521
cell 21.65489213448138 9.184015899757194 0.0 1.6431676725154984 0.6085806194501846 1 0 0 0.9686220081428646 -0.2485385389457427 3.643934969770718
cell 17.67002601115793 42.236976930880296 0.0 1.0 1.0 1 0 0 0.0 1.0 0
cell 46.46752425818831 20.128771527256088 0.0 1.0 1.0 1 0 0 0.0 1.0 0
cell 33.303191824686174 53.80995518648536 0.0 1.6431676725154984 0.6085806194501846 1 0 0 0.9735347718659275 -0.22853894190696786 3.60274593629273
cell 59.73843306043776 22.7774150664242 0.0 1.6431676725154984 0.6085806194501846 1 0 0 0.9799276484093158 0.19935346468769566 2.7401964579159737
cell 7.925869636564091 35.231937164169274 0.0 1.0 1.0 1 0 0 0.0 1.0 0
cell 50.21092533058375 25.734788878901664 0.0 1.0 1.0 1 0 0 0.0 1.0 0
cell 21.849079456734707 23.474591877875383 0.0 1.0 1.0 1 0 0 0.0 1.0 0
cell 11.838503792962216 35.40948941571665 0.0 1.6431676725154984 0.6085806194501846 1 0 0 0.9996545137685104 -0.026284084580652064 3.1941668774473846
cell 6.582133059314883 30.7082108260667 0.0 1.6431676725154984 0.6085806194501846 1 0 0 0.7672707451402354 0.6413233222423366 1.7491491763263312
cell 14.73136262644962 12.442669791785878 0.0 1.6431676725154984 0.6085806194501846 1 0 0 0.9968930290772638 0.07876730652470978 2.9838946856861344
cell 41.93155834759786 36.156552330305054 0.0 1.6431676725154984 0.6085806194501846 1 0 0 0.4763870654666366 0.8792356702591669 0.9930818793832478
cell 52.498354239668 28.021048351440353 0.0 1.0 1.0 1 0 0 0.0 1.0 0
cell 52.95122607213861 11.048336908438106 0.0 1.6431676725154984 0.6085806194501846 1 0 0 0.9991744536023153 0.04062525407323299 3.060319779369357
cell 58.48634610305457 12.14214514068772 0.0 1.6431676725154984 0.6085806194501846 1 0 0 0.9766308910615882 0.21492348085830032 2.708365695485185
cell 6.378833444973705 33.709954780701416 0.0 1.0 1.0 1 0 0 0.0 1.0 0
cell 24.773469074092528 27.676153074772113 0.0 1.0 1.0 1 0 0 0.0 1.0 0
cell 53.326289465433504 0.46487873383792416 0.0 1.0 1.0 1 0 0 0.0 1.0 0
cell 14.28671048596955 18.382215531903512 0.0 1.6431676725154984 0.6085806194501846 1 0 0 0.992892142836403 -0.1190176150564942 3.3801934655317543
cell 47.7533534829981 13.310588242631672 0.0 1.6431676725154984 0.6085806194501846 1 0 0 0.9760184990414332 0.21768759617605168 2.702703412260191
cell 49.14688142349663 16.827996179638514 0.0 1.6431676725154984 0.6085806194501846 1 0 0 0.9661097380380533 0.25813169907635125 2.619416928394628
cell 50.531743369422244 56.5613389204588 0.0 1.6431676725154984 0.6085806194501846 1 0 0 0.8063034706658544 0.5915020821537298 1.8757516641851857
cell 19.228948509428587 10.446292384937061 0.0 1.0 1.0 1 0 0 0.0 1.0 0
cell 52.58642195175577 57.066181826463406 0.0 1.6431676725154984 0.6085806194501846 1 0 0 0.8781191685729284 0.4784419774484562 2.1438334921919067
cell 48.49627892617937 21.392533952695356 0.0 1.6431676725154984 0.6085806194501846 1 0 0 0.2684497827882496 -0.9632936801001767 5.739618544207598
cell 6.189627236483883 28.842359963136662 0.0 1.6431676725154984 0.6085806194501846 1 0 0 0.8065790788563213 0.5911262044194016 1.8766838528994472
cell 54.77855056440723 13.67220981351232 0.0 1.6431676725154984 0.6085806194501846 1 0 0 0.9748847436260909 0.2227099832631915 2.6924058723677504
cell 46.43516108744783 39.32393194856673 0.0 1.6431676725154984 0.6085806194501846 1 0 0 0.6014989319338923 0.7988736038212721 1.29075218629248
cell 16.42390189520608 29.252548224632008 0.0 1.6431676725154984 0.6085806194501846 1 0 0 0.5592640983227979 0.8289895465729274 1.1869956493477618
cell 3.0180743619539023 3.2141155526173093 0.0 1.6431676725154984 0.6085806194501846 1 0 0 0.8815667027075015 0.47205947578395635 2.1583417036409673
cell 54.49953477620738 22.821812987064074 0.0 1.0 1.0 1 0 0 0.0 1.0 0
cell 31.802766652378672 21.313900880278823 0.0 1.6431676725154984 0.6085806194501846 1 0 0 0.9956436996064356 -0.09323960228363179 3.328343117368016
cell 32.7797978679922 58.79715399236722 0.0 1.6431676725154984 0.6085806194501846 1 0 0 0.893203873595984 -0.44965191002944666 4.074343836338586
cell 50.68744948685713 29.38507147323212 0.0 1.6431676725154984 0.6085806194501846 1 0 0 0.9999129398680325 0.01319517656071426 3.1152015345924853
cell 5.2219987409664785 46.300212325428035 0.0 1.0 1.0 1 0 0 0.0 1.0 0
cell 16.125045382634045 50.042136042457216 0.0 1.6431676725154984 0.6085806194501846 1 0 0 -0.2843973548584016 0.9587064955185942 5.706429772824483
cell 54.205286480135285 2.307111324326496 0.0 1.0 1.0 1 0 0 0.0 1.0 0
cell 49.733880655401734 13.2700688950585 0.0 1.6431676725154984 0.6085806194501846 1 0 0 0.97506506020165 0.22191919334287574 2.6940280472061198
cell 28.426508351879587 37.2511953901465 0.0 1.0 1.0 1 0 0 0.0 1.0 0
cell 61.388269894135014 17.179693255077517 0.0 1.0 1.0 1 0 0 0.0 1.0 0
cell 20.475771318674088 11.690615554405916 0.0 1.0 1.0 1 0 0 0.0 1.0 0
cell 11.456298252580044 26.919987914752227 0.0 1.0 1.0 1 0 0 0.0 1.0 0
cell 42.51111194892754 34.289762104062824 0.0 1.0 1.0 1 0 0 0.0 1.0 0
cell 25.666948328741306 46.70686442007657 0.0 1.0 1.0 1 0 0 0.0 1.0 0
cell 14.335060593304666 53.55331291301611 0.0 1.6431676725154984 0.6085806194501846 1 0 0 -0.5575285910892993 -0.8301577380943822 1.1828115564307318
cell 12.189373578756756 39.10273866998112 0.0 1.6431676725154984 0.6085806194501846 1 0 0 0.8501216558077588 0.5265863370110114 2.0324325560542786
cell 39.90748146474678 14.99711664206923 0.0 1.6431676725154984 0.6085806194501846 1 0 0 0.9902239526452994 0.13948664311510248 2.8617067121436035
cell 25.912278010794633 41.95007020909091 0.0 1.6431676725154984 0.6085806194501846 1 0 0 0.6778712205811773 -0.7351806637200035 4.793458971125616
cell 56.44575837439519 19.068273976913794 0.0 1.6431676725154984 0.6085806194501846 1 0 0 -0.06915933751658299 0.9976056265049167 6.144756130783437
cell 59.96826458273465 1.8230200603961388 0.0 1.6431676725154984 0.6085806194501846 1 0 0 0.9603166034039391 0.2789122106088608 2.5762702891950435
cell 60.412066238716235 21.119203968977438 0.0 1.0 1.0 1 0 0 0.0 1.0 0
cell 22.51099781867748 16.88274845590826 0.0 1.0 1.0 1 0 0 0.0 1.0 0
cell 23.834905967603877 32.171108939518845 0.0 1.0 1.0 1 0 0 0.0 1.0 0
cell 51.766762379052814 26.231872712237475 0.0 1.0 1.0 1 0 0 0.0 1.0 0
cell 49.274079075033484 37.371492714050774 0.0 1.6431676725154984 0.6085806194501846 1 0 0 0.9701247469136275 -0.24260662692055676 3.6316963553168997
cell 19.859597306306377 30.80857697757368 0.0 1.6431676725154984 0.6085806194501846 1 0 0 0.7673156221303081 0.6412696281867544 1.7492891334032492
cell 19.66678706508974 42.20121937857733 0.0 1.0 1.0 1 0 0 0.0 1.0 0
cell 56.86552140880322 1.8837084132185478 0.0 1.6431676725154984 0.6085806194501846 1 0 0 0.7986388405517518 0.6018106033979075 1.8500600753544307
cell 44.38011557849734 61.01575107038639 0.0 1.6431676725154984 0.6085806194501846 1 0 0 0.8375985450655216 0.5462862594868384 1.9857446563628363
cell 52.03739080694206 33.7978163445439 0.0 1.0 1.0 1 0 0 0.0 1.0 0
cell 32.031236866570424 61.70455231576122 0.0 1.6431676725154984 0.6085806194501846 1 0 0 0.7252639150059956 -0.68847095333803 4.660350003341958
cell 21.383155164601895 14.749264942065045 0.0 1.6431676725154984 0.6085806194501846 1 0 0 0.9594949712975013 -0.2817257532686837 3.712777136293675
cell 58.1310945570266 7.579151737484434 0.0 1.6431676725154984 0.6085806194501846 1 0 0 0.936122342395527 0.3516745086979033 2.422874103197871
cell 40.957716561044045 16.08704826397759 0.0 1.6431676725154984 0.6085806194501846 1 0 0 0.9997012275707887 -0.024442904767193276 3.190483332283449
cell 9.776041404029577 22.413215833845232 0.0 1.6431676725154984 0.6085806194501846 1 0 0 0.9527929682339964 0.3036207497583963 2.5246116371234324
cell 29.368817446216042 32.604025424462634 0.0 1.6431676725154984 0.6085806194501846 1 0 0 0.40289466312304306 -0.9152463550470822 5.453830572216877
cell 37.021977514000255 17.030659737040125 0.0 1.6431676725154984 0.6085806194501846 1 0 0 0.9952494163591363 -0.09735809795183152 3.336617775129021
cell 12.56619672033708 21.145720185093086 0.0 1.6431676725154984 0.6085806194501846 1 0 0 0.966103485750659 0.2581550983816248 2.6193684879741106
cell 2.6349194645831675 44.03832737496589 0.0 1.0 1.0 1 0 0 0.0 1.0 0
cell 7.877925957530608 48.97373180824301 0.0 1.0 1.0 1 0 0 0.0 1.0 0
cell 61.81418842990133 2.1462773772871158 0.0 1.6431676725154984 0.6085806194501846 1 0 0 0.780855467610683 0.6247117244797807 1.7920680550078028
cell 17.105930054828246 18.709199771703666 0.0 1.6431676725154984 0.6085806194501846 1 0 0 0.958644213770605 0.2846072230357807 2.564399289732713
cell 14.249874926975927 31.41570739891709 0.0 1.6431676725154984 0.6085806194501846 1 0 0 0.5265240629449057 0.8501602267455171 1.109013594613342
cell 6.061046986976153 20.131566821061217 0.0 1.6431676725154984 0.6085806194501846 1 0 0 0.9214805125239025 0.3884245937613709 2.343749996471687
cell 54.4695957459657 34.036280678139256 0.0 1.6431676725154984 0.6085806194501846 1 0 0 0.15314629889427234 -0.9882035271820204 5.975682606715079
cell 2.700096241301541 58.07145369963655 0.0 1.6431676725154984 0.6085806194501846 1 0 0 0.7988830604755994 0.6014863719862154 1.8508719112535985
cell 49.77194425828023 39.455073516820214 0.0 1.6431676725154984 0.6085806194501846 1 0 0 0.8633356420815672 -0.5046301309985444 4.199499639802972
cell 27.028697092914044 4.9333445153276685 0.0 1.6431676725154984 0.6085806194501846 1 0 0 -0.9989883801422466 -0.04496905981639254 3.051624193950369
cell 21.149544808730802 10.196206703057896 0.0 1.6431676725154984 0.6085806194501846 1 0 0 0.9892588729687322 -0.14617415042555867 3.4349921891548307
cell 55.83713896371479 35.78871003860081 0.0 1.6431676725154984 0.6085806194501846 1 0 0 0.728266915363566 -0.6852935867107153 4.651606159730277
cell 38.27757551362359 12.51895897064547 0.0 1.6431676725154984 0.6085806194501846 1 0 0 0.9663565847196728 0.2572060480799974 2.62133292747758
cell 21.86265411473246 52.30186545650232 0.0 1.6431676725154984 0.6085806194501846 1 0 0 0.9999962878563202 0.002724752021670859 3.1361431428033275
cell 24.04036574348249 49.12377963329435 0.0 1.6431676725154984 0.6085806194501846 1 0 0 0.36771879088223264 -0.9299370359503426 5.530075810750886
cell 40.440322137788996 48.8998440607059 0.0 1.6431676725154984 0.6085806194501846 1 0 0 0.9999776103695127 -0.006691693334203811 3.154976140142123
cell 29.48598136771501 48.28597983165354 0.0 1.6431676725154984 0.6085806194501846 1 0 0 0.9339481806529618 -0.3574084440175169 3.8725758053005626
cell 37.288524852580764 22.175004846944653 0.0 1.6431676725154984 0.6085806194501846 1 0 0 0.9973923738683346 -0.07216960959634117 3.286057464697543
cell 59.167176791027934 19.522976467265337 0.0 1.6431676725154984 0.6085806194501846 1 0 0 0.2881334957840995 0.9575902508940002 0.5845541933023891
cell 21.350995232253037 34.09444045735929 0.0 1.0 1.0 1 0 0 0.0 1.0 0
cell 1.3936112920465875 46.422049924553136 0.0 1.0 1.0 1 0 0 0.0 1.0 0
cell 48.03319377889317 34.58532599115327 0.0 1.6431676725154984 0.6085806194501846 1 0 0 0.7483665980591031 -0.663285334459797 4.591993201919279
cell 19.159821840084433 53.15879561214333 0.0 1.6431676725154984 0.6085806194501846 1 0 0 0.9969769103347371 0.0776983929010216 2.986039085378725
cell 11.77534597497299 47.325165003790346 0.0 1.6431676725154984 0.6085806194501846 1 0 0 0.6233374247571629 0.7819529748630082 1.3460070865670406
cell 53.325564901849496 18.65597286175287 0.0 1.6431676725154984 0.6085806194501846 1 0 0 -0.03214995235193541 -0.9994830566666792 0.06431098679778735
cell 6.111242883410884 48.070455330982064 0.0 1.0 1.0 1 0 0 0.0 1.0 0
cell 47.56663963739579 4.468093368157199 0.0 1.6431676725154984 0.6085806194501846 1 0 0 0.9500056956384682 0.31223257077773003 2.5065082773019967
cell 11.029712705132392 34.12596308459545 0.0 1.0 1.0 1 0 0 0.0 1.0 0
cell 54.44727972754691 4.946813522069709 0.0 1.6431676725154984 0.6085806194501846 1 0 0 0.7350779501018883 0.6779826010112692 1.6515632948462584
cell 31.723877928936503 22.53505476983148 0.0 1.6431676725154984 0.6085806194501846 1 0 0 0.9941079510158859 -0.10839456502517525 3.358808567052408
cell 12.334313474413712 1.171737301762712 0.0 1.6431676725154984 0.6085806194501846 1 0 0 0.9541990606288654 0.2991724464167629 2.53394213291233
cell 21.017582587639048 35.83203968207415 0.0 1.0 1.0 1 0 0 0.0 1.0 0
cell 47.78120054635161 19.24250533574961 0.0 1.6431676725154984 0.6085806194501846 1 0 0 0.9997479008689553 -0.02245294430843213 3.1865023161657247
cell 43.393011169978834 27.51394399595828 0.0 1.6431676725154984 0.6085806194501846 1 0 0 -0.17595447068597916 0.9843983056901393 5.929434742442424
cell 47.32548927961627 27.91515722680916 0.0 1.0 1.0 1 0 0 0.0 1.0 0
cell 8.864865204471334 11.426580053868202 0.0 1.6431676725154984 0.6085806194501846 1 0 0 0.5398885683761456 -0.8417364989928594 5.142575865671829
cell 18.780006619935527 43.80336041531996 0.0 1.0 1.0 1 0 0 0.0 1.0 0
cell 53.810413903915084 20.046765072541948 0.0 1.6431676725154984 0.6085806194501846 1 0 0 -0.34527650635083745 0.9385010038152117 5.578118517859187
cell 19.6426215785277 34.803978960227354 0.0 1.0 1.0 1 0 0 0.0 1.0 0
cell 47.958509343447126 29.220256487944567 0.0 1.6431676725154984 0.6085806194501846 1 0 0 0.971569888063462 0.23675293579669063 2.663547847807566
cell 5.000437444805499 59.49619460715924 0.0 1.6431676725154984 0.6085806194501846 1 0 0 0.8139559689895116 0.5809265707009323 1.9018594862221556
cell 15.472716328795983 51.7468919059281 0.0 1.6431676725154984 0.6085806194501846 1 0 0 0.01101961209135826 -0.9999392822313543 6.261145636928531
cell 4.204768033827833 3.6429189002252533 0.0 1.6431676725154984 0.6085806194501846 1 0 0 0.8252656901551325 0.5647446685474533 1.9413449980185205
cell 62.28896451178745 6.680409282374601 0.0 1.6431676725154984 0.6085806194501846 1 0 0 0.838272660734209 0.5452512689261619 1.9882149904207511
cell 29.511489105279253 34.82331554986293 0.0 1.6431676725154984 0.6085806194501846 1 0 0 0.3061989437953681 -0.9519675450447883 5.660790082586813
cell 4.86070341068574 22.744847377463223 0.0 1.6431676725154984 0.6085806194501846 1 0 0 0.7339815384595301 0.6791694201011861 1.6483317883185526
cell 44.095253968345745 9.33430789852931 0.0 1.0 1.0 1 0 0 0.0 1.0 0
cell 2.4373261702881535 34.0025166914317 0.0 1.0 1.0 1 0 0 0.0 1.0 0
cell 5.315304749170611 11.01325118148251 0.0 1.6431676725154984 0.6085806194501846 1 0 0 0.999978907434711 0.006494973878455539 3.128602614501671
cell 46.68231331030499 17.621988639153628 0.0 1.6431676725154984 0.6085806194501846 1 0 0 0.998570116820724 0.053457663553934144 3.0346263385087155
cell 62.46832524214496 40.75567694365378 0.0 1.0 1.0 1 0 0 0.0 1.0 0
cell 37.025606982828876 4.278510751815437 0.0 1.0 1.0 1 0 0 0.0 1.0 0
cell 21.823677122104264 3.2659335257997055 0.0 1.0 1.0 1 0 0 0.0 1.0 0
cell 51.12469550040036 19.09588930763843 0.0 1.6431676725154984 0.6085806194501846 1 0 0 0.022428261207495203 -0.9997484549121386 6.238325023240159
cell 37.778195460883744 16.000238109741986 0.0 1.6431676725154984 0.6085806194501846 1 0 0 0.9993244167133676 0.03675200893131639 3.0680720785574525
cell 26.818584545421192 13.074381463405341 0.0 1.0 1.0 1 0 0 0.0 1.0 0
cell 14.023035175427337 11.274157274814696 0.0 1.6431676725154984 0.6085806194501846 1 0 0 -0.005943432539420595 -0.9999823376488454 0.01188693506266425
cell 1.306459940627246 3.847133320343883 0.0 1.6431676725154984 0.6085806194501846 1 0 0 0.8927089435957408 0.4506337115931035 2.2066424800385422
cell 52.23984403029248 8.432331455261568 0.0 1.0 1.0 1 0 0 0.0 1.0 0
cell 9.895544246382064 2.752345000471621 0.0 1.6431676725154984 0.6085806194501846 1 0 0 0.9177498953824529 0.39715882153805515 2.324754742623812
cell 28.690219499749414 29.2584451978389 0.0 1.6431676725154984 0.6085806194501846 1 0 0 0.9204182720832419 0.39093503861293805 2.3382981370795894
cell 2.490121205896919 5.545250582890948 0.0 1.6431676725154984 0.6085806194501846 1 0 0 0.8684885026623528 0.4957093107288832 2.1042899334539573
cell 61.89028748370339 37.42983014317311 0.0 1.0 1.0 1 0 0 0.0 1.0 0
cell 33.31383455900948 46.11951720678546 0.0 1.6431676725154984 0.6085806194501846 1 0 0 0.995296035599462 -0.09688034640727908 3.335657733679259
cell 8.021011406778712 61.928051765795885 0.0 1.6431676725154984 0.6085806194501846 1 0 0 0.9050065462232789 0.42539763903083916 2.2627902191345037
cell 48.20541276557294 57.784049447967455 0.0 1.6431676725154984 0.6085806194501846 1 0 0 0.5686695562352448 0.8225660677484877 1.2097750366203548
cell 14.946309654816119 21.307102091099807 0.0 1.0 1.0 1 0 0 0.0 1.0 0
cell 51.33466831279644 24.128036341451757 0.0 1.0 1.0 1 0 0 0.0 1.0 0
cell 60.48625595457992 8.433319784400666 0.0 1.6431676725154984 0.6085806194501846 1 0 0 0.8661325175794864 0.499814427554288 2.0948236370959803
cell 55.967556503429066 10.26579591566769 0.0 1.6431676725154984 0.6085806194501846 1 0 0 0.9954077912586287 0.09572527932379354 2.9498484952532817
cell 23.712802084229327 12.803916067069443 0.0 1.0 1.0 1 0 0 0.0 1.0 0
cell 0.4949151662751266 0.7451346272463014 0.0 1.6431676725154984 0.6085806194501846 1 0 0 0.7497745820643256 0.6616933399168121 1.6954426898243549
cell 46.20259219266906 13.0941129620166 0.0 1.6431676725154984 0.6085806194501846 1 0 0 0.9742247865725943 0.22557939894321707 2.6865172066716854
cell 31.96340012953839 19.08394445966283 0.0 1.6431676725154984 0.6085806194501846 1 0 0 0.9999013416296151 -0.014046601272046879 3.169686780046875
cell 51.40112869043819 4.587270261318258 0.0 1.0 1.0 1 0 0 0.0 1.0 0
cell 54.761761233244606 37.463691303093036 0.0 1.6431676725154984 0.6085806194501846 1 0 0 0.7093266005997844 -0.7048799711167526 4.706100486301298
cell 10.909449041864072 36.66085950989421 0.0 1.0 1.0 1 0 0 0.0 1.0 0
cell 8.80281217165719 57.66027777076704 0.0 1.6431676725154984 0.6085806194501846 1 0 0 0.9822802237672873 0.18741814745559698 2.764526540799504
cell 15.772499891667783 30.24560793706031 0.0 1.6431676725154984 0.6085806194501846 1 0 0 0.5708541390985654 0.8210514916094092 1.2150915570346426
cell 26.996670775699485 20.338880847864516 0.0 1.6431676725154984 0.6085806194501846 1 0 0 0.999992491055548 -0.003875284830794396 3.1493432426509727
cell 12.876616167351651 47.50242373099771 0.0 1.6431676725154984 0.6085806194501846 1 0 0 0.6901483238291058 0.7236679425785528 1.5233879877852008
cell 53.816584585324414 15.068694156239633 0.0 1.6431676725154984 0.6085806194501846 1 0 0 0.9818065618496317 0.18988384636141467 2.7595049752993357
cell 19.41911895069572 16.88055658172451 0.0 1.6431676725154984 0.6085806194501846 1 0 0 0.410140866225624 0.9120221871488077 0.8452170232934906
cell 24.377624805720426 15.39695831586573 0.0 1.6431676725154984 0.6085806194501846 1 0 0 0.8767781572138601 -0.4808950644711044 4.144943219997726
cell 9.049992736190074 56.023515968094465 0.0 1.6431676725154984 0.6085806194501846 1 0 0 0.9391007081241234 0.3436420521425893 2.440007867475947
cell 20.660283241581183 40.485397516032265 0.0 1.0 1.0 1 0 0 0.0 1.0 0
cell 0.4617650495769262 15.327524019161032 0.0 1.6431676725154984 0.6085806194501846 1 0 0 0.19286818699512978 -0.9812246748045076 5.895016547184809
cell 59.05598772720965 48.5955758495426 0.0 1.0 1.0 1 0 0 0.0 1.0 0
cell 51.31173529931313 16.398723941212516 0.0 1.6431676725154984 0.6085806194501846 1 0 0 0.9819915610625859 0.18892478397993628 2.7614584598129244
cell 13.95573826726296 3.6333368141719293 0.0 1.0 1.0 1 0 0 0.0 1.0 0
cell 3.8581107304265867 35.43123815475433 0.0 1.0 1.0 1 0 0 0.0 1.0 0
cell 5.960856399011081 1.7867820320764507 0.0 1.6431676725154984 0.6085806194501846 1 0 0 0.8717061458604877 0.4900289739077214 2.1173466720239627
cell 11.514118195585297 32.25303625809912 0.0 1.0 1.0 1 0 0 0.0 1.0 0
cell 14.340830777059399 10.1038611668937 0.0 1.6431676725154984 0.6085806194501846 1 0 0 0.9910602078469707 0.13341538300480688 2.8739638961023415
cell 49.85256831766429 0.5565066523804515 0.0 1.6431676725154984 0.6085806194501846 1 0 0 0.9363018445724952 0.3511963209518902 2.4238956403878844
cell 55.97516618259127 55.09810110748606 0.0 1.0 1.0 1 0 0 0.0 1.0 0
cell 46.39045035661764 54.12738593190145 0.0 1.6431676725154984 0.6085806194501846 1 0 0 -0.35780325322128914 -0.933796997202423 0.7318286828947294
cell 44.60808524027047 20.884859611409084 0.0 1.0 1.0 1 0 0 0.0 1.0 0
cell 39.28054643312692 6.363701945960202 0.0 1.6431676725154984 0.6085806194501846 1 0 0 -0.8706767379006677 -0.4918556882650154 2.113153073234521
cell 29.0328403001499 19.316453879824852 0.0 1.6431676725154984 0.6085806194501846 1 0 0 0.9947486317819856 0.1023482269893703 2.9365371331106442
cell 52.12443533302064 53.86331304233807 0.0 1.6431676725154984 0.6085806194501846 1 0 0 0.8762328746270345 0.4818879013036577 2.1359766439909977
cell 29.14999751365338 49.534576132582785 0.0 1.6431676725154984 0.6085806194501846 1 0 0 0.1985345544820267 0.9800938887048645 0.3997249688173548
cell 10.482282651619412 51.640709756128466 0.0 1.0 1.0 1 0 0 0.0 1.0 0
cell 23.381073012443107 26.296434227245268 0.0 1.0 1.0 1 0 0 0.0 1.0 0
cell 44.6036740623737 28.320963261234393 0.0 1.6431676725154984 0.6085806194501846 1 0 0 0.44766643091255987 -0.8942006299673526 5.354877390174597
cell 42.19805452884854 41.57144225370411 0.0 1.6431676725154984 0.6085806194501846 1 0 0 0.5243760912030773 0.8514867673514263 1.103964437864759
cell 4.116171121850082 58.17495418891577 0.0 1.6431676725154984 0.6085806194501846 1 0 0 0.9068612848575558 0.42142924676213805 2.2715510919864683
cell 38.890374202406164 20.068131799081524 0.0 1.6431676725154984 0.6085806194501846 1 0 0 0.9996345653455566 -0.02703212471116669 3.195663489625029
cell 14.759761683395173 5.004473060614436 0.0 1.0 1.0 1 0 0 0.0 1.0 0
cell 55.22207013337309 6.564301479784076 0.0 1.6431676725154984 0.6085806194501846 1 0 0 0.7832426251876072 0.6217161652146624 1.7997288420552673
cell 19.695702607390125 20.456452149743154 0.0 1.6431676725154984 0.6085806194501846 1 0 0 0.9640701444068268 0.2656478056815078 2.603841035837666
cell 53.71056768787614 29.686479880423608 0.0 1.6431676725154984 0.6085806194501846 1 0 0 0.9497983337228854 -0.312862789825237 3.778003943632166
cell 19.438753079497747 59.95162111361072 0.0 1.6431676725154984 0.6085806194501846 1 0 0 0.9790069318826121 -0.20382695436520293 3.5521233695199697
cell 35.18646119203806 18.95939626787627 0.0 1.6431676725154984 0.6085806194501846 1 0 0 0.9940139682349522 0.1092530592423081 2.9226494936128447
cell 49.522328950325615 59.94607533028891 0.0 1.6431676725154984 0.6085806194501846 1 0 0 0.732979783034988 0.6802504227576649 1.6453841919641818
cell 29.39093822867659 24.905187422245152 0.0 1.6431676725154984 0.6085806194501846 1 0 0 0.9914553608880026 -0.13044641569027707 3.4032311124045473
cell 10.899206648347386 41.71456952460299 0.0 1.6431676725154984 0.6085806194501846 1 0 0 0.49613835348796864 0.868243476334978 1.0382908812465794
cell 11.875049361896993 18.235878340723396 0.0 1.6431676725154984 0.6085806194501846 1 0 0 0.8020098707991993 0.597310779360838 1.86130504659887
cell 44.76103115078718 41.22515090160257 0.0 1.6431676725154984 0.6085806194501846 1 0 0 0.5386423727752149 0.8425345062673021 1.137649833773309
cell 43.677737077812296 5.280644225698016 0.0 1.6431676725154984 0.6085806194501846 1 0 0 0.9263578865497182 0.37664448227358854 2.3692499577454487
cell 43.10672201646113 14.168298318811553 0.0 1.6431676725154984 0.6085806194501846 1 0 0 0.9918851622110586 0.12713703231372855 2.886628551027409
cell 44.13035919946896 11.087171769059957 0.0 1.6431676725154984 0.6085806194501846 1 0 0 0.9294837757246014 0.3688629971476386 2.3860217323694615
cell 61.83813162342621 56.47922534508898 0.0 1.0 1.0 1 0 0 0.0 1.0 0
cell 14.888632450582985 48.98218656240695 0.0 1.6431676725154984 0.6085806194501846 1 0 0 0.7244425195602237 0.6893352129793131 1.6204506567993384
cell 25.701439171542944 15.35341362012171 0.0 1.6431676725154984 0.6085806194501846 1 0 0 0.9506058773561109 -0.31040049280891724 3.7728212659174
cell 19.099140009358354 55.065269893439535 0.0 1.6431676725154984 0.6085806194501846 1 0 0 0.901418903080406 0.4329479889886518 2.2460714422973846
cell 21.62504407671245 42.29905530356578 0.0 1.0 1.0 1 0 0 0.0 1.0 0
cell 12.715310045206921 33.867670165151026 0.0 1.0 1.0 1 0 0 0.0 1.0 0
cell 61.187575560840614 19.28300117708241 0.0 1.0 1.0 1 0 0 0.0 1.0 0
cell 44.69699493408596 23.964722535364643 0.0 1.6431676725154984 0.6085806194501846 1 0 0 -0.10013397267810813 0.9949739632350687 6.082581167818076
cell 42.34587256286165 5.055496650431137 0.0 1.6431676725154984 0.6085806194501846 1 0 0 -0.8926981452052317 -0.4506551026529479 2.206594555820077
cell 5.177092329097176 31.070063153516887 0.0 1.6431676725154984 0.6085806194501846 1 0 0 0.3967511077703587 0.9179262271462741 0.8159494889704266
cell 43.250040033027446 6.904005508794949 0.0 1.6431676725154984 0.6085806194501846 1 0 0 0.9557930235361075 0.2940402968297131 2.5446901088402463
cell 56.40966940072657 13.806260033427602 0.0 1.6431676725154984 0.6085806194501846 1 0 0 0.9579706496457384 0.28686623087655677 2.559684713345307
cell 10.79325185606093 43.60233755933709 0.0 1.6431676725154984 0.6085806194501846 1 0 0 0.5406617874180863 0.8412400558852865 1.1424471830622565
cell 51.17199181431119 10.331669220861789 0.0 1.6431676725154984 0.6085806194501846 1 0 0 0.9685788767786581 0.24870657300962745 2.63890337480985
cell 33.4469714487258 41.5501213096226 0.0 1.0 1.0 1 0 0 0.0 1.0 0
cell 55.0621618287162 16.695314334406547 0.0 1.6431676725154984 0.6085806194501846 1 0 0 0.9995744408308243 0.02917082854059917 3.0832427191572047
cell 22.94297891188083 8.396506720232297 0.0 1.6431676725154984 0.6085806194501846 1 0 0 0.9998968819156016 -0.014360554845043984 3.170314750542541
cell 1.223897628978186 10.61489347284288 0.0 1.6431676725154984 0.6085806194501846 1 0 0 0.9736355537187663 0.22810920309086896 2.6813221674321306
cell 35.69617412107652 33.67617811716304 0.0 1.6431676725154984 0.6085806194501846 1 0 0 0.26907580336622533 0.963119002015234 0.5448666309841769
cell 55.61969171227568 11.323302593942703 0.0 1.6431676725154984 0.6085806194501846 1 0 0 0.9910748991407674 0.1333062050060602 2.874184220132225
cell 39.319144896776805 50.046443759543806 0.0 1.6431676725154984 0.6085806194501846 1 0 0 0.9999740179766247 -0.007208562386848432 3.156009903226812
cell 44.87408865837942 30.565907970718655 0.0 1.6431676725154984 0.6085806194501846 1 0 0 0.9972452118964842 0.07417538236865552 2.99310551359272
cell 48.61707010546461 18.373543262959533 0.0 1.6431676725154984 0.6085806194501846 1 0 0 0.9999891194393489 -0.004664869013782133 3.1509224254550983
cell 60.677663004478156 60.84823693790049 0.0 1.6431676725154984 0.6085806194501846 1 0 0 0.79671650731711 0.6043532137487361 1.8436850487462704
cell 44.41617149652968 17.369204933791977 0.0 1.6431676725154984 0.6085806194501846 1 0 0 0.9951860011667036 0.0980041993070996 2.945269120000847
cell 4.941173634767509 32.36002865138352 0.0 1.0 1.0 1 0 0 0.0 1.0 0
cell 26.654829169887833 27.486348386897657 0.0 1.0 1.0 1 0 0 0.0 1.0 0
cell 22.679233697301957 30.570771722567038 0.0 1.0 1.0 1 0 0 0.0 1.0 0
cell 5.688848594759525 16.568146871168313 0.0 1.0 1.0 1 0 0 0.0 1.0 0
cell 2.617775410473361 20.727472134110233 0.0 1.0 1.0 1 0 0 0.0 1.0 0
cell 40.87450621300218 44.11224743983112 0.0 1.6431676725154984 0.6085806194501846 1 0 0 0.27705051088516064 0.9608553556172081 0.5614461905161583
cell 31.638474228018246 41.94119580319997 0.0 1.0 1.0 1 0 0 0.0 1.0 0
cell 5.063965108692846 49.438288864035904 0.0 1.0 1.0 1 0 0 0.0 1.0 0
cell 53.79229801753517 35.650185483741915 0.0 1.6431676725154984 0.6085806194501846 1 0 0 0.31801008819162824 -0.9480873292098956 5.6359255538257
cell 6.395221704527521 52.309219930802705 0.0 1.6431676725154984 0.6085806194501846 1 0 0 0.31403517852542473 0.9494113474403519 0.6388805035534403
cell 44.0296222825975 35.12369925585002 0.0 1.6431676725154984 0.6085806194501846 1 0 0 0.9566340970327573 0.29129230060940703 2.5504377669851577
cell 41.35078414664898 51.60971379773645 0.0 1.6431676725154984 0.6085806194501846 1 0 0 0.9664852403128626 -0.25672218497314997 3.6608510290679854
cell 26.271516719416372 21.20580886446463 0.0 1.6431676725154984 0.6085806194501846 1 0 0 0.9904394799472557 -0.1379479487408559 3.4183711633756846
cell 36.65355463396066 36.49655290771441 0.0 1.6431676725154984 0.6085806194501846 1 0 0 0.010782115492617646 0.9999418713032793 0.021564648828498435
cell 40.76625274783547 11.117546089937967 0.0 1.0 1.0 1 0 0 0.0 1.0 0
cell 58.15939792514574 4.214257208770307 0.0 1.6431676725154984 0.6085806194501846 1 0 0 0.8813945537696388 0.47238082156795835 2.157612599063626
cell 18.086174782401432 11.524727801131995 0.0 1.0 1.0 1 0 0 0.0 1.0 0
cell 11.130197967475054 55.86398049969753 0.0 1.6431676725154984 0.6085806194501846 1 0 0 0.9681730867727053 0.2502815895127159 2.6356504726612537
cell 8.12712846857107 43.66662671118762 0.0 1.0 1.0 1 0 0 0.0 1.0 0
cell 62.33102310132783 22.1238811658005 0.0 1.0 1.0 1 0 0 0.0 1.0 0
cell 30.25509204786045 10.938304564163179 0.0 1.6431676725154984 0.6085806194501846 1 0 0 0.9889730507108105 -0.1480955940187033 3.4388773614966746
cell 44.21202340507013 49.85908434495048 0.0 1.6431676725154984 0.6085806194501846 1 0 0 -0.9032681167579433 -0.429076577371171 2.254652222535409
cell 13.560989893934284 61.798058946384536 0.0 1.6431676725154984 0.6085806194501846 1 0 0 0.9297796766168289 0.3681164937221709 2.387627751966983
cell 41.44972977515709 0.8375056120535382 0.0 1.6431676725154984 0.6085806194501846 1 0 0 0.9853880867026016 -0.17032415737230647 3.4839099014919888
cell 46.0517405675315 59.339027183997075 0.0 1.6431676725154984 0.6085806194501846 1 0 0 0.8013165320211448 0.5982406000177567 1.8589853179371487
cell 1.418039374641398 19.165550000430972 0.0 1.0 1.0 1 0 0 0.0 1.0 0
cell 52.463992136849114 61.30985258503342 0.0 1.0 1.0 1 0 0 0.0 1.0 0
cell 35.7710137115639 6.664078212799602 0.0 1.6431676725154984 0.6085806194501846 1 0 0 -0.9429525954822054 -0.33292702304464883 2.462780683336037
cell 28.955475699267975 50.821744705385214 0.0 1.6431676725154984 0.6085806194501846 1 0 0 0.9939430450646669 -0.109896420176353 3.3618303303138943
cell 4.675005491646251 42.22170685493426 0.0 1.0 1.0 1 0 0 0.0 1.0 0
cell 55.886799373932035 25.036209857722685 0.0 1.0 1.0 1 0 0 0.0 1.0 0
cell 59.657756636596915 18.187074378047765 0.0 1.0 1.0 1 0 0 0.0 1.0 0
cell 61.409024171158734 5.396548340586086 0.0 1.6431676725154984 0.6085806194501846 1 0 0 0.7446700940437782 0.6674327314694947 1.680080827515733
cell 31.199334722464293 43.357394296902044 0.0 1.6431676725154984 0.6085806194501846 1 0 0 0.9969879229769327 -0.07755695609125969 3.2968624920035015
cell 19.997706000550277 50.61991698083655 0.0 1.6431676725154984 0.6085806194501846 1 0 0 0.9734548023981126 -0.22887932997116991 3.603445247814956
cell 57.10971472998629 47.92886376982521 0.0 1.0 1.0 1 0 0 0.0 1.0 0
cell 50.140248173351786 32.26129032997192 0.0 1.0 1.0 1 0 0 0.0 1.0 0
cell 39.119324537034586 13.188287185311427 0.0 1.6431676725154984 0.6085806194501846 1 0 0 0.9550752949587619 0.296363258450561 2.5398274807793664
cell 25.146097090511088 18.96184911423582 0.0 1.6431676725154984 0.6085806194501846 1 0 0 0.9838977194998935 0.17873241889178623 2.7821967055854944
cell 7.187317130433637 24.493312778706077 0.0 1.6431676725154984 0.6085806194501846 1 0 0 0.9347014877518951 0.3554337192704063 2.414836562831981
cell 51.01468644858868 53.46570491689032 0.0 1.6431676725154984 0.6085806194501846 1 0 0 0.7891455287564673 0.6142062637613489 1.8188331435774134
cell 20.52436657194185 55.98890094348335 0.0 1.6431676725154984 0.6085806194501846 1 0 0 0.9989914265261753 0.04490133324520875 3.051759784051794
cell 56.77483630853284 4.455591075230794 0.0 1.6431676725154984 0.6085806194501846 1 0 0 0.8446604779298239 0.5353024164183844 2.011861174304901
cell 42.49829264055351 13.313989966702064 0.0 1.6431676725154984 0.6085806194501846 1 0 0 0.9568522017266309 0.29057505751681234 2.551937109958177
cell 6.31849403194963 56.347662074697375 0.0 1.6431676725154984 0.6085806194501846 1 0 0 -0.8956396119687701 -0.4447804913352551 2.2197343336129656
cell 21.935785987088945 32.40834008035389 0.0 1.0 1.0 1 0 0 0.0 1.0 0
cell 16.560495143688943 8.580117995662896 0.0 1.6431676725154984 0.6085806194501846 1 0 0 0.9667114526016564 0.2558690434749689 2.62409952309867
cell 59.87062639239731 10.61611764379898 0.0 1.6431676725154984 0.6085806194501846 1 0 0 0.9813896801110195 0.19202681003336738 2.7551387020251297
cell 36.017818481356514 8.043046587837631 0.0 1.6431676725154984 0.6085806194501846 1 0 0 -0.9093974780455859 -0.4159281511563362 2.2836662793078233
cell 14.159651788939046 34.451078476412086 0.0 1.6431676725154984 0.6085806194501846 1 0 0 0.7356498093027949 0.6773620583356892 1.653251010699279
cell 48.38058469809529 5.863587917096619 0.0 1.0 1.0 1 0 0 0.0 1.0 0
cell 21.404389931377068 18.52259004666606 0.0 1.0 1.0 1 0 0 0.0 1.0 0
cell 51.38706034770386 50.226151188383824 0.0 1.6431676725154984 0.6085806194501846 1 0 0 0.6930798165201668 0.7208608519904323 1.531505482369649
cell 3.408705236192706 28.608303218205652 0.0 1.6431676725154984 0.6085806194501846 1 0 0 0.46111594813669365 0.8873398911206449 0.9585048427868174
cell 53.434018223722106 58.18161429146173 0.0 1.0 1.0 1 0 0 0.0 1.0 0
cell 61.03876681692533 25.04138796422988 0.0 1.0 1.0 1 0 0 0.0 1.0 0
cell 57.4463227536413 20.12526605355546 0.0 1.0 1.0 1 0 0 0.0 1.0 0
cell 30.45973022080012 56.644324683434355 0.0 1.6431676725154984 0.6085806194501846 1 0 0 0.9902391801798794 -0.13937849919080147 3.421260173551834
cell 17.053134917174944 14.15347998394168 0.0 1.6431676725154984 0.6085806194501846 1 0 0 0.9528178684696782 -0.30354259919309357 3.7584096269813485
cell 47.13701476297813 37.36409563973736 0.0 1.6431676725154984 0.6085806194501846 1 0 0 0.6823830142819244 0.7309948165476381 1.5020353113985685
cell 39.28432439607029 39.08402043722341 0.0 1.6431676725154984 0.6085806194501846 1 0 0 0.1361023755758779 0.9906947781040347 0.27305221486449155
cell 50.26664523406145 20.88869872984082 0.0 1.6431676725154984 0.6085806194501846 1 0 0 0.3844135248310465 -0.923161005419407 5.494040410725776
cell 6.328627061317321 61.870663277522866 0.0 1.6431676725154984 0.6085806194501846 1 0 0 0.9582473080718311 0.2859407221315097 2.5616166619931175
cell 26.89770578899087 37.50832703289652 0.0 1.6431676725154984 0.6085806194501846 1 0 0 0.6267244132915751 -0.7792409831267416 4.928500289972906
cell 9.504782636813138 36.036271389859834 0.0 1.6431676725154984 0.6085806194501846 1 0 0 0.6956785974944026 0.7183531784493062 1.538728252839659
cell 8.184350803722166 9.540711631588662 0.0 1.0 1.0 1 0 0 0.0 1.0 0
cell 5.2260956049008005 36.96215534560058 0.0 1.0 1.0 1 0 0 0.0 1.0 0
cell 58.67449833704315 41.15437836211606 0.0 1.6431676725154984 0.6085806194501846 1 0 0 0.26914826686756954 0.9630987542522229 0.5450171093007103
cell 22.496894533299255 13.914361818976035 0.0 1.6431676725154984 0.6085806194501846 1 0 0 0.8813031250550817 -0.472551374739453 4.125959735733938
cell 20.678187160194582 37.41514232371715 0.0 1.0 1.0 1 0 0 0.0 1.0 0
cell 43.62260377122902 45.84065205817819 0.0 1.6431676725154984 0.6085806194501846 1 0 0 0.22236479853926833 0.9749635359184418 0.44847865490485517
cell 56.289875918146414 17.777790563631854 0.0 1.0 1.0 1 0 0 0.0 1.0 0
cell 40.682448138420106 5.911858259686692 0.0 1.6431676725154984 0.6085806194501846 1 0 0 0.8628094398453207 0.5055292973842407 2.0816020272150038
cell 55.56620841481189 49.511829977425016 0.0 1.0 1.0 1 0 0 0.0 1.0 0
cell 10.5413757983958 30.66918464320374 0.0 1.0 1.0 1 0 0 0.0 1.0 0
cell 23.473400917667686 3.9019814191177296 0.0 1.6431676725154984 0.6085806194501846 1 0 0 0.9372930694642942 0.348542252724403 2.429561894992524
cell 7.179997402387594 36.791682959910126 0.0 1.0 1.0 1 0 0 0.0 1.0 0
cell 25.493233466777358 17.49293984634798 0.0 1.6431676725154984 0.6085806194501846 1 0 0 0.9347968771868116 0.355182767602519 2.41537350187635
cell 10.16375998617373 58.60853569827192 0.0 1.6431676725154984 0.6085806194501846 1 0 0 0.9854439071574131 0.17000089954565467 2.7999314896658567
cell 37.70844397267488 33.90954062596306 0.0 1.6431676725154984 0.6085806194501846 1 0 0 0.3641441461120488 0.931342601222733 0.7454273828895002
cell 16.874406614994665 62.06296997291197 0.0 1.6431676725154984 0.6085806194501846 1 0 0 0.9579107240040228 0.2870662725540722 2.5592670639447967
cell 56.562533512170454 27.910633188427212 0.0 1.0 1.0 1 0 0 0.0 1.0 0
cell 23.378850272444794 21.193765337733034 0.0 1.6431676725154984 0.6085806194501846 1 0 0 0.9976682134752746 -0.0682505371484648 3.278199924065939
cell 39.65586831104797 16.854516894163954 0.0 1.6431676725154984 0.6085806194501846 1 0 0 0.9991989429329671 -0.04001840128792246 3.2216508343646333
cell 0.5348754595760502 39.00166768508442 0.0 1.0 1.0 1 0 0 0.0 1.0 0
cell 47.206994828263355 11.446217695256877 0.0 1.6431676725154984 0.6085806194501846 1 0 0 0.9655254725515419 0.2603085896664223 2.6149090592968887
cell 59.348858004216474 15.271155151620482 0.0 1.6431676725154984 0.6085806194501846 1 0 0 0.9997677898848638 0.021549160279108366 3.0984909967663623
cell 25.719653799438277 32.80454750036108 0.0 1.0 1.0 1 0 0 0.0 1.0 0
cell 15.927297317296919 47.31666100022894 0.0 1.6431676725154984 0.6085806194501846 1 0 0 -0.7571120051603656 -0.6532850921627177 1.7177619819680654
cell 35.73715272697382 29.393620562393785 0.0 1.6431676725154984 0.6085806194501846 1 0 0 0.9279887913131452 -0.37260810940875666 3.9052285276986445
cell 14.798785160051676 30.453034055115427 0.0 1.6431676725154984 0.6085806194501846 1 0 0 0.5289508457909202 0.848652462871033 1.1147276588185424
cell 19.13037557502016 14.383828138260577 0.0 1.6431676725154984 0.6085806194501846 1 0 0 0.9579101889682461 -0.2870680579075614 3.723921970834749
cell 19.931280717795925 23.918031716521703 0.0 1.0 1.0 1 0 0 0.0 1.0 0
cell 36.15753618847499 19.8125541849849 0.0 1.6431676725154984 0.6085806194501846 1 0 0 0.9879552239399508 0.15474002549360513 2.8308640457878202
cell 28.517997687076424 6.93549884084162 0.0 1.6431676725154984 0.6085806194501846 1 0 0 -0.9166948186737137 0.3995880496420871 3.963727484469393
cell 21.889654326260178 53.56878290902183 0.0 1.6431676725154984 0.6085806194501846 1 0 0 0.9995793944982574 0.029000587830200406 3.083583344689825
cell 15.220642991856545 45.71354686838363 0.0 1.6431676725154984 0.6085806194501846 1 0 0 0.7829637496262132 0.6220673329883676 1.7988319799980887
cell 57.82993062518006 60.82460913992495 0.0 1.0 1.0 1 0 0 0.0 1.0 0
cell 3.692231090232471 8.969511314118352 0.0 1.6431676725154984 0.6085806194501846 1 0 0 0.9887596887305908 0.149513470768975 2.8414402649714026
cell 31.11163385073131 48.12976286426646 0.0 1.6431676725154984 0.6085806194501846 1 0 0 0.9601554522226845 -0.27946646948614806 3.7080694401179444
cell 27.568207059542168 47.4545201530528 0.0 1.0 1.0 1 0 0 0.0 1.0 0
cell 16.836816693566373 10.803862956333463 0.0 1.6431676725154984 0.6085806194501846 1 0 0 -0.22864509894501625 0.9735098452139166 5.821813935919229
cell 46.53522779036395 43.76647796485515 0.0 1.6431676725154984 0.6085806194501846 1 0 0 -0.5037969859939232 -0.8638220863716317 1.0559774694671988
cell 1.469180011169285 24.21495321747194 0.0 1.0 1.0 1 0 0 0.0 1.0 0
cell 27.87422267991521 28.3899715733194 0.0 1.6431676725154984 0.6085806194501846 1 0 0 0.8865620041918201 0.4626097845089133 2.1797193358652307
cell 13.476110661187047 41.551089947930194 0.0 1.6431676725154984 0.6085806194501846 1 0 0 0.6104268601982212 0.7920726282030842 1.3131987891231218
cell 24.525349588779907 36.41952689307798 0.0 1.0 1.0 1 0 0 0.0 1.0 0
cell 29.140357546235542 41.92368874241656 0.0 1.6431676725154984 0.6085806194501846 1 0 0 0.9799826096785522 -0.19908311010132004 3.542437079949594
cell 48.674962843697564 39.96985720915398 0.0 1.6431676725154984 0.6085806194501846 1 0 0 0.8140250394991573 -0.5808297814923021 4.381088006860064
cell 11.743615607559756 12.219786038162821 0.0 1.6431676725154984 0.6085806194501846 1 0 0 0.9996013456087514 0.028233842408955493 3.0851174638782863
cell 28.006674530109837 18.250351896633333 0.0 1.6431676725154984 0.6085806194501846 1 0 0 0.9989059221236161 0.046764930731995745 3.048028667540617
cell 19.05149819927638 36.7316144593605 0.0 1.0 1.0 1 0 0 0.0 1.0 0
cell 51.689034982544925 39.530263411195634 0.0 1.6431676725154984 0.6085806194501846 1 0 0 0.867035933471961 0.4982456121918239 2.098444323666983
cell 3.206895365783126 37.11306816800181 0.0 1.0 1.0 1 0 0 0.0 1.0 0
cell 18.56955382231054 5.132816364213481 0.0 1.0 1.0 1 0 0 0.0 1.0 0
cell 58.55601696914652 21.236051346037065 0.0 1.0 1.0 1 0 0 0.0 1.0 0
cell 51.55596485679765 1.2202686397599047 0.0 1.0 1.0 1 0 0 0.0 1.0 0
cell 32.88749233602721 7.770739913602976 0.0 1.6431676725154984 0.6085806194501846 1 0 0 0.984101464846485 0.1776071701452462 2.784483797232415
cell 41.664850321915665 39.150173588918136 0.0 1.6431676725154984 0.6085806194501846 1 0 0 0.3517616776389033 0.9360895908750745 0.7189047877283862
cell 23.781751911287614 47.40656465983495 0.0 1.6431676725154984 0.6085806194501846 1 0 0 0.10188128091946591 0.9947965644282296 0.20411672087365104
cell 50.6726011259096 2.8757371857134424 0.0 1.0 1.0 1 0 0 0.0 1.0 0
cell 30.695327267263664 18.00172138022191 0.0 1.6431676725154984 0.6085806194501846 1 0 0 0.9950058966355922 0.0998161593150181 2.9416273415185428
cell 52.45042064392868 48.45790415177146 0.0 1.6431676725154984 0.6085806194501846 1 0 0 0.7109900180823039 0.7032021005282373 1.581810161090257
cell 19.667668713703986 49.06524391546026 0.0 1.6431676725154984 0.6085806194501846 1 0 0 0.06591371172800617 -0.9978253267011402 6.1512622399949075
cell 55.884255499246464 60.295061111494526 0.0 1.0 1.0 1 0 0 0.0 1.0 0
cell 57.36420058675707 23.287968106961763 0.0 1.6431676725154984 0.6085806194501846 1 0 0 0.9392136671424203 0.343333201792205 2.440665585591014
cell 17.352884169357402 28.89095293769284 0.0 1.6431676725154984 0.6085806194501846 1 0 0 0.5461492377375404 0.837687895411354 1.155520837057372
cell 7.0152270116285 15.496891464064491 0.0 1.0 1.0 1 0 0 0.0 1.0 0
cell 4.718859489109914 17.97230158066092 0.0 1.0 1.0 1 0 0 0.0 1.0 0
cell 10.123716631334498 18.87563325797504 0.0 1.6431676725154984 0.6085806194501846 1 0 0 0.9164321300005843 0.4001901436849639 2.3181440151276673
cell 7.69045665340792 41.80070979703836 0.0 1.0 1.0 1 0 0 0.0 1.0 0
cell 53.706232960734496 48.831513002541136 0.0 1.6431676725154984 0.6085806194501846 1 0 0 0.6770374698158331 0.7359485474307119 1.4874593681499724
cell 14.07894376643689 1.2115500671802881 0.0 1.6431676725154984 0.6085806194501846 1 0 0 0.9664380121226743 0.25689991966595394 2.6219664731465997
cell 34.608647624027746 34.48211033084483 0.0 1.6431676725154984 0.6085806194501846 1 0 0 0.3457652461944122 0.9383210508797708 0.7061084220768014
cell 9.233177438963573 47.546643520827374 0.0 1.0 1.0 1 0 0 0.0 1.0 0
cell 6.0916872814467675 22.128317621732215 0.0 1.6431676725154984 0.6085806194501846 1 0 0 0.8413455693327235 0.5404975790548884 1.9995358420134584
cell 4.634725505266311 44.34922231228398 0.0 1.0 1.0 1 0 0 0.0 1.0 0
cell 37.70922185320729 39.91347565290406 0.0 1.6431676725154984 0.6085806194501846 1 0 0 -0.10621272895717929 -0.9943434297100116 0.21282689955254153
cell 1.656147758422059 22.243723818961804 0.0 1.0 1.0 1 0 0 0.0 1.0 0
cell 16.507654150622084 55.368280381920556 0.0 1.6431676725154984 0.6085806194501846 1 0 0 0.8499165520711738 0.5269173127877349 2.0316538070332086
cell 16.22064903955994 33.16531118391009 0.0 1.6431676725154984 0.6085806194501846 1 0 0 0.5872922071495414 0.8093749831946995 1.255418456463793
cell 8.11284171943679 60.138742945294894 0.0 1.6431676725154984 0.6085806194501846 1 0 0 0.9911430752541485 0.13279835983832516 2.8752090219717474
cell 10.84907555625503 9.406071780111455 0.0 1.0 1.0 1 0 0 0.0 1.0 0
cell 4.835666118425639 56.047858455354934 0.0 1.6431676725154984 0.6085806194501846 1 0 0 -0.9511408434447173 -0.3087573415018205 2.5138201290371462
cell 59.689021826506846 50.48347046089936 0.0 1.0 1.0 1 0 0 0.0 1.0 0
cell 51.821388195934745 15.113282366872385 0.0 1.6431676725154984 0.6085806194501846 1 0 0 0.971507470017239 0.23700893590897243 2.6630208484892197
cell 57.21612853519696 9.16219045056061 0.0 1.6431676725154984 0.6085806194501846 1 0 0 0.991240652824646 0.13206804377959702 2.8766826337964293
cell 20.883159432306332 5.51523346940831 0.0 1.6431676725154984 0.6085806194501846 1 0 0 0.9378550343462955 0.3470272821426422 2.432793576264115
cell 57.52915407017408 49.909695901461305 0.0 1.0 1.0 1 0 0 0.0 1.0 0
cell 39.61115493876762 14.123735787728373 0.0 1.6431676725154984 0.6085806194501846 1 0 0 0.99130511532507 0.1315833132671067 2.8776606298873517
cell 17.51891618190006 35.60273098376648 0.0 1.6431676725154984 0.6085806194501846 1 0 0 0.6547494440936427 0.7558459932149313 1.4277021643538188
cell 38.11492204603278 42.28137633188372 0.0 1.6431676725154984 0.6085806194501846 1 0 0 0.31395835555834173 0.9494367545945869 0.6387186728794464
cell 13.216005394337811 32.20582641680623 0.0 1.0 1.0 1 0 0 0.0 1.0 0
cell 3.9781726499185526 10.018390465263487 0.0 1.6431676725154984 0.6085806194501846 1 0 0 0.9955245469325518 0.09450331451720317 2.952303555387087
cell 16.72920442225252 40.46973468473456 0.0 1.0 1.0 1 0 0 0.0 1.0 0
cell 61.519662429508415 8.977025196942538 0.0 1.6431676725154984 0.6085806194501846 1 0 0 0.9488324038331608 0.31578009664351187 2.499035240523666
cell 52.73625662562858 22.246042993309974 0.0 1.0 1.0 1 0 0 0.0 1.0 0
cell 8.510125762776743 45.54246153424033 0.0 1.0 1.0 1 0 0 0.0 1.0 0
cell 13.159070378286543 14.589365061843765 0.0 1.6431676725154984 0.6085806194501846 1 0 0 0.9946731283264749 -0.10307942464538665 3.3481183452267187
cell 42.551190550178866 10.175251616651453 0.0 1.0 1.0 1 0 0 0.0 1.0 0
cell 3.015679553133372 24.38606915302244 0.0 1.6431676725154984 0.6085806194501846 1 0 0 0.6281132160346894 0.7781219620615779 1.3582520787686851
cell 23.32742221278605 18.483198357666435 0.0 1.0 1.0 1 0 0 0.0 1.0 0
cell 58.2344177485885 5.986715013028938 0.0 1.6431676725154984 0.6085806194501846 1 0 0 0.9095731049187822 0.4155439408876107 2.2845111753531135
cell 10.193179636425585 44.621530986508446 0.0 1.6431676725154984 0.6085806194501846 1 0 0 0.44611215026725737 0.8949770664011027 0.9248330687381633
cell 45.81565149166874 22.734173429038385 0.0 1.6431676725154984 0.6085806194501846 1 0 0 -0.10159136940285685 0.9948262127944018 6.079651433502653
cell 45.742990731140615 15.955541454084205 0.0 1.6431676725154984 0.6085806194501846 1 0 0 0.98743102071413 0.15805055941518004 2.824160484231285
cell 17.958992870006604 3.3169089298661265 0.0 1.0 1.0 1 0 0 0.0 1.0 0
cell 19.815162284743256 2.6263832125262745 0.0 1.0 1.0 1 0 0 0.0 1.0 0
cell 47.923088819064574 9.854640058255537 0.0 1.6431676725154984 0.6085806194501846 1 0 0 0.9490593566911094 0.3150973460330275 2.500474206844576
cell 6.399591603950662 18.242670484293324 0.0 1.6431676725154984 0.6085806194501846 1 0 0 0.9052260844313115 0.42493027200372074 2.2638229416892064
cell 1.848184734594203 35.58681608700455 0.0 1.0 1.0 1 0 0 0.0 1.0 0
cell 31.594387162492833 38.31760608177419 0.0 1.6431676725154984 0.6085806194501846 1 0 0 0.847051684805515 -0.5315105297810557 4.262358351648754
cell 0.4253774003646156 34.18694330633063 0.0 1.0 1.0 1 0 0 0.0 1.0 0
cell 45.57940996517116 3.1657388285991424 0.0 1.6431676725154984 0.6085806194501846 1 0 0 0.8639981980688103 0.5034948994119491 2.0863145313443314
cell 37.6514031535175 35.47189691799001 0.0 1.6431676725154984 0.6085806194501846 1 0 0 0.11871899257820684 0.9929278930522678 0.23799930229730126
cell 56.431663720794454 15.008090237172519 0.0 1.6431676725154984 0.6085806194501846 1 0 0 0.994002921251874 0.10935352094350176 2.922447359110589
cell 57.300338745144 58.93626635681595 0.0 1.0 1.0 1 0 0 0.0 1.0 0
cell 15.278824392335643 15.798353012545238 0.0 1.6431676725154984 0.6085806194501846 1 0 0 0.9987128312793058 -0.050721599324873454 3.2430793994988427
cell 7.69523167915843 26.75379247466171 0.0 1.0 1.0 1 0 0 0.0 1.0 0
cell 60.36877094293284 52.34445878050514 0.0 1.0 1.0 1 0 0 0.0 1.0 0
cell 0.17109842241856946 12.032856285038863 0.0 1.6431676725154984 0.6085806194501846 1 0 0 0.9953821606455169 0.09599142809992171 2.9493137351209273
cell 31.41348873319587 23.99974033354681 0.0 1.6431676725154984 0.6085806194501846 1 0 0 0.9999482026893953 0.010178012490068137 3.1212362771399254
cell 8.239687368208244 25.172158838168734 0.0 1.0 1.0 1 0 0 0.0 1.0 0
cell 49.4246499508068 49.94304769163601 0.0 1.6431676725154984 0.6085806194501846 1 0 0 0.5706321727257783 -0.8212057741213572 5.068634387415528
cell 40.527878314265365 19.0095653663715 0.0 1.6431676725154984 0.6085806194501846 1 0 0 0.9999983540281134 -0.001814370707385814 3.1452213969955016
cell 34.50626586878176 16.184259687396597 0.0 1.6431676725154984 0.6085806194501846 1 0 0 0.9998857157378823 0.01511805091084424 3.1113553998785854
cell 11.799647676582437 57.2470742937593 0.0 1.6431676725154984 0.6085806194501846 1 0 0 0.9989455149245074 -0.045911417013752204 3.233447776506326
cell 7.426132542040234 13.750036237197046 0.0 1.6431676725154984 0.6085806194501846 1 0 0 0.4869568654388155 0.8734260193067317 1.0172044397117972
cell 59.42223988467266 44.740814204627696 0.0 1.0 1.0 1 0 0 0.0 1.0 0
cell 49.87551642216607 9.82383152747101 0.0 1.6431676725154984 0.6085806194501846 1 0 0 0.9694138000483558 0.245432035960684 2.6456619843173286
cell 7.362692886892329 32.84875001748316 0.0 1.6431676725154984 0.6085806194501846 1 0 0 0.5568648785581748 0.8306030983739401 1.181212981894976
cell 52.58389638982169 40.50803330346693 0.0 1.6431676725154984 0.6085806194501846 1 0 0 0.9318922258173834 0.3627352746303052 2.399189841071755
cell 16.191386386646485 35.68575349722357 0.0 1.6431676725154984 0.6085806194501846 1 0 0 0.7877748304183333 0.6159633240375324 1.8143762043570675
cell 25.345124539998714 44.7907695869686 0.0 1.6431676725154984 0.6085806194501846 1 0 0 0.4183078386956342 -0.9083053187589442 5.4200222436347945
cell 9.615959832113603 8.117316477668554 0.0 1.0 1.0 1 0 0 0.0 1.0 0
cell 43.54395421597687 41.64387472000393 0.0 1.6431676725154984 0.6085806194501846 1 0 0 0.6007377020665106 0.7994461916325879 1.2888471111955193
cell 19.11548703191596 7.550436122122394 0.0 1.6431676725154984 0.6085806194501846 1 0 0 0.9653706443906886 0.2608821936213864 2.6137207945672474
cell 2.0794723487771063 51.11820090886905 0.0 1.0 1.0 1 0 0 0.0 1.0 0
cell 27.9969786285139 12.131433480723809 0.0 1.6431676725154984 0.6085806194501846 1 0 0 0.9901267331543431 -0.1401750772894682 3.4228691248074425
cell 17.416103207907145 55.793096280366015 0.0 1.6431676725154984 0.6085806194501846 1 0 0 0.8830602160824648 0.46925968798991313 2.164688167961286
cell 16.7501996800675 44.056160801089646 0.0 1.0 1.0 1 0 0 0.0 1.0 0
cell 55.04900212850396 45.70300814682199 0.0 1.6431676725154984 0.6085806194501846 1 0 0 0.9999239990627269 0.012328669774300133 3.116934689361897
cell 12.286238788025814 3.8160173151383545 0.0 1.0 1.0 1 0 0 0.0 1.0 0
cell 54.5410546641349 61.76010034894369 0.0 1.0 1.0 1 0 0 0.0 1.0 0
cell 28.236537601557853 10.662791501105751 0.0 1.6431676725154984 0.6085806194501846 1 0 0 0.9265376169990678 -0.37620213221842436 3.9129804115093316
cell 25.05803759157117 22.656259939431607 0.0 1.6431676725154984 0.6085806194501846 1 0 0 0.9680119867388457 -0.25090395279850164 3.6488205861189735
cell 60.89178027428708 54.285835710544674 0.0 1.0 1.0 1 0 0 0.0 1.0 0
cell 59.533260247774706 16.508678804893187 0.0 1.0 1.0 1 0 0 0.0 1.0 0
cell 22.160121923253737 49.160521735370345 0.0 1.6431676725154984 0.6085806194501846 1 0 0 0.2602670022286828 -0.9655366836899025 5.75658785705889
cell 4.416116237705248 26.984240408985293 0.0 1.6431676725154984 0.6085806194501846 1 0 0 0.5577919939065755 0.8299807778097796 1.1834462090516846
cell 9.538692705924728 27.62039719724551 0.0 1.0 1.0 1 0 0 0.0 1.0 0
cell 1.248183163986462 37.30588188037474 0.0 1.0 1.0 1 0 0 0.0 1.0 0
cell 49.12441394649995 56.7351235054445 0.0 1.6431676725154984 0.6085806194501846 1 0 0 -0.6093805035849951 -0.7928779236745703 1.3105580595180966
cell 35.23438913970234 13.40303249356004 0.0 1.6431676725154984 0.6085806194501846 1 0 0 0.9934253419712498 0.11448183231109377 2.912125879678048
cell 1.7943426419417772 61.98596802322326 0.0 1.6431676725154984 0.6085806194501846 1 0 0 0.7871017145400353 0.6168232250557178 1.8121921577777098
cell 28.630515156137783 43.03678372052154 0.0 1.6431676725154984 0.6085806194501846 1 0 0 0.9509135563551444 -0.30945663402165347 3.7708357827442844
cell 4.9123592906051465 29.36810508722118 0.0 1.6431676725154984 0.6085806194501846 1 0 0 0.49741231880641923 0.8675142564244239 1.0412266943860524
cell 12.300804366411494 53.340939327721685 0.0 1.0 1.0 1 0 0 0.0 1.0 0
cell 33.06831150236522 20.12694918944051 0.0 1.6431676725154984 0.6085806194501846 1 0 0 0.99806980004675 0.062102127456636964 3.017308423910521
cell 34.38408778444476 15.079481248382125 0.0 1.6431676725154984 0.6085806194501846 1 0 0 0.9994089965258774 0.03437524782657999 3.0728286108067593
cell 20.16406390214175 27.533297156707743 0.0 1.6431676725154984 0.6085806194501846 1 0 0 0.718700001756848 0.6953202912864738 1.6038617367024544
cell 8.861442242383733 15.76568883522796 0.0 1.6431676725154984 0.6085806194501846 1 0 0 0.9221823076213785 0.3867554673305978 2.347371322359513
cell 15.549164119856123 6.332577553381322 0.0 1.6431676725154984 0.6085806194501846 1 0 0 -0.9997608458223963 0.021868954261385482 3.1853340491473228
cell 1.8923848920992474 55.53931187591476 0.0 1.6431676725154984 0.6085806194501846 1 0 0 0.11367945411315498 0.9935174793190783 0.22785147195997257
cell 22.007971902404165 5.939990966654376 0.0 1.6431676725154984 0.6085806194501846 1 0 0 0.9624425835415801 0.27148530970534807 2.5917207190109024
cell 11.963479529167943 20.220764202249608 0.0 1.6431676725154984 0.6085806194501846 1 0 0 0.9480501100987425 0.3181210284494914 2.494098866024174
cell 36.38761759426978 1.9174266568735816 0.0 1.6431676725154984 0.6085806194501846 1 0 0 0.46505675909723826 -0.885280865498613 5.315787858451044
cell 25.765390007872284 7.065657776559408 0.0 1.6431676725154984 0.6085806194501846 1 0 0 0.9558152621338446 -0.2939679994013124 3.7383439174960666
cell 24.18026640915422 9.241878820305741 0.0 1.6431676725154984 0.6085806194501846 1 0 0 0.9999809657888048 0.0061699319355433884 3.1292527114249187
cell 40.150347114219336 35.55368416076619 0.0 1.6431676725154984 0.6085806194501846 1 0 0 0.40221123002634884 0.915546900186272 0.827861539457439
cell 28.922009426155448 55.30017332598208 0.0 1.6431676725154984 0.6085806194501846 1 0 0 0.9999393496320022 0.01101349433779369 3.1195652195884125
cell 34.0635742716471 44.44372208147108 0.0 1.6431676725154984 0.6085806194501846 1 0 0 0.9936003423300801 -0.11295290930979891 3.3679816158524245
cell 62.28131343887299 14.352599488264437 0.0 1.6431676725154984 0.6085806194501846 1 0 0 0.9884836971511245 0.15132739496351624 2.837770663750606
cell 10.313169120538056 46.40581283117926 0.0 1.6431676725154984 0.6085806194501846 1 0 0 -0.49787127940435044 -0.86725093781689 1.0422849599974366
cell 23.823998549035746 16.441324021071786 0.0 1.6431676725154984 0.6085806194501846 1 0 0 0.8554572547250969 -0.5178734259818711 4.230319019952286
cell 25.343708381482625 57.96325586176829 0.0 1.6431676725154984 0.6085806194501846 1 0 0 0.9964722487885956 -0.08392292531960015 3.3096361559645655
cell 2.8630494989595907 42.19637696084314 0.0 1.0 1.0 1 0 0 0.0 1.0 0
cell 26.07571888141172 48.58136443933513 0.0 1.0 1.0 1 0 0 0.0 1.0 0
cell 45.213506390839754 43.88208612682751 0.0 1.6431676725154984 0.6085806194501846 1 0 0 0.5084100488810848 0.8611151039185952 1.0666747908897192
cell 21.630320949562584 22.08029712865076 0.0 1.6431676725154984 0.6085806194501846 1 0 0 0.9999966631219408 -0.0025833592440034194 3.146759377824711
cell 22.75685740876544 45.541010493104366 0.0 1.6431676725154984 0.6085806194501846 1 0 0 0.11158227514430753 -0.993755199168095 6.059555054004594
cell 57.58329909740526 24.631477638633488 0.0 1.6431676725154984 0.6085806194501846 1 0 0 0.9328902061924037 0.36016088514758854 2.404711960549177
cell 28.80362948672915 9.570169326538785 0.0 1.6431676725154984 0.6085806194501846 1 0 0 0.9982044230912007 -0.059899329889098823 3.2614630674757112
cell 40.71061396958598 22.347949526014858 0.0 1.6431676725154984 0.6085806194501846 1 0 0 0.9989287150461584 -0.04627550384632068 3.234176724951781
cell 50.40005660288383 42.32536079960991 0.0 1.6431676725154984 0.6085806194501846 1 0 0 0.5704685778555082 -0.8213194273116362 5.06903278585614
cell 29.927536706450574 13.356786509046986 0.0 1.6431676725154984 0.6085806194501846 1 0 0 0.9952883611885576 -0.0969591567753939 3.335816099972496
cell 48.76562506869985 26.918445918131066 0.0 1.0 1.0 1 0 0 0.0 1.0 0
cell 17.90119733774011 20.17321606728153 0.0 1.0 1.0 1 0 0 0.0 1.0 0
cell 42.272961445369866 43.6723976596968 0.0 1.6431676725154984 0.6085806194501846 1 0 0 0.4172450241571759 0.9087940304689934 0.8608234789365814
cell 59.25517422835984 39.15398494736314 0.0 1.0 1.0 1 0 0 0.0 1.0 0
cell 22.933933062021552 35.2952132930245 0.0 1.0 1.0 1 0 0 0.0 1.0 0
cell 45.872310170504555 28.92947166042826 0.0 1.0 1.0 1 0 0 0.0 1.0 0
cell 36.015732735896854 10.207342365818594 0.0 1.6431676725154984 0.6085806194501846 1 0 0 0.9798764495223217 0.199604969055204 2.7396831323924826
cell 50.385592903183486 8.199553873336592 0.0 1.6431676725154984 0.6085806194501846 1 0 0 0.9074369879531972 0.4201881874760749 2.2742872663213975
cell 44.1887349059135 19.49718797724531 0.0 1.6431676725154984 0.6085806194501846 1 0 0 0.9994603586775798 0.032848004993965806 3.075884823623167
cell 19.243454392458002 62.08380049893906 0.0 1.6431676725154984 0.6085806194501846 1 0 0 0.9930496384445404 0.11769628534991029 2.905653207704105
cell 9.51894681364158 61.917539438635394 0.0 1.6431676725154984 0.6085806194501846 1 0 0 0.9111696389186145 0.4120314176284641 2.2922278479330855
cell 33.729044991550616 8.800909700476465 0.0 1.6431676725154984 0.6085806194501846 1 0 0 -0.9619907954730047 -0.2730818731172315 2.58840220861091
cell 11.254678804899271 3.009118523877217 0.0 1.6431676725154984 0.6085806194501846 1 0 0 0.9564752362695801 0.29181350620396396 2.5493480110102347
cell 2.888027825186167 11.705238853590805 0.0 1.0 1.0 1 0 0 0.0 1.0 0
cell 9.95162170170225 33.012695506637975 0.0 1.6431676725154984 0.6085806194501846 1 0 0 0.6804792474314133 0.732767353131386 1.4968329204186552
cell 21.28680123477219 25.350343048981962 0.0 1.0 1.0 1 0 0 0.0 1.0 0
cell 15.925722633718458 3.371103841294123 0.0 1.0 1.0 1 0 0 0.0 1.0 0
cell 28.080444730632486 38.97940710815204 0.0 1.0 1.0 1 0 0 0.0 1.0 0
cell 0.35434832234015196 29.150727791842804 0.0 1.0 1.0 1 0 0 0.0 1.0 0
cell 60.26570131831742 33.1541237122422 0.0 1.6431676725154984 0.6085806194501846 1 0 0 0.9997328994578654 0.023111247079497767 3.0953660436399795
cell 51.63023184073592 13.291604513931443 0.0 1.6431676725154984 0.6085806194501846 1 0 0 0.9840879913577468 0.17768180904491912 2.7843321067548508
cell 22.856142338307915 43.87064951587125 0.0 1.0 1.0 1 0 0 0.0 1.0 0
cell 32.637758909054874 14.320200821353952 0.0 1.6431676725154984 0.6085806194501846 1 0 0 0.9999694420149715 0.007817610649460757 3.125957273028639
cell 59.675987912114735 24.202446605737954 0.0 1.6431676725154984 0.6085806194501846 1 0 0 0.9491135286774361 0.3149341354656012 2.5008181387767667
cell 56.53201587218685 62.16840142781403 0.0 1.0 1.0 1 0 0 0.0 1.0 0
cell 27.213700052338275 33.42306317911361 0.0 1.6431676725154984 0.6085806194501846 1 0 0 0.40324137788971426 -0.9150936515775884 5.453072866520079
cell 50.57642042261441 17.572286138542143 0.0 1.6431676725154984 0.6085806194501846 1 0 0 0.992622506727172 0.12124586235688768 2.898502836511699
cell 0.0020266569420783753 18.27643558221702 0.0 1.6431676725154984 0.6085806194501846 1 0 0 0.7871059270590309 0.616817849602736 1.812205816593332
cell 28.70308406758336 44.652804339194056 0.0 1.6431676725154984 0.6085806194501846 1 0 0 0.9026206263833655 -0.4304369928657399 4.031546371575376
cell 13.074743016197083 28.070792875068005 0.0 1.0 1.0 1 0 0 0.0 1.0 0
cell 27.938341264479867 14.044920011874812 0.0 1.6431676725154984 0.6085806194501846 1 0 0 0.9999364401780299 0.01127455560495918 3.119043064628564
cell 16.42188538360489 20.858886769141282 0.0 1.6431676725154984 0.6085806194501846 1 0 0 0.8625037342325063 -0.5060506974948086 4.202792104200157
cell 26.92020821041247 15.057906465857078 0.0 1.6431676725154984 0.6085806194501846 1 0 0 0.9540750276629181 -0.2995677579279889 3.7500718005280156
cell 34.02645315070801 48.68896195501563 0.0 1.6431676725154984 0.6085806194501846 1 0 0 0.9920695381386957 -0.12569022037245023 3.3936397305072985
cell 61.958161226372944 35.40069381671997 0.0 1.6431676725154984 0.6085806194501846 1 0 0 0.9574836368323862 -0.2884875823986661 3.726886424853745
cell 38.765039180755096 8.5189733420835 0.0 1.6431676725154984 0.6085806194501846 1 0 0 -0.9340653384001203 -0.3571021472904759 2.411265378768933
cell 9.781828115523165 49.58716214136357 0.0 1.0 1.0 1 0 0 0.0 1.0 0
cell 0.2269230345036694 25.70259604678315 0.0 1.0 1.0 1 0 0 0.0 1.0 0
cell 57.893113427079 17.46233829826359 0.0 1.0 1.0 1 0 0 0.0 1.0 0
cell 30.622650775346344 40.44098732420126 0.0 1.0 1.0 1 0 0 0.0 1.0 0
cell 4.423933194362482 33.84069390146577 0.0 1.0 1.0 1 0 0 0.0 1.0 0
cell 53.83266865890773 7.203101591634128 0.0 1.0 1.0 1 0 0 0.0 1.0 0
cell 23.94749869364687 40.00038847905215 0.0 1.0 1.0 1 0 0 0.0 1.0 0
cell 25.565754925058375 37.718765097573645 0.0 1.6431676725154984 0.6085806194501846 1 0 0 0.5469525319956609 -0.8371636206522208 5.125745985554907
cell 60.67651265173689 47.37261052192122 0.0 1.0 1.0 1 0 0 0.0 1.0 0
cell 53.49198671413604 16.255995977782902 0.0 1.6431676725154984 0.6085806194501846 1 0 0 0.9808171488381616 0.1949300401297335 2.749220410568772
cell 3.7969701447709063 52.50728578207443 0.0 1.0 1.0 1 0 0 0.0 1.0 0
cell 60.01994933032349 3.416392312771095 0.0 1.6431676725154984 0.6085806194501846 1 0 0 0.8970230600878509 0.44198374367235244 2.2259747611902543
cell 15.66102291530647 42.203372069742976 0.0 1.0 1.0 1 0 0 0.0 1.0 0
cell 50.539387110637186 27.716888583599694 0.0 1.0 1.0 1 0 0 0.0 1.0 0
cell 48.97352962890231 20.121775616269304 0.0 1.6431676725154984 0.6085806194501846 1 0 0 -0.14584837085067917 0.9893069557625696 5.990444389219694
cell 35.008815863758 39.7675117175498 0.0 1.6431676725154984 0.6085806194501846 1 0 0 0.21980221361122196 0.9755444566454194 0.443223442491662
cell 7.164063647399715 54.07349014777209 0.0 1.6431676725154984 0.6085806194501846 1 0 0 0.21055684805457317 0.9775816148728061 0.42428908564057755
cell 30.806252040037563 8.929616413331429 0.0 1.6431676725154984 0.6085806194501846 1 0 0 -0.9986964327075364 0.051043464784840335 3.2437239653632037
cell 3.891918586029829 47.781761726960816 0.0 1.0 1.0 1 0 0 0.0 1.0 0
cell 5.192040073405657 12.33094079300784 0.0 1.6431676725154984 0.6085806194501846 1 0 0 0.15522099091042393 -0.9878797720273385 5.971483003885226
cell 3.423959651347769 19.07092751015537 0.0 1.0 1.0 1 0 0 0.0 1.0 0
cell 48.540214222762685 0.2244159563443923 0.0 1.6431676725154984 0.6085806194501846 1 0 0 0.8897038400415864 0.4565381440966955 2.1933921017630347
cell 46.90655467320475 16.62836828275466 0.0 1.6431676725154984 0.6085806194501846 1 0 0 0.9978714389875564 0.06521189502616484 3.0110762463445933
cell 19.539524737795755 0.6936111857302177 0.0 1.6431676725154984 0.6085806194501846 1 0 0 0.9985306891420094 0.05418913951691717 3.033161262878904
cell 46.70121803155639 31.53570676075272 0.0 1.6431676725154984 0.6085806194501846 1 0 0 0.9988796600582985 -0.04732256038950022 3.2362731351187572
cell 57.262652841423744 29.800481076494783 0.0 1.6431676725154984 0.6085806194501846 1 0 0 0.8449564466278977 0.5348351178652694 2.012967457118261
cell 3.3345636161549885 30.724819188011445 0.0 1.0 1.0 1 0 0 0.0 1.0 0
cell 27.014710900246737 43.223453285870534 0.0 1.6431676725154984 0.6085806194501846 1 0 0 0.7992004439624572 -0.6010645975019752 4.431257695211286
cell 13.417953452204676 22.380383831580676 0.0 1.0 1.0 1 0 0 0.0 1.0 0
cell 52.9327553471773 42.35238415235751 0.0 1.6431676725154984 0.6085806194501846 1 0 0 0.9867385740213639 -0.1623175484606808 3.467670447746116
cell 33.477940691506305 57.50930753412571 0.0 1.6431676725154984 0.6085806194501846 1 0 0 0.563018604703551 0.8264442212016891 1.1960675917387236
cell 58.38778155996178 10.055976989999927 0.0 1.6431676725154984 0.6085806194501846 1 0 0 0.913535411020668 0.4067592074081409 2.3037852128873224
cell 56.058144743063046 20.573998732885954 0.0 1.6431676725154984 0.6085806194501846 1 0 0 -0.24787325245554473 -0.9687924704069029 0.5009687609165985
cell 23.35096232608427 29.376259693747055 0.0 1.6431676725154984 0.6085806194501846 1 0 0 0.9913043844387978 -0.1315888194050555 3.405535786162538
cell 28.452465611275414 3.88641411402071 0.0 1.6431676725154984 0.6085806194501846 1 0 0 0.9930365561071391 -0.11780661371448016 3.3777543020460628
cell 8.784177409775179 33.56020412308744 0.0 1.0 1.0 1 0 0 0.0 1.0 0
cell 51.50412035172055 22.046060290107008 0.0 1.6431676725154984 0.6085806194501846 1 0 0 0.4727231520066554 -0.8812109971833605 5.298428379043308
cell 32.173820506952644 49.817226472334134 0.0 1.6431676725154984 0.6085806194501846 1 0 0 0.9960078710612045 -0.08926545123465811 3.3203615088718923
cell 11.479190940433082 25.02786531687387 0.0 1.0 1.0 1 0 0 0.0 1.0 0
cell 45.70830937463692 8.518602551377251 0.0 1.0 1.0 1 0 0 0.0 1.0 0
cell 7.762645852677975 40.036549374598465 0.0 1.0 1.0 1 0 0 0.0 1.0 0
cell 14.665890838336551 58.0527885250062 0.0 1.6431676725154984 0.6085806194501846 1 0 0 0.9978790426648636 -0.06509543924312515 3.27187565333445
cell 21.27546215699735 29.11726589216103 0.0 1.0 1.0 1 0 0 0.0 1.0 0
cell 49.60431724276481 4.459007858277269 0.0 1.0 1.0 1 0 0 0.0 1.0 0
cell 31.77770584752021 51.06139754436009 0.0 1.6431676725154984 0.6085806194501846 1 0 0 0.9786486335710897 -0.20554039021428164 3.5556243641623033
cell 9.421346259382032 29.42443096322706 0.0 1.0 1.0 1 0 0 0.0 1.0 0
cell 39.410731957611894 1.1693377076887679 0.0 1.6431676725154984 0.6085806194501846 1 0 0 0.5276797136722439 0.8494434176440352 1.1117334065013742
cell 30.827400929984766 58.41425190100741 0.0 1.6431676725154984 0.6085806194501846 1 0 0 0.9254288823783169 -0.37892134231264857 3.918853537488809
cell 26.449929753359648 19.44577362704477 0.0 1.6431676725154984 0.6085806194501846 1 0 0 0.9901644875261357 0.13990814001374297 2.8608553702881854
cell 45.76743478750556 0.39158991890952466 0.0 1.6431676725154984 0.6085806194501846 1 0 0 0.7733485072191899 0.6339811403991845 1.7682119687636182
cell 42.715442820165904 23.309299440104922 0.0 1.6431676725154984 0.6085806194501846 1 0 0 -0.10598478552022657 0.9943677515075756 6.070816882317804
cell 1.0569529726329219 32.54786840056625 0.0 1.0 1.0 1 0 0 0.0 1.0 0
cell 36.53193629422671 55.35651766187285 0.0 1.6431676725154984 0.6085806194501846 1 0 0 0.9749687782750321 -0.2223418120572268 3.590024155099891
cell 57.6321754277813 38.63229414177784 0.0 1.6431676725154984 0.6085806194501846 1 0 0 0.7936372716067452 0.6083912237340389 1.8335288146771622
cell 62.21889656700897 23.829440460795038 0.0 1.0 1.0 1 0 0 0.0 1.0 0
cell 4.784645261470397 54.48785938789363 0.0 1.6431676725154984 0.6085806194501846 1 0 0 0.02025484957404997 0.9997948494910006 0.040512469570575915
cell 25.39223804866505 40.13875783508515 0.0 1.6431676725154984 0.6085806194501846 1 0 0 0.5496312071750945 -0.8354074072566321 5.119339865050463
cell 60.0587191185466 28.22335104889102 0.0 1.0 1.0 1 0 0 0.0 1.0 0
cell 60.08840950997904 5.216005777435644 0.0 1.6431676725154984 0.6085806194501846 1 0 0 0.8682633144093208 0.4961036351922256 2.1033817450698935
cell 26.199269305952633 31.014415313851735 0.0 1.6431676725154984 0.6085806194501846 1 0 0 0.9297510187733025 0.3681888687752608 2.3874720674101586
cell 9.740560300888758 25.901445089704374 0.0 1.0 1.0 1 0 0 0.0 1.0 0
cell 37.61152670712668 49.14915254886975 0.0 1.6431676725154984 0.6085806194501846 1 0 0 -0.9347770463447993 -0.3552349555250623 2.415261844515552
cell 56.387755021043404 6.740660670763402 0.0 1.6431676725154984 0.6085806194501846 1 0 0 0.8928574345765276 0.45033942923246434 2.2073017271246704
cell 1.6317493603827318 9.010507467314937 0.0 1.6431676725154984 0.6085806194501846 1 0 0 -0.9362896994144337 -0.3512286986714344 2.4238264790811486
cell 48.15471587827496 30.38024826849568 0.0 1.6431676725154984 0.6085806194501846 1 0 0 0.9960517216658938 0.08877481493311441 2.963808982271897
cell 10.778443515775479 4.96960121916713 0.0 1.0 1.0 1 0 0 0.0 1.0 0
cell 59.90584514142517 55.95807222383113 0.0 1.0 1.0 1 0 0 0.0 1.0 0
cell 27.17935964466609 35.07924636788343 0.0 1.6431676725154984 0.6085806194501846 1 0 0 0.30898324158238943 -0.9510674825800947 5.6549377556250775
cell 9.150612279719434 6.182659546235788 0.0 1.0 1.0 1 0 0 0.0 1.0 0
cell 26.660179602446714 10.147800938848325 0.0 1.6431676725154984 0.6085806194501846 1 0 0 0.9254687513264647 -0.3788239568958573 3.918643076542881
cell 16.82318901714544 23.916286896428776 0.0 1.6431676725154984 0.6085806194501846 1 0 0 0.6467711073430324 0.7626841644522768 1.406686412248493
cell 21.458764518907437 57.33142559618734 0.0 1.6431676725154984 0.6085806194501846 1 0 0 0.9857599121940169 -0.16815884012220134 3.479515880585706
