1000
 Lattice="66.99245856906788 0.0 0.0 0.0 66.99245856906788 0.0 0.0 0.0 1.0"Properties=species:S:1:pos:R:3:aspherical_shape:R:3:orientation:R:4:Color:R:1
cell 22.56389338585039 37.2541029306048 0.0 1.6431676725154984 0.6085806194501846 1 0 0 -0.1448678334365607 0.9894510148741053 5.992426516085963
cell 33.271557558436896 46.51692128738749 0.0 1.6431676725154984 0.6085806194501846 1 0 0 0.8059303812293749 -0.5920103213724187 4.408694599526869
cell 39.76001160858946 19.7975691935492 0.0 1.6431676725154984 0.6085806194501846 1 0 0 0.5230556199524148 -0.8522985500610657 5.182320957037812
cell 11.974874693166079 33.122943135004014 0.0 1.6431676725154984 0.6085806194501846 1 0 0 -0.02333401684233106 -0.9997277247620984 0.04667226966266469
cell 27.50613227091531 57.846137447854154 0.0 1.0 1.0 1 0 0 0.0 1.0 0
cell 56.44609840016925 58.080330580130834 0.0 1.6431676725154984 0.6085806194501846 1 0 0 0.9988253352514689 0.04845564631486025 3.0446433970284548
cell 27.56901928865205 11.396694806870785 0.0 1.0 1.0 1 0 0 0.0 1.0 0
cell 42.176870656487594 17.08836825608213 0.0 1.6431676725154984 0.6085806194501846 1 0 0 -0.7250684304688063 0.6886768263398311 4.660917798719509
cell 28.47459259725279 51.89561466434414 0.0 1.0 1.0 1 0 0 0.0 1.0 0
cell 10.496031854993655 59.84042124481602 0.0 1.6431676725154984 0.6085806194501846 1 0 0 0.6060196134460734 -0.7954497018156911 4.9810912070334785
cell 3.814711683498556 2.0486567008937326 0.0 1.6431676725154984 0.6085806194501846 1 0 0 0.7889491957946714 -0.6144584334639254 4.464991338669441
cell 49.44924565200819 22.249496737501307 0.0 1.6431676725154984 0.6085806194501846 1 0 0 0.7182654074225402 -0.695769217844633 4.680573222112964
cell 49.734361904766935 51.433119350869354 0.0 1.6431676725154984 0.6085806194501846 1 0 0 0.9837781967272028 0.1793891291137038 2.7808617089183736
cell 43.43460442750933 5.513716939516071 0.0 1.6431676725154984 0.6085806194501846 1 0 0 0.9643464271583597 -0.2646430963144633 3.677260262542262
cell 5.791391049050442 6.815736937918227 0.0 1.6431676725154984 0.6085806194501846 1 0 0 0.845209781182057 -0.5344346786971998 4.269270158280509
cell 29.392483185276163 10.770324221060385 0.0 1.0 1.0 1 0 0 0.0 1.0 0
cell 33.58033970514874 34.186053664778846 0.0 1.6431676725154984 0.6085806194501846 1 0 0 -0.11075027922268386 0.9938482659098911 6.061229423943362
cell 7.2486476859780495 44.88140305639452 0.0 1.6431676725154984 0.6085806194501846 1 0 0 -0.3596079873693009 0.9331034751945793 5.547489822358316
cell 41.968000843402116 6.3613781556402085 0.0 1.6431676725154984 0.6085806194501846 1 0 0 0.9488080039973058 -0.3158534019931533 3.7843045856033513
cell 64.06452268448315 21.148267588141543 0.0 1.6431676725154984 0.6085806194501846 1 0 0 0.3906764496429579 0.9205280613291337 0.8027326555507914
cell 41.29957913832112 41.30438112635171 0.0 1.0 1.0 1 0 0 0.0 1.0 0
cell 35.55961480588442 55.46740093702653 0.0 1.6431676725154984 0.6085806194501846 1 0 0 0.984270123185398 -0.17667010104882364 3.4967972576579616
cell 44.81498344827897 40.18683272515589 0.0 1.6431676725154984 0.6085806194501846 1 0 0 0.6369234695307 -0.7709270354326507 4.902183377336381
cell 46.83878237162694 32.47245362371703 0.0 1.6431676725154984 0.6085806194501846 1 0 0 0.6847733068484507 -0.7287561445558024 4.774600137637097
cell 43.378218254003535 49.25202956221087 0.0 1.6431676725154984 0.6085806194501846 1 0 0 0.9815447567669396 0.19123255597133382 2.756757205432612
cell 21.466182251238987 4.012238041059768 0.0 1.6431676725154984 0.6085806194501846 1 0 0 -0.9935029524219005 0.11380634221767663 3.369699559469462
cell 21.5065043278153 7.5274466977904915 0.0 1.6431676725154984 0.6085806194501846 1 0 0 0.9527354250186458 -0.3038012671378121 3.7589526040663004
cell 24.730290014868693 62.723999491887916 0.0 1.0 1.0 1 0 0 0.0 1.0 0
cell 27.953692542981447 1.1380477167473937 0.0 1.6431676725154984 0.6085806194501846 1 0 0 0.9952578677236166 0.0972716646009519 2.9467412231523595
cell 36.15433738293279 5.748932728696001 0.0 1.6431676725154984 0.6085806194501846 1 0 0 -0.9453186984437023 0.3261480620403938 3.806044543482072
cell 47.21486377140364 18.892952861197855 0.0 1.6431676725154984 0.6085806194501846 1 0 0 0.8015534547035522 -0.5979231215238296 4.423407714154864
cell 30.449255935649816 64.54957277082775 0.0 1.0 1.0 1 0 0 0.0 1.0 0
cell 40.90924272216488 43.00784271393076 0.0 1.6431676725154984 0.6085806194501846 1 0 0 0.07455595629274363 -0.997216831677682 6.133934905889684
cell 43.66232445498427 51.381371427147144 0.0 1.6431676725154984 0.6085806194501846 1 0 0 0.9997644356888956 -0.02170421921341901 3.185004500830796
cell 17.50455326861977 42.35100577404836 0.0 1.6431676725154984 0.6085806194501846 1 0 0 0.4365281326457054 -0.8996906076028878 5.379713132504592
cell 14.586463773499688 39.47504784862681 0.0 1.6431676725154984 0.6085806194501846 1 0 0 0.24302739643545676 -0.9700194248476693 5.792214103924651
cell 51.48395115568583 1.1409605571510684 0.0 1.0 1.0 1 0 0 0.0 1.0 0
cell 17.504855082503 48.20504618741811 0.0 1.6431676725154984 0.6085806194501846 1 0 0 0.4683014516338078 -0.8835687581607151 5.308450459377929
cell 37.156931413834016 61.06423846005382 0.0 1.0 1.0 1 0 0 0.0 1.0 0
cell 11.940975212542002 41.36117729122567 0.0 1.6431676725154984 0.6085806194501846 1 0 0 -0.4076192999600547 0.9131519623261372 5.443494473618758
cell 34.72676131513771 9.421787843445049 0.0 1.6431676725154984 0.6085806194501846 1 0 0 0.8233348437714667 -0.5675559311925253 4.348661269999823
cell 41.707794109474676 56.50692287976781 0.0 1.0 1.0 1 0 0 0.0 1.0 0
cell 26.564841824423354 43.39706249847736 0.0 1.6431676725154984 0.6085806194501846 1 0 0 0.5354111634684792 -0.8445915498235401 5.153196324459664
cell 31.2348190123813 18.20965876982586 0.0 1.6431676725154984 0.6085806194501846 1 0 0 -0.4635907419801354 0.8860494478020443 5.319098402557613
cell 5.004683574729753 50.95439978716663 0.0 1.6431676725154984 0.6085806194501846 1 0 0 0.559987876815729 -0.8285008013390281 5.094442972675343
cell 41.174226531707866 61.75287579114493 0.0 1.0 1.0 1 0 0 0.0 1.0 0
cell 16.208015028889548 50.611691138647835 0.0 1.6431676725154984 0.6085806194501846 1 0 0 0.537792644755718 -0.8430771443033254 5.147551899781192
cell 44.021883982645605 17.6330450957391 0.0 1.6431676725154984 0.6085806194501846 1 0 0 0.7276789464211039 -0.6859178893537274 4.653321340551587
cell 42.306724724312794 34.39497137723604 0.0 1.6431676725154984 0.6085806194501846 1 0 0 0.6434605924133977 -0.7654792394382746 4.885164224155601
cell 3.4492908164297784 65.85279361175188 0.0 1.6431676725154984 0.6085806194501846 1 0 0 -0.7478929626865185 0.6638193401551221 4.593420776884645
cell 31.439693484853546 28.871501806683547 0.0 1.6431676725154984 0.6085806194501846 1 0 0 -0.740830719967429 0.6716917777913772 4.614572759214536
cell 10.898200460667395 5.2981041216954186 0.0 1.6431676725154984 0.6085806194501846 1 0 0 0.824023568971754 -0.5665555204735481 4.346232143251794
cell 38.344797181926936 28.430326042217498 0.0 1.6431676725154984 0.6085806194501846 1 0 0 0.6238297059941722 -0.7815602970463793 4.9359187974158605
cell 18.583168898856204 19.785253397458362 0.0 1.6431676725154984 0.6085806194501846 1 0 0 -0.20650011696633472 -0.978446575799052 0.41599324350259526
cell 55.96177776466791 62.610145332809005 0.0 1.6431676725154984 0.6085806194501846 1 0 0 0.8563162683173078 0.5164517873094453 2.056188311610632
cell 9.556489522975873 55.06089480894174 0.0 1.6431676725154984 0.6085806194501846 1 0 0 0.35078415977528316 -0.9364563381443625 5.566368623694042
cell 47.824332954875146 56.6606339467545 0.0 1.6431676725154984 0.6085806194501846 1 0 0 0.28423279625951514 -0.9587552959595566 5.706773057054112
cell 12.73471932037405 62.766533537484214 0.0 1.6431676725154984 0.6085806194501846 1 0 0 0.667779962515085 -0.7443587318379168 4.820740709265893
cell 45.87835703247448 9.20475708468906 0.0 1.6431676725154984 0.6085806194501846 1 0 0 0.8944391131718528 -0.4471897503614651 4.068834552596161
cell 60.196530735691525 35.90336309057698 0.0 1.6431676725154984 0.6085806194501846 1 0 0 0.045789727493827904 -0.9989511003327646 6.191573819531955
cell 13.971441462796331 7.544210482085522 0.0 1.6431676725154984 0.6085806194501846 1 0 0 0.8980479390898621 -0.43989760069412887 4.052561945371301
cell 41.69937413334697 24.730980729708058 0.0 1.6431676725154984 0.6085806194501846 1 0 0 0.6860445335901234 -0.7275595494054834 4.771108514429114
cell 24.992426938438765 55.518899389842275 0.0 1.0 1.0 1 0 0 0.0 1.0 0
cell 31.96626315182078 50.402949107947215 0.0 1.0 1.0 1 0 0 0.0 1.0 0
cell 61.408331005712974 40.65287872417718 0.0 1.6431676725154984 0.6085806194501846 1 0 0 0.295920075426824 0.9552127035165429 0.6008371807670501
cell 42.79524227623953 3.362326114738971 0.0 1.6431676725154984 0.6085806194501846 1 0 0 0.9953384575070108 -0.09644353274100065 3.3347799961322004
cell 45.147646119034455 24.418664882231877 0.0 1.6431676725154984 0.6085806194501846 1 0 0 -0.6992201960053384 0.7149063697423993 4.734573034917968
cell 50.289610163655574 4.684951327687163 0.0 1.6431676725154984 0.6085806194501846 1 0 0 0.9230769364843114 -0.38461535243765105 3.931174823270894
cell 20.35998212730782 45.14089578439341 0.0 1.6431676725154984 0.6085806194501846 1 0 0 -0.43192884480117893 0.9019076854250212 5.3899246827059315
cell 29.03895236804504 36.544826916158385 0.0 1.6431676725154984 0.6085806194501846 1 0 0 0.08423941178301136 -0.9964455436713299 6.114506582495197
cell 44.689305887724345 29.830698729855595 0.0 1.6431676725154984 0.6085806194501846 1 0 0 -0.48868999239882466 0.8724575011593612 5.262010095373556
cell 48.16903243814713 66.17837714293891 0.0 1.0 1.0 1 0 0 0.0 1.0 0
cell 47.74842872571644 3.1332019176374026 0.0 1.6431676725154984 0.6085806194501846 1 0 0 0.9444026118231674 -0.32879128148656817 3.8116394800645867
cell 19.818209262997417 58.51280289437045 0.0 1.6431676725154984 0.6085806194501846 1 0 0 0.6685856111384442 -0.7436351797613081 4.818574978510266
cell 47.79633681707884 26.787191529457985 0.0 1.6431676725154984 0.6085806194501846 1 0 0 0.7150756959537389 -0.6990470292164012 4.689720537152434
cell 57.35905108776201 12.804197753148774 0.0 1.6431676725154984 0.6085806194501846 1 0 0 0.455585920034329 -0.8901918161084575 5.3371247099467505
cell 8.289956219497267 2.580814659387389 0.0 1.6431676725154984 0.6085806194501846 1 0 0 0.7495211837561816 -0.6619803585460314 4.588508359865165
cell 38.84238944227744 1.7784188445114464 0.0 1.6431676725154984 0.6085806194501846 1 0 0 -0.9954967550600913 0.094795625768432 3.331469010700952
cell 53.74509441513341 13.280327407386212 0.0 1.6431676725154984 0.6085806194501846 1 0 0 0.43546988195632214 -0.9002033003210702 5.382064939047818
cell 45.94038778700823 44.208350328743926 0.0 1.0 1.0 1 0 0 0.0 1.0 0
cell 20.751257094293994 15.070869077294399 0.0 1.6431676725154984 0.6085806194501846 1 0 0 0.9513754224400139 -0.3080337734357793 3.767843891740575
cell 13.345240861809863 57.4948275910263 0.0 1.6431676725154984 0.6085806194501846 1 0 0 0.6530927525333741 -0.7572779255916424 4.859862667536687
cell 18.684474442805755 49.87167897823729 0.0 1.6431676725154984 0.6085806194501846 1 0 0 0.5481393913537406 -0.8363869963398228 5.122909240380775
cell 36.50981463482548 41.9991818805915 0.0 1.0 1.0 1 0 0 0.0 1.0 0
cell 21.764399680642278 59.526315027439914 0.0 1.6431676725154984 0.6085806194501846 1 0 0 0.6692738953963954 -0.7430157824305853 4.816723073184058
cell 41.600186673085965 54.267812737056964 0.0 1.6431676725154984 0.6085806194501846 1 0 0 0.9984628450569006 -0.055425148090732325 3.2524997827441338
cell 59.56716349982048 57.22415621419103 0.0 1.6431676725154984 0.6085806194501846 1 0 0 0.9593355125825473 0.28226826654440107 2.569277246052646
cell 20.20939379989935 48.14580903263093 0.0 1.6431676725154984 0.6085806194501846 1 0 0 0.5086944798483298 -0.8609471099735669 5.2158498410544105
cell 56.53447620671599 16.098350670597927 0.0 1.6431676725154984 0.6085806194501846 1 0 0 0.7886966957017544 -0.6147824999047503 4.465812984231386
cell 23.308083094889138 3.428069383912374 0.0 1.6431676725154984 0.6085806194501846 1 0 0 -0.9994165376605321 -0.03415529608471012 3.07326877276631
cell 25.898381685386266 53.749547702499015 0.0 1.0 1.0 1 0 0 0.0 1.0 0
cell 15.003219454136458 48.61884087124223 0.0 1.6431676725154984 0.6085806194501846 1 0 0 0.4580283594496161 -0.888937580452021 5.331633399678654
cell 22.050710924334894 53.32717591793274 0.0 1.6431676725154984 0.6085806194501846 1 0 0 0.44930296488222277 -0.8933794522754842 5.351215381342204
cell 28.913391925114826 6.48239707384325 0.0 1.6431676725154984 0.6085806194501846 1 0 0 0.9989900429402977 -0.04493210551645953 3.231487129847812
cell 47.77623733331009 8.817377568659976 0.0 1.6431676725154984 0.6085806194501846 1 0 0 0.9369743203315014 -0.3493982298743383 3.8554502104231814
cell 24.045012213944474 36.024065237240954 0.0 1.6431676725154984 0.6085806194501846 1 0 0 0.03902988262963557 -0.9992380438423654 6.205105709836111
cell 65.77034011275822 53.2143977767027 0.0 1.6431676725154984 0.6085806194501846 1 0 0 0.9108223528059691 0.41279854848218483 2.290543689469439
cell 46.01750271972299 34.76284999698389 0.0 1.6431676725154984 0.6085806194501846 1 0 0 0.733610410956947 -0.6795702796146836 4.635946082781647
cell 30.55596445011944 50.54117474699592 0.0 1.0 1.0 1 0 0 0.0 1.0 0
cell 38.538032177817804 7.761283075747645 0.0 1.6431676725154984 0.6085806194501846 1 0 0 0.8632621166686149 -0.5047558993462313 4.19979100667595
cell 9.671635265092522 59.16377882361766 0.0 1.6431676725154984 0.6085806194501846 1 0 0 0.5070807626972513 -0.8618985439727659 5.219596471927495
cell 30.479543506594755 53.58709546886126 0.0 1.0 1.0 1 0 0 0.0 1.0 0
cell 49.78343523059199 16.314414844034197 0.0 1.6431676725154984 0.6085806194501846 1 0 0 0.8747792208588452 -0.48452173816413213 4.153225377478263
cell 30.651917066823973 0.6327624221419434 0.0 1.6431676725154984 0.6085806194501846 1 0 0 -0.9995054303290404 -0.031446696849746346 3.078688889450367
cell 45.72264600227203 50.61966273766741 0.0 1.6431676725154984 0.6085806194501846 1 0 0 -0.9997845149828942 -0.020758699391315714 3.100072272424301
cell 51.71234620244794 57.81957845764396 0.0 1.6431676725154984 0.6085806194501846 1 0 0 0.9459619980945084 0.3242775017805665 2.4810969393266924
cell 47.965227503561614 32.616400327383296 0.0 1.6431676725154984 0.6085806194501846 1 0 0 -0.7917527335895967 -0.6108417216050334 1.8273461191600688
cell 38.81226705572506 30.386366955393385 0.0 1.6431676725154984 0.6085806194501846 1 0 0 -0.5497017385273519 0.8353609990058231 5.119171005376193
cell 40.32055825500736 14.748129281466227 0.0 1.6431676725154984 0.6085806194501846 1 0 0 -0.5268889779862455 0.8499341179624511 5.173313136601042
cell 15.174446470251379 55.59164793578527 0.0 1.6431676725154984 0.6085806194501846 1 0 0 -0.7278559693709211 0.6857300400676033 4.652805106188417
cell 42.134624765781176 8.77213899890014 0.0 1.6431676725154984 0.6085806194501846 1 0 0 0.854025803404761 -0.5202306480003389 4.235834653496027
cell 9.412504058470653 0.6255827268635211 0.0 1.6431676725154984 0.6085806194501846 1 0 0 0.6413044507811033 -0.7672865184586182 4.89079102055027
cell 17.250831931387935 55.08087877606165 0.0 1.6431676725154984 0.6085806194501846 1 0 0 -0.7126059016723536 0.7015645579002205 4.696774003635769
cell 52.658490880013524 31.56046642353925 0.0 1.6431676725154984 0.6085806194501846 1 0 0 0.9980272623896317 0.0627820318806042 3.0159459563021707
cell 10.89507873523928 48.7228482922968 0.0 1.0 1.0 1 0 0 0.0 1.0 0
cell 41.422259001705356 14.837066175456473 0.0 1.6431676725154984 0.6085806194501846 1 0 0 -0.6449727771638327 0.7642055461180408 4.881209986597329
cell 25.824869667175033 47.75512853878976 0.0 1.6431676725154984 0.6085806194501846 1 0 0 0.6294029069960543 -0.7770791341072775 4.92161612512721
cell 34.02892926726109 14.566042235211416 0.0 1.6431676725154984 0.6085806194501846 1 0 0 0.6168315886564297 -0.7870951602160854 4.953763559640109
cell 15.776735463861911 53.124620149069784 0.0 1.6431676725154984 0.6085806194501846 1 0 0 0.6539844031653512 -0.7565080306358019 4.857506586678118
cell 21.18725282101799 57.41590111381633 0.0 1.6431676725154984 0.6085806194501846 1 0 0 0.5750452256924102 -0.8181216220149452 5.057866453403339
cell 33.984486039424226 3.6326896329031815 0.0 1.6431676725154984 0.6085806194501846 1 0 0 0.9821857238103081 -0.1879127562014384 3.5196658772154725
cell 39.72298196585005 8.050053610769162 0.0 1.6431676725154984 0.6085806194501846 1 0 0 -0.8531434326631796 0.5216764162809037 4.239222174555758
cell 16.957634812511373 6.690934019302741 0.0 1.6431676725154984 0.6085806194501846 1 0 0 0.9361249832381316 -0.35166747895904144 3.860296185156445
cell 42.55291780867191 55.5736330608127 0.0 1.6431676725154984 0.6085806194501846 1 0 0 0.9801898782525437 -0.19806009838244434 3.540349484837853
cell 20.610930071463297 5.960994344760653 0.0 1.6431676725154984 0.6085806194501846 1 0 0 0.9763229601719143 -0.2163180007330655 3.577675838198419
cell 0.23913232130861928 64.8678036013254 0.0 1.6431676725154984 0.6085806194501846 1 0 0 0.6173234859401332 -0.7867094213918645 4.952513347832533
cell 23.601725629271503 45.44633861807485 0.0 1.6431676725154984 0.6085806194501846 1 0 0 -0.4968693105739012 0.8678253788693991 5.243210259914942
cell 49.60815957503575 28.80209913441232 0.0 1.6431676725154984 0.6085806194501846 1 0 0 0.8822426549679405 0.47079496360424195 2.1612093876286247
cell 33.81522352306914 64.59510686932731 0.0 1.0 1.0 1 0 0 0.0 1.0 0
cell 40.691905570767844 57.77246324050854 0.0 1.0 1.0 1 0 0 0.0 1.0 0
cell 16.99537876448522 34.00996848033589 0.0 1.6431676725154984 0.6085806194501846 1 0 0 0.20791919509882786 -0.9781460056195371 5.864290942826093
cell 40.15233043432541 63.22825269725592 0.0 1.0 1.0 1 0 0 0.0 1.0 0
cell 24.49525302585224 39.84856471018845 0.0 1.6431676725154984 0.6085806194501846 1 0 0 0.19824206550097212 -0.9801530918514252 5.884057179437433
cell 19.169299518810355 52.62236195937347 0.0 1.6431676725154984 0.6085806194501846 1 0 0 0.5037923346798632 -0.8638247990870677 5.22721860684374
cell 44.63882219341195 22.172368600530973 0.0 1.6431676725154984 0.6085806194501846 1 0 0 0.6399560097006738 -0.7684115470553466 4.894303275372134
cell 42.12552134720397 47.732246359220454 0.0 1.6431676725154984 0.6085806194501846 1 0 0 0.9482516351878097 0.31751982042644994 2.495367035511213
cell 29.127220112923524 54.820923000499064 0.0 1.0 1.0 1 0 0 0.0 1.0 0
cell 29.085336547621594 50.28157818156509 0.0 1.0 1.0 1 0 0 0.0 1.0 0
cell 58.61629373179649 8.895293494434002 0.0 1.6431676725154984 0.6085806194501846 1 0 0 0.8816897370148312 0.4718296383682543 2.1588630966935547
cell 10.177721550674429 17.541999098378433 0.0 1.6431676725154984 0.6085806194501846 1 0 0 0.4584924578398475 -0.8886982986953309 5.330589094970066
cell 14.759854554563425 9.878795364729829 0.0 1.6431676725154984 0.6085806194501846 1 0 0 -0.9011451681441998 0.4335174574689719 4.038377550252315
cell 28.59593352152183 40.995085754788 0.0 1.6431676725154984 0.6085806194501846 1 0 0 -0.39046679289022684 0.9206170124704521 5.480908143713169
cell 29.118576500181387 31.30060325099673 0.0 1.6431676725154984 0.6085806194501846 1 0 0 0.46229156227763474 0.8867279805255407 0.9611555056789183
cell 53.72961349534635 7.069201462132845 0.0 1.6431676725154984 0.6085806194501846 1 0 0 0.7822849700753798 -0.62292072175692 4.48653416572365
cell 48.73399965375991 16.82277718130872 0.0 1.6431676725154984 0.6085806194501846 1 0 0 -0.7828571264822846 0.6222015103773859 4.484696092795974
cell 34.34875611346456 42.45204289904316 0.0 1.6431676725154984 0.6085806194501846 1 0 0 0.22985977053020584 -0.9732237594159943 5.819318121546539
cell 30.031268336521684 56.78621977468691 0.0 1.6431676725154984 0.6085806194501846 1 0 0 0.9940929386928397 -0.10853215763557877 3.3590853853777514
cell 39.4601435543144 34.564607479869714 0.0 1.6431676725154984 0.6085806194501846 1 0 0 0.5592123497682917 -0.8290244555298871 5.096314502506052
cell 23.112107277370896 58.50777352437239 0.0 1.0 1.0 1 0 0 0.0 1.0 0
cell 26.30872836754529 58.884472925768605 0.0 1.0 1.0 1 0 0 0.0 1.0 0
cell 25.001264056387022 33.14106008993248 0.0 1.6431676725154984 0.6085806194501846 1 0 0 0.01732842922997979 0.9998498514979245 0.034658593122604296
cell 31.242849043497305 6.978187513210132 0.0 1.6431676725154984 0.6085806194501846 1 0 0 0.9704954541519005 -0.2411194174480695 3.62863092462516
cell 20.20428282184422 12.151162654689614 0.0 1.6431676725154984 0.6085806194501846 1 0 0 0.9999238492113818 -0.012340817569914828 3.1662749152573673
cell 5.273247539658264 63.28001120027878 0.0 1.6431676725154984 0.6085806194501846 1 0 0 0.7385980569504607 -0.6741460600411487 4.621208509543602
cell 38.798390160856655 38.382014004003146 0.0 1.6431676725154984 0.6085806194501846 1 0 0 0.30959074571059453 -0.9508699018111563 5.653660102401516
cell 17.496462091064874 63.83992418621792 0.0 1.6431676725154984 0.6085806194501846 1 0 0 0.9890887579457892 -0.14732083662963616 3.437310661515798
cell 6.637920058242193 63.2632443463837 0.0 1.6431676725154984 0.6085806194501846 1 0 0 0.5670120207071805 -0.823709516986152 5.077437627785054
cell 43.934146265932405 14.95019360171311 0.0 1.6431676725154984 0.6085806194501846 1 0 0 0.7432340232262118 -0.6690315289423802 4.607402597637981
cell 44.532200165100384 55.15785223098004 0.0 1.6431676725154984 0.6085806194501846 1 0 0 0.9966275531083583 -0.08205803059571032 3.30589345491591
cell 24.381316327012566 53.50225300590467 0.0 1.0 1.0 1 0 0 0.0 1.0 0
cell 1.6674538556055283 45.28306113260369 0.0 1.6431676725154984 0.6085806194501846 1 0 0 0.9201801779503178 0.3914951342064439 2.3370809338895997
cell 24.146720989000954 8.691707134728874 0.0 1.6431676725154984 0.6085806194501846 1 0 0 0.9970548286596163 -0.07669203769977265 3.295127487402351
cell 42.88245978512877 29.820657888325684 0.0 1.6431676725154984 0.6085806194501846 1 0 0 0.8108298458590758 -0.5852819500583862 4.392048142350862
cell 15.869581730611172 40.21925660868579 0.0 1.6431676725154984 0.6085806194501846 1 0 0 -0.1981744194047359 0.9801667712657861 5.884195210169013
cell 34.5277390019925 32.94531810625714 0.0 1.6431676725154984 0.6085806194501846 1 0 0 0.02878609944252629 -0.9995855943734309 6.225605154228317
cell 49.53976819015538 27.044449945798345 0.0 1.6431676725154984 0.6085806194501846 1 0 0 -0.9103599197085287 -0.41381737105670324 2.288305972830944
cell 21.12879010437158 39.59424147457044 0.0 1.6431676725154984 0.6085806194501846 1 0 0 0.21063501156267214 -0.9775647763212385 5.858736308177208
cell 31.16003698069346 46.99700973419336 0.0 1.0 1.0 1 0 0 0.0 1.0 0
cell 23.787206229541432 56.680672310091786 0.0 1.0 1.0 1 0 0 0.0 1.0 0
cell 11.774582643886744 58.17638750465745 0.0 1.6431676725154984 0.6085806194501846 1 0 0 0.5427492294788617 -0.839894799305307 5.135771381606375
cell 4.769430687149326 0.775348263362347 0.0 1.6431676725154984 0.6085806194501846 1 0 0 0.7764870917594581 -0.6301331576190377 4.505042027312259
cell 29.34494841251188 16.461571202402034 0.0 1.6431676725154984 0.6085806194501846 1 0 0 0.7602644095166391 0.6496137526425345 1.7274400877314853
cell 38.6785550821764 0.17147694239874972 0.0 1.6431676725154984 0.6085806194501846 1 0 0 0.9938648417834045 -0.11060142976855333 3.363248997715919
cell 56.74120714090889 66.12221414217002 0.0 1.6431676725154984 0.6085806194501846 1 0 0 0.23557392153648937 -0.9718564335805572 5.807567172483218
cell 43.98416709715122 25.08204023872775 0.0 1.6431676725154984 0.6085806194501846 1 0 0 0.669245890280682 -0.7430410071741783 4.816798454194813
cell 49.8800945360868 2.0152514362865874 0.0 1.6431676725154984 0.6085806194501846 1 0 0 0.9734862208333073 -0.22874566192101925 3.603170626142608
cell 38.05794781938984 6.030838876879025 0.0 1.6431676725154984 0.6085806194501846 1 0 0 -0.9245281236322269 0.381113826321053 3.9235941514052795
cell 47.97833532318213 29.901257002358076 0.0 1.6431676725154984 0.6085806194501846 1 0 0 0.8011589895564032 0.5984515631636056 1.8584587248209619
cell 30.76876740105145 16.764928076506497 0.0 1.6431676725154984 0.6085806194501846 1 0 0 0.46461198744488386 -0.8855143709294137 5.316792540717749
cell 62.50863063266409 64.8338370093405 0.0 1.6431676725154984 0.6085806194501846 1 0 0 -0.11975890537253184 -0.9928030039156676 0.2400940729449177
cell 32.542782099672834 27.423468716644475 0.0 1.6431676725154984 0.6085806194501846 1 0 0 -0.7096652918169524 0.7045389794683896 4.70513926406001
cell 18.6407786195816 38.56528114039789 0.0 1.6431676725154984 0.6085806194501846 1 0 0 -0.3423679559629475 0.9395659544330847 5.584313287539319
cell 13.526208402393578 10.212215746538725 0.0 1.6431676725154984 0.6085806194501846 1 0 0 -0.8762049807029368 0.48193861828179546 4.147324426444831
cell 46.13729854942725 39.23528806563289 0.0 1.6431676725154984 0.6085806194501846 1 0 0 0.8045935215951215 -0.5938259551477695 4.413204021592533
cell 4.925162195370184 54.206581880228136 0.0 1.6431676725154984 0.6085806194501846 1 0 0 0.7489631050541081 -0.6626117017286285 4.590193644522348
cell 37.047345365176966 19.840110461294902 0.0 1.6431676725154984 0.6085806194501846 1 0 0 0.6071492479214972 -0.7945878118549016 4.978249426822239
cell 13.14859140355724 65.57985950768754 0.0 1.6431676725154984 0.6085806194501846 1 0 0 0.774756496978073 -0.6322597333297962 4.510525561668886
cell 51.801527010262525 49.56826870690278 0.0 1.6431676725154984 0.6085806194501846 1 0 0 0.9602738233985123 0.279059463368657 2.575963606921816
cell 28.147662429430678 33.35498014034597 0.0 1.6431676725154984 0.6085806194501846 1 0 0 0.15645691547863802 0.9876847845334615 0.31420472601270716
cell 36.45730897066573 40.353313899325016 0.0 1.6431676725154984 0.6085806194501846 1 0 0 0.333301003079528 -0.9428204714293069 5.603580070680727
cell 27.6812351127571 66.13152303861561 0.0 1.6431676725154984 0.6085806194501846 1 0 0 0.9671396073137776 0.25424590451952617 2.627456841783513
cell 11.482861029081937 50.817714397457465 0.0 1.6431676725154984 0.6085806194501846 1 0 0 0.30054069046565474 -0.9537689937162077 5.672666302805595
cell 64.26682891446377 52.35764175378256 0.0 1.6431676725154984 0.6085806194501846 1 0 0 0.9761210604322215 0.21722724364286222 2.7036466901573513
cell 36.669852661080256 33.29774408952976 0.0 1.6431676725154984 0.6085806194501846 1 0 0 0.21376099642179933 -0.9768859894628233 5.852338639331744
cell 5.72907667064496 57.71358359796366 0.0 1.6431676725154984 0.6085806194501846 1 0 0 0.43531954631596675 -0.9002760091190151 5.382398929311894
cell 24.910965122979313 17.058255554291666 0.0 1.6431676725154984 0.6085806194501846 1 0 0 0.9615787083616223 0.27452939300846124 2.5853921388107617
cell 20.461068263581186 63.964288507062086 0.0 1.6431676725154984 0.6085806194501846 1 0 0 0.997430910310154 -0.07163504141031614 3.284985553862195
cell 53.192874501880134 11.674043820275338 0.0 1.6431676725154984 0.6085806194501846 1 0 0 0.9954098637522873 0.09570372586609491 2.9498918009927975
cell 40.49244487446005 10.266834819774 0.0 1.6431676725154984 0.6085806194501846 1 0 0 0.7275778026875289 -0.6860251752205506 4.653616232478237
cell 30.173825939577764 42.80549970799899 0.0 1.6431676725154984 0.6085806194501846 1 0 0 -0.4745949860977356 0.8802042939970756 5.2941776304644135
cell 13.65468751626677 51.40690505068058 0.0 1.6431676725154984 0.6085806194501846 1 0 0 0.49225825237338106 -0.8704492018321947 5.253820890562891
cell 35.36188637630933 25.409109533925896 0.0 1.6431676725154984 0.6085806194501846 1 0 0 0.6424209189451635 -0.7663519836874252 4.887879074963958
cell 44.831855912953486 12.504187209869432 0.0 1.6431676725154984 0.6085806194501846 1 0 0 0.8208216816757611 -0.5711845296320407 4.357489121830469
cell 22.130131193287937 23.84525203220528 0.0 1.6431676725154984 0.6085806194501846 1 0 0 0.7107488285656957 -0.7034458775858249 4.702061002161345
cell 48.360417882945534 2.270356051853499 0.0 1.6431676725154984 0.6085806194501846 1 0 0 0.9440296081109935 -0.32986072668598193 3.8139047349650212
cell 5.749172137074779 66.93271544298955 0.0 1.6431676725154984 0.6085806194501846 1 0 0 0.835899280919597 -0.548882858320517 4.3036470448965645
cell 60.527345903017974 29.12099148804102 0.0 1.6431676725154984 0.6085806194501846 1 0 0 0.0314117464445054 -0.9995065293360049 6.220351478400113
cell 12.451870358912343 39.51120376648572 0.0 1.6431676725154984 0.6085806194501846 1 0 0 -0.28669872237868227 0.9580207944436443 5.701627073084289
cell 16.6503925779286 62.54168732648285 0.0 1.0 1.0 1 0 0 0.0 1.0 0
cell 59.99948514017076 48.45491463463889 0.0 1.6431676725154984 0.6085806194501846 1 0 0 0.03164833323161431 0.9994990660344114 0.06330723773150854
cell 39.63933845289648 4.264176790538969 0.0 1.6431676725154984 0.6085806194501846 1 0 0 0.9599132634744918 -0.28029721119866846 3.70980008997207
cell 41.19494141086056 34.71430002382464 0.0 1.6431676725154984 0.6085806194501846 1 0 0 0.539295739574894 -0.8421164440125654 5.143984133013037
cell 2.8371000093953147 61.44132091849728 0.0 1.6431676725154984 0.6085806194501846 1 0 0 0.8083227847699213 -0.5887395651914347 4.40058991861562
cell 26.208521958702608 0.7213579998986324 0.0 1.6431676725154984 0.6085806194501846 1 0 0 -0.9869802087844518 -0.1608417466573895 2.8185057648068397
cell 22.594588578572008 49.99979226118844 0.0 1.6431676725154984 0.6085806194501846 1 0 0 -0.5221550567090905 0.8528505711747671 5.184433530415415
cell 16.446133370661897 65.38742358876972 0.0 1.6431676725154984 0.6085806194501846 1 0 0 0.9769399533741246 -0.21351423254987745 3.5719341303349905
cell 17.6323547586082 60.89307296974935 0.0 1.0 1.0 1 0 0 0.0 1.0 0
cell 6.698312000576068 48.29380864566991 0.0 1.6431676725154984 0.6085806194501846 1 0 0 0.5150609080399269 -0.8571535807596478 5.201027894732987
cell 35.056931077556555 66.33568879867519 0.0 1.6431676725154984 0.6085806194501846 1 0 0 0.9990008091195133 0.04469209525808658 3.052178680547234
cell 24.19735509539311 41.028853977553936 0.0 1.6431676725154984 0.6085806194501846 1 0 0 -0.2964494955195696 0.9550485310214307 5.6812395448853215
cell 37.39306115300076 55.104926551530546 0.0 1.6431676725154984 0.6085806194501846 1 0 0 0.9970960298319773 -0.07615449621203361 3.2940492510744814
cell 52.802349314711165 64.57140852515454 0.0 1.6431676725154984 0.6085806194501846 1 0 0 0.2869055549429787 0.9579588730957407 0.5819900394364441
cell 42.903998516720925 24.69074973560855 0.0 1.6431676725154984 0.6085806194501846 1 0 0 0.7214644388865746 -0.6924514881362305 4.671355593280165
cell 40.12316196547923 16.759032709979625 0.0 1.6431676725154984 0.6085806194501846 1 0 0 -0.5409538688621444 0.8410522645847153 5.140043639722272
cell 36.666921670663754 4.12207365223253 0.0 1.6431676725154984 0.6085806194501846 1 0 0 0.95751129596452 -0.28839576643970577 3.726694641664521
cell 45.14375706853444 32.20501006502945 0.0 1.6431676725154984 0.6085806194501846 1 0 0 0.7334111686760579 -0.6797853026222462 4.636532367289
cell 11.699932654972315 64.0817530741417 0.0 1.6431676725154984 0.6085806194501846 1 0 0 -0.6317070837956417 0.7752071724915902 4.915678624815639
cell 14.512104814266904 3.346096477167835 0.0 1.6431676725154984 0.6085806194501846 1 0 0 -0.9236981201292782 0.38312110731417237 3.927938381903433
cell 38.69349396007366 22.525378783487522 0.0 1.6431676725154984 0.6085806194501846 1 0 0 -0.6407000958993601 0.7677912392796304 4.892365806837081
cell 54.1614144841017 52.27718934322556 0.0 1.6431676725154984 0.6085806194501846 1 0 0 -0.17873812560778102 0.983896682814927 5.923777758947158
cell 27.81033259756239 59.626092590915505 0.0 1.0 1.0 1 0 0 0.0 1.0 0
cell 3.588484915742899 53.751071048693184 0.0 1.6431676725154984 0.6085806194501846 1 0 0 0.6122323887636164 -0.7906778750849147 4.965423505052317
cell 53.586955388698314 58.08685520870323 0.0 1.6431676725154984 0.6085806194501846 1 0 0 0.9803507219874773 0.1972624188704782 2.7444632907407094
cell 65.87065073126125 59.44872161021934 0.0 1.6431676725154984 0.6085806194501846 1 0 0 -0.20121483345285954 0.9795471355675224 5.877989382679445
cell 39.88938522324066 56.155655081799104 0.0 1.0 1.0 1 0 0 0.0 1.0 0
cell 25.27912311863372 10.08900838119312 0.0 1.6431676725154984 0.6085806194501846 1 0 0 -0.9846807286592549 0.17436703417526683 3.492118490138573
cell 31.344248726442157 54.47521666335415 0.0 1.6431676725154984 0.6085806194501846 1 0 0 0.9797920168797555 0.20001900824346913 2.738838011517798
cell 23.26996063212608 50.82399221917707 0.0 1.6431676725154984 0.6085806194501846 1 0 0 -0.4865673227660784 0.8736430852563596 5.266872744418196
cell 44.554640616248065 27.29913866570666 0.0 1.6431676725154984 0.6085806194501846 1 0 0 0.6780787220915424 -0.734989283355003 4.792894406438656
cell 38.59018950769596 47.76750193982495 0.0 1.0 1.0 1 0 0 0.0 1.0 0
cell 0.016328190066985826 20.97052651054794 0.0 1.6431676725154984 0.6085806194501846 1 0 0 0.3273439156486562 -0.9449052655625354 5.616202810393124
cell 51.16591732085231 19.25178383594165 0.0 1.6431676725154984 0.6085806194501846 1 0 0 0.7986416337093832 -0.60180689669196 4.433115949282716
cell 34.96717345382074 63.37626808586916 0.0 1.0 1.0 1 0 0 0.0 1.0 0
cell 45.44227838851052 52.31877900986123 0.0 1.6431676725154984 0.6085806194501846 1 0 0 0.9440866416151937 0.3296974569567452 2.469626461359587
cell 31.927930662284172 61.61415190334447 0.0 1.0 1.0 1 0 0 0.0 1.0 0
cell 43.762669317484665 45.395665696781904 0.0 1.0 1.0 1 0 0 0.0 1.0 0
cell 13.915780134921329 5.970804508481209 0.0 1.6431676725154984 0.6085806194501846 1 0 0 0.9035707157414091 -0.42843898241705036 4.027121569867791
cell 38.16578152725003 46.17607443238479 0.0 1.0 1.0 1 0 0 0.0 1.0 0
cell 12.31602748512924 3.3627150143003104 0.0 1.6431676725154984 0.6085806194501846 1 0 0 -0.8462976590778601 0.5327103079905006 4.2651924461325965
cell 54.314497861682305 28.599122516432672 0.0 1.6431676725154984 0.6085806194501846 1 0 0 0.6994039355891386 0.7147266154848467 1.5491263610793415
cell 24.442502908129363 65.67841428280454 0.0 1.6431676725154984 0.6085806194501846 1 0 0 0.9983284526059493 0.05779533473742343 3.025937535927495
cell 40.636206178586 33.57422973093354 0.0 1.6431676725154984 0.6085806194501846 1 0 0 0.578840467101194 -0.8154408094068334 5.048573304865392
cell 8.693683056345822 47.08110268631921 0.0 1.6431676725154984 0.6085806194501846 1 0 0 0.40586837552036154 -0.9139315410644622 5.447327738820802
cell 10.35508418344 7.182303366614194 0.0 1.6431676725154984 0.6085806194501846 1 0 0 0.7753488150690605 -0.6315332255479548 4.508650830389664
cell 37.35683978152089 64.77135314518014 0.0 1.0 1.0 1 0 0 0.0 1.0 0
cell 27.784875358833556 43.036104782982605 0.0 1.6431676725154984 0.6085806194501846 1 0 0 0.5174774051053211 -0.8556968710971563 5.195384680616924
cell 2.2813285594105457 54.77061460439627 0.0 1.6431676725154984 0.6085806194501846 1 0 0 -0.7058046299790097 0.7084065388604153 4.716068637288752
cell 62.39391674425117 52.258990232008095 0.0 1.6431676725154984 0.6085806194501846 1 0 0 0.8577038024368849 0.5141441308478675 2.0615736746099125
cell 41.78837070909176 5.326010182708802 0.0 1.6431676725154984 0.6085806194501846 1 0 0 0.9601221123924525 -0.27958098879404314 3.708307987523527
cell 41.47506551519053 2.250770060740402 0.0 1.6431676725154984 0.6085806194501846 1 0 0 0.9915554148037445 -0.12968368969679317 3.4016925913531826
cell 13.226468247387123 1.1033737152956995 0.0 1.6431676725154984 0.6085806194501846 1 0 0 0.8686001411553028 -0.4955136676066443 4.178444865636458
cell 40.949338489761296 26.82573148684091 0.0 1.6431676725154984 0.6085806194501846 1 0 0 -0.721684272030954 0.6922223714263734 4.670720546576526
cell 25.30005058996652 43.88857155673421 0.0 1.6431676725154984 0.6085806194501846 1 0 0 -0.4839388512515528 0.8751018159330533 5.272884986760303
cell 7.612903885138272 21.641561440081116 0.0 1.6431676725154984 0.6085806194501846 1 0 0 0.994405472422555 0.1056302817191897 2.929937238724358
cell 32.829486589121615 56.642456756182675 0.0 1.6431676725154984 0.6085806194501846 1 0 0 0.9988143086301289 -0.04868240827770949 3.23899596994629
cell 40.671592217002576 38.25261847440746 0.0 1.6431676725154984 0.6085806194501846 1 0 0 0.3458589681446815 -0.9382865096301323 5.576877116217348
cell 16.590334072555823 66.52184754687326 0.0 1.6431676725154984 0.6085806194501846 1 0 0 -0.9517435853881963 0.30689435914076557 3.7654490564114442
cell 11.857267262323074 20.55001310754544 0.0 1.6431676725154984 0.6085806194501846 1 0 0 0.9965881943423651 0.08253466482287454 2.976335339214472
cell 23.49955626096991 1.4865032853656828 0.0 1.6431676725154984 0.6085806194501846 1 0 0 -0.9389734666980907 -0.3439895766400046 2.4392676954463055
cell 38.46850496888539 63.576965864739336 0.0 1.0 1.0 1 0 0 0.0 1.0 0
cell 30.136650783223473 8.63476657474957 0.0 1.6431676725154984 0.6085806194501846 1 0 0 0.9837854824926275 -0.17934916904392983 3.502242360596195
cell 53.267996973123154 47.23079023836884 0.0 1.6431676725154984 0.6085806194501846 1 0 0 0.09224809929372121 -0.9957360534683354 6.098426433215306
cell 47.684587595900226 49.06986054559701 0.0 1.6431676725154984 0.6085806194501846 1 0 0 0.9695118975175923 0.2450442420703612 2.6464620023595646
cell 54.07644803432781 39.29089661110923 0.0 1.6431676725154984 0.6085806194501846 1 0 0 0.08247783734843331 -0.9965928990045662 6.118042036580047
cell 43.635500061165 11.59505136479043 0.0 1.6431676725154984 0.6085806194501846 1 0 0 0.8099945691557145 -0.5864373776783404 4.394899598470428
cell 3.288535330106564 51.7809243088946 0.0 1.6431676725154984 0.6085806194501846 1 0 0 -0.4563483813920927 0.8898011883565997 5.335411307008159
cell 45.077162392354495 5.063477733217151 0.0 1.6431676725154984 0.6085806194501846 1 0 0 0.9434403998804777 -0.3315421720888073 3.817468118649857
cell 15.661677840461651 12.433941119721458 0.0 1.6431676725154984 0.6085806194501846 1 0 0 0.9926479070419467 -0.12103773232030834 3.3842631221814075
cell 32.92772217586785 51.28571516902939 0.0 1.0 1.0 1 0 0 0.0 1.0 0
cell 47.18198292000512 23.73346675612097 0.0 1.6431676725154984 0.6085806194501846 1 0 0 0.7852354044244267 -0.6191973511235388 4.477032882827819
cell 7.77346240642519 20.335808689406154 0.0 1.6431676725154984 0.6085806194501846 1 0 0 0.101871869669918 -0.9947975282287121 6.079087507249826
cell 4.465129361816639 47.288904400912315 0.0 1.6431676725154984 0.6085806194501846 1 0 0 -0.3655291614737499 0.9307998883284727 5.5347828241265375
cell 49.3420346487764 31.87166037091509 0.0 1.6431676725154984 0.6085806194501846 1 0 0 0.8129475594018998 -0.5823369004815808 4.384793339228203
cell 59.09792933031935 51.420062327036014 0.0 1.6431676725154984 0.6085806194501846 1 0 0 0.8723469981115496 0.4888872210293169 2.119965291116489
cell 23.896558858151046 39.02277245080129 0.0 1.6431676725154984 0.6085806194501846 1 0 0 0.20010659530410224 -0.9797741323977687 5.880251876429073
cell 36.3385519265094 14.726700628394546 0.0 1.6431676725154984 0.6085806194501846 1 0 0 0.7400164871385981 -0.6725887292863664 4.616995565243397
cell 37.001712771795546 57.195850378505284 0.0 1.0 1.0 1 0 0 0.0 1.0 0
cell 33.642796452606035 49.409517129419086 0.0 1.0 1.0 1 0 0 0.0 1.0 0
cell 46.04216656779395 47.442455775341145 0.0 1.6431676725154984 0.6085806194501846 1 0 0 0.924020475639982 0.38234298816384915 2.3569314222685116
cell 35.68311354857109 31.895690269797363 0.0 1.6431676725154984 0.6085806194501846 1 0 0 -0.13130291449209208 -0.9913422943897241 0.26336631792587006
cell 28.475451106977104 48.54442201785986 0.0 1.0 1.0 1 0 0 0.0 1.0 0
cell 34.51059766843536 46.12976412534803 0.0 1.0 1.0 1 0 0 0.0 1.0 0
cell 25.26266623524634 51.94661800228546 0.0 1.0 1.0 1 0 0 0.0 1.0 0
cell 2.226489762279185 22.133990682800583 0.0 1.6431676725154984 0.6085806194501846 1 0 0 0.5098312373531145 -0.860274438431709 5.213208095509074
cell 11.142008987766689 44.373859631706395 0.0 1.6431676725154984 0.6085806194501846 1 0 0 -0.46128342407319683 0.8872528403309325 5.324302967217134
cell 44.25521718542445 43.47119580505369 0.0 1.0 1.0 1 0 0 0.0 1.0 0
cell 33.182772299673786 39.23525818341725 0.0 1.6431676725154984 0.6085806194501846 1 0 0 0.1701177296731061 -0.9854237454267418 5.941287029155855
cell 8.59802890393067 45.52330939813095 0.0 1.6431676725154984 0.6085806194501846 1 0 0 -0.251934747245584 0.9677442240232197 5.7738273660389465
cell 49.5764107452514 14.39439121672973 0.0 1.6431676725154984 0.6085806194501846 1 0 0 -0.9044938271439109 0.42648671334352367 4.022802546362774
cell 33.93707521798868 57.790477242828146 0.0 1.0 1.0 1 0 0 0.0 1.0 0
cell 58.511285324925886 55.23966004885367 0.0 1.6431676725154984 0.6085806194501846 1 0 0 0.9565557861220247 0.291549357804944 2.5499003248917127
cell 34.01584896315396 53.87379992706015 0.0 1.6431676725154984 0.6085806194501846 1 0 0 0.9954472163320608 0.09531442438976093 2.950673979633879
cell 43.55108575879946 0.6582663966325446 0.0 1.6431676725154984 0.6085806194501846 1 0 0 0.9716305199729278 -0.23650398021415586 3.619124994306363
cell 45.03738571859518 61.29302366127125 0.0 1.0 1.0 1 0 0 0.0 1.0 0
cell 17.287787902101027 11.50420463419419 0.0 1.6431676725154984 0.6085806194501846 1 0 0 0.9997172670881266 -0.023777844432316887 3.1891528248141516
cell 24.782683758117386 59.527710328061104 0.0 1.0 1.0 1 0 0 0.0 1.0 0
cell 32.44888457702387 9.399329623744359 0.0 1.6431676725154984 0.6085806194501846 1 0 0 0.6488786894963015 -0.7608918755759996 4.870965647482788
cell 43.799218907299704 66.51820879301009 0.0 1.6431676725154984 0.6085806194501846 1 0 0 0.9984050064027171 0.05645744583303834 3.028617690753635
cell 34.114498918237935 17.255400785148705 0.0 1.6431676725154984 0.6085806194501846 1 0 0 -0.6230460835721691 0.782185130097333 4.937923272934206
cell 4.283668879565103 45.96335045443834 0.0 1.6431676725154984 0.6085806194501846 1 0 0 0.9388199081143647 0.3444084495597284 2.4383754291972184
cell 43.33691225422535 22.21287002015706 0.0 1.6431676725154984 0.6085806194501846 1 0 0 0.7597030505777722 -0.6502701553530094 4.557472631874755
cell 51.68451180810429 13.204314694047936 0.0 1.0 1.0 1 0 0 0.0 1.0 0
cell 27.494524412857594 50.288450600709005 0.0 1.0 1.0 1 0 0 0.0 1.0 0
cell 33.715560646293376 44.31382948181993 0.0 1.0 1.0 1 0 0 0.0 1.0 0
cell 38.70686332671989 17.561225350230355 0.0 1.6431676725154984 0.6085806194501846 1 0 0 -0.5155936030473339 0.8568332606153126 5.19978472301802
cell 14.661993965283672 53.39947823641198 0.0 1.6431676725154984 0.6085806194501846 1 0 0 0.5560494319064706 -0.831149222027243 5.103935184794393
cell 35.41179629500744 44.8086803187265 0.0 1.0 1.0 1 0 0 0.0 1.0 0
cell 2.3792094661668504 24.083482091544944 0.0 1.6431676725154984 0.6085806194501846 1 0 0 0.49185090852713576 -0.8706794380143769 5.254756706170058
cell 36.91119001116314 53.11607285559243 0.0 1.6431676725154984 0.6085806194501846 1 0 0 0.9912543178609905 0.13196543987704698 2.8768896535447275
cell 47.80538028512892 58.044196198012564 0.0 1.6431676725154984 0.6085806194501846 1 0 0 0.22355270072406988 -0.9746918436095454 5.8322694994316615
cell 39.14101453180343 51.30810441734533 0.0 1.6431676725154984 0.6085806194501846 1 0 0 0.9539633252823141 0.2999232802173078 2.5323681918948613
cell 29.085422933380904 45.31073689390056 0.0 1.0 1.0 1 0 0 0.0 1.0 0
cell 23.61517136170452 54.83193309380898 0.0 1.0 1.0 1 0 0 0.0 1.0 0
cell 13.07744793148912 50.58839890274153 0.0 1.6431676725154984 0.6085806194501846 1 0 0 0.4627417626200496 -0.8864931252566427 5.321014247757768
cell 37.78457556882339 49.98498470387475 0.0 1.6431676725154984 0.6085806194501846 1 0 0 0.9981213676107068 -0.061267736362071216 3.2642049170576315
cell 31.806935703317695 42.98133714552027 0.0 1.6431676725154984 0.6085806194501846 1 0 0 0.3071582899903716 -0.9516584391945415 5.658774253591559
cell 35.93813114384986 9.855432654757553 0.0 1.6431676725154984 0.6085806194501846 1 0 0 0.8130520640895736 -0.5821909833376706 4.384434379382431
cell 49.560429996224734 12.71609010430211 0.0 1.6431676725154984 0.6085806194501846 1 0 0 0.9146457322063983 -0.40425633520901255 3.973923895952308
cell 42.49951849230139 14.654945066590756 0.0 1.6431676725154984 0.6085806194501846 1 0 0 0.664361912536976 -0.7474110309396105 4.829905780396602
cell 39.71310742446731 27.268783566285528 0.0 1.6431676725154984 0.6085806194501846 1 0 0 0.6133037016894394 -0.7898471811015287 4.962712221842826
cell 32.19591695591812 44.462323732933655 0.0 1.6431676725154984 0.6085806194501846 1 0 0 0.6094635084944385 -0.7928141218555894 4.972417862971438
cell 31.485466710352096 66.42390307743861 0.0 1.6431676725154984 0.6085806194501846 1 0 0 0.996383352414601 0.08497184846195338 2.971443784333734
cell 49.489494729240626 5.928346964710687 0.0 1.6431676725154984 0.6085806194501846 1 0 0 0.9964900686252409 -0.08371106934726542 3.309210947781379
cell 14.467980265612688 26.192844181566688 0.0 1.6431676725154984 0.6085806194501846 1 0 0 -0.807614192642649 -0.5897112139362471 1.8801902239039734
cell 12.879107043810826 60.32710859811595 0.0 1.6431676725154984 0.6085806194501846 1 0 0 -0.6258389431308894 0.7799523172994689 4.93077190072252
cell 6.991992293375337 65.11286334908739 0.0 1.6431676725154984 0.6085806194501846 1 0 0 0.5996314015384301 -0.8002763162115057 4.997104426617923
cell 26.880117057830645 18.135841347089862 0.0 1.6431676725154984 0.6085806194501846 1 0 0 0.9608825892474113 0.276956042868161 2.580343093456411
cell 40.4618990588539 1.1770268640914212 0.0 1.6431676725154984 0.6085806194501846 1 0 0 0.9922254333543057 -0.12445356324694107 3.3911468411271066
cell 29.595125083667437 59.999369271968476 0.0 1.0 1.0 1 0 0 0.0 1.0 0
cell 29.2767808299888 35.42549574539175 0.0 1.6431676725154984 0.6085806194501846 1 0 0 0.10750159873021702 0.9942049116105026 0.2154194834304872
cell 27.15625070932505 64.5629829194836 0.0 1.0 1.0 1 0 0 0.0 1.0 0
cell 18.948147214284678 1.1506994696674522 0.0 1.6431676725154984 0.6085806194501846 1 0 0 -0.962733206969654 0.2704529019957547 3.689319521488094
cell 14.129699800413217 0.9241147666587135 0.0 1.6431676725154984 0.6085806194501846 1 0 0 0.8207502257902458 -0.5712872017341719 4.357739301798902
cell 66.38737764041997 62.9577619749574 0.0 1.6431676725154984 0.6085806194501846 1 0 0 0.10876219215959936 -0.9940677972636667 6.065229766688421
cell 30.11810974686323 48.67936631231946 0.0 1.0 1.0 1 0 0 0.0 1.0 0
cell 40.898751244648906 36.71864049355303 0.0 1.6431676725154984 0.6085806194501846 1 0 0 0.3152775225970079 -0.9489995172522973 5.6416871534275685
cell 42.71072988694223 58.135507605586355 0.0 1.0 1.0 1 0 0 0.0 1.0 0
cell 42.205178083424876 26.97699722746818 0.0 1.6431676725154984 0.6085806194501846 1 0 0 0.6999355579070279 -0.7142060030393035 4.7325707799363
cell 21.359862213425043 1.8053387788758557 0.0 1.6431676725154984 0.6085806194501846 1 0 0 -0.9915085484362339 -0.13004152559037563 2.8807709319680272
cell 36.06078902457961 54.22684074237391 0.0 1.6431676725154984 0.6085806194501846 1 0 0 0.998650329731267 0.05193764460997119 3.03767060666271
cell 31.642843713217143 32.865876242644376 0.0 1.6431676725154984 0.6085806194501846 1 0 0 0.23981909184906122 0.970817595217913 0.48435900113613145
cell 53.02537778891287 28.027693252738086 0.0 1.6431676725154984 0.6085806194501846 1 0 0 0.6283657415529706 -0.7779180514955193 4.924284079253131
cell 40.29539311250962 29.347638040105426 0.0 1.6431676725154984 0.6085806194501846 1 0 0 0.6676737139547883 -0.7444540359846399 4.821026167753119
cell 26.051800824154327 35.124541265468274 0.0 1.6431676725154984 0.6085806194501846 1 0 0 0.027081274392597568 -0.9996332350303649 6.229016135780951
cell 28.82700662950449 0.01557970520231822 0.0 1.6431676725154984 0.6085806194501846 1 0 0 0.9978554578942568 0.06545597872343749 3.0105870337244958
cell 58.67227660215877 22.310566110384926 0.0 1.6431676725154984 0.6085806194501846 1 0 0 0.5717500740116629 0.8204278474476948 1.2172747945638909
cell 4.028181553189275 61.14594472601422 0.0 1.6431676725154984 0.6085806194501846 1 0 0 0.7685525888002673 -0.6397866193102253 4.530033841305153
cell 47.7016325969863 11.813587935894377 0.0 1.6431676725154984 0.6085806194501846 1 0 0 0.8824972647695105 -0.47031752856376985 4.120893754358269
cell 41.99374775829418 66.09206717322664 0.0 1.6431676725154984 0.6085806194501846 1 0 0 0.9956822947454922 0.09282654755160695 2.9556718977092675
cell 36.92342040555137 48.3899250680556 0.0 1.0 1.0 1 0 0 0.0 1.0 0
cell 22.514657914856446 32.68148168402326 0.0 1.6431676725154984 0.6085806194501846 1 0 0 0.3060273259681068 -0.952022728594654 5.661150626081541
cell 27.44034939745529 5.7630816835066225 0.0 1.6431676725154984 0.6085806194501846 1 0 0 -0.9997081077123829 -0.02415987115293878 3.093268209348221
cell 19.218772116584915 47.486811704893 0.0 1.6431676725154984 0.6085806194501846 1 0 0 0.4885259433324435 -0.8725493697729351 5.262386137596955
cell 40.01358270381787 31.69739336470207 0.0 1.6431676725154984 0.6085806194501846 1 0 0 0.12518459978340815 -0.9921334668163694 6.032157522293865
cell 47.42432730981338 44.83823349832823 0.0 1.6431676725154984 0.6085806194501846 1 0 0 0.879070772636635 0.4766912802810951 2.1478187109711473
cell 32.83121815189439 17.443600140136617 0.0 1.6431676725154984 0.6085806194501846 1 0 0 0.5901232178918582 -0.8073131905926958 5.0207623883969825
cell 13.84843525988636 61.29807688165875 0.0 1.6431676725154984 0.6085806194501846 1 0 0 -0.7614866761533894 0.6481805628379047 4.551978008386101
cell 34.271878834977294 5.459841431849091 0.0 1.6431676725154984 0.6085806194501846 1 0 0 0.9697663404957867 -0.24403533523121193 3.6346423105029615
cell 46.04419966621466 14.092335577677037 0.0 1.6431676725154984 0.6085806194501846 1 0 0 0.8358052856604561 -0.5490259779482601 4.3039894968590815
cell 3.5719348566703095 56.34376331489678 0.0 1.6431676725154984 0.6085806194501846 1 0 0 0.5434989340520783 -0.8394098573904494 5.133985631723719
cell 10.261520770130668 64.39630034129733 0.0 1.6431676725154984 0.6085806194501846 1 0 0 0.5720477516387366 -0.8202203178689652 5.065184756466144
cell 7.887103252702601 53.92869176953503 0.0 1.0 1.0 1 0 0 0.0 1.0 0
cell 44.9498220920204 46.35538145529633 0.0 1.6431676725154984 0.6085806194501846 1 0 0 0.9640875352097873 0.26558468414635134 2.6039719826700773
cell 39.89419067988257 45.9750104959275 0.0 1.0 1.0 1 0 0 0.0 1.0 0
cell 16.854202858500276 57.949351380887144 0.0 1.6431676725154984 0.6085806194501846 1 0 0 0.757982608789799 -0.6522747617164185 4.562755953056043
cell 6.1346137551682896 2.8191097783530723 0.0 1.6431676725154984 0.6085806194501846 1 0 0 0.8058387180611931 -0.5921350863388294 4.409004234365299
cell 47.954440793300655 21.995377248661374 0.0 1.6431676725154984 0.6085806194501846 1 0 0 0.7576184555755142 -0.6526976909499317 4.563872155023644
cell 35.41502166583837 51.01096597539042 0.0 1.6431676725154984 0.6085806194501846 1 0 0 0.9225113503431293 0.3859699580124031 2.3490746063000767
cell 15.689302900645584 49.315491930973856 0.0 1.6431676725154984 0.6085806194501846 1 0 0 0.44807675007526904 -0.8939950928511772 5.353959550700378
cell 28.88232536678528 64.54887179963862 0.0 1.0 1.0 1 0 0 0.0 1.0 0
cell 42.135532791588595 50.48511769604888 0.0 1.6431676725154984 0.6085806194501846 1 0 0 0.9980595061727726 0.06226734407505446 3.0169773499314445
cell 9.476111513414338 4.135501728244281 0.0 1.6431676725154984 0.6085806194501846 1 0 0 0.7497721672909919 -0.6616960761223908 4.587749916108884
cell 21.575084143016035 40.49804200390904 0.0 1.6431676725154984 0.6085806194501846 1 0 0 0.21646571778771623 -0.9762902196696681 5.8467995187457
cell 57.40638386443885 24.774530638588935 0.0 1.6431676725154984 0.6085806194501846 1 0 0 0.35745103549503987 -0.933931880397882 5.552110947305287
cell 29.17104727551054 58.43909786959983 0.0 1.0 1.0 1 0 0 0.0 1.0 0
cell 46.18081108928258 59.96228977826113 0.0 1.6431676725154984 0.6085806194501846 1 0 0 0.8496162741994114 -0.5274013524968536 4.252670730147821
cell 29.32153565151723 5.274492286271921 0.0 1.6431676725154984 0.6085806194501846 1 0 0 0.996889197865214 -0.07881578001675955 3.299387870814637
cell 39.64753025132415 5.169986011309524 0.0 1.6431676725154984 0.6085806194501846 1 0 0 0.9588757994777761 -0.2838260051085096 3.7171563752451746
cell 45.72118538593966 0.9816680962911358 0.0 1.6431676725154984 0.6085806194501846 1 0 0 0.9522161000571692 -0.30542511159352165 3.7623623371561266
cell 14.148979358617746 30.139991270446263 0.0 1.6431676725154984 0.6085806194501846 1 0 0 0.9229180502650998 0.38499645776924585 2.351184684642896
cell 35.38825967671882 2.33439076862116 0.0 1.6431676725154984 0.6085806194501846 1 0 0 -0.98193084023875 0.1892401252061054 3.52236911556066
cell 38.10734124913169 12.471150948115577 0.0 1.6431676725154984 0.6085806194501846 1 0 0 0.6731654530388425 -0.7394919018048879 4.806223164831314
cell 33.22385126515587 63.194701131259116 0.0 1.0 1.0 1 0 0 0.0 1.0 0
cell 11.016408169632935 27.041824913507067 0.0 1.6431676725154984 0.6085806194501846 1 0 0 0.9545979297245729 0.29789728526047266 2.5366143101486527
cell 24.069780000884077 48.15109463256448 0.0 1.6431676725154984 0.6085806194501846 1 0 0 0.5371421588755477 -0.8434917315294299 5.149094643412329
cell 34.44696419283371 41.00595897636983 0.0 1.6431676725154984 0.6085806194501846 1 0 0 0.33813976078987523 -0.9410959048752502 5.593306266321107
cell 1.162557478569761 17.158264660993506 0.0 1.6431676725154984 0.6085806194501846 1 0 0 -0.17294856618069268 0.9849308571955915 5.935540176165907
cell 23.24031620998351 44.26819341849495 0.0 1.6431676725154984 0.6085806194501846 1 0 0 0.3997712008558384 -0.9166149611294161 5.4606508685192185
cell 40.29303683787406 7.4768063703873855 0.0 1.6431676725154984 0.6085806194501846 1 0 0 -0.8805724829943441 0.47391149194039983 4.129047619860491
cell 17.61351122145093 49.86482824213062 0.0 1.6431676725154984 0.6085806194501846 1 0 0 -0.5467879792734599 0.83727110646555 5.1261390799383575
cell 28.339157214496286 44.21205453767239 0.0 1.6431676725154984 0.6085806194501846 1 0 0 -0.5109388406561286 0.8596170665528757 5.210632111741063
cell 26.624810978461962 62.662659234028716 0.0 1.0 1.0 1 0 0 0.0 1.0 0
cell 40.636924839294906 51.64155695527808 0.0 1.6431676725154984 0.6085806194501846 1 0 0 0.9937910776298149 0.11126227583224785 2.918606409186884
cell 32.83003229250121 59.06842240518141 0.0 1.0 1.0 1 0 0 0.0 1.0 0
cell 56.98890325208842 56.86355443288342 0.0 1.6431676725154984 0.6085806194501846 1 0 0 0.99740341165545 0.07201690369676347 2.9974340510681805
cell 14.748093453926241 51.52825456050528 0.0 1.6431676725154984 0.6085806194501846 1 0 0 0.49860124635319747 -0.8668314698573409 5.239216535841929
cell 49.39420241178105 43.64916692099442 0.0 1.6431676725154984 0.6085806194501846 1 0 0 0.8885958362384782 0.4586910069094878 2.188549584408404
cell 43.13640669352995 16.323763010473755 0.0 1.6431676725154984 0.6085806194501846 1 0 0 0.6991097052576417 -0.7150144194452118 4.734882117066609
cell 41.24579405128149 12.133013788537339 0.0 1.6431676725154984 0.6085806194501846 1 0 0 -0.6398824875007331 0.7684727725754987 4.894494629266361
cell 43.55488493271222 38.52555493470325 0.0 1.0 1.0 1 0 0 0.0 1.0 0
cell 42.99739892435965 64.71660535339436 0.0 1.0 1.0 1 0 0 0.0 1.0 0
cell 21.27382037494993 10.917719317045194 0.0 1.6431676725154984 0.6085806194501846 1 0 0 0.9673698521599385 -0.25336844541508846 3.653914136621478
cell 58.00882582263862 5.019619892301471 0.0 1.6431676725154984 0.6085806194501846 1 0 0 0.7341345175047712 0.6790040575784778 1.6487823317788932
cell 62.266010371583796 55.33463821189982 0.0 1.6431676725154984 0.6085806194501846 1 0 0 0.9857871572540483 0.16799904938118593 2.803993620204354
cell 37.64570701509854 34.22669727400288 0.0 1.6431676725154984 0.6085806194501846 1 0 0 0.14010300663974654 -0.9901369337270998 6.002054413848145
cell 46.29813761327476 65.50666410758312 0.0 1.0 1.0 1 0 0 0.0 1.0 0
cell 25.42097615758585 6.568285379112687 0.0 1.6431676725154984 0.6085806194501846 1 0 0 -0.9851626146916003 0.17162349085719425 3.486547404390365
cell 24.23003113175331 2.106738798516873 0.0 1.6431676725154984 0.6085806194501846 1 0 0 0.9639673858961103 0.2660204483279803 2.603067933372645
cell 9.21713480996752 61.71262628568206 0.0 1.6431676725154984 0.6085806194501846 1 0 0 0.5902709597953847 -0.8072051746750855 5.020396355018131
cell 25.523993723609518 31.97694775269668 0.0 1.6431676725154984 0.6085806194501846 1 0 0 -0.09441667956824148 -0.9955327672253225 0.18911505007603324
cell 33.654872305208436 12.371119639337135 0.0 1.6431676725154984 0.6085806194501846 1 0 0 0.6134813114451091 -0.7897092379525449 4.962262450621542
cell 7.9302657865911135 57.78878132868606 0.0 1.6431676725154984 0.6085806194501846 1 0 0 0.5830283835120362 -0.8124517856582888 5.0382829277615135
cell 36.18423791720825 4.601493471133631 0.0 1.6431676725154984 0.6085806194501846 1 0 0 -0.955645664378589 0.29451886892762114 3.739496689186907
cell 35.528516588436425 1.1643850947097767 0.0 1.6431676725154984 0.6085806194501846 1 0 0 0.9997500042546806 -0.022359091948603426 3.186314564311583
cell 42.153037698322585 22.287290083169722 0.0 1.6431676725154984 0.6085806194501846 1 0 0 0.7151369251499141 -0.698984390589036 4.689545350256721
cell 63.47244524782359 29.533446177987575 0.0 1.6431676725154984 0.6085806194501846 1 0 0 0.2734913326774283 -0.9618744673554467 5.729143535318461
cell 31.38311117605986 4.1070801982440015 0.0 1.6431676725154984 0.6085806194501846 1 0 0 -0.9887764283555249 0.1494027266434303 3.441521037954664
cell 22.469436044780426 56.4163341564587 0.0 1.0 1.0 1 0 0 0.0 1.0 0
cell 25.309703204509525 7.7634365063351085 0.0 1.6431676725154984 0.6085806194501846 1 0 0 0.9561867891376185 -0.2927572787800356 3.735811032222955
cell 37.298788243568545 30.677821772529708 0.0 1.6431676725154984 0.6085806194501846 1 0 0 -0.7375583763357927 0.6752833786618099 4.62429034659007
cell 28.439108062458047 62.9569101331704 0.0 1.0 1.0 1 0 0 0.0 1.0 0
cell 7.225773548320309 60.70268062516104 0.0 1.6431676725154984 0.6085806194501846 1 0 0 0.49623521420712974 -0.8681881202716403 5.244671300025255
cell 54.05655131060751 59.19782324519403 0.0 1.6431676725154984 0.6085806194501846 1 0 0 0.9975639714930559 0.06975760015225266 3.0019640551127553
cell 57.21055583204814 7.193985700589141 0.0 1.6431676725154984 0.6085806194501846 1 0 0 0.5813436542291588 0.813658131949462 1.2407581855678522
cell 40.193994987686445 2.842289474276187 0.0 1.6431676725154984 0.6085806194501846 1 0 0 0.9881455052715467 -0.15352022802106505 3.449852161918075
cell 21.03480869294768 51.420592003258506 0.0 1.6431676725154984 0.6085806194501846 1 0 0 -0.46965295061858114 0.8828511233357867 5.3053900347637954
cell 18.74330253997225 5.807180896975823 0.0 1.6431676725154984 0.6085806194501846 1 0 0 -0.9563585689369993 0.29219563244643937 3.734636374973484
cell 15.12061827395551 44.55571865193607 0.0 1.6431676725154984 0.6085806194501846 1 0 0 -0.2865743680600364 0.9580580001080262 5.7018866747641885
cell 31.62906287551025 40.6045597008098 0.0 1.6431676725154984 0.6085806194501846 1 0 0 0.24162343040073606 -0.970370093253796 5.795108297645284
cell 21.682658624325185 42.967400270521544 0.0 1.6431676725154984 0.6085806194501846 1 0 0 0.401773817089691 -0.9157389365431501 5.456279190233623
cell 47.476973284759474 17.018132992745123 0.0 1.6431676725154984 0.6085806194501846 1 0 0 0.8394796426713115 -0.5433911386289321 4.290535503511892
cell 14.093618574984134 59.052974947218665 0.0 1.6431676725154984 0.6085806194501846 1 0 0 0.7377483502002781 -0.6750758266867269 4.623727610801016
cell 10.05488961236065 41.94524980324256 0.0 1.6431676725154984 0.6085806194501846 1 0 0 0.4106273719211874 -0.9118032471038359 5.436901283339032
cell 18.761430272352033 58.76254492233249 0.0 1.6431676725154984 0.6085806194501846 1 0 0 -0.6863889867706678 0.7272345968392427 4.770161430128571
cell 53.77175719660741 55.55636985665556 0.0 1.6431676725154984 0.6085806194501846 1 0 0 0.9580717893947801 0.2865282645148365 2.5603902642273315
cell 38.86761055854097 19.16553013910526 0.0 1.6431676725154984 0.6085806194501846 1 0 0 -0.3963370607140953 0.9181050780300213 5.468137866116681
cell 48.67022204463648 40.22353217970354 0.0 1.6431676725154984 0.6085806194501846 1 0 0 0.9054556380991743 0.4244409115936129 2.264903993962732
cell 39.48659302809547 10.017059303010083 0.0 1.6431676725154984 0.6085806194501846 1 0 0 0.7728280837465948 -0.6346154370739544 4.516614280706502
cell 40.980639154992254 17.246805934267435 0.0 1.6431676725154984 0.6085806194501846 1 0 0 0.53085862322021 -0.8474603956249184 5.163958474582164
cell 61.41923364089043 50.519695957723215 0.0 1.6431676725154984 0.6085806194501846 1 0 0 0.9606562912206371 0.277739968564502 2.5787112229575775
cell 60.66286636880508 34.64641268656635 0.0 1.6431676725154984 0.6085806194501846 1 0 0 0.05242275402529721 0.9986249820930794 0.10489358931368274
cell 27.18551892891202 41.22920151248641 0.0 1.6431676725154984 0.6085806194501846 1 0 0 0.43322788461727396 -0.9012844168130513 5.387043038338142
cell 17.83592394949897 57.989312268994205 0.0 1.6431676725154984 0.6085806194501846 1 0 0 0.7111176940473859 -0.7030729871163651 4.701011985379585
cell 60.827149105511914 62.37659606592322 0.0 1.6431676725154984 0.6085806194501846 1 0 0 0.13401210268432398 -0.990979695217882 6.014352296113656
cell 46.155311054363274 10.963725717684984 0.0 1.6431676725154984 0.6085806194501846 1 0 0 -0.8852651543322075 0.4650866656067155 4.1090576668077965
cell 46.61231471619133 20.69070832727611 0.0 1.6431676725154984 0.6085806194501846 1 0 0 -0.7877002764709263 0.6160586615312101 4.469051156773468
cell 47.808989518386895 51.2574337574718 0.0 1.6431676725154984 0.6085806194501846 1 0 0 0.9127997015730376 0.40840752295736854 2.300175108497795
cell 36.91458300672356 12.988432113099753 0.0 1.6431676725154984 0.6085806194501846 1 0 0 0.7699766249511963 -0.6380720939116243 4.525576273197801
cell 16.573725387687364 4.082076753103415 0.0 1.6431676725154984 0.6085806194501846 1 0 0 0.9281468332676975 -0.37221426073586283 3.9043797779375446
cell 0.3347617650385899 2.5980030989241483 0.0 1.6431676725154984 0.6085806194501846 1 0 0 0.5217604536900362 0.8530920401487565 1.0978265334191788
cell 19.617220811243826 53.86522048564276 0.0 1.6431676725154984 0.6085806194501846 1 0 0 0.5459162566812747 -0.8378397464259526 5.128220667582517
cell 39.23374199084724 54.64367777306527 0.0 1.6431676725154984 0.6085806194501846 1 0 0 0.9928198128311401 -0.11961947688374197 3.3814058504541484
cell 41.32084689061318 9.693767220932274 0.0 1.6431676725154984 0.6085806194501846 1 0 0 -0.7662847721869953 0.6425010878701489 4.537108117182928
cell 28.814060726125163 37.542071398388074 0.0 1.6431676725154984 0.6085806194501846 1 0 0 -0.13805764293668144 0.9904241955984152 6.006185289579568
cell 31.65847690653421 52.360064986506394 0.0 1.0 1.0 1 0 0 0.0 1.0 0
cell 1.5314477289586788 15.822575026215226 0.0 1.6431676725154984 0.6085806194501846 1 0 0 -0.012424052667818854 0.9999228184791601 6.258336562552692
cell 6.098560494668752 58.935114567456736 0.0 1.6431676725154984 0.6085806194501846 1 0 0 -0.418462657169859 0.9082340031920965 5.419681335024715
cell 63.274955851743904 56.29297586744505 0.0 1.6431676725154984 0.6085806194501846 1 0 0 0.9923274498795023 0.1236375032732542 2.8936832898001064
cell 25.848142047972168 50.317492887856304 0.0 1.0 1.0 1 0 0 0.0 1.0 0
cell 18.58384476705787 7.177694888466866 0.0 1.6431676725154984 0.6085806194501846 1 0 0 -0.8943939933511408 0.4472799846375864 4.069036324971047
cell 13.009668096859112 55.836913351622854 0.0 1.6431676725154984 0.6085806194501846 1 0 0 -0.564765999103386 0.82525109285402 5.082885957360425
cell 62.326464095280556 60.28645339284169 0.0 1.6431676725154984 0.6085806194501846 1 0 0 0.8968061228149895 0.44242375397524253 2.224993596878158
cell 15.844763610296841 60.41581421960626 0.0 1.6431676725154984 0.6085806194501846 1 0 0 0.8063398238576355 -0.5914525242665192 4.407310719624147
cell 54.16210106967028 16.73258571319134 0.0 1.6431676725154984 0.6085806194501846 1 0 0 0.46550554782566406 -0.8850449621027897 5.3147738333223025
cell 11.920945538432749 22.107275559302643 0.0 1.6431676725154984 0.6085806194501846 1 0 0 0.34461519885124114 -0.9387440357843663 5.579527619938651
cell 57.455795137989384 52.1678152097392 0.0 1.6431676725154984 0.6085806194501846 1 0 0 0.7957465397836131 0.6056297915578515 1.8404785001535424
cell 13.571571448800123 43.759462477478884 0.0 1.0 1.0 1 0 0 0.0 1.0 0
cell 35.894416178566 29.624773456461895 0.0 1.6431676725154984 0.6085806194501846 1 0 0 0.771821860937901 -0.6358388278316727 4.519782352556361
cell 19.043352025590107 13.163668628117522 0.0 1.6431676725154984 0.6085806194501846 1 0 0 0.9884581120217502 -0.15149442490863255 3.445752599647912
cell 22.78108985623485 6.14339209824212 0.0 1.6431676725154984 0.6085806194501846 1 0 0 0.9850808427306335 -0.172092223197636 3.4874990275612636
cell 43.66600833545418 48.03799302832809 0.0 1.6431676725154984 0.6085806194501846 1 0 0 0.9763797740959065 0.216061418898485 2.706035062208649
cell 36.3676840622079 51.38463451498221 0.0 1.6431676725154984 0.6085806194501846 1 0 0 0.9633935870980078 0.26809102248757477 2.598770713719377
cell 43.236414126430255 13.130725410298572 0.0 1.6431676725154984 0.6085806194501846 1 0 0 -0.7428325444909125 0.6694772668621067 4.608602376748937
cell 12.748587964777538 2.2437859464665952 0.0 1.6431676725154984 0.6085806194501846 1 0 0 -0.8694273131947213 0.4940608738516014 4.175101320255634
cell 40.685245814208024 0.009032489263324282 0.0 1.6431676725154984 0.6085806194501846 1 0 0 0.9967929075354987 -0.08002436808202092 3.3018127065774494
cell 32.10376959569791 57.71144056872767 0.0 1.0 1.0 1 0 0 0.0 1.0 0
cell 58.90486848558545 6.56645208668517 0.0 1.6431676725154984 0.6085806194501846 1 0 0 0.8434137269337413 0.5372646323923961 2.0072115799100683
cell 18.025710771366008 4.104222636577859 0.0 1.6431676725154984 0.6085806194501846 1 0 0 0.9458744943808114 -0.32453264994426106 3.802627839764261
cell 40.32986473265251 59.26026654465686 0.0 1.0 1.0 1 0 0 0.0 1.0 0
cell 37.76223809491251 15.032844686792156 0.0 1.6431676725154984 0.6085806194501846 1 0 0 -0.522837155196425 0.8524325833437559 5.182833565156507
cell 42.160110054930506 63.163651831083165 0.0 1.0 1.0 1 0 0 0.0 1.0 0
cell 0.20185065521727028 14.202288711762822 0.0 1.6431676725154984 0.6085806194501846 1 0 0 0.9840295413950211 -0.17800522931055862 3.499510519425956
cell 39.83382773040035 65.95328346669199 0.0 1.6431676725154984 0.6085806194501846 1 0 0 0.9947187520783177 0.10263822028734844 2.935954075960219
cell 51.45535467558668 32.80375495773027 0.0 1.6431676725154984 0.6085806194501846 1 0 0 0.967899864789298 -0.25133613297904167 3.6497135610197042
cell 30.006047008933052 61.45903961743741 0.0 1.0 1.0 1 0 0 0.0 1.0 0
cell 16.177054597752942 55.52416027164864 0.0 1.6431676725154984 0.6085806194501846 1 0 0 -0.6855584587767992 0.7280175819302578 4.772444272692394
cell 46.081119070640476 56.37788744392752 0.0 1.6431676725154984 0.6085806194501846 1 0 0 0.24503978870507082 -0.9695130230952931 5.788063842763293
cell 35.134356755045964 14.397109812886333 0.0 1.6431676725154984 0.6085806194501846 1 0 0 0.6533834530722878 -0.7570271218730101 4.859094789133773
cell 35.51951808128403 19.400309377522124 0.0 1.6431676725154984 0.6085806194501846 1 0 0 0.695419727283355 -0.71860378714918 4.745177661051039
cell 17.2775541597472 38.161961642449654 0.0 1.6431676725154984 0.6085806194501846 1 0 0 -0.36745619756642733 0.9300408286037891 5.530640534275967
cell 3.824135981772951 16.526865040616823 0.0 1.6431676725154984 0.6085806194501846 1 0 0 0.3707363014179743 -0.9287381734433666 5.5235819211903125
cell 40.46299400882931 47.48912248363606 0.0 1.0 1.0 1 0 0 0.0 1.0 0
cell 41.16966960468014 21.387748410393442 0.0 1.6431676725154984 0.6085806194501846 1 0 0 0.6160504910739012 -0.7877066664994052 4.955747549003657
cell 30.186977693889872 9.689294497987627 0.0 1.6431676725154984 0.6085806194501846 1 0 0 0.9853246352369021 -0.170690840982362 3.484654167465901
cell 12.251695573759063 54.3244264650441 0.0 1.6431676725154984 0.6085806194501846 1 0 0 0.5432751899720588 -0.8395546843183137 5.134518684264465
cell 28.43979464660283 56.98462842471982 0.0 1.6431676725154984 0.6085806194501846 1 0 0 0.979730472484516 -0.20032024681810673 3.5449622180704865
cell 44.16898318602834 32.6683187531834 0.0 1.6431676725154984 0.6085806194501846 1 0 0 0.7848567688503882 -0.6196772162906494 4.4782553974300505
cell 42.76947354457028 36.525820434749996 0.0 1.6431676725154984 0.6085806194501846 1 0 0 0.6051695752854747 -0.7960965928508916 4.983227589952707
cell 63.573018201291106 8.420147041358359 0.0 1.6431676725154984 0.6085806194501846 1 0 0 -0.18686564906479325 -0.9823854789234181 0.3759412427923401
cell 19.783443248159273 36.44721818786279 0.0 1.6431676725154984 0.6085806194501846 1 0 0 0.361782308786889 -0.9322626030517518 5.542827315715347
cell 51.49562123839205 40.57089547494346 0.0 1.6431676725154984 0.6085806194501846 1 0 0 0.11733788710229293 -0.9930920502402432 6.047967659231617
cell 39.55489237704786 23.790840119822988 0.0 1.6431676725154984 0.6085806194501846 1 0 0 0.4533279802490772 -0.8913437845877943 5.3421943556509826
cell 39.1479257721407 64.94914931560949 0.0 1.0 1.0 1 0 0 0.0 1.0 0
cell 56.1543843027244 53.98282039661764 0.0 1.6431676725154984 0.6085806194501846 1 0 0 0.7483628155320614 0.6632896021564983 1.6911806998675554
cell 20.619239002325685 4.924814427677099 0.0 1.6431676725154984 0.6085806194501846 1 0 0 -0.9975165621872042 0.07043229488112442 3.2825739687953264
cell 44.33033347054452 8.653729636124336 0.0 1.6431676725154984 0.6085806194501846 1 0 0 0.9024634804996334 -0.43076637097676007 4.03227626134862
cell 51.855648372458624 9.224205536652487 0.0 1.6431676725154984 0.6085806194501846 1 0 0 0.8590632840501466 -0.5118693915414135 4.216311582275987
cell 34.60684799805604 28.608898811055077 0.0 1.6431676725154984 0.6085806194501846 1 0 0 0.5992554345462924 -0.8005578830832498 4.9980438542873
cell 13.110222901067297 41.819507377513574 0.0 1.6431676725154984 0.6085806194501846 1 0 0 -0.4577920540268543 0.8890592979491715 5.332165021357501
cell 39.067047953484646 42.41627663243757 0.0 1.6431676725154984 0.6085806194501846 1 0 0 0.2617305769267658 -0.9651409768016185 5.7535556068854286
cell 18.75641097173541 10.41401309134711 0.0 1.6431676725154984 0.6085806194501846 1 0 0 -0.9560135448693332 0.2933225221942075 3.736993425903483
cell 2.203098993953289 5.7842401270653125 0.0 1.6431676725154984 0.6085806194501846 1 0 0 0.6537136434795503 -0.7567420117376142 4.858222290429197
cell 46.1056612296262 6.6782916050318155 0.0 1.6431676725154984 0.6085806194501846 1 0 0 0.9552945643798217 -0.2956557039300387 3.7418763237797514
cell 17.415262470688408 2.2034964332472016 0.0 1.6431676725154984 0.6085806194501846 1 0 0 0.9331793849449153 -0.3594109563074416 3.8768658421657607
cell 30.337491584286887 34.679266017434735 0.0 1.6431676725154984 0.6085806194501846 1 0 0 -0.09078485000375476 -0.9958705292405212 0.18182004249146821
cell 25.73323287015076 3.55586724767182 0.0 1.6431676725154984 0.6085806194501846 1 0 0 0.999797007355004 -0.020148054099046745 3.181891488613827
cell 19.576570195620633 33.88960961461431 0.0 1.6431676725154984 0.6085806194501846 1 0 0 0.1542003356746101 -0.9880396026869761 5.973549191722842
cell 46.04734568206061 63.487905975258144 0.0 1.0 1.0 1 0 0 0.0 1.0 0
cell 6.165745831607821 60.41784382185802 0.0 1.6431676725154984 0.6085806194501846 1 0 0 0.42296610259291234 -0.9061455049037996 5.409753012631758
cell 37.774833213275826 21.359489705155422 0.0 1.6431676725154984 0.6085806194501846 1 0 0 -0.4326537290965843 0.9015601758611677 5.3883169262896855
cell 43.198897081791884 32.99673173707339 0.0 1.6431676725154984 0.6085806194501846 1 0 0 0.7325184550716607 -0.680747172582764 4.639156967561473
cell 38.29861376897226 39.962128130839325 0.0 1.6431676725154984 0.6085806194501846 1 0 0 0.3661114925913306 -0.9305709940636169 5.533531421509057
cell 16.309474796480266 2.16030741781079 0.0 1.6431676725154984 0.6085806194501846 1 0 0 0.8730342250905575 -0.4876589400600894 4.16040508772507
cell 20.038443056292742 43.688391606454 0.0 1.6431676725154984 0.6085806194501846 1 0 0 0.4382164233413156 -0.8988694934827551 5.375958372908361
cell 38.470737396501335 59.96531374136977 0.0 1.0 1.0 1 0 0 0.0 1.0 0
cell 37.09833070363374 44.663290079239225 0.0 1.0 1.0 1 0 0 0.0 1.0 0
cell 37.579973702548685 7.735089790012403 0.0 1.6431676725154984 0.6085806194501846 1 0 0 -0.8434287907412744 0.5372409840553042 4.275917650103232
cell 35.93010068900632 8.102782398432431 0.0 1.6431676725154984 0.6085806194501846 1 0 0 0.8673765800622414 -0.49765235693155335 4.183372784811303
cell 48.7993376263436 24.864655505210692 0.0 1.6431676725154984 0.6085806194501846 1 0 0 0.7220982261755668 -0.691790540376276 4.669524158511823
cell 35.53233540536527 57.6109173489589 0.0 1.0 1.0 1 0 0 0.0 1.0 0
cell 31.875866419514036 14.345803996453196 0.0 1.6431676725154984 0.6085806194501846 1 0 0 0.3941471211754551 -0.9190473583385685 5.472905981071185
cell 24.022829432459417 4.416602644114313 0.0 1.6431676725154984 0.6085806194501846 1 0 0 -0.9999866184279542 0.005173293440838858 3.151939286622917
cell 9.688509201115677 50.31580273418623 0.0 1.0 1.0 1 0 0 0.0 1.0 0
cell 22.06278568226414 13.30405852760886 0.0 1.6431676725154984 0.6085806194501846 1 0 0 0.9965646363091388 -0.08281863110456347 3.3074198515694238
cell 9.91247196624732 43.7057635126635 0.0 1.6431676725154984 0.6085806194501846 1 0 0 0.2773575058223032 -0.9607667843779941 5.7211000837794055
cell 8.752195447101716 51.94109876469116 0.0 1.0 1.0 1 0 0 0.0 1.0 0
cell 34.17667272166724 19.832744386307116 0.0 1.6431676725154984 0.6085806194501846 1 0 0 0.5976190634942701 -0.8017801786950284 5.002128811194166
cell 23.077307833447104 60.41411176152693 0.0 1.0 1.0 1 0 0 0.0 1.0 0
cell 30.052101293286594 55.735669138274204 0.0 1.6431676725154984 0.6085806194501846 1 0 0 0.9916013387710745 0.12933207238505404 2.882201923119112
cell 14.870145339486786 46.098049802649534 0.0 1.6431676725154984 0.6085806194501846 1 0 0 -0.37211574563028516 0.9281863346623979 5.520610461763628
cell 40.904511921985076 3.8887349353057608 0.0 1.6431676725154984 0.6085806194501846 1 0 0 0.9810416302055369 -0.19379710989502047 3.5316549849680845
cell 1.6641136529309581 48.58088839872105 0.0 1.6431676725154984 0.6085806194501846 1 0 0 0.9287092433631537 0.3708087664711265 2.3818332146162793
cell 12.645964663615892 11.194065352429893 0.0 1.6431676725154984 0.6085806194501846 1 0 0 0.9392481748408887 -0.34323878868516494 3.842318678150052
cell 20.410484136394675 38.728131208522214 0.0 1.6431676725154984 0.6085806194501846 1 0 0 -0.21634794688533482 0.976316324701426 5.847040777595472
cell 50.86493624771943 36.731568023739634 0.0 1.6431676725154984 0.6085806194501846 1 0 0 0.11618153496836767 -0.9932279954433393 6.0502962910264895
cell 33.69191003128188 4.501838708055372 0.0 1.6431676725154984 0.6085806194501846 1 0 0 -0.9830769476119107 0.1831931086969395 3.5100597548383656
cell 37.08529435175252 23.665368284142904 0.0 1.6431676725154984 0.6085806194501846 1 0 0 0.4998850770351012 -0.8660917444229629 5.236253149036453
cell 7.5505180837148735 34.42075338292635 0.0 1.6431676725154984 0.6085806194501846 1 0 0 -0.06675301024919177 -0.9977695303138252 0.13360536951924207
cell 17.471965217271862 36.53549409807683 0.0 1.6431676725154984 0.6085806194501846 1 0 0 0.12996682425753311 -0.9915183430438448 6.022514266989582
cell 26.326406877943658 40.72209663485734 0.0 1.6431676725154984 0.6085806194501846 1 0 0 0.28269820747792923 -0.9592089050299553 5.709973509811932
cell 11.551686116948918 56.76988882807304 0.0 1.6431676725154984 0.6085806194501846 1 0 0 -0.5029894726720245 0.8642925375016949 5.229076957392227
cell 48.62541506544875 19.7338128513382 0.0 1.6431676725154984 0.6085806194501846 1 0 0 0.7336168331589897 -0.6795633466467824 4.635927181911509
cell 32.858516418951076 20.065071294324277 0.0 1.6431676725154984 0.6085806194501846 1 0 0 0.5820341921994721 -0.8131643124920744 5.040729240122086
cell 51.489209472573094 52.039998026901756 0.0 1.6431676725154984 0.6085806194501846 1 0 0 0.9960987208357672 0.08824589706806947 2.9648709861072153
cell 39.04474694399429 32.96724275304022 0.0 1.6431676725154984 0.6085806194501846 1 0 0 0.16709460470588183 -0.9859408669277205 5.947421100100365
cell 7.676933667643482 55.78565249517623 0.0 1.6431676725154984 0.6085806194501846 1 0 0 -0.4793256078844656 0.8776371469042246 5.283413040993487
cell 35.76987078333382 64.6808524351283 0.0 1.0 1.0 1 0 0 0.0 1.0 0
cell 43.20360713671104 19.112657724255325 0.0 1.6431676725154984 0.6085806194501846 1 0 0 0.7255925748847882 -0.6881245637761109 4.659395010045926
cell 1.2777497395022364 65.81873450105086 0.0 1.6431676725154984 0.6085806194501846 1 0 0 0.7015902097292819 -0.7125806463917065 4.727931961424436
cell 7.969432713705523 49.44286168969475 0.0 1.0 1.0 1 0 0 0.0 1.0 0
cell 26.173537521410626 56.911403361229205 0.0 1.0 1.0 1 0 0 0.0 1.0 0
cell 34.810656357461475 59.17216081811944 0.0 1.0 1.0 1 0 0 0.0 1.0 0
cell 3.158411978186111 3.7058353965974717 0.0 1.6431676725154984 0.6085806194501846 1 0 0 -0.7887896812990814 0.6146631912487468 4.465510455708755
cell 7.311310379716576 0.7135388017750016 0.0 1.6431676725154984 0.6085806194501846 1 0 0 -0.6634991619202125 0.7481770259311467 4.832213235359484
cell 14.42164721817394 33.86345937057389 0.0 1.6431676725154984 0.6085806194501846 1 0 0 -0.08722863401146397 0.9961883182453477 6.108506042118439
cell 49.877248559540924 46.78326347735563 0.0 1.6431676725154984 0.6085806194501846 1 0 0 0.8862160341408871 0.46327221029498206 2.1782246743996336
cell 42.27745829552804 19.74833461282445 0.0 1.6431676725154984 0.6085806194501846 1 0 0 0.7386448876095165 -0.6740947485393464 4.621069570983846
cell 41.46674444997398 29.61376664936827 0.0 1.6431676725154984 0.6085806194501846 1 0 0 0.6924829641929123 -0.7214342272879751 4.753335109645224
cell 20.780479903035587 55.79139518431761 0.0 1.6431676725154984 0.6085806194501846 1 0 0 0.598240880091978 -0.8013163229254572 5.000577272491675
cell 62.60181910043483 66.20959329666104 0.0 1.6431676725154984 0.6085806194501846 1 0 0 0.06841925885622667 -0.997656656880294 6.146239802644684
cell 17.78894267637155 32.50431945590289 0.0 1.6431676725154984 0.6085806194501846 1 0 0 0.11088430413856842 -0.9938333215865252 6.060959712906093
cell 37.29513410110624 65.97656888787634 0.0 1.6431676725154984 0.6085806194501846 1 0 0 0.9971209779220588 -0.07582714149799633 3.293392643072796
cell 45.48726520103952 7.44671715436156 0.0 1.6431676725154984 0.6085806194501846 1 0 0 0.9231442437007988 -0.3844537752735432 3.9308247521842237
cell 65.24353715060653 61.7067110621927 0.0 1.6431676725154984 0.6085806194501846 1 0 0 0.9978034782388356 -0.06624363225609957 3.274177007130474
cell 19.034095828371044 2.3881209756809922 0.0 1.6431676725154984 0.6085806194501846 1 0 0 -0.9632787855640966 0.2685032239697674 3.6852703725366154
cell 40.74364849247249 24.1353747718783 0.0 1.6431676725154984 0.6085806194501846 1 0 0 0.5705651508431216 -0.8212523416364581 5.068797610774411
cell 58.28880685543136 59.241828678918566 0.0 1.6431676725154984 0.6085806194501846 1 0 0 0.9501158504213635 0.31189721187931335 2.5072142508659088
cell 28.1125460656441 61.30428080874387 0.0 1.0 1.0 1 0 0 0.0 1.0 0
cell 30.683097552551196 45.05784318127222 0.0 1.0 1.0 1 0 0 0.0 1.0 0
cell 32.05952734818547 64.80790076630223 0.0 1.0 1.0 1 0 0 0.0 1.0 0
cell 29.504149414745914 41.745059373341135 0.0 1.6431676725154984 0.6085806194501846 1 0 0 -0.4888286366316364 0.8723798278323815 5.261692256615258
cell 11.933027804140783 4.832110093102108 0.0 1.6431676725154984 0.6085806194501846 1 0 0 0.878382815657149 -0.47795776922048133 4.13824915021404
cell 41.88458845472157 46.09348358753512 0.0 1.0 1.0 1 0 0 0.0 1.0 0
cell 15.760720021365847 13.847866448189116 0.0 1.6431676725154984 0.6085806194501846 1 0 0 0.9668867032229591 -0.2552060013609348 3.6577141607453254
cell 12.676701540449747 7.486500168879947 0.0 1.6431676725154984 0.6085806194501846 1 0 0 0.8605551821948761 -0.5093572208161414 4.2104680327039565
cell 24.63569373732726 11.56814178751705 0.0 1.6431676725154984 0.6085806194501846 1 0 0 0.9951929376831955 -0.09793373670748631 3.3377745807776495
cell 27.459181036453185 8.19842989656227 0.0 1.6431676725154984 0.6085806194501846 1 0 0 0.9691336369723605 -0.24653598862787718 3.6398012192433797
cell 15.871136470462263 6.9674514838504535 0.0 1.6431676725154984 0.6085806194501846 1 0 0 -0.9377771990493121 0.34723756269048267 3.8508401782031974
cell 15.049364412881747 61.44152694307544 0.0 1.6431676725154984 0.6085806194501846 1 0 0 0.7734602923367777 -0.6338447571592798 4.5146206555515045
cell 55.54438415193144 17.439432362772372 0.0 1.6431676725154984 0.6085806194501846 1 0 0 0.7189658756686932 -0.6950453723491361 4.678558666925331
cell 7.16792435962817 52.547366655658564 0.0 1.0 1.0 1 0 0 0.0 1.0 0
cell 4.193157981448873 19.504079010538145 0.0 1.6431676725154984 0.6085806194501846 1 0 0 0.999404967239474 0.034492194146876105 3.0725945793815588
cell 20.08863627712219 31.035532659212148 0.0 1.6431676725154984 0.6085806194501846 1 0 0 0.9986492308639744 -0.051958769180883 3.2455570067814503
cell 30.161479453521448 62.97230294692675 0.0 1.0 1.0 1 0 0 0.0 1.0 0
cell 40.01605613661797 21.512872890789072 0.0 1.6431676725154984 0.6085806194501846 1 0 0 0.5697140805734283 -0.8218429694268689 5.070869481317407
cell 42.06542531240204 31.878933062460174 0.0 1.6431676725154984 0.6085806194501846 1 0 0 0.6035678135096396 -0.7973116671008853 4.987248558781752
cell 38.21869189977379 2.8955448133966257 0.0 1.6431676725154984 0.6085806194501846 1 0 0 0.9882002323143997 -0.15316755809820318 3.449138380088486
cell 15.269515106810593 66.39247527231137 0.0 1.6431676725154984 0.6085806194501846 1 0 0 -0.8505966256911355 0.5258187714059421 4.248947477291765
cell 43.14228640434157 4.436815262258076 0.0 1.6431676725154984 0.6085806194501846 1 0 0 0.9685285650834844 -0.24890242790564873 3.6446863599014705
cell 15.229860296773829 1.803217548665003 0.0 1.6431676725154984 0.6085806194501846 1 0 0 -0.7921444999729053 0.6103335900658556 4.4545559443570415
cell 7.156324981724398 6.416967795175121 0.0 1.6431676725154984 0.6085806194501846 1 0 0 0.8827687859697682 -0.4698076952514311 4.119738498927056
cell 48.757861534091596 45.738969336860684 0.0 1.6431676725154984 0.6085806194501846 1 0 0 0.9832543703350929 0.18223842409585336 2.7750676147339783
cell 43.433886635917176 27.89381503691649 0.0 1.6431676725154984 0.6085806194501846 1 0 0 0.767809207237331 -0.6406785631512741 4.532356064477171
cell 30.791725997032803 13.43332284616057 0.0 1.0 1.0 1 0 0 0.0 1.0 0
cell 21.631847379939572 48.05050576807778 0.0 1.6431676725154984 0.6085806194501846 1 0 0 0.4123517302591361 -0.9110247255438771 5.433117365493881
cell 33.74983217029109 0.6523674200112277 0.0 1.6431676725154984 0.6085806194501846 1 0 0 0.9981069046474484 0.0615029015176457 3.0185091711581626
cell 49.81559779929269 19.11686741613661 0.0 1.6431676725154984 0.6085806194501846 1 0 0 0.6994348264314888 -0.7146963855895405 4.733972503270314
cell 65.06349094433256 26.49842527798437 0.0 1.6431676725154984 0.6085806194501846 1 0 0 0.3896331913395782 0.9209701277492857 0.8004665480999019
cell 34.19014026599805 6.4565445568488675 0.0 1.6431676725154984 0.6085806194501846 1 0 0 0.9511944584451673 -0.30859212923081 3.769017789813094
cell 64.29283508307587 27.871313157925574 0.0 1.6431676725154984 0.6085806194501846 1 0 0 -0.024016105243056012 -0.9997115717490492 0.048036828967776835
cell 34.26399095484665 36.9500634576559 0.0 1.6431676725154984 0.6085806194501846 1 0 0 -0.15821125393166108 0.9874052861562832 5.965427653596249
cell 52.75019199474518 8.119883777298908 0.0 1.6431676725154984 0.6085806194501846 1 0 0 0.8131897906315798 -0.5819985948544613 4.38396116936941
cell 42.41383540741892 44.17793808154387 0.0 1.0 1.0 1 0 0 0.0 1.0 0
cell 4.350275035660561 6.092932750685521 0.0 1.6431676725154984 0.6085806194501846 1 0 0 0.7090686018561349 -0.7051395024119598 4.706832387514335
cell 66.85902818793733 27.011721938469954 0.0 1.6431676725154984 0.6085806194501846 1 0 0 0.8072206041899938 -0.5902498591030255 4.404329325385971
cell 38.609825558920996 5.563381672512109 0.0 1.6431676725154984 0.6085806194501846 1 0 0 -0.9219380415725018 0.38733738200883716 3.9370761902052682
cell 64.87682359346041 2.3316873542950054 0.0 1.6431676725154984 0.6085806194501846 1 0 0 0.717668984155282 0.6963843975718623 1.6008984143217733
cell 22.402635685597552 54.459370904845215 0.0 1.6431676725154984 0.6085806194501846 1 0 0 -0.48485800919025174 0.874592882959875 5.270783687934334
cell 29.876550728265336 2.684265707199168 0.0 1.6431676725154984 0.6085806194501846 1 0 0 -0.9997917246294388 -0.020408512010741214 3.100772795605277
cell 18.06355435129708 14.09809201670212 0.0 1.6431676725154984 0.6085806194501846 1 0 0 0.9615923270298998 -0.27448168718007815 3.6976939451016366
cell 49.39904495554995 0.4787121946183682 0.0 1.0 1.0 1 0 0 0.0 1.0 0
cell 27.501869824246214 53.650648166934026 0.0 1.0 1.0 1 0 0 0.0 1.0 0
cell 8.908536165451103 58.502335797666355 0.0 1.6431676725154984 0.6085806194501846 1 0 0 0.5262555969008258 -0.8503264353944052 5.174803216588773
cell 32.01829986245068 55.817052965367715 0.0 1.6431676725154984 0.6085806194501846 1 0 0 0.9966267707891557 0.08206753162109677 2.977272785905164
cell 36.39312336418116 26.545335146511736 0.0 1.6431676725154984 0.6085806194501846 1 0 0 0.5804327722844289 -0.814308170693511 5.044665206879706
cell 55.8267148291099 50.00236674797181 0.0 1.6431676725154984 0.6085806194501846 1 0 0 0.6828516042839968 -0.7305571069579515 4.779867550789552
cell 37.44415700341948 51.75345249569784 0.0 1.6431676725154984 0.6085806194501846 1 0 0 0.9481996875020087 0.3176749165752517 2.495039906316595
cell 45.27424228418002 19.47575141661736 0.0 1.6431676725154984 0.6085806194501846 1 0 0 0.7763641803202499 -0.6302845861320634 4.5054320930327005
cell 44.63057975901806 10.418991710616432 0.0 1.6431676725154984 0.6085806194501846 1 0 0 -0.8515772782460015 0.524229090355669 4.245211829401905
cell 42.23153139027358 53.32335848190112 0.0 1.6431676725154984 0.6085806194501846 1 0 0 0.9999844983786805 0.005568033974283635 3.1304565280984997
cell 5.9490848196105945 47.279477461549995 0.0 1.6431676725154984 0.6085806194501846 1 0 0 0.3989051640259028 -0.9169921865062252 5.4625401211143645
cell 34.90224058773539 52.809935558956376 0.0 1.6431676725154984 0.6085806194501846 1 0 0 0.9863352498910148 0.16475064437637021 2.8105822620761893
cell 44.73963927175351 54.0122643206559 0.0 1.6431676725154984 0.6085806194501846 1 0 0 0.999679638287248 0.02531048782376541 3.0909662715753057
cell 51.90771389015313 15.368341970532377 0.0 1.6431676725154984 0.6085806194501846 1 0 0 0.9503393622680404 -0.31121551459394536 3.7745362479549667
cell 33.003853530167504 54.888422583343825 0.0 1.6431676725154984 0.6085806194501846 1 0 0 0.9989221071246682 0.04641792646825971 3.0487234305635926
cell 50.691606158608494 21.647395529745364 0.0 1.6431676725154984 0.6085806194501846 1 0 0 0.7263696313591653 -0.6873042693299309 4.657135187151418
cell 59.38496733677683 52.952038553306316 0.0 1.6431676725154984 0.6085806194501846 1 0 0 -0.8818032675776912 -0.4716174268295296 2.159344440338577
cell 38.61609674877333 41.053876774297336 0.0 1.6431676725154984 0.6085806194501846 1 0 0 0.4418845105379295 -0.8970719476979839 5.367788658658195
cell 12.876353788651725 46.909517583783504 0.0 1.6431676725154984 0.6085806194501846 1 0 0 0.4389376075531814 -0.8985175438885371 5.374353411576897
cell 53.69910640859061 61.352576283872885 0.0 1.6431676725154984 0.6085806194501846 1 0 0 0.6210566426719775 -0.7837656834749859 4.943005015764505
cell 27.2725029290151 35.97757481278754 0.0 1.6431676725154984 0.6085806194501846 1 0 0 0.03203518843316795 -0.9994867416339506 6.219103966509998
cell 13.423978883323153 25.017991843483593 0.0 1.6431676725154984 0.6085806194501846 1 0 0 -0.7361186268931942 -0.6768525446069316 1.6546357766607498
cell 17.08914151543524 46.88043817806383 0.0 1.6431676725154984 0.6085806194501846 1 0 0 0.4493852113596021 -0.8933380837125918 5.3510312526801975
cell 31.193304607192704 11.501823118286719 0.0 1.0 1.0 1 0 0 0.0 1.0 0
cell 50.159288785162126 48.79698457296431 0.0 1.0 1.0 1 0 0 0.0 1.0 0
cell 31.78182074171576 63.149198648916396 0.0 1.0 1.0 1 0 0 0.0 1.0 0
cell 16.04165025305608 58.48689343999541 0.0 1.6431676725154984 0.6085806194501846 1 0 0 0.8101371066519543 -0.5862404527372708 4.394413403569013
cell 38.299478450250156 56.38588425117376 0.0 1.0 1.0 1 0 0 0.0 1.0 0
cell 30.08648500103188 51.97766124430879 0.0 1.0 1.0 1 0 0 0.0 1.0 0
cell 34.326929038466105 7.584007946583467 0.0 1.6431676725154984 0.6085806194501846 1 0 0 0.9042800860106108 -0.4269397217929509 4.023804348603863
cell 16.12598469178241 46.3966601312983 0.0 1.6431676725154984 0.6085806194501846 1 0 0 0.39398526128607936 -0.9191167574847822 5.4732582018278935
cell 64.8602759651186 64.78948613617624 0.0 1.6431676725154984 0.6085806194501846 1 0 0 0.2935624137963212 0.9559399087840603 0.5959026498053132
cell 18.09104263258984 40.399359699287736 0.0 1.6431676725154984 0.6085806194501846 1 0 0 -0.17078878723563176 0.9853076626894678 5.939924981473809
cell 24.529021104173612 61.262794861708976 0.0 1.0 1.0 1 0 0 0.0 1.0 0
cell 16.340751844723798 9.781991532637276 0.0 1.6431676725154984 0.6085806194501846 1 0 0 -0.954766457334288 0.2973567082635488 3.7454385217713253
cell 25.69920974784601 2.204505386489685 0.0 1.6431676725154984 0.6085806194501846 1 0 0 -0.9754123571343757 -0.2203876891969268 2.6971688245719014
cell 5.324071146460447 3.993568432846456 0.0 1.6431676725154984 0.6085806194501846 1 0 0 0.824247213209489 -0.566230104742225 4.3454424290116025
cell 51.1599449202946 34.99819263507501 0.0 1.6431676725154984 0.6085806194501846 1 0 0 0.3230699664252746 0.9463750825090292 0.6579432404913436
cell 5.774789511227796 52.79336353053544 0.0 1.6431676725154984 0.6085806194501846 1 0 0 -0.7351074254838663 0.6779506420075742 4.631535060023175
cell 16.26411155242007 5.128300695302645 0.0 1.6431676725154984 0.6085806194501846 1 0 0 0.959408651124131 -0.2820195740514754 3.713389612662081
cell 10.057635586326226 53.63367770288368 0.0 1.6431676725154984 0.6085806194501846 1 0 0 -0.27919212552982986 0.9602352612990921 5.71727995427173
cell 12.268925008477789 59.1775351012116 0.0 1.6431676725154984 0.6085806194501846 1 0 0 0.5946910268509915 -0.8039543411058325 5.009422752656678
cell 39.9355963784229 60.83788428165168 0.0 1.0 1.0 1 0 0 0.0 1.0 0
cell 36.225822050887494 6.9488996580971 0.0 1.6431676725154984 0.6085806194501846 1 0 0 0.8908922286436575 -0.45421474760551 4.0845738404781855
cell 37.150445035189584 27.887268505245718 0.0 1.6431676725154984 0.6085806194501846 1 0 0 -0.5950494701462211 0.8036890742561463 5.008530904910182
cell 8.169479194310364 64.62614737328362 0.0 1.6431676725154984 0.6085806194501846 1 0 0 0.6298766511975622 -0.7766951810563424 4.920396529251016
cell 29.573602789220526 46.89091428523792 0.0 1.0 1.0 1 0 0 0.0 1.0 0
cell 47.92382279229362 54.18363047272589 0.0 1.6431676725154984 0.6085806194501846 1 0 0 0.5065422777820814 0.8622151244436279 1.0623395327089349
cell 36.096638867319676 0.07491354812398025 0.0 1.6431676725154984 0.6085806194501846 1 0 0 -0.9998701937572861 -0.01611197181499267 3.109367315597726
cell 47.87708368103927 13.755126947090405 0.0 1.6431676725154984 0.6085806194501846 1 0 0 0.868735300967463 -0.49527666697813616 4.177899201002464
cell 49.20777918589972 63.499675187972606 0.0 1.6431676725154984 0.6085806194501846 1 0 0 0.5020911121122427 0.8648147287933361 1.05203014331293
cell 51.17577364860727 3.7802545283873954 0.0 1.6431676725154984 0.6085806194501846 1 0 0 0.9655017609475969 -0.26039652379993394 3.6684583978429375
cell 39.2662501279071 12.411102396366726 0.0 1.6431676725154984 0.6085806194501846 1 0 0 0.5917260100172512 -0.8061391499419092 5.016788818040055
cell 23.37644591430019 63.88857514572228 0.0 1.0 1.0 1 0 0 0.0 1.0 0
cell 36.679670334297015 35.51514792381665 0.0 1.6431676725154984 0.6085806194501846 1 0 0 -0.1831918711314183 0.9830771782273098 5.914720723669587
cell 10.17641086625094 25.97765295198975 0.0 1.6431676725154984 0.6085806194501846 1 0 0 0.45726733942610454 -0.8893292867628794 5.333345223682312
cell 23.346709383607003 38.11914411484368 0.0 1.6431676725154984 0.6085806194501846 1 0 0 -0.15399029667691772 0.9880723599662906 5.973974347788634
cell 49.49675063007789 11.098696231294065 0.0 1.6431676725154984 0.6085806194501846 1 0 0 0.9039874567064902 -0.4275589761861298 4.025174177690195
cell 11.70037662119823 53.39649910104758 0.0 1.6431676725154984 0.6085806194501846 1 0 0 -0.49499472628467345 0.8688959782104883 5.247527782823457
cell 25.55668033514171 45.91619360244301 0.0 1.6431676725154984 0.6085806194501846 1 0 0 0.5767270877226441 -0.816936880234304 5.053751954907425
cell 54.40793844413503 33.784339232466806 0.0 1.6431676725154984 0.6085806194501846 1 0 0 0.19587860186104325 -0.9806281524272913 5.8888786504754504
cell 26.87141707437358 48.594160553338256 0.0 1.0 1.0 1 0 0 0.0 1.0 0
cell 36.28766881426549 36.83188281189008 0.0 1.6431676725154984 0.6085806194501846 1 0 0 0.25713386381801423 -0.9663757944392124 5.763074974253368
cell 44.13002921647274 63.092609821365635 0.0 1.0 1.0 1 0 0 0.0 1.0 0
cell 2.4113967530022324 64.10514330953794 0.0 1.6431676725154984 0.6085806194501846 1 0 0 0.6994689195671951 -0.714663018883376 4.733877095115883
cell 54.600236054083034 53.5669860738624 0.0 1.6431676725154984 0.6085806194501846 1 0 0 0.35856297466535936 -0.9335055399938068 5.549729204224064
cell 47.782407382186385 42.48141288981864 0.0 1.0 1.0 1 0 0 0.0 1.0 0
cell 31.44176323492373 60.08364697084643 0.0 1.0 1.0 1 0 0 0.0 1.0 0
cell 19.630682531695626 35.025136088058716 0.0 1.6431676725154984 0.6085806194501846 1 0 0 0.17035574269924103 -0.9853826266630592 5.94080395171436
cell 26.726467160155103 38.65437862609798 0.0 1.6431676725154984 0.6085806194501846 1 0 0 0.13459554952095776 -0.9909006196633199 6.013174733946258
cell 56.441622181659355 27.115374857395988 0.0 1.6431676725154984 0.6085806194501846 1 0 0 0.42042310570398767 -0.9073281722674622 5.415362126795586
cell 14.39527966646135 4.773541906933562 0.0 1.6431676725154984 0.6085806194501846 1 0 0 -0.9304283320265524 0.36647389942844155 3.892025490283999
cell 47.497238770176885 10.001223864083821 0.0 1.6431676725154984 0.6085806194501846 1 0 0 0.8949438280518209 -0.4461788258444732 4.066574724616028
cell 22.409540785914114 14.683408243005339 0.0 1.6431676725154984 0.6085806194501846 1 0 0 0.9749965265442546 -0.2222201008609225 3.589774486665595
cell 54.723692688511235 56.39600050796542 0.0 1.6431676725154984 0.6085806194501846 1 0 0 0.9793964787318555 0.20194686788272323 2.734901975712483
cell 21.34438721222083 2.846309950751577 0.0 1.6431676725154984 0.6085806194501846 1 0 0 0.9979572369809215 0.06388546906304188 3.0137346423959253
cell 38.98426714164918 53.59882868551483 0.0 1.6431676725154984 0.6085806194501846 1 0 0 0.999934969790143 0.011404218113743179 3.118783722936981
cell 27.800038307860202 46.81051553439822 0.0 1.0 1.0 1 0 0 0.0 1.0 0
cell 7.922064268597895 42.445099446419306 0.0 1.6431676725154984 0.6085806194501846 1 0 0 0.9407657128736877 0.33905733067028976 2.44976326781956
cell 0.09550047411329735 4.355185293797569 0.0 1.6431676725154984 0.6085806194501846 1 0 0 0.2737667951207738 0.9617961020347817 0.5546145569228628
cell 46.084954437105935 12.370021288615227 0.0 1.6431676725154984 0.6085806194501846 1 0 0 -0.8715654831433663 0.4902791129479925 4.1664125882548255
cell 47.025886793541964 5.85520950687542 0.0 1.6431676725154984 0.6085806194501846 1 0 0 0.9124954930668581 -0.4090867574643203 3.9844986910146347
cell 20.215568599346234 0.7315176780695507 0.0 1.6431676725154984 0.6085806194501846 1 0 0 -0.9919401757725862 0.12670709407231634 3.395689868878486
cell 35.023080516531984 34.8560815788551 0.0 1.6431676725154984 0.6085806194501846 1 0 0 0.0988457324040675 -0.9951027691577908 6.085170495301044
cell 33.99528054772666 26.986340545751435 0.0 1.6431676725154984 0.6085806194501846 1 0 0 0.5900160212087404 -0.8073915374321229 5.021027939568289
cell 28.406674144388116 25.818592480791185 0.0 1.6431676725154984 0.6085806194501846 1 0 0 0.49516344020467784 -0.868799843165656 5.247139420447491
cell 8.111398443353442 61.792967509790486 0.0 1.6431676725154984 0.6085806194501846 1 0 0 -0.6242726910612156 0.781206507394292 4.934784949284661
cell 27.718787160102043 14.851744837500434 0.0 1.6431676725154984 0.6085806194501846 1 0 0 0.8319147358507845 0.5549034801425555 1.965098772964561
cell 56.78353067313383 9.093224424942811 0.0 1.6431676725154984 0.6085806194501846 1 0 0 0.5725563397271497 0.8198653778750806 1.2192409446109824
cell 66.16384483370686 42.82273894228558 0.0 1.6431676725154984 0.6085806194501846 1 0 0 0.3313384722661314 0.9435119590107728 0.6754436580334054
cell 46.713118213200495 36.94880426366211 0.0 1.6431676725154984 0.6085806194501846 1 0 0 0.9309797103076315 0.3650709232402913 2.3941746871240808
cell 22.92414418567075 9.660830130340818 0.0 1.6431676725154984 0.6085806194501846 1 0 0 0.9347748272962774 -0.3552407947480339 3.8679359559744455
cell 57.402764979534346 54.54450878486591 0.0 1.6431676725154984 0.6085806194501846 1 0 0 0.8814642971789409 0.4722506673355112 2.1579079244259276
cell 50.49378315659134 55.30622280290005 0.0 1.6431676725154984 0.6085806194501846 1 0 0 0.4549563911859665 0.8905137180970554 0.944646486230105
cell 32.14168548127837 31.736729705622725 0.0 1.6431676725154984 0.6085806194501846 1 0 0 0.20917590474667813 0.9778780296506352 0.4214642908007636
cell 41.17521603213414 19.03588461208247 0.0 1.6431676725154984 0.6085806194501846 1 0 0 -0.6050957613387895 0.7961526986764729 4.983413023093171
cell 25.332605730622163 64.25207311313493 0.0 1.0 1.0 1 0 0 0.0 1.0 0
cell 48.697774817369364 8.003707478677576 0.0 1.0 1.0 1 0 0 0.0 1.0 0
cell 7.033064172297466 32.67036095503313 0.0 1.6431676725154984 0.6085806194501846 1 0 0 0.3391381937721611 0.9407365654235813 0.6920012975510569
cell 1.5315448264092943 62.12052463072444 0.0 1.6431676725154984 0.6085806194501846 1 0 0 0.6627482877341915 -0.7488422444716893 4.834219553214966
cell 54.56772697541826 4.69056715770087 0.0 1.6431676725154984 0.6085806194501846 1 0 0 0.803286478264717 -0.5955928423319646 4.417599589602931
cell 22.803291786531947 48.10255979524027 0.0 1.6431676725154984 0.6085806194501846 1 0 0 -0.5098892930193748 0.8602400297964529 5.213073122703415
cell 21.10272648128466 45.84428394455302 0.0 1.6431676725154984 0.6085806194501846 1 0 0 0.45038735218474446 -0.8928332615847233 5.348787031883288
cell 0.28450100735588935 23.610334470397845 0.0 1.6431676725154984 0.6085806194501846 1 0 0 -0.48104871205451044 0.8766938671113746 5.279484241691243
cell 33.91290367933868 61.80583581680898 0.0 1.0 1.0 1 0 0 0.0 1.0 0
cell 26.135024353058174 24.229420692970713 0.0 1.6431676725154984 0.6085806194501846 1 0 0 0.8727395672220337 0.488186079077535 2.121572413486192
cell 9.488813499695967 48.2097490215743 0.0 1.0 1.0 1 0 0 0.0 1.0 0
cell 25.706712966090816 36.900739488404305 0.0 1.6431676725154984 0.6085806194501846 1 0 0 -0.06689330408725884 0.9977601344352708 6.1492987214192345
cell 14.646152126446783 42.09256412286545 0.0 1.0 1.0 1 0 0 0.0 1.0 0
cell 4.339915141427716 49.53908279168279 0.0 1.6431676725154984 0.6085806194501846 1 0 0 0.2844156983461549 -0.9587010537880247 5.706391505555202
cell 50.650508056591235 65.9647438530701 0.0 1.6431676725154984 0.6085806194501846 1 0 0 0.6866095598473811 0.7270263491278603 1.5136305716765808
cell 45.93930682190879 17.962262412366613 0.0 1.6431676725154984 0.6085806194501846 1 0 0 0.7754058933165763 -0.6314631427169145 4.508470059489886
cell 29.896871508637805 65.90652815154472 0.0 1.6431676725154984 0.6085806194501846 1 0 0 -0.9941141941888837 -0.10833729234287921 2.924491964036978
cell 9.632059858248963 63.26639223385236 0.0 1.6431676725154984 0.6085806194501846 1 0 0 -0.5747345040943637 0.8183399353590205 5.058625949629602
cell 36.943944391475135 63.02050944541676 0.0 1.0 1.0 1 0 0 0.0 1.0 0
cell 33.99285067131252 35.9745985849522 0.0 1.6431676725154984 0.6085806194501846 1 0 0 -0.10206979999003649 0.9947772393505965 6.078689572328875
cell 35.32429383437812 16.851263513344552 0.0 1.6431676725154984 0.6085806194501846 1 0 0 -0.6076071582937848 0.7942377107580272 4.977096599521589
cell 50.07836001336712 9.38247237120769 0.0 1.0 1.0 1 0 0 0.0 1.0 0
cell 40.2205418786048 12.739816429452697 0.0 1.6431676725154984 0.6085806194501846 1 0 0 0.6218364596957853 -0.7831471237213428 4.941014306502716
cell 16.823748406202792 52.51386891199514 0.0 1.6431676725154984 0.6085806194501846 1 0 0 0.6636327909604309 -0.748058499558737 4.83185599470429
cell 34.51163559160606 39.69817597016744 0.0 1.6431676725154984 0.6085806194501846 1 0 0 0.230060302801717 -0.9731763751113065 5.81890601251049
cell 38.79468393747942 44.264607526112904 0.0 1.0 1.0 1 0 0 0.0 1.0 0
cell 58.72284227526008 66.59912753984402 0.0 1.6431676725154984 0.6085806194501846 1 0 0 0.16885357482648733 -0.9856411468015709 5.943852453923495
cell 12.33286173896843 65.85176955272034 0.0 1.6431676725154984 0.6085806194501846 1 0 0 0.738901970652879 -0.6738129397431397 4.6203066610532035
cell 36.71335887128928 1.9805770419615614 0.0 1.6431676725154984 0.6085806194501846 1 0 0 0.9970539657884476 -0.07670325485616065 3.2951499879929287
cell 10.724407776883282 56.324135738716315 0.0 1.6431676725154984 0.6085806194501846 1 0 0 0.5308455687029823 -0.8474685729797934 5.163989282993535
cell 54.386729740328384 63.400763305616316 0.0 1.6431676725154984 0.6085806194501846 1 0 0 0.7603435232617654 0.6495211517986811 1.7276836767375474
cell 20.670508313653134 62.48319864994311 0.0 1.0 1.0 1 0 0 0.0 1.0 0
cell 22.12131298435396 65.04876052121212 0.0 1.6431676725154984 0.6085806194501846 1 0 0 0.9999973756535471 -0.00229100109528174 3.1461746597886147
cell 45.224442325790044 49.45801971594728 0.0 1.6431676725154984 0.6085806194501846 1 0 0 0.972039400802938 0.23481780870850733 2.6675303898953078
cell 20.653230413076944 32.41531701132224 0.0 1.6431676725154984 0.6085806194501846 1 0 0 0.1595695292451414 -0.9871866922403705 5.96267614824404
cell 49.030872904917 52.85791235800148 0.0 1.6431676725154984 0.6085806194501846 1 0 0 -0.9919091837217268 0.1269494830572288 3.396178593453356
cell 51.41576611130629 17.045337262765976 0.0 1.6431676725154984 0.6085806194501846 1 0 0 0.8419712357966573 -0.5395224166714944 4.281332225128283
cell 33.29656214297339 1.5090695338456555 0.0 1.6431676725154984 0.6085806194501846 1 0 0 0.9949303719223096 -0.10056617237687235 3.3430655778156444
cell 42.958106164640405 42.244232017177154 0.0 1.0 1.0 1 0 0 0.0 1.0 0
cell 27.859952245199022 55.537618230473534 0.0 1.0 1.0 1 0 0 0.0 1.0 0
cell 12.1132233697734 49.160386870226105 0.0 1.6431676725154984 0.6085806194501846 1 0 0 -0.39629498399427415 0.9181232409981669 5.468229525131799
cell 29.668733902262506 38.21332066980201 0.0 1.6431676725154984 0.6085806194501846 1 0 0 0.1991308687877157 -0.9799729063070313 5.882243411900728
cell 44.695000852315886 64.99613415391212 0.0 1.0 1.0 1 0 0 0.0 1.0 0
cell 23.593394176316476 5.321302929801271 0.0 1.6431676725154984 0.6085806194501846 1 0 0 0.9959001489735632 -0.09045934597616014 3.322758998287118
cell 27.244200572497398 4.499409502317866 0.0 1.6431676725154984 0.6085806194501846 1 0 0 0.9965415634939525 -0.08309580151264274 3.3079761097483806
cell 45.728868469046 2.444924138623944 0.0 1.6431676725154984 0.6085806194501846 1 0 0 0.9387513683372215 -0.3445952240600474 3.8452077845802064
cell 43.10789065354199 61.46226605528154 0.0 1.0 1.0 1 0 0 0.0 1.0 0
cell 28.355531898060857 3.356952689258804 0.0 1.6431676725154984 0.6085806194501846 1 0 0 0.9999978668587245 -0.0020654970347642105 3.1457236505966555
cell 40.84249799238783 49.6103457779797 0.0 1.6431676725154984 0.6085806194501846 1 0 0 0.9787062085172608 0.20526606492493615 2.7281215471175733
cell 34.55360087663086 56.08494356108175 0.0 1.6431676725154984 0.6085806194501846 1 0 0 0.9914489932066238 -0.13049480399453486 3.4033287233743317
cell 32.886916726807016 53.04566965251795 0.0 1.6431676725154984 0.6085806194501846 1 0 0 0.9715229673217125 0.23694540292315183 2.6631516400292328
cell 60.776924882272006 53.01487827115198 0.0 1.6431676725154984 0.6085806194501846 1 0 0 0.8558711154709745 0.5171891662655645 2.0544656522393194
cell 26.853928606001034 52.02046966281664 0.0 1.0 1.0 1 0 0 0.0 1.0 0
cell 5.100156879003688 30.15656387448367 0.0 1.6431676725154984 0.6085806194501846 1 0 0 0.4568203050301376 0.8895589968698939 0.948834884034959
cell 28.722469076792205 1.9167644200370433 0.0 1.6431676725154984 0.6085806194501846 1 0 0 -0.9996072061273936 -0.02802558577775747 3.085534142028775
cell 4.218713338290796 64.27699875214536 0.0 1.6431676725154984 0.6085806194501846 1 0 0 0.8159064832401506 -0.5781838899577624 4.374594754417189
cell 45.00720084810619 36.64870129883172 0.0 1.6431676725154984 0.6085806194501846 1 0 0 0.6890893073029573 -0.7246764288706585 4.762722083306322
cell 36.1512574000273 37.99637919377564 0.0 1.6431676725154984 0.6085806194501846 1 0 0 0.24493926995187124 -0.9695384231867473 5.788271199310335
cell 25.206480899186964 42.64886035005785 0.0 1.6431676725154984 0.6085806194501846 1 0 0 0.42978676587723197 -0.902930415855391 5.394672095599388
cell 49.90568183032968 62.242466642725034 0.0 1.6431676725154984 0.6085806194501846 1 0 0 0.34946586149714126 0.9369490976825053 0.714001920518955
cell 66.97848030202948 48.499801404420666 0.0 1.6431676725154984 0.6085806194501846 1 0 0 0.9265753255820923 0.37610924745669255 2.3704053902208453
cell 63.00642982949109 53.97430985690744 0.0 1.6431676725154984 0.6085806194501846 1 0 0 0.9928890137738151 0.11904371603432427 2.9029392659090774
cell 64.596504442417 6.451594753912135 0.0 1.6431676725154984 0.6085806194501846 1 0 0 0.858503159953389 0.5128082725054713 2.064687187378207
cell 26.27441751006318 37.73761603012876 0.0 1.6431676725154984 0.6085806194501846 1 0 0 0.15715349303808743 -0.987574189428788 5.967569976198608
cell 18.32235106922638 44.36453796864586 0.0 1.6431676725154984 0.6085806194501846 1 0 0 0.49298471065451926 -0.8700379733441983 5.25215133907337
cell 8.990064202545353 6.3902943768166205 0.0 1.6431676725154984 0.6085806194501846 1 0 0 0.7981813668743545 -0.6024172188563232 4.43464479032376
cell 22.25095657459479 41.363667296674876 0.0 1.6431676725154984 0.6085806194501846 1 0 0 0.32927142754126343 -0.9442353133647028 5.612121565735656
cell 39.19272062128348 49.01447676447132 0.0 1.6431676725154984 0.6085806194501846 1 0 0 0.9971888031663985 0.07492990617614523 2.9915922546615246
cell 39.734248678092584 52.67059355666543 0.0 1.6431676725154984 0.6085806194501846 1 0 0 0.9999730892575487 -0.007336263402747917 3.1562653120129025
cell 14.879056478943287 58.22902788682607 0.0 1.6431676725154984 0.6085806194501846 1 0 0 0.7419941355103871 -0.6704063714406311 4.611105307144188
cell 11.613368454759897 62.14721569638739 0.0 1.6431676725154984 0.6085806194501846 1 0 0 0.5757241577861829 -0.8176439898521791 5.056206234971405
cell 10.223359628732927 2.194817017595491 0.0 1.6431676725154984 0.6085806194501846 1 0 0 -0.7420343168860067 0.6703618967121545 4.610985431468242
cell 47.73352638090178 38.7442871460608 0.0 1.0 1.0 1 0 0 0.0 1.0 0
cell 37.820795247136736 16.899103569001042 0.0 1.6431676725154984 0.6085806194501846 1 0 0 0.5533228894444041 -0.8329668540925838 5.110488910370222
cell 43.93910250452161 7.119647392134442 0.0 1.6431676725154984 0.6085806194501846 1 0 0 0.9261434089263595 -0.3771715605692748 3.9150734393944537
cell 43.38650977774543 9.675386877299603 0.0 1.6431676725154984 0.6085806194501846 1 0 0 0.8480792550991927 -0.529869396238732 4.258485770502502
cell 22.19729556356538 0.5203123914457555 0.0 1.6431676725154984 0.6085806194501846 1 0 0 0.9986001045122919 -0.052894529660824606 3.247431105112381
cell 39.11593670468763 14.843404802075728 0.0 1.6431676725154984 0.6085806194501846 1 0 0 0.6077357874554505 -0.794139290455965 4.976772673498268
cell 22.006732861040575 46.38774220359855 0.0 1.6431676725154984 0.6085806194501846 1 0 0 -0.4439815390192472 0.8960359328788665 5.363110685742036
cell 45.74851628484236 27.209277559780233 0.0 1.6431676725154984 0.6085806194501846 1 0 0 0.7310453285575925 -0.6823288998673013 4.643479913199826
cell 14.190471107630838 55.85501167041349 0.0 1.6431676725154984 0.6085806194501846 1 0 0 0.7196306303857644 -0.6943570809105265 4.676644881139827
cell 14.293414562260518 65.99131215775891 0.0 1.6431676725154984 0.6085806194501846 1 0 0 0.7935764432928801 -0.608470565147257 4.449856443932801
cell 31.75442108524718 37.96894594308168 0.0 1.6431676725154984 0.6085806194501846 1 0 0 0.24926316757748013 -0.9684357868693417 5.779346642051714
cell 4.163771662736284 11.670084691961394 0.0 1.6431676725154984 0.6085806194501846 1 0 0 0.3024405958211192 -0.9531682359370598 5.668681054214753
cell 35.628737285031406 62.0117067221417 0.0 1.0 1.0 1 0 0 0.0 1.0 0
cell 60.11124797371383 55.33498503765795 0.0 1.6431676725154984 0.6085806194501846 1 0 0 0.9252788988159911 0.3792874363933862 2.363540517652649
cell 51.177629764384704 11.026674135415709 0.0 1.0 1.0 1 0 0 0.0 1.0 0
cell 41.10201936440512 64.67835430156778 0.0 1.0 1.0 1 0 0 0.0 1.0 0
cell 42.38167108609675 1.1302465905300494 0.0 1.6431676725154984 0.6085806194501846 1 0 0 0.9859743397903596 -0.16689697802825684 3.4769559779610972
cell 62.919271767832306 26.273192903705503 0.0 1.6431676725154984 0.6085806194501846 1 0 0 -0.22035702090304465 -0.9754192859169513 0.4443609465154701
cell 24.776336721396973 49.06447319337453 0.0 1.6431676725154984 0.6085806194501846 1 0 0 -0.6363496684960055 0.7714007385302557 4.903671520175815
cell 26.237457322367614 21.98034602883579 0.0 1.6431676725154984 0.6085806194501846 1 0 0 0.8416122060110929 0.5400823036289392 2.0005228552911647
cell 28.11287934672505 32.13248922070346 0.0 1.6431676725154984 0.6085806194501846 1 0 0 -0.27170943945930814 -0.9623793329600904 0.5503377018294104
cell 53.6148809119385 0.5221348136593847 0.0 1.6431676725154984 0.6085806194501846 1 0 0 -0.152082081799973 -0.988367866937906 0.3053490378249908
cell 57.810276427046446 45.05955345562496 0.0 1.6431676725154984 0.6085806194501846 1 0 0 0.9481129686981321 0.31793363865186525 2.494494169147859
cell 27.0946580839642 39.50258322493607 0.0 1.6431676725154984 0.6085806194501846 1 0 0 0.19613213759416268 -0.980577475063926 5.888361548692439
cell 18.682308983709774 62.57810210165073 0.0 1.0 1.0 1 0 0 0.0 1.0 0
cell 15.2077015265689 37.897009423295415 0.0 1.6431676725154984 0.6085806194501846 1 0 0 -0.1378305151736288 0.9904558289429025 6.006643929697583
cell 32.89858696650282 66.9619877611532 0.0 1.6431676725154984 0.6085806194501846 1 0 0 -0.9976293247229445 -0.06881664371968313 3.0038505016331847
cell 6.7506923289916765 50.7546095034306 0.0 1.0 1.0 1 0 0 0.0 1.0 0
cell 38.5889384348886 10.215492355605498 0.0 1.6431676725154984 0.6085806194501846 1 0 0 0.7548436663851689 -0.6559047486626362 4.572353829664322
cell 30.843268496548248 1.4251212005575484 0.0 1.6431676725154984 0.6085806194501846 1 0 0 0.9999984991618488 0.0017325339967305166 3.138127583862829
cell 24.38637027233203 46.13596905077639 0.0 1.6431676725154984 0.6085806194501846 1 0 0 -0.4909910677722013 0.8711646063562922 5.256731258800924
cell 54.11900128635316 18.97111581912132 0.0 1.6431676725154984 0.6085806194501846 1 0 0 0.5705614443586933 -0.821254916704504 5.068806637180619
cell 11.09273543800534 1.8055635916578359 0.0 1.6431676725154984 0.6085806194501846 1 0 0 0.767026632308437 -0.6416152626999905 4.534797236121169
cell 18.34390071020819 55.56342689541682 0.0 1.6431676725154984 0.6085806194501846 1 0 0 -0.7467155007803739 0.6651435641230512 4.59696477828379
cell 53.649012836944706 66.25189073667835 0.0 1.6431676725154984 0.6085806194501846 1 0 0 0.1441558813930253 0.9895549918320862 0.28931978179216755
cell 33.24213057097421 24.726503256895697 0.0 1.6431676725154984 0.6085806194501846 1 0 0 -0.7069256298279645 0.7072878861484451 4.712901288191771
cell 31.652269399385766 36.796470453690915 0.0 1.6431676725154984 0.6085806194501846 1 0 0 -0.08361102690958641 0.9964984677254273 6.1157678017748305
cell 22.319464228630494 34.355156101846575 0.0 1.6431676725154984 0.6085806194501846 1 0 0 -0.3495459147303364 0.9369192353107777 5.5690125032922815
cell 20.10636348231227 42.22848339750706 0.0 1.6431676725154984 0.6085806194501846 1 0 0 0.376858341475532 -0.9262709055456245 5.510380869183968
cell 43.61633609235478 2.371649028575112 0.0 1.6431676725154984 0.6085806194501846 1 0 0 0.9821646726630511 -0.18802275333767923 3.519889864007897
cell 37.55903614140971 3.475933436695801 0.0 1.6431676725154984 0.6085806194501846 1 0 0 0.9625084823768237 -0.27125158313393055 3.690978910222045
cell 62.71408805351937 42.49780667707721 0.0 1.6431676725154984 0.6085806194501846 1 0 0 0.19519639606758873 0.9807641749993854 0.392915388355821
cell 1.7561180575004505 2.932990365468471 0.0 1.6431676725154984 0.6085806194501846 1 0 0 0.6960299407791861 -0.7180127586184821 4.743478631589264
cell 48.62384822243944 34.41858198518534 0.0 1.0 1.0 1 0 0 0.0 1.0 0
cell 50.67523108970818 29.386008443257342 0.0 1.6431676725154984 0.6085806194501846 1 0 0 0.9515340679674917 0.307543358727248 2.5163722888465925
cell 29.27758948632776 39.410213397377824 0.0 1.6431676725154984 0.6085806194501846 1 0 0 0.22714905830550222 -0.9738600029321071 5.824886881403362
cell 45.8725682042788 22.319633397655426 0.0 1.6431676725154984 0.6085806194501846 1 0 0 0.7578482843062732 -0.6524308223666615 4.563167768517523
cell 35.43025708439886 60.53811413689119 0.0 1.0 1.0 1 0 0 0.0 1.0 0
cell 26.821870604328694 2.672101959412709 0.0 1.6431676725154984 0.6085806194501846 1 0 0 -0.9965359017474877 -0.0831636731290865 2.975072982722844
cell 5.192773372783543 32.784140571020906 0.0 1.6431676725154984 0.6085806194501846 1 0 0 -0.29187693711311813 -0.9564558816701714 0.5923772786343253
cell 10.718133945432818 52.32057172712532 0.0 1.6431676725154984 0.6085806194501846 1 0 0 0.2138320776255038 -0.9768704328509286 5.85219311207387
cell 33.7414600195395 9.673299754943516 0.0 1.6431676725154984 0.6085806194501846 1 0 0 0.7154014493508518 -0.6987136511237637 4.688788322086444
cell 19.75580913924931 55.72296947404434 0.0 1.6431676725154984 0.6085806194501846 1 0 0 0.5594778199798444 -0.8288453226933243 5.09567399331101
cell 9.795347137052682 56.10254740525697 0.0 1.6431676725154984 0.6085806194501846 1 0 0 0.4354213561159882 -0.9002267728956487 5.382172748489671
cell 50.94745251142356 43.72038574386611 0.0 1.6431676725154984 0.6085806194501846 1 0 0 0.9315404199693582 0.3636377950149184 2.3972525125268604
cell 45.98560991717969 30.446004934794175 0.0 1.6431676725154984 0.6085806194501846 1 0 0 0.7154275260653677 -0.6986869506066272 4.688713678596294
cell 31.6812865727268 5.113538349591324 0.0 1.6431676725154984 0.6085806194501846 1 0 0 0.9922805526750145 -0.1240133250218209 3.3902594903788645
cell 3.592498934484566 9.675822243993007 0.0 1.6431676725154984 0.6085806194501846 1 0 0 0.9730039514618662 -0.23078845386975985 3.6073685229064174
cell 37.115595580268284 10.945498650475125 0.0 1.6431676725154984 0.6085806194501846 1 0 0 0.7887103030092586 -0.614765042863567 4.465768716540937
cell 35.02824899162388 47.71225605012508 0.0 1.0 1.0 1 0 0 0.0 1.0 0
cell 34.36784946338312 21.902967919553074 0.0 1.6431676725154984 0.6085806194501846 1 0 0 0.39072126851768013 -0.9205090386997484 5.480355274178416
cell 11.59123545475294 0.12387180902628861 0.0 1.6431676725154984 0.6085806194501846 1 0 0 0.7619410057027819 -0.6476464342746228 4.550575569536506
cell 17.18689835756647 44.181419248407884 0.0 1.6431676725154984 0.6085806194501846 1 0 0 -0.4179932791500035 0.9084501189308234 5.420714817959245
cell 12.370566911870151 45.358042359508836 0.0 1.0 1.0 1 0 0 0.0 1.0 0
cell 40.662333918738355 44.530896616799325 0.0 1.0 1.0 1 0 0 0.0 1.0 0
cell 2.4984226506697658 0.38921884314389804 0.0 1.6431676725154984 0.6085806194501846 1 0 0 -0.7492968213251016 0.6622343041190926 4.5891860820963375
cell 7.577364923737827 4.39553930814096 0.0 1.6431676725154984 0.6085806194501846 1 0 0 0.7804133060921772 -0.6252640015819539 4.492532196449003
cell 33.77359557772437 38.12706133983292 0.0 1.6431676725154984 0.6085806194501846 1 0 0 0.13987864697575297 -0.9901686543817839 6.002507595749728
cell 37.44434082820437 9.429238710383517 0.0 1.6431676725154984 0.6085806194501846 1 0 0 0.8153142343192773 -0.579018738311957 4.376641928713878
cell 36.038319407450615 43.326718724805716 0.0 1.6431676725154984 0.6085806194501846 1 0 0 0.005691075395795656 -0.999983805699292 6.271803094945606
cell 25.951917199835144 5.2055639260589635 0.0 1.0 1.0 1 0 0 0.0 1.0 0
cell 21.26906142466913 66.33953624903783 0.0 1.6431676725154984 0.6085806194501846 1 0 0 0.9942167633930584 0.10739193353427985 2.9263937776837654
cell 19.158120940067622 3.7007434915745883 0.0 1.6431676725154984 0.6085806194501846 1 0 0 0.9800342840058659 -0.19882857484051383 3.5419176247138857
cell 36.82600451165041 59.09440601137453 0.0 1.0 1.0 1 0 0 0.0 1.0 0
cell 28.950750520555925 53.38025508149921 0.0 1.0 1.0 1 0 0 0.0 1.0 0
cell 2.5252817703724126 46.149750293402846 0.0 1.6431676725154984 0.6085806194501846 1 0 0 0.9080951618639389 0.41876386782924174 2.2774253420745985
cell 16.966573319582196 0.8582678893918687 0.0 1.6431676725154984 0.6085806194501846 1 0 0 -0.9737410897384845 0.22765827495373134 3.6009369129066577
cell 38.160018130422564 36.007123828309496 0.0 1.6431676725154984 0.6085806194501846 1 0 0 0.5508021753221666 -0.8346358269690856 5.1165352239940365
cell 52.20686631596002 54.5453176719437 0.0 1.6431676725154984 0.6085806194501846 1 0 0 0.6166901810727673 -0.7872059581637053 4.954122849439579
cell 36.46018193993694 46.5300702659565 0.0 1.0 1.0 1 0 0 0.0 1.0 0
cell 0.668579800332647 59.944049230382795 0.0 1.6431676725154984 0.6085806194501846 1 0 0 -0.2087927004702035 0.9779599215869533 5.862504730124287
cell 32.49303126664263 47.15469082414993 0.0 1.6431676725154984 0.6085806194501846 1 0 0 0.7929524836621917 -0.6092834797152812 4.45190598613294
cell 43.13519371288904 40.49102068410129 0.0 1.0 1.0 1 0 0 0.0 1.0 0
cell 41.84436208026753 39.42141522840561 0.0 1.0 1.0 1 0 0 0.0 1.0 0
cell 18.533122344027205 8.818059259103642 0.0 1.6431676725154984 0.6085806194501846 1 0 0 0.9555251982863715 -0.2949094699052413 3.74031420054565
cell 16.08366995619909 42.49711397336069 0.0 1.6431676725154984 0.6085806194501846 1 0 0 -0.4089494959123351 0.9125570172833295 5.440580108335439
cell 34.69351061339423 11.686406075323703 0.0 1.6431676725154984 0.6085806194501846 1 0 0 0.7198608917060313 -0.6941183592098668 4.675981531075426
cell 19.119441764176408 41.6030247961584 0.0 1.6431676725154984 0.6085806194501846 1 0 0 -0.5137406580631589 0.8579455322180031 5.2041070164140635
cell 47.379742220616386 14.941268443612785 0.0 1.6431676725154984 0.6085806194501846 1 0 0 -0.8356214461598214 0.5493057424766 4.304659019537883
cell 22.560850058440263 62.1948864741522 0.0 1.0 1.0 1 0 0 0.0 1.0 0
cell 46.01153692390508 15.856101432990698 0.0 1.6431676725154984 0.6085806194501846 1 0 0 0.8296176636262323 -0.5583319193807136 4.326340202632185
cell 21.0656102529409 49.96989951580651 0.0 1.6431676725154984 0.6085806194501846 1 0 0 0.43447628362206137 -0.900683273393018 5.384271848129035
cell 47.8458931330645 64.3070894656589 0.0 1.0 1.0 1 0 0 0.0 1.0 0
cell 33.734259048507155 65.72286473818421 0.0 1.6431676725154984 0.6085806194501846 1 0 0 0.9987107465762881 0.0507626306748699 3.040023739130326
cell 52.26272068334793 46.256795430980524 0.0 1.6431676725154984 0.6085806194501846 1 0 0 0.9771937775939944 0.2123495256212715 2.713635265041285
cell 50.715964658765415 30.88887205008282 0.0 1.0 1.0 1 0 0 0.0 1.0 0
cell 27.20095470057372 9.474147836108909 0.0 1.6431676725154984 0.6085806194501846 1 0 0 0.9951512272723052 -0.09835667165182443 3.3386245542554414
cell 10.982852362213103 61.27769847338919 0.0 1.6431676725154984 0.6085806194501846 1 0 0 0.5892923175228691 -0.8079198998097064 5.0228200488068255
cell 11.778941435260686 8.440063539793389 0.0 1.6431676725154984 0.6085806194501846 1 0 0 -0.7965837437189953 0.6045281955729029 4.439939552466815
cell 18.73918498325384 45.92131303735866 0.0 1.6431676725154984 0.6085806194501846 1 0 0 0.5312679015470748 -0.8472038814746824 5.162992434701727
cell 45.76703870199045 42.151426837017446 0.0 1.0 1.0 1 0 0 0.0 1.0 0
cell 13.403981194714191 53.802988190048424 0.0 1.6431676725154984 0.6085806194501846 1 0 0 0.5504161299906345 -0.8348904621841915 5.117460145816855
cell 49.908138867238314 7.123428322234772 0.0 1.6431676725154984 0.6085806194501846 1 0 0 0.9906366439204836 -0.13652486851105589 3.4154978159704408
cell 6.813452907213777 30.739249075349193 0.0 1.6431676725154984 0.6085806194501846 1 0 0 0.5017909126676652 0.8649889478855506 1.051335961780977
cell 16.224240098342438 8.38953831856814 0.0 1.6431676725154984 0.6085806194501846 1 0 0 -0.9602629151952258 0.27909699693971374 3.70729987334407
cell 24.21948339855473 42.25269722422765 0.0 1.6431676725154984 0.6085806194501846 1 0 0 0.3963550034611629 -0.9180973321120706 5.468098779473579
cell 8.966599820123083 11.968041169680074 0.0 1.6431676725154984 0.6085806194501846 1 0 0 0.9413595608905057 -0.33740506386246555 3.8299105485864624
cell 43.96595704994537 35.69517207561391 0.0 1.6431676725154984 0.6085806194501846 1 0 0 0.6890728952170265 -0.7246920346445274 4.762767377753781
cell 24.00316760057329 12.716926218728496 0.0 1.6431676725154984 0.6085806194501846 1 0 0 0.9746179210147301 -0.2238747597138303 3.5931693290821367
cell 39.01493984946863 25.847879395711047 0.0 1.6431676725154984 0.6085806194501846 1 0 0 0.45497096269700604 -0.890506273477374 5.338506094733924
cell 31.604268129414123 3.2440186038591787 0.0 1.6431676725154984 0.6085806194501846 1 0 0 -0.9999850135642233 0.005474728026131846 3.152542164340158
cell 10.999759751379258 46.7686731496607 0.0 1.0 1.0 1 0 0 0.0 1.0 0
cell 25.217211017601038 20.025195599589292 0.0 1.6431676725154984 0.6085806194501846 1 0 0 0.6840521082538189 -0.7294331451157848 4.776578477598678
cell 30.90890807068249 33.78431915973276 0.0 1.6431676725154984 0.6085806194501846 1 0 0 0.21908497456765472 0.9757057824563151 0.44175312567244296
cell 37.86210158251811 25.033930723161074 0.0 1.6431676725154984 0.6085806194501846 1 0 0 0.6325600325436624 -0.7745113331826466 4.913477067155276
cell 19.549128921483494 50.52837784547953 0.0 1.6431676725154984 0.6085806194501846 1 0 0 -0.47813097727685416 0.8782885451651299 5.286134409964143
cell 18.4826325701976 65.42733681418765 0.0 1.6431676725154984 0.6085806194501846 1 0 0 0.9719863488721049 -0.23503731109395137 3.616106562298853
cell 44.672678243889386 14.154955375743146 0.0 1.6431676725154984 0.6085806194501846 1 0 0 0.8285060276171157 -0.5599801444713082 4.330316322282199
cell 15.494475165065493 26.964311106688637 0.0 1.6431676725154984 0.6085806194501846 1 0 0 0.8497495074314075 0.5271866601310016 2.0310199240665963
cell 35.966768104074035 22.306108228452945 0.0 1.6431676725154984 0.6085806194501846 1 0 0 0.6954026725864075 -0.7186202912245672 4.745225126709883
cell 35.360274130416414 49.20996533848906 0.0 1.0 1.0 1 0 0 0.0 1.0 0
cell 29.336705769897875 4.251014643387501 0.0 1.6431676725154984 0.6085806194501846 1 0 0 -0.9960983968337862 0.08824955424907796 3.3183216640827107
cell 29.228156507623297 12.60072637533718 0.0 1.0 1.0 1 0 0 0.0 1.0 0
cell 1.7557542263485495 32.467833385062065 0.0 1.6431676725154984 0.6085806194501846 1 0 0 -0.06243243840522743 0.998049192492423 6.158239171177474
cell 23.934599455279635 34.66379698334533 0.0 1.6431676725154984 0.6085806194501846 1 0 0 -0.22663792663860066 0.9739790809914535 5.825936519762892
cell 42.48229897021154 10.766207882576344 0.0 1.6431676725154984 0.6085806194501846 1 0 0 0.781960656988177 -0.6233277877029217 4.487575091598129
cell 46.51736042810803 25.437068244961225 0.0 1.6431676725154984 0.6085806194501846 1 0 0 0.7777258465527093 -0.6286036172373427 4.5011055271063904
cell 40.819102125360644 6.775158999222422 0.0 1.6431676725154984 0.6085806194501846 1 0 0 -0.9101187961017235 0.4143474109758011 3.9960439508849794
cell 19.65028197427969 65.01917307090797 0.0 1.6431676725154984 0.6085806194501846 1 0 0 0.9824450795379294 -0.1865520455307622 3.5168954626403175
cell 38.70795127848616 58.17511685321708 0.0 1.0 1.0 1 0 0 0.0 1.0 0
cell 32.40413812888066 22.8650341560637 0.0 1.6431676725154984 0.6085806194501846 1 0 0 0.5281594755458241 -0.8491451986504781 5.170322111260763
cell 4.407339948239971 57.4555159719616 0.0 1.6431676725154984 0.6085806194501846 1 0 0 0.5386327141302002 -0.8425406810764297 5.145558400917375
cell 13.839127826436126 48.30247321498432 0.0 1.6431676725154984 0.6085806194501846 1 0 0 -0.44859751834239575 0.8937338902251855 5.352794344436282
cell 30.769314984929412 7.815505033359053 0.0 1.6431676725154984 0.6085806194501846 1 0 0 0.981413602547957 -0.19190450941507517 3.5277973685259787
cell 40.26792525934505 40.077232821326305 0.0 1.6431676725154984 0.6085806194501846 1 0 0 0.4685003424238158 -0.8834633151120466 5.30800023373194
cell 6.204575702823231 55.369277716887126 0.0 1.6431676725154984 0.6085806194501846 1 0 0 0.5109209050356784 -0.859627726866417 5.210673840808426
cell 64.50513116125076 50.10424993456249 0.0 1.6431676725154984 0.6085806194501846 1 0 0 0.9085003260222231 0.41788414377374306 2.2793624249146576
cell 25.78796554353906 66.67650460313601 0.0 1.6431676725154984 0.6085806194501846 1 0 0 -0.9342828364264307 -0.3565327215824422 2.4124844785022157
cell 31.74381704632424 48.88595629935609 0.0 1.0 1.0 1 0 0 0.0 1.0 0
cell 14.610629739044777 63.73972254245292 0.0 1.6431676725154984 0.6085806194501846 1 0 0 0.8075729180558165 -0.5897677356577024 4.403135058938019
cell 44.89922015030061 16.687431115336548 0.0 1.6431676725154984 0.6085806194501846 1 0 0 0.7401625245009799 -0.672428016462979 4.616561258793996
cell 17.871889736766565 52.44437619497418 0.0 1.6431676725154984 0.6085806194501846 1 0 0 -0.6862779895640515 0.7273393438003499 4.770466666468367
cell 37.664889776515764 0.860829127308999 0.0 1.6431676725154984 0.6085806194501846 1 0 0 0.9975346672148236 -0.07017540669359142 3.2820589179889565
cell 22.859048028860414 21.478276071484977 0.0 1.6431676725154984 0.6085806194501846 1 0 0 0.7573537099068147 -0.6530048683512124 4.564683199355863
cell 21.256527344449893 52.82741943953007 0.0 1.6431676725154984 0.6085806194501846 1 0 0 -0.4774245313758934 0.8786727586766923 5.2877427455862085
cell 23.164995260686656 7.3617099005012525 0.0 1.6431676725154984 0.6085806194501846 1 0 0 0.9779485671040675 -0.20884587642350322 3.5623819800136736
cell 32.66809561734793 15.30340887919238 0.0 1.6431676725154984 0.6085806194501846 1 0 0 0.5276172554338822 -0.8494822139211731 5.171598954174076
cell 45.50713662783647 3.8645135124081103 0.0 1.0 1.0 1 0 0 0.0 1.0 0
cell 55.4494675869326 64.81748767690455 0.0 1.6431676725154984 0.6085806194501846 1 0 0 0.947908353076034 0.31854317473253246 2.493208242554801
cell 46.91493544356679 28.67642046887044 0.0 1.6431676725154984 0.6085806194501846 1 0 0 0.7259943044152527 -0.6877007124880804 4.658227043368825
cell 16.099474910264455 64.1074391271443 0.0 1.6431676725154984 0.6085806194501846 1 0 0 -0.9479663150994915 0.31837064160611867 3.7896130466254236
cell 24.828268406161648 57.76845246001888 0.0 1.0 1.0 1 0 0 0.0 1.0 0
cell 27.100599198832956 34.21350914112197 0.0 1.6431676725154984 0.6085806194501846 1 0 0 -0.06076034156774865 -0.9981523836031102 0.12159557969270463
cell 34.3921959840116 2.9618115660164195 0.0 1.6431676725154984 0.6085806194501846 1 0 0 -0.9818326957030535 0.1897486696882883 3.5234049723967957
cell 18.619230003226818 66.62283183502338 0.0 1.6431676725154984 0.6085806194501846 1 0 0 0.9945412827508047 -0.10434383980084276 3.3506608866000906
cell 32.68114162024244 11.736454437306843 0.0 1.6431676725154984 0.6085806194501846 1 0 0 0.5621248105771526 -0.827052415106564 5.089279906810882
cell 44.481373831062086 58.59148441680005 0.0 1.6431676725154984 0.6085806194501846 1 0 0 0.41302833569985387 -0.9107181747988831 5.431631743325177
cell 13.631304526286005 63.66421012034277 0.0 1.6431676725154984 0.6085806194501846 1 0 0 0.7623624603593192 -0.6471502754653554 4.54927357474927
cell 42.67870409430019 52.31950447864079 0.0 1.6431676725154984 0.6085806194501846 1 0 0 0.9998258975549033 -0.018659436715294277 3.178913692940257
cell 27.987189051748576 7.236396755803087 0.0 1.6431676725154984 0.6085806194501846 1 0 0 0.9812949837390557 -0.1925101423005203 3.5290316482768387
cell 59.80437532695488 16.5923998814168 0.0 1.6431676725154984 0.6085806194501846 1 0 0 0.4255935731848292 0.9049144216243707 0.8792354570163965
cell 47.74608489941993 47.5667516860429 0.0 1.6431676725154984 0.6085806194501846 1 0 0 0.9500950171546791 0.3119606679981467 2.5070806738616036
cell 30.802598026716247 58.45145388787931 0.0 1.0 1.0 1 0 0 0.0 1.0 0
cell 31.565315101476383 6.0279730183358256 0.0 1.6431676725154984 0.6085806194501846 1 0 0 0.9924411549769524 -0.12272144844326437 3.387655847981794
cell 8.486155726600145 32.02402738940781 0.0 1.6431676725154984 0.6085806194501846 1 0 0 0.6414671535012899 0.7671505008659987 1.3928184232149898
cell 66.02061884133549 50.527669302051855 0.0 1.6431676725154984 0.6085806194501846 1 0 0 0.9716067916703068 0.23660144204998634 2.663859695408409
cell 39.39410336823163 36.54140457273313 0.0 1.6431676725154984 0.6085806194501846 1 0 0 0.39366349473255857 -0.9192546181091226 5.473958314013074
cell 36.95262599213845 38.697555742614625 0.0 1.6431676725154984 0.6085806194501846 1 0 0 0.345342024997863 -0.938476896769641 5.577978892034124
cell 38.63663740812267 61.95769502661581 0.0 1.0 1.0 1 0 0 0.0 1.0 0
cell 46.8175516759251 0.28282372515701765 0.0 1.6431676725154984 0.6085806194501846 1 0 0 0.9750301569498709 -0.22207249500627055 3.589471709569016
cell 35.76889853444691 11.97328374904173 0.0 1.6431676725154984 0.6085806194501846 1 0 0 0.731846654460233 -0.681469349534786 4.641129636505232
cell 33.17412671671257 7.4684874048058125 0.0 1.6431676725154984 0.6085806194501846 1 0 0 0.8099309717100697 -0.5865252092321203 4.39511647647248
cell 30.991514796573842 39.591592929097786 0.0 1.6431676725154984 0.6085806194501846 1 0 0 -0.31404225024612537 0.9494090083100908 5.644289906544009
cell 42.08345145239133 12.655757184317931 0.0 1.6431676725154984 0.6085806194501846 1 0 0 -0.688075271912571 0.725639318244568 4.765518812852047
cell 23.913149031870613 51.78178725340894 0.0 1.6431676725154984 0.6085806194501846 1 0 0 0.5197950944443196 -0.8542909690448688 5.1899631498543215
cell 44.15868286359111 20.257678728528703 0.0 1.6431676725154984 0.6085806194501846 1 0 0 0.6644146755389511 -0.7473641274027476 4.829764587250171
cell 32.510960660527324 41.36242502322594 0.0 1.6431676725154984 0.6085806194501846 1 0 0 0.29891844160708725 -0.9542786622717655 5.676067158046476
cell 20.37177526361999 7.8047358565849345 0.0 1.6431676725154984 0.6085806194501846 1 0 0 0.9358614303998171 -0.3523682492648968 3.8617935684024256
cell 26.295150698784465 60.84386502090694 0.0 1.0 1.0 1 0 0 0.0 1.0 0
cell 26.81067925734418 45.590153653989965 0.0 1.6431676725154984 0.6085806194501846 1 0 0 0.6427845732649689 -0.766046990968943 4.8869298331046425
cell 8.671552718001735 66.4023702692333 0.0 1.6431676725154984 0.6085806194501846 1 0 0 0.5859606260145087 -0.8103395243727687 5.031055284149767
cell 23.621242571527986 66.73921180418851 0.0 1.6431676725154984 0.6085806194501846 1 0 0 0.9997687280277687 0.021505591313365078 3.098578154895951
cell 31.472138512047852 20.161342549451835 0.0 1.6431676725154984 0.6085806194501846 1 0 0 -0.5974805494892211 0.8018834036080672 5.002474305115043
cell 34.21866362778628 51.16624249248966 0.0 1.6431676725154984 0.6085806194501846 1 0 0 0.8943033069805745 0.44746127779240114 2.213743562791491
cell 26.48892184942224 55.27014764140186 0.0 1.0 1.0 1 0 0 0.0 1.0 0
cell 47.95880640397242 4.757318478091045 0.0 1.0 1.0 1 0 0 0.0 1.0 0
cell 36.46191123451211 17.665056245019098 0.0 1.6431676725154984 0.6085806194501846 1 0 0 0.6976297560016723 -0.7164584590477296 4.739017574331391
cell 34.69197743907796 23.81433696284074 0.0 1.6431676725154984 0.6085806194501846 1 0 0 0.591971661469727 -0.8059587781126097 5.0161792981187165
cell 41.96828013605495 59.96078736156839 0.0 1.0 1.0 1 0 0 0.0 1.0 0
cell 21.268391816083515 36.49784640010346 0.0 1.6431676725154984 0.6085806194501846 1 0 0 0.3840353764303789 -0.9233183793524188 5.494859587800808
cell 59.45792312168667 64.42861151675152 0.0 1.6431676725154984 0.6085806194501846 1 0 0 0.1827724301731952 -0.9831552465244665 5.915574012317625
cell 42.68976582587496 7.796956437098524 0.0 1.6431676725154984 0.6085806194501846 1 0 0 0.9207056627282895 -0.3902577130820879 3.9434156222319
cell 20.509773779788986 60.13018770308397 0.0 1.6431676725154984 0.6085806194501846 1 0 0 0.5627301725368064 -0.8266406431555953 5.0878156400787
cell 32.08270536103364 35.55873204405827 0.0 1.6431676725154984 0.6085806194501846 1 0 0 -0.1324396112183455 0.9911910761202067 6.0175255668708125
cell 33.43202704000024 60.418559654240184 0.0 1.0 1.0 1 0 0 0.0 1.0 0
cell 22.485398718921864 43.477538082650966 0.0 1.6431676725154984 0.6085806194501846 1 0 0 -0.4658148539124398 0.8848822079093535 5.31407480776042
cell 32.09125809190334 2.305097311070137 0.0 1.6431676725154984 0.6085806194501846 1 0 0 0.9985224401610474 -0.05434092835816666 3.2503280699447274
cell 10.631523555694757 65.97856827613533 0.0 1.6431676725154984 0.6085806194501846 1 0 0 0.6322277099147233 -0.7747826293974229 4.9143350647512625
cell 61.368920794706 27.14954295409125 0.0 1.6431676725154984 0.6085806194501846 1 0 0 -0.05341014598699312 -0.998572659502376 0.1068711439846588
cell 31.675082975347244 25.767996169997534 0.0 1.6431676725154984 0.6085806194501846 1 0 0 0.5184879685670989 -0.8550849235316706 5.193021870006215
cell 20.92569513387293 9.432911548173655 0.0 1.6431676725154984 0.6085806194501846 1 0 0 -0.9562236238706746 0.29263694426991715 3.735559340412157
cell 7.244554643347005 18.277569892273338 0.0 1.6431676725154984 0.6085806194501846 1 0 0 0.57875784016804 0.8154994558208027 1.2344093537320366
