1000
 Lattice="62.66570686577501 0.0 0.0 0.0 62.66570686577501 0.0 0.0 0.0 1.0"Properties=species:S:1:pos:R:3:aspherical_shape:R:3:orientation:R:4:Color:R:1
cell 60.68394240579329 37.00621292377607 0.0 1.0 1.0 1 0 0 0.0 1.0 0
cell 6.377669174347379 21.843293492984802 0.0 1.0 1.0 1 0 0 0.0 1.0 0
cell 27.217733177360333 19.350901645232128 0.0 1.6431676725154984 0.6085806194501846 1 0 0 0.6940599288749127 -0.7199172279714877 4.748958761192463
cell 7.608852858300067 50.65292772074116 0.0 1.0 1.0 1 0 0 0.0 1.0 0
cell 9.872092122827409 56.10339318739324 0.0 1.6431676725154984 0.6085806194501846 1 0 0 0.9969252636021727 0.07835827200582181 2.98471529108363
cell 42.05931191749785 60.55623692892251 0.0 1.6431676725154984 0.6085806194501846 1 0 0 0.9919260227899234 -0.12681784303545188 3.39591316813748
cell 49.352735879248065 53.269462742306466 0.0 1.6431676725154984 0.6085806194501846 1 0 0 0.9950778181256476 -0.09909659870197668 3.3401116735752447
cell 26.14468927855382 35.944885359004886 0.0 1.6431676725154984 0.6085806194501846 1 0 0 0.9948256988643185 -0.10159640190046283 3.3451366446095174
cell 58.63357997068884 19.23237066874385 0.0 1.0 1.0 1 0 0 0.0 1.0 0
cell 27.97538721579718 26.70591455930063 0.0 1.6431676725154984 0.6085806194501846 1 0 0 0.8056489427128125 0.5923932655810051 1.8735402258596348
cell 32.76677552932031 0.5255415345288955 0.0 1.6431676725154984 0.6085806194501846 1 0 0 0.8392935229009605 -0.5436785653458254 4.291220352948324
cell 24.459247335017988 37.66291192107207 0.0 1.6431676725154984 0.6085806194501846 1 0 0 0.7341643519293611 0.6789717993820812 1.6488702108805202
cell 42.73969920038862 37.17876958405106 0.0 1.6431676725154984 0.6085806194501846 1 0 0 0.76151396981257 -0.6481484967044976 4.551893790080646
cell 55.547143935698884 49.529380038677346 0.0 1.6431676725154984 0.6085806194501846 1 0 0 0.96739591563071 -0.25326891325431167 3.6537083604756604
cell 15.752373433456922 60.316884798036995 0.0 1.0 1.0 1 0 0 0.0 1.0 0
cell 41.57034804112011 55.691638202310834 0.0 1.6431676725154984 0.6085806194501846 1 0 0 0.9999996679014167 -0.0008149828564449769 3.1432226194831197
cell 48.1975024814842 12.395417154663711 0.0 1.0 1.0 1 0 0 0.0 1.0 0
cell 19.516271852382896 23.266831373378093 0.0 1.6431676725154984 0.6085806194501846 1 0 0 -0.15207177327178023 0.9883694530761138 5.97785712903704
cell 33.98335617350242 54.13583039568586 0.0 1.6431676725154984 0.6085806194501846 1 0 0 0.9991723341316803 0.04067734880556781 3.060215503709811
cell 8.812147143613853 27.940908321024118 0.0 1.6431676725154984 0.6085806194501846 1 0 0 0.4196937912259337 -0.9076657543426447 5.4169694367223205
cell 23.03685831832063 55.9150198442463 0.0 1.6431676725154984 0.6085806194501846 1 0 0 0.9928881081308523 -0.11905126934366136 3.3802612560884335
cell 41.627170814611866 13.896939441191234 0.0 1.0 1.0 1 0 0 0.0 1.0 0
cell 11.043554997160443 21.976409310953695 0.0 1.6431676725154984 0.6085806194501846 1 0 0 0.18019422513691663 -0.9836310493408116 5.92081749721462
cell 44.53326387879611 28.859141641130453 0.0 1.0 1.0 1 0 0 0.0 1.0 0
cell 53.272356735312925 29.15891307756934 0.0 1.0 1.0 1 0 0 0.0 1.0 0
cell 49.80370315313101 26.844726919724117 0.0 1.0 1.0 1 0 0 0.0 1.0 0
cell 22.56721373042289 54.78850424330933 0.0 1.6431676725154984 0.6085806194501846 1 0 0 0.9991834821593717 -0.04040258630177772 3.2224198263339345
cell 30.065622081269137 14.137666460102503 0.0 1.0 1.0 1 0 0 0.0 1.0 0
cell 9.502602765813908 50.3334961478991 0.0 1.0 1.0 1 0 0 0.0 1.0 0
cell 14.07270063524561 24.674648777608127 0.0 1.6431676725154984 0.6085806194501846 1 0 0 0.4088738646912611 -0.9125909065799594 5.44074586196021
cell 3.0107267602772554 4.04385301648123 0.0 1.0 1.0 1 0 0 0.0 1.0 0
cell 57.98323274476638 15.610345392546408 0.0 1.6431676725154984 0.6085806194501846 1 0 0 0.35881279937834837 0.9334095430207863 0.7339913703895283
cell 27.609549402590403 4.220037070495042 0.0 1.6431676725154984 0.6085806194501846 1 0 0 0.5205243912231649 -0.8538468001589943 5.188255332726969
cell 25.48228167925203 54.2833960742755 0.0 1.6431676725154984 0.6085806194501846 1 0 0 0.9981013883610594 0.061592357900356186 3.0183299185561894
cell 62.51301059765207 25.941107035144775 0.0 1.0 1.0 1 0 0 0.0 1.0 0
cell 38.95231927495811 41.442199660003524 0.0 1.6431676725154984 0.6085806194501846 1 0 0 0.9085135453622295 -0.41785540309220864 4.00375961212267
cell 56.55092892238152 61.994246794265194 0.0 1.0 1.0 1 0 0 0.0 1.0 0
cell 6.532089587313396 23.732717323214935 0.0 1.0 1.0 1 0 0 0.0 1.0 0
cell 15.330950363901001 51.688458807467455 0.0 1.6431676725154984 0.6085806194501846 1 0 0 0.9999973143061743 -0.0023176238776998342 3.146227905494816
cell 18.440413713239046 19.07378969482101 0.0 1.6431676725154984 0.6085806194501846 1 0 0 -0.056779820559584804 0.9983867246599493 6.169564558969359
cell 15.8151027687129 37.058288467281024 0.0 1.6431676725154984 0.6085806194501846 1 0 0 0.9271453290588135 -0.37470193328087387 3.9097431834532426
cell 44.442214187610446 41.043134943541816 0.0 1.0 1.0 1 0 0 0.0 1.0 0
cell 46.03193656921478 24.82431594728899 0.0 1.6431676725154984 0.6085806194501846 1 0 0 0.1375305902269109 -0.990497519811048 6.007249547077952
cell 14.146556432474759 60.179399011801955 0.0 1.0 1.0 1 0 0 0.0 1.0 0
cell 3.089781700141005 22.141944587624202 0.0 1.0 1.0 1 0 0 0.0 1.0 0
cell 3.388579389888074 2.0487324118997723 0.0 1.0 1.0 1 0 0 0.0 1.0 0
cell 8.129167628114972 60.04486031469121 0.0 1.0 1.0 1 0 0 0.0 1.0 0
cell 14.584401286194224 14.318196256998679 0.0 1.0 1.0 1 0 0 0.0 1.0 0
cell 40.60029996186745 46.31681695160297 0.0 1.6431676725154984 0.6085806194501846 1 0 0 0.8881615960694783 -0.45953126038096354 4.09652737864622
cell 20.345982853846998 41.74404940176151 0.0 1.6431676725154984 0.6085806194501846 1 0 0 0.44340785133520444 -0.8963199637262896 5.364390984293319
cell 5.12675308944891 1.2547776927257348 0.0 1.0 1.0 1 0 0 0.0 1.0 0
cell 26.747440875487356 42.27403972491915 0.0 1.6431676725154984 0.6085806194501846 1 0 0 0.55839386362595 0.829575971846391 1.184896884825469
cell 38.09526180394582 32.98408706092861 0.0 1.6431676725154984 0.6085806194501846 1 0 0 0.9478096749409115 -0.31883666678787687 3.790596338269203
cell 47.265015945569495 19.21663306130768 0.0 1.0 1.0 1 0 0 0.0 1.0 0
cell 5.181109937384074 15.725184822065646 0.0 1.0 1.0 1 0 0 0.0 1.0 0
cell 51.547383298349054 10.636852751222998 0.0 1.0 1.0 1 0 0 0.0 1.0 0
cell 9.236167953180075 44.71499179385258 0.0 1.6431676725154984 0.6085806194501846 1 0 0 0.8659656178479059 -0.50010353798518 4.189029323774339
cell 4.601729650657979 5.21347895375459 0.0 1.0 1.0 1 0 0 0.0 1.0 0
cell 51.18404437936321 32.21325238377149 0.0 1.6431676725154984 0.6085806194501846 1 0 0 0.6419580018245408 -0.7667398019494246 4.88908687507323
cell 25.840450896672913 2.6191315187653244 0.0 1.0 1.0 1 0 0 0.0 1.0 0
cell 6.97326196735928 33.84660685097395 0.0 1.0 1.0 1 0 0 0.0 1.0 0
cell 32.90047271097727 17.673062661325297 0.0 1.6431676725154984 0.6085806194501846 1 0 0 0.4961130128116516 -0.8682579562082607 5.24495279772779
cell 12.119237751836373 7.258983593157764 0.0 1.0 1.0 1 0 0 0.0 1.0 0
cell 39.817987001366525 35.008881681770525 0.0 1.6431676725154984 0.6085806194501846 1 0 0 0.5922872694220316 -0.8057268708939734 5.015395999096442
cell 15.03003626481939 4.827516775023375 0.0 1.0 1.0 1 0 0 0.0 1.0 0
cell 52.892826459196606 25.82448058496121 0.0 1.0 1.0 1 0 0 0.0 1.0 0
cell 35.82620839340638 18.687934967624958 0.0 1.0 1.0 1 0 0 0.0 1.0 0
cell 18.69082813267994 18.033508777572486 0.0 1.6431676725154984 0.6085806194501846 1 0 0 0.03154975239119393 0.9995021826509707 0.06310997754389175
cell 43.50750148946622 14.595335890578596 0.0 1.0 1.0 1 0 0 0.0 1.0 0
cell 28.048593410392822 16.43436788330455 0.0 1.6431676725154984 0.6085806194501846 1 0 0 0.6173162523702089 -0.786715097452439 4.952531737198753
cell 47.44051043005574 13.968002468017097 0.0 1.0 1.0 1 0 0 0.0 1.0 0
cell 21.03856168177907 23.851102700883228 0.0 1.6431676725154984 0.6085806194501846 1 0 0 0.3195322499815367 -0.9475754013384564 5.6327136713779735
cell 16.129788447723314 46.84639825623747 0.0 1.6431676725154984 0.6085806194501846 1 0 0 0.9987498811839921 0.04998674659308852 3.0415774799790336
cell 27.80076134855178 6.21962542327183 0.0 1.6431676725154984 0.6085806194501846 1 0 0 0.5401771403092903 -0.8415513395433919 5.141890131660779
cell 22.55826527615399 51.89935045195605 0.0 1.6431676725154984 0.6085806194501846 1 0 0 0.9958147501916406 0.09139465685017147 2.958547905902863
cell 58.5150279092194 39.70115815947987 0.0 1.0 1.0 1 0 0 0.0 1.0 0
cell 33.3845605729292 56.75395286778775 0.0 1.6431676725154984 0.6085806194501846 1 0 0 0.9971802333653946 -0.07504386840600075 3.2918216205065214
cell 16.327232553884233 20.288740376852335 0.0 1.6431676725154984 0.6085806194501846 1 0 0 -0.24519905750266435 0.9694727547485824 5.787735281720597
cell 61.08323543251738 20.997194080246086 0.0 1.0 1.0 1 0 0 0.0 1.0 0
cell 25.944985186542148 8.804376084518056 0.0 1.6431676725154984 0.6085806194501846 1 0 0 -0.43734893625239596 0.8992918925237221 5.377888092962125
cell 27.376502619397034 8.757065500641632 0.0 1.6431676725154984 0.6085806194501846 1 0 0 0.4911407616205537 -0.8710802214921324 5.25638757840517
cell 49.93129726394595 30.819634915605455 0.0 1.0 1.0 1 0 0 0.0 1.0 0
cell 60.625705417179525 2.2568294300516274 0.0 1.0 1.0 1 0 0 0.0 1.0 0
cell 5.384225510353899 34.61692703489441 0.0 1.0 1.0 1 0 0 0.0 1.0 0
cell 42.31001461344743 30.763256002422494 0.0 1.6431676725154984 0.6085806194501846 1 0 0 0.9997656842293315 -0.02164663108792201 3.184889297513962
cell 6.964699182456563 35.86721728964287 0.0 1.0 1.0 1 0 0 0.0 1.0 0
cell 13.56493665758262 46.35156705291143 0.0 1.6431676725154984 0.6085806194501846 1 0 0 0.9993616769594802 0.03572448214789944 3.0701284829045776
cell 0.570538242861908 59.77157806502658 0.0 1.0 1.0 1 0 0 0.0 1.0 0
cell 51.97328382549871 14.390265047941927 0.0 1.6431676725154984 0.6085806194501846 1 0 0 0.684379817751312 -0.7291256853620512 4.775679756244061
cell 27.187192051079663 0.1253341156030094 0.0 1.0 1.0 1 0 0 0.0 1.0 0
cell 20.763345468134823 37.806534047735326 0.0 1.6431676725154984 0.6085806194501846 1 0 0 0.33691330043957524 0.9415356753660015 0.6872731987177904
cell 62.319990719422805 3.283490211582313 0.0 1.0 1.0 1 0 0 0.0 1.0 0
cell 61.44924534135847 53.28864626834975 0.0 1.0 1.0 1 0 0 0.0 1.0 0
cell 45.824396083564345 20.444949117434778 0.0 1.0 1.0 1 0 0 0.0 1.0 0
cell 59.36968079948254 24.31441819401767 0.0 1.0 1.0 1 0 0 0.0 1.0 0
cell 16.415193630731295 15.067429567246784 0.0 1.0 1.0 1 0 0 0.0 1.0 0
cell 4.614259478431901 30.135225422638015 0.0 1.6431676725154984 0.6085806194501846 1 0 0 0.25735149787472866 -0.9663178599930944 5.762624547864695
cell 28.994794786874856 10.032251256006393 0.0 1.6431676725154984 0.6085806194501846 1 0 0 0.3431169622246522 -0.9392926861387384 5.582718689189337
cell 35.27644282631366 37.903909660769436 0.0 1.6431676725154984 0.6085806194501846 1 0 0 0.736844973800177 -0.676061746133751 4.626402027629208
cell 32.88841301742254 33.21603885378719 0.0 1.6431676725154984 0.6085806194501846 1 0 0 0.9289049667485699 0.3703181912218708 2.382889570096724
cell 15.020615907499167 58.46139472351209 0.0 1.0 1.0 1 0 0 0.0 1.0 0
cell 20.65858813158614 12.448098422912208 0.0 1.0 1.0 1 0 0 0.0 1.0 0
cell 8.516062695808778 33.23595178762256 0.0 1.0 1.0 1 0 0 0.0 1.0 0
cell 44.240715944171676 22.587455075312494 0.0 1.6431676725154984 0.6085806194501846 1 0 0 -0.04499138136362204 0.9989873750968994 6.193172159215651
cell 55.27379406123005 44.67055091446471 0.0 1.0 1.0 1 0 0 0.0 1.0 0
cell 8.924477145336754 55.163483526574474 0.0 1.6431676725154984 0.6085806194501846 1 0 0 0.9878033558934837 0.15570655119670374 2.8289072771099777
cell 7.648512345512927 49.14769593298799 0.0 1.6431676725154984 0.6085806194501846 1 0 0 -0.028190048204401262 -0.9996025816204326 0.05638756642515652
cell 31.393010935682828 0.051387568147064425 0.0 1.6431676725154984 0.6085806194501846 1 0 0 0.8718261592932963 -0.4898154223499908 4.1653487066213915
cell 50.71301794556354 36.36318830464345 0.0 1.0 1.0 1 0 0 0.0 1.0 0
cell 26.588445739314775 34.47853118268055 0.0 1.6431676725154984 0.6085806194501846 1 0 0 0.9797150889743799 0.20039547009831082 2.738069528772142
cell 32.071633883029776 60.80471764101121 0.0 1.6431676725154984 0.6085806194501846 1 0 0 -0.9017299601292823 0.4322997559625069 4.035675862704023
cell 49.32478601017029 55.67968781617741 0.0 1.6431676725154984 0.6085806194501846 1 0 0 0.5893155302836209 0.8079029680391914 1.260422722000024
cell 53.74425720268699 36.96248244806466 0.0 1.6431676725154984 0.6085806194501846 1 0 0 0.5605377847299701 0.8281288498114395 1.190070109589427
cell 60.94447457838437 24.841315795534896 0.0 1.0 1.0 1 0 0 0.0 1.0 0
cell 7.421385706084744 14.892946490813163 0.0 1.0 1.0 1 0 0 0.0 1.0 0
cell 11.267465136427264 58.850783286951255 0.0 1.0 1.0 1 0 0 0.0 1.0 0
cell 53.2561339257064 14.396266295414273 0.0 1.6431676725154984 0.6085806194501846 1 0 0 -0.5681957511456068 0.8228934246790891 5.074562058442734
cell 36.25275747958586 41.53228300094164 0.0 1.6431676725154984 0.6085806194501846 1 0 0 0.7870972020783807 -0.6168289831714984 4.471007780629785
cell 13.806979144799193 17.543644300689355 0.0 1.0 1.0 1 0 0 0.0 1.0 0
cell 55.74882196725906 24.080380299142696 0.0 1.0 1.0 1 0 0 0.0 1.0 0
cell 6.609839084048512 26.457650991544803 0.0 1.6431676725154984 0.6085806194501846 1 0 0 0.27172620560887145 -0.9623745992000232 5.7328127621439195
cell 19.079542117135002 11.695908267793401 0.0 1.0 1.0 1 0 0 0.0 1.0 0
cell 6.23601239274649 4.0605129896279335 0.0 1.0 1.0 1 0 0 0.0 1.0 0
cell 7.602739073376467 44.75840390330136 0.0 1.0 1.0 1 0 0 0.0 1.0 0
cell 50.004557470062416 47.197922214584494 0.0 1.6431676725154984 0.6085806194501846 1 0 0 0.9894118056125452 -0.14513538133247594 3.4328922560858337
cell 30.145510394532906 12.615563832653711 0.0 1.6431676725154984 0.6085806194501846 1 0 0 0.9585362896643496 0.284970492150507 2.5636413660844637
cell 20.69472754240669 10.599227191469646 0.0 1.0 1.0 1 0 0 0.0 1.0 0
cell 36.61535832848075 37.75869887970214 0.0 1.6431676725154984 0.6085806194501846 1 0 0 0.6046046328928794 -0.7965257295809512 4.984646488484877
cell 22.02797946277873 59.556318317266985 0.0 1.0 1.0 1 0 0 0.0 1.0 0
cell 17.73429897056683 60.38870079350362 0.0 1.0 1.0 1 0 0 0.0 1.0 0
cell 3.706948505742595 35.36529902434553 0.0 1.0 1.0 1 0 0 0.0 1.0 0
cell 20.936001170076047 20.653201383047023 0.0 1.0 1.0 1 0 0 0.0 1.0 0
cell 2.2561349180445505 17.078615109367462 0.0 1.0 1.0 1 0 0 0.0 1.0 0
cell 21.40123974795925 25.108079394123486 0.0 1.6431676725154984 0.6085806194501846 1 0 0 0.3899474802544062 -0.9208370988634415 5.482036192723692
cell 38.5274024873823 13.87283437935646 0.0 1.6431676725154984 0.6085806194501846 1 0 0 0.9582458587982549 0.2859455789061879 2.561606525197929
cell 53.39466590643975 60.677103759905854 0.0 1.0 1.0 1 0 0 0.0 1.0 0
cell 51.05584541330622 16.915690897193944 0.0 1.6431676725154984 0.6085806194501846 1 0 0 0.43562523460899416 -0.9001281325299519 5.381719774486556
cell 55.80718158047758 51.4150190066787 0.0 1.0 1.0 1 0 0 0.0 1.0 0
cell 54.59678684202338 32.06421903882691 0.0 1.6431676725154984 0.6085806194501846 1 0 0 0.4054471387901569 -0.9141184921260893 5.448249456968776
cell 4.049293732616621 16.867139109165702 0.0 1.0 1.0 1 0 0 0.0 1.0 0
cell 16.469657107700076 61.91060882504011 0.0 1.0 1.0 1 0 0 0.0 1.0 0
cell 45.06433946027131 30.614580593344755 0.0 1.6431676725154984 0.6085806194501846 1 0 0 0.9739395428018008 -0.22680777536720212 3.5991902209320887
cell 56.462771799438556 48.48174913420263 0.0 1.6431676725154984 0.6085806194501846 1 0 0 0.9985067597814374 -0.05462829551409102 3.2509036592329545
cell 25.876590297936506 0.8025821274382786 0.0 1.6431676725154984 0.6085806194501846 1 0 0 0.934881515116157 -0.3549599311107082 3.867335067717408
cell 52.11920406843643 59.0826857320044 0.0 1.0 1.0 1 0 0 0.0 1.0 0
cell 22.882360444281744 12.805554782028244 0.0 1.6431676725154984 0.6085806194501846 1 0 0 0.8546025973799839 0.5192825825611572 2.0495701306428553
cell 8.089067624955751 54.31599454476171 0.0 1.6431676725154984 0.6085806194501846 1 0 0 0.9279655447533688 0.3726660002610695 2.3778320116433522
cell 49.1335107024656 3.6440728429732503 0.0 1.6431676725154984 0.6085806194501846 1 0 0 0.8849562987627723 -0.46567408053282816 4.110384992049563
cell 25.396172810034045 17.371954250703784 0.0 1.6431676725154984 0.6085806194501846 1 0 0 -0.5949204526232109 0.8037845824912256 5.0088519491081795
cell 12.144672065566226 26.074555766793413 0.0 1.6431676725154984 0.6085806194501846 1 0 0 0.634068989154279 -0.7732764815981867 4.909577421175013
cell 16.174133371940815 39.11956217029486 0.0 1.6431676725154984 0.6085806194501846 1 0 0 0.1851985804161089 -0.9827011172334434 5.910637437996374
cell 45.23846448562734 2.3942492818516548 0.0 1.6431676725154984 0.6085806194501846 1 0 0 0.879742902210553 -0.47544970923343044 4.132542941015875
cell 51.731595842435446 3.644158321358759 0.0 1.6431676725154984 0.6085806194501846 1 0 0 0.9844274920803134 0.17579110568076103 2.788173992274514
cell 47.74735724902988 22.330527193139318 0.0 1.6431676725154984 0.6085806194501846 1 0 0 -0.04271285217710122 0.9990873897006693 6.197733606542806
cell 45.21966109987109 31.982652161025673 0.0 1.6431676725154984 0.6085806194501846 1 0 0 0.9716202640763293 -0.23654611059208763 3.6192117157491555
cell 1.541367924533742 2.6898039240320175 0.0 1.0 1.0 1 0 0 0.0 1.0 0
cell 23.660120545052358 59.6738865949174 0.0 1.0 1.0 1 0 0 0.0 1.0 0
cell 43.92211105100169 32.64348961350609 0.0 1.6431676725154984 0.6085806194501846 1 0 0 0.9480679701587269 -0.3180677977399022 3.7889741470738794
cell 11.742374310165262 0.273934977077658 0.0 1.0 1.0 1 0 0 0.0 1.0 0
cell 23.0445001326947 15.511770690332872 0.0 1.6431676725154984 0.6085806194501846 1 0 0 -0.49062614729888315 0.871370175979563 5.257568936124057
cell 38.74437374247232 37.21020574105636 0.0 1.6431676725154984 0.6085806194501846 1 0 0 0.9521718700421202 -0.3055629720703928 3.762651901002979
cell 26.193506958300418 48.625953393624386 0.0 1.6431676725154984 0.6085806194501846 1 0 0 0.0790614860543183 -0.9968697414521532 6.124897139615623
cell 16.418969112209858 9.676368295116497 0.0 1.0 1.0 1 0 0 0.0 1.0 0
cell 38.54390981598063 54.414211543378535 0.0 1.6431676725154984 0.6085806194501846 1 0 0 0.9780308242099519 0.20846032451092955 2.7215917851819684
cell 15.519192148564295 2.773114610946448 0.0 1.0 1.0 1 0 0 0.0 1.0 0
cell 10.084745837114237 47.214307239255824 0.0 1.0 1.0 1 0 0 0.0 1.0 0
cell 25.55052085241223 58.62725421148173 0.0 1.6431676725154984 0.6085806194501846 1 0 0 0.9165561944668102 -0.39990591691611493 3.9644210442024876
cell 17.659831359813754 22.527769508979368 0.0 1.0 1.0 1 0 0 0.0 1.0 0
cell 35.18354465018277 10.426918693242326 0.0 1.6431676725154984 0.6085806194501846 1 0 0 0.39402381499758143 -0.9191002302332166 5.4731743081162065
cell 37.04398502823848 59.53266819294268 0.0 1.6431676725154984 0.6085806194501846 1 0 0 0.9887402102914977 -0.1496422285076138 3.4420054877101443
cell 5.908442165780763 61.256804559344815 0.0 1.0 1.0 1 0 0 0.0 1.0 0
cell 17.78703786258308 53.43107202253202 0.0 1.6431676725154984 0.6085806194501846 1 0 0 0.9994687425345753 0.032591911517352634 3.076397284970709
cell 62.003495065434166 18.295383906833045 0.0 1.0 1.0 1 0 0 0.0 1.0 0
cell 1.3875844132249142 24.976275208966243 0.0 1.0 1.0 1 0 0 0.0 1.0 0
cell 30.96969620052122 54.17786492512954 0.0 1.6431676725154984 0.6085806194501846 1 0 0 0.9894773530801633 0.14468782858787343 2.851197705576306
cell 8.733422730436942 31.251767887329308 0.0 1.0 1.0 1 0 0 0.0 1.0 0
cell 1.3280879507889527 15.46557762720383 0.0 1.0 1.0 1 0 0 0.0 1.0 0
cell 10.21752161370959 6.635963127577348 0.0 1.0 1.0 1 0 0 0.0 1.0 0
cell 10.11211880978775 2.518084341744024 0.0 1.0 1.0 1 0 0 0.0 1.0 0
cell 30.169203865555463 27.2587115490708 0.0 1.6431676725154984 0.6085806194501846 1 0 0 0.12521711909674885 -0.9921293630797904 6.032091967846444
cell 28.61281139019595 37.23599565793783 0.0 1.6431676725154984 0.6085806194501846 1 0 0 0.9932651849552705 -0.11586316220340354 3.3738405947764525
cell 2.0528817275159277 34.31085987165765 0.0 1.6431676725154984 0.6085806194501846 1 0 0 -0.12604918690037004 0.992023992896218 6.03041454154804
cell 6.918052805632402 37.80203002760468 0.0 1.0 1.0 1 0 0 0.0 1.0 0
cell 38.816634763865416 10.56906906949395 0.0 1.0 1.0 1 0 0 0.0 1.0 0
cell 52.318980140256485 55.10811452270469 0.0 1.0 1.0 1 0 0 0.0 1.0 0
cell 24.469631791658745 1.5294574536928627 0.0 1.0 1.0 1 0 0 0.0 1.0 0
cell 39.08686533710868 58.06236310229756 0.0 1.6431676725154984 0.6085806194501846 1 0 0 0.9941560870150516 -0.10795218687419521 3.357918588387163
cell 4.3801040469242 13.837223091921446 0.0 1.6431676725154984 0.6085806194501846 1 0 0 0.14053726433715333 -0.9900753897217267 6.001177219649719
cell 12.001744985644505 47.62190393367377 0.0 1.0 1.0 1 0 0 0.0 1.0 0
cell 13.595900924950307 1.0410536121718112 0.0 1.0 1.0 1 0 0 0.0 1.0 0
cell 26.77237969008879 16.89059280398691 0.0 1.6431676725154984 0.6085806194501846 1 0 0 0.5782755998495728 -0.8158414862083301 5.049958392487719
cell 24.853650799007376 30.815041481860746 0.0 1.6431676725154984 0.6085806194501846 1 0 0 0.9708902616925217 -0.2395247372415358 3.625345271836299
cell 47.41764830151994 47.687916911869415 0.0 1.6431676725154984 0.6085806194501846 1 0 0 0.9999990386707179 -0.0013865993076611117 3.144365853093768
cell 14.946557456567364 8.2932150963794 0.0 1.0 1.0 1 0 0 0.0 1.0 0
cell 56.69135320183994 4.438582656750396 0.0 1.6431676725154984 0.6085806194501846 1 0 0 0.9320827166066379 -0.36224550984544984 3.882944454610976
cell 19.94594238102416 15.553943078860081 0.0 1.0 1.0 1 0 0 0.0 1.0 0
cell 20.662171382729404 56.042690510474635 0.0 1.6431676725154984 0.6085806194501846 1 0 0 0.9950614625746835 -0.09926069563896729 3.340441493579724
cell 57.752359914932455 34.411290507583715 0.0 1.0 1.0 1 0 0 0.0 1.0 0
cell 51.12103718460751 44.27993954703768 0.0 1.0 1.0 1 0 0 0.0 1.0 0
cell 45.74088129937238 38.58854098448351 0.0 1.6431676725154984 0.6085806194501846 1 0 0 0.215306277707833 -0.9765465717412547 5.849174402194735
cell 31.68204468154267 10.821304775779815 0.0 1.0 1.0 1 0 0 0.0 1.0 0
cell 15.806265025366768 17.251767150013826 0.0 1.0 1.0 1 0 0 0.0 1.0 0
cell 13.503618256553077 8.500741729040762 0.0 1.6431676725154984 0.6085806194501846 1 0 0 -0.4486233948744755 0.8937209013843754 5.3527364374454045
cell 30.40255010451562 3.6158712636137547 0.0 1.6431676725154984 0.6085806194501846 1 0 0 0.5304092604831984 -0.8477417156148839 5.165018791162723
cell 7.264687153866499 28.226198609605007 0.0 1.6431676725154984 0.6085806194501846 1 0 0 0.36550666965317113 -0.9308087206505146 5.534831151837248
cell 55.95408647395941 8.07227623048203 0.0 1.0 1.0 1 0 0 0.0 1.0 0
cell 61.91091891192745 57.713920769793 0.0 1.0 1.0 1 0 0 0.0 1.0 0
cell 1.4588528952672206 21.03526999476838 0.0 1.0 1.0 1 0 0 0.0 1.0 0
cell 52.40638664300274 42.75686357336363 0.0 1.0 1.0 1 0 0 0.0 1.0 0
cell 28.057669546780602 57.17811667488123 0.0 1.6431676725154984 0.6085806194501846 1 0 0 0.9987868802767743 -0.049241931186627334 3.2401163595363496
cell 28.89555447009189 39.13287972411336 0.0 1.6431676725154984 0.6085806194501846 1 0 0 0.9431523892625037 -0.3323606033037473 3.819203376344699
cell 60.5156330630831 4.273859298826313 0.0 1.0 1.0 1 0 0 0.0 1.0 0
cell 21.88009584498149 33.98221357482144 0.0 1.6431676725154984 0.6085806194501846 1 0 0 0.45665708860861903 0.8896427954092023 0.948467941011927
cell 45.03781546711449 59.81286521878862 0.0 1.6431676725154984 0.6085806194501846 1 0 0 0.9364348052592567 0.35084163877604096 2.424653210165013
cell 10.114470307536392 16.205642841672493 0.0 1.0 1.0 1 0 0 0.0 1.0 0
cell 11.244021642849352 11.517244797374865 0.0 1.0 1.0 1 0 0 0.0 1.0 0
cell 26.269976677875775 51.23146421674302 0.0 1.6431676725154984 0.6085806194501846 1 0 0 0.9904478903496162 0.13788755020666146 2.864936106385079
cell 21.16076553087702 14.627240091390824 0.0 1.6431676725154984 0.6085806194501846 1 0 0 0.8033983919743689 0.5954418727071504 1.8659615713042066
cell 52.10909500625105 24.050380886914642 0.0 1.0 1.0 1 0 0 0.0 1.0 0
cell 42.63550776461637 40.86039608885196 0.0 1.6431676725154984 0.6085806194501846 1 0 0 0.5335070053227543 0.845795646283159 1.1254831337766646
cell 47.561782458803165 55.58213848631073 0.0 1.6431676725154984 0.6085806194501846 1 0 0 0.33874119236561046 0.9408795909119958 0.6911573392350681
cell 24.24152018163125 58.54786035899061 0.0 1.6431676725154984 0.6085806194501846 1 0 0 0.9443926871269205 -0.3288197872713782 3.811699848247044
cell 54.70967905272211 18.93892354577477 0.0 1.0 1.0 1 0 0 0.0 1.0 0
cell 59.029361082651974 17.45529329254111 0.0 1.0 1.0 1 0 0 0.0 1.0 0
cell 46.17437205165132 17.534241928299924 0.0 1.0 1.0 1 0 0 0.0 1.0 0
cell 20.197382916964457 7.055846406836377 0.0 1.0 1.0 1 0 0 0.0 1.0 0
cell 9.448683070063185 4.270468299105718 0.0 1.0 1.0 1 0 0 0.0 1.0 0
cell 17.626674966706744 27.668824514464625 0.0 1.0 1.0 1 0 0 0.0 1.0 0
cell 8.582750531068253 1.1750428590749182 0.0 1.0 1.0 1 0 0 0.0 1.0 0
cell 9.330688856553826 14.393301669016738 0.0 1.0 1.0 1 0 0 0.0 1.0 0
cell 42.90742172273485 45.2540597322301 0.0 1.6431676725154984 0.6085806194501846 1 0 0 0.9941297649765253 -0.10819431772380037 3.358405703151201
cell 8.060374723365513 22.481371576001404 0.0 1.0 1.0 1 0 0 0.0 1.0 0
cell 34.614822139657925 14.920211684233077 0.0 1.6431676725154984 0.6085806194501846 1 0 0 -0.545578148444619 0.8380599524734141 5.1290276567652
cell 2.273618659367944 13.610224760701142 0.0 1.6431676725154984 0.6085806194501846 1 0 0 -0.1938584581919269 0.9810295093357023 5.892997907355712
cell 42.032507027584145 19.71933045292845 0.0 1.0 1.0 1 0 0 0.0 1.0 0
cell 62.60011696179132 50.64269937509301 0.0 1.6431676725154984 0.6085806194501846 1 0 0 0.6883226850718182 0.7254046327502482 1.5183485223437954
cell 17.7609928278377 40.45500415693548 0.0 1.6431676725154984 0.6085806194501846 1 0 0 0.6835070028896049 -0.7299439546984889 4.7780725543220495
cell 44.51958097455883 12.622852349883201 0.0 1.6431676725154984 0.6085806194501846 1 0 0 0.7254506288934512 0.6882742077385263 1.6233777829879887
cell 26.85771561926856 32.40661806443161 0.0 1.6431676725154984 0.6085806194501846 1 0 0 0.4815444479459527 -0.8764216705744031 5.278353144812407
cell 49.09351431828414 44.32080623583613 0.0 1.0 1.0 1 0 0 0.0 1.0 0
cell 10.821523632121295 56.94724155092056 0.0 1.6431676725154984 0.6085806194501846 1 0 0 0.33863149336693793 -0.9409190781890212 5.592261146977641
cell 17.116773385994982 33.50756095621825 0.0 1.0 1.0 1 0 0 0.0 1.0 0
cell 48.59674711004947 25.71930402124537 0.0 1.0 1.0 1 0 0 0.0 1.0 0
cell 38.349767598275015 62.645046204611866 0.0 1.6431676725154984 0.6085806194501846 1 0 0 0.9657091848367843 0.2596262127017874 2.61632240786875
cell 21.969606468627635 11.69375477948085 0.0 1.6431676725154984 0.6085806194501846 1 0 0 0.7146040224044321 0.6995291925026474 1.5921157594431046
cell 6.810973053301529 9.779268417029499 0.0 1.6431676725154984 0.6085806194501846 1 0 0 0.07924156893038503 0.996855442756597 0.15864946685837655
cell 57.571755997667644 52.40707389695198 0.0 1.0 1.0 1 0 0 0.0 1.0 0
cell 13.769647562772624 34.83469742854524 0.0 1.6431676725154984 0.6085806194501846 1 0 0 0.96939431275416 -0.2455089945396907 3.6376820978920468
cell 54.14144223936347 58.80843463827512 0.0 1.0 1.0 1 0 0 0.0 1.0 0
cell 18.758018814588233 25.453565311506395 0.0 1.6431676725154984 0.6085806194501846 1 0 0 0.7010680672954026 -0.7130943591269594 4.729396930392855
cell 60.41485034386988 61.447228371972955 0.0 1.0 1.0 1 0 0 0.0 1.0 0
cell 60.10959532550229 54.77807967352033 0.0 1.0 1.0 1 0 0 0.0 1.0 0
cell 22.47227964950929 4.530035151714273 0.0 1.0 1.0 1 0 0 0.0 1.0 0
cell 40.080850357196034 15.109380753552085 0.0 1.0 1.0 1 0 0 0.0 1.0 0
cell 46.07861041913616 27.55409074399049 0.0 1.0 1.0 1 0 0 0.0 1.0 0
cell 19.96961488123396 9.068752077819864 0.0 1.6431676725154984 0.6085806194501846 1 0 0 -0.06355851674644014 -0.9979781134619098 0.12720277491358534
cell 56.99274709091248 10.332204705119794 0.0 1.0 1.0 1 0 0 0.0 1.0 0
cell 9.859864088543443 59.1927211987285 0.0 1.6431676725154984 0.6085806194501846 1 0 0 0.7675200816011863 -0.6410249014967424 4.533258381242992
cell 5.3618468167868905 52.80469025202489 0.0 1.0 1.0 1 0 0 0.0 1.0 0
cell 48.35439098478519 29.666798100516093 0.0 1.0 1.0 1 0 0 0.0 1.0 0
cell 57.38485447989962 17.700343542555476 0.0 1.0 1.0 1 0 0 0.0 1.0 0
cell 17.308503483946886 2.47677902495946 0.0 1.0 1.0 1 0 0 0.0 1.0 0
cell 9.184247027317868 61.12325188687757 0.0 1.6431676725154984 0.6085806194501846 1 0 0 -0.6835636436578462 0.7298909131296327 4.777917356581645
cell 15.109225636664023 33.78997006537665 0.0 1.0 1.0 1 0 0 0.0 1.0 0
cell 44.244890029563386 26.254281740183117 0.0 1.6431676725154984 0.6085806194501846 1 0 0 0.1994015673306632 -0.9799178613261802 5.881690935108252
cell 47.67190980497968 36.445903719020805 0.0 1.6431676725154984 0.6085806194501846 1 0 0 0.3578891555341663 -0.9337640774580276 5.551172636057683
cell 53.3561262566594 12.12602324918002 0.0 1.6431676725154984 0.6085806194501846 1 0 0 0.5426052171887098 -0.839987844126088 5.136114291964696
cell 36.48293842506843 44.42993839703295 0.0 1.6431676725154984 0.6085806194501846 1 0 0 0.8470046706057699 -0.5315854474795292 4.26253524705884
cell 13.908352598921896 6.484000125541419 0.0 1.0 1.0 1 0 0 0.0 1.0 0
cell 62.14067612293317 61.35832874169915 0.0 1.0 1.0 1 0 0 0.0 1.0 0
cell 26.09491731276214 7.026633462265668 0.0 1.6431676725154984 0.6085806194501846 1 0 0 -0.4223972922306096 0.9064107940201557 5.411008279227269
cell 5.840313722983781 50.88282203566113 0.0 1.0 1.0 1 0 0 0.0 1.0 0
cell 1.2113070271513644 51.90557908042113 0.0 1.6431676725154984 0.6085806194501846 1 0 0 0.6398801506420329 0.7684747183963369 1.3886845960953
cell 31.164959287873216 55.62075946649929 0.0 1.6431676725154984 0.6085806194501846 1 0 0 0.9875520497931407 -0.15729255846786339 3.4574896180720325
cell 49.02609245937798 23.44065161895205 0.0 1.6431676725154984 0.6085806194501846 1 0 0 0.4234635386741294 -0.9059131478312831 5.408654955307905
cell 43.071163271767546 6.355365143718488 0.0 1.6431676725154984 0.6085806194501846 1 0 0 0.30710511876558366 -0.9516755991554984 5.658885996929728
cell 29.787972499770582 1.6577415938809645 0.0 1.6431676725154984 0.6085806194501846 1 0 0 0.6968154446594523 -0.7172504695600064 4.74128947551972
cell 6.888409427081524 31.885564171201807 0.0 1.0 1.0 1 0 0 0.0 1.0 0
cell 56.11044377124947 58.50359002351805 0.0 1.0 1.0 1 0 0 0.0 1.0 0
cell 1.1058041999888393 4.6549116090933635 0.0 1.0 1.0 1 0 0 0.0 1.0 0
cell 29.1029984985599 32.792674882108905 0.0 1.6431676725154984 0.6085806194501846 1 0 0 0.8648957023859174 0.501951615192511 2.0898851005021744
cell 25.920494398731922 61.70861140098156 0.0 1.6431676725154984 0.6085806194501846 1 0 0 0.9568109875356035 0.29071073962126565 2.5516535028846077
cell 44.24909829824122 7.278764943714974 0.0 1.0 1.0 1 0 0 0.0 1.0 0
cell 30.091801657502092 10.727213700565803 0.0 1.6431676725154984 0.6085806194501846 1 0 0 0.5187832185343674 -0.854905826490335 5.192331223078843
cell 17.95721709682966 35.5869639183791 0.0 1.6431676725154984 0.6085806194501846 1 0 0 0.648824157842926 -0.7609383760853554 4.871108979246085
cell 58.46700503900824 43.48801414070113 0.0 1.0 1.0 1 0 0 0.0 1.0 0
cell 37.111222028924246 19.979888025409952 0.0 1.6431676725154984 0.6085806194501846 1 0 0 0.80903215468652 0.5877643853478082 1.885007177594716
cell 47.18357634133571 51.524336828197725 0.0 1.6431676725154984 0.6085806194501846 1 0 0 0.9881486408623669 -0.15350004417542407 3.449811310012138
cell 25.26983547644081 60.55045540339152 0.0 1.0 1.0 1 0 0 0.0 1.0 0
cell 37.43294560357891 30.07548609440439 0.0 1.6431676725154984 0.6085806194501846 1 0 0 0.99983467167916 -0.0181832150134814 3.177961087882905
cell 56.63704178683908 19.15288134292119 0.0 1.0 1.0 1 0 0 0.0 1.0 0
cell 49.405257611698204 61.28707235727763 0.0 1.0 1.0 1 0 0 0.0 1.0 0
cell 18.68233341349444 7.688546024939361 0.0 1.0 1.0 1 0 0 0.0 1.0 0
cell 59.004631910493494 6.142944857963574 0.0 1.6431676725154984 0.6085806194501846 1 0 0 0.8907476229737509 -0.4544982642063803 4.085210370017463
cell 24.284373799424152 52.59128180083848 0.0 1.6431676725154984 0.6085806194501846 1 0 0 0.996217109055769 0.08689920382009342 2.9675747603234712
cell 46.49035816097053 29.320526145164404 0.0 1.0 1.0 1 0 0 0.0 1.0 0
cell 59.79110719175213 28.135620012328783 0.0 1.0 1.0 1 0 0 0.0 1.0 0
cell 57.84768963662791 3.8044014199554343 0.0 1.6431676725154984 0.6085806194501846 1 0 0 0.9578202815606952 -0.28736789700833076 3.7245480277940834
cell 39.20962156547198 56.816013482419415 0.0 1.6431676725154984 0.6085806194501846 1 0 0 0.9987554792192157 0.04987477047159964 3.0418017119107046
cell 8.24501686735137 6.833362261551395 0.0 1.0 1.0 1 0 0 0.0 1.0 0
cell 13.444536032736744 45.209629139831954 0.0 1.6431676725154984 0.6085806194501846 1 0 0 0.9999670526451494 -0.00811748878490528 3.1578278094618093
cell 46.03285981379805 45.53714628649995 0.0 1.6431676725154984 0.6085806194501846 1 0 0 0.996088808618023 0.08835771243036798 2.9646464784029396
cell 59.29003916979936 15.502863324178644 0.0 1.6431676725154984 0.6085806194501846 1 0 0 -0.3892927218345325 -0.921114095390284 0.7997272344531279
cell 57.2418380702868 6.5948494910805255 0.0 1.0 1.0 1 0 0 0.0 1.0 0
cell 37.20279365967792 40.76589015259362 0.0 1.6431676725154984 0.6085806194501846 1 0 0 0.8409714190140943 -0.5410795435067015 4.285033186385447
cell 52.445421365752104 36.91426928663843 0.0 1.6431676725154984 0.6085806194501846 1 0 0 0.5921044176790379 0.8058612526762702 1.267335465716017
cell 47.59242211057579 39.59751972283023 0.0 1.0 1.0 1 0 0 0.0 1.0 0
cell 8.075643246149552 4.956886503824951 0.0 1.6431676725154984 0.6085806194501846 1 0 0 0.9428734085306338 -0.33315122014758486 3.820880165280358
cell 4.019528051434762 11.077366228521882 0.0 1.6431676725154984 0.6085806194501846 1 0 0 0.20789189382059295 0.9781518085060659 0.41883854201798587
cell 11.363487240405444 38.35167954696864 0.0 1.0 1.0 1 0 0 0.0 1.0 0
cell 8.59142500397663 26.27183783299513 0.0 1.6431676725154984 0.6085806194501846 1 0 0 0.3037972105775761 -0.952736718535233 5.665833872304317
cell 57.63270761454757 24.143063588583193 0.0 1.0 1.0 1 0 0 0.0 1.0 0
cell 38.78436251803069 20.485184891674617 0.0 1.6431676725154984 0.6085806194501846 1 0 0 0.2655084008197574 -0.9641085463235637 5.7457228843286945
cell 1.3958218820237958 23.046015928650753 0.0 1.0 1.0 1 0 0 0.0 1.0 0
cell 4.611796931707166 19.566177911179143 0.0 1.0 1.0 1 0 0 0.0 1.0 0
cell 9.234046543681721 9.06858478295563 0.0 1.6431676725154984 0.6085806194501846 1 0 0 -0.05136771108231931 0.9986798076751945 6.18040465095504
cell 33.61542238821638 61.11807842988213 0.0 1.6431676725154984 0.6085806194501846 1 0 0 0.9151030571384289 -0.4032200327561882 3.9716584432343063
cell 31.320315374142723 4.960879026852295 0.0 1.6431676725154984 0.6085806194501846 1 0 0 0.6853654809038484 -0.7281992567872042 4.772974352737317
cell 13.347599573781537 23.882877946853412 0.0 1.6431676725154984 0.6085806194501846 1 0 0 0.3717450212449334 -0.9283348744820502 5.521409212413173
cell 37.296357172657174 31.354684113533914 0.0 1.6431676725154984 0.6085806194501846 1 0 0 0.9731945724082243 -0.22998331294938223 3.605713725896616
cell 13.738892506656457 2.9738018389753083 0.0 1.0 1.0 1 0 0 0.0 1.0 0
cell 54.60345142088486 11.923640390064723 0.0 1.6431676725154984 0.6085806194501846 1 0 0 -0.6491899479183423 0.7606263284437241 4.870147363700506
cell 51.25717203657286 38.2865875722708 0.0 1.0 1.0 1 0 0 0.0 1.0 0
cell 33.110074262643906 15.622192958976484 0.0 1.6431676725154984 0.6085806194501846 1 0 0 0.45417495152604576 -0.8909125172576228 5.340293459102417
cell 3.5038820063172667 18.39723982180269 0.0 1.0 1.0 1 0 0 0.0 1.0 0
cell 41.556952361829914 59.17499939221224 0.0 1.6431676725154984 0.6085806194501846 1 0 0 0.9991254648344331 -0.04181274350455787 3.225242526939516
cell 11.591179706730708 31.440132125783 0.0 1.0 1.0 1 0 0 0.0 1.0 0
cell 9.404968939274294 24.634285593920186 0.0 1.6431676725154984 0.6085806194501846 1 0 0 -0.2752094700807887 0.9613842871494476 5.725570148342273
cell 14.223674936036991 30.829919456391252 0.0 1.0 1.0 1 0 0 0.0 1.0 0
cell 38.3690404458575 61.150362709515306 0.0 1.6431676725154984 0.6085806194501846 1 0 0 0.36828132387537765 -0.9297144004932908 5.528865835666387
cell 5.019025540666632 32.632216784577416 0.0 1.0 1.0 1 0 0 0.0 1.0 0
cell 27.181493863095678 25.065176500263426 0.0 1.6431676725154984 0.6085806194501846 1 0 0 0.3796409680883612 -0.9251339013077685 5.504368948922645
cell 41.798608364020865 23.545409114496643 0.0 1.6431676725154984 0.6085806194501846 1 0 0 -0.015178541851006642 0.9998847992980378 6.252827057704736
cell 6.419878942733991 30.21844395549687 0.0 1.6431676725154984 0.6085806194501846 1 0 0 0.32228868299410995 -0.9466414341311721 5.626892941638221
cell 17.43567535456815 47.83951045903276 0.0 1.6431676725154984 0.6085806194501846 1 0 0 0.9988209012572934 0.048546958829242884 3.0444605568185112
cell 58.17670053010912 54.313092924676816 0.0 1.0 1.0 1 0 0 0.0 1.0 0
cell 61.77731659600956 55.729361771964854 0.0 1.0 1.0 1 0 0 0.0 1.0 0
cell 32.98236687311959 55.350942524657086 0.0 1.6431676725154984 0.6085806194501846 1 0 0 0.9766240255308175 -0.21495467605051313 3.57488349519869
cell 33.754164973528766 7.788423529714617 0.0 1.6431676725154984 0.6085806194501846 1 0 0 0.925373739294828 0.3790559887714581 2.3640407684635365
cell 19.784877537024403 13.7441654289754 0.0 1.0 1.0 1 0 0 0.0 1.0 0
cell 32.73797291919382 52.80502010696829 0.0 1.6431676725154984 0.6085806194501846 1 0 0 0.999659003919496 0.026112753257383586 3.089361210034207
cell 6.74972113760052 16.713052197307015 0.0 1.0 1.0 1 0 0 0.0 1.0 0
cell 28.906215425466577 8.692883424216186 0.0 1.6431676725154984 0.6085806194501846 1 0 0 0.37413068340233546 -0.927375992646403 5.516266900891715
cell 6.179171010949472 19.93382833460096 0.0 1.0 1.0 1 0 0 0.0 1.0 0
cell 3.812788174212757 9.72575538608768 0.0 1.6431676725154984 0.6085806194501846 1 0 0 0.10501210723664302 0.9944709434336026 0.21041215116596815
cell 43.631157332232675 43.73470613051784 0.0 1.6431676725154984 0.6085806194501846 1 0 0 0.9570046218291819 -0.2900726698563389 3.7301981967349556
cell 14.29809724799977 12.506056374208546 0.0 1.0 1.0 1 0 0 0.0 1.0 0
cell 41.494588106195266 21.13278689950892 0.0 1.6431676725154984 0.6085806194501846 1 0 0 0.11193424209978013 0.9937156159815281 0.2243386247377046
cell 50.7200286347706 45.90856013634861 0.0 1.6431676725154984 0.6085806194501846 1 0 0 0.9988117700223399 0.04873446485640716 3.0440851003508445
cell 4.399440730521365 26.743939374812072 0.0 1.6431676725154984 0.6085806194501846 1 0 0 -0.2778312787742916 0.9606298873836072 5.720113774290377
cell 4.7124648575437345 21.242814059575192 0.0 1.0 1.0 1 0 0 0.0 1.0 0
cell 25.230937563643288 5.888274164498929 0.0 1.0 1.0 1 0 0 0.0 1.0 0
cell 50.496491180488384 20.6446422740695 0.0 1.6431676725154984 0.6085806194501846 1 0 0 0.5621971029731222 -0.8270032753312581 5.089105082235527
cell 25.999507488123655 19.936758818064117 0.0 1.6431676725154984 0.6085806194501846 1 0 0 0.7383338313769002 -0.6744354331174386 4.621992223606178
cell 53.62888922385426 16.943795684109528 0.0 1.6431676725154984 0.6085806194501846 1 0 0 0.7169718586391861 -0.6971021115442636 4.684287989971787
cell 55.79212984607901 1.2260205312054158 0.0 1.0 1.0 1 0 0 0.0 1.0 0
cell 2.6559645555917797 8.016422062932731 0.0 1.0 1.0 1 0 0 0.0 1.0 0
cell 35.15308634756725 41.93242986762033 0.0 1.6431676725154984 0.6085806194501846 1 0 0 0.7099957564103656 -0.7042059541634625 4.704200940650393
cell 36.438440644863284 35.453573393472624 0.0 1.6431676725154984 0.6085806194501846 1 0 0 0.5899389224659435 -0.8074478730913356 5.021218915196543
cell 56.66852637086565 16.007027196521214 0.0 1.6431676725154984 0.6085806194501846 1 0 0 0.26370558398244703 0.964603216341557 0.5337235203416407
cell 9.42961324362734 38.97964555602891 0.0 1.0 1.0 1 0 0 0.0 1.0 0
cell 21.57127248651765 8.351394836611881 0.0 1.0 1.0 1 0 0 0.0 1.0 0
cell 50.338018066845045 23.320920309377623 0.0 1.6431676725154984 0.6085806194501846 1 0 0 0.5818175355365515 -0.8133193440108096 5.041262062350635
cell 43.945763798856774 27.507342360775258 0.0 1.6431676725154984 0.6085806194501846 1 0 0 0.23833785687640321 -0.9711823031643252 5.8018772530319636
cell 9.576304164165544 21.2473629029554 0.0 1.0 1.0 1 0 0 0.0 1.0 0
cell 42.75609907845761 51.41384770420341 0.0 1.6431676725154984 0.6085806194501846 1 0 0 0.9682573816347505 -0.24995528182020288 3.646860794949656
cell 16.200120727845064 42.267140977653064 0.0 1.6431676725154984 0.6085806194501846 1 0 0 0.5300302753558723 -0.8479787186045286 5.165912771357496
cell 21.602255526587733 6.2510478085198375 0.0 1.0 1.0 1 0 0 0.0 1.0 0
cell 4.837588119389377 3.1975480865699395 0.0 1.0 1.0 1 0 0 0.0 1.0 0
cell 61.54425310432718 30.04836618777778 0.0 1.6431676725154984 0.6085806194501846 1 0 0 0.7515920992237338 -0.6596281652449818 4.582240501462886
cell 42.5297715506512 5.254554735702894 0.0 1.6431676725154984 0.6085806194501846 1 0 0 0.9382303569722618 0.34601126752708816 2.4349598199136357
cell 32.06699059057124 23.01935001757045 0.0 1.6431676725154984 0.6085806194501846 1 0 0 0.5394441719769542 -0.8420213686837754 5.143631590838503
cell 40.197621765087234 29.636856916567336 0.0 1.6431676725154984 0.6085806194501846 1 0 0 0.9980916332035602 -0.06175023667201455 3.2651717483533904
cell 15.709440015652401 6.7085599532903055 0.0 1.0 1.0 1 0 0 0.0 1.0 0
cell 44.22953886092138 50.276018025394755 0.0 1.6431676725154984 0.6085806194501846 1 0 0 0.991218563214874 -0.13223373222533188 3.4068369822940463
cell 18.63877712951831 51.620160309716965 0.0 1.6431676725154984 0.6085806194501846 1 0 0 0.9825933947037103 0.18576926733084387 2.7678832548847137
cell 61.216462328832286 6.362930514591293 0.0 1.6431676725154984 0.6085806194501846 1 0 0 0.9018500560788794 0.4320491596456614 2.248065219795717
cell 26.304905088797753 53.23789615858074 0.0 1.6431676725154984 0.6085806194501846 1 0 0 0.9994585960030572 0.03290159381546339 3.0757775880169222
cell 55.689140841159464 20.68705401369909 0.0 1.0 1.0 1 0 0 0.0 1.0 0
cell 35.59460463905053 55.228015782467025 0.0 1.6431676725154984 0.6085806194501846 1 0 0 0.9983436245522621 -0.057532663034592195 3.2567215522413266
cell 55.569649492454566 17.247803053768084 0.0 1.0 1.0 1 0 0 0.0 1.0 0
cell 53.051692152026774 48.14789898064721 0.0 1.6431676725154984 0.6085806194501846 1 0 0 0.9999564864544951 -0.0093287296874326 3.1602503835867712
cell 22.968032422691646 2.0004549738325306 0.0 1.6431676725154984 0.6085806194501846 1 0 0 0.5316835753839162 -0.846943076993357 5.162010999587324
cell 53.7244783850872 4.432300709017461 0.0 1.0 1.0 1 0 0 0.0 1.0 0
cell 32.80634839570226 58.87400996223811 0.0 1.6431676725154984 0.6085806194501846 1 0 0 0.9513669597902628 -0.3080599094647541 3.767898835655668
cell 19.320283100856972 52.449557171263756 0.0 1.6431676725154984 0.6085806194501846 1 0 0 0.9963877777696482 0.08491994059855594 2.971547976656875
cell 14.712816203791984 62.02344772590881 0.0 1.0 1.0 1 0 0 0.0 1.0 0
cell 36.35691515077547 2.6265157437985995 0.0 1.6431676725154984 0.6085806194501846 1 0 0 0.9836768094067773 0.17994425424364818 2.7797330932936557
cell 47.71213716070567 31.204713473948534 0.0 1.6431676725154984 0.6085806194501846 1 0 0 0.9625025005366079 -0.27127280818537114 3.691023013973407
cell 49.297684345138194 8.559773727507036 0.0 1.6431676725154984 0.6085806194501846 1 0 0 0.995835094876325 0.09117271418939273 2.958993652248105
cell 16.710726805396245 59.05057635625708 0.0 1.0 1.0 1 0 0 0.0 1.0 0
cell 14.822513032980375 15.991371053798174 0.0 1.0 1.0 1 0 0 0.0 1.0 0
cell 27.97554239398898 21.64593423690193 0.0 1.6431676725154984 0.6085806194501846 1 0 0 0.601067354097802 -0.799198370767776 4.993513367165023
cell 5.286849669549394 36.58401504351574 0.0 1.0 1.0 1 0 0 0.0 1.0 0
cell 16.31770405760904 55.97960921843821 0.0 1.6431676725154984 0.6085806194501846 1 0 0 0.9957449656597381 -0.09215184948381042 3.3261582044766023
cell 60.09994774868359 40.933793863663475 0.0 1.0 1.0 1 0 0 0.0 1.0 0
cell 3.1176198469444594 25.838413602384943 0.0 1.0 1.0 1 0 0 0.0 1.0 0
cell 24.76623402161152 20.430547158241744 0.0 1.6431676725154984 0.6085806194501846 1 0 0 0.7578349246972902 -0.6524463402526315 4.563208721365394
cell 30.58678353703472 16.92172685151358 0.0 1.6431676725154984 0.6085806194501846 1 0 0 0.4945000031134252 -0.8691776267949046 5.248666337960508
cell 27.22949594006366 59.17823909123559 0.0 1.6431676725154984 0.6085806194501846 1 0 0 0.9209635041138075 -0.3896488471565353 3.942093200345642
cell 23.563260070812102 16.66310805964199 0.0 1.6431676725154984 0.6085806194501846 1 0 0 0.5294734895611322 -0.8483264842334923 5.167225709085478
cell 29.510466273443143 59.16317365065022 0.0 1.6431676725154984 0.6085806194501846 1 0 0 -0.9900520283259849 0.1407017455741153 3.42393300506406
cell 35.908754203257146 29.047914117627187 0.0 1.6431676725154984 0.6085806194501846 1 0 0 0.9966427729429715 0.08187296953540017 2.9776632239885443
cell 11.967833984728513 1.9423180012062744 0.0 1.0 1.0 1 0 0 0.0 1.0 0
cell 27.81492277686088 52.01281826001168 0.0 1.6431676725154984 0.6085806194501846 1 0 0 0.9964889180022168 0.0837247651461087 2.9739468713033808
cell 62.2068523584859 14.162714503530564 0.0 1.6431676725154984 0.6085806194501846 1 0 0 0.37465330513621237 0.9271649804379543 0.7680456323295224
cell 12.548471538341792 28.33810048624304 0.0 1.0 1.0 1 0 0 0.0 1.0 0
cell 49.58258044488766 40.590773192961095 0.0 1.0 1.0 1 0 0 0.0 1.0 0
cell 43.71241611432049 35.69311789545195 0.0 1.6431676725154984 0.6085806194501846 1 0 0 0.6884643499143073 0.7252701833779397 1.5187391401182648
cell 5.6623089233132315 58.11584516353739 0.0 1.0 1.0 1 0 0 0.0 1.0 0
cell 11.740174588625903 53.891301772006564 0.0 1.6431676725154984 0.6085806194501846 1 0 0 0.9889324947856193 0.148366171201831 2.8437607462839196
cell 51.64028446768221 20.050852694670716 0.0 1.6431676725154984 0.6085806194501846 1 0 0 0.5955856653492838 -0.8032917995538427 5.007196240156164
cell 10.432398370140263 41.00897714457436 0.0 1.0 1.0 1 0 0 0.0 1.0 0
cell 28.054262478418313 54.33829712647954 0.0 1.6431676725154984 0.6085806194501846 1 0 0 0.9935493660616113 0.11340042856431552 2.9143028648920706
cell 21.07152618980444 53.084385145116386 0.0 1.6431676725154984 0.6085806194501846 1 0 0 0.998647947914988 0.05198342163789663 3.0375789287627595
cell 18.50378364156106 58.734027589340165 0.0 1.0 1.0 1 0 0 0.0 1.0 0
cell 21.270492153745263 51.06679918044226 0.0 1.6431676725154984 0.6085806194501846 1 0 0 -0.9883841589295332 -0.15197616384538493 2.836457943010913
cell 31.280639947343573 57.44519630128005 0.0 1.6431676725154984 0.6085806194501846 1 0 0 0.9984370120358836 -0.05588857662221076 3.2534280787155367
cell 29.244842078285874 23.709852066889095 0.0 1.6431676725154984 0.6085806194501846 1 0 0 0.8141086302542444 0.5807126123527523 1.902385161547441
cell 50.30396392190528 42.47872017068348 0.0 1.0 1.0 1 0 0 0.0 1.0 0
cell 51.73022844607976 5.4153613441704564 0.0 1.0 1.0 1 0 0 0.0 1.0 0
cell 20.30882301649185 1.4840792547735133 0.0 1.6431676725154984 0.6085806194501846 1 0 0 0.8610186236307982 0.5085734261253982 2.0745383863766973
cell 28.1999766187539 61.41047049366195 0.0 1.0 1.0 1 0 0 0.0 1.0 0
cell 40.8740194732772 25.11226541368593 0.0 1.6431676725154984 0.6085806194501846 1 0 0 -0.03063909803361848 0.9995305126266463 6.221897519531303
cell 16.177714669771575 28.990152253156573 0.0 1.0 1.0 1 0 0 0.0 1.0 0
cell 54.916264950182025 25.90078388645046 0.0 1.0 1.0 1 0 0 0.0 1.0 0
cell 58.453431771828086 11.732074447061253 0.0 1.0 1.0 1 0 0 0.0 1.0 0
cell 56.26719445722437 54.84751368643048 0.0 1.0 1.0 1 0 0 0.0 1.0 0
cell 60.712210310308805 22.83079324372241 0.0 1.0 1.0 1 0 0 0.0 1.0 0
cell 39.17302235493121 46.35132718008563 0.0 1.6431676725154984 0.6085806194501846 1 0 0 0.8591581498585207 -0.51171014601206 4.215940860491809
cell 13.83756011397435 43.564547163974126 0.0 1.0 1.0 1 0 0 0.0 1.0 0
cell 39.6270572220785 31.466107870380682 0.0 1.6431676725154984 0.6085806194501846 1 0 0 0.9777178961474945 -0.20992311819548892 3.564585303910212
cell 30.21170953675943 6.34253144038901 0.0 1.6431676725154984 0.6085806194501846 1 0 0 0.6340939239610123 -0.7732560349559038 4.909512929012154
cell 21.12611484733523 22.088243256062963 0.0 1.0 1.0 1 0 0 0.0 1.0 0
cell 24.001374005535986 3.4910109765384707 0.0 1.0 1.0 1 0 0 0.0 1.0 0
cell 13.878366956301933 54.092564529554544 0.0 1.6431676725154984 0.6085806194501846 1 0 0 0.9945857194942835 0.10391942348780762 2.9333778930950576
cell 17.096419256400427 50.248364688573986 0.0 1.6431676725154984 0.6085806194501846 1 0 0 -0.1858342240841205 0.9825811117455153 5.909343692728699
cell 37.62980055090268 43.70107933310192 0.0 1.6431676725154984 0.6085806194501846 1 0 0 0.7868312030178624 -0.617168257412404 4.471870016128051
cell 37.33240435313182 13.277639172716269 0.0 1.6431676725154984 0.6085806194501846 1 0 0 0.9124096610784896 0.4092781577004027 2.298267086996664
cell 29.520106047497848 53.08647869981811 0.0 1.6431676725154984 0.6085806194501846 1 0 0 0.9998720744903137 -0.015994832116551557 3.1735836819907353
cell 46.29584512204281 10.014061826339166 0.0 1.0 1.0 1 0 0 0.0 1.0 0
cell 57.22631343523233 45.12301338959659 0.0 1.0 1.0 1 0 0 0.0 1.0 0
cell 1.8180751445935237 28.607122202550393 0.0 1.6431676725154984 0.6085806194501846 1 0 0 0.21499990819746112 -0.9766140688496574 5.849801835497439
cell 11.994017043506739 22.70162139263703 0.0 1.6431676725154984 0.6085806194501846 1 0 0 -0.29104348677677033 0.956709824766538 5.692550585984629
cell 29.649128353366805 56.4083168325062 0.0 1.6431676725154984 0.6085806194501846 1 0 0 0.9990428703735974 -0.043741778149539494 3.2291041316135676
cell 32.43535389754667 12.234941691290285 0.0 1.6431676725154984 0.6085806194501846 1 0 0 0.27455054786166877 -0.9615726684285788 5.726940792009401
cell 54.254051505729315 34.93276401448113 0.0 1.6431676725154984 0.6085806194501846 1 0 0 0.7749624823323892 -0.6320072396557032 4.509873846938074
cell 52.89845084211429 39.36753610546371 0.0 1.0 1.0 1 0 0 0.0 1.0 0
cell 32.658117944422216 40.52607206967949 0.0 1.6431676725154984 0.6085806194501846 1 0 0 0.36838726761922114 -0.9296724267482844 5.528637924524549
cell 11.227127304265414 28.726085889218012 0.0 1.6431676725154984 0.6085806194501846 1 0 0 0.698830509654283 -0.7152872980672418 4.735662919036974
cell 28.35380285241146 35.292514210512984 0.0 1.6431676725154984 0.6085806194501846 1 0 0 0.9998813472675387 -0.015404265203233852 3.172402402559534
cell 10.988342136271074 13.281757491869568 0.0 1.0 1.0 1 0 0 0.0 1.0 0
cell 58.748246634416894 2.6219567940427995 0.0 1.0 1.0 1 0 0 0.0 1.0 0
cell 8.2741335959544 47.83372431326651 0.0 1.0 1.0 1 0 0 0.0 1.0 0
cell 38.308136033717695 4.575678392425857 0.0 1.6431676725154984 0.6085806194501846 1 0 0 0.9996025158309304 0.028192380964980893 3.085200419788423
cell 1.2189955467266225 33.16514741785556 0.0 1.6431676725154984 0.6085806194501846 1 0 0 -0.018064026640025346 -0.9998368321589021 0.03613001838712737
cell 33.18632143729855 9.386143030829803 0.0 1.6431676725154984 0.6085806194501846 1 0 0 0.9791362709490858 0.20320473151951532 2.7323329842793846
cell 49.98086960264246 51.484020722909435 0.0 1.6431676725154984 0.6085806194501846 1 0 0 0.996218489776973 -0.08688337370571575 3.3155787664274046
cell 0.3540762277029793 30.609140359265755 0.0 1.6431676725154984 0.6085806194501846 1 0 0 0.8446250894146526 -0.5353582523238902 4.2714563447554115
cell 22.65349857336889 57.09078869248033 0.0 1.6431676725154984 0.6085806194501846 1 0 0 0.996405377212307 -0.08471318824362643 3.3112223303935293
cell 0.133738027504954 19.961656482354403 0.0 1.0 1.0 1 0 0 0.0 1.0 0
cell 10.589946611107342 27.12444354080619 0.0 1.6431676725154984 0.6085806194501846 1 0 0 -0.4585535318880142 0.8886667870428308 5.330451646454547
cell 46.46399010280477 41.26180193336875 0.0 1.0 1.0 1 0 0 0.0 1.0 0
cell 6.114018135639686 12.214302007309735 0.0 1.0 1.0 1 0 0 0.0 1.0 0
cell 41.46956809245064 43.382437612671566 0.0 1.6431676725154984 0.6085806194501846 1 0 0 0.9467016223644137 -0.32211184115550157 3.7975114115327098
cell 62.35713820470874 43.362751746221726 0.0 1.0 1.0 1 0 0 0.0 1.0 0
cell 54.48409635880324 9.58042011328204 0.0 1.6431676725154984 0.6085806194501846 1 0 0 -0.29030022512706694 0.9569356191986869 5.694104189583816
cell 49.940958858365256 19.55612395132791 0.0 1.6431676725154984 0.6085806194501846 1 0 0 0.45913963378722017 -0.8883641126732537 5.329132362973214
cell 14.22160275514236 47.742107278411396 0.0 1.6431676725154984 0.6085806194501846 1 0 0 0.9908966065810113 -0.13462509077522103 3.411662852003478
cell 59.50621333934902 20.894500370556674 0.0 1.0 1.0 1 0 0 0.0 1.0 0
cell 17.958916379587883 13.292807663746954 0.0 1.0 1.0 1 0 0 0.0 1.0 0
cell 37.75472238332737 38.7728711823492 0.0 1.6431676725154984 0.6085806194501846 1 0 0 0.75703460759403 -0.6533747798200915 4.565660257768814
cell 57.35991282413552 13.392080605995742 0.0 1.0 1.0 1 0 0 0.0 1.0 0
cell 14.368523923758795 37.1273780138827 0.0 1.6431676725154984 0.6085806194501846 1 0 0 0.8556860149344715 -0.5174953563516907 4.229435237440951
cell 26.876019585358506 12.433884084760479 0.0 1.6431676725154984 0.6085806194501846 1 0 0 0.4529017375914406 -0.8915604388299505 5.34315064403466
cell 40.37129674683586 17.090295203078664 0.0 1.0 1.0 1 0 0 0.0 1.0 0
cell 58.06136971768323 50.31092574806043 0.0 1.6431676725154984 0.6085806194501846 1 0 0 0.9436850320087025 -0.33084522115746845 3.8159908434504994
cell 10.21541230598469 30.018520524968388 0.0 1.6431676725154984 0.6085806194501846 1 0 0 0.6990586707256493 -0.7150643152075821 4.735024863142707
cell 43.31506555400531 48.59277925856986 0.0 1.6431676725154984 0.6085806194501846 1 0 0 0.9701651334667214 -0.24244507379094876 3.631363305846574
cell 20.451349553575714 45.43351611308513 0.0 1.6431676725154984 0.6085806194501846 1 0 0 0.8837718855467906 -0.4679179995651699 4.115459639128482
cell 53.79187104241035 27.468515911558512 0.0 1.0 1.0 1 0 0 0.0 1.0 0
cell 3.048767686342896 41.26903962217222 0.0 1.0 1.0 1 0 0 0.0 1.0 0
cell 35.596995430553505 7.310417755105772 0.0 1.6431676725154984 0.6085806194501846 1 0 0 0.9141531276611645 0.4053690407361059 2.3068276708871984
cell 27.982566028858393 2.077356491365386 0.0 1.6431676725154984 0.6085806194501846 1 0 0 0.3768820391499096 -0.9262612636649586 5.510329701005039
cell 23.185890472855494 36.27322600082568 0.0 1.6431676725154984 0.6085806194501846 1 0 0 -0.29129283271920176 0.9566339350067105 5.692029308112325
cell 28.592836696416015 18.434352014499474 0.0 1.6431676725154984 0.6085806194501846 1 0 0 0.6299497493841179 -0.7766358949024228 4.920208293304068
cell 19.938807063616764 55.03424286989499 0.0 1.6431676725154984 0.6085806194501846 1 0 0 0.9969137322324136 -0.07850484371323577 3.2987640653295327
cell 6.550102065844261 5.7614255359493765 0.0 1.0 1.0 1 0 0 0.0 1.0 0
cell 54.61026166960571 62.255215262209916 0.0 1.0 1.0 1 0 0 0.0 1.0 0
cell 7.7060801257176 61.737262920777596 0.0 1.0 1.0 1 0 0 0.0 1.0 0
cell 14.792797264028572 10.034035859030762 0.0 1.6431676725154984 0.6085806194501846 1 0 0 0.5033395419919043 -0.8640887138872837 5.228266790503848
cell 49.924754869693395 2.054038654219599 0.0 1.0 1.0 1 0 0 0.0 1.0 0
cell 10.685134277798749 18.141970405744015 0.0 1.0 1.0 1 0 0 0.0 1.0 0
cell 28.918651183792758 46.58981787028147 0.0 1.6431676725154984 0.6085806194501846 1 0 0 0.18444779701891462 0.9828423119579607 0.3710199795430651
cell 39.902794601949026 11.724976105998012 0.0 1.6431676725154984 0.6085806194501846 1 0 0 0.9323690278908932 0.361507947118443 2.4018232216284887
cell 1.3708068579695671 40.09298276329371 0.0 1.0 1.0 1 0 0 0.0 1.0 0
cell 34.21048717518994 33.49168663431917 0.0 1.6431676725154984 0.6085806194501846 1 0 0 0.888644450781098 0.45859681649130607 2.18876157694263
cell 31.9682905208518 2.690989328230035 0.0 1.6431676725154984 0.6085806194501846 1 0 0 0.7432877251080992 -0.6689718661525512 4.607242054302874
cell 30.604278100325228 32.206018466574555 0.0 1.6431676725154984 0.6085806194501846 1 0 0 0.8516840522733585 0.5240556030644374 2.038380901553524
cell 13.361646724838918 39.47591361789076 0.0 1.6431676725154984 0.6085806194501846 1 0 0 0.2900271904396748 -0.957018405677586 5.694674808693766
cell 7.996420274252915 57.260473163572485 0.0 1.6431676725154984 0.6085806194501846 1 0 0 0.9978529243257984 0.065494590726658 3.0105096436537626
cell 20.65835045972212 39.6325651938408 0.0 1.0 1.0 1 0 0 0.0 1.0 0
cell 15.711769602876421 40.72212390267216 0.0 1.6431676725154984 0.6085806194501846 1 0 0 0.33038904556741805 -0.9438448381853082 5.609753831728803
cell 49.40869958627445 13.858283973395666 0.0 1.0 1.0 1 0 0 0.0 1.0 0
cell 13.962051389648773 20.810002443758165 0.0 1.6431676725154984 0.6085806194501846 1 0 0 -0.23677714666189148 0.9715639880206827 5.8050906625972685
cell 52.70208038620728 31.064749942617144 0.0 1.0 1.0 1 0 0 0.0 1.0 0
cell 50.055890345472996 59.47537356248022 0.0 1.0 1.0 1 0 0 0.0 1.0 0
cell 55.99885714211155 11.98719532530833 0.0 1.0 1.0 1 0 0 0.0 1.0 0
cell 29.30131579563788 15.646994234871885 0.0 1.6431676725154984 0.6085806194501846 1 0 0 0.7507552698874405 -0.6605804453177799 4.584775946899385
cell 58.86007161673304 56.34926694056359 0.0 1.0 1.0 1 0 0 0.0 1.0 0
cell 60.74856119395694 51.237520871745865 0.0 1.6431676725154984 0.6085806194501846 1 0 0 0.967680511975676 -0.2521793543145309 3.651456131449262
cell 19.89854369202525 54.03772405487909 0.0 1.6431676725154984 0.6085806194501846 1 0 0 0.999921213828803 0.012552535008252583 3.116486924241728
cell 11.814494795674275 3.57700489270926 0.0 1.0 1.0 1 0 0 0.0 1.0 0
cell 25.410761486410784 57.1967230919734 0.0 1.6431676725154984 0.6085806194501846 1 0 0 0.9857636347137442 -0.16813701697112396 3.479471603861523
cell 28.998124310649548 6.48163154235241 0.0 1.6431676725154984 0.6085806194501846 1 0 0 0.5739102535422748 -0.8189182015800124 5.060639683356394
cell 54.915071682398995 56.92923989425329 0.0 1.0 1.0 1 0 0 0.0 1.0 0
cell 47.21946426021355 1.051395611052388 0.0 1.6431676725154984 0.6085806194501846 1 0 0 0.9122090974074957 -0.4097249841137369 3.985897770354319
cell 55.734785012900396 47.28924977596337 0.0 1.6431676725154984 0.6085806194501846 1 0 0 0.9978834185716575 0.06502832413450355 3.0114441690690668
cell 18.755620937767866 30.995846937731866 0.0 1.6431676725154984 0.6085806194501846 1 0 0 0.9791157102047476 -0.2033037777077757 3.551054638412463
cell 6.753366326099871 2.1875370611065605 0.0 1.0 1.0 1 0 0 0.0 1.0 0
cell 9.47434248184113 12.492688784886287 0.0 1.0 1.0 1 0 0 0.0 1.0 0
cell 51.02320233695698 56.12046359844516 0.0 1.6431676725154984 0.6085806194501846 1 0 0 0.42204525870506454 0.9065747622808475 0.871400334459317
cell 41.406172236165155 48.65286162341156 0.0 1.6431676725154984 0.6085806194501846 1 0 0 0.9378065647398985 -0.3471582450853652 3.8506710199782193
cell 34.71127876575492 60.672586290556715 0.0 1.6431676725154984 0.6085806194501846 1 0 0 0.9658404150382291 -0.2591375941054891 3.6658510307346273
cell 3.782865032875029 48.2939811704369 0.0 1.6431676725154984 0.6085806194501846 1 0 0 0.8708075196852887 0.4916241080943402 2.113684987705298
cell 12.506164121562035 60.054997126701124 0.0 1.0 1.0 1 0 0 0.0 1.0 0
cell 30.796877969096812 60.80216544385395 0.0 1.6431676725154984 0.6085806194501846 1 0 0 0.9137497769235242 -0.40627742390170996 3.978345451046764
cell 34.91515788746292 12.521837680727648 0.0 1.6431676725154984 0.6085806194501846 1 0 0 0.5020991037996955 -0.8648100889579993 5.2311366819684535
cell 12.974701515315958 36.64227952592643 0.0 1.6431676725154984 0.6085806194501846 1 0 0 0.7698188892695096 -0.638262389400988 4.526070612833519
cell 36.04766797271383 15.421945587054811 0.0 1.6431676725154984 0.6085806194501846 1 0 0 0.9814765168369489 0.1915824806646221 2.7560441725291236
cell 8.572289564860688 37.161014025420705 0.0 1.0 1.0 1 0 0 0.0 1.0 0
cell 60.99302277950052 46.80350636135645 0.0 1.0 1.0 1 0 0 0.0 1.0 0
cell 24.221119097294448 12.9648384813485 0.0 1.6431676725154984 0.6085806194501846 1 0 0 -0.3901827206107718 0.9207374460381073 5.481525237887272
cell 14.038283631588698 22.106467955862993 0.0 1.6431676725154984 0.6085806194501846 1 0 0 -0.34520038121772245 0.9385290069076923 5.57828074250693
cell 26.445087234937496 49.83057962267103 0.0 1.6431676725154984 0.6085806194501846 1 0 0 0.9999955610257126 0.002979585352076642 3.135633474068089
cell 4.656385184302536 42.3886851056133 0.0 1.0 1.0 1 0 0 0.0 1.0 0
cell 59.51579371906992 52.82797031056099 0.0 1.0 1.0 1 0 0 0.0 1.0 0
cell 34.035049446822384 18.227274676140368 0.0 1.6431676725154984 0.6085806194501846 1 0 0 0.6628917731200588 -0.7487152309989056 4.833836301452604
cell 8.923262626054493 17.719906359217667 0.0 1.0 1.0 1 0 0 0.0 1.0 0
cell 57.63669790675018 20.840481443069635 0.0 1.0 1.0 1 0 0 0.0 1.0 0
cell 33.87183271469225 5.933134700498763 0.0 1.6431676725154984 0.6085806194501846 1 0 0 0.4632081982218374 -0.8862494937093499 5.319961786817226
cell 11.92247414812529 16.92998579917084 0.0 1.0 1.0 1 0 0 0.0 1.0 0
cell 35.85068486564421 8.60205694850728 0.0 1.6431676725154984 0.6085806194501846 1 0 0 0.9393116314887933 0.34306509433322036 2.4412364748036524
cell 4.419108316894563 49.732487996721204 0.0 1.0 1.0 1 0 0 0.0 1.0 0
cell 10.873623365096757 45.17467035745807 0.0 1.6431676725154984 0.6085806194501846 1 0 0 0.9025060928886951 -0.43067708587616094 4.0320783962946205
cell 58.12174140700848 8.36747707993796 0.0 1.6431676725154984 0.6085806194501846 1 0 0 0.2562336944894141 -0.9666148632254242 5.764937723584223
cell 45.08336810269126 23.38652057811497 0.0 1.6431676725154984 0.6085806194501846 1 0 0 0.09196812354878059 -0.9957619515983307 6.098988775215918
cell 0.014420372681669846 36.82532534658555 0.0 1.0 1.0 1 0 0 0.0 1.0 0
cell 6.48636454671974 41.56585328499433 0.0 1.0 1.0 1 0 0 0.0 1.0 0
cell 50.73954018499704 0.2113042889494783 0.0 1.0 1.0 1 0 0 0.0 1.0 0
cell 60.40127299240188 42.92833747456493 0.0 1.0 1.0 1 0 0 0.0 1.0 0
cell 34.17110719576678 0.545439843579852 0.0 1.6431676725154984 0.6085806194501846 1 0 0 -0.8839937782934756 0.46749866303383747 4.114510788198645
cell 17.0566168298385 8.160618126608863 0.0 1.0 1.0 1 0 0 0.0 1.0 0
cell 55.32600546476806 60.403676291499345 0.0 1.0 1.0 1 0 0 0.0 1.0 0
cell 47.319289835600316 61.698348537863 0.0 1.0 1.0 1 0 0 0.0 1.0 0
cell 2.268188561453035 50.563139591228705 0.0 1.6431676725154984 0.6085806194501846 1 0 0 0.7767144781856338 0.6298528553375135 1.7788651495432415
cell 0.7811482504362354 8.71646564358622 0.0 1.0 1.0 1 0 0 0.0 1.0 0
cell 47.6244689649532 46.301588207367104 0.0 1.6431676725154984 0.6085806194501846 1 0 0 0.9780578125241848 0.20833366353138064 2.7218507938526253
cell 8.764160747737892 29.53118837427928 0.0 1.6431676725154984 0.6085806194501846 1 0 0 0.3326397885916976 -0.9430539597741323 5.604982527705003
cell 47.43402563402776 34.603989733184186 0.0 1.6431676725154984 0.6085806194501846 1 0 0 0.14060965839106707 0.9900651109735902 0.28215432776656996
cell 17.769594611493417 20.67110568175483 0.0 1.6431676725154984 0.6085806194501846 1 0 0 -0.2946222368636269 0.9556138014624281 5.685064936882235
cell 28.677898766581183 31.344701423628294 0.0 1.6431676725154984 0.6085806194501846 1 0 0 0.5036133145726363 -0.8639291807695599 5.2276330642460636
cell 38.72831407472703 43.508305226802 0.0 1.6431676725154984 0.6085806194501846 1 0 0 0.8192166645344299 -0.5734841380100093 4.3630977879356685
cell 43.828466776486756 20.360177497099585 0.0 1.0 1.0 1 0 0 0.0 1.0 0
cell 40.37631609507256 18.794180326253848 0.0 1.6431676725154984 0.6085806194501846 1 0 0 -0.05923028545966463 0.9982443454807879 6.164655362260207
cell 40.774548220241286 5.581750973069612 0.0 1.6431676725154984 0.6085806194501846 1 0 0 0.8506773879577099 0.5256881029826032 2.0345450547605552
cell 34.361287643705424 21.073523933368133 0.0 1.6431676725154984 0.6085806194501846 1 0 0 0.9069625914275115 -0.42121117951817577 4.011153314603457
cell 36.695683644121246 58.050836446732106 0.0 1.6431676725154984 0.6085806194501846 1 0 0 0.9688799593413486 -0.2475310574184715 3.6418550102075797
cell 1.6393469448381932 11.049519227833494 0.0 1.6431676725154984 0.6085806194501846 1 0 0 0.14226426276439597 0.9898287122225253 0.2854971413432412
cell 20.7717732447847 30.95659302411286 0.0 1.6431676725154984 0.6085806194501846 1 0 0 0.43930730881266733 0.8983368457453873 0.9096548921824943
cell 31.766590700732184 47.24036390160777 0.0 1.6431676725154984 0.6085806194501846 1 0 0 0.17418973057566647 -0.9847121090765446 5.933019588928637
cell 31.95775082674243 8.450146810385368 0.0 1.6431676725154984 0.6085806194501846 1 0 0 0.4705758351910854 -0.8823595544528389 5.303298761467005
cell 58.72095167319652 22.521040490159603 0.0 1.0 1.0 1 0 0 0.0 1.0 0
cell 25.137338219389374 27.329864408796716 0.0 1.6431676725154984 0.6085806194501846 1 0 0 0.7986862210484036 -0.6017477214808715 4.432967763771808
cell 3.9503507353500305 45.792861290427076 0.0 1.6431676725154984 0.6085806194501846 1 0 0 0.8016043950966555 0.5978548266608918 1.8599479938692929
cell 56.488006651551046 43.076345578958204 0.0 1.0 1.0 1 0 0 0.0 1.0 0
cell 6.619585426043353 59.484058683992345 0.0 1.0 1.0 1 0 0 0.0 1.0 0
cell 12.443301766278633 20.4572496046813 0.0 1.6431676725154984 0.6085806194501846 1 0 0 0.2163693971062572 -0.9763115711676651 5.84699683635922
cell 38.85707958640214 1.2253419012931932 0.0 1.6431676725154984 0.6085806194501846 1 0 0 0.9923200894148245 0.12369656480175424 2.89356425298916
cell 7.69927164111947 13.18901339831333 0.0 1.0 1.0 1 0 0 0.0 1.0 0
cell 4.854435056590153 40.43286879614389 0.0 1.0 1.0 1 0 0 0.0 1.0 0
cell 1.5899032871558954 38.060160834226146 0.0 1.0 1.0 1 0 0 0.0 1.0 0
cell 22.83468661839052 7.293244619797128 0.0 1.6431676725154984 0.6085806194501846 1 0 0 0.7427755326976899 0.6695405200775103 1.674412621137541
cell 16.850431150723033 57.58336552114816 0.0 1.0 1.0 1 0 0 0.0 1.0 0
cell 55.127696271256546 53.24248474740507 0.0 1.0 1.0 1 0 0 0.0 1.0 0
cell 42.9377959838792 9.684834872737994 0.0 1.6431676725154984 0.6085806194501846 1 0 0 0.6184026907785718 -0.7858613822028807 4.94976827672591
cell 62.40835007220827 12.206748275792135 0.0 1.6431676725154984 0.6085806194501846 1 0 0 0.1446318944781409 -0.9894855305155624 5.992903416586592
cell 37.08435491127737 53.833064857371646 0.0 1.6431676725154984 0.6085806194501846 1 0 0 0.9782268062076703 0.20753870871897853 2.7234762317076977
cell 52.81390997978057 18.983438283380536 0.0 1.6431676725154984 0.6085806194501846 1 0 0 0.6803595330262451 -0.7328785068620239 4.7866791079919455
cell 32.7207294316183 14.609389878341966 0.0 1.6431676725154984 0.6085806194501846 1 0 0 0.3961100176526762 -0.9182030570169087 5.468632430304312
cell 56.887496581929284 56.69134738161462 0.0 1.0 1.0 1 0 0 0.0 1.0 0
cell 54.73227014502785 30.35289000322749 0.0 1.0 1.0 1 0 0 0.0 1.0 0
cell 2.6924923809342047 61.15487060765833 0.0 1.0 1.0 1 0 0 0.0 1.0 0
cell 41.213894475467995 41.82636325046376 0.0 1.6431676725154984 0.6085806194501846 1 0 0 0.9791892754866176 -0.2029491630236325 3.5503303085805764
cell 38.41049529810261 15.713189423336116 0.0 1.0 1.0 1 0 0 0.0 1.0 0
cell 19.050151831859377 16.741323873930735 0.0 1.0 1.0 1 0 0 0.0 1.0 0
cell 44.615121551159255 46.713887652459476 0.0 1.6431676725154984 0.6085806194501846 1 0 0 0.9880436338011779 -0.15417450406913571 3.451176480549786
cell 12.147918420118023 57.27467239955604 0.0 1.0 1.0 1 0 0 0.0 1.0 0
cell 17.332419037583698 6.177008789339525 0.0 1.0 1.0 1 0 0 0.0 1.0 0
cell 2.465210653250722 59.252282260546 0.0 1.0 1.0 1 0 0 0.0 1.0 0
cell 13.254344128279758 58.442685620739375 0.0 1.0 1.0 1 0 0 0.0 1.0 0
cell 16.664496715255297 4.354664404725946 0.0 1.0 1.0 1 0 0 0.0 1.0 0
cell 53.19628192332974 49.49009508944874 0.0 1.6431676725154984 0.6085806194501846 1 0 0 0.9793951096747873 -0.2019535073850203 3.548296889831018
cell 60.69934800910087 14.917850154632399 0.0 1.0 1.0 1 0 0 0.0 1.0 0
cell 23.803204726661193 21.316009867657684 0.0 1.6431676725154984 0.6085806194501846 1 0 0 -0.7696309591364788 0.6384889871710112 4.5266593888007804
cell 51.93133405012826 1.9001115278447458 0.0 1.0 1.0 1 0 0 0.0 1.0 0
cell 4.777916940432864 23.0513422537113 0.0 1.0 1.0 1 0 0 0.0 1.0 0
cell 49.335717429211414 38.64434635655603 0.0 1.0 1.0 1 0 0 0.0 1.0 0
cell 48.93270366401188 36.79189222771292 0.0 1.6431676725154984 0.6085806194501846 1 0 0 0.439675064547941 -0.898156911466345 5.372711585031977
cell 34.22023358445113 2.9282255223252327 0.0 1.6431676725154984 0.6085806194501846 1 0 0 0.781535200218269 -0.6238611470670297 4.4889396218358275
cell 28.408722025707156 58.132073924830244 0.0 1.6431676725154984 0.6085806194501846 1 0 0 0.9994856274121677 -0.03206993290459802 3.2057435189250842
cell 10.956232960142572 51.47960779615832 0.0 1.0 1.0 1 0 0 0.0 1.0 0
cell 24.20334401233221 9.818040238508669 0.0 1.6431676725154984 0.6085806194501846 1 0 0 0.8018851005425579 0.5974782720131769 1.8608873318364376
cell 56.47513276722976 32.66659023283126 0.0 1.6431676725154984 0.6085806194501846 1 0 0 0.6940036783362425 0.7199714539172822 1.5340702824110592
cell 7.7888586650201415 20.51021965259908 0.0 1.0 1.0 1 0 0 0.0 1.0 0
cell 24.97453774401545 13.752910268898464 0.0 1.6431676725154984 0.6085806194501846 1 0 0 0.4791557970187074 -0.8777298685719698 5.283799993382888
cell 3.8598963380175966 57.181648175206675 0.0 1.0 1.0 1 0 0 0.0 1.0 0
cell 13.07031397256593 61.838537040456714 0.0 1.0 1.0 1 0 0 0.0 1.0 0
cell 45.598081637865924 14.185522970234363 0.0 1.0 1.0 1 0 0 0.0 1.0 0
cell 19.340022788783692 3.8760729423918456 0.0 1.6431676725154984 0.6085806194501846 1 0 0 0.3293107487934369 -0.9442216004355682 5.612038278154392
cell 51.81149382866546 22.0079196987841 0.0 1.6431676725154984 0.6085806194501846 1 0 0 0.5410988680683247 -0.8409589853109233 5.139698816331037
cell 54.430037239479844 15.18258880301846 0.0 1.6431676725154984 0.6085806194501846 1 0 0 0.7330337116799511 -0.6801923092337301 4.637642553171839
cell 22.30817940631397 25.979737287077313 0.0 1.6431676725154984 0.6085806194501846 1 0 0 0.34221780147030995 -0.9396206555609703 5.584632903465741
cell 51.40154598415324 60.96810311900699 0.0 1.0 1.0 1 0 0 0.0 1.0 0
cell 55.353756024237214 39.42590373724573 0.0 1.6431676725154984 0.6085806194501846 1 0 0 0.24521687127034075 0.9694682491161767 0.4954867749374737
cell 60.814047455736386 19.384729920787436 0.0 1.6431676725154984 0.6085806194501846 1 0 0 0.31379660593535563 0.9494902264391409 0.638377954938819
cell 57.82091815533639 41.56540471409207 0.0 1.0 1.0 1 0 0 0.0 1.0 0
cell 39.162658216556615 39.566835409994496 0.0 1.6431676725154984 0.6085806194501846 1 0 0 0.8321215075348949 -0.5545933615703076 4.317341073123321
cell 24.05613139032048 50.66720916900001 0.0 1.6431676725154984 0.6085806194501846 1 0 0 0.9995801998087563 0.028972817437847763 3.0836389088227336
cell 40.6770349901062 39.705340334906325 0.0 1.6431676725154984 0.6085806194501846 1 0 0 0.8872362628777039 -0.4613153084765408 4.100546866415894
cell 29.890535413464672 36.45388799024108 0.0 1.6431676725154984 0.6085806194501846 1 0 0 0.9972969212374657 -0.0734768731661343 3.2886789524366886
cell 21.548241568018057 18.61824139649564 0.0 1.6431676725154984 0.6085806194501846 1 0 0 -0.00889005669166033 0.9999604826651997 6.265404959584999
cell 43.609876489147794 16.575603886765155 0.0 1.0 1.0 1 0 0 0.0 1.0 0
cell 58.07435981538077 58.23699241568773 0.0 1.0 1.0 1 0 0 0.0 1.0 0
cell 0.5437076883685331 0.9785849187678217 0.0 1.0 1.0 1 0 0 0.0 1.0 0
cell 1.4980487376577993 27.0048212701301 0.0 1.0 1.0 1 0 0 0.0 1.0 0
cell 1.8585055764950564 36.049932798456844 0.0 1.0 1.0 1 0 0 0.0 1.0 0
cell 31.539652963085302 35.14873570491878 0.0 1.6431676725154984 0.6085806194501846 1 0 0 0.9868754771397495 0.16148310320337456 2.8172060618387094
cell 30.5783717894873 38.58386603813708 0.0 1.6431676725154984 0.6085806194501846 1 0 0 0.9915375154921725 -0.12982047362265195 3.40196849153628
cell 60.18415680937499 35.40425099942442 0.0 1.6431676725154984 0.6085806194501846 1 0 0 -0.10351529538795391 0.9946278618763627 6.075783185605233
cell 38.116073370156066 8.662506275450482 0.0 1.0 1.0 1 0 0 0.0 1.0 0
cell 5.721074586496824 45.451752553574856 0.0 1.0 1.0 1 0 0 0.0 1.0 0
cell 45.25824607060422 18.952590634317016 0.0 1.0 1.0 1 0 0 0.0 1.0 0
cell 13.484970026831931 32.241006428257876 0.0 1.0 1.0 1 0 0 0.0 1.0 0
cell 34.498414727083684 58.07892450371324 0.0 1.6431676725154984 0.6085806194501846 1 0 0 0.9881612946453316 -0.15341856395124465 3.449646396153903
cell 11.388666585469034 10.00384453759163 0.0 1.6431676725154984 0.6085806194501846 1 0 0 -0.3167076582022394 0.9485231991027175 5.6386724114756275
cell 57.9400849926071 30.896923491797505 0.0 1.6431676725154984 0.6085806194501846 1 0 0 0.7132078649419339 -0.7009525956760331 4.695057195449625
cell 53.11780976795637 22.39563015528809 0.0 1.0 1.0 1 0 0 0.0 1.0 0
cell 26.656660038889008 30.288243922820243 0.0 1.6431676725154984 0.6085806194501846 1 0 0 -0.1489243661398263 -0.9888485896080608 0.29896083897091774
cell 39.79916901657193 8.577811660024246 0.0 1.0 1.0 1 0 0 0.0 1.0 0
cell 9.484173605850588 10.10819880750191 0.0 1.6431676725154984 0.6085806194501846 1 0 0 0.15789037545135756 -0.9874566468153574 5.966077579491569
cell 16.177027431535848 13.238452160986634 0.0 1.0 1.0 1 0 0 0.0 1.0 0
cell 20.04152025349269 62.2511882640343 0.0 1.0 1.0 1 0 0 0.0 1.0 0
cell 62.40830650630456 38.85557984151938 0.0 1.0 1.0 1 0 0 0.0 1.0 0
cell 52.50175422914711 50.99200493182102 0.0 1.6431676725154984 0.6085806194501846 1 0 0 0.9870837106438058 -0.16020533131470838 3.4633899887481263
cell 22.16415391986353 40.51818525185038 0.0 1.6431676725154984 0.6085806194501846 1 0 0 0.556908220849724 -0.8305740385721161 5.101867960035233
cell 62.479085741074925 21.93515830950868 0.0 1.0 1.0 1 0 0 0.0 1.0 0
cell 28.377821793824516 12.053069521081026 0.0 1.6431676725154984 0.6085806194501846 1 0 0 0.46700513634763086 -0.8842546028293722 5.311383591912406
cell 48.7872572086475 0.44687021091930834 0.0 1.0 1.0 1 0 0 0.0 1.0 0
cell 1.5205537671682734 45.73571268649931 0.0 1.6431676725154984 0.6085806194501846 1 0 0 0.6511784476693043 0.7589246532370622 1.4182723808618598
cell 28.463414631441292 55.36275662598997 0.0 1.6431676725154984 0.6085806194501846 1 0 0 0.9981206283653041 0.0612797783257281 3.0189562608557017
cell 8.027069853980992 42.673031940526315 0.0 1.0 1.0 1 0 0 0.0 1.0 0
cell 49.73201212305166 16.60903070562493 0.0 1.6431676725154984 0.6085806194501846 1 0 0 0.5424894995976105 -0.8400625826843701 5.136389801768615
cell 6.497580200339164 10.816320556608753 0.0 1.6431676725154984 0.6085806194501846 1 0 0 0.04728065668873058 0.9988816443919081 0.09459658021268533
cell 12.813657447637954 51.066133589458644 0.0 1.0 1.0 1 0 0 0.0 1.0 0
cell 23.359316599186386 48.29339997468299 0.0 1.6431676725154984 0.6085806194501846 1 0 0 -0.03895111999607504 0.9992411171739538 6.20526335497959
cell 53.44705014210418 8.342453846314417 0.0 1.0 1.0 1 0 0 0.0 1.0 0
cell 43.73705745815614 24.421421944541187 0.0 1.6431676725154984 0.6085806194501846 1 0 0 0.02257375662472803 -0.9997451802893813 6.238033958713792
cell 37.951361562633345 34.805594258653585 0.0 1.6431676725154984 0.6085806194501846 1 0 0 0.8439143182878046 -0.5364779803392028 4.274108880659691
cell 46.22007610950098 12.267695151367379 0.0 1.0 1.0 1 0 0 0.0 1.0 0
cell 59.442320615994916 49.54694084015019 0.0 1.6431676725154984 0.6085806194501846 1 0 0 0.9859938670593252 -0.16678157608500277 3.476721893166583
cell 13.674652759368282 49.172434190418954 0.0 1.6431676725154984 0.6085806194501846 1 0 0 0.1252610520347868 -0.9921238172945646 6.032003404676249
cell 53.83361015856404 1.4595737056689522 0.0 1.0 1.0 1 0 0 0.0 1.0 0
cell 21.72256047745429 58.00636581108503 0.0 1.6431676725154984 0.6085806194501846 1 0 0 0.98367951126816 -0.1799294837185773 3.5034221826711165
cell 23.076010448153212 62.36146243473692 0.0 1.6431676725154984 0.6085806194501846 1 0 0 0.9791433326357559 -0.20317070200928455 3.550782813908401
cell 49.804159736563776 28.572980778578206 0.0 1.0 1.0 1 0 0 0.0 1.0 0
cell 10.00190928757319 34.54423430718525 0.0 1.0 1.0 1 0 0 0.0 1.0 0
cell 54.45894299601343 46.10697761572586 0.0 1.6431676725154984 0.6085806194501846 1 0 0 0.9978694316234599 -0.06524260441975899 3.272170610696589
cell 56.87271204660621 29.304929380114075 0.0 1.6431676725154984 0.6085806194501846 1 0 0 0.6507899737509373 -0.7592578021102282 4.865936449962122
cell 9.988813872810272 42.97568929644001 0.0 1.0 1.0 1 0 0 0.0 1.0 0
cell 52.61238138255473 46.918098698652415 0.0 1.6431676725154984 0.6085806194501846 1 0 0 0.998879110731671 -0.04733415409517913 3.2362963485434175
cell 54.890982890781544 2.842841369993361 0.0 1.6431676725154984 0.6085806194501846 1 0 0 0.9984293841155933 0.05602468147662299 3.0294845915876643
cell 21.056919410942136 28.56447203802213 0.0 1.6431676725154984 0.6085806194501846 1 0 0 0.8086979197256916 -0.5882241703902849 4.399314994225935
cell 18.32647600183559 62.02928055355539 0.0 1.0 1.0 1 0 0 0.0 1.0 0
cell 12.67179313185716 33.365455455159484 0.0 1.6431676725154984 0.6085806194501846 1 0 0 -0.9741500539505225 0.22590190877501268 3.5973302109440293
cell 56.44683308682206 35.76372025680539 0.0 1.6431676725154984 0.6085806194501846 1 0 0 0.7742686965825682 -0.6328570024044381 4.512067871109755
cell 45.083057987664596 21.690635932055226 0.0 1.6431676725154984 0.6085806194501846 1 0 0 0.04212076385991549 0.9991125268216074 0.08426645726856383
cell 7.244333635468784 52.25895668134043 0.0 1.0 1.0 1 0 0 0.0 1.0 0
cell 32.606891638440196 42.51484841959503 0.0 1.6431676725154984 0.6085806194501846 1 0 0 -0.5269054307599449 0.8499239183807437 5.173274420959272
cell 27.43746114051495 39.44877661234347 0.0 1.6431676725154984 0.6085806194501846 1 0 0 0.35655150584547995 0.9342756679263999 0.7291483863263335
cell 23.670946201434 31.98437141611711 0.0 1.6431676725154984 0.6085806194501846 1 0 0 0.7907894371781002 -0.6120882828869896 4.458989969204795
cell 56.895464141133914 25.689138702632974 0.0 1.0 1.0 1 0 0 0.0 1.0 0
cell 21.328523709802155 2.452432764763856 0.0 1.0 1.0 1 0 0 0.0 1.0 0
cell 36.02308188717683 12.803577825693953 0.0 1.6431676725154984 0.6085806194501846 1 0 0 0.6360372132058947 -0.7716583851791409 4.904481483400269
cell 20.32916831294662 48.15285009273174 0.0 1.6431676725154984 0.6085806194501846 1 0 0 -0.14013903555681656 0.9901318350165322 6.001981638035821
cell 29.319341170455242 60.57007061220613 0.0 1.6431676725154984 0.6085806194501846 1 0 0 0.8857407484622727 -0.46418027372292875 4.107010487172273
cell 53.118102259264944 53.28408171524622 0.0 1.0 1.0 1 0 0 0.0 1.0 0
cell 23.138931874191613 53.74170688726475 0.0 1.6431676725154984 0.6085806194501846 1 0 0 0.9991708777765737 0.04071310603714014 3.060143929955402
cell 56.726846650382655 22.39884813581793 0.0 1.0 1.0 1 0 0 0.0 1.0 0
cell 22.570407748629485 20.198464320965503 0.0 1.6431676725154984 0.6085806194501846 1 0 0 0.6333142661597989 -0.7738947217021676 4.91152865432363
cell 51.40053735269695 29.437353113857455 0.0 1.0 1.0 1 0 0 0.0 1.0 0
cell 46.913968434312245 25.641442035182543 0.0 1.6431676725154984 0.6085806194501846 1 0 0 0.2992158906294959 -0.954185438368663 5.675443726838312
cell 29.030323542572507 0.09216122699064112 0.0 1.6431676725154984 0.6085806194501846 1 0 0 0.3593100910893878 -0.9332182265908311 5.548128289514538
cell 55.35767752762843 33.58207990704721 0.0 1.6431676725154984 0.6085806194501846 1 0 0 0.6961909558295187 -0.7178566382093162 4.743030080906275
cell 55.35843246418629 28.695466712234904 0.0 1.0 1.0 1 0 0 0.0 1.0 0
cell 48.26877997599208 49.04324915539472 0.0 1.6431676725154984 0.6085806194501846 1 0 0 -0.9925323589556629 0.12198162331231274 3.386164996660099
cell 30.93888291980638 51.89825634435307 0.0 1.6431676725154984 0.6085806194501846 1 0 0 0.9954431947008809 0.09535641626919511 2.9505896115959493
cell 11.64835431812572 55.19355297556013 0.0 1.6431676725154984 0.6085806194501846 1 0 0 0.9998946644622637 -0.014514130352764875 3.1706219335740866
cell 30.20364407024188 45.75927367847119 0.0 1.6431676725154984 0.6085806194501846 1 0 0 0.2115364722920631 0.9773701043567014 0.42629348123942423
cell 32.47158516396067 5.593189419813529 0.0 1.6431676725154984 0.6085806194501846 1 0 0 0.6615692724587083 -0.7498840561969933 4.837366265277712
cell 8.374051701708781 58.489904036403985 0.0 1.0 1.0 1 0 0 0.0 1.0 0
cell 14.402429314330004 55.08000620116502 0.0 1.6431676725154984 0.6085806194501846 1 0 0 0.999176122340074 0.04058419083157139 3.0604019736392716
cell 22.396658616231296 46.018314681239 0.0 1.6431676725154984 0.6085806194501846 1 0 0 0.9229739888358487 -0.38486233374083606 3.931709979258898
cell 46.566112923460224 49.81800605259545 0.0 1.6431676725154984 0.6085806194501846 1 0 0 0.9953042453887934 -0.0967959663986292 3.335488176768401
cell 54.41503582762031 42.90626124463316 0.0 1.0 1.0 1 0 0 0.0 1.0 0
cell 35.87382886166351 0.4189323545585176 0.0 1.6431676725154984 0.6085806194501846 1 0 0 0.6216584533038005 -0.7832884318282292 4.941468857960228
cell 32.74068767564913 24.510964884731763 0.0 1.6431676725154984 0.6085806194501846 1 0 0 0.5973403248923602 -0.8019878654053872 5.002824020454953
cell 32.10823295049834 20.88183539082261 0.0 1.6431676725154984 0.6085806194501846 1 0 0 0.43380370508596383 -0.9010074058817109 5.38576506450095
cell 60.671420409260065 17.357585495665425 0.0 1.0 1.0 1 0 0 0.0 1.0 0
cell 62.076480513477264 16.105194263736855 0.0 1.0 1.0 1 0 0 0.0 1.0 0
cell 19.49449644019305 56.64839347708469 0.0 1.6431676725154984 0.6085806194501846 1 0 0 0.9877690549399815 -0.15592400104851012 3.4547183072262158
cell 32.97483137798169 37.13014781187913 0.0 1.6431676725154984 0.6085806194501846 1 0 0 0.97107888562431 -0.2387588697716763 3.623767764940864
cell 23.098665295186507 49.656106553632895 0.0 1.6431676725154984 0.6085806194501846 1 0 0 0.13862054016860711 -0.9903455689017665 6.005048565409276
cell 5.89724780761017 55.4311238802189 0.0 1.6431676725154984 0.6085806194501846 1 0 0 0.9899530359699272 0.14139655785741037 2.8578486445849385
cell 6.720599177540516 39.64997575891373 0.0 1.0 1.0 1 0 0 0.0 1.0 0
cell 1.2110892865066856 42.080864531571805 0.0 1.0 1.0 1 0 0 0.0 1.0 0
cell 53.608424492310206 41.10872789000303 0.0 1.0 1.0 1 0 0 0.0 1.0 0
cell 18.825122145304263 1.191460661015265 0.0 1.0 1.0 1 0 0 0.0 1.0 0
cell 18.999199821215377 5.696280288302207 0.0 1.0 1.0 1 0 0 0.0 1.0 0
cell 2.764911609422726 6.012637645795931 0.0 1.0 1.0 1 0 0 0.0 1.0 0
cell 41.340412505334704 22.356186357317775 0.0 1.6431676725154984 0.6085806194501846 1 0 0 0.02632049436527944 -0.9996535557763836 6.230538238550991
cell 35.214263939319714 16.932593840286888 0.0 1.0 1.0 1 0 0 0.0 1.0 0
cell 59.50543216356728 10.053752469303673 0.0 1.6431676725154984 0.6085806194501846 1 0 0 0.6621548857478776 0.7493670043978552 1.4473814573632433
cell 4.789175227937508 54.63805349647056 0.0 1.0 1.0 1 0 0 0.0 1.0 0
cell 48.26902495194235 42.12960490945387 0.0 1.0 1.0 1 0 0 0.0 1.0 0
cell 7.121685480636565 56.2958658584257 0.0 1.6431676725154984 0.6085806194501846 1 0 0 0.9999233539986444 0.012380877517433869 3.116830265905693
cell 10.112096406266884 62.4829601117233 0.0 1.6431676725154984 0.6085806194501846 1 0 0 -0.7330858076858782 0.6801361617864056 4.6374893666231145
cell 33.67608370956982 12.554221815505871 0.0 1.6431676725154984 0.6085806194501846 1 0 0 0.4013851418220637 -0.9159093666539729 5.457127989123923
cell 24.064566882861694 18.176042556082837 0.0 1.6431676725154984 0.6085806194501846 1 0 0 0.5821841923367865 -0.8130569267850583 5.040360286296453
cell 10.532262235441198 25.76680204849985 0.0 1.6431676725154984 0.6085806194501846 1 0 0 -0.31606319067964606 0.9487381406359722 5.640031143631936
cell 15.396149039183806 0.9479834807004615 0.0 1.0 1.0 1 0 0 0.0 1.0 0
cell 5.0426450600471355 38.52786120415668 0.0 1.0 1.0 1 0 0 0.0 1.0 0
cell 35.997586709574186 56.5996902634931 0.0 1.6431676725154984 0.6085806194501846 1 0 0 0.9879881919411801 -0.1545293906828014 3.4518948629264803
cell 40.324633396500985 49.39995759705966 0.0 1.6431676725154984 0.6085806194501846 1 0 0 0.9585201047615078 -0.2850249265730773 3.7196575202735214
cell 15.156499222955897 56.85824652929455 0.0 1.0 1.0 1 0 0 0.0 1.0 0
cell 17.647866452528504 45.49928597037554 0.0 1.6431676725154984 0.6085806194501846 1 0 0 0.463326051502597 0.8861878863982585 0.9634894892070908
cell 53.242288577276604 44.56451825565322 0.0 1.0 1.0 1 0 0 0.0 1.0 0
cell 1.4849779643129408 12.695331688881575 0.0 1.6431676725154984 0.6085806194501846 1 0 0 -0.2258691571368829 0.9741576483579412 5.827514991027728
cell 57.32979203546039 60.12585619104424 0.0 1.0 1.0 1 0 0 0.0 1.0 0
cell 41.182345175912936 12.068479282277336 0.0 1.6431676725154984 0.6085806194501846 1 0 0 0.43391851602986864 -0.9009521193972722 5.385510206515209
cell 5.732595361532136 47.910317845752836 0.0 1.0 1.0 1 0 0 0.0 1.0 0
cell 50.36607983663341 48.74782941913575 0.0 1.6431676725154984 0.6085806194501846 1 0 0 0.9595911373798471 -0.2813980260450512 3.7120940461103533
cell 5.979567963996452 14.249855253714838 0.0 1.0 1.0 1 0 0 0.0 1.0 0
cell 3.096497089174 23.98092241875325 0.0 1.0 1.0 1 0 0 0.0 1.0 0
cell 22.383565680605074 30.714123682364527 0.0 1.6431676725154984 0.6085806194501846 1 0 0 0.6801799178916578 -0.7330452095859421 4.7871692157149415
cell 51.73186125683298 27.432082064048924 0.0 1.0 1.0 1 0 0 0.0 1.0 0
cell 19.195678964449666 21.601802572044818 0.0 1.0 1.0 1 0 0 0.0 1.0 0
cell 27.285547002280747 29.077934025710483 0.0 1.6431676725154984 0.6085806194501846 1 0 0 0.9396782973985338 -0.34205949394541385 3.8398081071355508
cell 1.3880723144418488 48.91737900538225 0.0 1.6431676725154984 0.6085806194501846 1 0 0 0.7285968487469564 0.6849427946887279 1.632542290397469
cell 48.49288497058273 9.794660089314625 0.0 1.6431676725154984 0.6085806194501846 1 0 0 0.9907890052869976 -0.13541472225131876 3.413256710140365
cell 60.46819144042349 11.781466843666665 0.0 1.6431676725154984 0.6085806194501846 1 0 0 0.882376266587606 0.47054449753760585 2.161777138686702
cell 17.278523373912247 11.593625832727382 0.0 1.0 1.0 1 0 0 0.0 1.0 0
cell 54.82817676579228 22.320753459321878 0.0 1.0 1.0 1 0 0 0.0 1.0 0
cell 5.858115704276668 28.12031268403496 0.0 1.6431676725154984 0.6085806194501846 1 0 0 -0.33252881035855547 0.9430930973565249 5.605217882064239
cell 18.160996337253632 29.359218930499626 0.0 1.0 1.0 1 0 0 0.0 1.0 0
cell 16.324633224667853 35.36253302302576 0.0 1.0 1.0 1 0 0 0.0 1.0 0
cell 8.182734545977768 3.1334775684696123 0.0 1.0 1.0 1 0 0 0.0 1.0 0
cell 52.2222128455843 11.83093439268122 0.0 1.6431676725154984 0.6085806194501846 1 0 0 0.41464775877909693 -0.9099819977007633 5.4280739413835954
cell 17.17856282501512 48.98049894105692 0.0 1.6431676725154984 0.6085806194501846 1 0 0 0.012579026599287852 0.9999208809149924 0.025158716713624314
cell 36.05073630015367 4.099552282308256 0.0 1.6431676725154984 0.6085806194501846 1 0 0 0.965996798617223 0.2585540273545866 2.6185425909530906
cell 7.332759973425802 46.44732015096833 0.0 1.6431676725154984 0.6085806194501846 1 0 0 0.9955821223010343 0.09389482283155177 2.9535259744088513
cell 8.505608000024177 35.18553947123695 0.0 1.0 1.0 1 0 0 0.0 1.0 0
cell 29.95120716256554 34.31118332816626 0.0 1.6431676725154984 0.6085806194501846 1 0 0 0.9988630135527392 0.04767263529888296 3.0462112311229923
cell 15.57772050646976 27.334396738198535 0.0 1.0 1.0 1 0 0 0.0 1.0 0
cell 2.8657560910122295 43.3037419460324 0.0 1.0 1.0 1 0 0 0.0 1.0 0
cell 61.25959556378349 59.588564785556066 0.0 1.0 1.0 1 0 0 0.0 1.0 0
cell 17.600484900713536 55.3423757645235 0.0 1.6431676725154984 0.6085806194501846 1 0 0 0.9958765548000978 -0.09071872794240292 3.323279903997653
cell 13.570392689819428 56.47766464861502 0.0 1.0 1.0 1 0 0 0.0 1.0 0
cell 2.6180922115576095 31.987205116007118 0.0 1.6431676725154984 0.6085806194501846 1 0 0 0.8997856644111953 -0.43633216489287574 4.044629217626064
cell 3.208643537196229 15.290455387026192 0.0 1.0 1.0 1 0 0 0.0 1.0 0
cell 32.5817099371299 30.381194282738797 0.0 1.6431676725154984 0.6085806194501846 1 0 0 0.8859094670635294 0.4638581854049937 2.1769020252119615
cell 60.23872857284314 44.91473739419441 0.0 1.0 1.0 1 0 0 0.0 1.0 0
cell 0.6762411888058317 17.372445347485158 0.0 1.0 1.0 1 0 0 0.0 1.0 0
cell 47.53385202389943 8.004465055575029 0.0 1.0 1.0 1 0 0 0.0 1.0 0
cell 59.06362672536585 30.03206936913629 0.0 1.6431676725154984 0.6085806194501846 1 0 0 0.7428826990704225 -0.6694216126043767 4.608452538459413
cell 50.33616051747197 7.305954664299735 0.0 1.6431676725154984 0.6085806194501846 1 0 0 0.1614934798207403 0.9868737791508031 0.32440762100256065
cell 11.535764130279837 24.152066553903747 0.0 1.6431676725154984 0.6085806194501846 1 0 0 -0.292096041232661 0.9563889913085615 5.690349854185846
cell 11.222511621183358 15.029029061664456 0.0 1.0 1.0 1 0 0 0.0 1.0 0
cell 16.10447726189009 23.001820670459757 0.0 1.6431676725154984 0.6085806194501846 1 0 0 -0.49436733165651275 0.8692530939782841 5.2489716051306505
cell 55.59627666695584 13.960640153059833 0.0 1.0 1.0 1 0 0 0.0 1.0 0
cell 12.69986089585735 12.24796562194852 0.0 1.0 1.0 1 0 0 0.0 1.0 0
cell 59.258708607920326 59.81069717742869 0.0 1.0 1.0 1 0 0 0.0 1.0 0
cell 25.304640901543948 15.155137287940722 0.0 1.6431676725154984 0.6085806194501846 1 0 0 0.5142001332113063 -0.8576702297535311 5.203035738923273
cell 15.797618488596376 30.34246859160736 0.0 1.6431676725154984 0.6085806194501846 1 0 0 0.9844416836812879 -0.1757116143877551 3.4948498185620114
cell 36.14454616163305 32.389355494267015 0.0 1.6431676725154984 0.6085806194501846 1 0 0 0.8555884069005287 -0.5176567182770985 4.229812411137631
cell 58.77834764264005 48.067726189660185 0.0 1.6431676725154984 0.6085806194501846 1 0 0 0.9833997149623369 -0.18145247480261734 3.506519141368893
cell 15.428784914507556 22.151959529884095 0.0 1.6431676725154984 0.6085806194501846 1 0 0 0.4202505240120896 -0.9074081204549385 5.415742527390581
cell 48.002684878708536 17.38501797128972 0.0 1.0 1.0 1 0 0 0.0 1.0 0
cell 14.91085019089402 50.02384145462631 0.0 1.6431676725154984 0.6085806194501846 1 0 0 0.08496327004992536 -0.9963840839467597 6.1130536570166765
cell 5.492179586589714 18.00501473989117 0.0 1.0 1.0 1 0 0 0.0 1.0 0
cell 48.000021747297346 27.651686891042942 0.0 1.0 1.0 1 0 0 0.0 1.0 0
cell 0.13342384787113137 46.97222319462352 0.0 1.6431676725154984 0.6085806194501846 1 0 0 0.6024681072480947 0.7981429569625345 1.2931796506507678
cell 4.8666786217633105 24.907141044428233 0.0 1.0 1.0 1 0 0 0.0 1.0 0
cell 25.338875515698387 55.33325895426732 0.0 1.6431676725154984 0.6085806194501846 1 0 0 0.9992499211132974 0.038724606583786694 3.0641240702705757
cell 4.265171144435561 62.3416140151679 0.0 1.0 1.0 1 0 0 0.0 1.0 0
cell 2.4692238573062655 0.4780225117114717 0.0 1.0 1.0 1 0 0 0.0 1.0 0
cell 3.433030986840625 37.3229121469673 0.0 1.0 1.0 1 0 0 0.0 1.0 0
cell 23.064632743390174 23.113427981002832 0.0 1.6431676725154984 0.6085806194501846 1 0 0 0.7557084962362342 -0.6549081376165437 4.5697147658142985
cell 20.679094192473144 49.29558308607922 0.0 1.6431676725154984 0.6085806194501846 1 0 0 -0.09753034806831859 0.9952325513193752 6.087814038086441
cell 55.74841154567151 37.66891632019088 0.0 1.6431676725154984 0.6085806194501846 1 0 0 0.8600492201124736 -0.5102110729726725 4.212453037706372
cell 17.76308761619504 31.851079078100966 0.0 1.6431676725154984 0.6085806194501846 1 0 0 0.9825076426586037 -0.18622226536435849 3.516224138267813
cell 50.176685776294036 12.048093548762788 0.0 1.0 1.0 1 0 0 0.0 1.0 0
cell 23.517619554962593 26.79274775279302 0.0 1.6431676725154984 0.6085806194501846 1 0 0 0.5001896199207307 -0.8659158989899394 5.235549819848157
cell 53.8468016435783 20.609998505640238 0.0 1.0 1.0 1 0 0 0.0 1.0 0
cell 49.764873422405444 34.40505360116284 0.0 1.0 1.0 1 0 0 0.0 1.0 0
cell 0.5488773502474927 53.50287408540234 0.0 1.0 1.0 1 0 0 0.0 1.0 0
cell 42.076608399934955 17.70385058984747 0.0 1.0 1.0 1 0 0 0.0 1.0 0
cell 59.519979918394576 0.6046485196297727 0.0 1.0 1.0 1 0 0 0.0 1.0 0
cell 35.468095268781816 34.19464280004702 0.0 1.6431676725154984 0.6085806194501846 1 0 0 0.6844302436803392 -0.7290783507522847 4.775541432860616
cell 48.66832890833595 57.92380933468106 0.0 1.0 1.0 1 0 0 0.0 1.0 0
cell 48.06486671733721 21.270802060933 0.0 1.6431676725154984 0.6085806194501846 1 0 0 -0.02147528696005664 -0.9997693794320685 0.04295387598664213
cell 45.044745051161954 55.06521504432749 0.0 1.6431676725154984 0.6085806194501846 1 0 0 -0.5892083091273516 0.8079811683791196 5.023028003110701
cell 21.354498805315018 17.528177407916978 0.0 1.6431676725154984 0.6085806194501846 1 0 0 -0.042112389269272694 -0.9991128798439309 0.08424969321258757
cell 8.415736608898396 16.143768184193775 0.0 1.0 1.0 1 0 0 0.0 1.0 0
cell 54.27619374424537 55.04611840135846 0.0 1.0 1.0 1 0 0 0.0 1.0 0
cell 48.71281601230617 15.480414127724904 0.0 1.0 1.0 1 0 0 0.0 1.0 0
cell 59.3009734382423 13.554358297786008 0.0 1.0 1.0 1 0 0 0.0 1.0 0
cell 26.767951837041796 14.523044841205671 0.0 1.6431676725154984 0.6085806194501846 1 0 0 0.5418454523391903 -0.8404781411668826 5.137922754151735
cell 38.567647245651436 17.695756040605612 0.0 1.0 1.0 1 0 0 0.0 1.0 0
cell 58.804855110464075 37.68260539181626 0.0 1.0 1.0 1 0 0 0.0 1.0 0
cell 23.88761646903763 7.176894298125279 0.0 1.6431676725154984 0.6085806194501846 1 0 0 0.7279727451375996 0.6856060693553023 1.6307208199410932
cell 32.831704076272175 38.41914284019426 0.0 1.6431676725154984 0.6085806194501846 1 0 0 0.9658747509065367 -0.2590095858481603 3.6655859642084683
cell 33.79658192560529 22.424346588085474 0.0 1.6431676725154984 0.6085806194501846 1 0 0 0.855076520102554 -0.5185018271610106 4.23178850546638
cell 47.14651044905188 43.78413318612186 0.0 1.0 1.0 1 0 0 0.0 1.0 0
cell 41.19084153612667 33.86725695250977 0.0 1.6431676725154984 0.6085806194501846 1 0 0 0.7138666491883953 -0.7002816627447362 4.693176612830512
cell 10.139150295647871 32.50619924385512 0.0 1.6431676725154984 0.6085806194501846 1 0 0 0.998609344532673 -0.05271979715462739 3.2470811518196308
cell 47.021194629731795 5.531049092159783 0.0 1.6431676725154984 0.6085806194501846 1 0 0 0.16288562414388788 0.9866449581522505 0.3272292695958479
cell 47.67098634050096 4.35656861929113 0.0 1.6431676725154984 0.6085806194501846 1 0 0 0.9445610855342862 -0.3283357362430885 3.810674834242572
cell 9.169539406200757 19.402400756623575 0.0 1.0 1.0 1 0 0 0.0 1.0 0
cell 26.300276625126546 56.28140654327623 0.0 1.6431676725154984 0.6085806194501846 1 0 0 0.9999520247076699 -0.009795319445099513 3.1611836057748803
cell 11.869642477546554 8.535910042218127 0.0 1.6431676725154984 0.6085806194501846 1 0 0 0.21763357487018473 -0.9760305461865544 5.844406762465902
cell 11.219634657283645 61.05521521223685 0.0 1.0 1.0 1 0 0 0.0 1.0 0
cell 12.074295946267755 5.823560499166348 0.0 1.0 1.0 1 0 0 0.0 1.0 0
cell 12.629234972298006 30.06292117708387 0.0 1.0 1.0 1 0 0 0.0 1.0 0
cell 33.41955972702983 10.62582900409064 0.0 1.6431676725154984 0.6085806194501846 1 0 0 0.9418202765601424 0.3361168943391226 2.456010916440207
cell 11.456973219122931 34.03276836085586 0.0 1.6431676725154984 0.6085806194501846 1 0 0 0.9395845438594437 -0.3423169363914693 3.840356071877455
cell 13.117405279592807 15.685533829498347 0.0 1.0 1.0 1 0 0 0.0 1.0 0
cell 15.942087890478303 52.86482012568249 0.0 1.6431676725154984 0.6085806194501846 1 0 0 -0.9942790153891892 -0.10681404194535753 2.927556247483942
cell 58.94069048713572 26.097792603669145 0.0 1.0 1.0 1 0 0 0.0 1.0 0
cell 26.008989145722055 24.465229940831843 0.0 1.6431676725154984 0.6085806194501846 1 0 0 0.31680280516263876 -0.9484914246534246 5.638471786853913
cell 13.076464965005787 10.558564491640702 0.0 1.0 1.0 1 0 0 0.0 1.0 0
cell 51.08666773598832 9.267891991600013 0.0 1.6431676725154984 0.6085806194501846 1 0 0 0.9988458908459177 0.048030056633582584 3.045495568635632
cell 47.995736757308464 59.80075299726697 0.0 1.0 1.0 1 0 0 0.0 1.0 0
cell 22.047793558524333 0.6040514476000528 0.0 1.0 1.0 1 0 0 0.0 1.0 0
cell 50.684103437980504 57.75974547515862 0.0 1.0 1.0 1 0 0 0.0 1.0 0
cell 16.95103885045066 24.37127909021594 0.0 1.0 1.0 1 0 0 0.0 1.0 0
cell 47.097324062513586 23.573109292338142 0.0 1.6431676725154984 0.6085806194501846 1 0 0 0.16198275069707935 -0.9867935896004837 5.957786088759826
cell 52.65433991638142 62.51936123905049 0.0 1.0 1.0 1 0 0 0.0 1.0 0
cell 17.17054191614549 26.05639512483399 0.0 1.0 1.0 1 0 0 0.0 1.0 0
cell 30.945060147782854 7.837149104294564 0.0 1.6431676725154984 0.6085806194501846 1 0 0 0.5206788476503994 -0.8537526208507076 5.187893523218456
cell 55.566854611209465 5.3155108398536965 0.0 1.0 1.0 1 0 0 0.0 1.0 0
cell 15.886784234692728 18.536323837662604 0.0 1.6431676725154984 0.6085806194501846 1 0 0 -0.013323306853904931 0.9999112408081413 6.2565379050664855
cell 43.61521141042928 18.5032491600706 0.0 1.0 1.0 1 0 0 0.0 1.0 0
cell 46.82099770390878 2.3009874780007578 0.0 1.6431676725154984 0.6085806194501846 1 0 0 0.9350711216764835 -0.3544601492504947 3.8662659885579047
cell 23.345714914332074 61.10950861807328 0.0 1.0 1.0 1 0 0 0.0 1.0 0
cell 45.10385224822933 48.264132154243384 0.0 1.6431676725154984 0.6085806194501846 1 0 0 0.9763993259155924 -0.21597304542830528 3.5769692240451834
cell 61.4241021817955 0.4891157422780615 0.0 1.0 1.0 1 0 0 0.0 1.0 0
cell 3.5084085133022977 53.586247282443104 0.0 1.0 1.0 1 0 0 0.0 1.0 0
cell 25.161864237628564 10.925236848381168 0.0 1.6431676725154984 0.6085806194501846 1 0 0 0.3552277562357083 -0.9347797821945788 5.556869901305171
cell 17.07955939572591 0.8484937112700328 0.0 1.0 1.0 1 0 0 0.0 1.0 0
cell 26.61777010503374 11.04806604536357 0.0 1.6431676725154984 0.6085806194501846 1 0 0 0.3867733893712251 -0.9221747910641966 5.488925107032567
cell 11.848045898345159 43.77630034524182 0.0 1.0 1.0 1 0 0 0.0 1.0 0
cell 54.59799201011611 6.747670501489694 0.0 1.0 1.0 1 0 0 0.0 1.0 0
cell 42.330581732288074 46.62992184999138 0.0 1.6431676725154984 0.6085806194501846 1 0 0 -0.9350685872566339 0.3544668350154678 3.8662802885910867
cell 1.0284624374187048 57.86723745889103 0.0 1.0 1.0 1 0 0 0.0 1.0 0
cell 45.42032570932814 61.965144208021016 0.0 1.6431676725154984 0.6085806194501846 1 0 0 0.7359274451358022 -0.6770604075678114 4.629114357838981
cell 21.307718162405113 61.05764816764159 0.0 1.0 1.0 1 0 0 0.0 1.0 0
cell 38.35657302347476 55.74623144721917 0.0 1.6431676725154984 0.6085806194501846 1 0 0 0.9934801206340252 0.11400548190768124 2.913084859162983
cell 6.212518702749413 43.51625512430944 0.0 1.0 1.0 1 0 0 0.0 1.0 0
cell 25.254353374253867 47.31252909664631 0.0 1.6431676725154984 0.6085806194501846 1 0 0 0.9981978623446196 -0.06000856281091759 3.261681927016209
cell 10.803376030865248 4.931146025213624 0.0 1.0 1.0 1 0 0 0.0 1.0 0
cell 20.596372118542593 4.63226918178021 0.0 1.0 1.0 1 0 0 0.0 1.0 0
cell 31.22659868599489 58.84578456440207 0.0 1.6431676725154984 0.6085806194501846 1 0 0 0.9495088622893808 -0.3137402116942069 3.779851821233838
cell 60.402345152986605 38.964671096254314 0.0 1.0 1.0 1 0 0 0.0 1.0 0
cell 19.53217615503898 60.44135048659234 0.0 1.0 1.0 1 0 0 0.0 1.0 0
cell 4.48958686606222 7.196528914910086 0.0 1.0 1.0 1 0 0 0.0 1.0 0
cell 55.58426846234532 41.28749007481699 0.0 1.0 1.0 1 0 0 0.0 1.0 0
cell 50.90756317727339 25.44207704723155 0.0 1.0 1.0 1 0 0 0.0 1.0 0
cell 22.9370411086501 38.261729653207475 0.0 1.0 1.0 1 0 0 0.0 1.0 0
cell 31.899799576030222 32.60456484600754 0.0 1.6431676725154984 0.6085806194501846 1 0 0 0.9286787229702863 0.3708851972002633 2.381668616308378
cell 20.40761580010967 58.94131017227957 0.0 1.0 1.0 1 0 0 0.0 1.0 0
cell 22.96501970948215 10.140646525557111 0.0 1.6431676725154984 0.6085806194501846 1 0 0 0.7624784281732452 0.6470136370822932 1.7342701655854715
cell 0.9144459516429377 55.117465254355004 0.0 1.0 1.0 1 0 0 0.0 1.0 0
cell 9.382107214659126 23.44309713281752 0.0 1.6431676725154984 0.6085806194501846 1 0 0 0.1571329284754609 -0.9875774616650208 5.967611622747853
cell 13.197055820942161 52.575201791717866 0.0 1.6431676725154984 0.6085806194501846 1 0 0 0.9999999905585821 -0.00013741483091036095 3.141867483252479
cell 58.84717182684061 46.31285772980512 0.0 1.0 1.0 1 0 0 0.0 1.0 0
cell 25.83559537344812 4.299217541715082 0.0 1.0 1.0 1 0 0 0.0 1.0 0
cell 3.0066227184386944 20.272032930048344 0.0 1.0 1.0 1 0 0 0.0 1.0 0
cell 60.78765410235519 26.718960076009463 0.0 1.0 1.0 1 0 0 0.0 1.0 0
cell 13.246525253662009 4.687178118620026 0.0 1.0 1.0 1 0 0 0.0 1.0 0
cell 53.97184242345185 24.15496532321154 0.0 1.0 1.0 1 0 0 0.0 1.0 0
cell 45.2648904861916 42.91189563199754 0.0 1.0 1.0 1 0 0 0.0 1.0 0
cell 15.274045802091036 25.486626537420342 0.0 1.0 1.0 1 0 0 0.0 1.0 0
cell 57.639921424230764 0.9993453100449559 0.0 1.0 1.0 1 0 0 0.0 1.0 0
cell 52.92252925324995 6.555877333754653 0.0 1.6431676725154984 0.6085806194501846 1 0 0 0.41597153455738145 -0.9093776346699852 5.425163520549528
cell 24.237525649233003 41.984290912749806 0.0 1.6431676725154984 0.6085806194501846 1 0 0 0.6316306287881334 -0.7752694684925412 4.915875867406531
cell 10.920929595520441 19.863466986733744 0.0 1.0 1.0 1 0 0 0.0 1.0 0
cell 34.335892283088306 30.68890388747693 0.0 1.6431676725154984 0.6085806194501846 1 0 0 0.9802774594905701 0.19762616834496818 2.743721182729098
cell 58.486234756822874 61.67648775166435 0.0 1.0 1.0 1 0 0 0.0 1.0 0
cell 5.119462670062275 56.56955521487267 0.0 1.6431676725154984 0.6085806194501846 1 0 0 0.9781269901395132 -0.20800863241850498 3.5606698908241343
cell 8.73280744644931 11.399785051017947 0.0 1.6431676725154984 0.6085806194501846 1 0 0 0.15160474398300894 -0.9884411978473208 5.978802144746792
cell 31.5386004981716 14.302025883181166 0.0 1.6431676725154984 0.6085806194501846 1 0 0 0.447517152979518 -0.8942753478594312 5.355211256403824
cell 15.073043824705533 19.440942676595373 0.0 1.6431676725154984 0.6085806194501846 1 0 0 -0.021095608478860516 0.9997774628900706 6.24099096023942
cell 9.809535865799946 8.012870290922672 0.0 1.6431676725154984 0.6085806194501846 1 0 0 -0.045672047371571996 0.9989564875853647 6.191809426269386
cell 33.16219969614394 3.368811732473242 0.0 1.6431676725154984 0.6085806194501846 1 0 0 0.7959154004820037 -0.6054078586172892 4.442149068140645
cell 23.684915139713624 40.16596263558344 0.0 1.6431676725154984 0.6085806194501846 1 0 0 0.5026744113835094 -0.8644758158214968 5.229805941780266
cell 40.284330707237075 44.08269813680428 0.0 1.6431676725154984 0.6085806194501846 1 0 0 0.8754023847153447 -0.48339493670774797 4.15065009889664
cell 34.80145240553541 59.4045463830457 0.0 1.6431676725154984 0.6085806194501846 1 0 0 0.9528441529977355 -0.3034600799084254 3.7582364183353514
cell 1.6483674953564074 19.000532986902357 0.0 1.0 1.0 1 0 0 0.0 1.0 0
cell 18.87117866154806 41.12208934143978 0.0 1.6431676725154984 0.6085806194501846 1 0 0 0.7103637247956065 0.70383476647187 1.5800297010041735
cell 36.940925130298695 16.81504846308274 0.0 1.0 1.0 1 0 0 0.0 1.0 0
cell 10.308777339841601 53.44203440072815 0.0 1.6431676725154984 0.6085806194501846 1 0 0 0.9596794701423621 0.281096628559069 2.571719411122328
cell 46.877988267013535 15.7298921237241 0.0 1.0 1.0 1 0 0 0.0 1.0 0
cell 60.259870125591995 30.86598249719479 0.0 1.6431676725154984 0.6085806194501846 1 0 0 0.7443952072744103 0.6677393019636388 1.6792573028804032
cell 6.50815484511952 8.658285230383903 0.0 1.6431676725154984 0.6085806194501846 1 0 0 0.012042384590256925 -0.9999274878576848 6.259099955836117
cell 61.959964796067936 9.602309334408895 0.0 1.6431676725154984 0.6085806194501846 1 0 0 0.644829852446137 0.7643261485742151 1.401601302254013
cell 14.185100490712157 28.8107655167637 0.0 1.0 1.0 1 0 0 0.0 1.0 0
cell 20.792899497587662 34.6182460919214 0.0 1.6431676725154984 0.6085806194501846 1 0 0 0.8945105425093234 -0.44704685362909774 4.06851504280647
cell 6.74706614387096 0.3919173023157678 0.0 1.0 1.0 1 0 0 0.0 1.0 0
cell 62.226519026582544 40.86269895155364 0.0 1.0 1.0 1 0 0 0.0 1.0 0
cell 15.729549341187585 32.06368694749073 0.0 1.0 1.0 1 0 0 0.0 1.0 0
cell 3.228074693439036 39.275804989022724 0.0 1.0 1.0 1 0 0 0.0 1.0 0
cell 2.0272521830996046 56.73035778375088 0.0 1.6431676725154984 0.6085806194501846 1 0 0 0.8576089525455791 -0.5143023279294725 4.221980538078473
cell 4.165646816359151 60.33370458663469 0.0 1.0 1.0 1 0 0 0.0 1.0 0
cell 46.09035827680836 36.01027744788983 0.0 1.6431676725154984 0.6085806194501846 1 0 0 0.18942860278050755 -0.9818944976160243 5.902024946355414
cell 8.439996411993423 40.70641337376127 0.0 1.0 1.0 1 0 0 0.0 1.0 0
cell 3.9464370850359547 28.476299636245326 0.0 1.6431676725154984 0.6085806194501846 1 0 0 0.3600921851983537 -0.9329167262725406 5.54645189614979
cell 7.406941388723275 18.543303633357866 0.0 1.0 1.0 1 0 0 0.0 1.0 0
cell 22.04498770463324 15.30248017076272 0.0 1.6431676725154984 0.6085806194501846 1 0 0 0.49569572182447263 -0.8684962586936774 5.245913880132124
cell 41.09175750849921 9.6055233157273 0.0 1.6431676725154984 0.6085806194501846 1 0 0 0.9497401921299787 0.3130392426724022 2.504809793622923
cell 26.59590153395663 44.41878747226123 0.0 1.6431676725154984 0.6085806194501846 1 0 0 0.49776376719705745 0.8673126495478972 1.0420370308746565
cell 16.762113640792748 54.30628845559258 0.0 1.6431676725154984 0.6085806194501846 1 0 0 0.9983877663147649 -0.05676150168040323 3.2551767048585005
cell 42.63940284380148 25.88464280696026 0.0 1.6431676725154984 0.6085806194501846 1 0 0 0.20659131945916148 -0.9784273231692391 5.867005638802484
cell 44.62195587733076 9.075411728063914 0.0 1.0 1.0 1 0 0 0.0 1.0 0
cell 2.9388478939608227 55.38344104070067 0.0 1.0 1.0 1 0 0 0.0 1.0 0
cell 28.99365745522568 3.5838122356879607 0.0 1.6431676725154984 0.6085806194501846 1 0 0 0.6847324794507589 -0.7287945057320452 4.774712181490044
cell 62.3854307861137 27.947234312580164 0.0 1.0 1.0 1 0 0 0.0 1.0 0
cell 11.614696521926703 35.9814154210707 0.0 1.6431676725154984 0.6085806194501846 1 0 0 0.8221487027280445 -0.5692727910260541 4.352834776843255
cell 4.135830075994548 58.75141902468131 0.0 1.6431676725154984 0.6085806194501846 1 0 0 0.9586240816531333 -0.2846750253792679 3.7189274735876148
cell 56.35148925739779 27.257801353424977 0.0 1.0 1.0 1 0 0 0.0 1.0 0
cell 34.16016487860494 40.96606450386675 0.0 1.6431676725154984 0.6085806194501846 1 0 0 0.6546254739666573 -0.7559533641924807 4.855811149650483
cell 37.32656590871811 11.115661859346503 0.0 1.6431676725154984 0.6085806194501846 1 0 0 0.5786479824416716 -0.8155774104376499 5.049045364971862
cell 4.33909779336889 12.454944016710366 0.0 1.6431676725154984 0.6085806194501846 1 0 0 0.19346181939161886 0.9811078046971621 0.38937881463043506
cell 9.110621705558026 52.27064768663604 0.0 1.0 1.0 1 0 0 0.0 1.0 0
cell 18.35175772163109 3.3949299751502884 0.0 1.6431676725154984 0.6085806194501846 1 0 0 0.9158868978575652 0.4014364088281555 2.3154233863898463
cell 41.9035066984715 15.827715026421764 0.0 1.0 1.0 1 0 0 0.0 1.0 0
cell 43.775384514831366 62.4396519893486 0.0 1.6431676725154984 0.6085806194501846 1 0 0 0.9389347382797443 -0.3440952735094571 3.844142749190076
cell 18.59048287160007 50.647629028407344 0.0 1.6431676725154984 0.6085806194501846 1 0 0 0.17384796315137085 -0.984772504545146 5.933713714525763
cell 62.42205687949484 23.909277072244787 0.0 1.0 1.0 1 0 0 0.0 1.0 0
cell 30.669881968485026 0.9191785776784119 0.0 1.6431676725154984 0.6085806194501846 1 0 0 0.7808386016240731 -0.6247328054566704 4.491171247323084
cell 57.99270781982423 27.68589041859423 0.0 1.6431676725154984 0.6085806194501846 1 0 0 0.7431584705090184 -0.6691154517052318 4.60762844044361
cell 51.62317655881986 40.89166635282581 0.0 1.0 1.0 1 0 0 0.0 1.0 0
cell 48.905854522916954 33.01053206071685 0.0 1.6431676725154984 0.6085806194501846 1 0 0 -0.20731107309287378 0.978275073265736 5.865534278410507
cell 13.679264579811631 26.85408734322626 0.0 1.0 1.0 1 0 0 0.0 1.0 0
cell 52.803616694128976 33.902327264883624 0.0 1.6431676725154984 0.6085806194501846 1 0 0 0.5506762307824625 0.8347189280537611 1.1663483030178867
cell 2.5788699468393665 52.288200105104764 0.0 1.6431676725154984 0.6085806194501846 1 0 0 0.5732741260553573 -0.8193636411236871 5.062192840910526
cell 12.591082062242462 18.805370525178223 0.0 1.0 1.0 1 0 0 0.0 1.0 0
cell 42.89621463045523 12.419703683107983 0.0 1.0 1.0 1 0 0 0.0 1.0 0
cell 6.630207261132761 53.84782827731334 0.0 1.0 1.0 1 0 0 0.0 1.0 0
cell 46.130988447821956 6.93766292397056 0.0 1.0 1.0 1 0 0 0.0 1.0 0
cell 46.371323267812755 56.84482775616312 0.0 1.6431676725154984 0.6085806194501846 1 0 0 0.9999959317581782 -0.002852449314710865 3.14729755995553
cell 52.985274278832144 57.190987314808574 0.0 1.0 1.0 1 0 0 0.0 1.0 0
cell 36.68626661549199 9.755239123526497 0.0 1.6431676725154984 0.6085806194501846 1 0 0 0.5444100188202647 -0.8388192483533738 5.131814093462197
cell 60.042863761344115 57.965304951497544 0.0 1.0 1.0 1 0 0 0.0 1.0 0
cell 13.211220285173255 41.43225592116313 0.0 1.6431676725154984 0.6085806194501846 1 0 0 0.37542257632172876 -0.9268537582531323 5.513479991211885
cell 15.64010612010726 11.372272791728383 0.0 1.0 1.0 1 0 0 0.0 1.0 0
cell 50.8451740208499 14.366024544934863 0.0 1.6431676725154984 0.6085806194501846 1 0 0 0.6872787476797841 -0.7263937795629224 4.767713044248271
cell 26.30034923927634 37.319180810540956 0.0 1.6431676725154984 0.6085806194501846 1 0 0 -0.9679440012146963 0.2511661014398321 3.649362227853309
cell 45.09913452946996 16.023686900036626 0.0 1.0 1.0 1 0 0 0.0 1.0 0
cell 12.823255847296991 13.927864609341253 0.0 1.0 1.0 1 0 0 0.0 1.0 0
cell 4.040312645231515 51.67067285860349 0.0 1.0 1.0 1 0 0 0.0 1.0 0
cell 33.18699226341 35.67764414635529 0.0 1.6431676725154984 0.6085806194501846 1 0 0 0.981128377177096 0.1933574604142234 2.75242657375298
cell 17.290174993436853 16.664698614878105 0.0 1.0 1.0 1 0 0 0.0 1.0 0
cell 18.700827431261473 10.067324318637295 0.0 1.6431676725154984 0.6085806194501846 1 0 0 0.05855842944751189 -0.998283982812827 6.166001410753026
cell 49.08578756931975 19.018624130434127 0.0 1.6431676725154984 0.6085806194501846 1 0 0 0.4228636803533275 -0.906193305999354 5.409979068022416
cell 28.269087941837146 13.904552668653485 0.0 1.6431676725154984 0.6085806194501846 1 0 0 0.5008619676112727 -0.8655271742704352 5.233996554442829
cell 1.0912991206221057 61.711276475807225 0.0 1.0 1.0 1 0 0 0.0 1.0 0
cell 2.5567586283035917 47.46068707527196 0.0 1.6431676725154984 0.6085806194501846 1 0 0 0.7501199701242054 0.6613017695582412 1.6964869508335139
cell 10.826910443056649 48.915679773752146 0.0 1.6431676725154984 0.6085806194501846 1 0 0 0.005067810333401464 0.9999871585667611 0.010135664052324491
cell 10.304440939936779 36.61167921074991 0.0 1.0 1.0 1 0 0 0.0 1.0 0
cell 6.451979589946908 7.349867296949198 0.0 1.0 1.0 1 0 0 0.0 1.0 0
cell 18.58816242119032 57.285130742424364 0.0 1.6431676725154984 0.6085806194501846 1 0 0 0.983083288435577 -0.1831590783955085 3.5099905228382395
cell 20.051819552569295 19.775805743891894 0.0 1.6431676725154984 0.6085806194501846 1 0 0 -0.16853709841673273 0.9856953111673346 5.944494609970995
cell 48.53563307132836 10.944196299882632 0.0 1.6431676725154984 0.6085806194501846 1 0 0 -0.01162179847632977 0.999932464619574 6.259941186957737
cell 25.31109080989069 39.25301256707746 0.0 1.6431676725154984 0.6085806194501846 1 0 0 0.6535186201607478 -0.7569104392880258 4.858737661887397
cell 0.8337687263253998 6.667445705383388 0.0 1.0 1.0 1 0 0 0.0 1.0 0
cell 19.05798944423695 34.01855912001675 0.0 1.6431676725154984 0.6085806194501846 1 0 0 -0.8637116108725226 0.5039863621607157 4.198008612138475
cell 52.04145682545272 17.391902618536292 0.0 1.6431676725154984 0.6085806194501846 1 0 0 0.4919447184412548 -0.8706264376859656 5.254541212923668
cell 18.207090183771765 14.983671218930274 0.0 1.0 1.0 1 0 0 0.0 1.0 0
cell 7.153894712270992 25.031221528355857 0.0 1.6431676725154984 0.6085806194501846 1 0 0 0.23286777629065786 -0.9725084054986076 5.8131343241702
