1000
 Lattice="59.08179503018386 0.0 0.0 0.0 59.08179503018386 0.0 0.0 0.0 1.0"Properties=species:S:1:pos:R:3:aspherical_shape:R:3:orientation:R:4:Color:R:1
cell 4.619910022902412 19.16919227948156 0.0 1.6431676725154984 0.6085806194501846 1 0 0 0.14966322259598708 -0.9887370326847195 5.982730006652207
cell 52.018078500207636 21.308589074430962 0.0 1.6431676725154984 0.6085806194501846 1 0 0 -0.08882916318387364 -0.996046876290495 0.17789279895003585
cell 47.39477712116277 53.74546931066001 0.0 1.0 1.0 1 0 0 0.0 1.0 0
cell 47.92119870102605 41.78853033034733 0.0 1.0 1.0 1 0 0 0.0 1.0 0
cell 50.88112877973675 43.198924007392876 0.0 1.0 1.0 1 0 0 0.0 1.0 0
cell 58.734399894720646 19.737419307536225 0.0 1.6431676725154984 0.6085806194501846 1 0 0 0.044942868467619614 -0.998989558791233 6.19326928325181
cell 2.6250848101635214 28.0703580210816 0.0 1.0 1.0 1 0 0 0.0 1.0 0
cell 20.273067663575972 55.21501822246611 0.0 1.6431676725154984 0.6085806194501846 1 0 0 0.8938867329294925 -0.44829288271468043 4.071301960234884
cell 51.97268796603035 25.633767762329796 0.0 1.6431676725154984 0.6085806194501846 1 0 0 0.03120333929054832 -0.9995130572519395 6.220768497131896
cell 23.28360641942665 47.158573210752145 0.0 1.6431676725154984 0.6085806194501846 1 0 0 0.6459510171424914 -0.7633788597102888 4.878648452606268
cell 44.70884484447324 9.04449603100718 0.0 1.0 1.0 1 0 0 0.0 1.0 0
cell 9.991114752031349 25.987375995022493 0.0 1.0 1.0 1 0 0 0.0 1.0 0
cell 36.245482060533256 11.374479248446553 0.0 1.0 1.0 1 0 0 0.0 1.0 0
cell 1.6735721891647202 12.09165182462231 0.0 1.0 1.0 1 0 0 0.0 1.0 0
cell 33.12278856297342 6.891467480487214 0.0 1.0 1.0 1 0 0 0.0 1.0 0
cell 43.87334716346186 17.776512293301483 0.0 1.6431676725154984 0.6085806194501846 1 0 0 -0.19849383361425108 -0.9801021365230861 0.3996418733161997
cell 57.326587260585754 51.50474258995781 0.0 1.6431676725154984 0.6085806194501846 1 0 0 0.8074709513701196 0.589907333988512 1.8797045032544384
cell 2.495616556612427 24.73957876944099 0.0 1.6431676725154984 0.6085806194501846 1 0 0 0.4030565622719312 -0.9151750693771836 5.453476775771303
cell 39.33770203694191 23.627196243513353 0.0 1.0 1.0 1 0 0 0.0 1.0 0
cell 22.108116147332396 42.579347873177255 0.0 1.6431676725154984 0.6085806194501846 1 0 0 0.040131058447526034 -0.9991944245980765 6.202901630941612
cell 31.86033304662828 30.896872585209113 0.0 1.6431676725154984 0.6085806194501846 1 0 0 0.8036064611571645 -0.5951610333233003 4.4165246978346575
cell 1.7011132173637546 15.749773730818807 0.0 1.0 1.0 1 0 0 0.0 1.0 0
cell 28.45708123296635 14.755942032992941 0.0 1.6431676725154984 0.6085806194501846 1 0 0 0.34855312590196347 -0.937289026087455 5.571131347299032
cell 21.51461148158476 4.5158408358349424 0.0 1.6431676725154984 0.6085806194501846 1 0 0 0.7762065269284381 0.6304787288669556 1.7772530302055716
cell 13.401688891030739 52.272771035313255 0.0 1.6431676725154984 0.6085806194501846 1 0 0 0.26290297123052503 -0.9648222777891075 5.751125728167772
cell 18.212017484413057 52.428485857256256 0.0 1.0 1.0 1 0 0 0.0 1.0 0
cell 33.366716315188256 43.39514860122645 0.0 1.6431676725154984 0.6085806194501846 1 0 0 0.917888222205888 -0.39683902471369237 3.9577337021011036
cell 26.72112354971027 42.04310694647435 0.0 1.6431676725154984 0.6085806194501846 1 0 0 -0.19652746776684424 -0.9804983194341294 0.39563011215983224
cell 46.09608977528595 27.302146776463633 0.0 1.0 1.0 1 0 0 0.0 1.0 0
cell 3.7561184232691307 20.402035062614395 0.0 1.6431676725154984 0.6085806194501846 1 0 0 0.15797467561599784 -0.9874431638651514 5.965906836319418
cell 28.405934902042866 45.34504073485408 0.0 1.6431676725154984 0.6085806194501846 1 0 0 0.02709165295016483 -0.9996329538087607 6.2289953710471195
cell 38.04430128823208 13.398493112201018 0.0 1.6431676725154984 0.6085806194501846 1 0 0 0.32558384076481695 0.9455131742248917 0.6632582961794037
cell 33.181192708152224 47.262386348431406 0.0 1.6431676725154984 0.6085806194501846 1 0 0 -0.4020340165990489 -0.915624731807325 0.8274744355428734
cell 48.420904762257464 21.854823808313906 0.0 1.6431676725154984 0.6085806194501846 1 0 0 -0.16473461495037592 -0.9863379272020069 0.3309778885603931
cell 47.99172182837935 15.191181147986933 0.0 1.0 1.0 1 0 0 0.0 1.0 0
cell 4.384240126587305 41.168261020723165 0.0 1.6431676725154984 0.6085806194501846 1 0 0 0.7615206673066037 0.6481406276919424 1.731312183766299
cell 6.430658335863578 24.67657954522184 0.0 1.0 1.0 1 0 0 0.0 1.0 0
cell 26.249182303639053 13.67263608806733 0.0 1.0 1.0 1 0 0 0.0 1.0 0
cell 15.00432997205616 36.89824335282672 0.0 1.6431676725154984 0.6085806194501846 1 0 0 0.2694001787937297 0.9630283192439911 0.5455402563519931
cell 22.781360494016134 11.883514453977584 0.0 1.6431676725154984 0.6085806194501846 1 0 0 0.30854855355364086 -0.9512085944207801 5.655851793343237
cell 32.98775685150494 23.799035910064045 0.0 1.6431676725154984 0.6085806194501846 1 0 0 0.9082873272298999 -0.41834690293291854 4.004841733638868
cell 36.34387146152417 13.210584553396892 0.0 1.6431676725154984 0.6085806194501846 1 0 0 0.2620639141117277 0.9650505193617799 0.530320486016322
cell 32.433018515728115 17.50757501542431 0.0 1.6431676725154984 0.6085806194501846 1 0 0 0.20582659845154655 -0.9785884790706796 5.868568673639131
cell 36.761959500746826 34.651641383142525 0.0 1.0 1.0 1 0 0 0.0 1.0 0
cell 57.7748368087902 16.26709381226992 0.0 1.0 1.0 1 0 0 0.0 1.0 0
cell 42.612741918612016 52.010916755830515 0.0 1.0 1.0 1 0 0 0.0 1.0 0
cell 7.101638038337708 5.415970641365239 0.0 1.0 1.0 1 0 0 0.0 1.0 0
cell 33.44410792660701 32.54408684734117 0.0 1.6431676725154984 0.6085806194501846 1 0 0 0.8576086286467861 -0.5143028680365092 4.221981797643539
cell 53.574909400310034 52.53431460980732 0.0 1.6431676725154984 0.6085806194501846 1 0 0 0.800255220089466 0.5996595556810216 1.855441411046626
cell 27.251146153301107 32.85255194606392 0.0 1.0 1.0 1 0 0 0.0 1.0 0
cell 58.70822899588966 22.60027904491718 0.0 1.6431676725154984 0.6085806194501846 1 0 0 0.12394203738184997 -0.9922894594671638 6.034662154190037
cell 12.244332373753915 6.622313827802251 0.0 1.6431676725154984 0.6085806194501846 1 0 0 0.9579225580331577 -0.2870267806515824 3.7238357894996876
cell 29.58385468288912 48.496229760364955 0.0 1.0 1.0 1 0 0 0.0 1.0 0
cell 19.990027769731974 34.77004838557737 0.0 1.6431676725154984 0.6085806194501846 1 0 0 0.5398367350579675 0.8417697425555006 1.1404862858772464
cell 22.297324713037888 53.65537563588333 0.0 1.6431676725154984 0.6085806194501846 1 0 0 0.20903013787366895 -0.977909198985527 5.862019140572713
cell 19.17580429264195 43.408492674209214 0.0 1.6431676725154984 0.6085806194501846 1 0 0 0.7969049820205734 0.604104667777687 1.8443089006978077
cell 31.174406260022646 39.72566054406375 0.0 1.6431676725154984 0.6085806194501846 1 0 0 0.7919470561708809 -0.6105897642626148 4.455202811499367
cell 35.073131408875845 34.964692477137866 0.0 1.6431676725154984 0.6085806194501846 1 0 0 0.8065535931263181 -0.5911609775814246 4.40658767945584
cell 33.74297305966093 45.99519315624537 0.0 1.0 1.0 1 0 0 0.0 1.0 0
cell 21.03980702459245 16.008739040502128 0.0 1.0 1.0 1 0 0 0.0 1.0 0
cell 4.6071900759466855 2.15386458169017 0.0 1.6431676725154984 0.6085806194501846 1 0 0 0.07146984277330602 -0.9974427610514595 6.140123653219177
cell 34.68791863841062 32.315193795623166 0.0 1.6431676725154984 0.6085806194501846 1 0 0 0.8834539158360369 -0.4685180664541898 4.116817851226763
cell 0.06375855437349486 42.78991186038403 0.0 1.6431676725154984 0.6085806194501846 1 0 0 0.9670092384818775 0.25474130542709283 2.6264323065771147
cell 55.442136412907615 4.6671649595497025 0.0 1.0 1.0 1 0 0 0.0 1.0 0
cell 51.24813321765879 51.81247918997814 0.0 1.6431676725154984 0.6085806194501846 1 0 0 0.9398745463882398 -0.34151989261461857 3.838659746092648
cell 22.13689476347323 55.881207067866605 0.0 1.0 1.0 1 0 0 0.0 1.0 0
cell 27.646983322673567 21.72781574610696 0.0 1.0 1.0 1 0 0 0.0 1.0 0
cell 11.031375648489949 48.26873054586085 0.0 1.6431676725154984 0.6085806194501846 1 0 0 0.0072403123432979305 -0.9999737885950669 6.268704555972492
cell 37.02524926596054 48.12004518117055 0.0 1.6431676725154984 0.6085806194501846 1 0 0 0.9776784161294284 -0.2101069123914113 3.564961277198547
cell 30.063787743260505 18.575235136222375 0.0 1.0 1.0 1 0 0 0.0 1.0 0
cell 55.162784392234855 21.28765560482315 0.0 1.6431676725154984 0.6085806194501846 1 0 0 -0.03307282987054996 -0.9994529443272223 0.06615772416723686
cell 23.49540894979998 6.497472790860863 0.0 1.0 1.0 1 0 0 0.0 1.0 0
cell 20.75395359234144 11.159981241551199 0.0 1.6431676725154984 0.6085806194501846 1 0 0 -0.011271348875952217 -0.9999364763296299 0.0225431750956675
cell 12.462236671095955 18.41290373569594 0.0 1.6431676725154984 0.6085806194501846 1 0 0 0.2345220008651035 -0.97211081215581 5.809731654567001
cell 7.957832800018225 13.241246748850864 0.0 1.0 1.0 1 0 0 0.0 1.0 0
cell 33.2314458435699 48.93215305873467 0.0 1.6431676725154984 0.6085806194501846 1 0 0 -0.3792193120151513 -0.9253068212191864 0.7779048866042082
cell 43.62753262936024 40.297818299720724 0.0 1.0 1.0 1 0 0 0.0 1.0 0
cell 26.53670705785842 23.19056728715665 0.0 1.0 1.0 1 0 0 0.0 1.0 0
cell 28.420874657881946 46.32353098015291 0.0 1.6431676725154984 0.6085806194501846 1 0 0 0.08259831104355338 -0.996582921292931 6.117800264241157
cell 2.7374988690766218 35.28999982322381 0.0 1.0 1.0 1 0 0 0.0 1.0 0
cell 14.521477144961594 46.902578388410745 0.0 1.6431676725154984 0.6085806194501846 1 0 0 0.06958575772275323 0.9975759732081313 0.13928407642076637
cell 38.151998995906084 49.7766895709087 0.0 1.6431676725154984 0.6085806194501846 1 0 0 0.9723657649282761 -0.23346267195303103 3.612867151524445
cell 34.81005261844169 55.2176931218116 0.0 1.6431676725154984 0.6085806194501846 1 0 0 -0.0010726468772199371 0.9999994247141729 6.281040013013761
cell 26.364539966628346 48.73621947809545 0.0 1.6431676725154984 0.6085806194501846 1 0 0 0.3629960658476805 -0.931790671867403 5.540222761638303
cell 23.578834032381312 14.366227026917791 0.0 1.0 1.0 1 0 0 0.0 1.0 0
cell 29.044615955820312 17.775599490153198 0.0 1.6431676725154984 0.6085806194501846 1 0 0 0.44476659425545434 -0.8956465132151211 5.361358019832566
cell 9.282419560153379 9.513347595043728 0.0 1.0 1.0 1 0 0 0.0 1.0 0
cell 31.584128069811726 24.04916479100259 0.0 1.6431676725154984 0.6085806194501846 1 0 0 0.7318243397271488 -0.68149331308746 4.64119512541023
cell 8.98493117510987 39.59029030680417 0.0 1.6431676725154984 0.6085806194501846 1 0 0 0.6548382166559762 -0.7557690851092156 4.855248234975206
cell 6.665417390237601 7.132694382151876 0.0 1.0 1.0 1 0 0 0.0 1.0 0
cell 23.203512193827944 23.645334545726488 0.0 1.6431676725154984 0.6085806194501846 1 0 0 0.698631503965592 -0.715481671090724 4.736219279125003
cell 30.355753376824882 49.793440725807315 0.0 1.0 1.0 1 0 0 0.0 1.0 0
cell 56.97237076968273 43.661449597023505 0.0 1.0 1.0 1 0 0 0.0 1.0 0
cell 35.38281504793976 43.89783190463695 0.0 1.6431676725154984 0.6085806194501846 1 0 0 0.9630177413984776 -0.26943798869456914 3.687211433299264
cell 21.965405415396507 17.37750557524293 0.0 1.0 1.0 1 0 0 0.0 1.0 0
cell 10.403603025776503 10.860705562997337 0.0 1.0 1.0 1 0 0 0.0 1.0 0
cell 6.408952011850948 13.860269865815479 0.0 1.0 1.0 1 0 0 0.0 1.0 0
cell 1.9072408003455528 55.696507212463416 0.0 1.6431676725154984 0.6085806194501846 1 0 0 0.19996948447934515 0.979802125572845 0.40265355223295024
cell 19.85919959991937 5.181974831160318 0.0 1.0 1.0 1 0 0 0.0 1.0 0
cell 36.062328620896 14.139363595563688 0.0 1.6431676725154984 0.6085806194501846 1 0 0 -0.22524302823188985 -0.974302611221446 0.4543849342604638
cell 56.77145543212543 49.27624963723275 0.0 1.0 1.0 1 0 0 0.0 1.0 0
cell 54.7075009097866 16.86408550438427 0.0 1.0 1.0 1 0 0 0.0 1.0 0
cell 51.268046642298984 16.097380810302184 0.0 1.0 1.0 1 0 0 0.0 1.0 0
cell 50.69945150272363 3.0850316696360434 0.0 1.6431676725154984 0.6085806194501846 1 0 0 0.1136373698555288 0.9935222937470088 0.22776675446575764
cell 32.97261152718684 13.389147040194576 0.0 1.6431676725154984 0.6085806194501846 1 0 0 0.10164258599381351 0.9948209812385795 0.20363683985324674
cell 38.82534376495955 18.386181287657912 0.0 1.6431676725154984 0.6085806194501846 1 0 0 -0.05161430014225194 -0.9986670936907982 0.10327448943601514
cell 14.727290413897439 53.932067927704345 0.0 1.6431676725154984 0.6085806194501846 1 0 0 0.9314193658523294 0.36394775025440756 2.3965870011422603
cell 55.99020518085423 22.757949673973748 0.0 1.6431676725154984 0.6085806194501846 1 0 0 0.022337975839467946 -0.9997504762866559 6.2385056392266085
cell 30.812971941026927 15.845003922027788 0.0 1.6431676725154984 0.6085806194501846 1 0 0 0.18468417233410234 -0.9827979225096416 5.91168431323744
cell 8.076664217363895 8.3158438888696 0.0 1.0 1.0 1 0 0 0.0 1.0 0
cell 50.1451356347632 20.070847351851857 0.0 1.6431676725154984 0.6085806194501846 1 0 0 0.2152389686258494 0.9765614094284499 0.43387305478382654
cell 20.148402723344187 20.422432020425784 0.0 1.0 1.0 1 0 0 0.0 1.0 0
cell 15.923493921615028 51.772647286100515 0.0 1.6431676725154984 0.6085806194501846 1 0 0 0.2822629655790086 -0.9593370722861404 5.710880950960802
cell 45.35329492043002 46.36610059104651 0.0 1.6431676725154984 0.6085806194501846 1 0 0 0.9664916519789869 -0.2566980456780473 3.6608010764892502
cell 29.70560276481528 29.627222904848445 0.0 1.6431676725154984 0.6085806194501846 1 0 0 0.8339776938083364 -0.5517981571463687 4.310630303922601
cell 33.32551332735008 21.0232036218107 0.0 1.6431676725154984 0.6085806194501846 1 0 0 0.5278874808535011 -0.8493143161151497 5.170962679228697
cell 52.503255644969016 18.125993325255976 0.0 1.6431676725154984 0.6085806194501846 1 0 0 -0.2989656225962732 -0.9542638820083378 0.6072170329422617
cell 48.343361301989276 29.531981467096315 0.0 1.0 1.0 1 0 0 0.0 1.0 0
cell 53.17256089013089 40.74110163178028 0.0 1.0 1.0 1 0 0 0.0 1.0 0
cell 45.073903959529645 30.38555055740837 0.0 1.0 1.0 1 0 0 0.0 1.0 0
cell 33.30191197204484 40.82388305524807 0.0 1.6431676725154984 0.6085806194501846 1 0 0 0.9449442640940435 -0.3272313214772793 3.808336836860864
cell 28.929179299677237 38.53042393145174 0.0 1.0 1.0 1 0 0 0.0 1.0 0
cell 46.155037364955 20.45683581412168 0.0 1.6431676725154984 0.6085806194501846 1 0 0 -0.19825110911210192 -0.9801512626813381 0.399146581225887
cell 10.875126585980443 24.311736498418338 0.0 1.0 1.0 1 0 0 0.0 1.0 0
cell 18.35097361364539 17.669925114979712 0.0 1.0 1.0 1 0 0 0.0 1.0 0
cell 2.152276656855018 0.20914598853704702 0.0 1.6431676725154984 0.6085806194501846 1 0 0 0.03120152589988511 0.9995131138617036 0.0624131814995714
cell 1.456325019388852 13.911621758126147 0.0 1.0 1.0 1 0 0 0.0 1.0 0
cell 43.60479648443774 1.8748517195047003 0.0 1.0 1.0 1 0 0 0.0 1.0 0
cell 14.988387443887698 11.9298751067186 0.0 1.0 1.0 1 0 0 0.0 1.0 0
cell 49.25701380913931 26.35455211597252 0.0 1.0 1.0 1 0 0 0.0 1.0 0
cell 32.23437290489468 38.448056097825486 0.0 1.6431676725154984 0.6085806194501846 1 0 0 0.7147855089791938 -0.6993437467750425 4.690550596890704
cell 19.414549485721285 10.083178375999484 0.0 1.0 1.0 1 0 0 0.0 1.0 0
cell 40.08240117507818 6.85029338853434 0.0 1.0 1.0 1 0 0 0.0 1.0 0
cell 13.617289381095956 45.48157325104685 0.0 1.6431676725154984 0.6085806194501846 1 0 0 0.9613835533459437 0.2752120334504415 2.583972162086521
cell 0.5552154112066447 53.906443361964776 0.0 1.6431676725154984 0.6085806194501846 1 0 0 0.9607296410367432 -0.2774861380923569 3.7039456521846823
cell 28.017931037715073 26.15508047369368 0.0 1.0 1.0 1 0 0 0.0 1.0 0
cell 7.932705174194469 23.51062320532717 0.0 1.0 1.0 1 0 0 0.0 1.0 0
cell 58.92360960791212 31.901284881867298 0.0 1.0 1.0 1 0 0 0.0 1.0 0
cell 16.360211094498 23.906075724732794 0.0 1.0 1.0 1 0 0 0.0 1.0 0
cell 44.97375367334311 48.60499723210729 0.0 1.6431676725154984 0.6085806194501846 1 0 0 0.9860055449645103 -0.16671252292266156 3.476581825858465
cell 29.12596781807461 11.689653435398597 0.0 1.0 1.0 1 0 0 0.0 1.0 0
cell 33.037247565146835 33.84915106554623 0.0 1.6431676725154984 0.6085806194501846 1 0 0 0.9002352761614876 -0.43540377531028623 4.042566153848656
cell 48.916537425442364 20.844979979229027 0.0 1.6431676725154984 0.6085806194501846 1 0 0 -0.14677870354388908 -0.9891693546536786 0.29462182524140434
cell 43.00262371533425 13.892196809592608 0.0 1.0 1.0 1 0 0 0.0 1.0 0
cell 15.194541962079702 27.484634534152473 0.0 1.0 1.0 1 0 0 0.0 1.0 0
cell 12.13403608426059 16.82896613961292 0.0 1.6431676725154984 0.6085806194501846 1 0 0 0.19296574914028863 -0.9812054930842607 5.894817687328953
cell 14.961438276143047 18.027207050486787 0.0 1.6431676725154984 0.6085806194501846 1 0 0 0.37138835894701444 -0.9284776178447403 5.522177544800005
cell 38.57571679967478 33.74598191531112 0.0 1.0 1.0 1 0 0 0.0 1.0 0
cell 23.28485638111279 54.81711702468161 0.0 1.0 1.0 1 0 0 0.0 1.0 0
cell 5.548466136561817 56.75044136204999 0.0 1.6431676725154984 0.6085806194501846 1 0 0 0.8967149193150534 -0.4426085781791821 4.058603914449456
cell 28.346697468483658 41.34759754229842 0.0 1.0 1.0 1 0 0 0.0 1.0 0
cell 58.057629944143564 11.292496111861913 0.0 1.0 1.0 1 0 0 0.0 1.0 0
cell 54.10569632138957 18.096134285307233 0.0 1.6431676725154984 0.6085806194501846 1 0 0 -0.23462041636104428 -0.9720870641185234 0.47365613302274934
cell 32.73234219525728 26.474218485269947 0.0 1.6431676725154984 0.6085806194501846 1 0 0 0.8520273217442162 -0.5234973190011366 4.2434936576864
cell 39.51935863003623 12.917682946330148 0.0 1.0 1.0 1 0 0 0.0 1.0 0
cell 57.99596140573458 55.62995115244615 0.0 1.6431676725154984 0.6085806194501846 1 0 0 0.022696828865853353 0.9997423937992398 0.045397556029302205
cell 26.44237112036157 25.2096011864719 0.0 1.0 1.0 1 0 0 0.0 1.0 0
cell 18.86245679070454 6.871473245678403 0.0 1.0 1.0 1 0 0 0.0 1.0 0
cell 10.030459385947545 16.98638975637007 0.0 1.6431676725154984 0.6085806194501846 1 0 0 0.17935469067894186 -0.9837844758540669 5.922524374884877
cell 57.35575171105725 45.71762607814968 0.0 1.6431676725154984 0.6085806194501846 1 0 0 0.9997248952021708 -0.023454933660292675 3.188506823093658
cell 6.454325907641359 39.374251278078965 0.0 1.6431676725154984 0.6085806194501846 1 0 0 0.7867182751480979 0.6173122026559995 1.8109493788379287
cell 44.63122660572912 28.671199906024125 0.0 1.0 1.0 1 0 0 0.0 1.0 0
cell 33.65634865664396 29.39175834325659 0.0 1.6431676725154984 0.6085806194501846 1 0 0 0.8282396960648601 -0.5603739874961972 4.331267205720352
cell 35.3146544416676 44.965161430577425 0.0 1.6431676725154984 0.6085806194501846 1 0 0 0.9728776861513644 -0.23132014133829168 3.608461472128041
cell 5.0014163812831045 12.562295211901398 0.0 1.0 1.0 1 0 0 0.0 1.0 0
cell 46.534422103951044 9.381878252000405 0.0 1.0 1.0 1 0 0 0.0 1.0 0
cell 15.671394596017064 25.65184043458294 0.0 1.0 1.0 1 0 0 0.0 1.0 0
cell 23.320236789413524 36.90798588592034 0.0 1.0 1.0 1 0 0 0.0 1.0 0
cell 42.17119190979657 47.5384288712316 0.0 1.6431676725154984 0.6085806194501846 1 0 0 0.9977031303317482 -0.06773819990397421 3.2771728726655636
cell 37.84207970976067 45.749527882367616 0.0 1.6431676725154984 0.6085806194501846 1 0 0 0.9994795723242075 -0.032258092110652885 3.2061200321440717
cell 15.817103390249965 5.3570044673466395 0.0 1.0 1.0 1 0 0 0.0 1.0 0
cell 29.6603542107443 8.279372195788001 0.0 1.0 1.0 1 0 0 0.0 1.0 0
cell 48.09944499298712 57.396671948505194 0.0 1.6431676725154984 0.6085806194501846 1 0 0 -0.059690506056428526 -0.9982169320777561 0.11945201757620527
cell 27.500105955280695 10.38356533067454 0.0 1.0 1.0 1 0 0 0.0 1.0 0
cell 6.9394691941594 26.610899992481276 0.0 1.0 1.0 1 0 0 0.0 1.0 0
cell 6.946874114227663 56.13382199337782 0.0 1.6431676725154984 0.6085806194501846 1 0 0 0.9764086295105382 -0.21593098021671783 3.576883060505212
cell 30.231241641892368 0.7375311433584546 0.0 1.6431676725154984 0.6085806194501846 1 0 0 0.988798993019678 0.14925331287201213 2.8419664853012727
cell 31.705899016637485 50.720893188623215 0.0 1.0 1.0 1 0 0 0.0 1.0 0
cell 3.3994299913483763 6.432127975495467 0.0 1.0 1.0 1 0 0 0.0 1.0 0
cell 21.270461849037655 28.21924753897479 0.0 1.6431676725154984 0.6085806194501846 1 0 0 0.8012315889232361 -0.5983543606522364 4.424483938617316
cell 0.3096125824030464 24.28246166149853 0.0 1.6431676725154984 0.6085806194501846 1 0 0 0.2418792371285438 -0.9703063612313967 5.794581044942785
cell 52.50555124617129 14.545614735895077 0.0 1.0 1.0 1 0 0 0.0 1.0 0
cell 50.893598849907505 22.035356416706108 0.0 1.6431676725154984 0.6085806194501846 1 0 0 -0.07931434326372558 -0.9968496551399534 0.15879547507871994
cell 49.622882637023125 15.645019592830966 0.0 1.0 1.0 1 0 0 0.0 1.0 0
cell 53.44263917421705 11.134384822435447 0.0 1.0 1.0 1 0 0 0.0 1.0 0
cell 51.72044497977639 10.634768380498643 0.0 1.0 1.0 1 0 0 0.0 1.0 0
cell 28.104043016209104 35.18800074584917 0.0 1.0 1.0 1 0 0 0.0 1.0 0
cell 29.316237797895557 54.651678225843234 0.0 1.6431676725154984 0.6085806194501846 1 0 0 0.9993715605862479 0.03544691652890907 3.0706839659715364
cell 44.39924828002187 24.790987085144177 0.0 1.0 1.0 1 0 0 0.0 1.0 0
cell 22.437274414020678 2.3073208822937867 0.0 1.6431676725154984 0.6085806194501846 1 0 0 0.8492364741450015 -0.5280126996406113 4.254110165361882
cell 2.14982534778468 21.74609645725235 0.0 1.6431676725154984 0.6085806194501846 1 0 0 0.15813569323642943 -0.9874173902279795 5.965580701656915
cell 7.740103133012628 34.45750401333104 0.0 1.6431676725154984 0.6085806194501846 1 0 0 -0.9024700700719348 -0.43075256542980345 2.2509396409671742
cell 27.824161274698493 8.538531974501069 0.0 1.0 1.0 1 0 0 0.0 1.0 0
cell 8.056129220860225 30.21493797023973 0.0 1.0 1.0 1 0 0 0.0 1.0 0
cell 18.26724977066904 15.392052941197152 0.0 1.6431676725154984 0.6085806194501846 1 0 0 0.3249249549269938 -0.9457398023059467 5.621320554474996
cell 39.61014395625221 0.03767315777357492 0.0 1.6431676725154984 0.6085806194501846 1 0 0 0.9872511613011363 -0.15917017468595568 3.461292762895292
cell 9.891901088969078 15.488925891653015 0.0 1.6431676725154984 0.6085806194501846 1 0 0 0.08468935278359002 -0.9964074033873377 6.113603473224446
cell 21.620937815095342 46.430310031789816 0.0 1.6431676725154984 0.6085806194501846 1 0 0 0.2614140067029513 -0.9652267697797805 5.7542115859786085
cell 12.778283145008213 24.3559227768715 0.0 1.0 1.0 1 0 0 0.0 1.0 0
cell 5.894602137993658 36.13180047899359 0.0 1.6431676725154984 0.6085806194501846 1 0 0 0.9817568873823241 0.19014051140504093 2.758982119687484
cell 2.6982305294937774 26.156296112030578 0.0 1.0 1.0 1 0 0 0.0 1.0 0
cell 34.78503431096804 26.023512263052424 0.0 1.6431676725154984 0.6085806194501846 1 0 0 0.7919669655874862 -0.6105639404830172 4.455137596394909
cell 40.46881732993781 3.3817328621907246 0.0 1.0 1.0 1 0 0 0.0 1.0 0
cell 25.64586597690279 10.73639296229956 0.0 1.6431676725154984 0.6085806194501846 1 0 0 -0.01925751951938398 -0.9998145567763856 0.0385174199997147
cell 43.780349264767445 20.017315316879312 0.0 1.6431676725154984 0.6085806194501846 1 0 0 -0.22062253088298764 -0.9753592665611913 0.44490536500513667
cell 10.363760919857691 13.854111929253815 0.0 1.6431676725154984 0.6085806194501846 1 0 0 0.031281626988119766 -0.999510610155278 6.2206118452646715
cell 1.1168796351934915 45.182435845580876 0.0 1.6431676725154984 0.6085806194501846 1 0 0 0.9998335223637822 0.018246302574284185 3.1050980232388157
cell 24.812110710296274 12.792382874931358 0.0 1.0 1.0 1 0 0 0.0 1.0 0
cell 10.033295154388385 7.659195978030274 0.0 1.0 1.0 1 0 0 0.0 1.0 0
cell 10.845958136754142 21.666930656790537 0.0 1.0 1.0 1 0 0 0.0 1.0 0
cell 3.5427876160842535 33.63342430144404 0.0 1.0 1.0 1 0 0 0.0 1.0 0
cell 17.18703952515575 47.68233401557674 0.0 1.6431676725154984 0.6085806194501846 1 0 0 0.28328793190934315 -0.9590349042837426 5.708743792484089
cell 8.289623248200682 19.276158368436313 0.0 1.6431676725154984 0.6085806194501846 1 0 0 0.24359069599995262 -0.9698781226640071 5.791052600216609
cell 51.60525758987814 28.67610239427513 0.0 1.0 1.0 1 0 0 0.0 1.0 0
cell 28.190891564841518 17.096706539796013 0.0 1.6431676725154984 0.6085806194501846 1 0 0 0.35483713208471296 -0.9349281307640155 5.557705591505987
cell 59.06746880212016 14.798263667990945 0.0 1.0 1.0 1 0 0 0.0 1.0 0
cell 19.122809313810865 21.84451390256075 0.0 1.0 1.0 1 0 0 0.0 1.0 0
cell 3.510137559928873 37.13766767450525 0.0 1.0 1.0 1 0 0 0.0 1.0 0
cell 21.613482820372607 23.076580594480102 0.0 1.0 1.0 1 0 0 0.0 1.0 0
cell 39.15500321774929 22.07170404337962 0.0 1.0 1.0 1 0 0 0.0 1.0 0
cell 34.76180895404327 2.291514266052168 0.0 1.0 1.0 1 0 0 0.0 1.0 0
cell 36.571036966004215 1.3621052999799435 0.0 1.0 1.0 1 0 0 0.0 1.0 0
cell 12.92412530946004 8.745365114595852 0.0 1.0 1.0 1 0 0 0.0 1.0 0
cell 57.51956928532698 14.308134871605944 0.0 1.0 1.0 1 0 0 0.0 1.0 0
cell 25.248652804620257 57.822502739826675 0.0 1.6431676725154984 0.6085806194501846 1 0 0 0.7432347773980189 -0.6690306911241944 4.607400343118585
cell 0.08864147000823258 37.52770802307877 0.0 1.0 1.0 1 0 0 0.0 1.0 0
cell 15.191778726962655 22.75190703301198 0.0 1.0 1.0 1 0 0 0.0 1.0 0
cell 34.918740837162105 47.6174000287254 0.0 1.0 1.0 1 0 0 0.0 1.0 0
cell 43.87485063559837 22.17620316843466 0.0 1.6431676725154984 0.6085806194501846 1 0 0 -0.021012107254018683 -0.9997792213027562 0.042027307464960195
cell 10.372811582702282 3.7287825361942044 0.0 1.6431676725154984 0.6085806194501846 1 0 0 0.12085465892504234 0.9926702128179891 0.2423016140631319
cell 44.425357667118426 3.731882322352518 0.0 1.0 1.0 1 0 0 0.0 1.0 0
cell 55.141265465023714 40.513118226767624 0.0 1.0 1.0 1 0 0 0.0 1.0 0
cell 38.01197732918185 44.54380256244136 0.0 1.6431676725154984 0.6085806194501846 1 0 0 0.9972676252810406 0.07387342936613844 2.993711081016668
cell 49.36657701137439 53.69409265820274 0.0 1.0 1.0 1 0 0 0.0 1.0 0
cell 4.395882990879618 35.38813893731642 0.0 1.0 1.0 1 0 0 0.0 1.0 0
cell 8.141991497321026 44.27929142778587 0.0 1.6431676725154984 0.6085806194501846 1 0 0 0.5318394099626408 0.846845229077067 1.1215423218895073
cell 7.717023597280267 3.8567289517657803 0.0 1.0 1.0 1 0 0 0.0 1.0 0
cell 26.43506741083864 29.205649247302834 0.0 1.0 1.0 1 0 0 0.0 1.0 0
cell 39.77041041397139 28.226094806488685 0.0 1.0 1.0 1 0 0 0.0 1.0 0
cell 55.50090018058582 19.41323144258471 0.0 1.6431676725154984 0.6085806194501846 1 0 0 -0.11591809699894191 -0.9932587753391077 0.232358556103212
cell 22.852065613666273 20.767287589516148 0.0 1.6431676725154984 0.6085806194501846 1 0 0 0.604681637435006 -0.7964672732441176 4.984453130342236
cell 27.966007442215574 53.548768595969825 0.0 1.0 1.0 1 0 0 0.0 1.0 0
cell 38.97045046048974 42.02649868033159 0.0 1.0 1.0 1 0 0 0.0 1.0 0
cell 35.05476477268764 51.1782451128727 0.0 1.0 1.0 1 0 0 0.0 1.0 0
cell 33.11257987565863 36.94810907403096 0.0 1.6431676725154984 0.6085806194501846 1 0 0 0.8885385625633342 -0.45880194293167925 4.09488541918609
cell 10.342078774548687 19.195736110383702 0.0 1.6431676725154984 0.6085806194501846 1 0 0 0.2983872342580559 -0.9544448954401863 5.677180378100099
cell 9.669469896180086 5.6853029354568445 0.0 1.6431676725154984 0.6085806194501846 1 0 0 0.9465117792716438 -0.32266926054402373 3.7986891326959618
cell 31.22065273401852 45.93771695092166 0.0 1.6431676725154984 0.6085806194501846 1 0 0 -0.03706255566490208 -0.9993129474631989 0.07414209194511923
cell 50.013125634445316 10.165475511310147 0.0 1.0 1.0 1 0 0 0.0 1.0 0
cell 27.754243240531498 43.35646804202075 0.0 1.6431676725154984 0.6085806194501846 1 0 0 0.14834186063333432 0.9889361417118097 0.2977827421226115
cell 8.096993421117434 25.49111555082131 0.0 1.0 1.0 1 0 0 0.0 1.0 0
cell 29.28135041825618 9.993925191372831 0.0 1.0 1.0 1 0 0 0.0 1.0 0
cell 49.692537862277426 28.229691653298605 0.0 1.0 1.0 1 0 0 0.0 1.0 0
cell 15.23153285752838 33.818618146947756 0.0 1.6431676725154984 0.6085806194501846 1 0 0 0.774094026736237 -0.6330706420070972 4.512619782100858
cell 31.44972691968098 44.108703716016485 0.0 1.6431676725154984 0.6085806194501846 1 0 0 -0.4422400301996189 -0.8968967363576702 0.9161893483275705
cell 25.30032069177833 53.30795884418641 0.0 1.6431676725154984 0.6085806194501846 1 0 0 0.9880220712189298 -0.15431262678166058 3.451456071885133
cell 30.875692437159717 11.209661950332181 0.0 1.0 1.0 1 0 0 0.0 1.0 0
cell 28.444418451207735 31.619422126617224 0.0 1.0 1.0 1 0 0 0.0 1.0 0
cell 36.399137357779956 26.2449143026283 0.0 1.0 1.0 1 0 0 0.0 1.0 0
cell 38.31161928236887 29.040229289503593 0.0 1.0 1.0 1 0 0 0.0 1.0 0
cell 19.140500652882956 19.004229366744948 0.0 1.0 1.0 1 0 0 0.0 1.0 0
cell 24.099426030194163 20.641629507382202 0.0 1.6431676725154984 0.6085806194501846 1 0 0 0.6143394756377742 -0.7890418294825089 4.960088164565061
cell 28.988708011385473 47.14265111048071 0.0 1.6431676725154984 0.6085806194501846 1 0 0 0.06341914149319802 -0.9979869801216175 6.156261846274976
cell 1.857578288151551 5.167895639083628 0.0 1.0 1.0 1 0 0 0.0 1.0 0
cell 50.306172760261084 4.721920611734945 0.0 1.0 1.0 1 0 0 0.0 1.0 0
cell 28.027757248861814 28.07436068817719 0.0 1.0 1.0 1 0 0 0.0 1.0 0
cell 5.019867559053249 32.40678381512401 0.0 1.0 1.0 1 0 0 0.0 1.0 0
cell 35.60647375364816 29.625484520370296 0.0 1.6431676725154984 0.6085806194501846 1 0 0 0.8412656400842228 -0.5406219777383111 4.283945192860084
cell 39.7282432205326 48.09086023932655 0.0 1.6431676725154984 0.6085806194501846 1 0 0 0.9984122550494771 -0.056329112961399225 3.254310541582019
cell 45.36303877129047 10.919395540334712 0.0 1.0 1.0 1 0 0 0.0 1.0 0
cell 30.269071478445685 36.946927061891415 0.0 1.6431676725154984 0.6085806194501846 1 0 0 0.6968332671641992 -0.7172331544018776 4.741239778180696
cell 10.63981178838491 2.6326769924037396 0.0 1.6431676725154984 0.6085806194501846 1 0 0 -0.1972820288827444 -0.9803467759318168 0.39716936904542255
cell 31.254961387767928 2.7788216154978094 0.0 1.6431676725154984 0.6085806194501846 1 0 0 0.9856520206612406 0.1687900890645341 2.80238862087238
cell 13.297012377073973 53.74671295178161 0.0 1.6431676725154984 0.6085806194501846 1 0 0 0.368490021992524 -0.9296317032523951 5.528416864674167
cell 27.545330135128545 0.10961828124568194 0.0 1.6431676725154984 0.6085806194501846 1 0 0 0.9978019957841586 -0.06626595814707419 3.274221757240181
cell 46.956645279771756 43.76059587024527 0.0 1.0 1.0 1 0 0 0.0 1.0 0
cell 22.23643006924789 6.007271218620887 0.0 1.6431676725154984 0.6085806194501846 1 0 0 0.8189664518935772 0.5738413985352094 1.919215185703293
cell 34.28762248322802 17.26616326919844 0.0 1.6431676725154984 0.6085806194501846 1 0 0 -0.321557738834697 0.9468899728033436 5.628437028248941
cell 6.172416979567943 29.564764195696352 0.0 1.0 1.0 1 0 0 0.0 1.0 0
cell 16.87881261342287 49.213101605289175 0.0 1.6431676725154984 0.6085806194501846 1 0 0 0.1980657818275727 -0.9801887298214729 5.884416879304008
cell 40.66017638369228 51.86992282668051 0.0 1.0 1.0 1 0 0 0.0 1.0 0
cell 11.840248544753631 25.97952827644488 0.0 1.0 1.0 1 0 0 0.0 1.0 0
cell 9.626357899652179 12.628858838879069 0.0 1.0 1.0 1 0 0 0.0 1.0 0
cell 33.992102333901585 53.95923968587392 0.0 1.6431676725154984 0.6085806194501846 1 0 0 0.10289828077963555 0.9946918838578082 0.20616146714490713
cell 13.765408017041446 26.077472232154793 0.0 1.0 1.0 1 0 0 0.0 1.0 0
cell 3.429654165102896 22.718087856540198 0.0 1.6431676725154984 0.6085806194501846 1 0 0 0.3133708402457292 -0.9496308316833892 5.6457041158897665
cell 48.359930648406774 38.452323029946754 0.0 1.0 1.0 1 0 0 0.0 1.0 0
cell 40.205476066328806 57.548779496543325 0.0 1.0 1.0 1 0 0 0.0 1.0 0
cell 49.59896044073081 36.96843532349849 0.0 1.0 1.0 1 0 0 0.0 1.0 0
cell 20.22899930395886 13.589246297550206 0.0 1.6431676725154984 0.6085806194501846 1 0 0 0.3688758504560037 -0.9294786748228062 5.527586729008226
cell 18.85610701339168 58.43716151380132 0.0 1.0 1.0 1 0 0 0.0 1.0 0
cell 56.64287471910787 18.709248453300507 0.0 1.6431676725154984 0.6085806194501846 1 0 0 -0.2068729017599972 -0.9783678257779119 0.41675526730792356
cell 38.560830984548154 17.348854744446303 0.0 1.6431676725154984 0.6085806194501846 1 0 0 -0.10450631187130323 -0.9945242233244286 0.2093949634665906
cell 41.275432515296544 13.585187397751866 0.0 1.0 1.0 1 0 0 0.0 1.0 0
cell 48.956905486096595 50.6562172482066 0.0 1.6431676725154984 0.6085806194501846 1 0 0 0.8875550182478583 -0.4607017360321577 4.0991640053967675
cell 11.352389499026817 12.403934824226926 0.0 1.0 1.0 1 0 0 0.0 1.0 0
cell 57.02694484260136 31.22706212038251 0.0 1.0 1.0 1 0 0 0.0 1.0 0
cell 16.359469109276016 8.80392935157402 0.0 1.0 1.0 1 0 0 0.0 1.0 0
cell 58.57996408567745 26.952074021363135 0.0 1.0 1.0 1 0 0 0.0 1.0 0
cell 28.248130401939516 5.161039203307616 0.0 1.0 1.0 1 0 0 0.0 1.0 0
cell 41.3014281557911 19.50111511080003 0.0 1.6431676725154984 0.6085806194501846 1 0 0 -0.15812795495758528 -0.987418629488492 0.3175889317578289
cell 1.160355185831421 39.00678062318909 0.0 1.0 1.0 1 0 0 0.0 1.0 0
cell 3.6393261727079893 11.488647996851661 0.0 1.0 1.0 1 0 0 0.0 1.0 0
cell 40.40799129148902 41.00922278095465 0.0 1.0 1.0 1 0 0 0.0 1.0 0
cell 53.199966060148284 19.557086234528008 0.0 1.6431676725154984 0.6085806194501846 1 0 0 -0.20558130537876645 -0.9786400394827316 0.4141153265767148
cell 19.937234381092168 26.375776473167853 0.0 1.6431676725154984 0.6085806194501846 1 0 0 0.7251000644419222 -0.6886435192073764 4.660825927650552
cell 23.853160035527484 12.214198520114554 0.0 1.6431676725154984 0.6085806194501846 1 0 0 0.47611712941153106 -0.8793818732956254 5.2907174010936595
cell 1.1432717186670331 34.89502930501779 0.0 1.0 1.0 1 0 0 0.0 1.0 0
cell 12.149022502100435 10.587982248911953 0.0 1.0 1.0 1 0 0 0.0 1.0 0
cell 35.16724817501984 20.69367921439744 0.0 1.0 1.0 1 0 0 0.0 1.0 0
cell 23.057872259104485 29.404124083917704 0.0 1.0 1.0 1 0 0 0.0 1.0 0
cell 43.4731694829227 15.591696994201532 0.0 1.6431676725154984 0.6085806194501846 1 0 0 0.23856013778745586 0.971127726233182 0.48176582022351805
cell 26.173531774340297 2.402836300860207 0.0 1.6431676725154984 0.6085806194501846 1 0 0 0.9031350280036009 -0.4293566363676413 4.029153231913161
cell 13.269985660273022 34.72803054104234 0.0 1.6431676725154984 0.6085806194501846 1 0 0 0.9832238702796636 -0.18240290817933605 3.508452268399111
cell 46.02506606979787 42.00306393185042 0.0 1.0 1.0 1 0 0 0.0 1.0 0
cell 35.74639467026097 42.917699139390784 0.0 1.6431676725154984 0.6085806194501846 1 0 0 0.9551569339432591 -0.296100036373035 3.742806642995653
cell 55.63140196398615 13.642131918666314 0.0 1.0 1.0 1 0 0 0.0 1.0 0
cell 47.743109544722564 7.749495851439765 0.0 1.0 1.0 1 0 0 0.0 1.0 0
cell 29.392396477487257 15.33727556044877 0.0 1.6431676725154984 0.6085806194501846 1 0 0 0.26224277795258294 -0.9650019302632054 5.752494128977406
cell 12.057628353476995 36.448822470696776 0.0 1.6431676725154984 0.6085806194501846 1 0 0 0.18562406447569746 -0.9826208356673097 5.909771454583706
cell 41.402034902841656 29.26298846968113 0.0 1.0 1.0 1 0 0 0.0 1.0 0
cell 4.345899470505299 28.85547770614789 0.0 1.0 1.0 1 0 0 0.0 1.0 0
cell 37.05959015671688 46.880765478792206 0.0 1.6431676725154984 0.6085806194501846 1 0 0 0.9622047182902618 -0.27232715637621946 3.693214200404406
cell 43.437246806562335 38.45514146651604 0.0 1.0 1.0 1 0 0 0.0 1.0 0
cell 58.74628562632896 56.93942758976252 0.0 1.6431676725154984 0.6085806194501846 1 0 0 0.25951634489137415 -0.96573871556142 5.758142596066693
cell 1.6504065140730582 32.95872009880913 0.0 1.0 1.0 1 0 0 0.0 1.0 0
cell 53.04403652353353 9.16114579737611 0.0 1.0 1.0 1 0 0 0.0 1.0 0
cell 46.245121941470934 0.9330392241056138 0.0 1.6431676725154984 0.6085806194501846 1 0 0 0.9932747605382122 0.11578104368918594 2.9095100622403867
cell 49.775350904073626 23.100658684569495 0.0 1.6431676725154984 0.6085806194501846 1 0 0 0.024085268765248146 -0.9997099078375216 6.235010111143394
cell 57.565772013728704 3.1327765020456626 0.0 1.0 1.0 1 0 0 0.0 1.0 0
cell 31.00524590715691 13.914912041945305 0.0 1.6431676725154984 0.6085806194501846 1 0 0 0.03420276586972015 -0.9994149142407577 6.214766431282945
cell 15.317452748339393 56.08366986443979 0.0 1.0 1.0 1 0 0 0.0 1.0 0
cell 10.456345315793193 4.803898904231367 0.0 1.6431676725154984 0.6085806194501846 1 0 0 0.9874118063705566 -0.15817055554063944 3.4592678724176893
cell 48.84716473242732 43.52051296874143 0.0 1.0 1.0 1 0 0 0.0 1.0 0
cell 4.6061617480461265 30.59034556842208 0.0 1.0 1.0 1 0 0 0.0 1.0 0
cell 26.692193951083645 30.99868756472886 0.0 1.0 1.0 1 0 0 0.0 1.0 0
cell 17.334153975118294 13.562900293611616 0.0 1.6431676725154984 0.6085806194501846 1 0 0 0.12084681464239123 -0.9926711678047205 6.0408994975171035
cell 41.21912985667067 21.27589950636324 0.0 1.6431676725154984 0.6085806194501846 1 0 0 -0.07011211549860387 -0.9975391176592076 0.14033936945333014
cell 8.579690938035979 35.76342713679002 0.0 1.6431676725154984 0.6085806194501846 1 0 0 0.6076685769431535 -0.7941907205425425 4.976941934323894
cell 1.0148552902688073 29.016662721077555 0.0 1.0 1.0 1 0 0 0.0 1.0 0
cell 55.89788197567244 6.567276370118496 0.0 1.0 1.0 1 0 0 0.0 1.0 0
cell 47.77163733140525 46.7186043478168 0.0 1.6431676725154984 0.6085806194501846 1 0 0 0.9783543944583276 -0.20693641256211817 3.5584777519006905
cell 18.16019213594784 8.565931361089975 0.0 1.0 1.0 1 0 0 0.0 1.0 0
cell 8.217385029232787 20.534882532413214 0.0 1.6431676725154984 0.6085806194501846 1 0 0 0.37063695734544067 -0.9287778237284275 5.5237958500557225
cell 3.803199515876675 17.395966653938252 0.0 1.6431676725154984 0.6085806194501846 1 0 0 0.20772569763674292 -0.9781871163235225 5.86468657577691
cell 38.83499041341002 15.006473529731862 0.0 1.6431676725154984 0.6085806194501846 1 0 0 -0.23232650385775094 -0.9726378542937933 0.4689379100644375
cell 3.1241249282243726 13.204962203603264 0.0 1.0 1.0 1 0 0 0.0 1.0 0
cell 20.267208558417778 57.48140951186972 0.0 1.6431676725154984 0.6085806194501846 1 0 0 0.7625698899403858 -0.6469058377819046 4.548632398289713
cell 12.134047507717844 45.0227004762607 0.0 1.6431676725154984 0.6085806194501846 1 0 0 0.8546674125441014 0.5191758988388914 2.049819789787421
cell 6.47650270095166 31.318438794479427 0.0 1.0 1.0 1 0 0 0.0 1.0 0
cell 56.01838754163542 15.374784227432443 0.0 1.0 1.0 1 0 0 0.0 1.0 0
cell 49.872491016915156 41.79917122629728 0.0 1.0 1.0 1 0 0 0.0 1.0 0
cell 55.245995312283846 30.605930821873837 0.0 1.0 1.0 1 0 0 0.0 1.0 0
cell 10.986360090239636 20.175261053297888 0.0 1.6431676725154984 0.6085806194501846 1 0 0 0.3584266813871461 -0.9335578793357149 5.550021199185906
cell 39.65428890786087 30.20039832404142 0.0 1.0 1.0 1 0 0 0.0 1.0 0
cell 35.440562694518924 23.35349613031289 0.0 1.0 1.0 1 0 0 0.0 1.0 0
cell 17.192113662318334 26.31771708813123 0.0 1.0 1.0 1 0 0 0.0 1.0 0
cell 11.212453991188635 54.55700492004626 0.0 1.6431676725154984 0.6085806194501846 1 0 0 0.44807090058933413 -0.8939980246315218 5.353972636849039
cell 2.410739743548017 10.297410215578855 0.0 1.0 1.0 1 0 0 0.0 1.0 0
cell 24.69161727974573 42.0653358775651 0.0 1.6431676725154984 0.6085806194501846 1 0 0 -0.20111563687866774 -0.9795675069146015 0.40499339102516085
cell 23.027499535659388 18.218704825793157 0.0 1.6431676725154984 0.6085806194501846 1 0 0 0.5000262030034414 -0.8660102749447961 5.235927242210066
cell 19.777864037880807 48.88407436429896 0.0 1.6431676725154984 0.6085806194501846 1 0 0 0.5792855244968083 -0.8151247027961168 5.04748151828894
cell 31.371528736006695 7.57749456614115 0.0 1.0 1.0 1 0 0 0.0 1.0 0
cell 40.21577304324468 34.656066659095465 0.0 1.0 1.0 1 0 0 0.0 1.0 0
cell 58.93157967733672 12.851404068933666 0.0 1.0 1.0 1 0 0 0.0 1.0 0
cell 42.56019553305885 32.257740205480744 0.0 1.0 1.0 1 0 0 0.0 1.0 0
cell 32.13403991566902 19.066374896494843 0.0 1.0 1.0 1 0 0 0.0 1.0 0
cell 37.351581177579426 4.268197694467295 0.0 1.0 1.0 1 0 0 0.0 1.0 0
cell 6.8323012735854345 33.235315587939716 0.0 1.0 1.0 1 0 0 0.0 1.0 0
cell 53.92009896341687 33.74125322219234 0.0 1.0 1.0 1 0 0 0.0 1.0 0
cell 51.483131884254185 23.907959600671408 0.0 1.6431676725154984 0.6085806194501846 1 0 0 0.0194982954478591 -0.9998098901664396 6.244186244884131
cell 39.49501023963681 32.04728631120126 0.0 1.0 1.0 1 0 0 0.0 1.0 0
cell 35.09653541911117 46.01427846284914 0.0 1.6431676725154984 0.6085806194501846 1 0 0 0.92484417789465 -0.38034621940328117 3.921933897549293
cell 1.2958475203284376 17.71824891181146 0.0 1.6431676725154984 0.6085806194501846 1 0 0 -0.08373072546611271 -0.9964884171995771 0.16765774493124308
cell 39.32509646063205 5.050512001672243 0.0 1.0 1.0 1 0 0 0.0 1.0 0
cell 34.224498161712106 27.754191958675374 0.0 1.6431676725154984 0.6085806194501846 1 0 0 0.8004319323303521 -0.5994236579464466 4.427154404969717
cell 58.050783977150374 23.89774284687923 0.0 1.6431676725154984 0.6085806194501846 1 0 0 0.2321753658415912 -0.9726739430540551 5.81455817097888
cell 31.4695311104668 36.681595363485286 0.0 1.6431676725154984 0.6085806194501846 1 0 0 0.6547015660309365 -0.7558874647966053 4.855609826699665
cell 47.53147347189882 25.9065811604235 0.0 1.0 1.0 1 0 0 0.0 1.0 0
cell 15.860359295926166 3.0704100050345646 0.0 1.6431676725154984 0.6085806194501846 1 0 0 -0.15070267275333973 0.988579134123819 5.98062725732147
cell 47.530674147930654 13.263339506989546 0.0 1.0 1.0 1 0 0 0.0 1.0 0
cell 57.61271924219239 53.49268821901126 0.0 1.6431676725154984 0.6085806194501846 1 0 0 0.8458333524901066 0.5334472230833591 2.0162508799799586
cell 50.03065724152758 58.324077883499875 0.0 1.6431676725154984 0.6085806194501846 1 0 0 -0.14371718423657268 0.9896188008294462 5.994752152223111
cell 18.804129670943812 36.11261990041845 0.0 1.6431676725154984 0.6085806194501846 1 0 0 0.996059924873886 -0.08868272695530206 3.319191419653194
cell 44.25345855645548 55.76551917828393 0.0 1.0 1.0 1 0 0 0.0 1.0 0
cell 16.957082644621863 22.019775964920353 0.0 1.0 1.0 1 0 0 0.0 1.0 0
cell 5.723743475721701 4.3140707724197584 0.0 1.0 1.0 1 0 0 0.0 1.0 0
cell 26.37576559871979 40.59265726395782 0.0 1.0 1.0 1 0 0 0.0 1.0 0
cell 56.28341841299243 17.008270716007573 0.0 1.0 1.0 1 0 0 0.0 1.0 0
cell 38.0391000082789 27.204898012564186 0.0 1.0 1.0 1 0 0 0.0 1.0 0
cell 35.218556714009864 31.027083995200737 0.0 1.6431676725154984 0.6085806194501846 1 0 0 0.848876024218428 -0.5285919934194186 4.255474724557798
cell 14.31462914055137 48.08516736815993 0.0 1.6431676725154984 0.6085806194501846 1 0 0 -0.02138137530639727 0.999771392264255 6.240419297636919
cell 57.34787422018734 21.831938221352267 0.0 1.6431676725154984 0.6085806194501846 1 0 0 0.02989657246831821 -0.9995529975717379 6.223383251422673
cell 43.57152416458895 10.657191067747041 0.0 1.0 1.0 1 0 0 0.0 1.0 0
cell 5.3341103050315555 25.852471838140257 0.0 1.0 1.0 1 0 0 0.0 1.0 0
cell 47.27269641403335 32.80719814810775 0.0 1.0 1.0 1 0 0 0.0 1.0 0
cell 34.42642585928029 57.19433936357174 0.0 1.6431676725154984 0.6085806194501846 1 0 0 0.9821406581450298 -0.1881481533750667 3.5201452215335327
cell 58.27615987416197 28.453137376655278 0.0 1.0 1.0 1 0 0 0.0 1.0 0
cell 18.158703294580697 23.210268458797245 0.0 1.0 1.0 1 0 0 0.0 1.0 0
cell 48.463312128727615 17.135437076657134 0.0 1.6431676725154984 0.6085806194501846 1 0 0 -0.3224605192364761 -0.9465829142414003 0.6566554207535846
cell 27.975667717185555 19.979698553198634 0.0 1.6431676725154984 0.6085806194501846 1 0 0 0.355834353529445 -0.9345490425056793 5.555571901157888
cell 41.38916503396601 18.36263136055993 0.0 1.6431676725154984 0.6085806194501846 1 0 0 -0.1875136194699024 -0.9822620029876431 0.37726050314327875
cell 56.48275686546428 47.488197356313556 0.0 1.6431676725154984 0.6085806194501846 1 0 0 0.32960484514388594 -0.9441189787615092 5.611415305050258
cell 47.74595841402398 36.63898892295186 0.0 1.0 1.0 1 0 0 0.0 1.0 0
cell 4.4137325172912965 21.210776167230893 0.0 1.6431676725154984 0.6085806194501846 1 0 0 0.26015686149021167 -0.965566366139357 5.756815997630387
cell 4.653826301204854 22.804577326605948 0.0 1.6431676725154984 0.6085806194501846 1 0 0 0.41285806634431416 -0.9107953760611842 5.432005650738522
cell 31.93034887886114 21.133607409906432 0.0 1.6431676725154984 0.6085806194501846 1 0 0 0.7541016140703539 -0.6567577602560072 4.574615042217367
cell 11.751763226760668 47.17568201463404 0.0 1.6431676725154984 0.6085806194501846 1 0 0 0.08920545275785392 0.9960132464973879 0.1786483776902559
cell 51.19428495966904 40.52358064000263 0.0 1.0 1.0 1 0 0 0.0 1.0 0
cell 22.02622918385745 25.499588728263802 0.0 1.6431676725154984 0.6085806194501846 1 0 0 0.6616742975701433 -0.7497913869437668 4.8370861377027925
cell 30.912174494122674 34.33911814187302 0.0 1.6431676725154984 0.6085806194501846 1 0 0 0.7302118539611885 -0.683220790326644 4.645921346122814
cell 50.95424417600694 26.99393521479488 0.0 1.0 1.0 1 0 0 0.0 1.0 0
cell 41.51702342283068 37.90001574390865 0.0 1.0 1.0 1 0 0 0.0 1.0 0
cell 37.84893095664303 21.370864779998385 0.0 1.0 1.0 1 0 0 0.0 1.0 0
cell 11.153128368137857 35.26883675783535 0.0 1.6431676725154984 0.6085806194501846 1 0 0 0.019563124485617703 0.9998086237677489 0.03912874510702029
cell 44.163751508150995 42.02323708653693 0.0 1.0 1.0 1 0 0 0.0 1.0 0
cell 55.17142517243713 11.75653722555953 0.0 1.0 1.0 1 0 0 0.0 1.0 0
cell 44.00973088076793 33.545574326543864 0.0 1.0 1.0 1 0 0 0.0 1.0 0
cell 36.468995678131215 16.035301016231102 0.0 1.6431676725154984 0.6085806194501846 1 0 0 -0.15097271726163075 -0.9885379297946234 0.30310438980235155
cell 49.008749795941874 6.221242599155709 0.0 1.0 1.0 1 0 0 0.0 1.0 0
cell 31.69723965867347 3.919819027492521 0.0 1.6431676725154984 0.6085806194501846 1 0 0 0.983514445595786 0.18082957530341573 2.7779329205900702
cell 7.718108627207292 58.45451263274638 0.0 1.6431676725154984 0.6085806194501846 1 0 0 0.9056402210255388 -0.424046919645472 4.017411139636719
cell 3.8104414876670556 46.33665615820243 0.0 1.6431676725154984 0.6085806194501846 1 0 0 0.15091825880192078 0.988546245332102 0.3029942104576753
cell 50.00520824785313 44.79454438362628 0.0 1.0 1.0 1 0 0 0.0 1.0 0
cell 35.20891465314437 0.05903236854848216 0.0 1.0 1.0 1 0 0 0.0 1.0 0
cell 20.70671885381524 12.173512564939474 0.0 1.6431676725154984 0.6085806194501846 1 0 0 -0.17469698465058459 0.9846222440885608 5.931989283307075
cell 15.264300370902706 19.375574028822253 0.0 1.0 1.0 1 0 0 0.0 1.0 0
cell 29.585975224369605 55.89792725450199 0.0 1.6431676725154984 0.6085806194501846 1 0 0 0.9970616771135717 -0.07660295054024724 3.2949487873931824
cell 36.10195596376641 49.19668840796058 0.0 1.0 1.0 1 0 0 0.0 1.0 0
cell 19.32932491904441 47.20942761543763 0.0 1.6431676725154984 0.6085806194501846 1 0 0 -0.4211672548225434 0.906982989622872 5.413721506173372
cell 9.083145936446668 58.26079050222981 0.0 1.6431676725154984 0.6085806194501846 1 0 0 0.9246587985880049 -0.3807966730340319 3.9229081130603176
cell 11.747854616472667 15.901552457554965 0.0 1.6431676725154984 0.6085806194501846 1 0 0 0.06988299242869571 -0.9975551951492262 6.143305310633953
cell 13.005768640520508 0.08184838816664543 0.0 1.6431676725154984 0.6085806194501846 1 0 0 0.9926683673067501 -0.12086981653229613 3.383924806740626
cell 21.458350034228147 58.175025198744805 0.0 1.6431676725154984 0.6085806194501846 1 0 0 0.7470994820123171 -0.664712241482679 4.595809822326449
cell 32.90794590886277 8.872987969905163 0.0 1.0 1.0 1 0 0 0.0 1.0 0
cell 19.696092010124577 23.553576349082928 0.0 1.6431676725154984 0.6085806194501846 1 0 0 0.5540334359971919 -0.8324944154750502 5.108782364507738
cell 50.656713624787265 19.09993498827222 0.0 1.6431676725154984 0.6085806194501846 1 0 0 -0.24081001224027587 -0.9705722734576947 0.4864006730767336
cell 40.70723105014882 11.741372726803913 0.0 1.0 1.0 1 0 0 0.0 1.0 0
cell 53.32830499388606 28.42112078150018 0.0 1.0 1.0 1 0 0 0.0 1.0 0
cell 46.93163113721718 48.24928207191391 0.0 1.6431676725154984 0.6085806194501846 1 0 0 0.9653915330745457 -0.26080488467047214 3.6693043500573124
cell 29.653293738275135 43.1925141700888 0.0 1.6431676725154984 0.6085806194501846 1 0 0 -0.3019018846823191 -0.9533390016281007 0.613373995258284
cell 1.6529664466169565 36.83319019469308 0.0 1.0 1.0 1 0 0 0.0 1.0 0
cell 9.899280011167068 30.951964805650785 0.0 1.0 1.0 1 0 0 0.0 1.0 0
cell 0.538522861808329 10.813763473198732 0.0 1.0 1.0 1 0 0 0.0 1.0 0
cell 46.37442970089135 38.20366963190061 0.0 1.0 1.0 1 0 0 0.0 1.0 0
cell 24.452489483920765 16.075631780226857 0.0 1.6431676725154984 0.6085806194501846 1 0 0 0.27436197739215307 -0.961626489527752 5.727332993655562
cell 26.346818456824113 4.471037363580587 0.0 1.6431676725154984 0.6085806194501846 1 0 0 0.8537339844838503 -0.5207094043104358 4.236956020332159
cell 28.413469766941052 50.16636574388121 0.0 1.0 1.0 1 0 0 0.0 1.0 0
cell 47.523418462266726 34.64452609821284 0.0 1.0 1.0 1 0 0 0.0 1.0 0
cell 38.18049106720633 11.782682731156468 0.0 1.0 1.0 1 0 0 0.0 1.0 0
cell 45.81701888101561 21.517688413185706 0.0 1.6431676725154984 0.6085806194501846 1 0 0 -0.1314935494761339 -0.9913170262061313 0.2637509225454817
cell 27.884169285278972 48.6594108104455 0.0 1.6431676725154984 0.6085806194501846 1 0 0 0.3442476952918516 -0.9388788656084706 5.580310532320949
cell 22.31028153075388 35.62311193909322 0.0 1.6431676725154984 0.6085806194501846 1 0 0 0.8198888528023801 0.5725227236105106 1.9224337117960757
cell 2.787876960047085 18.87944099499398 0.0 1.6431676725154984 0.6085806194501846 1 0 0 0.1495601803955261 -0.9887526244921212 5.982938436971918
cell 1.9567142857210982 20.02951138471784 0.0 1.6431676725154984 0.6085806194501846 1 0 0 0.0964071914752237 -0.9953419781320687 6.090070987439076
cell 41.12732804917546 36.06832554926987 0.0 1.0 1.0 1 0 0 0.0 1.0 0
cell 41.67994451028467 10.28968442625762 0.0 1.0 1.0 1 0 0 0.0 1.0 0
cell 47.44980940994208 50.428478938808034 0.0 1.6431676725154984 0.6085806194501846 1 0 0 0.8682859392790482 -0.49606403583640385 4.179712348213558
cell 12.142924027801127 49.33241619912967 0.0 1.6431676725154984 0.6085806194501846 1 0 0 -0.13886979578383743 0.9903106481397417 6.004545185546037
cell 46.13196212890758 45.264938833909646 0.0 1.6431676725154984 0.6085806194501846 1 0 0 0.9984439231129215 -0.05576497466043018 3.2531804886675832
cell 12.366925813501828 21.086467986639747 0.0 1.0 1.0 1 0 0 0.0 1.0 0
cell 16.934577650011704 29.436368656900495 0.0 1.6431676725154984 0.6085806194501846 1 0 0 0.948220538027965 -0.3176126749075932 3.788014118425063
cell 42.20614383771551 55.584908866491084 0.0 1.0 1.0 1 0 0 0.0 1.0 0
cell 4.814007805714639 7.7671635515490784 0.0 1.0 1.0 1 0 0 0.0 1.0 0
cell 46.53580933213191 51.92524042843657 0.0 1.0 1.0 1 0 0 0.0 1.0 0
cell 12.078285786427234 57.443736445501 0.0 1.0 1.0 1 0 0 0.0 1.0 0
cell 22.969445121545498 0.6794974448589982 0.0 1.6431676725154984 0.6085806194501846 1 0 0 0.8390499576675888 -0.5440543801294291 4.292116033198937
cell 29.70217656064464 40.04882939189603 0.0 1.0 1.0 1 0 0 0.0 1.0 0
cell 37.832303119390495 10.144803449123478 0.0 1.0 1.0 1 0 0 0.0 1.0 0
cell 36.82284949654012 36.68616440174029 0.0 1.0 1.0 1 0 0 0.0 1.0 0
cell 11.880043776709204 14.625812399315416 0.0 1.6431676725154984 0.6085806194501846 1 0 0 0.030003233430960164 -0.9995498016525677 6.2231698337583445
cell 36.930621134051236 29.539806585902134 0.0 1.0 1.0 1 0 0 0.0 1.0 0
cell 0.09206733015830706 6.0937264161467946 0.0 1.0 1.0 1 0 0 0.0 1.0 0
cell 28.821842026605786 33.485772939397755 0.0 1.0 1.0 1 0 0 0.0 1.0 0
cell 46.16038826703156 16.54454555071579 0.0 1.6431676725154984 0.6085806194501846 1 0 0 -0.28537709965944824 -0.9584153123724398 0.5787997335535477
cell 55.34367676805547 37.361639807074326 0.0 1.0 1.0 1 0 0 0.0 1.0 0
cell 17.18021520335307 18.792342832902328 0.0 1.0 1.0 1 0 0 0.0 1.0 0
cell 33.341136155666035 0.0022025254774646896 0.0 1.6431676725154984 0.6085806194501846 1 0 0 -0.47941766563634824 -0.8775868628664598 0.9999820576458465
cell 44.33392169409066 23.166123565245883 0.0 1.6431676725154984 0.6085806194501846 1 0 0 -0.010619994595625114 -0.9999436062672679 0.021240388467681726
cell 19.77537869320163 51.66293825863027 0.0 1.6431676725154984 0.6085806194501846 1 0 0 0.9623644264904471 -0.27176223178674563 3.69204006836601
cell 0.5356859150121631 18.763601333604086 0.0 1.6431676725154984 0.6085806194501846 1 0 0 0.03593812116760646 -0.9993540170765025 6.211293583902412
cell 28.403035401939334 56.86368022130803 0.0 1.6431676725154984 0.6085806194501846 1 0 0 0.9290628027875629 -0.3699220302665388 3.8994428461859933
cell 15.132439505197956 14.293131834813048 0.0 1.6431676725154984 0.6085806194501846 1 0 0 0.04157268679767764 -0.9991354821606638 6.200015965075968
cell 25.841825112726042 47.55543791253584 0.0 1.0 1.0 1 0 0 0.0 1.0 0
cell 14.456953677928373 16.11622186156353 0.0 1.6431676725154984 0.6085806194501846 1 0 0 0.11962706462883702 -0.9928188985954528 6.043356825067112
cell 6.242924663797371 15.934297066012114 0.0 1.6431676725154984 0.6085806194501846 1 0 0 0.2405296193507055 -0.9706417991282905 5.797362402194647
cell 24.79545437682106 30.444008222440186 0.0 1.0 1.0 1 0 0 0.0 1.0 0
cell 54.604785758970145 35.60375121735242 0.0 1.0 1.0 1 0 0 0.0 1.0 0
cell 27.67805747283098 12.343198802836811 0.0 1.0 1.0 1 0 0 0.0 1.0 0
cell 0.3374723769690999 2.5031734148810663 0.0 1.0 1.0 1 0 0 0.0 1.0 0
cell 48.38953213535062 4.2450098052235585 0.0 1.0 1.0 1 0 0 0.0 1.0 0
cell 42.24186484283405 41.68551110857405 0.0 1.0 1.0 1 0 0 0.0 1.0 0
cell 17.292893429747224 45.83660386326553 0.0 1.6431676725154984 0.6085806194501846 1 0 0 -0.3931804232716176 0.9194613394569408 5.4750092027005595
cell 34.34839097334652 22.03678611296088 0.0 1.0 1.0 1 0 0 0.0 1.0 0
cell 13.666838026513396 4.216846868367594 0.0 1.6431676725154984 0.6085806194501846 1 0 0 -0.11538983460957984 -0.9933202837296607 0.2312948936740744
cell 3.0241823883460053 47.58139399835068 0.0 1.6431676725154984 0.6085806194501846 1 0 0 0.999998834219506 0.0015269445402503548 3.1385387633225705
cell 17.73796681574285 12.466450727031004 0.0 1.6431676725154984 0.6085806194501846 1 0 0 -0.07002415201082075 -0.9975452962824122 0.14016300902043533
cell 5.652227206833544 2.994748095593702 0.0 1.6431676725154984 0.6085806194501846 1 0 0 0.07206991600805514 -0.997399582517755 6.138920403812358
cell 44.26438666373659 35.351639985780686 0.0 1.0 1.0 1 0 0 0.0 1.0 0
cell 26.589761364904813 54.72089403473767 0.0 1.6431676725154984 0.6085806194501846 1 0 0 0.9747926882325725 -0.22311256120692702 3.591605372336548
cell 36.64036326600744 56.01719025039608 0.0 1.6431676725154984 0.6085806194501846 1 0 0 -0.08408450996452063 0.9964586269304042 6.11481748920203
cell 56.697537288257145 25.47673958863317 0.0 1.6431676725154984 0.6085806194501846 1 0 0 0.2517414074911668 -0.9677945359188418 5.774226923532241
cell 25.358885231559757 32.40555487992967 0.0 1.0 1.0 1 0 0 0.0 1.0 0
cell 18.805633123849262 26.811239125450246 0.0 1.6431676725154984 0.6085806194501846 1 0 0 0.67033748237252 -0.7420563723373524 4.813858332125209
cell 6.17504234944004 8.945937009586384 0.0 1.0 1.0 1 0 0 0.0 1.0 0
cell 48.75703790729606 11.69550918114521 0.0 1.0 1.0 1 0 0 0.0 1.0 0
cell 52.63413376389374 7.229823853257362 0.0 1.0 1.0 1 0 0 0.0 1.0 0
cell 58.6388685072227 35.87842148918855 0.0 1.0 1.0 1 0 0 0.0 1.0 0
cell 9.288661028766594 51.374555943978095 0.0 1.6431676725154984 0.6085806194501846 1 0 0 0.3532508944979806 -0.9355286235794052 5.56109778371312
cell 26.614406710464767 36.23972563185064 0.0 1.0 1.0 1 0 0 0.0 1.0 0
cell 46.41783513418432 3.98239950923174 0.0 1.0 1.0 1 0 0 0.0 1.0 0
cell 37.56828925323806 23.35041167663767 0.0 1.0 1.0 1 0 0 0.0 1.0 0
cell 50.34258972843794 38.703101255842654 0.0 1.0 1.0 1 0 0 0.0 1.0 0
cell 30.51623635328304 44.78321248029619 0.0 1.6431676725154984 0.6085806194501846 1 0 0 -0.19584430665897481 -0.9806350022048292 0.39423671157314466
cell 37.018396926085074 32.6934906101445 0.0 1.0 1.0 1 0 0 0.0 1.0 0
cell 20.809326821762216 24.651140319757513 0.0 1.6431676725154984 0.6085806194501846 1 0 0 0.7660837901944667 -0.6427407147530645 4.53773362435358
cell 25.45879786343056 17.922631628375854 0.0 1.6431676725154984 0.6085806194501846 1 0 0 0.5267418087180437 -0.8500253331215746 5.173659425491028
cell 24.80621512459172 28.39120826445195 0.0 1.0 1.0 1 0 0 0.0 1.0 0
cell 56.610755925214534 27.413016277735355 0.0 1.0 1.0 1 0 0 0.0 1.0 0
cell 35.285208096582906 4.342267207218538 0.0 1.0 1.0 1 0 0 0.0 1.0 0
cell 48.353348535247704 24.290422501932053 0.0 1.6431676725154984 0.6085806194501846 1 0 0 0.10266460189786904 -0.9947160295869129 6.077493686121271
cell 18.190510533612652 49.97180694241777 0.0 1.6431676725154984 0.6085806194501846 1 0 0 0.5341058790131353 -0.8454175950402298 5.156285737791571
cell 52.20742909262264 5.1598869938966985 0.0 1.0 1.0 1 0 0 0.0 1.0 0
cell 9.696328120742061 22.730110826578493 0.0 1.0 1.0 1 0 0 0.0 1.0 0
cell 21.666277286038856 45.30161135809144 0.0 1.6431676725154984 0.6085806194501846 1 0 0 0.14721976098767034 -0.9891038074816684 5.987671679036712
cell 55.46012772508738 41.954535017350835 0.0 1.6431676725154984 0.6085806194501846 1 0 0 0.024080760766159396 -0.9997100164352276 6.235019129757311
cell 25.65526613059864 19.79540331086553 0.0 1.6431676725154984 0.6085806194501846 1 0 0 0.5110725232562271 -0.8595375942752668 5.210321069103946
cell 25.283793573080747 39.2155283437415 0.0 1.0 1.0 1 0 0 0.0 1.0 0
cell 46.08459146145618 19.3113009920096 0.0 1.6431676725154984 0.6085806194501846 1 0 0 0.27945163452951344 0.960159770016836 0.5664458854417826
cell 45.77343572455278 34.104720778666454 0.0 1.0 1.0 1 0 0 0.0 1.0 0
cell 39.93913463008716 25.008584241211164 0.0 1.0 1.0 1 0 0 0.0 1.0 0
cell 41.22544411193252 5.224769279989808 0.0 1.0 1.0 1 0 0 0.0 1.0 0
cell 7.39235333181626 10.156949503693767 0.0 1.0 1.0 1 0 0 0.0 1.0 0
cell 1.3671299634779235 24.718584193882517 0.0 1.6431676725154984 0.6085806194501846 1 0 0 0.4322832831578207 -0.9017378571970323 5.389138633909306
cell 50.85273341907562 14.101759719903649 0.0 1.0 1.0 1 0 0 0.0 1.0 0
cell 55.594015509551966 3.018976371398132 0.0 1.6431676725154984 0.6085806194501846 1 0 0 0.3184430563978858 0.9479419918075014 0.6481731742465533
cell 58.09728604060595 42.03737165907925 0.0 1.6431676725154984 0.6085806194501846 1 0 0 0.15524529911350604 -0.9878759522850822 5.971433790912626
cell 55.17023607933665 56.23159877484858 0.0 1.6431676725154984 0.6085806194501846 1 0 0 -0.003374045699278813 0.9999943078916096 6.276437202977377
cell 15.978798523856446 0.7537342134872559 0.0 1.6431676725154984 0.6085806194501846 1 0 0 0.9696990950493647 0.2443024049419963 2.647992185707372
cell 8.268213811781573 32.006632111286166 0.0 1.0 1.0 1 0 0 0.0 1.0 0
cell 5.461017298697151 34.2280606449514 0.0 1.0 1.0 1 0 0 0.0 1.0 0
cell 28.169492366694275 24.3476749848897 0.0 1.0 1.0 1 0 0 0.0 1.0 0
cell 34.859831329223695 6.26134873937123 0.0 1.0 1.0 1 0 0 0.0 1.0 0
cell 14.959347858628568 50.632419392225785 0.0 1.6431676725154984 0.6085806194501846 1 0 0 0.06847958007241778 -0.9976525182212017 6.146118876590866
cell 9.41831130536703 29.04332876552525 0.0 1.0 1.0 1 0 0 0.0 1.0 0
cell 0.9207533408051669 21.20948309487254 0.0 1.6431676725154984 0.6085806194501846 1 0 0 0.1357800836907505 -0.9907390013888283 6.010783715890045
cell 39.649759393781785 26.504817195358868 0.0 1.0 1.0 1 0 0 0.0 1.0 0
cell 24.276226387295825 18.0071650038407 0.0 1.6431676725154984 0.6085806194501846 1 0 0 0.5233927588272816 -0.852091556117749 5.181529732378041
cell 14.053043263162053 57.761415140759546 0.0 1.0 1.0 1 0 0 0.0 1.0 0
cell 48.99848114663323 1.045399013375515 0.0 1.0 1.0 1 0 0 0.0 1.0 0
cell 26.34541976606719 15.668061353607609 0.0 1.6431676725154984 0.6085806194501846 1 0 0 0.3860514059394585 -0.922477269081557 5.490490677929103
cell 26.17835953853703 11.91489261294256 0.0 1.0 1.0 1 0 0 0.0 1.0 0
cell 36.29983786720246 27.95367813695145 0.0 1.0 1.0 1 0 0 0.0 1.0 0
cell 7.822833924302771 2.2616632121179543 0.0 1.6431676725154984 0.6085806194501846 1 0 0 -0.17932887629239957 -0.9837891817496802 0.3606084526603315
cell 52.95601538738589 16.374909207447807 0.0 1.0 1.0 1 0 0 0.0 1.0 0
cell 8.618966715374983 14.701728027199625 0.0 1.6431676725154984 0.6085806194501846 1 0 0 0.04663334954073216 -0.9989120735633401 6.189884770936864
cell 28.06402231269565 51.86777555603656 0.0 1.0 1.0 1 0 0 0.0 1.0 0
cell 38.217925466060734 0.7844569069444858 0.0 1.6431676725154984 0.6085806194501846 1 0 0 0.44499848343431 0.8955313225907646 0.9223451347051659
cell 31.523398476020922 5.659047718612712 0.0 1.0 1.0 1 0 0 0.0 1.0 0
cell 56.357155195494656 8.562014064278593 0.0 1.0 1.0 1 0 0 0.0 1.0 0
cell 4.568789226121296 58.89032394337359 0.0 1.6431676725154984 0.6085806194501846 1 0 0 -0.15599998616972205 -0.9877570573349737 0.31327950656846415
cell 41.45360037506162 25.67806442697443 0.0 1.0 1.0 1 0 0 0.0 1.0 0
cell 4.3065454486786745 9.629678099973923 0.0 1.0 1.0 1 0 0 0.0 1.0 0
cell 15.498310307059208 29.938110771473475 0.0 1.0 1.0 1 0 0 0.0 1.0 0
cell 31.99410638657155 27.15063484478893 0.0 1.6431676725154984 0.6085806194501846 1 0 0 0.839644833949771 -0.5431358511656744 4.289927359291865
cell 10.294146355612474 1.2618194832868128 0.0 1.6431676725154984 0.6085806194501846 1 0 0 0.966236668079342 -0.2576561686801449 3.662784020317757
cell 42.44529091076662 3.521327018182479 0.0 1.0 1.0 1 0 0 0.0 1.0 0
cell 29.255938439183332 20.585753208529145 0.0 1.0 1.0 1 0 0 0.0 1.0 0
cell 10.601854069080892 18.043983152757825 0.0 1.6431676725154984 0.6085806194501846 1 0 0 0.17263809288761708 -0.9849853241973336 5.936170605609429
cell 52.462426740815665 0.5886991098828043 0.0 1.6431676725154984 0.6085806194501846 1 0 0 0.6058190709105178 -0.7956024467792423 4.981595382926571
cell 4.631104859695499 14.178612870820327 0.0 1.0 1.0 1 0 0 0.0 1.0 0
cell 52.24555745529802 34.05317496302468 0.0 1.0 1.0 1 0 0 0.0 1.0 0
cell 40.995680075151775 22.48563210741918 0.0 1.0 1.0 1 0 0 0.0 1.0 0
cell 29.69368985475433 6.452137188782392 0.0 1.0 1.0 1 0 0 0.0 1.0 0
cell 13.086128986499476 19.10526996347974 0.0 1.6431676725154984 0.6085806194501846 1 0 0 -0.3786830988818523 0.9255263965016002 5.5064392783550264
cell 1.1182731609326761 58.1588992841592 0.0 1.6431676725154984 0.6085806194501846 1 0 0 -0.039446447938377864 -0.9992216859861703 0.07891337006652144
cell 9.288432481354143 24.392624953900178 0.0 1.0 1.0 1 0 0 0.0 1.0 0
cell 50.56437800435165 17.72628756737635 0.0 1.6431676725154984 0.6085806194501846 1 0 0 -0.3374543395954571 -0.9413418978714343 0.6884225865456157
cell 47.0363755373873 2.4201996105767045 0.0 1.6431676725154984 0.6085806194501846 1 0 0 0.08920391535997035 0.996013384189415 0.17864529058718231
cell 38.23062224636647 6.693716376505322 0.0 1.0 1.0 1 0 0 0.0 1.0 0
cell 56.30537368401475 23.8457723182336 0.0 1.6431676725154984 0.6085806194501846 1 0 0 0.17906139291462714 -0.9838379020791349 5.923120622956523
cell 53.484309012660084 37.24670332895949 0.0 1.0 1.0 1 0 0 0.0 1.0 0
cell 0.06598290357769837 40.62077864006473 0.0 1.0 1.0 1 0 0 0.0 1.0 0
cell 23.675425286762877 9.511839808483286 0.0 1.0 1.0 1 0 0 0.0 1.0 0
cell 2.1942536621191664 3.197592298301289 0.0 1.0 1.0 1 0 0 0.0 1.0 0
cell 25.065654966273566 37.43523416365023 0.0 1.0 1.0 1 0 0 0.0 1.0 0
cell 37.832957441920456 30.993767242228586 0.0 1.0 1.0 1 0 0 0.0 1.0 0
cell 5.162155276030308 5.902204674191632 0.0 1.0 1.0 1 0 0 0.0 1.0 0
cell 29.923506808271775 22.658630701715115 0.0 1.6431676725154984 0.6085806194501846 1 0 0 -0.6910966669140289 0.7227623378264254 4.7571747444610955
cell 13.189156861215793 32.188993716764784 0.0 1.6431676725154984 0.6085806194501846 1 0 0 0.9999940633774553 -0.00344575243536207 3.148484172097971
cell 33.505390593994456 50.549273352569735 0.0 1.0 1.0 1 0 0 0.0 1.0 0
cell 31.680228634614434 48.79463249225618 0.0 1.6431676725154984 0.6085806194501846 1 0 0 -0.36814847328470385 -0.9297670146967689 0.7540336916406769
cell 37.01731869671288 57.505879321804585 0.0 1.6431676725154984 0.6085806194501846 1 0 0 0.974708542169509 -0.22347988236481267 3.592359044399557
cell 22.70908525423263 15.674080268111691 0.0 1.0 1.0 1 0 0 0.0 1.0 0
cell 26.95643829965171 38.07577100573141 0.0 1.0 1.0 1 0 0 0.0 1.0 0
cell 52.201031950637585 44.65725674534309 0.0 1.0 1.0 1 0 0 0.0 1.0 0
cell 56.6590472255032 58.7623453595404 0.0 1.6431676725154984 0.6085806194501846 1 0 0 0.18577280685157052 -0.982592725514742 5.909468704025645
cell 8.53668302069436 6.505587396262768 0.0 1.0 1.0 1 0 0 0.0 1.0 0
cell 4.068321866069908 26.88763103217918 0.0 1.0 1.0 1 0 0 0.0 1.0 0
cell 12.408935776273095 33.369774754484425 0.0 1.6431676725154984 0.6085806194501846 1 0 0 0.999551102280543 -0.029959871991574714 3.2015213651286443
cell 11.475433421369985 50.85393963139934 0.0 1.6431676725154984 0.6085806194501846 1 0 0 0.27888534734919873 -0.960324405101691 5.717918889230927
cell 58.12567843126614 25.778983371606213 0.0 1.6431676725154984 0.6085806194501846 1 0 0 0.20321246993696612 -0.9791346649272089 5.873909831236277
cell 14.731365351955832 9.02190476181232 0.0 1.0 1.0 1 0 0 0.0 1.0 0
cell 18.464270994674326 11.645569644305809 0.0 1.6431676725154984 0.6085806194501846 1 0 0 -0.04019798251612363 -0.9991917344542205 0.08041763246714417
cell 40.77441055849694 14.848709935467117 0.0 1.6431676725154984 0.6085806194501846 1 0 0 -0.23558207158948058 -0.9718544580057288 0.47563490684705556
cell 30.98458691618737 21.846338754162566 0.0 1.6431676725154984 0.6085806194501846 1 0 0 0.6849833619450366 -0.7285587099599283 4.774023583862241
cell 33.17948749854264 41.93595631536514 0.0 1.6431676725154984 0.6085806194501846 1 0 0 0.9500020062979573 -0.3122437958228408 3.776700661455713
cell 57.12492714785444 40.65404935380623 0.0 1.0 1.0 1 0 0 0.0 1.0 0
cell 25.681767121919833 46.29631477638482 0.0 1.6431676725154984 0.6085806194501846 1 0 0 0.16870579785239492 -0.9856664515803442 5.944152309661761
cell 45.3830527965591 53.63451840346736 0.0 1.0 1.0 1 0 0 0.0 1.0 0
cell 16.86761271128321 6.979156484914633 0.0 1.0 1.0 1 0 0 0.0 1.0 0
cell 31.487709657647905 16.733252954911322 0.0 1.6431676725154984 0.6085806194501846 1 0 0 0.19851262076249607 -0.9800983314943483 5.883505096665634
cell 3.2596526926577223 16.58771418937553 0.0 1.6431676725154984 0.6085806194501846 1 0 0 0.13243877199113738 -0.9911911882545564 6.017527260241911
cell 24.44238704038068 3.537276833742667 0.0 1.6431676725154984 0.6085806194501846 1 0 0 0.8967716290653661 -0.44249366696422826 4.058347628803154
cell 42.36343977465777 34.58437751779193 0.0 1.0 1.0 1 0 0 0.0 1.0 0
cell 30.758584334832758 19.84455319861733 0.0 1.6431676725154984 0.6085806194501846 1 0 0 0.6103532894109098 -0.7921293215790476 4.970172279189428
cell 18.01955516698297 42.96259074722661 0.0 1.6431676725154984 0.6085806194501846 1 0 0 0.6173052417154431 -0.7867237371216393 4.952559728511853
cell 46.69004876034188 23.722878497056396 0.0 1.6431676725154984 0.6085806194501846 1 0 0 0.07155191517750227 -0.9974368769172471 6.139959087091802
cell 8.804229011906347 27.260896270518572 0.0 1.0 1.0 1 0 0 0.0 1.0 0
cell 43.53700643451024 0.17588603108591697 0.0 1.6431676725154984 0.6085806194501846 1 0 0 0.9973299626352762 -0.07302701986195745 3.287776822218377
cell 42.94190038299716 36.532209970437556 0.0 1.0 1.0 1 0 0 0.0 1.0 0
cell 55.58440724599288 44.69284905733124 0.0 1.0 1.0 1 0 0 0.0 1.0 0
cell 1.1508647817112996 9.110097401335128 0.0 1.0 1.0 1 0 0 0.0 1.0 0
cell 21.35757372313975 9.61602796543812 0.0 1.0 1.0 1 0 0 0.0 1.0 0
cell 36.80624552520935 20.150440505255126 0.0 1.0 1.0 1 0 0 0.0 1.0 0
cell 42.205826085294774 57.68096831467237 0.0 1.0 1.0 1 0 0 0.0 1.0 0
cell 3.1259915728940753 39.0852508383345 0.0 1.0 1.0 1 0 0 0.0 1.0 0
cell 57.24075773097748 32.86103117504118 0.0 1.0 1.0 1 0 0 0.0 1.0 0
cell 55.8667012622434 20.421864521889347 0.0 1.6431676725154984 0.6085806194501846 1 0 0 -0.01973282230322518 -0.9998052889057696 0.039468206272247564
cell 41.2713451489034 50.445870452749695 0.0 1.6431676725154984 0.6085806194501846 1 0 0 0.9996286363877694 -0.027250491986907648 3.1961003851266985
cell 51.555779550484424 37.14923556504699 0.0 1.0 1.0 1 0 0 0.0 1.0 0
cell 45.92724487193084 25.370138175042772 0.0 1.0 1.0 1 0 0 0.0 1.0 0
cell 20.209124078372717 3.300841867765858 0.0 1.6431676725154984 0.6085806194501846 1 0 0 0.24828140546138955 -0.9686879496009626 5.78137389929615
cell 32.72405801550538 10.810422307870239 0.0 1.0 1.0 1 0 0 0.0 1.0 0
cell 15.876475040275809 10.704482639176005 0.0 1.0 1.0 1 0 0 0.0 1.0 0
cell 45.027001799197215 58.30732033459311 0.0 1.6431676725154984 0.6085806194501846 1 0 0 0.2729559339178901 0.9620265371282709 0.5529286194806873
cell 6.126953825021736 22.280911362206577 0.0 1.6431676725154984 0.6085806194501846 1 0 0 0.43014329714654015 -0.9027606238200153 5.393882300984825
cell 21.688946645834097 47.72064252231239 0.0 1.6431676725154984 0.6085806194501846 1 0 0 0.3970949932430876 -0.9177775146195685 5.466486491483105
cell 20.743451360147056 50.51377145674494 0.0 1.0 1.0 1 0 0 0.0 1.0 0
cell 21.059129603747873 18.93433102376466 0.0 1.0 1.0 1 0 0 0.0 1.0 0
cell 41.9056981457372 39.74221002975912 0.0 1.0 1.0 1 0 0 0.0 1.0 0
cell 5.5843767495454975 43.05963758461602 0.0 1.6431676725154984 0.6085806194501846 1 0 0 0.743479081338016 0.6687591910491996 1.6765154343404876
cell 1.3446285764961714 30.965900116899917 0.0 1.0 1.0 1 0 0 0.0 1.0 0
cell 5.1836725168723 48.52873158012041 0.0 1.6431676725154984 0.6085806194501846 1 0 0 0.9976480419919624 0.06854476135784152 3.004395553393295
cell 2.774372052760724 29.91432162271474 0.0 1.0 1.0 1 0 0 0.0 1.0 0
cell 17.510063124072126 37.00548281695782 0.0 1.6431676725154984 0.6085806194501846 1 0 0 0.9915451612480274 -0.12976206381536687 3.4018506753545275
cell 13.086887012163901 13.725523417701131 0.0 1.6431676725154984 0.6085806194501846 1 0 0 -0.026735400363898248 -0.9996425452967586 0.053477172768627845
cell 51.649572504809655 46.240223256804995 0.0 1.6431676725154984 0.6085806194501846 1 0 0 0.9880586598595815 -0.15407817715850536 3.450981496897648
cell 36.53090333827446 7.568931774344572 0.0 1.0 1.0 1 0 0 0.0 1.0 0
cell 25.20585502129763 43.302655650797014 0.0 1.6431676725154984 0.6085806194501846 1 0 0 -0.16110412464306667 -0.986937414947367 0.3236185786183903
cell 29.821338753166266 31.820528654027253 0.0 1.6431676725154984 0.6085806194501846 1 0 0 0.8200338387061238 -0.5723150385730739 4.360245022634925
cell 17.579782709020673 1.703740845352454 0.0 1.0 1.0 1 0 0 0.0 1.0 0
cell 30.667352312517767 24.742893684154836 0.0 1.6431676725154984 0.6085806194501846 1 0 0 0.7593119025726334 -0.650726850999348 4.558675241846779
cell 44.49049699340235 26.811955621000767 0.0 1.0 1.0 1 0 0 0.0 1.0 0
cell 28.26741531025005 29.87779114413031 0.0 1.0 1.0 1 0 0 0.0 1.0 0
cell 35.01024230492602 14.709285573397867 0.0 1.6431676725154984 0.6085806194501846 1 0 0 -0.15992775900563405 -0.9871287210386677 0.32123493913085266
cell 8.001982688473092 48.935961321518256 0.0 1.6431676725154984 0.6085806194501846 1 0 0 0.07477273052256586 -0.9972006010679094 6.133500143887689
cell 53.83659949724697 13.07028726988254 0.0 1.0 1.0 1 0 0 0.0 1.0 0
cell 38.785090961844205 3.2612160124043292 0.0 1.6431676725154984 0.6085806194501846 1 0 0 0.8253113486657261 0.5646779416300589 1.9415067036906306
cell 39.68290586599558 10.260285444032693 0.0 1.0 1.0 1 0 0 0.0 1.0 0
cell 44.10217747756794 31.735038621491007 0.0 1.0 1.0 1 0 0 0.0 1.0 0
cell 50.85929956595079 6.6718140273898285 0.0 1.0 1.0 1 0 0 0.0 1.0 0
cell 30.524563982030063 12.779044856649055 0.0 1.6431676725154984 0.6085806194501846 1 0 0 0.18102045560160893 -0.9834793310760455 5.919137407628738
cell 0.3284459949635075 16.519862897066005 0.0 1.0 1.0 1 0 0 0.0 1.0 0
cell 50.131711885237856 30.019903051296335 0.0 1.0 1.0 1 0 0 0.0 1.0 0
cell 48.27283584648668 55.61849529767057 0.0 1.0 1.0 1 0 0 0.0 1.0 0
cell 11.74827028791925 31.11429988591089 0.0 1.0 1.0 1 0 0 0.0 1.0 0
cell 49.21991882179298 13.673450816859962 0.0 1.0 1.0 1 0 0 0.0 1.0 0
cell 13.892484601976292 10.543673587059153 0.0 1.0 1.0 1 0 0 0.0 1.0 0
cell 40.01891582875397 39.044523223162 0.0 1.0 1.0 1 0 0 0.0 1.0 0
cell 33.65196610110862 39.33229605387105 0.0 1.6431676725154984 0.6085806194501846 1 0 0 0.8645741662831106 -0.5025052347944888 4.194580644326191
cell 24.772716574805713 24.131904231132456 0.0 1.0 1.0 1 0 0 0.0 1.0 0
cell 30.29228386699172 41.69988909954224 0.0 1.0 1.0 1 0 0 0.0 1.0 0
cell 21.36169087708574 34.700449576342166 0.0 1.6431676725154984 0.6085806194501846 1 0 0 0.7494901867416391 0.6620154529752178 1.6945833004485715
cell 44.92202963489649 43.78130538406134 0.0 1.0 1.0 1 0 0 0.0 1.0 0
cell 7.726036830566534 0.9733194312337555 0.0 1.6431676725154984 0.6085806194501846 1 0 0 0.24193869733132223 0.9702915369792848 0.48872682282045427
cell 25.275831288623714 5.906138110548865 0.0 1.0 1.0 1 0 0 0.0 1.0 0
cell 36.857008407304576 2.8898992263925205 0.0 1.6431676725154984 0.6085806194501846 1 0 0 0.9833853990485263 0.1815300441749812 2.776508407097205
cell 16.53710095845703 20.377900772103587 0.0 1.0 1.0 1 0 0 0.0 1.0 0
cell 39.7078708649358 37.104480100392294 0.0 1.0 1.0 1 0 0 0.0 1.0 0
cell 53.343156908999994 24.694837435750447 0.0 1.6431676725154984 0.6085806194501846 1 0 0 0.03723474551132224 -0.9993065464244228 6.2086985976691516
cell 19.0783864430378 55.92525479849382 0.0 1.6431676725154984 0.6085806194501846 1 0 0 -0.6270745267087542 -0.7789592659138166 1.355583780793717
cell 43.40535602224453 53.88309556110525 0.0 1.0 1.0 1 0 0 0.0 1.0 0
cell 44.01065819008774 7.177097712303094 0.0 1.0 1.0 1 0 0 0.0 1.0 0
cell 32.36188389431962 14.632323786525166 0.0 1.6431676725154984 0.6085806194501846 1 0 0 0.09504452918721698 -0.9954730219707515 6.092808885385659
cell 5.673009301919364 27.77749962762439 0.0 1.0 1.0 1 0 0 0.0 1.0 0
cell 45.60336669034618 17.55639060277929 0.0 1.6431676725154984 0.6085806194501846 1 0 0 -0.3062754161421171 -0.9519429444388844 0.6225558883364322
cell 6.7698933329170075 12.006904329738642 0.0 1.0 1.0 1 0 0 0.0 1.0 0
cell 55.37716092120738 54.943776760595846 0.0 1.6431676725154984 0.6085806194501846 1 0 0 -0.08192927608808319 0.9966381458281047 6.119142884869406
cell 28.672722334456605 3.548229321303841 0.0 1.6431676725154984 0.6085806194501846 1 0 0 0.9720530470088036 -0.23476131240240752 3.6155386752688385
cell 23.634588646125987 40.180721016737394 0.0 1.0 1.0 1 0 0 0.0 1.0 0
cell 26.656949943613675 1.1267248106918275 0.0 1.6431676725154984 0.6085806194501846 1 0 0 0.9827635967900974 -0.1848667434239886 3.5134651873439857
cell 42.46985471557549 12.10341753748114 0.0 1.0 1.0 1 0 0 0.0 1.0 0
cell 26.207774932428375 55.8079307513104 0.0 1.6431676725154984 0.6085806194501846 1 0 0 0.9275914811010088 -0.3735960976627525 3.907358294166462
cell 21.17873904697151 37.692930586862964 0.0 1.6431676725154984 0.6085806194501846 1 0 0 0.9688357715089685 -0.24770395201655923 3.6422119141535534
cell 41.03181419730348 33.108761241172886 0.0 1.0 1.0 1 0 0 0.0 1.0 0
cell 48.956824238346 33.22390880888459 0.0 1.0 1.0 1 0 0 0.0 1.0 0
cell 8.268048091783086 18.182971701923513 0.0 1.6431676725154984 0.6085806194501846 1 0 0 0.17825249525780798 -0.9839847803367515 5.924764871939903
cell 1.6494211904249387 7.168451575761686 0.0 1.0 1.0 1 0 0 0.0 1.0 0
cell 19.568695398742758 1.7805796764714497 0.0 1.0 1.0 1 0 0 0.0 1.0 0
cell 41.35706846282698 23.88675494543027 0.0 1.0 1.0 1 0 0 0.0 1.0 0
cell 13.989813563424567 28.947637621771875 0.0 1.0 1.0 1 0 0 0.0 1.0 0
cell 49.235729120219 46.210629259871865 0.0 1.6431676725154984 0.6085806194501846 1 0 0 0.9684334371088699 -0.2492722966747421 3.645450172024123
cell 19.269276856637266 15.75950884125015 0.0 1.6431676725154984 0.6085806194501846 1 0 0 0.3924928027814543 -0.9197550759657478 5.4765046666434865
cell 26.963452007018617 16.929955667406382 0.0 1.6431676725154984 0.6085806194501846 1 0 0 0.5068852525202464 -0.8620135386277213 5.220050114959852
cell 54.79069626054393 9.779111936928327 0.0 1.0 1.0 1 0 0 0.0 1.0 0
cell 43.99905998512292 46.89423531483365 0.0 1.6431676725154984 0.6085806194501846 1 0 0 0.9611843465555941 -0.2759069624646965 3.700658980080794
cell 55.357049160505554 32.365614531150115 0.0 1.0 1.0 1 0 0 0.0 1.0 0
cell 10.745370096342658 27.58082956857464 0.0 1.0 1.0 1 0 0 0.0 1.0 0
cell 52.84507770817064 35.600843454495106 0.0 1.0 1.0 1 0 0 0.0 1.0 0
cell 39.14952912713873 46.84344499316096 0.0 1.6431676725154984 0.6085806194501846 1 0 0 0.9959327310453784 -0.09009991804931848 3.3220371949138614
cell 15.091151997708778 21.257319147234526 0.0 1.0 1.0 1 0 0 0.0 1.0 0
cell 47.08166439237799 11.308320204509291 0.0 1.0 1.0 1 0 0 0.0 1.0 0
cell 57.2975584084839 37.35822903776439 0.0 1.0 1.0 1 0 0 0.0 1.0 0
cell 22.5453538639466 52.11435978127868 0.0 1.6431676725154984 0.6085806194501846 1 0 0 0.9951398955531306 -0.09847125610300832 3.3388548410707584
cell 31.144875473686167 31.869787529734992 0.0 1.6431676725154984 0.6085806194501846 1 0 0 0.813134377807838 -0.5820760118979823 4.3841515792396315
cell 54.49445398739462 7.8319851161102765 0.0 1.0 1.0 1 0 0 0.0 1.0 0
cell 8.623958061729638 16.698879548285806 0.0 1.6431676725154984 0.6085806194501846 1 0 0 0.20164697034919213 -0.97945826830396 5.877107022909596
cell 31.1883710401404 9.518958611440661 0.0 1.0 1.0 1 0 0 0.0 1.0 0
cell 32.47797585936458 34.802909008799574 0.0 1.6431676725154984 0.6085806194501846 1 0 0 0.900027533353342 -0.4358330405165479 4.04351993725374
cell 22.92263960514756 57.64161716544879 0.0 1.0 1.0 1 0 0 0.0 1.0 0
cell 16.321739262810183 16.170590403707365 0.0 1.6431676725154984 0.6085806194501846 1 0 0 0.30244228101403553 -0.9531677012231515 5.6686775182316484
cell 36.33433397035364 22.058295175533914 0.0 1.0 1.0 1 0 0 0.0 1.0 0
cell 59.06413086174584 33.61493766483373 0.0 1.0 1.0 1 0 0 0.0 1.0 0
cell 42.831805841079024 8.781564388303865 0.0 1.0 1.0 1 0 0 0.0 1.0 0
cell 46.09122562950764 36.04220690666181 0.0 1.0 1.0 1 0 0 0.0 1.0 0
cell 54.19162221077004 38.983525062788196 0.0 1.0 1.0 1 0 0 0.0 1.0 0
cell 51.245001110254556 0.1705766030554592 0.0 1.6431676725154984 0.6085806194501846 1 0 0 0.4899790345219098 -0.871734217367299 5.259053902256241
cell 22.049499791068143 40.60366613641609 0.0 1.6431676725154984 0.6085806194501846 1 0 0 0.5655561402205601 0.82470979881339 1.2022148886922668
cell 58.88426910486307 47.64514631052257 0.0 1.6431676725154984 0.6085806194501846 1 0 0 0.9983754423761761 -0.05697785587554706 3.2556101146756595
cell 51.25416109260867 8.644044963390948 0.0 1.0 1.0 1 0 0 0.0 1.0 0
cell 11.152772023653817 9.022113456998492 0.0 1.0 1.0 1 0 0 0.0 1.0 0
cell 41.480924302455435 53.688091545465134 0.0 1.0 1.0 1 0 0 0.0 1.0 0
cell 14.430798956554158 24.24415238930608 0.0 1.0 1.0 1 0 0 0.0 1.0 0
cell 3.132328328394867 31.749641664356705 0.0 1.0 1.0 1 0 0 0.0 1.0 0
cell 51.1102025182064 47.90140123041776 0.0 1.6431676725154984 0.6085806194501846 1 0 0 0.986655170060997 -0.16282375561294796 3.468696511891059
cell 25.523517554708533 21.804880248803812 0.0 1.6431676725154984 0.6085806194501846 1 0 0 0.4104222622626931 -0.9118955897684631 5.437351159499465
cell 42.88629495569333 43.54489348495948 0.0 1.0 1.0 1 0 0 0.0 1.0 0
cell 48.679392435357514 31.339045840123035 0.0 1.0 1.0 1 0 0 0.0 1.0 0
cell 21.850208747536623 31.76957387991142 0.0 1.6431676725154984 0.6085806194501846 1 0 0 0.9999996882967602 -0.000789560879517726 3.143171775512901
cell 38.36047907134553 54.49611307567906 0.0 1.0 1.0 1 0 0 0.0 1.0 0
cell 54.42023993566778 43.50497467015415 0.0 1.0 1.0 1 0 0 0.0 1.0 0
cell 5.454912373163048 37.639244080754146 0.0 1.6431676725154984 0.6085806194501846 1 0 0 0.9701152196271996 0.2426447210381265 2.651410417004686
cell 10.12134720330574 33.93972767660739 0.0 1.6431676725154984 0.6085806194501846 1 0 0 0.9929737496460377 -0.11833483220881343 3.3788181806782083
cell 33.00771033694776 25.119536083741313 0.0 1.6431676725154984 0.6085806194501846 1 0 0 0.8948409140397746 -0.4463851907942967 4.0670359308025725
cell 55.148225610526616 28.726844319172127 0.0 1.0 1.0 1 0 0 0.0 1.0 0
cell 38.60701770235501 56.53938816769909 0.0 1.0 1.0 1 0 0 0.0 1.0 0
cell 17.870113885011634 24.855557484963803 0.0 1.0 1.0 1 0 0 0.0 1.0 0
cell 58.205131827172586 39.05787151542346 0.0 1.0 1.0 1 0 0 0.0 1.0 0
cell 0.7788532550813003 52.35197240098785 0.0 1.6431676725154984 0.6085806194501846 1 0 0 0.9314645680221053 -0.3638320471308056 3.886349867320669
cell 55.779927387529334 34.11421090066232 0.0 1.0 1.0 1 0 0 0.0 1.0 0
cell 31.45167508007455 47.18346060583088 0.0 1.6431676725154984 0.6085806194501846 1 0 0 -0.2141913563932987 -0.9767917192761203 0.4317277957075989
cell 23.103586822191957 27.37457360605222 0.0 1.0 1.0 1 0 0 0.0 1.0 0
cell 54.25381361081787 14.971805708481172 0.0 1.0 1.0 1 0 0 0.0 1.0 0
cell 29.319127971499437 2.1553391593807856 0.0 1.6431676725154984 0.6085806194501846 1 0 0 0.9961493434466822 0.08767260433421661 2.966022032963893
cell 6.22857305695064 20.827906858339826 0.0 1.6431676725154984 0.6085806194501846 1 0 0 0.29810248527681255 -0.954533869630506 5.677777030057348
cell 36.320930842657305 9.353248784675646 0.0 1.0 1.0 1 0 0 0.0 1.0 0
cell 3.134788470687824 14.992323472522973 0.0 1.0 1.0 1 0 0 0.0 1.0 0
cell 31.466733549655736 53.860009219374675 0.0 1.6431676725154984 0.6085806194501846 1 0 0 0.3094495495044871 0.9509158618466041 0.6292282287284098
cell 16.488637776626934 14.911654693899003 0.0 1.6431676725154984 0.6085806194501846 1 0 0 0.163244880381923 -0.9865855811986569 5.955227777551469
cell 45.16114377657001 5.578469677526602 0.0 1.0 1.0 1 0 0 0.0 1.0 0
cell 35.5906742089307 17.406327465049262 0.0 1.6431676725154984 0.6085806194501846 1 0 0 0.3117477368556403 -0.9501649059849487 5.6491215422224865
cell 15.000708702743147 31.35753830616145 0.0 1.6431676725154984 0.6085806194501846 1 0 0 0.9460636178539438 -0.3239809114332311 3.8014613354440177
cell 40.4952072295082 44.83651776671191 0.0 1.6431676725154984 0.6085806194501846 1 0 0 0.9908138705374201 0.13523266598960634 2.8702960899681456
cell 28.68948425682232 22.80230602673105 0.0 1.0 1.0 1 0 0 0.0 1.0 0
cell 18.19045569574301 20.433391228924012 0.0 1.0 1.0 1 0 0 0.0 1.0 0
cell 12.695123231037817 27.653635272303692 0.0 1.0 1.0 1 0 0 0.0 1.0 0
cell 39.76941714771214 49.24797625944715 0.0 1.6431676725154984 0.6085806194501846 1 0 0 0.9955736169386865 -0.09398496292291414 3.32984041371689
cell 58.67169123426472 48.99438787348832 0.0 1.6431676725154984 0.6085806194501846 1 0 0 0.9609517882046494 -0.27671584838293345 3.702342286181458
cell 34.83032525451058 49.4630983023922 0.0 1.6431676725154984 0.6085806194501846 1 0 0 0.4032016895749894 0.9151111394381962 0.8300256999517711
cell 43.05641217923978 30.182334350384746 0.0 1.0 1.0 1 0 0 0.0 1.0 0
cell 5.493251936811135 10.802678247042792 0.0 1.0 1.0 1 0 0 0.0 1.0 0
cell 55.04672214858965 25.298147575124556 0.0 1.6431676725154984 0.6085806194501846 1 0 0 0.20974495034261054 -0.9777561330954544 5.860557106296431
cell 57.77311108364357 1.384592755795693 0.0 1.6431676725154984 0.6085806194501846 1 0 0 0.09269310563756698 -0.9956947263932168 6.0975325907761135
cell 1.10315104367749 26.987632923946954 0.0 1.0 1.0 1 0 0 0.0 1.0 0
cell 47.06660238884971 22.633559260189465 0.0 1.6431676725154984 0.6085806194501846 1 0 0 -0.03472203597274757 -0.9993970083094642 0.06945803337911816
cell 47.88033946937786 27.75010817369651 0.0 1.0 1.0 1 0 0 0.0 1.0 0
cell 5.103549906174953 1.0254035012418412 0.0 1.6431676725154984 0.6085806194501846 1 0 0 0.056800730638978156 0.9983855352512266 0.113662635970414
cell 19.961723870370378 17.271341877832658 0.0 1.0 1.0 1 0 0 0.0 1.0 0
cell 21.471610833908535 20.892189946131513 0.0 1.6431676725154984 0.6085806194501846 1 0 0 0.49890775068790305 -0.8666550965081422 5.238509280677779
cell 41.42030163900328 27.394718674221256 0.0 1.0 1.0 1 0 0 0.0 1.0 0
cell 43.76160611452081 18.844038926658722 0.0 1.6431676725154984 0.6085806194501846 1 0 0 -0.23998102463769086 -0.9707775789612387 0.48469260886323706
cell 55.31950890370908 46.3387551144421 0.0 1.6431676725154984 0.6085806194501846 1 0 0 0.07144872131679768 0.9974442742440274 0.14301930277734184
cell 13.293318955511849 55.925409668254765 0.0 1.0 1.0 1 0 0 0.0 1.0 0
cell 35.71342303540661 41.65763257412512 0.0 1.6431676725154984 0.6085806194501846 1 0 0 0.9648441091229027 -0.2628228397434897 3.673486128268687
cell 57.36252017426777 5.198144438768534 0.0 1.0 1.0 1 0 0 0.0 1.0 0
cell 53.427048366771395 2.693497703727732 0.0 1.6431676725154984 0.6085806194501846 1 0 0 0.7698148178991833 -0.6382672999166159 4.526083370453997
cell 2.0440645173735223 40.755562666463284 0.0 1.0 1.0 1 0 0 0.0 1.0 0
cell 43.005071610853435 26.20474419836018 0.0 1.0 1.0 1 0 0 0.0 1.0 0
cell 6.281144087247988 19.440972147260762 0.0 1.6431676725154984 0.6085806194501846 1 0 0 0.237047101633114 -0.971498158313921 5.804534931592999
cell 17.944716922225535 56.04514292650404 0.0 1.6431676725154984 0.6085806194501846 1 0 0 0.6234363524325958 0.7818741039742525 1.3462601265012881
cell 45.90908104063861 7.426077134718654 0.0 1.0 1.0 1 0 0 0.0 1.0 0
cell 23.185928836066065 50.83139673113054 0.0 1.0 1.0 1 0 0 0.0 1.0 0
cell 49.55497946917794 8.174055912379291 0.0 1.0 1.0 1 0 0 0.0 1.0 0
cell 47.20942158037541 40.04899685567514 0.0 1.0 1.0 1 0 0 0.0 1.0 0
cell 46.47144288627795 29.105338474171948 0.0 1.0 1.0 1 0 0 0.0 1.0 0
cell 57.54010838259226 7.215688825969788 0.0 1.0 1.0 1 0 0 0.0 1.0 0
cell 36.66689122039107 5.744581228100552 0.0 1.0 1.0 1 0 0 0.0 1.0 0
cell 4.18907507428193 24.804018376813012 0.0 1.0 1.0 1 0 0 0.0 1.0 0
cell 57.685928031252615 34.50927339802204 0.0 1.0 1.0 1 0 0 0.0 1.0 0
cell 44.68766866185779 14.49391699172239 0.0 1.0 1.0 1 0 0 0.0 1.0 0
cell 23.512866842389567 43.762245404194694 0.0 1.6431676725154984 0.6085806194501846 1 0 0 -0.1043010990760753 -0.9945457660316708 0.2089822825743184
cell 35.062626298906885 39.563352944364865 0.0 1.6431676725154984 0.6085806194501846 1 0 0 0.8975107034091153 -0.44099267257639896 4.055001457444212
cell 44.3148360075441 50.097919305566904 0.0 1.6431676725154984 0.6085806194501846 1 0 0 0.999911136095999 -0.013331163160374719 3.168255769711419
cell 28.602654770362154 36.891923170170294 0.0 1.0 1.0 1 0 0 0.0 1.0 0
cell 33.532021845618715 19.172207819369337 0.0 1.6431676725154984 0.6085806194501846 1 0 0 0.4630912599162471 -0.8863106029994129 5.32022567249453
cell 55.44813614950472 52.17421591279267 0.0 1.6431676725154984 0.6085806194501846 1 0 0 0.9131159549112301 -0.40769995448436386 3.981460141459654
cell 9.08452413513688 21.217814849130637 0.0 1.6431676725154984 0.6085806194501846 1 0 0 0.407898353120689 -0.9130273454401187 5.442883245231106
cell 13.78735367072929 20.351612763854508 0.0 1.0 1.0 1 0 0 0.0 1.0 0
cell 3.7300805737058127 4.440727375550417 0.0 1.0 1.0 1 0 0 0.0 1.0 0
cell 27.95642941918321 13.745371340630472 0.0 1.6431676725154984 0.6085806194501846 1 0 0 0.3030864605495891 -0.9529630619449646 5.667325712734404
cell 52.719739778157354 22.92217983515892 0.0 1.6431676725154984 0.6085806194501846 1 0 0 0.0074111616687721924 -0.9999725369642505 6.268362848151886
cell 5.254142437566535 17.659033524435053 0.0 1.6431676725154984 0.6085806194501846 1 0 0 0.2570806650634909 -0.9663899480284929 5.763185072964952
cell 42.454166757157495 48.90412411543597 0.0 1.6431676725154984 0.6085806194501846 1 0 0 0.9985974745177701 -0.05294415819267806 3.24753050145126
cell 42.886568651389744 45.188465074604736 0.0 1.6431676725154984 0.6085806194501846 1 0 0 0.9974093282218462 0.07193491486090287 2.9975984551431605
cell 53.611614221055795 29.97654206790948 0.0 1.0 1.0 1 0 0 0.0 1.0 0
cell 6.62402554438692 50.51717195534449 0.0 1.6431676725154984 0.6085806194501846 1 0 0 0.20703289639689687 -0.9783339817309382 5.8661029698277165
cell 47.11673610025107 5.856241867282209 0.0 1.0 1.0 1 0 0 0.0 1.0 0
cell 41.55182360600272 1.6875680737915388 0.0 1.0 1.0 1 0 0 0.0 1.0 0
cell 33.44288693891216 12.546901381695962 0.0 1.6431676725154984 0.6085806194501846 1 0 0 -0.18384769628598133 -0.9829547418728584 0.3697988957834317
cell 14.162852336007692 37.98119677778504 0.0 1.6431676725154984 0.6085806194501846 1 0 0 -0.09240212615728545 -0.9957217719230674 0.18506824905883335
cell 34.50250795747866 11.615239510022192 0.0 1.0 1.0 1 0 0 0.0 1.0 0
cell 27.746492181259256 39.70222440506044 0.0 1.0 1.0 1 0 0 0.0 1.0 0
cell 17.211766544424158 27.951598433354143 0.0 1.0 1.0 1 0 0 0.0 1.0 0
cell 0.8267791577005165 46.4795848445994 0.0 1.6431676725154984 0.6085806194501846 1 0 0 -0.004418485215586632 0.9999902384465559 6.2743483079941145
cell 38.62340490392967 40.075797086583115 0.0 1.0 1.0 1 0 0 0.0 1.0 0
cell 40.03548717635686 16.77631390232467 0.0 1.6431676725154984 0.6085806194501846 1 0 0 -0.30901203232784774 -0.9510581285476788 0.6283080959166432
cell 32.77104921441031 52.22969091108187 0.0 1.0 1.0 1 0 0 0.0 1.0 0
cell 37.24038835367398 41.04276657987252 0.0 1.0 1.0 1 0 0 0.0 1.0 0
cell 22.124737017895857 49.33687905459294 0.0 1.0 1.0 1 0 0 0.0 1.0 0
cell 26.662672179875326 57.590530469312625 0.0 1.0 1.0 1 0 0 0.0 1.0 0
cell 49.1975188712172 40.21117484065657 0.0 1.0 1.0 1 0 0 0.0 1.0 0
cell 35.20834791170462 37.689114032738686 0.0 1.0 1.0 1 0 0 0.0 1.0 0
cell 33.78075232083094 23.346477266109638 0.0 1.6431676725154984 0.6085806194501846 1 0 0 0.9214014473520937 -0.3886121110020463 3.9398423193912793
cell 41.053636176659836 46.20605693649196 0.0 1.6431676725154984 0.6085806194501846 1 0 0 0.9940686036127896 -0.10875482201409971 3.3595333658317577
cell 24.53617065175079 54.70916133476389 0.0 1.6431676725154984 0.6085806194501846 1 0 0 0.8290416062948694 -0.559186923158994 4.328402117862288
cell 20.743465202116624 6.976476130324917 0.0 1.0 1.0 1 0 0 0.0 1.0 0
cell 2.218565366149093 1.4196177557381793 0.0 1.6431676725154984 0.6085806194501846 1 0 0 -0.026442678456902277 -0.9996503312438929 0.05289152189508339
cell 52.10471296524934 12.54865357361384 0.0 1.0 1.0 1 0 0 0.0 1.0 0
cell 17.85978716321409 38.35825501699832 0.0 1.6431676725154984 0.6085806194501846 1 0 0 0.9898094863746172 -0.1423979658661475 3.427359951574067
cell 41.387555188405145 16.778837429266236 0.0 1.6431676725154984 0.6085806194501846 1 0 0 -0.394055851108711 -0.9190864954981056 0.810080711483077
cell 1.6450919496872418 22.89977674804168 0.0 1.6431676725154984 0.6085806194501846 1 0 0 0.20533912889086497 -0.9786908818142431 5.8695648922890475
cell 27.18910895529388 19.148888972176096 0.0 1.6431676725154984 0.6085806194501846 1 0 0 0.4505183716043173 -0.8927671571283267 5.34849352966865
cell 54.106957591334634 22.112985157423896 0.0 1.6431676725154984 0.6085806194501846 1 0 0 -0.013895691653559892 -0.9999034502158042 0.02779227775901738
cell 58.690209415019304 44.26244524173764 0.0 1.6431676725154984 0.6085806194501846 1 0 0 0.9801551107317326 0.1982320834437884 2.742484894190068
cell 11.149158797974675 29.366354004845128 0.0 1.0 1.0 1 0 0 0.0 1.0 0
cell 31.170837834745793 27.766053943650256 0.0 1.6431676725154984 0.6085806194501846 1 0 0 0.8207000475894315 -0.5713592844145484 4.357914957879379
cell 23.90173936354044 33.66070778310312 0.0 1.0 1.0 1 0 0 0.0 1.0 0
cell 16.684569640525766 35.34493565841542 0.0 1.6431676725154984 0.6085806194501846 1 0 0 0.9442362611558532 0.32926870959508936 2.4705346690684675
cell 34.0211234955205 16.199908076360774 0.0 1.6431676725154984 0.6085806194501846 1 0 0 0.18151949661176006 -0.9833873460390942 5.918122512200901
cell 26.079154724509042 52.211364282512356 0.0 1.0 1.0 1 0 0 0.0 1.0 0
cell 50.51842987075827 33.733182866309555 0.0 1.0 1.0 1 0 0 0.0 1.0 0
cell 38.72822468854463 51.59838545956566 0.0 1.0 1.0 1 0 0 0.0 1.0 0
cell 24.181496978909312 57.116725195636995 0.0 1.6431676725154984 0.6085806194501846 1 0 0 0.7452692593196578 -0.6667636246175466 4.60130814666424
cell 29.293170019706015 27.003656264584773 0.0 1.6431676725154984 0.6085806194501846 1 0 0 0.7883115747263972 -0.6152762478370085 4.467065350310584
cell 24.6419914478298 45.48546453005724 0.0 1.6431676725154984 0.6085806194501846 1 0 0 -0.01638377143590911 -0.9998657770088623 0.032769009003073
cell 24.357477054965184 1.0992298943235121 0.0 1.6431676725154984 0.6085806194501846 1 0 0 0.8119638590226147 -0.5837077107946267 4.388167824685815
cell 50.383057693763156 31.832282644368266 0.0 1.0 1.0 1 0 0 0.0 1.0 0
cell 26.324243210280514 34.30968852980037 0.0 1.0 1.0 1 0 0 0.0 1.0 0
cell 45.65299988341525 32.241299924552834 0.0 1.0 1.0 1 0 0 0.0 1.0 0
cell 22.36599983553579 8.163354632128522 0.0 1.0 1.0 1 0 0 0.0 1.0 0
cell 24.745277856141982 35.48282984221479 0.0 1.0 1.0 1 0 0 0.0 1.0 0
cell 26.46202407430351 50.62729066902292 0.0 1.0 1.0 1 0 0 0.0 1.0 0
cell 11.712533049830691 22.92634190732899 0.0 1.0 1.0 1 0 0 0.0 1.0 0
cell 44.233033002042156 12.527270116996894 0.0 1.0 1.0 1 0 0 0.0 1.0 0
cell 25.57629122793626 44.673863390230096 0.0 1.6431676725154984 0.6085806194501846 1 0 0 -0.07157697679324182 -0.9974350787861532 0.14327647216670414
cell 50.430648472614344 12.11623649355198 0.0 1.0 1.0 1 0 0 0.0 1.0 0
cell 17.622050116667765 10.324381869337214 0.0 1.0 1.0 1 0 0 0.0 1.0 0
cell 5.028496817773599 57.792678713830156 0.0 1.6431676725154984 0.6085806194501846 1 0 0 0.35810852194162884 0.9336799700715347 0.7324825463114571
cell 38.832743956407924 8.466589294935003 0.0 1.0 1.0 1 0 0 0.0 1.0 0
cell 38.14201823245157 43.27310189602665 0.0 1.6431676725154984 0.6085806194501846 1 0 0 0.9914878788315068 -0.1301990250739205 3.4027320751953773
cell 56.16473386248605 38.95168981488095 0.0 1.0 1.0 1 0 0 0.0 1.0 0
cell 47.796410506604815 19.380368393611885 0.0 1.6431676725154984 0.6085806194501846 1 0 0 -0.2679281462475628 -0.9634388971015986 0.5424838176081863
cell 13.317002683576815 5.614921637076482 0.0 1.6431676725154984 0.6085806194501846 1 0 0 0.9495047542629645 -0.31375264402396236 3.779878008154557
cell 13.737568530074968 17.249104110081642 0.0 1.6431676725154984 0.6085806194501846 1 0 0 0.14247879833704935 -0.9897978541219568 5.997254678883885
cell 11.820970118565832 0.9072249400892815 0.0 1.6431676725154984 0.6085806194501846 1 0 0 0.9600438818415135 -0.2798495040886765 3.708867346024176
cell 32.71679017210677 29.94560178123614 0.0 1.6431676725154984 0.6085806194501846 1 0 0 0.8555798650762119 -0.5176708360301661 4.229845412574833
cell 3.020456175616718 54.77631791765476 0.0 1.6431676725154984 0.6085806194501846 1 0 0 0.9180686177964713 -0.39642150927677555 3.9568240610450123
cell 0.0748996489984391 4.321419938696287 0.0 1.0 1.0 1 0 0 0.0 1.0 0
cell 26.358316656834646 27.196900769003165 0.0 1.0 1.0 1 0 0 0.0 1.0 0
cell 11.942770956716256 51.924424205808556 0.0 1.6431676725154984 0.6085806194501846 1 0 0 0.3248305465281939 -0.9457722326449401 5.621520200889033
cell 30.509513202149133 28.736014217304334 0.0 1.6431676725154984 0.6085806194501846 1 0 0 0.7947264954402309 -0.6069677070860432 4.446071630403692
cell 3.0005671092779376 8.393180135168786 0.0 1.0 1.0 1 0 0 0.0 1.0 0
cell 36.95001527340481 50.953325334062896 0.0 1.0 1.0 1 0 0 0.0 1.0 0
cell 46.24080132718694 55.438860275927546 0.0 1.0 1.0 1 0 0 0.0 1.0 0
cell 38.20346899142256 38.110896622844486 0.0 1.0 1.0 1 0 0 0.0 1.0 0
cell 52.318393492129736 38.91127262998378 0.0 1.0 1.0 1 0 0 0.0 1.0 0
cell 51.916357281841364 54.99154732687806 0.0 1.6431676725154984 0.6085806194501846 1 0 0 0.5513942077040989 0.8342448248028687 1.1680690758653889
cell 39.86646127368622 20.334769887068074 0.0 1.6431676725154984 0.6085806194501846 1 0 0 -0.0028254553846462287 -0.9999960083929682 0.005650918288043094
cell 12.735607911243486 42.056457876164785 0.0 1.6431676725154984 0.6085806194501846 1 0 0 0.8190305783202123 0.5737498686504935 1.9194387023103012
cell 53.59181694826632 31.7458777435757 0.0 1.0 1.0 1 0 0 0.0 1.0 0
cell 36.65606475297229 39.12264860272715 0.0 1.0 1.0 1 0 0 0.0 1.0 0
cell 18.441519067173648 40.330893935780466 0.0 1.6431676725154984 0.6085806194501846 1 0 0 -0.4073698169898814 0.9132632874509029 5.444040861891965
cell 58.0303661614115 17.931677267919262 0.0 1.6431676725154984 0.6085806194501846 1 0 0 -0.035546831693840646 -0.9993680116736425 0.07110864396321581
cell 34.67631280202625 8.173284085385921 0.0 1.0 1.0 1 0 0 0.0 1.0 0
cell 40.82125244491222 43.0999745333295 0.0 1.0 1.0 1 0 0 0.0 1.0 0
cell 56.934735030775514 12.502543560185657 0.0 1.0 1.0 1 0 0 0.0 1.0 0
cell 52.06699075205496 32.453081416134744 0.0 1.0 1.0 1 0 0 0.0 1.0 0
cell 52.89046195599504 20.47226328850321 0.0 1.6431676725154984 0.6085806194501846 1 0 0 -0.13123012418728366 -0.9913519327190471 0.26321946662872
cell 37.251466730576006 52.884951124099146 0.0 1.0 1.0 1 0 0 0.0 1.0 0
cell 7.4343138491494845 16.286073169877653 0.0 1.6431676725154984 0.6085806194501846 1 0 0 0.27290309913841404 -0.9620415263805658 5.730366527429551
cell 1.9668357453554322 48.75842999799819 0.0 1.6431676725154984 0.6085806194501846 1 0 0 0.9976140967042122 -0.0690370484380586 3.2797766658529928
cell 36.523490219317154 18.315747334580262 0.0 1.6431676725154984 0.6085806194501846 1 0 0 0.504379002921905 -0.8634823804870051 5.225860033854707
cell 17.798165039038615 5.199539357114212 0.0 1.0 1.0 1 0 0 0.0 1.0 0
cell 40.81752047477425 8.616505753259098 0.0 1.0 1.0 1 0 0 0.0 1.0 0
cell 42.84761522447373 16.417687671067213 0.0 1.6431676725154984 0.6085806194501846 1 0 0 0.2132756056676492 0.976992075723799 0.42985297074296536
cell 6.609147217855426 17.994086017524836 0.0 1.6431676725154984 0.6085806194501846 1 0 0 0.21562115241645227 -0.9764770958044029 5.848529505338392
cell 50.06285569612702 24.942572331535512 0.0 1.6431676725154984 0.6085806194501846 1 0 0 0.06077806976822847 -0.998151304279691 6.161554205435629
cell 56.4945118994528 10.553540825889748 0.0 1.0 1.0 1 0 0 0.0 1.0 0
cell 58.579089748792896 30.169139328457458 0.0 1.0 1.0 1 0 0 0.0 1.0 0
cell 40.23522855523635 55.26036409420731 0.0 1.0 1.0 1 0 0 0.0 1.0 0
cell 42.0307208487892 7.003270155628633 0.0 1.0 1.0 1 0 0 0.0 1.0 0
cell 33.36440504613755 4.921110105918417 0.0 1.0 1.0 1 0 0 0.0 1.0 0
cell 31.71862381870896 42.61870260916956 0.0 1.0 1.0 1 0 0 0.0 1.0 0
cell 20.04103467686916 8.465415902689077 0.0 1.0 1.0 1 0 0 0.0 1.0 0
cell 58.134625806538125 9.444129595139122 0.0 1.0 1.0 1 0 0 0.0 1.0 0
cell 46.96611476954305 30.85042336087948 0.0 1.0 1.0 1 0 0 0.0 1.0 0
cell 14.393239736412706 49.43982797937997 0.0 1.6431676725154984 0.6085806194501846 1 0 0 0.23591153258528122 -0.9717745359872648 5.806872367655177
cell 50.914573836774785 35.48244300151741 0.0 1.0 1.0 1 0 0 0.0 1.0 0
cell 43.0573025129266 20.893697005033285 0.0 1.6431676725154984 0.6085806194501846 1 0 0 -0.1508072897669788 -0.9885631802536136 0.302769702833789
cell 11.455005365321934 41.53435239399426 0.0 1.6431676725154984 0.6085806194501846 1 0 0 0.8255230257664083 0.5643684381053514 1.942256636029997
cell 9.245167896432791 49.881443940825285 0.0 1.6431676725154984 0.6085806194501846 1 0 0 -0.27898672757565046 0.9602949577273796 5.717707748536795
cell 25.069249717817698 14.648132037169107 0.0 1.0 1.0 1 0 0 0.0 1.0 0
cell 26.31791521704305 7.525242086019608 0.0 1.0 1.0 1 0 0 0.0 1.0 0
cell 39.52961723052327 53.34845471030909 0.0 1.0 1.0 1 0 0 0.0 1.0 0
cell 29.7454508103498 25.49741958727751 0.0 1.6431676725154984 0.6085806194501846 1 0 0 0.8072278377805289 -0.5902399663799226 4.404304814914542
cell 42.87150582798263 24.290116423396544 0.0 1.0 1.0 1 0 0 0.0 1.0 0
cell 44.55489419751423 51.70965726663723 0.0 1.0 1.0 1 0 0 0.0 1.0 0
cell 10.089228759631254 32.58649782343679 0.0 1.6431676725154984 0.6085806194501846 1 0 0 0.996561450371539 0.08285695887114497 2.9756885357066345
cell 21.59737871826754 44.17107161105384 0.0 1.6431676725154984 0.6085806194501846 1 0 0 -0.08825234191707602 -0.9960981498558019 0.17673460766755955
cell 50.21881810159092 49.91324909014557 0.0 1.6431676725154984 0.6085806194501846 1 0 0 0.9728820274208347 -0.23130188222650971 3.6084239359170605
cell 34.542236612345505 10.001573528915433 0.0 1.0 1.0 1 0 0 0.0 1.0 0
cell 15.85944300102978 58.11031443867763 0.0 1.0 1.0 1 0 0 0.0 1.0 0
cell 22.2695516049747 13.720485629635672 0.0 1.6431676725154984 0.6085806194501846 1 0 0 0.505172308689829 -0.8630185041660393 5.224022083537633
cell 48.28808109065462 9.744295458860067 0.0 1.0 1.0 1 0 0 0.0 1.0 0
cell 38.103302032685896 25.22896990569518 0.0 1.0 1.0 1 0 0 0.0 1.0 0
cell 13.837019618400806 15.216849741167081 0.0 1.6431676725154984 0.6085806194501846 1 0 0 0.045486026781919854 -0.998964975045469 6.192181854500614
cell 19.191437767620638 45.58906270172791 0.0 1.6431676725154984 0.6085806194501846 1 0 0 -0.33171746712480105 0.9433787797085043 5.606938221908353
cell 21.004085018456347 14.136562627387109 0.0 1.6431676725154984 0.6085806194501846 1 0 0 0.4806897321359501 -0.8768907465694165 5.280303089919598
cell 17.84319319047042 3.493574940015471 0.0 1.6431676725154984 0.6085806194501846 1 0 0 -0.19109780412628927 0.9815710006199808 5.898624426315395
cell 54.06648819539604 5.87924701626695 0.0 1.0 1.0 1 0 0 0.0 1.0 0
cell 49.16769359156074 35.14803762875929 0.0 1.0 1.0 1 0 0 0.0 1.0 0
cell 15.389065272197964 13.113318913940716 0.0 1.6431676725154984 0.6085806194501846 1 0 0 0.0347691766814853 -0.999395369387357 6.213632935420445
cell 27.6566056707934 44.33137593165975 0.0 1.6431676725154984 0.6085806194501846 1 0 0 -0.07037605499677034 -0.9975205315596725 0.14086855562925216
cell 56.58706635422126 35.841522957818285 0.0 1.0 1.0 1 0 0 0.0 1.0 0
cell 58.19701866482693 20.779645282440367 0.0 1.6431676725154984 0.6085806194501846 1 0 0 0.06410153644357472 -0.9979433816733158 6.154894273664528
cell 24.31093614606109 48.83635656664398 0.0 1.0 1.0 1 0 0 0.0 1.0 0
cell 50.270280952334005 55.52932226208415 0.0 1.0 1.0 1 0 0 0.0 1.0 0
cell 38.51241775843559 35.6943090344169 0.0 1.0 1.0 1 0 0 0.0 1.0 0
cell 56.413566635934195 57.36801208032969 0.0 1.6431676725154984 0.6085806194501846 1 0 0 -0.33211483363182254 0.9432389608586506 5.6060957269129945
cell 24.706417500174 26.153422515146506 0.0 1.0 1.0 1 0 0 0.0 1.0 0
cell 38.59101983908414 19.326327371786537 0.0 1.6431676725154984 0.6085806194501846 1 0 0 -0.06944244381166581 -0.9975859597034551 0.1389967535554355
cell 45.86680898333634 12.90055946690196 0.0 1.0 1.0 1 0 0 0.0 1.0 0
cell 36.591758281831005 54.37984787950176 0.0 1.6431676725154984 0.6085806194501846 1 0 0 0.329682246492686 0.9440919533326909 0.6719339697188411
cell 5.233381156503449 52.597811840802336 0.0 1.6431676725154984 0.6085806194501846 1 0 0 0.8478235417729875 -0.53027845705394 4.259450591854361
cell 56.77554863750782 29.42321635851992 0.0 1.0 1.0 1 0 0 0.0 1.0 0
cell 52.7503900446695 26.888575373976824 0.0 1.0 1.0 1 0 0 0.0 1.0 0
cell 46.35578860227085 14.836628699664919 0.0 1.0 1.0 1 0 0 0.0 1.0 0
cell 16.623897188530233 54.09993428452454 0.0 1.6431676725154984 0.6085806194501846 1 0 0 0.22348686138242654 -0.9747069420033039 5.832404596143744
cell 16.855112266376242 17.25848935460839 0.0 1.6431676725154984 0.6085806194501846 1 0 0 0.3549605490153935 -0.934881280507151 5.557441571163042
cell 10.132220329810497 57.632910810728106 0.0 1.6431676725154984 0.6085806194501846 1 0 0 0.9242949239375545 -0.38167904525041757 3.9248170243297564
cell 2.5739654861362324 57.23873897173128 0.0 1.6431676725154984 0.6085806194501846 1 0 0 0.2117236315286208 0.9773295779072343 0.42667647457120605
cell 5.41859240105987 15.295549655239762 0.0 1.6431676725154984 0.6085806194501846 1 0 0 0.1728871661391217 -0.9849416367401592 5.935664854370695
cell 8.557639369541834 11.341486082863367 0.0 1.0 1.0 1 0 0 0.0 1.0 0
cell 22.847358778211845 10.640333548672885 0.0 1.6431676725154984 0.6085806194501846 1 0 0 -0.0037542812533136803 0.9999929526613031 6.2756767270344485
cell 43.216147269169404 5.372793030398748 0.0 1.0 1.0 1 0 0 0.0 1.0 0
cell 54.706484436169795 27.005493435290294 0.0 1.0 1.0 1 0 0 0.0 1.0 0
cell 8.025392313278582 46.312257512976544 0.0 1.6431676725154984 0.6085806194501846 1 0 0 0.13108510911307059 0.9913711182845778 0.26292690923119294
cell 29.77927075088682 34.695881841697314 0.0 1.6431676725154984 0.6085806194501846 1 0 0 0.6442275371062453 -0.7648338907462335 4.8831595504361935
cell 13.515830493753999 22.496731692553087 0.0 1.0 1.0 1 0 0 0.0 1.0 0
cell 29.976157534970632 51.660835079401984 0.0 1.0 1.0 1 0 0 0.0 1.0 0
cell 41.2583665709483 31.118610922537783 0.0 1.0 1.0 1 0 0 0.0 1.0 0
cell 12.758991165052615 29.815214918760354 0.0 1.6431676725154984 0.6085806194501846 1 0 0 0.860390605110682 -0.5096351701337678 4.211114071218963
cell 53.878973758972265 57.47428569970126 0.0 1.6431676725154984 0.6085806194501846 1 0 0 0.09173437688697142 -0.9957835126658601 6.09945825314636
cell 2.580049371274225 43.764157460977735 0.0 1.6431676725154984 0.6085806194501846 1 0 0 0.9863019604615771 0.16494981900459751 2.810178387250134
cell 18.62655357038862 13.92900808998489 0.0 1.6431676725154984 0.6085806194501846 1 0 0 0.31394406831591737 -0.9494414789597359 5.644496730474127
cell 44.76542703089571 37.285885427711534 0.0 1.0 1.0 1 0 0 0.0 1.0 0
cell 20.02719802938815 53.36225883302936 0.0 1.0 1.0 1 0 0 0.0 1.0 0
cell 32.881697364955684 44.668398192703044 0.0 1.0 1.0 1 0 0 0.0 1.0 0
cell 59.04046469654995 7.977512450395957 0.0 1.0 1.0 1 0 0 0.0 1.0 0
cell 52.714437780173625 42.64738571997597 0.0 1.0 1.0 1 0 0 0.0 1.0 0
cell 24.40669695861734 7.9792972973656475 0.0 1.0 1.0 1 0 0 0.0 1.0 0
cell 25.68621261707221 9.348145210366782 0.0 1.0 1.0 1 0 0 0.0 1.0 0
cell 6.836704364408586 22.808352464959324 0.0 1.6431676725154984 0.6085806194501846 1 0 0 0.38047074695007543 -0.9247929555934408 5.502574761648765
cell 34.999924649464155 19.066372840614797 0.0 1.6431676725154984 0.6085806194501846 1 0 0 0.4551122039367813 -0.8904340974085648 5.338188866281387
cell 36.13779905028236 24.70473703266222 0.0 1.0 1.0 1 0 0 0.0 1.0 0
cell 37.93484023790825 15.80991075799512 0.0 1.6431676725154984 0.6085806194501846 1 0 0 0.2703379887787233 0.9627654812170381 0.5474881490300927
cell 49.213691850679304 48.36345877809449 0.0 1.6431676725154984 0.6085806194501846 1 0 0 0.9836610534455729 -0.18003036392327204 3.503627292465355
cell 2.1838417276692863 42.57700647943673 0.0 1.6431676725154984 0.6085806194501846 1 0 0 0.953675596096511 0.30083692826839664 2.530452424773546
cell 17.14153964055963 57.38842842328304 0.0 1.6431676725154984 0.6085806194501846 1 0 0 -0.5858596231096179 -0.8104125505011978 1.2518807488654957
cell 45.41081081678094 40.10549377071717 0.0 1.0 1.0 1 0 0 0.0 1.0 0
cell 51.95155238281686 30.593332795175456 0.0 1.0 1.0 1 0 0 0.0 1.0 0
cell 48.077993445129614 18.310083791577046 0.0 1.6431676725154984 0.6085806194501846 1 0 0 -0.24760722883531144 -0.9688604957518382 0.5004195942222358
cell 54.368657192084854 23.613787029371107 0.0 1.6431676725154984 0.6085806194501846 1 0 0 0.061972411317626035 -0.9980778628120548 6.159161010452654
cell 43.04239468145235 28.18994947358148 0.0 1.0 1.0 1 0 0 0.0 1.0 0
cell 51.330679341995435 56.97354503456945 0.0 1.6431676725154984 0.6085806194501846 1 0 0 -0.04108715849101426 0.9991555661693199 6.200987852124182
cell 13.078232537245684 12.279441462521447 0.0 1.0 1.0 1 0 0 0.0 1.0 0
cell 34.708302438117876 52.7144816849397 0.0 1.6431676725154984 0.6085806194501846 1 0 0 0.9936293050781597 0.11269784421138447 2.915717099724317
cell 7.530912189459871 28.40621612406528 0.0 1.0 1.0 1 0 0 0.0 1.0 0
cell 33.410083742253555 15.437149525920349 0.0 1.6431676725154984 0.6085806194501846 1 0 0 0.09102302076539223 -0.9958487885671915 6.100886942751141
