1000
 Lattice="61.15546790168123 0.0 0.0 0.0 61.15546790168123 0.0 0.0 0.0 1.0"Properties=species:S:1:pos:R:3:aspherical_shape:R:3:orientation:R:4:Color:R:1
cell 2.719868717727014 34.06004345193695 0.0 1.6431676725154984 0.6085806194501846 1 0 0 0.8685336663173054 -0.495630175103796 4.178713140875765
cell 19.767549197657843 33.04065428738852 0.0 1.6431676725154984 0.6085806194501846 1 0 0 0.9999374029520423 -0.011188841652513704 3.1639708038321506
cell 49.134019014329915 45.602857870978035 0.0 1.6431676725154984 0.6085806194501846 1 0 0 -0.5822913424477926 0.8129801919544827 5.040096700405046
cell 6.565428389930404 25.994980654820104 0.0 1.6431676725154984 0.6085806194501846 1 0 0 0.961646052506791 -0.2742934007556617 3.6973023422180455
cell 2.6301439560233777 22.89209330608554 0.0 1.6431676725154984 0.6085806194501846 1 0 0 -0.991262224241568 0.1319060377377 3.4061758016425703
cell 5.252537054998714 42.12920650640765 0.0 1.0 1.0 1 0 0 0.0 1.0 0
cell 56.121088711542356 25.31663267517035 0.0 1.0 1.0 1 0 0 0.0 1.0 0
cell 4.469234701649989 60.93088882988713 0.0 1.0 1.0 1 0 0 0.0 1.0 0
cell 25.224087527291932 14.6555773787609 0.0 1.6431676725154984 0.6085806194501846 1 0 0 0.9635962007252047 -0.26736185582081656 3.6829010065453973
cell 51.08999195226284 7.51126788086636 0.0 1.6431676725154984 0.6085806194501846 1 0 0 0.731175900788297 -0.6821889782944477 4.643097148760032
cell 43.50137813833162 4.5039197470901575 0.0 1.6431676725154984 0.6085806194501846 1 0 0 0.27952595239157824 0.960138136905092 0.5666006903015074
cell 10.869239838086434 17.989982711851283 0.0 1.6431676725154984 0.6085806194501846 1 0 0 0.9283742105010913 -0.3716467748769999 3.903157091358056
cell 16.50336773532621 39.07473305163248 0.0 1.0 1.0 1 0 0 0.0 1.0 0
cell 46.66468183898105 27.908247190301594 0.0 1.6431676725154984 0.6085806194501846 1 0 0 0.9938717834011433 -0.11053903454902576 3.363123437380175
cell 17.844412390923697 55.92435090145806 0.0 1.0 1.0 1 0 0 0.0 1.0 0
cell 17.79610862722613 21.873360249314775 0.0 1.6431676725154984 0.6085806194501846 1 0 0 0.8324016672182039 0.5541727748747268 1.9668549419707224
cell 50.58645508569809 38.382322866530096 0.0 1.6431676725154984 0.6085806194501846 1 0 0 0.428583060081953 -0.9035023855036516 5.397337471507574
cell 53.45411531613154 3.9988689715190686 0.0 1.6431676725154984 0.6085806194501846 1 0 0 0.8347493441296623 -0.5506301231090601 4.307830483892124
cell 47.97717693396663 31.45676452402613 0.0 1.0 1.0 1 0 0 0.0 1.0 0
cell 51.60709807327461 56.51275349293775 0.0 1.6431676725154984 0.6085806194501846 1 0 0 0.8458929997711024 -0.5333526346970132 4.266710777822479
cell 44.63437117810024 20.2946920760578 0.0 1.0 1.0 1 0 0 0.0 1.0 0
cell 38.071166249315674 28.461832732913724 0.0 1.6431676725154984 0.6085806194501846 1 0 0 0.9155235969879554 -0.4022642705464105 3.9695700608308675
cell 52.666183295190784 59.561091589072134 0.0 1.6431676725154984 0.6085806194501846 1 0 0 0.8295477364847772 -0.5584358091069936 4.326590665247033
cell 26.14596699380847 6.024569252173542 0.0 1.0 1.0 1 0 0 0.0 1.0 0
cell 54.6471771910316 38.61948174491836 0.0 1.6431676725154984 0.6085806194501846 1 0 0 0.6272433880395086 -0.7788232997032886 4.927167932291751
cell 1.6466252136823962 42.09250803407541 0.0 1.0 1.0 1 0 0 0.0 1.0 0
cell 25.791523307833863 59.896227845214696 0.0 1.6431676725154984 0.6085806194501846 1 0 0 0.19607503693841336 -0.9805888944351755 5.888478011337569
cell 7.790077236282291 55.995513332788036 0.0 1.0 1.0 1 0 0 0.0 1.0 0
cell 49.83760873825078 32.17865684936057 0.0 1.0 1.0 1 0 0 0.0 1.0 0
cell 1.7559754930797769 23.845376817221997 0.0 1.6431676725154984 0.6085806194501846 1 0 0 0.9744987195433595 -0.2243930605173715 3.594232992037015
cell 6.535606426021637 14.38395806721256 0.0 1.6431676725154984 0.6085806194501846 1 0 0 0.9853807660674184 0.17036650452594115 2.7991894551641385
cell 52.655302876588394 0.8863388303732543 0.0 1.6431676725154984 0.6085806194501846 1 0 0 0.7515240740501367 -0.6597056662808686 4.582446742436661
cell 25.21800457139492 18.225564310172835 0.0 1.6431676725154984 0.6085806194501846 1 0 0 0.9051197325335186 -0.42515675906476147 4.019862793768197
cell 58.800245333642174 21.67222604876323 0.0 1.6431676725154984 0.6085806194501846 1 0 0 0.9934096741670418 -0.11461770923959237 3.371332982028579
cell 61.069258752768185 22.58327933613088 0.0 1.6431676725154984 0.6085806194501846 1 0 0 0.9896941049170838 -0.1431976909463708 3.428975962861405
cell 37.55559291825674 22.597063541686936 0.0 1.0 1.0 1 0 0 0.0 1.0 0
cell 55.632791233788446 38.21561601922506 0.0 1.6431676725154984 0.6085806194501846 1 0 0 0.6724200566601332 -0.7401697558001025 4.808238210127173
cell 1.33092960039807 37.13646795106546 0.0 1.0 1.0 1 0 0 0.0 1.0 0
cell 14.618446972533695 29.669244878441237 0.0 1.6431676725154984 0.6085806194501846 1 0 0 0.9852498522199263 -0.1711219702452416 3.4855293016133184
cell 8.362714175199976 21.45924643282413 0.0 1.0 1.0 1 0 0 0.0 1.0 0
cell 11.876339228579205 20.59292751731962 0.0 1.0 1.0 1 0 0 0.0 1.0 0
cell 33.373482988360166 3.476652977321091 0.0 1.6431676725154984 0.6085806194501846 1 0 0 -0.12724073236345482 -0.9918718647222592 0.2551732008505798
cell 29.030822945391634 16.763892580818794 0.0 1.0 1.0 1 0 0 0.0 1.0 0
cell 25.8336134558075 46.5864337332426 0.0 1.0 1.0 1 0 0 0.0 1.0 0
cell 61.09637193937901 35.20357253282326 0.0 1.0 1.0 1 0 0 0.0 1.0 0
cell 48.05402430461958 5.514787282161264 0.0 1.6431676725154984 0.6085806194501846 1 0 0 -0.6478043260373716 0.7618067702293455 4.8737879085614555
cell 58.39868672263147 34.77425627414346 0.0 1.6431676725154984 0.6085806194501846 1 0 0 0.6574568023139127 -0.7534922382421498 4.8483081961896595
cell 7.271405220250673 1.8625654013259885 0.0 1.0 1.0 1 0 0 0.0 1.0 0
cell 50.14443875882784 36.29689126443022 0.0 1.6431676725154984 0.6085806194501846 1 0 0 0.38313759113196566 -0.9236912829845233 5.496803887813989
cell 27.066743244988714 42.66501858216363 0.0 1.0 1.0 1 0 0 0.0 1.0 0
cell 13.787198698197221 36.51704028779933 0.0 1.0 1.0 1 0 0 0.0 1.0 0
cell 8.992162944352675 33.87190243635026 0.0 1.6431676725154984 0.6085806194501846 1 0 0 0.9484070930739325 -0.3170551778587653 3.7868383535598262
cell 36.013910663243976 34.185602560006025 0.0 1.6431676725154984 0.6085806194501846 1 0 0 -0.25007378763225585 -0.9682267816680437 0.5055129268616518
cell 18.916940677190546 48.55942492794388 0.0 1.0 1.0 1 0 0 0.0 1.0 0
cell 42.49629827795479 33.90230501508012 0.0 1.0 1.0 1 0 0 0.0 1.0 0
cell 21.542482998945705 43.1142098229292 0.0 1.0 1.0 1 0 0 0.0 1.0 0
cell 31.150697443035625 55.67479530153097 0.0 1.6431676725154984 0.6085806194501846 1 0 0 0.993875589494281 0.11050480807365583 2.9201307446993776
cell 19.991915273439474 52.064576740292 0.0 1.0 1.0 1 0 0 0.0 1.0 0
cell 44.099608723399754 21.923861433973915 0.0 1.0 1.0 1 0 0 0.0 1.0 0
cell 45.49159500951825 0.06586429836968608 0.0 1.6431676725154984 0.6085806194501846 1 0 0 -0.35565176184865255 -0.9346185448052854 0.7272226616466062
cell 10.61434152929806 45.52076964291683 0.0 1.6431676725154984 0.6085806194501846 1 0 0 0.6352317467823665 -0.7723215832021163 4.906568210862939
cell 21.149079705553827 4.244819501555679 0.0 1.0 1.0 1 0 0 0.0 1.0 0
cell 46.68727686480851 53.251386561925976 0.0 1.6431676725154984 0.6085806194501846 1 0 0 0.6430694948771101 -0.7658078249525129 4.886185841948577
cell 49.037920275106266 4.043028870027809 0.0 1.6431676725154984 0.6085806194501846 1 0 0 0.7579866555966209 -0.6522700590533415 4.562743544722477
cell 57.37182669969112 42.64550697193151 0.0 1.0 1.0 1 0 0 0.0 1.0 0
cell 27.007120621743127 7.907756162658578 0.0 1.0 1.0 1 0 0 0.0 1.0 0
cell 59.65826023437284 58.57884227241324 0.0 1.6431676725154984 0.6085806194501846 1 0 0 0.8210375391389062 0.570874206217735 1.9264522146278182
cell 54.899662139682555 43.0044640979507 0.0 1.6431676725154984 0.6085806194501846 1 0 0 0.6844928940428836 -0.7290195319775717 4.775369564117789
cell 40.185692103228575 10.919410480097287 0.0 1.6431676725154984 0.6085806194501846 1 0 0 0.9938025067035033 -0.11116014425068553 3.3643733598338406
cell 24.784745588889987 15.803898293882398 0.0 1.6431676725154984 0.6085806194501846 1 0 0 0.984320134857412 -0.17639124727232441 3.4962306516341943
cell 14.309084821875379 17.600355140887974 0.0 1.0 1.0 1 0 0 0.0 1.0 0
cell 12.833307379986588 40.597021704031484 0.0 1.0 1.0 1 0 0 0.0 1.0 0
cell 42.24832318603236 32.20134135826391 0.0 1.0 1.0 1 0 0 0.0 1.0 0
cell 50.4555452540824 28.33930955021463 0.0 1.6431676725154984 0.6085806194501846 1 0 0 0.9959075119074643 0.09037824808151505 2.9605891717957356
cell 19.692402775098707 36.351275330104414 0.0 1.0 1.0 1 0 0 0.0 1.0 0
cell 51.98757856744837 45.07037974890574 0.0 1.6431676725154984 0.6085806194501846 1 0 0 0.6670843645072403 -0.7449821814177647 4.822608912713673
cell 57.80795295320685 26.788749588844475 0.0 1.6431676725154984 0.6085806194501846 1 0 0 0.7819485446415257 -0.6233429822601678 4.487613954614549
cell 8.020667676356476 37.447186138850604 0.0 1.6431676725154984 0.6085806194501846 1 0 0 0.6741526518257103 -0.7385920403283281 4.803551601703028
cell 46.049788930718 31.79215081361005 0.0 1.0 1.0 1 0 0 0.0 1.0 0
cell 12.76465250243643 23.84065528461173 0.0 1.0 1.0 1 0 0 0.0 1.0 0
cell 13.964188562672707 9.201452643181312 0.0 1.0 1.0 1 0 0 0.0 1.0 0
cell 3.862832340614752 24.36756944662633 0.0 1.6431676725154984 0.6085806194501846 1 0 0 0.9677051417107768 -0.25208482442726565 3.6512607597681503
cell 29.119048997817863 9.544846364142424 0.0 1.6431676725154984 0.6085806194501846 1 0 0 0.6862454169538894 -0.7273700761715335 4.77055623105002
cell 32.96798742624969 38.200918941134944 0.0 1.6431676725154984 0.6085806194501846 1 0 0 0.6253298426365412 -0.7803605499435236 4.932077024808772
cell 16.120064559561623 18.344524436074025 0.0 1.0 1.0 1 0 0 0.0 1.0 0
cell 3.8870847992361703 2.1923597751942054 0.0 1.6431676725154984 0.6085806194501846 1 0 0 0.9752462878166491 0.22112141031534158 2.695664263872445
cell 9.817798745249004 51.60135378872165 0.0 1.6431676725154984 0.6085806194501846 1 0 0 0.6524722542206502 -0.7578126136930047 4.861500848917782
cell 60.65078513425012 49.73390559722754 0.0 1.0 1.0 1 0 0 0.0 1.0 0
cell 59.33402221732437 18.648527058907124 0.0 1.6431676725154984 0.6085806194501846 1 0 0 0.9947761069265185 -0.10208083604732014 3.3461105764502994
cell 46.59493085330959 48.683565581530615 0.0 1.6431676725154984 0.6085806194501846 1 0 0 0.5188571225476009 -0.8548609748851704 5.1921583246154315
cell 5.371084227465321 23.041609389245934 0.0 1.6431676725154984 0.6085806194501846 1 0 0 0.9924885292203682 -0.12233772666675723 3.3868825777248537
cell 23.851580542946206 49.36766476872521 0.0 1.0 1.0 1 0 0 0.0 1.0 0
cell 37.18931943782751 51.41134416063255 0.0 1.0 1.0 1 0 0 0.0 1.0 0
cell 51.7610013788486 26.763017441311366 0.0 1.0 1.0 1 0 0 0.0 1.0 0
cell 5.004340193262913 21.091289913265157 0.0 1.0 1.0 1 0 0 0.0 1.0 0
cell 6.727318189991331 46.97207769641606 0.0 1.6431676725154984 0.6085806194501846 1 0 0 -0.14792880709011477 0.9889980121481011 5.986237888187239
cell 48.78096479128758 39.682139406147655 0.0 1.6431676725154984 0.6085806194501846 1 0 0 0.4089966974979938 -0.9125358630956564 5.440476658070183
cell 44.472647943504704 25.629714718930185 0.0 1.0 1.0 1 0 0 0.0 1.0 0
cell 10.338165385137305 36.778036780049895 0.0 1.6431676725154984 0.6085806194501846 1 0 0 0.744188027715536 -0.6679701935003242 4.6045484372838
cell 14.22837337828126 41.82992093196252 0.0 1.0 1.0 1 0 0 0.0 1.0 0
cell 61.00787331417986 42.99133245114845 0.0 1.0 1.0 1 0 0 0.0 1.0 0
cell 16.55554381030936 52.77078380301478 0.0 1.0 1.0 1 0 0 0.0 1.0 0
cell 45.36756565571222 35.625157278113434 0.0 1.0 1.0 1 0 0 0.0 1.0 0
cell 1.2430106596181167 49.13336138391656 0.0 1.0 1.0 1 0 0 0.0 1.0 0
cell 45.45986514244472 57.673433134048906 0.0 1.6431676725154984 0.6085806194501846 1 0 0 0.47462491422798675 0.880188156472283 0.9890756800294114
cell 6.527156385053911 16.824908726653916 0.0 1.6431676725154984 0.6085806194501846 1 0 0 0.9884931357657133 0.15126572825351783 2.837895433467583
cell 56.13380312551676 33.76317746171767 0.0 1.6431676725154984 0.6085806194501846 1 0 0 0.5449672459254944 -0.8384573339582532 5.1304852080759575
cell 60.58034913809308 48.040495462217415 0.0 1.0 1.0 1 0 0 0.0 1.0 0
cell 37.79447368451442 26.92080957144884 0.0 1.6431676725154984 0.6085806194501846 1 0 0 0.9895229770246288 -0.14437547555009486 3.4313562666197877
cell 8.431236724940348 41.53293699251732 0.0 1.6431676725154984 0.6085806194501846 1 0 0 0.559000368481519 -0.8291674065214611 5.096825857773122
cell 53.691174983919225 49.319264013588516 0.0 1.6431676725154984 0.6085806194501846 1 0 0 0.8436810890297634 -0.5368446889124942 4.2749780666409505
cell 31.46357295442194 51.49827424911124 0.0 1.6431676725154984 0.6085806194501846 1 0 0 0.22185320930979704 0.9750800754394192 0.44742926459429055
cell 54.58765194908653 26.45658694124328 0.0 1.6431676725154984 0.6085806194501846 1 0 0 0.9658639655602199 -0.2590498022239862 3.6656692391886243
cell 43.324471013323134 9.129457816299299 0.0 1.0 1.0 1 0 0 0.0 1.0 0
cell 39.79755160563164 26.22026515686451 0.0 1.6431676725154984 0.6085806194501846 1 0 0 0.996176991057863 0.0873578988237606 2.9666538682257944
cell 1.4106824930843385 20.914897657499424 0.0 1.6431676725154984 0.6085806194501846 1 0 0 0.9985188806453926 -0.05440629554263174 3.2504589980006684
cell 9.691739897925013 44.60037556823484 0.0 1.6431676725154984 0.6085806194501846 1 0 0 0.6117820427656637 -0.7910263789213806 4.966562393019881
cell 32.292013956357344 24.6720172114115 0.0 1.6431676725154984 0.6085806194501846 1 0 0 0.8218321644325557 -0.5697296670387639 4.353946410220685
cell 45.15592588620119 48.99031587648262 0.0 1.6431676725154984 0.6085806194501846 1 0 0 0.5902587435809549 -0.8072141076729473 5.020426622779581
cell 47.101260488723256 11.80104515926515 0.0 1.0 1.0 1 0 0 0.0 1.0 0
cell 51.190251478472064 20.61527937642014 0.0 1.0 1.0 1 0 0 0.0 1.0 0
cell 21.97123501839879 9.783786444517123 0.0 1.0 1.0 1 0 0 0.0 1.0 0
cell 29.35413337106696 28.500646513869114 0.0 1.6431676725154984 0.6085806194501846 1 0 0 0.8798278707962406 -0.4752924549897188 4.1321854578257575
cell 17.597612290592 9.278488145625968 0.0 1.0 1.0 1 0 0 0.0 1.0 0
cell 59.274327763459034 39.03062290744027 0.0 1.0 1.0 1 0 0 0.0 1.0 0
cell 6.70560009279058 12.787657991319158 0.0 1.6431676725154984 0.6085806194501846 1 0 0 0.9315790070045321 0.36353893011402494 2.3974647692386295
cell 47.01902270420029 5.5480738230819915 0.0 1.6431676725154984 0.6085806194501846 1 0 0 0.6677218803174927 0.744410834516312 1.4622885436823998
cell 38.29142690431695 37.165737373921374 0.0 1.0 1.0 1 0 0 0.0 1.0 0
cell 55.92069514334928 53.98588385640208 0.0 1.6431676725154984 0.6085806194501846 1 0 0 0.9369054187420304 -0.34958294628288256 3.855844507675229
cell 9.60186135899777 11.53488529215335 0.0 1.6431676725154984 0.6085806194501846 1 0 0 0.987015866786787 0.16062278391040172 2.8189494591967112
cell 54.723441486200585 17.49108721506019 0.0 1.6431676725154984 0.6085806194501846 1 0 0 0.9684095590426812 -0.2493650455752764 3.6456417185782786
cell 54.22633576493814 54.84066585124143 0.0 1.6431676725154984 0.6085806194501846 1 0 0 0.9019531259361561 -0.43183394796379393 4.034642847554176
cell 45.6624616076282 46.32649266013902 0.0 1.6431676725154984 0.6085806194501846 1 0 0 0.5119099745419406 -0.8590391015340744 5.208371895182363
cell 50.77398491044159 33.56563538690474 0.0 1.6431676725154984 0.6085806194501846 1 0 0 -0.36749699933069907 0.930024706920699 5.530552791637901
cell 4.15892466164468 30.30338874951491 0.0 1.6431676725154984 0.6085806194501846 1 0 0 0.9408213935935265 -0.3389027963247497 3.8330935202185814
cell 12.460103299702052 11.646597419207188 0.0 1.6431676725154984 0.6085806194501846 1 0 0 0.9990865663938926 0.0427321056263547 3.0561024108647343
cell 42.28613453706999 37.15846543221055 0.0 1.0 1.0 1 0 0 0.0 1.0 0
cell 47.160048168858 32.982417230385394 0.0 1.0 1.0 1 0 0 0.0 1.0 0
cell 60.542559183730226 32.46184213048628 0.0 1.0 1.0 1 0 0 0.0 1.0 0
cell 32.1620617649649 16.07744595090901 0.0 1.6431676725154984 0.6085806194501846 1 0 0 0.9958395390170678 -0.09112415997019585 3.3240941405717344
cell 6.336290063076398 57.32708875281199 0.0 1.0 1.0 1 0 0 0.0 1.0 0
cell 14.378269361894468 1.5073716862014408 0.0 1.6431676725154984 0.6085806194501846 1 0 0 0.9658374275065406 -0.2591487287785683 3.6658740877327123
cell 7.538893371101003 9.081467547820642 0.0 1.0 1.0 1 0 0 0.0 1.0 0
cell 33.66502399017455 51.7282025329238 0.0 1.6431676725154984 0.6085806194501846 1 0 0 0.37994552559467276 0.9250088635146086 0.7794748101544955
cell 60.46887218119778 30.05361179137297 0.0 1.6431676725154984 0.6085806194501846 1 0 0 0.9434046622212433 -0.3316438500850299 3.8176836699914407
cell 5.014786091391899 46.00919688835633 0.0 1.0 1.0 1 0 0 0.0 1.0 0
cell 38.033958899472516 24.51325229698217 0.0 1.0 1.0 1 0 0 0.0 1.0 0
cell 41.718792317006546 20.676453336524855 0.0 1.6431676725154984 0.6085806194501846 1 0 0 0.7515612097648253 0.6596633595833804 1.7008511510291002
cell 23.091082687375884 38.76090223559359 0.0 1.0 1.0 1 0 0 0.0 1.0 0
cell 53.68430532852552 1.5492114401761856 0.0 1.6431676725154984 0.6085806194501846 1 0 0 0.7657430375593235 -0.643146639911475 4.538793600955515
cell 20.599174395191042 53.61874845709968 0.0 1.0 1.0 1 0 0 0.0 1.0 0
cell 36.584216632269346 49.48783711672952 0.0 1.6431676725154984 0.6085806194501846 1 0 0 0.8095042002700702 0.5871140858002932 1.8866143074204527
cell 25.090934055694138 39.65976498737549 0.0 1.0 1.0 1 0 0 0.0 1.0 0
cell 38.50236860595441 59.222090287693604 0.0 1.6431676725154984 0.6085806194501846 1 0 0 0.8679109955972216 -0.49671974363964994 4.181223024240912
cell 49.847602908980114 37.67392803437247 0.0 1.6431676725154984 0.6085806194501846 1 0 0 0.4065501426898838 -0.9136284701555852 5.445835547847678
cell 59.284105274028875 42.08739364984558 0.0 1.0 1.0 1 0 0 0.0 1.0 0
cell 57.879899360104986 31.007810258920774 0.0 1.6431676725154984 0.6085806194501846 1 0 0 0.7528774198633776 -0.6581607635371949 4.5783390565380335
cell 49.406098174171284 58.55126327053176 0.0 1.6431676725154984 0.6085806194501846 1 0 0 0.755358468249776 -0.6553118222978677 4.570783374105547
cell 22.25336327554785 6.183189185571803 0.0 1.0 1.0 1 0 0 0.0 1.0 0
cell 48.38932361475768 37.232000772360735 0.0 1.6431676725154984 0.6085806194501846 1 0 0 -0.4218614182291897 0.9066603243826525 5.412190525153259
cell 27.580904977163303 11.878386658812921 0.0 1.0 1.0 1 0 0 0.0 1.0 0
cell 45.797941057462126 28.802925421107602 0.0 1.6431676725154984 0.6085806194501846 1 0 0 0.9986181331096329 -0.052553061039597164 3.2467472166690095
cell 3.8322905058565797 6.9752308880271405 0.0 1.0 1.0 1 0 0 0.0 1.0 0
cell 50.67782434159371 23.124596506124483 0.0 1.0 1.0 1 0 0 0.0 1.0 0
cell 19.115764100532154 38.0352948086168 0.0 1.0 1.0 1 0 0 0.0 1.0 0
cell 51.384514722159004 5.020261263505138 0.0 1.6431676725154984 0.6085806194501846 1 0 0 0.8439162867003368 -0.5364748838873213 4.274101542359574
cell 19.866742188769695 13.018674224285432 0.0 1.6431676725154984 0.6085806194501846 1 0 0 0.9905880998658715 -0.13687664667181995 3.4162080395998813
cell 17.46217778748778 37.47424634961594 0.0 1.0 1.0 1 0 0 0.0 1.0 0
cell 3.9676724896695035 18.398962310522727 0.0 1.6431676725154984 0.6085806194501846 1 0 0 0.9672504913112556 0.25382373225948457 2.6283298244432958
cell 54.10962520830811 6.741157074020104 0.0 1.6431676725154984 0.6085806194501846 1 0 0 0.8643527574496491 -0.5028859817982483 4.19546153059704
cell 24.308822696059924 31.22582150098798 0.0 1.6431676725154984 0.6085806194501846 1 0 0 0.6324838347866594 0.7745735592786277 1.3695114844886713
cell 20.57558662698778 48.21919176358965 0.0 1.0 1.0 1 0 0 0.0 1.0 0
cell 56.61963090876352 37.95706851736299 0.0 1.6431676725154984 0.6085806194501846 1 0 0 0.75025548230166 -0.6611480252381486 4.58628847408812
cell 57.8158823702057 50.83372239268627 0.0 1.0 1.0 1 0 0 0.0 1.0 0
cell 29.695188706342694 30.744912865350297 0.0 1.6431676725154984 0.6085806194501846 1 0 0 0.8990742248500053 -0.43779622909564003 4.047884754954425
cell 59.63577865472742 35.06629402250229 0.0 1.0 1.0 1 0 0 0.0 1.0 0
cell 15.834421407689481 56.24162038554467 0.0 1.0 1.0 1 0 0 0.0 1.0 0
cell 45.64475136803298 22.661330197352378 0.0 1.0 1.0 1 0 0 0.0 1.0 0
cell 57.845960599548015 5.076804458640227 0.0 1.6431676725154984 0.6085806194501846 1 0 0 0.8202078762279801 -0.5720655904470977 4.359636702234872
cell 56.01903324892452 57.065949028448784 0.0 1.6431676725154984 0.6085806194501846 1 0 0 0.9747658382390988 -0.2232298380638822 3.591845994724071
cell 48.381174128160836 21.13710705323447 0.0 1.0 1.0 1 0 0 0.0 1.0 0
cell 36.54399450929808 36.16837510829829 0.0 1.0 1.0 1 0 0 0.0 1.0 0
cell 45.941681412006204 30.31445222237524 0.0 1.6431676725154984 0.6085806194501846 1 0 0 0.9922035129219682 -0.12462820284873588 3.391498860989892
cell 25.255024985076595 41.55935355581955 0.0 1.0 1.0 1 0 0 0.0 1.0 0
cell 37.12829020110695 20.67142135033822 0.0 1.0 1.0 1 0 0 0.0 1.0 0
cell 35.57091027168706 16.261937803022757 0.0 1.6431676725154984 0.6085806194501846 1 0 0 0.825371870853968 -0.5645894745769007 4.341464226673278
cell 51.045754864023 2.7280872877774445 0.0 1.6431676725154984 0.6085806194501846 1 0 0 0.8257111480870042 -0.5640931659972859 4.340261843609621
cell 35.49355339174922 52.42615606370909 0.0 1.6431676725154984 0.6085806194501846 1 0 0 0.7516709693699986 0.6595382883550936 1.7011839571777023
cell 15.93490248405609 51.04469407500518 0.0 1.0 1.0 1 0 0 0.0 1.0 0
cell 40.97355102051885 42.20597798619447 0.0 1.0 1.0 1 0 0 0.0 1.0 0
cell 13.883198021577009 14.126752999795388 0.0 1.0 1.0 1 0 0 0.0 1.0 0
cell 60.07517984955268 9.51865552638743 0.0 1.6431676725154984 0.6085806194501846 1 0 0 0.8552436129052237 0.5182261693361498 2.0520414946385928
cell 46.52987989438608 20.935038199082122 0.0 1.0 1.0 1 0 0 0.0 1.0 0
cell 44.25140591778257 46.86690267525401 0.0 1.6431676725154984 0.6085806194501846 1 0 0 0.5481506931572504 -0.8363795894157305 5.122882214964065
cell 48.03966116498103 26.71653867232198 0.0 1.0 1.0 1 0 0 0.0 1.0 0
cell 20.400397392499233 14.332963478733069 0.0 1.6431676725154984 0.6085806194501846 1 0 0 0.9662897548196795 -0.2574570055961262 3.662371786713179
cell 54.7638567877037 40.77072185362731 0.0 1.6431676725154984 0.6085806194501846 1 0 0 0.6350898563971481 -0.7724382656895306 4.9069356217195095
cell 19.132697916580895 10.056577111233194 0.0 1.6431676725154984 0.6085806194501846 1 0 0 0.9698754348856786 0.24360139737964503 2.6494378791231363
cell 6.7757077855139825 20.276057053757196 0.0 1.0 1.0 1 0 0 0.0 1.0 0
cell 17.91544291291189 16.99491625322115 0.0 1.0 1.0 1 0 0 0.0 1.0 0
cell 55.74245122395563 16.9215574888582 0.0 1.6431676725154984 0.6085806194501846 1 0 0 0.9630438906853447 -0.26934450915812963 3.6870172971723427
cell 51.106838693075986 25.10778843700566 0.0 1.0 1.0 1 0 0 0.0 1.0 0
cell 51.853481544420035 16.15233759634588 0.0 1.6431676725154984 0.6085806194501846 1 0 0 0.8289468508484177 -0.5593273804030079 4.328740979675403
cell 45.16348588270667 42.85983093140146 0.0 1.6431676725154984 0.6085806194501846 1 0 0 0.5146703653296051 -0.85738813559058 5.201939024978097
cell 58.28255171962385 37.737392011395684 0.0 1.0 1.0 1 0 0 0.0 1.0 0
cell 2.0457850549578738 26.41810626968598 0.0 1.0 1.0 1 0 0 0.0 1.0 0
cell 46.480837771407025 56.19114002725642 0.0 1.6431676725154984 0.6085806194501846 1 0 0 0.6957102436240985 -0.7183225298683715 4.744368945020594
cell 17.288372799923494 12.17990172087429 0.0 1.6431676725154984 0.6085806194501846 1 0 0 0.9979264458793193 -0.06436465345723487 3.270411010096569
cell 42.01804652719779 7.55691489982018 0.0 1.6431676725154984 0.6085806194501846 1 0 0 0.1595029932508985 0.9871974448629838 0.32037436045744394
cell 40.147703192639895 4.240669644270668 0.0 1.6431676725154984 0.6085806194501846 1 0 0 0.972082350347592 -0.23463994575242564 3.615288967043806
cell 39.47887657901128 56.978704477267385 0.0 1.6431676725154984 0.6085806194501846 1 0 0 0.15623022396954667 -0.9877206675565847 5.969439608973766
cell 15.849245514327457 60.709571769978446 0.0 1.0 1.0 1 0 0 0.0 1.0 0
cell 61.11717644761288 41.30527058308967 0.0 1.0 1.0 1 0 0 0.0 1.0 0
cell 9.934767233687966 22.47063478185085 0.0 1.0 1.0 1 0 0 0.0 1.0 0
cell 49.95119715867291 55.03763200054607 0.0 1.6431676725154984 0.6085806194501846 1 0 0 0.8454532646051801 -0.5340494147253072 4.268358648524183
cell 53.72603237434002 26.85859584506657 0.0 1.6431676725154984 0.6085806194501846 1 0 0 -0.9562908261317449 0.29241726326649203 3.735099880349079
cell 40.281327997147486 36.919638419306175 0.0 1.0 1.0 1 0 0 0.0 1.0 0
cell 6.839031806721166 18.285550068714105 0.0 1.0 1.0 1 0 0 0.0 1.0 0
cell 44.70445871705876 58.72919010837418 0.0 1.6431676725154984 0.6085806194501846 1 0 0 0.5052928440228649 0.8629479368880169 1.059442569358006
cell 0.24516066258322938 33.89441937111482 0.0 1.0 1.0 1 0 0 0.0 1.0 0
cell 60.56133165955348 17.303660696895296 0.0 1.0 1.0 1 0 0 0.0 1.0 0
cell 59.58579298328582 26.12798519876864 0.0 1.0 1.0 1 0 0 0.0 1.0 0
cell 41.47081906586291 44.13790108143585 0.0 1.0 1.0 1 0 0 0.0 1.0 0
cell 24.534765350675222 20.437305807462014 0.0 1.6431676725154984 0.6085806194501846 1 0 0 0.8363186230483906 -0.5482437056113312 4.302118170755116
cell 48.00694394462918 19.305585428687287 0.0 1.0 1.0 1 0 0 0.0 1.0 0
cell 15.89213329867386 4.812722038195973 0.0 1.0 1.0 1 0 0 0.0 1.0 0
cell 11.502837724385174 35.505901444650384 0.0 1.0 1.0 1 0 0 0.0 1.0 0
cell 2.491738382545648 12.043649621785555 0.0 1.6431676725154984 0.6085806194501846 1 0 0 0.25112287597210264 -0.9679552165071997 5.775505046383066
cell 7.240761587569014 34.18230306612685 0.0 1.6431676725154984 0.6085806194501846 1 0 0 0.9454867618346261 -0.3256605336780509 3.8050131769839726
cell 49.53940479738942 7.780941463629975 0.0 1.6431676725154984 0.6085806194501846 1 0 0 0.5989310892509302 -0.8008005683868452 4.998854029649672
cell 1.819704251758214 10.821920951997924 0.0 1.6431676725154984 0.6085806194501846 1 0 0 0.9998789228117403 0.015560839207250831 3.110469719072685
cell 51.79903667591241 10.424916785063415 0.0 1.6431676725154984 0.6085806194501846 1 0 0 0.7397651219620336 -0.6728651903082055 4.617742867458595
cell 11.350758591515488 16.89959562020964 0.0 1.6431676725154984 0.6085806194501846 1 0 0 0.9678434597628421 -0.2515532496198208 3.650162208600434
cell 35.413048726696545 29.973310189379543 0.0 1.0 1.0 1 0 0 0.0 1.0 0
cell 29.59535359111631 6.541184998754131 0.0 1.6431676725154984 0.6085806194501846 1 0 0 0.4835302592025583 -0.875327646333364 5.273818682291329
cell 46.60292485053137 39.905624338666264 0.0 1.6431676725154984 0.6085806194501846 1 0 0 0.5291399227608292 -0.8485345851175801 5.168012024010208
cell 16.157863504474445 16.493904435060237 0.0 1.0 1.0 1 0 0 0.0 1.0 0
cell 14.752170510584778 39.95926550321175 0.0 1.0 1.0 1 0 0 0.0 1.0 0
cell 0.9310270345039904 16.78468161675409 0.0 1.6431676725154984 0.6085806194501846 1 0 0 0.8038497955102129 0.5948323345768864 1.867478544490521
cell 40.040876362858995 9.64265509801479 0.0 1.6431676725154984 0.6085806194501846 1 0 0 0.9997484746277157 0.022427382360761163 3.0967341277860667
cell 50.387160268070524 10.367040979172893 0.0 1.6431676725154984 0.6085806194501846 1 0 0 0.5128493667971553 -0.858478611833607 5.206184104851633
cell 53.3570761569749 9.41143634820214 0.0 1.6431676725154984 0.6085806194501846 1 0 0 0.8312474707849952 -0.5559025474969049 4.320489347915803
cell 12.423028752125353 4.351615499461605 0.0 1.0 1.0 1 0 0 0.0 1.0 0
cell 3.618832661190179 26.860552658529524 0.0 1.0 1.0 1 0 0 0.0 1.0 0
cell 17.527409416616067 45.361725087605656 0.0 1.6431676725154984 0.6085806194501846 1 0 0 0.1337575484102315 -0.9910140857945888 6.014866029860213
cell 43.7604683338029 45.451516567414615 0.0 1.6431676725154984 0.6085806194501846 1 0 0 0.4357187047309501 -0.9000828908203862 5.381512087452848
cell 11.098110137153068 29.544438813554823 0.0 1.6431676725154984 0.6085806194501846 1 0 0 0.9026847815462667 -0.4303024345327 4.031248231809773
cell 42.95388769791509 25.873876241902565 0.0 1.0 1.0 1 0 0 0.0 1.0 0
cell 49.677607708759346 16.517436779279784 0.0 1.6431676725154984 0.6085806194501846 1 0 0 0.6882463282992485 -0.7254770786059357 4.765047296201126
cell 46.10956308572063 24.50844421492978 0.0 1.0 1.0 1 0 0 0.0 1.0 0
cell 50.0086701495538 9.053580742551794 0.0 1.6431676725154984 0.6085806194501846 1 0 0 0.5725283925922358 -0.8198848941624372 5.064012536693379
cell 45.32883388234287 4.646978974982976 0.0 1.6431676725154984 0.6085806194501846 1 0 0 0.4726349595974939 0.881258302069419 0.984556771664616
cell 42.826756258894534 24.041349653113905 0.0 1.6431676725154984 0.6085806194501846 1 0 0 0.7933729861805697 0.6087358251318264 1.832660259755905
cell 28.19722649646411 52.54430909523014 0.0 1.6431676725154984 0.6085806194501846 1 0 0 0.010154881452300136 -0.9999484378620178 6.262875195196187
cell 38.95605343056098 43.04540074290031 0.0 1.6431676725154984 0.6085806194501846 1 0 0 0.7792250008854659 0.6267442843736556 1.7868566347384613
cell 50.46795340351616 54.023232818020624 0.0 1.6431676725154984 0.6085806194501846 1 0 0 0.90797694930973 -0.4190201182785809 4.006324370991873
cell 26.121149749884808 20.59815561592243 0.0 1.6431676725154984 0.6085806194501846 1 0 0 0.9133859163983253 -0.4070947896070293 3.9801348433809687
cell 53.933112394539855 13.187763344574932 0.0 1.6431676725154984 0.6085806194501846 1 0 0 0.9114917248280491 -0.41131841141625075 3.9893927008332817
cell 25.463361094217124 28.360414149806044 0.0 1.6431676725154984 0.6085806194501846 1 0 0 0.5717025545421298 0.8204609613686705 1.217158956198087
cell 3.1457424465803383 46.70873502061427 0.0 1.0 1.0 1 0 0 0.0 1.0 0
cell 22.36410989034987 47.345660228428926 0.0 1.0 1.0 1 0 0 0.0 1.0 0
cell 44.240526185373156 37.169162641714856 0.0 1.0 1.0 1 0 0 0.0 1.0 0
cell 4.562026914841779 37.92817398983477 0.0 1.0 1.0 1 0 0 0.0 1.0 0
cell 36.79039904287599 46.062950024386204 0.0 1.6431676725154984 0.6085806194501846 1 0 0 0.5675284268812164 0.8233538028586082 1.2070018052095943
cell 7.9526959332054314 5.5299958326047225 0.0 1.6431676725154984 0.6085806194501846 1 0 0 -0.10560315201655204 -0.994408353888969 0.21160085027567455
cell 3.604075374936674 55.35391958953054 0.0 1.0 1.0 1 0 0 0.0 1.0 0
cell 3.6288361566000846 39.60437789265576 0.0 1.0 1.0 1 0 0 0.0 1.0 0
cell 9.427814429866762 30.304238966342762 0.0 1.0 1.0 1 0 0 0.0 1.0 0
cell 53.28283405372739 33.76565913450957 0.0 1.6431676725154984 0.6085806194501846 1 0 0 0.500773433531493 -0.8655784009950106 5.234201126783113
cell 47.31423532169002 57.970827811439115 0.0 1.6431676725154984 0.6085806194501846 1 0 0 0.6190197074282361 -0.7853754527711323 4.9481974973138865
cell 20.680343689301566 58.72397289952862 0.0 1.0 1.0 1 0 0 0.0 1.0 0
cell 4.153301643794563 28.797539090955453 0.0 1.0 1.0 1 0 0 0.0 1.0 0
cell 17.159847852455147 15.096159898042355 0.0 1.0 1.0 1 0 0 0.0 1.0 0
cell 10.678785314751423 48.452300660078954 0.0 1.6431676725154984 0.6085806194501846 1 0 0 0.628390300895796 -0.7778982129688248 4.924220937239812
cell 58.8357413925715 30.198876783085545 0.0 1.6431676725154984 0.6085806194501846 1 0 0 0.8134218529952504 -0.5816742121409314 4.383163479987312
cell 15.38982989040184 58.37869154865002 0.0 1.0 1.0 1 0 0 0.0 1.0 0
cell 39.978825994953404 59.20201061465024 0.0 1.6431676725154984 0.6085806194501846 1 0 0 0.8923389448157273 -0.4513659353176249 4.078183620507332
cell 2.605968980547858 50.5554317592935 0.0 1.0 1.0 1 0 0 0.0 1.0 0
cell 52.53529038442941 18.862956779938926 0.0 1.6431676725154984 0.6085806194501846 1 0 0 0.879281643732112 -0.4763022055331628 4.134481506876038
cell 50.43497978760496 34.923964644352544 0.0 1.6431676725154984 0.6085806194501846 1 0 0 -0.3693982344571667 0.9292711899009504 5.52646256701672
cell 59.120819492626666 43.675860324337535 0.0 1.0 1.0 1 0 0 0.0 1.0 0
cell 53.67478429140814 25.227372440632493 0.0 1.0 1.0 1 0 0 0.0 1.0 0
cell 56.993354456730515 60.06438402263905 0.0 1.6431676725154984 0.6085806194501846 1 0 0 0.9428731630259829 -0.3331519149657981 3.8208816391119402
cell 50.60628844317685 14.346350993371821 0.0 1.6431676725154984 0.6085806194501846 1 0 0 0.7318395047195866 -0.6814770277359247 4.641150619695079
cell 48.81684459228787 15.114463075888269 0.0 1.6431676725154984 0.6085806194501846 1 0 0 0.7044057864872019 -0.7097974978564988 4.7200140301996605
cell 13.807265200540131 25.17398156219077 0.0 1.0 1.0 1 0 0 0.0 1.0 0
cell 24.265585849736233 2.2594318430207827 0.0 1.6431676725154984 0.6085806194501846 1 0 0 0.9996594224958278 -0.026096724225617852 3.1937920281531595
cell 57.34909870844141 44.25313521909674 0.0 1.0 1.0 1 0 0 0.0 1.0 0
cell 56.08272956430864 31.711989210844543 0.0 1.0 1.0 1 0 0 0.0 1.0 0
cell 12.38835280367282 42.52390364644933 0.0 1.0 1.0 1 0 0 0.0 1.0 0
cell 52.795983755473436 27.64590815523017 0.0 1.6431676725154984 0.6085806194501846 1 0 0 0.7704717037312404 -0.6374741984970683 4.524023750147466
cell 6.333820552238993 31.060728671616275 0.0 1.0 1.0 1 0 0 0.0 1.0 0
cell 25.89141123489884 44.73682492590098 0.0 1.0 1.0 1 0 0 0.0 1.0 0
cell 43.63221652538653 28.102847955693697 0.0 1.6431676725154984 0.6085806194501846 1 0 0 0.9975049755750046 0.07059620176121056 3.000282706584322
cell 60.24673197049706 25.162342989714254 0.0 1.0 1.0 1 0 0 0.0 1.0 0
cell 13.458474858532787 19.929889063013484 0.0 1.6431676725154984 0.6085806194501846 1 0 0 0.9786092516687758 -0.2057278118006381 3.5560073930665617
cell 15.895079172313352 25.911795867356677 0.0 1.6431676725154984 0.6085806194501846 1 0 0 0.9986729049284501 -0.0515017374636131 3.2446417178531335
cell 54.5988500614423 12.160410858781544 0.0 1.6431676725154984 0.6085806194501846 1 0 0 0.885641786207209 -0.46436906284086615 4.107436796258035
cell 47.27696163785434 22.82130470220093 0.0 1.0 1.0 1 0 0 0.0 1.0 0
cell 0.9907686005531013 1.717316170013288 0.0 1.6431676725154984 0.6085806194501846 1 0 0 0.9879833457392083 -0.15456037183560337 3.4519575787140484
cell 44.066880383953674 0.5262493297999573 0.0 1.6431676725154984 0.6085806194501846 1 0 0 0.239609181972785 0.9708694247499675 0.48392657330754774
cell 57.9074064617952 33.442851117189036 0.0 1.6431676725154984 0.6085806194501846 1 0 0 0.6617216718097972 -0.7497495775639004 4.8369597677248874
cell 22.311849325064934 13.154838938942433 0.0 1.6431676725154984 0.6085806194501846 1 0 0 0.981665908545936 -0.19060966396980503 3.5251589725768193
cell 52.457206746031765 52.89835736168191 0.0 1.6431676725154984 0.6085806194501846 1 0 0 0.8461231983006616 -0.5329873669210737 4.265847268901745
cell 6.37401266848852 59.288185400737106 0.0 1.0 1.0 1 0 0 0.0 1.0 0
cell 44.72098362110331 10.536564844926316 0.0 1.6431676725154984 0.6085806194501846 1 0 0 0.716842392093729 0.6972352435852196 1.5985259105475427
cell 1.1023442261597214 14.152882653050511 0.0 1.6431676725154984 0.6085806194501846 1 0 0 0.9971972123016014 -0.07481791080961099 3.2913684312751372
cell 29.538504435638103 47.507605981775285 0.0 1.6431676725154984 0.6085806194501846 1 0 0 0.030724621129961164 0.9995278873830487 0.06145891440734177
cell 43.33023637589034 44.05725252157791 0.0 1.6431676725154984 0.6085806194501846 1 0 0 -0.4669118267049783 0.8843038765509401 5.311594633036924
cell 1.2465423851834572 52.689829044354724 0.0 1.0 1.0 1 0 0 0.0 1.0 0
cell 29.621395279916566 54.866555856159856 0.0 1.6431676725154984 0.6085806194501846 1 0 0 0.9197815453185815 0.39243076955223866 2.335046901869658
cell 8.855186925768056 38.99009733003555 0.0 1.6431676725154984 0.6085806194501846 1 0 0 0.4678601686969084 -0.8838025020030779 5.309449192213923
cell 50.9419228575373 50.64531032683356 0.0 1.6431676725154984 0.6085806194501846 1 0 0 0.7846153828982897 -0.6199828230841321 4.479034275320378
cell 3.8320219852103086 17.16638213604559 0.0 1.6431676725154984 0.6085806194501846 1 0 0 0.9690470766536534 0.2468760078035293 2.642682359413632
cell 4.654125462117046 32.10447581173501 0.0 1.6431676725154984 0.6085806194501846 1 0 0 0.9279127384615059 -0.37279746485306064 3.905636642979782
cell 7.788659882581742 24.127253367546803 0.0 1.6431676725154984 0.6085806194501846 1 0 0 0.9940152378474755 -0.10924150734508763 3.3605125706542434
cell 38.80362666141227 19.551070752727234 0.0 1.0 1.0 1 0 0 0.0 1.0 0
cell 55.787075656069675 35.81846475735422 0.0 1.6431676725154984 0.6085806194501846 1 0 0 0.6162466768580852 -0.7875531939249353 4.9552493815886205
cell 19.688912804788707 40.90702353961526 0.0 1.0 1.0 1 0 0 0.0 1.0 0
cell 16.88670232838304 54.522683462902705 0.0 1.0 1.0 1 0 0 0.0 1.0 0
cell 53.34806057919499 58.651789047838136 0.0 1.6431676725154984 0.6085806194501846 1 0 0 0.8747891466649538 -0.4845038171956977 4.153184405158995
cell 20.85297467714816 24.422262311411867 0.0 1.6431676725154984 0.6085806194501846 1 0 0 0.10859856054700072 0.9940856867730867 0.21762632725175945
cell 32.795634350118924 28.617294761419856 0.0 1.6431676725154984 0.6085806194501846 1 0 0 0.9338765359261951 -0.35759560350553815 3.8729766126905356
cell 49.9542076912866 49.35267952076992 0.0 1.6431676725154984 0.6085806194501846 1 0 0 0.6974467383263947 -0.7166366214462344 4.739528406241356
cell 39.471152143440165 28.5841295290985 0.0 1.6431676725154984 0.6085806194501846 1 0 0 0.9446375538440644 -0.3281156684273129 3.810208884690856
cell 39.07428248976832 21.524142821400723 0.0 1.0 1.0 1 0 0 0.0 1.0 0
cell 48.73005407422622 6.795965424022332 0.0 1.6431676725154984 0.6085806194501846 1 0 0 0.520875152122231 -0.8536328695063485 5.1874336283158105
cell 49.79778350576219 43.09587893402335 0.0 1.6431676725154984 0.6085806194501846 1 0 0 0.5154705750099909 -0.8569072798727231 5.200071879759021
cell 44.35775644878779 7.225199561078749 0.0 1.6431676725154984 0.6085806194501846 1 0 0 0.6772130388530212 0.7357869936384147 1.4879365436518364
cell 22.907386518282568 18.603825823308703 0.0 1.6431676725154984 0.6085806194501846 1 0 0 0.8308202069536429 -0.5565409092937427 4.322025655429627
cell 24.37579054516354 53.09327360767311 0.0 1.0 1.0 1 0 0 0.0 1.0 0
cell 27.04382824506879 1.7760505751431486 0.0 1.6431676725154984 0.6085806194501846 1 0 0 0.8211698459826272 -0.5706838740045738 4.356269491635018
cell 23.1514314813996 56.355586387831686 0.0 1.0 1.0 1 0 0 0.0 1.0 0
cell 10.740808014373057 59.65800638167952 0.0 1.6431676725154984 0.6085806194501846 1 0 0 0.8254673813491318 -0.5644498226845386 4.341125848743767
cell 47.88698109529139 2.736465424913707 0.0 1.6431676725154984 0.6085806194501846 1 0 0 0.6460629076250468 -0.7632841668677991 4.878355289071402
cell 43.927258893616774 30.522593359779528 0.0 1.6431676725154984 0.6085806194501846 1 0 0 0.9824798896327963 -0.18636863058768344 3.5165220846326606
cell 1.2683944962048483 47.38272778872696 0.0 1.0 1.0 1 0 0 0.0 1.0 0
cell 58.76632214053077 47.22363691990053 0.0 1.0 1.0 1 0 0 0.0 1.0 0
cell 47.08665087092515 34.5858706436013 0.0 1.0 1.0 1 0 0 0.0 1.0 0
cell 56.83237664892794 11.70219853777665 0.0 1.6431676725154984 0.6085806194501846 1 0 0 0.9183910070384886 -0.395674055493699 3.9551960290824355
cell 41.38020500987676 51.97521719693515 0.0 1.6431676725154984 0.6085806194501846 1 0 0 -0.27017872887314254 -0.9628101861034152 0.5471573182911706
cell 2.6258540482171844 57.83304416028515 0.0 1.0 1.0 1 0 0 0.0 1.0 0
cell 30.49931175695534 27.335428048813707 0.0 1.6431676725154984 0.6085806194501846 1 0 0 0.8948804700878764 -0.4463058864224191 4.066858686740946
cell 47.91972774943167 52.237364564701835 0.0 1.6431676725154984 0.6085806194501846 1 0 0 -0.6240068588021398 0.7814188634579322 4.935465425261745
cell 54.39476365585442 33.49148142770935 0.0 1.0 1.0 1 0 0 0.0 1.0 0
cell 14.532575245026026 31.738091882902506 0.0 1.6431676725154984 0.6085806194501846 1 0 0 0.9918797568841186 -0.12717919595398416 3.3966417735649634
cell 22.722473432677738 45.38650159258853 0.0 1.6431676725154984 0.6085806194501846 1 0 0 0.3781275730539513 -0.9257534976959735 5.5076395848304935
cell 12.192231098048657 14.355821003065632 0.0 1.0 1.0 1 0 0 0.0 1.0 0
cell 50.25786496717962 5.451605197658604 0.0 1.6431676725154984 0.6085806194501846 1 0 0 0.7301859938546195 -0.6832484280102967 4.645997045176167
cell 25.697409676907707 50.15069763636827 0.0 1.0 1.0 1 0 0 0.0 1.0 0
cell 27.76422821782053 15.671764694927685 0.0 1.0 1.0 1 0 0 0.0 1.0 0
cell 3.6256247969310396 4.063384578960836 0.0 1.0 1.0 1 0 0 0.0 1.0 0
cell 20.864558081469973 7.606228710656475 0.0 1.0 1.0 1 0 0 0.0 1.0 0
cell 9.892838781265391 39.94934872303881 0.0 1.6431676725154984 0.6085806194501846 1 0 0 0.6533770650367826 -0.7570326352832617 4.859111665708096
cell 5.957700413862002 11.923365497644758 0.0 1.6431676725154984 0.6085806194501846 1 0 0 0.9254818345943986 0.3787919928348358 2.364611306626657
cell 14.10292908579145 43.66444622026331 0.0 1.0 1.0 1 0 0 0.0 1.0 0
cell 17.39539301306301 7.511734126392501 0.0 1.0 1.0 1 0 0 0.0 1.0 0
cell 59.01937120863274 45.35255297391978 0.0 1.0 1.0 1 0 0 0.0 1.0 0
cell 26.099376599327194 48.35317413329378 0.0 1.0 1.0 1 0 0 0.0 1.0 0
cell 36.547675995055755 4.10355179944192 0.0 1.6431676725154984 0.6085806194501846 1 0 0 0.9974446900927921 -0.07144291571383334 3.2846003154125394
cell 50.04357590737963 21.60208932633969 0.0 1.0 1.0 1 0 0 0.0 1.0 0
cell 50.527085497934195 47.51049680234794 0.0 1.6431676725154984 0.6085806194501846 1 0 0 0.7516887601987178 -0.6595180117259228 4.581947399829425
cell 0.6750711065165984 31.888009535251204 0.0 1.6431676725154984 0.6085806194501846 1 0 0 0.9199881786541899 -0.39194610743895186 3.947084660168328
cell 10.758730140105026 54.051984141268235 0.0 1.6431676725154984 0.6085806194501846 1 0 0 0.7385712626913169 -0.6741754148043028 4.621287998774146
cell 56.208838917503286 2.6240083237120215 0.0 1.6431676725154984 0.6085806194501846 1 0 0 0.843023835773477 -0.5378762053835192 4.277424294969949
cell 22.42025353780087 52.79703602136111 0.0 1.0 1.0 1 0 0 0.0 1.0 0
cell 34.714487160772606 21.678345707509532 0.0 1.6431676725154984 0.6085806194501846 1 0 0 0.34580263771186326 -0.9383072715009289 5.576997185746231
cell 1.9886953336583093 16.825485835653435 0.0 1.6431676725154984 0.6085806194501846 1 0 0 0.7793575046939528 0.6265795080252906 1.7872795224512676
cell 27.53039127725959 0.034636945446368174 0.0 1.6431676725154984 0.6085806194501846 1 0 0 0.976901200530564 -0.21369147011975673 3.572296979830793
cell 39.3563171363879 54.13834413915653 0.0 1.6431676725154984 0.6085806194501846 1 0 0 -0.019584834962320552 -0.999808198725885 0.03917217438098497
cell 17.41103121760849 32.383413988757006 0.0 1.6431676725154984 0.6085806194501846 1 0 0 0.9949384595805375 0.10048612664197505 2.940280635919363
cell 14.042342130511264 57.0168940818779 0.0 1.0 1.0 1 0 0 0.0 1.0 0
cell 54.69622126686646 22.10803631903806 0.0 1.6431676725154984 0.6085806194501846 1 0 0 0.9345830776270844 -0.3557449521962147 3.8690147380196165
cell 12.483672721692184 6.442391007513389 0.0 1.0 1.0 1 0 0 0.0 1.0 0
cell 48.10837516531565 17.280794898960654 0.0 1.0 1.0 1 0 0 0.0 1.0 0
cell 21.565606899790012 41.408898017482784 0.0 1.0 1.0 1 0 0 0.0 1.0 0
cell 57.82145439087037 28.957390146065194 0.0 1.6431676725154984 0.6085806194501846 1 0 0 0.780887182531267 -0.6246720805017459 4.491015714372268
cell 3.365134950027523 21.912006622483307 0.0 1.6431676725154984 0.6085806194501846 1 0 0 0.9967635314151714 -0.08038944234634728 3.3025452150795664
cell 9.026842554471477 28.139339972031728 0.0 1.6431676725154984 0.6085806194501846 1 0 0 0.9197925088637018 -0.39240507213620085 3.9480825284269563
cell 52.87638715870206 10.777827155857816 0.0 1.6431676725154984 0.6085806194501846 1 0 0 0.8030063182421315 -0.5959705134175823 4.418540068398527
cell 31.38416778112151 25.686864009544923 0.0 1.6431676725154984 0.6085806194501846 1 0 0 0.8637389733371685 -0.50393946654182 4.19790002293931
cell 16.12377258737908 36.07500659641797 0.0 1.0 1.0 1 0 0 0.0 1.0 0
cell 43.557841905846324 16.13148168353587 0.0 1.6431676725154984 0.6085806194501846 1 0 0 -0.5063781729356276 -0.8623115133026902 1.0619588952809789
cell 55.18628548398279 23.763336101644978 0.0 1.0 1.0 1 0 0 0.0 1.0 0
cell 42.05310440183097 30.574581856744093 0.0 1.6431676725154984 0.6085806194501846 1 0 0 0.9634914277303943 -0.26773918034170197 3.683684208119611
cell 56.78068119608599 47.41059021311824 0.0 1.0 1.0 1 0 0 0.0 1.0 0
cell 56.274870023631536 40.10628332860452 0.0 1.6431676725154984 0.6085806194501846 1 0 0 0.7818965394709829 -0.6234082142250786 4.487780804810993
cell 28.823314880188786 41.72205172916923 0.0 1.6431676725154984 0.6085806194501846 1 0 0 0.15611140643620455 0.987739453894857 0.3135051111508683
cell 9.65890072457283 13.90147369429339 0.0 1.6431676725154984 0.6085806194501846 1 0 0 0.9967292783279301 0.08081302941904614 2.9797901526083828
cell 7.490837032330971 30.018134965036655 0.0 1.0 1.0 1 0 0 0.0 1.0 0
cell 36.4742984184378 5.374533425988315 0.0 1.6431676725154984 0.6085806194501846 1 0 0 0.10973653253017675 0.9939607102035037 0.21991595562385616
cell 23.174487353710262 4.571969267237724 0.0 1.0 1.0 1 0 0 0.0 1.0 0
cell 13.721822495823497 12.529808837167838 0.0 1.6431676725154984 0.6085806194501846 1 0 0 0.9999298537753222 0.01184430364617565 3.1179034923931104
cell 46.499759936345804 7.664683428043849 0.0 1.6431676725154984 0.6085806194501846 1 0 0 0.662959421138769 0.7486553318606288 1.4495297172231003
cell 6.888269038577941 42.96689621129587 0.0 1.6431676725154984 0.6085806194501846 1 0 0 0.688590175499131 0.7251507224060911 1.5190861444506112
cell 60.26979486369091 11.443543978742145 0.0 1.6431676725154984 0.6085806194501846 1 0 0 0.9992976709778609 -0.037472186728597645 3.2165545771803163
cell 40.73366687030596 26.923390838835026 0.0 1.6431676725154984 0.6085806194501846 1 0 0 0.992207477335211 0.12459663687313868 2.8917500740888533
cell 25.4786898635867 33.385408738065884 0.0 1.6431676725154984 0.6085806194501846 1 0 0 0.6870592916083195 0.726601355500163 1.5148681148113383
cell 9.260464950841797 7.018658634092284 0.0 1.0 1.0 1 0 0 0.0 1.0 0
cell 60.569302718504446 13.107028342181628 0.0 1.6431676725154984 0.6085806194501846 1 0 0 0.3820273767753906 -0.9241510068133421 5.499207153999889
cell 49.21290176944227 51.6674906736554 0.0 1.6431676725154984 0.6085806194501846 1 0 0 0.766157268834337 -0.6426531252645625 4.537504967151397
cell 41.45185211639631 24.736410865722867 0.0 1.0 1.0 1 0 0 0.0 1.0 0
cell 50.7418102889102 39.59241242991584 0.0 1.6431676725154984 0.6085806194501846 1 0 0 0.4564574725767326 -0.8897452307986041 5.335166095794046
cell 44.98393672231592 38.269623348596326 0.0 1.6431676725154984 0.6085806194501846 1 0 0 -0.392502646240946 0.9197508753428043 5.476483262071276
cell 10.705647662390414 15.310541532988433 0.0 1.0 1.0 1 0 0 0.0 1.0 0
cell 58.94444747882535 49.22403256529432 0.0 1.0 1.0 1 0 0 0.0 1.0 0
cell 42.310628443055855 59.69282592309719 0.0 1.6431676725154984 0.6085806194501846 1 0 0 0.27962785422878916 0.9601084642577645 0.5668129585321681
cell 38.27888837486821 35.183772249520864 0.0 1.0 1.0 1 0 0 0.0 1.0 0
cell 20.926443866148308 15.762503883289416 0.0 1.6431676725154984 0.6085806194501846 1 0 0 0.9635050382113584 -0.26769019657306997 3.6835825291191826
cell 44.29002154825484 23.909908474797998 0.0 1.0 1.0 1 0 0 0.0 1.0 0
cell 9.012777112181004 23.518817739393107 0.0 1.6431676725154984 0.6085806194501846 1 0 0 0.3075050796395813 0.9515464392218883 0.6251399076369104
cell 60.868726974116726 44.633650145708735 0.0 1.0 1.0 1 0 0 0.0 1.0 0
cell 28.10241239400956 5.733695712482243 0.0 1.0 1.0 1 0 0 0.0 1.0 0
cell 60.969854589590085 36.6115293788329 0.0 1.0 1.0 1 0 0 0.0 1.0 0
cell 40.97851927484282 46.06799022294231 0.0 1.0 1.0 1 0 0 0.0 1.0 0
cell 43.84674658831645 29.25874397310884 0.0 1.6431676725154984 0.6085806194501846 1 0 0 0.9922224546122226 -0.1244773094314618 3.391194705693697
cell 9.627571135642173 32.464199276527445 0.0 1.0 1.0 1 0 0 0.0 1.0 0
cell 20.44236934249154 17.017087236518087 0.0 1.6431676725154984 0.6085806194501846 1 0 0 0.8324269777449707 -0.5541347550211719 4.316239016820155
cell 58.05689174107666 56.38275026488242 0.0 1.6431676725154984 0.6085806194501846 1 0 0 0.8641934913084558 -0.503159626341484 4.196094766858196
cell 23.396557094026342 42.34658181875134 0.0 1.0 1.0 1 0 0 0.0 1.0 0
cell 0.719215864222764 9.374283945444965 0.0 1.0 1.0 1 0 0 0.0 1.0 0
cell 1.4187715585339586 45.60400592151337 0.0 1.0 1.0 1 0 0 0.0 1.0 0
cell 20.495325528081857 46.51067632708868 0.0 1.6431676725154984 0.6085806194501846 1 0 0 0.3003944140265828 -0.9538150743313014 5.672973028870748
cell 58.50245540602646 14.168583445107103 0.0 1.6431676725154984 0.6085806194501846 1 0 0 0.8178195825583179 0.5754747000382715 1.9152237025733894
cell 33.48929672357716 30.85529149495592 0.0 1.6431676725154984 0.6085806194501846 1 0 0 0.8662457583094811 -0.4996181403940734 4.1879084499939605
cell 31.64112044926758 30.20106124404353 0.0 1.0 1.0 1 0 0 0.0 1.0 0
cell 34.22847564114729 17.653094547028967 0.0 1.6431676725154984 0.6085806194501846 1 0 0 0.9755892098664154 -0.2196034917578116 3.584408698359538
cell 53.788728692017266 40.54819840652866 0.0 1.6431676725154984 0.6085806194501846 1 0 0 0.6655966948135282 -0.7463116238229892 4.8265991906723205
cell 35.57390544166405 22.929049112527462 0.0 1.0 1.0 1 0 0 0.0 1.0 0
cell 12.905891982945011 34.45176649271302 0.0 1.0 1.0 1 0 0 0.0 1.0 0
cell 31.42292217561706 58.88645001528466 0.0 1.6431676725154984 0.6085806194501846 1 0 0 0.23617151012889093 -0.9717113860624662 5.806337292944093
cell 46.06870052615821 19.108814385860505 0.0 1.0 1.0 1 0 0 0.0 1.0 0
cell 52.42543309973445 4.53292180337399 0.0 1.6431676725154984 0.6085806194501846 1 0 0 0.8015122328717079 -0.5979783780012528 4.4235455911684625
cell 53.32397778918525 46.62280110506823 0.0 1.6431676725154984 0.6085806194501846 1 0 0 0.8009687822431416 -0.5987061131072061 4.425362112048426
cell 42.86055102941838 6.57303637396271 0.0 1.6431676725154984 0.6085806194501846 1 0 0 0.4178231926370031 0.9085283593232639 0.8620960510758304
cell 51.85726482896498 35.10442013431869 0.0 1.6431676725154984 0.6085806194501846 1 0 0 0.41780010745574175 -0.9085389756141289 5.42114007465256
cell 47.869062757602684 44.5087695490431 0.0 1.6431676725154984 0.6085806194501846 1 0 0 0.3890597916317684 -0.9212125045479165 5.483963803255521
cell 0.6999740581148169 18.800855441782343 0.0 1.0 1.0 1 0 0 0.0 1.0 0
cell 6.05613001535656 48.53537114725841 0.0 1.6431676725154984 0.6085806194501846 1 0 0 0.29186498897913354 -0.9564595277418748 5.690833012679794
cell 21.22664570834507 2.1494083118786973 0.0 1.6431676725154984 0.6085806194501846 1 0 0 0.9911158126626635 0.13300167626773807 2.8747987497718057
cell 29.11701236762234 3.8717095839378226 0.0 1.6431676725154984 0.6085806194501846 1 0 0 0.921181619289023 -0.3891329133908535 3.940972911296452
cell 3.3297157657856347 44.90599721864124 0.0 1.0 1.0 1 0 0 0.0 1.0 0
cell 56.730396402856734 24.08013419847514 0.0 1.0 1.0 1 0 0 0.0 1.0 0
cell 3.1993933730407838 48.65922634519851 0.0 1.0 1.0 1 0 0 0.0 1.0 0
cell 19.223759000797074 57.28819672593486 0.0 1.0 1.0 1 0 0 0.0 1.0 0
cell 10.072142622234125 20.69703997806733 0.0 1.0 1.0 1 0 0 0.0 1.0 0
cell 38.12593899897814 45.349922184776425 0.0 1.6431676725154984 0.6085806194501846 1 0 0 -0.2991879471087563 -0.9541942005193953 0.6076830101906232
cell 60.80731845114001 60.58441830917273 0.0 1.6431676725154984 0.6085806194501846 1 0 0 0.6757259997138082 -0.7371528832683044 4.799287050921046
cell 51.65235401614602 1.631524885890372 0.0 1.6431676725154984 0.6085806194501846 1 0 0 0.8593634183465896 -0.5113653441597938 4.2151383058913465
cell 52.682246138612 49.8333779773379 0.0 1.6431676725154984 0.6085806194501846 1 0 0 0.8071650185508218 -0.5903258700309953 4.40451765939203
cell 17.2705658393582 57.6618310797393 0.0 1.0 1.0 1 0 0 0.0 1.0 0
cell 18.60021732739368 46.247999203848046 0.0 1.6431676725154984 0.6085806194501846 1 0 0 0.15545664537432846 -0.9878427159264578 5.971005903555146
cell 1.842090571394878 24.920372228322528 0.0 1.6431676725154984 0.6085806194501846 1 0 0 0.9592227503759495 -0.2826512252957676 3.714706491393405
cell 25.147908238890054 43.37232246814456 0.0 1.6431676725154984 0.6085806194501846 1 0 0 0.4013362431368574 -0.9159307942987795 5.457234764128068
cell 28.869346578224153 2.0758127296686593 0.0 1.6431676725154984 0.6085806194501846 1 0 0 0.9303450881094766 -0.3666851742715681 3.8924796559334705
cell 0.3213834968332801 54.5630326199766 0.0 1.0 1.0 1 0 0 0.0 1.0 0
cell 22.988195198657863 15.887548052166837 0.0 1.6431676725154984 0.6085806194501846 1 0 0 0.954862583426062 -0.2970478863296402 3.7447916486360207
cell 51.87280048877929 29.138175960687693 0.0 1.0 1.0 1 0 0 0.0 1.0 0
cell 0.5104542255056824 29.86091657249565 0.0 1.6431676725154984 0.6085806194501846 1 0 0 0.9452096527910704 -0.32646395248263504 3.806712907834493
cell 6.104995565487872 35.61863688208087 0.0 1.6431676725154984 0.6085806194501846 1 0 0 0.9673394629277111 -0.25348444422237726 3.654153963465222
cell 11.158579542249925 51.09916135355163 0.0 1.6431676725154984 0.6085806194501846 1 0 0 0.7137573327202502 -0.7003930824815977 4.693488795136349
cell 49.83129717688168 56.818650701755246 0.0 1.6431676725154984 0.6085806194501846 1 0 0 0.809822143084877 -0.5866754610254438 4.395487525100867
cell 24.625209290554384 5.3589613869506785 0.0 1.6431676725154984 0.6085806194501846 1 0 0 0.855871965777499 0.5171877591321739 2.054468940427614
cell 39.62380287295907 47.992274091500946 0.0 1.6431676725154984 0.6085806194501846 1 0 0 -0.6563717875879019 -0.7544375895053628 1.4319989544105036
cell 57.42660556943125 58.901192771158954 0.0 1.6431676725154984 0.6085806194501846 1 0 0 0.954913972097886 -0.2968826466673958 3.74444555650005
cell 45.162202892624585 41.059537942599285 0.0 1.6431676725154984 0.6085806194501846 1 0 0 0.5004021294364212 -0.8657931097297409 5.235058953279805
cell 54.70145927253413 34.56658019101895 0.0 1.6431676725154984 0.6085806194501846 1 0 0 0.41311138084147436 -0.9106805076530684 5.431449366688226
cell 56.5714664217631 35.579106328220135 0.0 1.6431676725154984 0.6085806194501846 1 0 0 0.6536597162888272 -0.7567885935327051 4.858364810680885
cell 47.354954690757616 43.617699329413895 0.0 1.6431676725154984 0.6085806194501846 1 0 0 0.43257708085866137 -0.9015969549171066 5.388486957479023
cell 10.913428511636303 5.646734852297986 0.0 1.0 1.0 1 0 0 0.0 1.0 0
cell 9.427080862077744 48.22361564952335 0.0 1.6431676725154984 0.6085806194501846 1 0 0 0.5868435121101115 -0.8097003719242504 5.028875372382866
cell 46.615020101642116 15.999777234664421 0.0 1.0 1.0 1 0 0 0.0 1.0 0
cell 55.891885862126536 44.12459570017995 0.0 1.6431676725154984 0.6085806194501846 1 0 0 0.7458717094438979 -0.6660896283918836 4.599500145425238
cell 3.451279953523932 43.0615149658109 0.0 1.0 1.0 1 0 0 0.0 1.0 0
cell 14.682491454471663 35.06084774660596 0.0 1.0 1.0 1 0 0 0.0 1.0 0
cell 47.78064240920967 50.24903529288218 0.0 1.6431676725154984 0.6085806194501846 1 0 0 0.5616197512660093 -0.8273954646889877 5.090501001295929
cell 9.002207826464401 0.8273606029607573 0.0 1.0 1.0 1 0 0 0.0 1.0 0
cell 22.60098770018082 7.849595158137651 0.0 1.6431676725154984 0.6085806194501846 1 0 0 0.9467567222827952 0.32194985449963814 2.486016098380676
cell 28.938890880666378 18.7286190784987 0.0 1.6431676725154984 0.6085806194501846 1 0 0 0.9686774822656748 -0.24832224095202018 3.643488372858068
cell 60.305108142223325 2.739455131462985 0.0 1.6431676725154984 0.6085806194501846 1 0 0 0.6359601195113306 -0.7717219229691056 4.9046812881900355
cell 29.091999692816565 12.825957987952366 0.0 1.6431676725154984 0.6085806194501846 1 0 0 0.9850445622302735 0.1722997690670793 2.795264893511321
cell 32.89177910643407 47.922187178310544 0.0 1.6431676725154984 0.6085806194501846 1 0 0 0.12179204084346722 0.9925556401467794 0.24419032984297315
cell 24.59633513853821 57.68854996711627 0.0 1.0 1.0 1 0 0 0.0 1.0 0
cell 39.8599324739877 34.97075934971931 0.0 1.0 1.0 1 0 0 0.0 1.0 0
cell 13.31442083949728 18.692732160792545 0.0 1.6431676725154984 0.6085806194501846 1 0 0 0.9741175970522099 -0.22604182602613274 3.597617475891035
cell 12.474623196967283 8.413724802362257 0.0 1.0 1.0 1 0 0 0.0 1.0 0
cell 41.71609016182693 29.242137251055127 0.0 1.6431676725154984 0.6085806194501846 1 0 0 -0.9866745968242027 0.16270599245816714 3.468457802362389
cell 16.48155736276952 23.880883834710467 0.0 1.6431676725154984 0.6085806194501846 1 0 0 0.048826371098753214 0.9988072814538983 0.09769158480835795
cell 17.8454153749746 19.031009148850764 0.0 1.0 1.0 1 0 0 0.0 1.0 0
cell 23.02717494554406 43.861805573035795 0.0 1.6431676725154984 0.6085806194501846 1 0 0 0.24887864279767277 -0.9685346773137182 5.780140716678801
cell 12.817719082896783 58.59966888305418 0.0 1.0 1.0 1 0 0 0.0 1.0 0
cell 40.460519094139755 20.67971287628864 0.0 1.6431676725154984 0.6085806194501846 1 0 0 0.6667260735630741 0.7453028530947444 1.459614723566815
cell 42.58233503733395 13.03276856049577 0.0 1.6431676725154984 0.6085806194501846 1 0 0 0.8753769695159145 -0.4834409594160737 4.150755246831367
cell 2.6050717890350645 38.366628897929 0.0 1.0 1.0 1 0 0 0.0 1.0 0
cell 41.12964250353824 38.70584179312509 0.0 1.0 1.0 1 0 0 0.0 1.0 0
cell 56.428473891343906 22.59091840927381 0.0 1.6431676725154984 0.6085806194501846 1 0 0 -0.9311988416736352 0.36451161471986065 3.88780921323441
cell 59.20032651846099 2.434196340833892 0.0 1.6431676725154984 0.6085806194501846 1 0 0 0.8093094905363162 0.5873824550732243 1.8859511816463217
cell 35.31043584175903 31.918107557103674 0.0 1.6431676725154984 0.6085806194501846 1 0 0 0.8751576145788704 -0.48383793737637115 4.151662347912601
cell 50.969101711875865 18.694429589551014 0.0 1.6431676725154984 0.6085806194501846 1 0 0 0.9064009437730833 -0.4224184289626386 4.01381632010162
cell 47.178392538535476 9.661680772329225 0.0 1.6431676725154984 0.6085806194501846 1 0 0 0.7984630497123589 0.6020438175449018 1.8494759820119624
cell 12.030748404265017 56.75491750403718 0.0 1.0 1.0 1 0 0 0.0 1.0 0
cell 21.236638430637864 0.7240494894619077 0.0 1.0 1.0 1 0 0 0.0 1.0 0
cell 36.46554205702722 24.305964142976347 0.0 1.6431676725154984 0.6085806194501846 1 0 0 0.650216079553566 -0.7597493335896983 4.867447684917055
cell 7.968387807686309 25.448569305503423 0.0 1.6431676725154984 0.6085806194501846 1 0 0 0.9726013148844515 -0.2324794233583612 3.6108450123918834
cell 43.244650647915904 40.829500670647064 0.0 1.6431676725154984 0.6085806194501846 1 0 0 -0.4287369970382136 0.9034293483004937 5.3969967016754685
cell 10.916164112822964 7.66556997535461 0.0 1.0 1.0 1 0 0 0.0 1.0 0
cell 17.490011043034336 49.83236023440229 0.0 1.0 1.0 1 0 0 0.0 1.0 0
cell 52.545752155205946 32.05109831899553 0.0 1.6431676725154984 0.6085806194501846 1 0 0 0.4400272058139643 -0.8979844420386999 5.371927367774634
cell 51.15935325514125 40.442489692816835 0.0 1.6431676725154984 0.6085806194501846 1 0 0 0.4927197327640323 -0.8701880629754356 5.25276040452328
cell 30.403251948860312 15.022943610810316 0.0 1.6431676725154984 0.6085806194501846 1 0 0 0.9988169061637195 0.04862908555109239 3.0442961091463694
cell 5.231547289803375 19.255308091594237 0.0 1.0 1.0 1 0 0 0.0 1.0 0
cell 30.194676311111166 33.966212402592326 0.0 1.6431676725154984 0.6085806194501846 1 0 0 0.8218807479429595 -0.5696595791880633 4.353775850385983
cell 4.865660180909439 36.186968089341846 0.0 1.6431676725154984 0.6085806194501846 1 0 0 0.9336239840191011 -0.35825445770332187 3.874387812662716
cell 11.10614907442108 39.98014191446538 0.0 1.6431676725154984 0.6085806194501846 1 0 0 -0.8005495372159992 0.5992665838032766 4.426761960345831
cell 55.41739620565436 48.04355621238887 0.0 1.6431676725154984 0.6085806194501846 1 0 0 0.8458342823185561 -0.5334457487455057 4.266930941082561
cell 59.62487685614194 28.34951816927766 0.0 1.6431676725154984 0.6085806194501846 1 0 0 0.9139388916631529 -0.4058518230900629 3.9774139996212137
cell 34.135623132573045 27.963503055923045 0.0 1.0 1.0 1 0 0 0.0 1.0 0
cell 19.63035287769289 42.44885744096332 0.0 1.0 1.0 1 0 0 0.0 1.0 0
cell 3.2944991533196673 13.011949882597783 0.0 1.6431676725154984 0.6085806194501846 1 0 0 0.9734202343791297 0.22902630264072302 2.6794380930514414
cell 24.213501418931653 47.65592267122034 0.0 1.0 1.0 1 0 0 0.0 1.0 0
cell 18.725268748787443 1.3602016767768028 0.0 1.6431676725154984 0.6085806194501846 1 0 0 0.9612142466822754 -0.27580277731564967 3.700442198505295
cell 36.79049225621524 29.66185028015246 0.0 1.6431676725154984 0.6085806194501846 1 0 0 0.883326535190074 -0.468758180972982 4.1173614717251095
cell 47.84609097034632 24.712350283763314 0.0 1.0 1.0 1 0 0 0.0 1.0 0
cell 49.69926438098931 19.5984117447333 0.0 1.0 1.0 1 0 0 0.0 1.0 0
cell 23.19966061330276 35.099135837900995 0.0 1.6431676725154984 0.6085806194501846 1 0 0 0.9999792798000425 -0.0064373884913237625 3.154467519495829
cell 54.59881921378294 48.78974242821026 0.0 1.6431676725154984 0.6085806194501846 1 0 0 0.8247011415408017 -0.5655687642906905 4.343838157018076
cell 45.4932031011542 53.94797998497715 0.0 1.6431676725154984 0.6085806194501846 1 0 0 0.7431144262479891 -0.6691643665812772 4.607760084843866
cell 29.75890825030158 58.309891078585416 0.0 1.6431676725154984 0.6085806194501846 1 0 0 0.18582900670972136 -0.9825820984860646 5.909354312456103
cell 22.32758174072785 25.72241352865595 0.0 1.6431676725154984 0.6085806194501846 1 0 0 -0.01935130700682387 -0.9998127459265198 0.03870502993531488
cell 5.853306009925193 3.262553772842154 0.0 1.0 1.0 1 0 0 0.0 1.0 0
cell 15.977097187916321 10.2737967532143 0.0 1.6431676725154984 0.6085806194501846 1 0 0 0.9985486921791473 -0.053856377034800215 3.249357546048986
cell 48.12415924850299 38.87868695709414 0.0 1.6431676725154984 0.6085806194501846 1 0 0 0.4779384334724451 -0.8783933366151551 5.286572836080186
cell 51.6240171223042 13.449628274785852 0.0 1.6431676725154984 0.6085806194501846 1 0 0 0.7498751280304158 -0.661579392334259 4.587438686159655
cell 31.870756136976706 19.342695677357632 0.0 1.6431676725154984 0.6085806194501846 1 0 0 0.8354952531516648 -0.5494976632898774 4.305118402925082
cell 5.489001554085254 8.04700188549297 0.0 1.0 1.0 1 0 0 0.0 1.0 0
cell 53.357126956705876 18.168758334215145 0.0 1.6431676725154984 0.6085806194501846 1 0 0 0.8511987910203936 -0.5248434225227752 4.246654960184724
cell 54.77382286907593 18.820803911396965 0.0 1.6431676725154984 0.6085806194501846 1 0 0 0.9253978218136982 -0.3789971917870407 3.9190174630993004
cell 13.66486288452629 51.761074906631585 0.0 1.6431676725154984 0.6085806194501846 1 0 0 0.9627402081774312 -0.2704279785053249 3.689267745150426
cell 18.550840809522686 27.0452180571634 0.0 1.6431676725154984 0.6085806194501846 1 0 0 0.09340835850063707 -0.9956278815713311 6.096095851536675
cell 10.669590873332462 42.3272080927726 0.0 1.6431676725154984 0.6085806194501846 1 0 0 0.7433980467094933 -0.6688492686312141 4.606912199740778
cell 55.461405752508945 20.484028331788675 0.0 1.6431676725154984 0.6085806194501846 1 0 0 0.9469715502745313 -0.3213174177828691 3.795833353592181
cell 56.3974682579693 14.676908766121139 0.0 1.6431676725154984 0.6085806194501846 1 0 0 0.9482842694896345 -0.31742234363464444 3.7876126825382563
cell 54.05091115253087 30.51480858828255 0.0 1.6431676725154984 0.6085806194501846 1 0 0 0.3420510009053362 -0.9396813889716331 5.584987930088569
cell 45.85774330546466 10.552841848676142 0.0 1.6431676725154984 0.6085806194501846 1 0 0 0.7664953629398474 0.6422498412547188 1.746732852494943
cell 1.6677665405603397 31.640055225207004 0.0 1.6431676725154984 0.6085806194501846 1 0 0 0.9143154865457744 -0.4050027050064775 3.975556231834296
cell 8.945922679909362 9.981071808676303 0.0 1.6431676725154984 0.6085806194501846 1 0 0 0.8506781013309572 0.5256869485881855 2.034547768818669
cell 45.4215490990824 7.755073942947099 0.0 1.6431676725154984 0.6085806194501846 1 0 0 0.7102195466129831 0.7039802522861338 1.5796200500764643
cell 12.040248824337267 38.9272893653207 0.0 1.0 1.0 1 0 0 0.0 1.0 0
cell 55.8013763363006 41.43973680240565 0.0 1.6431676725154984 0.6085806194501846 1 0 0 0.7875771258393479 -0.6162160910383888 4.469450907335303
cell 43.06924233834885 38.8123665683518 0.0 1.0 1.0 1 0 0 0.0 1.0 0
cell 37.16166707198537 32.04169520134908 0.0 1.0 1.0 1 0 0 0.0 1.0 0
cell 18.744471380224976 59.03665770660405 0.0 1.0 1.0 1 0 0 0.0 1.0 0
cell 3.219915834460281 15.454787690571308 0.0 1.6431676725154984 0.6085806194501846 1 0 0 0.784357059786303 0.620309602346591 1.8033179279783664
cell 8.118416336694716 58.19740789357992 0.0 1.0 1.0 1 0 0 0.0 1.0 0
cell 37.51938705285547 25.831891769089122 0.0 1.6431676725154984 0.6085806194501846 1 0 0 -0.9978828443765507 -0.06503713476902674 3.01142651041898
cell 49.71872901130819 24.34387371818457 0.0 1.0 1.0 1 0 0 0.0 1.0 0
cell 9.561106432201068 59.319028037147326 0.0 1.6431676725154984 0.6085806194501846 1 0 0 0.7477559944733577 -0.6639736235191575 4.593833396069781
cell 13.111259941444816 28.053916790587515 0.0 1.6431676725154984 0.6085806194501846 1 0 0 0.9721728204399557 -0.2342648227921164 3.614517210411671
cell 11.33897740251791 24.597962703718437 0.0 1.6431676725154984 0.6085806194501846 1 0 0 0.9213158510755539 -0.3888149978549281 3.9402827273740666
cell 20.563910426652882 45.128220828341085 0.0 1.6431676725154984 0.6085806194501846 1 0 0 0.07943371741753504 -0.9968401499424224 6.12415032813518
cell 54.62836965095188 36.681070104175994 0.0 1.6431676725154984 0.6085806194501846 1 0 0 0.5579547975230408 -0.8298713417880043 5.099346765307355
cell 56.542837242373786 13.09347046609592 0.0 1.6431676725154984 0.6085806194501846 1 0 0 0.9105965480727524 -0.41329641498322667 3.9937349773725566
cell 29.32319874462118 14.000003495465126 0.0 1.6431676725154984 0.6085806194501846 1 0 0 0.9897974145907401 0.14248185171974173 2.855655855583059
cell 39.33475519298437 38.65117228186796 0.0 1.0 1.0 1 0 0 0.0 1.0 0
cell 21.171174923823898 20.07546607328927 0.0 1.6431676725154984 0.6085806194501846 1 0 0 0.8057706298417517 -0.5922277366726643 4.409234191665692
cell 50.26484128948887 51.94152216946257 0.0 1.6431676725154984 0.6085806194501846 1 0 0 0.8138528402167952 -0.581071040812615 4.381680826067334
cell 15.988697340347748 47.90349833492691 0.0 1.6431676725154984 0.6085806194501846 1 0 0 0.271533525197089 -0.9624289816365891 5.733213177881
cell 16.33389163195075 44.14471286825799 0.0 1.0 1.0 1 0 0 0.0 1.0 0
cell 38.75545314234167 33.26098891880664 0.0 1.0 1.0 1 0 0 0.0 1.0 0
cell 51.505543563327365 47.656961715318296 0.0 1.6431676725154984 0.6085806194501846 1 0 0 0.75184090957811 -0.6593445583947443 4.581485943474035
cell 51.02950089207744 45.10344355637597 0.0 1.6431676725154984 0.6085806194501846 1 0 0 0.6568085219572057 -0.7540574019823628 4.850028286326527
cell 14.417834249497865 27.091885319291734 0.0 1.0 1.0 1 0 0 0.0 1.0 0
cell 60.02261876894838 31.233502294529742 0.0 1.0 1.0 1 0 0 0.0 1.0 0
cell 4.322990326049716 25.665615675826498 0.0 1.6431676725154984 0.6085806194501846 1 0 0 0.967459725812892 -0.25302505593328883 3.653204225046622
cell 2.3184182242804448 5.487440609584736 0.0 1.6431676725154984 0.6085806194501846 1 0 0 0.6547275111711929 0.7558649919896909 1.4276441296562796
cell 48.77762157566174 11.334247955886964 0.0 1.6431676725154984 0.6085806194501846 1 0 0 0.6433457283617018 -0.7655757792660054 4.885464315400076
cell 12.92376375895182 10.601196560407496 0.0 1.6431676725154984 0.6085806194501846 1 0 0 0.9998328611788095 0.018282497285530535 3.105025621739165
cell 6.194793306712634 15.645308119567925 0.0 1.6431676725154984 0.6085806194501846 1 0 0 0.9928999621753519 0.11895236488689395 2.9031232756875025
cell 55.72520474047701 30.514100746464337 0.0 1.6431676725154984 0.6085806194501846 1 0 0 0.4580548050562098 -0.8889239537580915 5.331573899867037
cell 5.345328674819196 33.95591910378815 0.0 1.6431676725154984 0.6085806194501846 1 0 0 0.9474281048982853 -0.31996872667316034 3.792985610502356
cell 3.7581539070348184 33.82021720074115 0.0 1.6431676725154984 0.6085806194501846 1 0 0 -0.9041867725534949 0.4271373085312199 4.024241374555535
cell 49.01451880838898 1.1660056496631976 0.0 1.6431676725154984 0.6085806194501846 1 0 0 0.6825061202733704 -0.7308798778112526 4.7808131516133745
cell 34.178942833144745 5.965410724613197 0.0 1.6431676725154984 0.6085806194501846 1 0 0 0.9795641736900152 -0.20113187122631165 3.5466191906210223
cell 14.346771981761009 46.363174232742274 0.0 1.6431676725154984 0.6085806194501846 1 0 0 0.16766492069695815 -0.985844041604798 5.946264146372391
cell 26.054459715463548 17.24903960580536 0.0 1.6431676725154984 0.6085806194501846 1 0 0 0.9857680580837983 -0.16811108131737565 3.47941898354841
cell 56.00011860671052 27.314428698021366 0.0 1.6431676725154984 0.6085806194501846 1 0 0 0.6646635767465883 -0.7471427773501074 4.829098411123331
cell 39.80410560838335 44.42063224990926 0.0 1.6431676725154984 0.6085806194501846 1 0 0 0.7460157560205186 0.6659282932637223 1.684117728234776
cell 16.517590925159237 31.137794084051702 0.0 1.6431676725154984 0.6085806194501846 1 0 0 0.9975684301151595 -0.06969381061167587 3.281093361726313
cell 24.112543799825115 12.398442636802383 0.0 1.0 1.0 1 0 0 0.0 1.0 0
cell 45.69658719768233 3.01815177042969 0.0 1.6431676725154984 0.6085806194501846 1 0 0 0.5551732938808531 0.8317347015494087 1.1771426080070142
cell 23.197566586299192 20.8983637413181 0.0 1.6431676725154984 0.6085806194501846 1 0 0 0.9348622969058222 -0.3550105432574789 3.867443343827606
cell 13.365007937316074 30.316691244585996 0.0 1.6431676725154984 0.6085806194501846 1 0 0 0.977887224438367 -0.2091329153438714 3.562969020949418
cell 14.666766187302278 3.393372704941607 0.0 1.0 1.0 1 0 0 0.0 1.0 0
cell 14.158714326052362 5.367099880850602 0.0 1.0 1.0 1 0 0 0.0 1.0 0
cell 22.56386570569283 58.13565680152464 0.0 1.0 1.0 1 0 0 0.0 1.0 0
cell 52.09151990959122 7.733521610165801 0.0 1.6431676725154984 0.6085806194501846 1 0 0 0.7583675327194954 -0.651827189765006 4.56157529714772
cell 5.6341817915930585 29.460961674148752 0.0 1.0 1.0 1 0 0 0.0 1.0 0
cell 48.66973519284194 53.643640463176155 0.0 1.6431676725154984 0.6085806194501846 1 0 0 0.716097614910449 -0.698000147506837 4.686794597953041
cell 60.93121344955605 39.78698287332738 0.0 1.0 1.0 1 0 0 0.0 1.0 0
cell 2.2616097367632837 54.12031416269494 0.0 1.0 1.0 1 0 0 0.0 1.0 0
cell 32.98845833468163 33.1157257260047 0.0 1.6431676725154984 0.6085806194501846 1 0 0 0.5997818335849243 0.8001635783397706 1.2864568573079647
cell 12.45149039863047 60.31561275924813 0.0 1.6431676725154984 0.6085806194501846 1 0 0 0.9003872454088715 -0.43508942564147046 4.0418678405445485
cell 28.588754556724176 32.38543521343085 0.0 1.6431676725154984 0.6085806194501846 1 0 0 0.7978379209327847 -0.6028720029339989 4.435784586236857
cell 45.42247460214744 26.72778975268117 0.0 1.0 1.0 1 0 0 0.0 1.0 0
cell 1.7992830591982203 29.187737384754357 0.0 1.6431676725154984 0.6085806194501846 1 0 0 0.973832537344613 -0.22726677981824153 3.6001328454767596
cell 32.13589714244226 22.001821053404036 0.0 1.6431676725154984 0.6085806194501846 1 0 0 0.8402713531322153 -0.542166075206994 4.287618253972416
cell 15.069531858983185 21.79783891786871 0.0 1.6431676725154984 0.6085806194501846 1 0 0 0.9576484237831812 -0.2879400917301873 3.725742920100578
cell 55.1589604553563 45.57055688367644 0.0 1.6431676725154984 0.6085806194501846 1 0 0 0.831129423160139 -0.5560790249213635 4.320913986695224
cell 56.56732359894364 19.292565413170408 0.0 1.6431676725154984 0.6085806194501846 1 0 0 0.962927694081626 -0.2697596262798464 3.6878794430494093
cell 57.18006218468309 49.09016745819025 0.0 1.0 1.0 1 0 0 0.0 1.0 0
cell 60.753400200544746 46.34713086350518 0.0 1.0 1.0 1 0 0 0.0 1.0 0
cell 4.694182701871167 53.73285808213406 0.0 1.0 1.0 1 0 0 0.0 1.0 0
cell 0.19921388259133957 56.931394786961015 0.0 1.6431676725154984 0.6085806194501846 1 0 0 0.8260675021055487 -0.5635711862445589 4.338997800790589
cell 19.205568216568334 8.384964958778259 0.0 1.0 1.0 1 0 0 0.0 1.0 0
cell 18.657205135004343 15.36357909351927 0.0 1.6431676725154984 0.6085806194501846 1 0 0 0.8870443233905543 -0.4616842734386712 4.101378673875588
cell 27.468217054793115 9.884803450144618 0.0 1.0 1.0 1 0 0 0.0 1.0 0
cell 52.93418026061258 44.056330056992365 0.0 1.6431676725154984 0.6085806194501846 1 0 0 0.7052765444881147 -0.7089322928142746 4.7175589950060655
cell 3.182580153586724 36.50571513621611 0.0 1.0 1.0 1 0 0 0.0 1.0 0
cell 42.0950208011652 47.761297279195745 0.0 1.6431676725154984 0.6085806194501846 1 0 0 0.12361514032527542 0.9923302359005103 0.2478642921420409
cell 26.800237636667617 39.28582508695341 0.0 1.6431676725154984 0.6085806194501846 1 0 0 0.95109098708459 -0.308910884053088 3.769688046361697
cell 4.459189992894013 56.935337438163444 0.0 1.0 1.0 1 0 0 0.0 1.0 0
cell 57.5012396015991 36.226818507787996 0.0 1.6431676725154984 0.6085806194501846 1 0 0 0.6851383879367073 -0.728412925046975 4.773597972306433
cell 5.084765148266369 5.315675615460565 0.0 1.6431676725154984 0.6085806194501846 1 0 0 0.7215652863648537 -0.6923463999424035 4.67106429451673
cell 11.091192719669372 26.52356026217882 0.0 1.6431676725154984 0.6085806194501846 1 0 0 0.9960313883823829 -0.0890026592696125 3.3198338245659222
cell 18.18613300484105 51.63910797756773 0.0 1.0 1.0 1 0 0 0.0 1.0 0
cell 58.45804885337336 52.71795102990694 0.0 1.0 1.0 1 0 0 0.0 1.0 0
cell 32.26187715157562 17.70790185276389 0.0 1.6431676725154984 0.6085806194501846 1 0 0 0.9164187601075852 -0.4002207592352954 3.965108107198735
cell 46.37356767874917 51.103107456575835 0.0 1.6431676725154984 0.6085806194501846 1 0 0 0.5628131155617302 -0.8265841741478592 5.087614958298494
cell 50.30968744650873 44.43632897487241 0.0 1.6431676725154984 0.6085806194501846 1 0 0 0.6002899323054512 -0.79978246865802 4.995458160278046
cell 17.18434481747113 3.6221695685341886 0.0 1.0 1.0 1 0 0 0.0 1.0 0
cell 23.87006573215085 10.577084893044665 0.0 1.0 1.0 1 0 0 0.0 1.0 0
cell 6.415640852710095 38.41177159358368 0.0 1.0 1.0 1 0 0 0.0 1.0 0
cell 25.70908523601218 13.08063955452677 0.0 1.0 1.0 1 0 0 0.0 1.0 0
cell 15.693295068589986 11.346014158662074 0.0 1.6431676725154984 0.6085806194501846 1 0 0 0.9988518929996577 0.04790507124512332 3.04574582748721
cell 19.690530491148415 55.35308004828438 0.0 1.0 1.0 1 0 0 0.0 1.0 0
cell 56.86729972545272 26.47707965765123 0.0 1.6431676725154984 0.6085806194501846 1 0 0 0.6576549644789338 -0.7533192866880632 4.847782152525671
cell 18.385255074424965 13.757104285502276 0.0 1.6431676725154984 0.6085806194501846 1 0 0 0.9431273505768607 -0.33243164800282077 3.819354032045525
cell 57.590561669393544 41.01518879265218 0.0 1.0 1.0 1 0 0 0.0 1.0 0
cell 22.07158453323984 3.082319907502255 0.0 1.6431676725154984 0.6085806194501846 1 0 0 0.9999191452899034 -0.012716244835210057 3.167025828727909
cell 53.28329663376565 35.291990922040306 0.0 1.6431676725154984 0.6085806194501846 1 0 0 0.46791846129054265 -0.8837716410835386 5.309317276743579
cell 55.680249415800276 29.282379120413857 0.0 1.6431676725154984 0.6085806194501846 1 0 0 0.4676060040990655 -0.883937002806481 5.3100243099739775
cell 22.129832795620896 27.49196307198195 0.0 1.6431676725154984 0.6085806194501846 1 0 0 -0.3488474818451618 -0.9371795102381878 0.7126820972647243
cell 23.431067445227256 40.638784228534995 0.0 1.0 1.0 1 0 0 0.0 1.0 0
cell 30.936496458654496 43.83923436124388 0.0 1.6431676725154984 0.6085806194501846 1 0 0 0.14422758314967907 0.9895445438477252 0.2894646997315228
cell 30.518311040847664 17.40991736099937 0.0 1.0 1.0 1 0 0 0.0 1.0 0
cell 52.817707353393686 30.072714694742864 0.0 1.6431676725154984 0.6085806194501846 1 0 0 0.40884359054481734 -0.9126044698939523 5.44081220915094
cell 58.58135297740227 23.526878430001275 0.0 1.6431676725154984 0.6085806194501846 1 0 0 0.9623891794582455 -0.2716745613076147 3.6918578726214757
cell 13.281411389466841 22.011619522988575 0.0 1.0 1.0 1 0 0 0.0 1.0 0
cell 49.01643883374324 49.3175466080333 0.0 1.6431676725154984 0.6085806194501846 1 0 0 0.6032065878325948 -0.7975849875689474 4.988154512580853
cell 35.673474942580945 40.89756090759762 0.0 1.6431676725154984 0.6085806194501846 1 0 0 0.43016344087906994 0.9027510255497243 0.8893476333951141
cell 33.37373468643599 20.490466889816215 0.0 1.6431676725154984 0.6085806194501846 1 0 0 0.7034016378511568 -0.7107926110113343 4.722841442449088
cell 7.283055557208169 7.080825707096443 0.0 1.0 1.0 1 0 0 0.0 1.0 0
cell 21.922754943720054 32.39613676751599 0.0 1.6431676725154984 0.6085806194501846 1 0 0 0.9510317286629062 -0.30909327245419677 3.7700715934357945
cell 38.72420830602443 50.23957605718662 0.0 1.6431676725154984 0.6085806194501846 1 0 0 0.7338261838609035 0.6793372740253133 1.6478743607663113
cell 3.435488686593317 20.15569427271663 0.0 1.0 1.0 1 0 0 0.0 1.0 0
cell 48.61416826768524 56.34242434949899 0.0 1.6431676725154984 0.6085806194501846 1 0 0 0.6370303137707893 -0.7708387505419598 4.901906177671191
cell 57.69704592746691 39.34391159529474 0.0 1.0 1.0 1 0 0 0.0 1.0 0
cell 35.07443511895652 26.882931082968888 0.0 1.6431676725154984 0.6085806194501846 1 0 0 0.8432174148352257 -0.537572684684219 4.276704301443726
cell 42.83261036258119 27.257073845819978 0.0 1.6431676725154984 0.6085806194501846 1 0 0 0.9957486894982794 0.09211160275697734 2.9571079399714804
cell 58.46391316470292 8.17322693401473 0.0 1.6431676725154984 0.6085806194501846 1 0 0 0.8190472963724478 -0.5737260028140468 4.363688327209075
cell 44.22451368770484 32.235306383654304 0.0 1.0 1.0 1 0 0 0.0 1.0 0
cell 45.73954004382799 44.222931031135246 0.0 1.6431676725154984 0.6085806194501846 1 0 0 0.5015080643165253 -0.8651529699570428 5.232503276375492
cell 55.40368287780441 51.74104763608175 0.0 1.6431676725154984 0.6085806194501846 1 0 0 0.8470024746165968 -0.531588946455211 4.262543509068104
cell 56.84831175019557 28.82139775964019 0.0 1.6431676725154984 0.6085806194501846 1 0 0 0.6529583038546586 -0.757393856211712 4.8602177244671125
cell 21.150109167435094 35.67340376983887 0.0 1.6431676725154984 0.6085806194501846 1 0 0 0.9519152049928566 -0.3063616204804508 3.7643296569705376
cell 25.294563478247348 0.7549629130904069 0.0 1.0 1.0 1 0 0 0.0 1.0 0
cell 16.36043454795229 34.07164574101992 0.0 1.0 1.0 1 0 0 0.0 1.0 0
cell 59.383827538566614 15.685711972494333 0.0 1.0 1.0 1 0 0 0.0 1.0 0
cell 1.4505992753232817 33.732836586065154 0.0 1.6431676725154984 0.6085806194501846 1 0 0 0.89360849425886 -0.44884725574343537 4.072542518536911
cell 46.249343344833306 17.640523810790473 0.0 1.6431676725154984 0.6085806194501846 1 0 0 0.20483619434917702 0.9787962676086103 0.41259270029068656
cell 9.74697628894143 25.22730559848613 0.0 1.6431676725154984 0.6085806194501846 1 0 0 0.9889946511852631 -0.1479512755164339 3.4385855094065216
cell 46.52227504384179 13.423199205783092 0.0 1.0 1.0 1 0 0 0.0 1.0 0
cell 58.81943890783777 32.195778946131746 0.0 1.6431676725154984 0.6085806194501846 1 0 0 0.7669115945631797 -0.6417527609013934 4.535155785634118
cell 15.599427648498068 14.294738917636664 0.0 1.0 1.0 1 0 0 0.0 1.0 0
cell 16.311261562303137 20.33341427464942 0.0 1.0 1.0 1 0 0 0.0 1.0 0
cell 28.04548356229071 54.21594030121008 0.0 1.0 1.0 1 0 0 0.0 1.0 0
cell 0.5526297031750006 25.981591687649814 0.0 1.0 1.0 1 0 0 0.0 1.0 0
cell 19.919497249990613 60.60490727094514 0.0 1.0 1.0 1 0 0 0.0 1.0 0
cell 36.76331018251024 11.09989471224477 0.0 1.6431676725154984 0.6085806194501846 1 0 0 0.9976885300585293 -0.06795290273160562 3.2776032700277753
cell 21.75372486169011 18.130283307451023 0.0 1.6431676725154984 0.6085806194501846 1 0 0 0.7754936957618228 -0.6313553102918114 4.508191943677131
cell 3.274903149618761 52.37603252111189 0.0 1.0 1.0 1 0 0 0.0 1.0 0
cell 8.498628638903684 13.057313540673988 0.0 1.6431676725154984 0.6085806194501846 1 0 0 0.9910892649466626 0.13319935775927727 2.874399837483432
cell 49.926433767228595 2.7073947116763257 0.0 1.6431676725154984 0.6085806194501846 1 0 0 -0.7466268326839192 0.6652430929490203 4.597231371746231
cell 8.091622816489915 31.751397088737278 0.0 1.0 1.0 1 0 0 0.0 1.0 0
cell 9.861255711891928 2.609084659296257 0.0 1.0 1.0 1 0 0 0.0 1.0 0
cell 51.678991923263595 60.39834581928582 0.0 1.6431676725154984 0.6085806194501846 1 0 0 0.7494717316018636 -0.6620363460790533 4.588657760259049
cell 40.94398152023918 23.062976989952993 0.0 1.0 1.0 1 0 0 0.0 1.0 0
cell 51.163022767019214 42.13057087583841 0.0 1.6431676725154984 0.6085806194501846 1 0 0 0.58796557087036 -0.8088859545517475 5.0261024376010734
cell 24.124399348734546 36.28026234999509 0.0 1.6431676725154984 0.6085806194501846 1 0 0 0.9980108103753791 -0.06304302002505266 3.2677623632317836
cell 42.27684680660564 16.63021341701462 0.0 1.6431676725154984 0.6085806194501846 1 0 0 0.8351197518612871 -0.5500681776390471 4.306484401255708
cell 14.518088576051019 33.297225754834614 0.0 1.0 1.0 1 0 0 0.0 1.0 0
cell 54.93224461506182 4.513066198528288 0.0 1.6431676725154984 0.6085806194501846 1 0 0 0.8867207242340301 -0.4623054804064916 4.102779551501978
cell 12.032804681295566 37.23305367045601 0.0 1.0 1.0 1 0 0 0.0 1.0 0
cell 50.997358023090925 16.945999337603585 0.0 1.6431676725154984 0.6085806194501846 1 0 0 0.8454955376388357 -0.5339824864476513 4.268200327284576
cell 8.328553326893816 47.63609375643479 0.0 1.6431676725154984 0.6085806194501846 1 0 0 0.446892640072079 -0.8945875967446716 5.356607702976662
cell 2.052353523627506 19.236426910902573 0.0 1.6431676725154984 0.6085806194501846 1 0 0 0.853869087064367 0.5204878309392683 2.046748314655741
cell 23.43001431097002 51.06831295616575 0.0 1.0 1.0 1 0 0 0.0 1.0 0
cell 55.216115204296294 32.618434746184704 0.0 1.0 1.0 1 0 0 0.0 1.0 0
cell 0.4699005668896893 21.728529418599674 0.0 1.6431676725154984 0.6085806194501846 1 0 0 0.9935902198674231 -0.11304191693263974 3.3681607785849264
cell 22.971580990392628 24.06247309682487 0.0 1.6431676725154984 0.6085806194501846 1 0 0 0.4319637025472039 0.9018909910192644 0.8933379230025331
cell 50.82517629709856 11.68440322917351 0.0 1.6431676725154984 0.6085806194501846 1 0 0 0.6218439777895738 -0.783141154126662 4.9409951067324185
cell 14.943939567985426 54.12443453329952 0.0 1.0 1.0 1 0 0 0.0 1.0 0
cell 51.10054544257326 57.772168777933615 0.0 1.6431676725154984 0.6085806194501846 1 0 0 0.8116569044978137 -0.5841344617303681 4.389219180853468
cell 5.860306999911584 55.38371446654549 0.0 1.0 1.0 1 0 0 0.0 1.0 0
cell 57.01488069713197 30.87067048136133 0.0 1.6431676725154984 0.6085806194501846 1 0 0 0.7103076268429838 -0.7038913802915109 4.703315006361939
cell 55.27690798529435 15.191956956174844 0.0 1.6431676725154984 0.6085806194501846 1 0 0 0.9340303479730291 -0.3571936576499956 3.872115872034129
cell 46.85534317159937 2.3843388312954694 0.0 1.6431676725154984 0.6085806194501846 1 0 0 0.7156859384086747 0.6984222487608014 1.5952114772378634
cell 52.29411600784651 33.532343030904066 0.0 1.6431676725154984 0.6085806194501846 1 0 0 0.4061994362393143 -0.9137844483240363 5.446603204555623
cell 50.95194917537284 30.531092195304016 0.0 1.0 1.0 1 0 0 0.0 1.0 0
cell 59.61379993171375 51.10830204753665 0.0 1.0 1.0 1 0 0 0.0 1.0 0
cell 16.440302089160415 40.85013741593246 0.0 1.0 1.0 1 0 0 0.0 1.0 0
cell 12.900389233817243 2.422866717499813 0.0 1.0 1.0 1 0 0 0.0 1.0 0
cell 19.02694827182365 25.16787437844106 0.0 1.6431676725154984 0.6085806194501846 1 0 0 0.08762573972464328 0.9961534669606431 0.17547652928733476
cell 54.78529397705424 10.361495539379401 0.0 1.6431676725154984 0.6085806194501846 1 0 0 0.8516881920206585 -0.524048875175381 4.244788606638897
cell 49.27511026511665 42.24214196727536 0.0 1.6431676725154984 0.6085806194501846 1 0 0 0.4505264156806722 -0.8927630977890642 5.348475509080463
cell 51.8611931473295 42.822933173492096 0.0 1.6431676725154984 0.6085806194501846 1 0 0 0.630777341571595 -0.7759638814789457 4.9180761479265245
cell 47.5159095608253 29.77653595552136 0.0 1.6431676725154984 0.6085806194501846 1 0 0 0.9966707705940242 -0.08153143592206573 3.3048367246610715
cell 54.7364420460092 58.966750220935864 0.0 1.6431676725154984 0.6085806194501846 1 0 0 0.9084639032613218 -0.41796331952840526 4.003997185651503
cell 0.02573968481908235 24.440321942201575 0.0 1.6431676725154984 0.6085806194501846 1 0 0 0.9637933866863274 -0.26665015990938273 3.6814239914494644
cell 53.657852227000284 23.149011535777962 0.0 1.0 1.0 1 0 0 0.0 1.0 0
cell 51.800717566416935 50.265419534958056 0.0 1.6431676725154984 0.6085806194501846 1 0 0 0.8329759303880253 -0.5533092258350691 4.314256243487751
cell 43.44239784257871 42.154838510260234 0.0 1.6431676725154984 0.6085806194501846 1 0 0 -0.4376066401544125 0.8991665187787892 5.377314926746808
cell 56.08894859342756 55.57617705789573 0.0 1.6431676725154984 0.6085806194501846 1 0 0 0.9262474792526327 -0.3769159152624677 3.9145214062208606
cell 49.32422335585024 25.763101490758846 0.0 1.0 1.0 1 0 0 0.0 1.0 0
cell 50.47111307064225 26.84734964335933 0.0 1.0 1.0 1 0 0 0.0 1.0 0
cell 33.54224872268245 49.69100745905956 0.0 1.0 1.0 1 0 0 0.0 1.0 0
cell 59.25461530663774 40.57023787673605 0.0 1.0 1.0 1 0 0 0.0 1.0 0
cell 0.8513784054910611 4.174040878204537 0.0 1.6431676725154984 0.6085806194501846 1 0 0 0.7084376845745253 -0.7057733680684511 4.708621065618439
cell 60.43649956345559 52.88595272442724 0.0 1.0 1.0 1 0 0 0.0 1.0 0
cell 59.15571774162268 36.50488391004225 0.0 1.0 1.0 1 0 0 0.0 1.0 0
cell 60.93150263737758 28.37564927695584 0.0 1.6431676725154984 0.6085806194501846 1 0 0 0.9404530812436748 -0.3399235237215542 3.8352638091589673
cell 54.40512811551035 20.73124499708923 0.0 1.6431676725154984 0.6085806194501846 1 0 0 0.937263752021678 -0.34862108247529494 3.853791622080605
cell 49.16585978242036 40.900348989988025 0.0 1.6431676725154984 0.6085806194501846 1 0 0 0.48382481630069646 -0.8751648685428348 5.273145598361281
cell 58.14999605879664 17.604010116575125 0.0 1.6431676725154984 0.6085806194501846 1 0 0 0.9985082447182083 -0.054601146780654634 3.250849280606107
cell 46.670441952501335 36.27029018189693 0.0 1.6431676725154984 0.6085806194501846 1 0 0 -0.39956568886543714 0.9167045654307001 5.461099261691413
cell 54.70762209295742 25.02007457164602 0.0 1.6431676725154984 0.6085806194501846 1 0 0 0.9009234550393466 -0.43397802727784107 4.039399863815552
cell 50.60011220614333 59.734721259861495 0.0 1.6431676725154984 0.6085806194501846 1 0 0 0.7681800232930657 -0.6402339039862425 4.531198089814923
cell 1.5419525241867085 35.51903781215614 0.0 1.0 1.0 1 0 0 0.0 1.0 0
cell 52.68185131378699 56.335042324409066 0.0 1.6431676725154984 0.6085806194501846 1 0 0 0.8912308367900298 -0.4535499923432291 4.0830817881180685
cell 11.802292515583124 46.74997837025186 0.0 1.6431676725154984 0.6085806194501846 1 0 0 0.7414251900961136 -0.6710355337021593 4.6128018260257795
cell 58.63495777400409 26.54254214060362 0.0 1.6431676725154984 0.6085806194501846 1 0 0 0.8974474809707831 -0.4411213199327323 4.055288143467837
cell 33.935116681316025 40.208173458901875 0.0 1.6431676725154984 0.6085806194501846 1 0 0 0.7591910708803108 -0.6508678190659044 4.559046576163842
cell 47.859788278964686 48.226764286730486 0.0 1.6431676725154984 0.6085806194501846 1 0 0 0.543702640111558 -0.8392779272301408 5.133500238167285
cell 53.632683635313086 52.76955247090448 0.0 1.6431676725154984 0.6085806194501846 1 0 0 0.8925192988227106 -0.4510092030424845 4.07738415697198
cell 9.286382027969621 27.113153233055954 0.0 1.6431676725154984 0.6085806194501846 1 0 0 0.9521530622529889 -0.30562157326055356 3.762774991740591
cell 36.376287667540986 43.030802797021735 0.0 1.6431676725154984 0.6085806194501846 1 0 0 -0.4179547972288119 -0.908467824126657 0.8623857701028212
cell 45.06781285727145 15.408049716550558 0.0 1.6431676725154984 0.6085806194501846 1 0 0 0.7897663504721251 0.6134077857852316 1.820855999744505
cell 34.03500420724395 9.967725741216766 0.0 1.6431676725154984 0.6085806194501846 1 0 0 0.1826861934007507 0.983171274367159 0.367435867695674
cell 16.884227404521585 59.44982528023564 0.0 1.0 1.0 1 0 0 0.0 1.0 0
cell 48.125335502171374 45.80526340411012 0.0 1.6431676725154984 0.6085806194501846 1 0 0 0.5345987877553262 -0.8451059910629765 5.1551194512463265
cell 27.324208116480428 19.23658006774279 0.0 1.6431676725154984 0.6085806194501846 1 0 0 0.9255402304431808 -0.37864928605661446 3.918265615730006
cell 44.919367209982084 51.50257660308198 0.0 1.6431676725154984 0.6085806194501846 1 0 0 0.5146040923515677 -0.8574279142499498 5.2020936141027105
cell 55.10275878944044 2.8568890914547933 0.0 1.6431676725154984 0.6085806194501846 1 0 0 0.8496401734157025 -0.5273628501498138 4.252580096748519
cell 17.999058560167192 60.868883242904985 0.0 1.0 1.0 1 0 0 0.0 1.0 0
cell 21.20103363064271 34.0947236904868 0.0 1.6431676725154984 0.6085806194501846 1 0 0 0.9999798575326833 0.006347009446538992 3.1288985494664083
cell 52.186586629982585 37.4266121141218 0.0 1.6431676725154984 0.6085806194501846 1 0 0 0.48033568628205897 -0.8770847327846628 5.2811105033714965
cell 4.426517579456459 58.9030098225991 0.0 1.0 1.0 1 0 0 0.0 1.0 0
cell 48.33167593266483 9.41627621060876 0.0 1.6431676725154984 0.6085806194501846 1 0 0 0.608586790334333 -0.79348731472567 4.974628585475047
cell 11.056657287254756 31.462787111248993 0.0 1.0 1.0 1 0 0 0.0 1.0 0
cell 8.427163655090974 19.494139830492035 0.0 1.0 1.0 1 0 0 0.0 1.0 0
cell 22.238220653333517 11.688545389965483 0.0 1.0 1.0 1 0 0 0.0 1.0 0
cell 14.69266435603354 45.18858885060986 0.0 1.6431676725154984 0.6085806194501846 1 0 0 0.04323879152491792 -0.9990647661225296 6.196680755118778
cell 55.430480998907534 6.551965274946714 0.0 1.6431676725154984 0.6085806194501846 1 0 0 0.9342309437178486 -0.35666867510346045 3.870991869658118
cell 1.7738860029143457 59.5991134046024 0.0 1.6431676725154984 0.6085806194501846 1 0 0 0.996896351714757 -0.07872524333279321 3.2992062330574106
cell 40.25909116395901 31.864307161934924 0.0 1.0 1.0 1 0 0 0.0 1.0 0
cell 40.71662072387568 33.46605800299867 0.0 1.0 1.0 1 0 0 0.0 1.0 0
cell 54.12071869777051 51.57170987842213 0.0 1.6431676725154984 0.6085806194501846 1 0 0 0.8702648594425202 -0.49258407852821495 4.171705788581958
cell 20.11399578135832 39.26686655773008 0.0 1.0 1.0 1 0 0 0.0 1.0 0
cell 15.872072731348078 42.608115823031255 0.0 1.0 1.0 1 0 0 0.0 1.0 0
cell 15.76038223060211 8.596765598730904 0.0 1.0 1.0 1 0 0 0.0 1.0 0
cell 15.805767310338416 6.63130594067454 0.0 1.0 1.0 1 0 0 0.0 1.0 0
cell 1.6872292768284283 56.05975322702808 0.0 1.0 1.0 1 0 0 0.0 1.0 0
cell 52.0698128449923 21.954228118097195 0.0 1.0 1.0 1 0 0 0.0 1.0 0
cell 52.84405761149594 15.619262558921646 0.0 1.6431676725154984 0.6085806194501846 1 0 0 0.8466329164801842 -0.5321773245190529 4.263933130572861
cell 33.54354854599983 42.84696832280543 0.0 1.6431676725154984 0.6085806194501846 1 0 0 0.19557678371031992 -0.980688391729772 5.889494192416888
cell 3.4116182574737453 8.948449244463575 0.0 1.0 1.0 1 0 0 0.0 1.0 0
cell 51.55117848671321 53.400284144940365 0.0 1.6431676725154984 0.6085806194501846 1 0 0 0.8119442493680677 -0.5837349877454023 4.388235013095386
cell 53.24723251766348 7.372271737114622 0.0 1.6431676725154984 0.6085806194501846 1 0 0 0.8725047760422855 -0.4886055830456721 4.1625743727245155
cell 34.97738717107195 24.655632355619517 0.0 1.6431676725154984 0.6085806194501846 1 0 0 0.8459994860332126 -0.5331837109585589 4.2663114055472064
cell 48.56636671509632 35.77446283163626 0.0 1.6431676725154984 0.6085806194501846 1 0 0 -0.35775868944096173 0.9338140714989711 5.551452069811104
cell 12.676279088099164 32.52023800400534 0.0 1.0 1.0 1 0 0 0.0 1.0 0
cell 1.784358304410577 61.022667756098635 0.0 1.6431676725154984 0.6085806194501846 1 0 0 0.9683909017175852 -0.24943749010644342 3.645791335500829
cell 14.20168554894421 59.98451370432766 0.0 1.0 1.0 1 0 0 0.0 1.0 0
cell 32.26378828059543 54.08274940515562 0.0 1.6431676725154984 0.6085806194501846 1 0 0 0.9825756680785753 -0.18586300465649816 3.5154928497735396
cell 48.61031889919392 33.185186790369606 0.0 1.0 1.0 1 0 0 0.0 1.0 0
cell 21.35175373416798 37.6726908949622 0.0 1.0 1.0 1 0 0 0.0 1.0 0
cell 25.744601872412925 11.209175816696577 0.0 1.0 1.0 1 0 0 0.0 1.0 0
cell 41.31493507134348 14.158408921363005 0.0 1.6431676725154984 0.6085806194501846 1 0 0 0.361735455341534 0.9322807840714369 0.7402574768917842
cell 12.905203795544272 16.193748245945294 0.0 1.0 1.0 1 0 0 0.0 1.0 0
cell 43.17951482222222 11.208424131194821 0.0 1.0 1.0 1 0 0 0.0 1.0 0
cell 33.660466435512035 24.55056634716791 0.0 1.6431676725154984 0.6085806194501846 1 0 0 0.7298542152605809 -0.6836028265494238 4.646967973318979
cell 47.649755067278036 54.96828218821247 0.0 1.6431676725154984 0.6085806194501846 1 0 0 0.6968212833182894 -0.7172447972029161 4.7412731947860784
cell 52.360935311057865 40.091651985777254 0.0 1.6431676725154984 0.6085806194501846 1 0 0 0.5843727401798171 -0.8114853668025888 5.034971577051565
cell 16.226939213320254 13.078625292192003 0.0 1.6431676725154984 0.6085806194501846 1 0 0 0.9552260667729058 -0.2958769361703682 3.742339511113577
cell 46.82745787942465 37.81381488246491 0.0 1.6431676725154984 0.6085806194501846 1 0 0 0.5133849573946098 -0.858158426819276 5.2049361052617
cell 27.719024944444175 49.923763235242234 0.0 1.6431676725154984 0.6085806194501846 1 0 0 0.803954940077381 -0.5946902171090211 4.415353193715546
cell 9.541307542405873 54.837609225507514 0.0 1.6431676725154984 0.6085806194501846 1 0 0 0.6552593917622412 -0.7554039512124474 4.854133405408408
cell 40.62355723723123 8.415369758597521 0.0 1.6431676725154984 0.6085806194501846 1 0 0 0.06225401464640987 0.9980603376852547 0.12458859298025914
cell 53.866895023531384 15.126487502894477 0.0 1.6431676725154984 0.6085806194501846 1 0 0 0.842098868424986 -0.5393231830705575 4.280859005873317
cell 21.72489138665329 39.6548607127791 0.0 1.0 1.0 1 0 0 0.0 1.0 0
cell 59.675849705796814 55.36590715638344 0.0 1.6431676725154984 0.6085806194501846 1 0 0 0.5809738066843876 0.8139222542397104 1.2398492349770398
cell 10.975245835380207 9.753688765525888 0.0 1.0 1.0 1 0 0 0.0 1.0 0
cell 9.156452880822682 36.12063021074852 0.0 1.6431676725154984 0.6085806194501846 1 0 0 0.7051808670005489 -0.7090274640776294 4.717828896847653
cell 17.80019109329792 47.817172422144125 0.0 1.6431676725154984 0.6085806194501846 1 0 0 0.3255327115524616 -0.9455307788270575 5.620035161235951
cell 34.50515612104749 38.023094770093465 0.0 1.6431676725154984 0.6085806194501846 1 0 0 0.5580442946523747 0.8298111623772806 1.1840542388601134
cell 54.60746578252814 29.026540044484257 0.0 1.6431676725154984 0.6085806194501846 1 0 0 0.3993496388632084 -0.9167987052454999 5.461570599822486
cell 57.46225693686931 22.055146801892523 0.0 1.6431676725154984 0.6085806194501846 1 0 0 0.9701878305081325 -0.24235423151643798 3.6311760362597907
cell 5.5037095395349915 40.1754284810572 0.0 1.0 1.0 1 0 0 0.0 1.0 0
cell 26.59923354588423 57.80853736236316 0.0 1.0 1.0 1 0 0 0.0 1.0 0
cell 57.61176755882385 18.857385987635507 0.0 1.6431676725154984 0.6085806194501846 1 0 0 0.9606973292222248 -0.27759798562901006 3.7041784948339385
cell 6.423453626690138 0.13005744550735157 0.0 1.0 1.0 1 0 0 0.0 1.0 0
cell 51.462191494584076 31.914652580530635 0.0 1.6431676725154984 0.6085806194501846 1 0 0 -0.35910377219959067 0.9332976378369466 5.548570437139187
cell 33.962014089803674 11.256269067553601 0.0 1.6431676725154984 0.6085806194501846 1 0 0 0.09880333388623672 0.9951069797830607 0.19792959770883575
cell 1.2002001086712308 27.73940473511677 0.0 1.0 1.0 1 0 0 0.0 1.0 0
cell 5.177270635809116 44.102303839547425 0.0 1.0 1.0 1 0 0 0.0 1.0 0
cell 5.945345445762987 52.590524848850016 0.0 1.6431676725154984 0.6085806194501846 1 0 0 0.9322224396043475 -0.3618857873668413 3.8821726443245628
cell 35.21078841775255 48.61475718434584 0.0 1.0 1.0 1 0 0 0.0 1.0 0
cell 34.90707676184441 2.630633347012536 0.0 1.6431676725154984 0.6085806194501846 1 0 0 0.191566501503101 0.9814796358059918 0.3855159196374321
cell 12.311750848856725 44.48142677598498 0.0 1.0 1.0 1 0 0 0.0 1.0 0
cell 7.784119772824313 3.7988933203006736 0.0 1.0 1.0 1 0 0 0.0 1.0 0
cell 49.59465970870336 13.202602496798121 0.0 1.6431676725154984 0.6085806194501846 1 0 0 0.710584415262189 -0.7036119589564216 4.70252839816594
cell 60.757592700698495 27.06586269953432 0.0 1.0 1.0 1 0 0 0.0 1.0 0
cell 41.85954974763669 40.40189845753374 0.0 1.0 1.0 1 0 0 0.0 1.0 0
cell 23.804904308765323 37.54778112749137 0.0 1.6431676725154984 0.6085806194501846 1 0 0 0.9713529554697226 -0.23764140190681257 3.621466592322206
cell 53.265990142060154 55.412788125771016 0.0 1.6431676725154984 0.6085806194501846 1 0 0 0.9185318418644571 -0.3953470064147291 3.9544838618279217
cell 24.13429261225282 45.69836041579408 0.0 1.0 1.0 1 0 0 0.0 1.0 0
cell 60.29043681904496 37.95811613460553 0.0 1.0 1.0 1 0 0 0.0 1.0 0
cell 48.25515382292771 61.08373182524064 0.0 1.6431676725154984 0.6085806194501846 1 0 0 -0.5365709876641184 0.8438551861529042 5.1504486535062295
cell 49.13834940434965 27.61826980955429 0.0 1.0 1.0 1 0 0 0.0 1.0 0
cell 56.42081528721039 8.58295946344641 0.0 1.6431676725154984 0.6085806194501846 1 0 0 0.9386953088121801 -0.3447479038573054 3.845533077008012
cell 25.024386200159753 55.75261228419828 0.0 1.0 1.0 1 0 0 0.0 1.0 0
cell 6.85303517064904 27.835584534929044 0.0 1.0 1.0 1 0 0 0.0 1.0 0
cell 16.12512045204495 28.30705462582756 0.0 1.6431676725154984 0.6085806194501846 1 0 0 0.9999935116080041 -0.0036023245123995708 3.1487973181968285
cell 2.371089678133975 30.37482657923168 0.0 1.6431676725154984 0.6085806194501846 1 0 0 0.9659043244978676 -0.25889927755078473 3.6653575565221854
cell 37.50955372667647 8.594849648786298 0.0 1.6431676725154984 0.6085806194501846 1 0 0 -0.16860017806771135 -0.9856845235446968 0.33881868807031434
cell 49.93805993425093 0.022189061621733217 0.0 1.6431676725154984 0.6085806194501846 1 0 0 0.8223275523230741 -0.5690144081570709 4.352206290135555
cell 12.8860293690664 53.35517943777259 0.0 1.0 1.0 1 0 0 0.0 1.0 0
cell 60.549548623987505 19.888173613804085 0.0 1.6431676725154984 0.6085806194501846 1 0 0 0.9967299715277544 -0.08080447919689732 3.303377998018544
cell 57.25810940206185 45.924250992710746 0.0 1.0 1.0 1 0 0 0.0 1.0 0
cell 59.20198435082077 0.010051766610274626 0.0 1.6431676725154984 0.6085806194501846 1 0 0 0.8744674265942293 0.4850842399271143 2.1286736577066625
cell 28.02135063028145 44.19823022355362 0.0 1.6431676725154984 0.6085806194501846 1 0 0 0.9950360077608318 -0.09951554280305133 3.3409537240940375
cell 6.032091091119434 50.14712081505986 0.0 1.6431676725154984 0.6085806194501846 1 0 0 0.39247342824538456 -0.91976334354078 5.476546796226672
cell 57.34450506031834 53.823091948185436 0.0 1.6431676725154984 0.6085806194501846 1 0 0 0.8813910137722497 -0.47238742663361183 4.125587695907499
cell 8.292950261235395 53.77012877571573 0.0 1.6431676725154984 0.6085806194501846 1 0 0 0.6433266456052069 0.7655918149081483 1.397671140263409
cell 54.352555630316246 0.22762323515523206 0.0 1.6431676725154984 0.6085806194501846 1 0 0 0.8667452059258901 -0.4987511884742595 4.185907396635037
cell 19.573367938078018 20.002766469356953 0.0 1.0 1.0 1 0 0 0.0 1.0 0
cell 31.00565932156599 45.12328737860174 0.0 1.6431676725154984 0.6085806194501846 1 0 0 0.9977652983610948 -0.06681623594902243 3.2753247574539355
cell 42.97613254643556 51.64877110629085 0.0 1.6431676725154984 0.6085806194501846 1 0 0 0.5325023985550806 0.846428494046063 1.123108491728456
cell 49.36302027954257 47.20214295218822 0.0 1.6431676725154984 0.6085806194501846 1 0 0 0.5126551936860166 -0.8585945797562158 5.206636439932658
cell 39.31132988637265 23.261320223171047 0.0 1.0 1.0 1 0 0 0.0 1.0 0
cell 36.44012535409449 27.600925738107883 0.0 1.6431676725154984 0.6085806194501846 1 0 0 0.8738222513207653 -0.4862454864538171 4.157168523492365
cell 39.93463354416599 40.50494604915478 0.0 1.0 1.0 1 0 0 0.0 1.0 0
cell 11.515137528716735 22.560596507412406 0.0 1.0 1.0 1 0 0 0.0 1.0 0
cell 5.695256961314651 10.019305877104264 0.0 1.0 1.0 1 0 0 0.0 1.0 0
cell 23.62931605691138 8.848000842800685 0.0 1.0 1.0 1 0 0 0.0 1.0 0
cell 40.11732970141289 30.294447378324453 0.0 1.6431676725154984 0.6085806194501846 1 0 0 0.9584440045000728 -0.28528072181250574 3.7201912709821015
cell 15.07831479024494 49.66843698593194 0.0 1.6431676725154984 0.6085806194501846 1 0 0 0.279220596658066 -0.9602269827503879 5.71722065369798
cell 21.943958906103617 60.249891023386965 0.0 1.0 1.0 1 0 0 0.0 1.0 0
cell 45.60565593266067 33.649579157842865 0.0 1.0 1.0 1 0 0 0.0 1.0 0
cell 11.17187186169379 12.784039544986173 0.0 1.6431676725154984 0.6085806194501846 1 0 0 0.9932854424960682 -0.11568936738261607 3.373490651879569
cell 60.067894487907374 23.168009503071605 0.0 1.6431676725154984 0.6085806194501846 1 0 0 -0.9801290456336879 0.19836091829086772 3.5409633031352667
cell 54.892174683614115 57.72801896375298 0.0 1.6431676725154984 0.6085806194501846 1 0 0 0.9350012808285614 -0.3546443357068455 3.866659955027884
cell 8.82324883215512 15.45638444626218 0.0 1.6431676725154984 0.6085806194501846 1 0 0 0.8993376930925772 -0.43725474701016276 4.046680398902928
cell 52.852161964747296 41.5887065903246 0.0 1.6431676725154984 0.6085806194501846 1 0 0 0.664381968306886 -0.7473932031994056 4.829852112446108
cell 27.03877472555923 13.99773306285081 0.0 1.0 1.0 1 0 0 0.0 1.0 0
cell 11.03674856497653 33.65429521936619 0.0 1.0 1.0 1 0 0 0.0 1.0 0
cell 52.568804221163745 13.071219646615274 0.0 1.6431676725154984 0.6085806194501846 1 0 0 0.809285222299846 -0.5874158909725619 4.397316754987242
cell 23.313196414174552 0.6082662256755209 0.0 1.0 1.0 1 0 0 0.0 1.0 0
cell 57.55868504519498 16.438642795480256 0.0 1.6431676725154984 0.6085806194501846 1 0 0 0.9923846312808307 -0.1231776911522933 3.3885753094360984
cell 14.169560599603942 7.3640872496590575 0.0 1.0 1.0 1 0 0 0.0 1.0 0
cell 30.07405565305108 48.78550766679641 0.0 1.6431676725154984 0.6085806194501846 1 0 0 0.04685468300775452 -0.9989017162264978 6.189441619593635
cell 49.472620030779865 30.747752429174522 0.0 1.0 1.0 1 0 0 0.0 1.0 0
cell 36.58278031561745 9.70802340153365 0.0 1.6431676725154984 0.6085806194501846 1 0 0 0.9977815117978904 -0.06657367884018572 3.2748385606753736
cell 3.4691107042817406 41.257902154054776 0.0 1.0 1.0 1 0 0 0.0 1.0 0
cell 41.532410440152425 35.35633215873828 0.0 1.0 1.0 1 0 0 0.0 1.0 0
cell 6.675330955130255 22.13155668618439 0.0 1.0 1.0 1 0 0 0.0 1.0 0
cell 10.008989051734662 18.939797212161313 0.0 1.0 1.0 1 0 0 0.0 1.0 0
cell 2.744055764290495 28.17471243941419 0.0 1.0 1.0 1 0 0 0.0 1.0 0
cell 37.566060708659656 42.52606659235699 0.0 1.6431676725154984 0.6085806194501846 1 0 0 -0.6040689344962069 -0.7969320688594589 1.2971940742602728
cell 47.88616316961842 14.115757485964183 0.0 1.6431676725154984 0.6085806194501846 1 0 0 -0.6670438883400447 0.7450184232810582 4.822717573521079
cell 23.097086903348448 22.446649814345836 0.0 1.6431676725154984 0.6085806194501846 1 0 0 0.9181551526626974 -0.39622104391228247 3.956387370556801
cell 24.98066871515631 7.424957833788182 0.0 1.0 1.0 1 0 0 0.0 1.0 0
cell 53.8621570475035 43.110459004093265 0.0 1.6431676725154984 0.6085806194501846 1 0 0 0.7174063392624307 -0.6966549679619591 4.6830410564406595
cell 40.8142490381827 28.048157692479673 0.0 1.6431676725154984 0.6085806194501846 1 0 0 0.9930867477141876 -0.11738275646132017 3.3769006647196997
cell 52.53370060336793 24.84256161133104 0.0 1.0 1.0 1 0 0 0.0 1.0 0
cell 8.643907460867931 17.440784179307876 0.0 1.0 1.0 1 0 0 0.0 1.0 0
cell 61.11428708197215 15.356313381367285 0.0 1.0 1.0 1 0 0 0.0 1.0 0
cell 21.932373065896154 49.27184624371312 0.0 1.0 1.0 1 0 0 0.0 1.0 0
cell 23.769423169046686 59.36321873642263 0.0 1.6431676725154984 0.6085806194501846 1 0 0 0.9989521606296986 0.045766590142338796 3.050027489209039
cell 59.92448519268134 7.251895998181011 0.0 1.6431676725154984 0.6085806194501846 1 0 0 0.8011724890508014 0.5984334906972901 1.858503840245719
cell 27.59269884512489 45.84149942035202 0.0 1.0 1.0 1 0 0 0.0 1.0 0
cell 4.534546758737644 14.694727693459507 0.0 1.6431676725154984 0.6085806194501846 1 0 0 0.8232771641219211 0.5676395960777996 1.934320795894503
cell 9.014905973063755 43.0208478314159 0.0 1.6431676725154984 0.6085806194501846 1 0 0 0.49903355868832056 -0.866582660398228 5.238218938513941
cell 13.680686440439267 38.493423884582434 0.0 1.0 1.0 1 0 0 0.0 1.0 0
cell 43.23272857169969 58.82802374166447 0.0 1.6431676725154984 0.6085806194501846 1 0 0 0.4253354438649535 0.90503577840448 0.8786649897889081
cell 23.47212336159891 54.4903992498539 0.0 1.0 1.0 1 0 0 0.0 1.0 0
cell 23.529745634343488 17.684501266463407 0.0 1.6431676725154984 0.6085806194501846 1 0 0 0.906122970276564 -0.42301437651358514 4.015131497297026
cell 9.602511181731519 4.4778576576746945 0.0 1.0 1.0 1 0 0 0.0 1.0 0
cell 22.602759495344902 14.38517915878968 0.0 1.6431676725154984 0.6085806194501846 1 0 0 0.9872697885514863 -0.15905459632938473 3.461058623355881
cell 36.07020268533883 39.08829368605977 0.0 1.6431676725154984 0.6085806194501846 1 0 0 0.5987483462634169 0.8009372121751014 1.2838749157235365
cell 20.569944234995823 10.853477380926606 0.0 1.0 1.0 1 0 0 0.0 1.0 0
cell 21.145707020227857 56.77852290304251 0.0 1.0 1.0 1 0 0 0.0 1.0 0
cell 19.15365460485075 6.60606666816612 0.0 1.0 1.0 1 0 0 0.0 1.0 0
cell 35.237430789934606 43.746441587018715 0.0 1.6431676725154984 0.6085806194501846 1 0 0 0.7744421665030214 -0.6326447113049364 4.5115195670893415
cell 46.65807207008582 46.718791731183515 0.0 1.6431676725154984 0.6085806194501846 1 0 0 0.5192133844428852 -0.8546446404297897 5.1913247224630075
cell 7.672066202053134 45.51428266877186 0.0 1.6431676725154984 0.6085806194501846 1 0 0 0.24836100145487605 0.9686675451135601 0.5019757473526953
cell 1.6072353755823632 43.86409170585472 0.0 1.0 1.0 1 0 0 0.0 1.0 0
cell 26.083199201633793 54.039251270856596 0.0 1.0 1.0 1 0 0 0.0 1.0 0
cell 18.188085439319345 39.82714298379971 0.0 1.0 1.0 1 0 0 0.0 1.0 0
cell 54.073223756148856 45.7606743180358 0.0 1.6431676725154984 0.6085806194501846 1 0 0 0.7956444056231292 -0.6057639637685767 4.443044052153131
cell 5.476632286358856 24.235033484383145 0.0 1.6431676725154984 0.6085806194501846 1 0 0 0.9711530944624082 -0.23845684539574216 3.6231457499053867
cell 46.52599776314917 60.48700857020369 0.0 1.6431676725154984 0.6085806194501846 1 0 0 -0.510382800701972 -0.8599473220771207 1.0712597517304472
cell 6.418514254346725 32.46062655395911 0.0 1.6431676725154984 0.6085806194501846 1 0 0 0.9551728190490018 -0.29604878947562513 3.742699338176017
cell 59.83088571577372 33.62920844591319 0.0 1.0 1.0 1 0 0 0.0 1.0 0
cell 52.842151399934146 20.756058811160287 0.0 1.6431676725154984 0.6085806194501846 1 0 0 0.8825527183482338 -0.4702134614578183 4.120657914904823
cell 53.54031873560811 38.665538104762916 0.0 1.6431676725154984 0.6085806194501846 1 0 0 0.5886044004889308 -0.8084212142967714 5.024522454286458
cell 43.38823035758003 35.64723923876974 0.0 1.0 1.0 1 0 0 0.0 1.0 0
cell 44.1033163356504 34.09267895008574 0.0 1.0 1.0 1 0 0 0.0 1.0 0
cell 19.009979515560364 11.61191572572279 0.0 1.6431676725154984 0.6085806194501846 1 0 0 0.9834082389947576 -0.18140627187952924 3.506425176072512
cell 48.846038166916266 23.00099574157968 0.0 1.0 1.0 1 0 0 0.0 1.0 0
cell 38.02642831228233 52.99404030088 0.0 1.6431676725154984 0.6085806194501846 1 0 0 0.031593083815473114 -0.99950081393415 6.219988623564025
cell 47.6731271456597 41.898855459589754 0.0 1.6431676725154984 0.6085806194501846 1 0 0 0.4718014882011703 -0.88170480078718 5.300519604778705
cell 44.57647078082527 13.547065703101968 0.0 1.6431676725154984 0.6085806194501846 1 0 0 0.8514017005710093 0.5245141983443283 2.037303808945495
cell 34.768346283168924 19.376356259986263 0.0 1.6431676725154984 0.6085806194501846 1 0 0 0.9406602147410058 -0.33934990850655133 3.8340440735939736
cell 38.337718375525895 30.319664541856422 0.0 1.6431676725154984 0.6085806194501846 1 0 0 0.8699894953656048 -0.4930702566100497 4.172823275960382
cell 11.593666769552863 28.269406617965323 0.0 1.6431676725154984 0.6085806194501846 1 0 0 0.9336170176984759 -0.3582726116573853 3.8744267020273906
cell 18.17350178499833 43.81201576511212 0.0 1.0 1.0 1 0 0 0.0 1.0 0
cell 45.278845712892924 39.372208814997705 0.0 1.6431676725154984 0.6085806194501846 1 0 0 0.4670675334830143 -0.8842216459497547 5.311242459939838
cell 3.072231321840076 31.867301063889617 0.0 1.6431676725154984 0.6085806194501846 1 0 0 0.9351192353530899 -0.35433319866003576 3.865994464133053
cell 41.82666067151761 49.12870132595543 0.0 1.6431676725154984 0.6085806194501846 1 0 0 0.07908052946500467 -0.9968682309410479 6.124858933169341
cell 1.6432005189534808 7.617070675235833 0.0 1.0 1.0 1 0 0 0.0 1.0 0
cell 33.27639749276956 53.08854224728722 0.0 1.6431676725154984 0.6085806194501846 1 0 0 -0.13806234887723415 -0.9904235396144928 0.2770095204819798
cell 13.328420688030825 55.27297264045914 0.0 1.0 1.0 1 0 0 0.0 1.0 0
cell 57.01966977849588 33.370423460369004 0.0 1.6431676725154984 0.6085806194501846 1 0 0 0.6402142146034163 -0.7681964328345523 4.893631132825195
cell 10.603549423260072 57.551201753536866 0.0 1.6431676725154984 0.6085806194501846 1 0 0 0.9063783370088788 -0.4224669338552063 4.013923348890112
cell 26.22968661631558 37.63717257703026 0.0 1.6431676725154984 0.6085806194501846 1 0 0 0.9864163826378457 -0.16426417766411272 3.471616673186374
cell 14.647056060684578 15.864234177948784 0.0 1.0 1.0 1 0 0 0.0 1.0 0
cell 39.88968978895195 24.81124846457864 0.0 1.0 1.0 1 0 0 0.0 1.0 0
cell 49.07179960428886 34.27918619231069 0.0 1.6431676725154984 0.6085806194501846 1 0 0 -0.3631360065137213 0.9317361433223821 5.539922383528072
cell 20.035927332219423 43.944495122460715 0.0 1.0 1.0 1 0 0 0.0 1.0 0
cell 38.30735705745252 40.63240198100638 0.0 1.6431676725154984 0.6085806194501846 1 0 0 0.699331420884963 0.71479756838074 1.5489234552315585
cell 41.2921779480066 53.3372839415556 0.0 1.6431676725154984 0.6085806194501846 1 0 0 -0.13020682905972839 -0.9914868540057455 0.2611551635828846
cell 48.07643646378573 59.29448868883767 0.0 1.6431676725154984 0.6085806194501846 1 0 0 0.5664272281576247 -0.8241117613538046 5.07885718106475
cell 18.61171121718819 53.58254048610404 0.0 1.0 1.0 1 0 0 0.0 1.0 0
cell 20.604456404974144 22.803505881927794 0.0 1.6431676725154984 0.6085806194501846 1 0 0 0.3355609672585989 0.9420184909291714 0.6844013238913397
cell 57.09947553595078 0.46701964299707666 0.0 1.6431676725154984 0.6085806194501846 1 0 0 0.9172465974235574 -0.3983198206402819 3.9609613572888605
cell 17.665371182783133 5.546183533807082 0.0 1.0 1.0 1 0 0 0.0 1.0 0
cell 58.336616736936634 24.789789636380583 0.0 1.0 1.0 1 0 0 0.0 1.0 0
cell 49.0061757142404 29.156188977595626 0.0 1.6431676725154984 0.6085806194501846 1 0 0 0.9951332238263885 -0.09853865656126522 3.3389903007874673
cell 52.84577409116014 38.05305724832295 0.0 1.6431676725154984 0.6085806194501846 1 0 0 0.4560817963271178 -0.8899378602234144 5.3360104624027525
cell 51.63137024637961 36.49667910065 0.0 1.6431676725154984 0.6085806194501846 1 0 0 0.40837180635928766 -0.9128156811595934 5.4418460186544735
cell 19.415767028674207 18.007342965707362 0.0 1.0 1.0 1 0 0 0.0 1.0 0
cell 15.957261829272342 0.9150795246435252 0.0 1.6431676725154984 0.6085806194501846 1 0 0 0.9941508104632529 -0.10800076877160367 3.3580163235958684
cell 21.52679191594213 51.00879836961374 0.0 1.0 1.0 1 0 0 0.0 1.0 0
cell 7.581717642594906 50.09151857051124 0.0 1.6431676725154984 0.6085806194501846 1 0 0 0.47895916170753433 -0.8778371838880009 5.284248020269871
cell 0.6493076273417804 51.03862191053287 0.0 1.0 1.0 1 0 0 0.0 1.0 0
cell 59.43381610004554 20.61138048841664 0.0 1.6431676725154984 0.6085806194501846 1 0 0 0.9869387809252631 -0.16109575632447753 3.465194274065405
cell 56.61584302675548 5.475809750285565 0.0 1.6431676725154984 0.6085806194501846 1 0 0 0.811757933221346 -0.58399405635007 4.388873230140968
cell 1.7219826202520374 40.23297076531383 0.0 1.0 1.0 1 0 0 0.0 1.0 0
cell 17.89285703854629 35.547006555223454 0.0 1.0 1.0 1 0 0 0.0 1.0 0
cell 19.146876701976907 4.185500321138398 0.0 1.0 1.0 1 0 0 0.0 1.0 0
cell 57.39644295220233 2.428981443210505 0.0 1.6431676725154984 0.6085806194501846 1 0 0 0.876158599677754 -0.48202293328296864 4.147516886507462
cell 54.00281653878464 36.11549409922764 0.0 1.6431676725154984 0.6085806194501846 1 0 0 0.41659846642995807 -0.9090905993179157 5.423784487721744
cell 52.48579917692278 47.23907494388914 0.0 1.6431676725154984 0.6085806194501846 1 0 0 0.7533846628472978 -0.6575800710076785 4.576796980939336
cell 17.66825407519845 2.271703071158244 0.0 1.6431676725154984 0.6085806194501846 1 0 0 0.9924711034036162 -0.12247901415674677 3.387167293821703
cell 26.820582313244486 4.137571810399571 0.0 1.0 1.0 1 0 0 0.0 1.0 0
cell 54.07018321587447 28.11651760673072 0.0 1.0 1.0 1 0 0 0.0 1.0 0
cell 8.14021445870929 28.827173889377054 0.0 1.0 1.0 1 0 0 0.0 1.0 0
cell 20.442024921030324 5.6814985696836935 0.0 1.0 1.0 1 0 0 0.0 1.0 0
cell 54.129229751226866 31.663845229294495 0.0 1.6431676725154984 0.6085806194501846 1 0 0 0.3934309566385143 -0.9193541659004453 5.474464214114992
cell 38.05439929251152 47.990040567181794 0.0 1.6431676725154984 0.6085806194501846 1 0 0 0.7791145008452477 0.626881643193243 1.7865040573467463
cell 55.525980013855516 9.406496329631375 0.0 1.6431676725154984 0.6085806194501846 1 0 0 0.9319584852329293 -0.36256500355431953 3.8836300482672232
cell 5.215183007230535 27.475020277941425 0.0 1.0 1.0 1 0 0 0.0 1.0 0
cell 17.751710456841433 42.00177122908594 0.0 1.0 1.0 1 0 0 0.0 1.0 0
cell 0.8195394620288865 38.66398738215984 0.0 1.0 1.0 1 0 0 0.0 1.0 0
cell 43.71016290246919 55.24179746396312 0.0 1.6431676725154984 0.6085806194501846 1 0 0 0.11072664206302799 0.993850899651173 0.22190831636078456
cell 42.4674138965704 22.103629194292687 0.0 1.6431676725154984 0.6085806194501846 1 0 0 0.8031970035572779 0.5957134994916685 1.8652852920550929
cell 27.952571261348144 56.52484586674582 0.0 1.6431676725154984 0.6085806194501846 1 0 0 0.26876059490768417 0.963207009227439 0.5442121032378074
cell 15.391937447999089 37.70949983702469 0.0 1.0 1.0 1 0 0 0.0 1.0 0
cell 57.24517210912212 20.603456187581166 0.0 1.6431676725154984 0.6085806194501846 1 0 0 0.983878597520865 -0.17883765079080985 3.5012025118805674
cell 21.656165059632364 54.99079340193463 0.0 1.0 1.0 1 0 0 0.0 1.0 0
cell 15.622927908142925 46.92843866104199 0.0 1.6431676725154984 0.6085806194501846 1 0 0 0.2259236611954509 -0.9741450093862017 5.827403090428842
cell 56.29626989779601 50.93033546745714 0.0 1.6431676725154984 0.6085806194501846 1 0 0 0.8495503047348306 -0.5275076110587946 4.252920872925156
cell 24.05756374652499 27.95617111476179 0.0 1.6431676725154984 0.6085806194501846 1 0 0 0.5801203720440838 0.8145307569020545 1.237752927484393
cell 25.553464914930856 9.333410971366954 0.0 1.0 1.0 1 0 0 0.0 1.0 0
cell 43.839559925622865 49.93184183634944 0.0 1.6431676725154984 0.6085806194501846 1 0 0 0.7025619816855253 -0.7116225557766614 4.725202654808766
cell 55.38550396604715 61.12301751326107 0.0 1.6431676725154984 0.6085806194501846 1 0 0 0.8890541622724227 -0.45780202767799155 4.09263537589045
cell 35.59082470661773 47.03417397677062 0.0 1.6431676725154984 0.6085806194501846 1 0 0 0.21950782021112947 0.9756107404421901 0.44261991613292245
cell 37.25583599047911 39.25196180155215 0.0 1.6431676725154984 0.6085806194501846 1 0 0 0.6960480158848575 0.7179952364624386 1.5397570237937654
cell 46.709686586133365 41.607441001977435 0.0 1.6431676725154984 0.6085806194501846 1 0 0 0.5069982932238232 -0.861947057926489 5.219787833551238
cell 11.56597015638338 1.2468163621739154 0.0 1.6431676725154984 0.6085806194501846 1 0 0 0.5996096674679959 -0.8002926006648564 4.997158742480749
cell 25.228575062910192 51.76822006199897 0.0 1.6431676725154984 0.6085806194501846 1 0 0 0.9974078738709042 0.07195507723797043 2.9975580256200027
cell 44.23288677862444 18.364896811806407 0.0 1.0 1.0 1 0 0 0.0 1.0 0
cell 19.732883177512786 50.12496733268384 0.0 1.0 1.0 1 0 0 0.0 1.0 0
cell 58.861943783279386 28.65360358071464 0.0 1.6431676725154984 0.6085806194501846 1 0 0 0.8580698018381648 -0.5135330711584334 4.220187063122804
cell 52.15690775183745 23.488414900467475 0.0 1.0 1.0 1 0 0 0.0 1.0 0
cell 8.143093751955744 60.22855879560079 0.0 1.0 1.0 1 0 0 0.0 1.0 0
cell 17.118120007192093 29.626545267124385 0.0 1.6431676725154984 0.6085806194501846 1 0 0 0.9873325255183927 -0.1586646906323915 3.4602687818994067
cell 46.78542678093362 26.21270183541863 0.0 1.0 1.0 1 0 0 0.0 1.0 0
cell 18.330661836521326 34.016330361281426 0.0 1.6431676725154984 0.6085806194501846 1 0 0 0.96477458095951 -0.2630779503006701 3.6740149592900804
