1000
 Lattice="61.15546790168123 0.0 0.0 0.0 61.15546790168123 0.0 0.0 0.0 1.0"Properties=species:S:1:pos:R:3:aspherical_shape:R:3:orientation:R:4:Color:R:1
cell 7.465258141956633 55.926058610665244 0.0 1.0 1.0 1 0 0 0.0 1.0 0
cell 25.70519603001096 24.423683264817004 0.0 1.6431676725154984 0.6085806194501846 1 0 0 0.5233818416224737 0.8520982618570865 1.1016299504146545
cell 38.54798723173925 23.940259928498644 0.0 1.0 1.0 1 0 0 0.0 1.0 0
cell 34.51672160913085 29.31513163318348 0.0 1.0 1.0 1 0 0 0.0 1.0 0
cell 17.001782453623452 4.287571206087426 0.0 1.0 1.0 1 0 0 0.0 1.0 0
cell 48.72579132203688 60.56723621633797 0.0 1.6431676725154984 0.6085806194501846 1 0 0 0.45767898612799507 -0.8891175094760256 5.332419367040641
cell 1.6518608972518591 54.97111024905973 0.0 1.0 1.0 1 0 0 0.0 1.0 0
cell 1.9899948732820367 22.30784052291411 0.0 1.0 1.0 1 0 0 0.0 1.0 0
cell 44.55326178277872 42.12068315033344 0.0 1.0 1.0 1 0 0 0.0 1.0 0
cell 59.52773006596737 17.590250308205256 0.0 1.0 1.0 1 0 0 0.0 1.0 0
cell 20.445309239114987 4.0316423293541295 0.0 1.6431676725154984 0.6085806194501846 1 0 0 -0.45716197030159966 -0.8893834566203485 0.9496031275868306
cell 38.915864750269755 54.73933511957071 0.0 1.6431676725154984 0.6085806194501846 1 0 0 0.8327254572981112 -0.5536861139378985 4.3151612990978
cell 37.17387440482347 56.28235842402715 0.0 1.6431676725154984 0.6085806194501846 1 0 0 0.655393320639424 -0.7552877565942858 4.853778789370894
cell 57.78830419463131 29.615616889984533 0.0 1.6431676725154984 0.6085806194501846 1 0 0 -0.3653581966754497 -0.9308670088267514 0.7480351460217447
cell 45.082801497692934 38.12773557445121 0.0 1.6431676725154984 0.6085806194501846 1 0 0 -0.08991740944464525 -0.9959492253517566 0.18007803646452825
cell 28.447655968864137 28.806485389242297 0.0 1.6431676725154984 0.6085806194501846 1 0 0 0.05581593607105659 0.9984410755174847 0.11168991689151549
cell 21.125077944329703 14.847690172892639 0.0 1.0 1.0 1 0 0 0.0 1.0 0
cell 35.10358248717236 34.29222527944201 0.0 1.0 1.0 1 0 0 0.0 1.0 0
cell 25.32203752908295 58.160287280121445 0.0 1.6431676725154984 0.6085806194501846 1 0 0 0.7962412813009647 0.6049791913381798 1.8421131864867808
cell 11.01572224946923 25.94754861133447 0.0 1.6431676725154984 0.6085806194501846 1 0 0 0.585195794164116 -0.8108920288747631 5.0329423231532235
cell 20.755580303806784 10.547486298584774 0.0 1.0 1.0 1 0 0 0.0 1.0 0
cell 32.18287718652961 1.1908078166053957 0.0 1.6431676725154984 0.6085806194501846 1 0 0 0.5988561814649261 -0.8008565876118192 4.999041105356027
cell 54.5255164175339 37.22958739168697 0.0 1.0 1.0 1 0 0 0.0 1.0 0
cell 5.197408882033976 7.610145265977653 0.0 1.0 1.0 1 0 0 0.0 1.0 0
cell 0.4493642609781782 20.91171870882004 0.0 1.0 1.0 1 0 0 0.0 1.0 0
cell 11.061928775464187 11.926004704130593 0.0 1.6431676725154984 0.6085806194501846 1 0 0 0.498681842168582 -0.8667851061776208 5.239030575886445
cell 19.465283655420308 13.891422703538874 0.0 1.0 1.0 1 0 0 0.0 1.0 0
cell 17.584931403153657 11.066091581377728 0.0 1.0 1.0 1 0 0 0.0 1.0 0
cell 42.75523991176599 38.5539346504727 0.0 1.6431676725154984 0.6085806194501846 1 0 0 0.11494503595477777 -0.9933718531896074 6.052785969770329
cell 27.000791788871787 56.02333031291644 0.0 1.6431676725154984 0.6085806194501846 1 0 0 0.8685488956480767 0.49560348653788383 2.1045336223715854
cell 43.89362771105185 30.597696950626823 0.0 1.0 1.0 1 0 0 0.0 1.0 0
cell 30.80812774286252 12.594452782206115 0.0 1.0 1.0 1 0 0 0.0 1.0 0
cell 57.57664303497979 60.72418540938088 0.0 1.0 1.0 1 0 0 0.0 1.0 0
cell 39.89525673368904 37.069785829713105 0.0 1.0 1.0 1 0 0 0.0 1.0 0
cell 42.86688759332789 42.49377397054995 0.0 1.0 1.0 1 0 0 0.0 1.0 0
cell 0.22060428194972462 8.854771291205118 0.0 1.0 1.0 1 0 0 0.0 1.0 0
cell 42.30171275216851 31.09990872997346 0.0 1.0 1.0 1 0 0 0.0 1.0 0
cell 55.688023979672465 13.693263768581572 0.0 1.6431676725154984 0.6085806194501846 1 0 0 0.7773793264953379 0.6290320999262714 1.7809776483704363
cell 34.03237911292537 22.37472250202395 0.0 1.0 1.0 1 0 0 0.0 1.0 0
cell 28.25338124342842 8.10554110107205 0.0 1.6431676725154984 0.6085806194501846 1 0 0 0.8600482011721495 0.5102127905693368 2.070728275288599
cell 22.588229521690963 0.05950507999734356 0.0 1.6431676725154984 0.6085806194501846 1 0 0 0.592110826310563 0.8058565439120181 1.2673513708119055
cell 41.13017188763816 3.6099009318625814 0.0 1.6431676725154984 0.6085806194501846 1 0 0 0.6240294275013113 -0.781400840550089 4.935407661211005
cell 8.695822472740216 2.3940658508383583 0.0 1.0 1.0 1 0 0 0.0 1.0 0
cell 21.706100465317395 51.18619325092226 0.0 1.0 1.0 1 0 0 0.0 1.0 0
cell 34.12811981049784 11.745585342068486 0.0 1.6431676725154984 0.6085806194501846 1 0 0 0.5504876674937427 -0.8348432954377119 5.117288771182455
cell 49.273590176744875 27.33118627282345 0.0 1.0 1.0 1 0 0 0.0 1.0 0
cell 41.402382240143254 41.50308219351582 0.0 1.0 1.0 1 0 0 0.0 1.0 0
cell 19.523744561952448 15.87948634061194 0.0 1.0 1.0 1 0 0 0.0 1.0 0
cell 38.497515283399856 25.910963361573618 0.0 1.0 1.0 1 0 0 0.0 1.0 0
cell 61.07431270228644 14.525585240546361 0.0 1.0 1.0 1 0 0 0.0 1.0 0
cell 4.1295856183632225 43.260226824945306 0.0 1.6431676725154984 0.6085806194501846 1 0 0 -0.0481418501708817 -0.9988405089212814 0.09632093097362748
cell 30.249807631255468 48.28056599092147 0.0 1.6431676725154984 0.6085806194501846 1 0 0 0.7444878133010577 0.6676360504393164 1.6795346961281736
cell 5.457263895097348 11.710553780390914 0.0 1.0 1.0 1 0 0 0.0 1.0 0
cell 24.362434678705107 5.951006486381069 0.0 1.6431676725154984 0.6085806194501846 1 0 0 0.4775712320029429 0.8785930334137594 0.9957764908768565
cell 40.71195500426507 48.10084396910564 0.0 1.6431676725154984 0.6085806194501846 1 0 0 0.920284118896101 0.39125073866719673 2.337612094506471
cell 35.429763804811465 32.46860968947841 0.0 1.0 1.0 1 0 0 0.0 1.0 0
cell 47.31019492403215 15.077680299293739 0.0 1.6431676725154984 0.6085806194501846 1 0 0 -0.2795879734287391 -0.9601200784870665 0.566729883420729
cell 51.38805676186356 60.506599961266964 0.0 1.6431676725154984 0.6085806194501846 1 0 0 0.07649065177742727 0.9970702985199511 0.15313087536698988
cell 60.591202945049865 26.670391008953345 0.0 1.0 1.0 1 0 0 0.0 1.0 0
cell 48.742438696496095 17.522773835204568 0.0 1.6431676725154984 0.6085806194501846 1 0 0 -0.4674928123449672 -0.883996872395934 0.9729048976862069
cell 59.137625566491245 15.372444685617303 0.0 1.0 1.0 1 0 0 0.0 1.0 0
cell 12.906394258656881 34.78972293093085 0.0 1.6431676725154984 0.6085806194501846 1 0 0 0.02774884937274317 -0.999614926538459 6.227680483773026
cell 14.816849074554622 14.557789989403142 0.0 1.0 1.0 1 0 0 0.0 1.0 0
cell 46.390653646574386 25.738466446943242 0.0 1.0 1.0 1 0 0 0.0 1.0 0
cell 4.298288652189698 20.031116568814802 0.0 1.0 1.0 1 0 0 0.0 1.0 0
cell 57.69027175760515 56.097550562473 0.0 1.6431676725154984 0.6085806194501846 1 0 0 0.04548872175044728 0.9989648523314073 0.09100884820085818
cell 11.001189966112802 20.71954714534815 0.0 1.6431676725154984 0.6085806194501846 1 0 0 0.6618497811540777 -0.7496364900312014 4.836618002927315
cell 28.334320581418577 40.319276648814345 0.0 1.6431676725154984 0.6085806194501846 1 0 0 0.7245705493289689 0.6892006377283151 1.6208221517250931
cell 28.404553795478627 44.29392173828708 0.0 1.6431676725154984 0.6085806194501846 1 0 0 0.6463514401386573 0.7630398520593035 1.4055861681958344
cell 5.089538202872094 25.18949750318307 0.0 1.0 1.0 1 0 0 0.0 1.0 0
cell 3.231479615849536 0.1359508678129196 0.0 1.0 1.0 1 0 0 0.0 1.0 0
cell 4.758057814227687 54.03681472032377 0.0 1.0 1.0 1 0 0 0.0 1.0 0
cell 38.42718122636662 58.01403920503896 0.0 1.6431676725154984 0.6085806194501846 1 0 0 0.7962253140382605 -0.6050002060203563 4.441124905931094
cell 34.4387346839336 9.254034772588387 0.0 1.6431676725154984 0.6085806194501846 1 0 0 0.5390315582017576 -0.8422855687132395 5.144611492441426
cell 59.75687688202153 30.701238283036044 0.0 1.6431676725154984 0.6085806194501846 1 0 0 0.45183495393064094 0.8921015493801676 0.9376423185400579
cell 40.54591790812192 46.36132255350211 0.0 1.0 1.0 1 0 0 0.0 1.0 0
cell 21.035020454491725 12.8264931703256 0.0 1.0 1.0 1 0 0 0.0 1.0 0
cell 55.66317860316925 2.5659640414180056 0.0 1.6431676725154984 0.6085806194501846 1 0 0 -0.9998386584174306 0.0179626594365254 3.1775199046701434
cell 23.53020862303685 56.02313687590952 0.0 1.6431676725154984 0.6085806194501846 1 0 0 0.7962374724926556 0.6049842042553734 1.8421005950040206
cell 51.25272129037538 56.85120319807578 0.0 1.6431676725154984 0.6085806194501846 1 0 0 0.9282393457437486 -0.3719834902428032 3.9038825312019676
cell 13.976634105872133 30.12099947751194 0.0 1.6431676725154984 0.6085806194501846 1 0 0 0.9636561427618837 0.2671457252461435 2.6007328782675176
cell 10.24020044984683 51.582407363283366 0.0 1.0 1.0 1 0 0 0.0 1.0 0
cell 60.889837482125216 55.475368758475355 0.0 1.6431676725154984 0.6085806194501846 1 0 0 -0.7089282450458844 0.7052806132144585 4.707230444258512
cell 27.87450536868074 31.796188122413696 0.0 1.6431676725154984 0.6085806194501846 1 0 0 0.999911090081048 0.013334614090045951 3.1149226349952857
cell 18.35551632847405 32.89141921951372 0.0 1.6431676725154984 0.6085806194501846 1 0 0 0.3139816727603336 -0.9494290437787454 5.644417516132841
cell 24.111538934176142 30.098534988963234 0.0 1.6431676725154984 0.6085806194501846 1 0 0 -0.3014520749433342 -0.9534813299233281 0.6124304145271608
cell 3.731846667089643 10.756923913600524 0.0 1.0 1.0 1 0 0 0.0 1.0 0
cell 1.3674048742197096 50.72446952995174 0.0 1.0 1.0 1 0 0 0.0 1.0 0
cell 17.89342460012232 13.03185834438365 0.0 1.0 1.0 1 0 0 0.0 1.0 0
cell 58.442672331822955 42.456786679235066 0.0 1.6431676725154984 0.6085806194501846 1 0 0 0.5815806045261585 -0.8134887832287475 5.041844628923178
cell 59.7765132080619 10.063867237593726 0.0 1.0 1.0 1 0 0 0.0 1.0 0
cell 7.992425435869929 43.37933149523779 0.0 1.6431676725154984 0.6085806194501846 1 0 0 -0.21201329733168398 -0.9772667812601362 0.4272692635623123
cell 33.998616236123624 35.68750919701347 0.0 1.0 1.0 1 0 0 0.0 1.0 0
cell 20.189883886402626 8.625160663186438 0.0 1.0 1.0 1 0 0 0.0 1.0 0
cell 59.49307759427707 28.555249005908294 0.0 1.6431676725154984 0.6085806194501846 1 0 0 0.5191902974339032 0.8546586658137242 1.0918065580054708
cell 24.9415247151415 37.8305251040738 0.0 1.6431676725154984 0.6085806194501846 1 0 0 0.727147046174461 0.6864817355470982 1.6283136886758354
cell 54.52561238320988 13.227546790689694 0.0 1.6431676725154984 0.6085806194501846 1 0 0 0.6462574686393608 0.7631194429627943 1.4053398728071833
cell 7.34553785614021 27.783164615856887 0.0 1.0 1.0 1 0 0 0.0 1.0 0
cell 25.53755219798439 51.023896839308996 0.0 1.6431676725154984 0.6085806194501846 1 0 0 0.6874217459500005 0.7262584548182919 1.5158660206838452
cell 0.5111379300110949 39.7238106451911 0.0 1.0 1.0 1 0 0 0.0 1.0 0
cell 25.25046214282504 40.3125564959746 0.0 1.6431676725154984 0.6085806194501846 1 0 0 0.8623845886349338 0.5062537123665919 2.0799224133795366
cell 36.71609359821298 1.2856425937425655 0.0 1.6431676725154984 0.6085806194501846 1 0 0 0.3032447591169352 -0.9529127011789232 5.6669934800253365
cell 19.9211767223397 59.54203789908423 0.0 1.6431676725154984 0.6085806194501846 1 0 0 -0.38404447190620383 -0.9233145962229152 0.7883454211299012
cell 9.223688371137351 25.97001588059818 0.0 1.6431676725154984 0.6085806194501846 1 0 0 0.4925895879561381 0.8702617409935944 1.0301257965117803
cell 59.94769719056785 54.527470920538846 0.0 1.6431676725154984 0.6085806194501846 1 0 0 -0.5001460078634221 0.8659410896927583 5.235650548851959
cell 33.22830399219936 26.306485568564415 0.0 1.0 1.0 1 0 0 0.0 1.0 0
cell 25.975432856377655 28.906542529834553 0.0 1.6431676725154984 0.6085806194501846 1 0 0 0.9263717795302839 -0.3766103106526626 3.9138615737040943
cell 28.14155499814544 1.3864619244529888 0.0 1.6431676725154984 0.6085806194501846 1 0 0 0.754548956344436 0.6562437599547308 1.709933073001319
cell 59.99805790024964 38.98991642663849 0.0 1.0 1.0 1 0 0 0.0 1.0 0
cell 41.96061917784253 52.45539211667104 0.0 1.6431676725154984 0.6085806194501846 1 0 0 0.908299041241026 -0.41832146930397074 4.004785730512592
cell 32.49422098181847 30.20486123444192 0.0 1.0 1.0 1 0 0 0.0 1.0 0
cell 31.335651226773134 15.396894458369195 0.0 1.6431676725154984 0.6085806194501846 1 0 0 0.5356758246946437 -0.8444237152269667 5.152569542145792
cell 54.85675156549715 33.28218161781944 0.0 1.0 1.0 1 0 0 0.0 1.0 0
cell 21.70606083741083 41.274306851629916 0.0 1.0 1.0 1 0 0 0.0 1.0 0
cell 18.20833935044116 35.03710593885978 0.0 1.6431676725154984 0.6085806194501846 1 0 0 0.5438966615987871 -0.8391522040140837 5.133037850170899
cell 12.247222983263097 20.290830885653808 0.0 1.6431676725154984 0.6085806194501846 1 0 0 0.7101184526869883 -0.7040822275511843 4.703852443012182
cell 37.65390611023618 8.789567226798093 0.0 1.6431676725154984 0.6085806194501846 1 0 0 0.4122332314129313 -0.9110783516903761 5.433377501920888
cell 37.55667502643875 30.1293988065617 0.0 1.6431676725154984 0.6085806194501846 1 0 0 0.96336979410137 -0.2681765086898627 3.684592064556175
cell 24.801049269666343 21.546066763379834 0.0 1.6431676725154984 0.6085806194501846 1 0 0 0.7666170060459435 0.6421046379221644 1.747111698390541
cell 25.25824692943307 17.289832652383502 0.0 1.6431676725154984 0.6085806194501846 1 0 0 0.6182498467079688 0.7859816327660418 1.3330280754024
cell 48.60102362485234 5.151114085084832 0.0 1.6431676725154984 0.6085806194501846 1 0 0 0.9617253044163719 -0.27401539891990884 3.69672418692252
cell 48.48796855677074 32.60225452833145 0.0 1.0 1.0 1 0 0 0.0 1.0 0
cell 13.265389783260117 27.300554401844046 0.0 1.6431676725154984 0.6085806194501846 1 0 0 0.856785015645635 0.5156737699021631 2.058004940577231
cell 42.57350965452229 32.77473041885513 0.0 1.0 1.0 1 0 0 0.0 1.0 0
cell 38.82349267412922 0.8214466414668861 0.0 1.6431676725154984 0.6085806194501846 1 0 0 0.4099030318552345 -0.9121291051577548 5.438489807226939
cell 3.7585437792297163 45.530578041718435 0.0 1.6431676725154984 0.6085806194501846 1 0 0 0.10958454362555996 -0.9939774785166804 6.063575173749163
cell 32.67178798274678 7.143226540499132 0.0 1.6431676725154984 0.6085806194501846 1 0 0 0.3228126881248703 -0.9464628721643524 5.6257857546424805
cell 33.66243359585043 41.22269038596896 0.0 1.6431676725154984 0.6085806194501846 1 0 0 0.3431587682371295 -0.939277413644114 5.582629672521872
cell 31.675380711182154 25.082009670767803 0.0 1.0 1.0 1 0 0 0.0 1.0 0
cell 29.464344204501582 16.375087646277077 0.0 1.0 1.0 1 0 0 0.0 1.0 0
cell 19.375682311228122 11.864883507620812 0.0 1.0 1.0 1 0 0 0.0 1.0 0
cell 52.49743836793927 9.143095261356116 0.0 1.0 1.0 1 0 0 0.0 1.0 0
cell 47.11703203456081 43.53099388652946 0.0 1.0 1.0 1 0 0 0.0 1.0 0
cell 53.659949110826744 18.89854075353669 0.0 1.6431676725154984 0.6085806194501846 1 0 0 0.7267246009430619 0.6869289296456712 1.6270833349912954
cell 14.69849256371994 12.54581422286447 0.0 1.0 1.0 1 0 0 0.0 1.0 0
cell 48.306449946011355 42.016174461835 0.0 1.0 1.0 1 0 0 0.0 1.0 0
cell 22.347284486546418 10.880799985264213 0.0 1.6431676725154984 0.6085806194501846 1 0 0 0.5495370417156591 0.8354693529881284 1.1636200144696422
cell 48.63494183457378 23.679542886936403 0.0 1.0 1.0 1 0 0 0.0 1.0 0
cell 15.259125673232468 45.796968234437145 0.0 1.6431676725154984 0.6085806194501846 1 0 0 0.6845621116421369 0.7289545358278927 1.5080056438308977
cell 46.72972114446851 20.06935713823929 0.0 1.0 1.0 1 0 0 0.0 1.0 0
cell 57.62009718417038 21.02961945972514 0.0 1.0 1.0 1 0 0 0.0 1.0 0
cell 54.59838909845769 55.695873110012265 0.0 1.6431676725154984 0.6085806194501846 1 0 0 0.04880338793252236 0.9988084047134904 0.09764556361141004
cell 20.250677520294513 41.822266499995706 0.0 1.6431676725154984 0.6085806194501846 1 0 0 0.6318860311244208 0.7750613160710754 1.3679684019416969
cell 39.611153558437444 40.73831022307997 0.0 1.6431676725154984 0.6085806194501846 1 0 0 0.3524033701472288 -0.9358482060189437 5.562909336104712
cell 1.3220997617657173 30.86867688244813 0.0 1.6431676725154984 0.6085806194501846 1 0 0 -0.6262950031661568 -0.7795861523969648 1.3535831371976128
cell 9.154130025568932 27.764311069600705 0.0 1.6431676725154984 0.6085806194501846 1 0 0 0.4557776291385367 0.8900936764053852 0.9464913351212766
cell 13.943896532556314 44.084614045680716 0.0 1.6431676725154984 0.6085806194501846 1 0 0 0.5435516026028951 0.8393757533475841 1.1493251674792986
cell 60.76656704281138 51.35213244778932 0.0 1.0 1.0 1 0 0 0.0 1.0 0
cell 59.86680343968735 52.740810158784576 0.0 1.0 1.0 1 0 0 0.0 1.0 0
cell 8.486027945129685 42.63088667068048 0.0 1.6431676725154984 0.6085806194501846 1 0 0 -0.253034681292381 -0.9674572083887034 0.5116314696941577
cell 30.142165582640793 40.995165580734685 0.0 1.0 1.0 1 0 0 0.0 1.0 0
cell 23.694290163916133 18.954858635389446 0.0 1.6431676725154984 0.6085806194501846 1 0 0 0.5430245178354375 0.839716840982477 1.1480695255881377
cell 20.452485151554292 52.029159297004185 0.0 1.6431676725154984 0.6085806194501846 1 0 0 0.6196952102740874 0.78484256151368 1.3367085971653856
cell 24.478110794210714 57.04118892456097 0.0 1.6431676725154984 0.6085806194501846 1 0 0 0.7588597468655146 0.6512540860426191 1.7231209338145883
cell 23.512934046034196 31.48149530642592 0.0 1.6431676725154984 0.6085806194501846 1 0 0 -0.01532425859695149 -0.9998825766551059 0.030649716867386267
cell 27.141206876727725 20.48591736625816 0.0 1.0 1.0 1 0 0 0.0 1.0 0
cell 5.222094641264903 52.4566719708559 0.0 1.0 1.0 1 0 0 0.0 1.0 0
cell 5.268462245420052 9.727805336557777 0.0 1.0 1.0 1 0 0 0.0 1.0 0
cell 46.59353371829328 45.49370008256299 0.0 1.6431676725154984 0.6085806194501846 1 0 0 0.924898157607391 0.3802149366535376 2.3615353037640947
cell 10.164656611141163 15.71739108873451 0.0 1.6431676725154984 0.6085806194501846 1 0 0 0.5913907303637586 -0.8063851462172529 5.017620506962721
cell 3.9419195827704194 21.815148469610765 0.0 1.0 1.0 1 0 0 0.0 1.0 0
cell 34.702276608859265 42.43674889983621 0.0 1.6431676725154984 0.6085806194501846 1 0 0 0.44125071354783946 -0.8973838686947312 5.369201447890329
cell 1.646797888227538 60.10077958703535 0.0 1.0 1.0 1 0 0 0.0 1.0 0
cell 11.187237852761532 38.30154733311141 0.0 1.0 1.0 1 0 0 0.0 1.0 0
cell 51.25510546267333 34.572124308780545 0.0 1.0 1.0 1 0 0 0.0 1.0 0
cell 37.41269879756722 58.922107006466454 0.0 1.6431676725154984 0.6085806194501846 1 0 0 0.6825073480294309 -0.7308787313130909 4.780809791944951
cell 51.26976937768673 12.715321843824734 0.0 1.6431676725154984 0.6085806194501846 1 0 0 0.7897241633620061 0.6134620980974941 1.820718455867501
cell 8.743433958514064 10.64996410873098 0.0 1.0 1.0 1 0 0 0.0 1.0 0
cell 12.154731294745078 1.7194072818108257 0.0 1.0 1.0 1 0 0 0.0 1.0 0
cell 45.37487379227141 18.53001869152985 0.0 1.0 1.0 1 0 0 0.0 1.0 0
cell 45.846892835987916 47.30003494546812 0.0 1.0 1.0 1 0 0 0.0 1.0 0
cell 52.81890888846236 21.799761476810232 0.0 1.6431676725154984 0.6085806194501846 1 0 0 -0.412161462943403 -0.9111108211761914 0.8496502618585735
cell 35.19129979236126 16.040337956655218 0.0 1.6431676725154984 0.6085806194501846 1 0 0 0.8730622459243289 0.48760877221556076 2.122895145165318
cell 32.19595480481735 23.158657721001408 0.0 1.0 1.0 1 0 0 0.0 1.0 0
cell 28.843409953927775 52.35761335499979 0.0 1.6431676725154984 0.6085806194501846 1 0 0 0.7261255621064446 -0.6875621194158386 4.657845275788844
cell 30.965450055018074 28.953968568947275 0.0 1.0 1.0 1 0 0 0.0 1.0 0
cell 28.807525221817624 59.93664326031225 0.0 1.0 1.0 1 0 0 0.0 1.0 0
cell 9.421354470325065 18.940984657302153 0.0 1.6431676725154984 0.6085806194501846 1 0 0 -0.667870621665316 0.7442773896313016 4.820497106013731
cell 4.471719350849624 18.344714521413945 0.0 1.0 1.0 1 0 0 0.0 1.0 0
cell 54.71703019845514 35.26072034329504 0.0 1.0 1.0 1 0 0 0.0 1.0 0
cell 7.998237704021552 59.78058699307103 0.0 1.0 1.0 1 0 0 0.0 1.0 0
cell 51.320050038667894 6.53604981096454 0.0 1.6431676725154984 0.6085806194501846 1 0 0 0.9064123032679111 -0.4223940535620268 4.013762535409457
cell 16.58051454764496 58.94215816083044 0.0 1.0 1.0 1 0 0 0.0 1.0 0
cell 46.90181609730098 57.35729273670372 0.0 1.6431676725154984 0.6085806194501846 1 0 0 0.9869506446997284 -0.1610230571278242 3.4650469523447924
cell 21.739345419588822 43.28398646338144 0.0 1.0 1.0 1 0 0 0.0 1.0 0
cell 43.959874487214286 16.982449209775552 0.0 1.0 1.0 1 0 0 0.0 1.0 0
cell 54.93293886604909 5.003381272605515 0.0 1.0 1.0 1 0 0 0.0 1.0 0
cell 49.92132710788378 10.42560124471853 0.0 1.6431676725154984 0.6085806194501846 1 0 0 0.4303781862673243 0.9026486674145419 0.8898234180938234
cell 41.33064161576256 22.127320809085024 0.0 1.0 1.0 1 0 0 0.0 1.0 0
cell 35.23095448857116 18.134658719247877 0.0 1.6431676725154984 0.6085806194501846 1 0 0 0.8433513082164115 0.5373626065606607 2.006979243654306
cell 47.215150107780616 40.42667767369048 0.0 1.0 1.0 1 0 0 0.0 1.0 0
cell 14.760453959148832 16.556393656965426 0.0 1.0 1.0 1 0 0 0.0 1.0 0
cell 58.24261132958553 9.786227691402798 0.0 1.6431676725154984 0.6085806194501846 1 0 0 0.5973526184409617 -0.8019787087209529 5.0027933625876395
cell 36.30251211474569 6.748879262050011 0.0 1.6431676725154984 0.6085806194501846 1 0 0 0.28789726744387206 -0.9576612988934823 5.699124476410293
cell 1.6080803379615245 5.791739577724254 0.0 1.0 1.0 1 0 0 0.0 1.0 0
cell 18.391549029536378 46.742928921189346 0.0 1.0 1.0 1 0 0 0.0 1.0 0
cell 11.905142689129029 12.505809233554288 0.0 1.6431676725154984 0.6085806194501846 1 0 0 0.4787287384775968 -0.8779628665015672 5.28477296211291
cell 39.732192383604236 2.9562755134620726 0.0 1.6431676725154984 0.6085806194501846 1 0 0 0.33713041881054073 -0.9414579548299697 5.595450888909013
cell 45.42796709528428 36.945318504521595 0.0 1.0 1.0 1 0 0 0.0 1.0 0
cell 44.748141851508876 20.378721085405886 0.0 1.0 1.0 1 0 0 0.0 1.0 0
cell 15.812227594761044 57.40594372984721 0.0 1.0 1.0 1 0 0 0.0 1.0 0
cell 7.882851329582859 37.004845930502604 0.0 1.0 1.0 1 0 0 0.0 1.0 0
cell 35.8441592111137 40.46044180240552 0.0 1.6431676725154984 0.6085806194501846 1 0 0 0.35360403506188953 -0.9353952033167318 5.560342775829553
cell 35.329486232031705 39.56746901318305 0.0 1.6431676725154984 0.6085806194501846 1 0 0 0.22042468136321833 -0.9754039982724716 5.838685628548922
cell 0.9312546078537984 19.077227191125246 0.0 1.0 1.0 1 0 0 0.0 1.0 0
cell 46.84302141371537 13.36415394710781 0.0 1.6431676725154984 0.6085806194501846 1 0 0 0.9405226798108233 -0.3397309063972067 3.8348541976633546
cell 36.428657021827554 5.326437424757881 0.0 1.6431676725154984 0.6085806194501846 1 0 0 0.22681212449722654 -0.973938529980745 5.825578808826495
cell 38.993202503651055 16.488513672768214 0.0 1.6431676725154984 0.6085806194501846 1 0 0 0.9188257521954232 0.39466344789265057 2.330189579164596
cell 30.156530425568427 14.487244409645744 0.0 1.0 1.0 1 0 0 0.0 1.0 0
cell 23.384147116685188 41.13703206566787 0.0 1.0 1.0 1 0 0 0.0 1.0 0
cell 5.94169889115941 3.7504941063829933 0.0 1.6431676725154984 0.6085806194501846 1 0 0 0.9981295863858607 -0.061133695955591504 3.2639363327776643
cell 14.45826191340772 38.84096277356123 0.0 1.0 1.0 1 0 0 0.0 1.0 0
cell 17.455995869417016 23.38438621114083 0.0 1.6431676725154984 0.6085806194501846 1 0 0 0.9727704267002073 -0.23177078534081172 3.6093879376928775
cell 52.996253145683205 1.343699183683244 0.0 1.6431676725154984 0.6085806194501846 1 0 0 -0.8852899737466163 0.46503942024705325 4.108950931109141
cell 25.815669580246162 45.91695719446648 0.0 1.6431676725154984 0.6085806194501846 1 0 0 0.7292944621192323 -0.6841999616502618 4.648604914301787
cell 9.12500311754889 45.844426678245775 0.0 1.6431676725154984 0.6085806194501846 1 0 0 -0.21837779190355 -0.9758643040932125 0.44030366169874213
cell 25.512155112469564 12.772477661949962 0.0 1.6431676725154984 0.6085806194501846 1 0 0 0.6543950235794587 0.7561528635893934 1.4267645432541791
cell 19.415157943980173 37.25328730719737 0.0 1.6431676725154984 0.6085806194501846 1 0 0 0.7415346220516245 0.6709146028361244 1.6707096689972705
cell 25.79218900796912 8.375176639623191 0.0 1.6431676725154984 0.6085806194501846 1 0 0 0.6405484264078549 0.7679177777772962 1.39042445287107
cell 26.333821153609744 22.38780766222586 0.0 1.0 1.0 1 0 0 0.0 1.0 0
cell 56.14291033421721 38.620468754307716 0.0 1.0 1.0 1 0 0 0.0 1.0 0
cell 51.26066577959799 23.073857060648372 0.0 1.6431676725154984 0.6085806194501846 1 0 0 -0.5661003079596097 -0.8243363641912415 1.2035348462083286
cell 47.13013487118752 17.971386968827623 0.0 1.6431676725154984 0.6085806194501846 1 0 0 -0.2926379068299143 -0.9562233292940548 0.5939687000755853
cell 52.12707205848877 14.166409735023093 0.0 1.0 1.0 1 0 0 0.0 1.0 0
cell 40.16540135777596 0.9747962659921126 0.0 1.6431676725154984 0.6085806194501846 1 0 0 0.4420606488041458 -0.8969851630762115 5.367395943700365
cell 44.44409336772957 35.53059201951693 0.0 1.0 1.0 1 0 0 0.0 1.0 0
cell 33.2265447679203 42.85244842552365 0.0 1.6431676725154984 0.6085806194501846 1 0 0 0.41731469262917836 -0.9087620410843613 5.422208504836792
cell 1.30063699608703 26.102287226142387 0.0 1.0 1.0 1 0 0 0.0 1.0 0
cell 47.32488285529307 3.391528533733378 0.0 1.6431676725154984 0.6085806194501846 1 0 0 0.9917245880491536 -0.12838357160764935 3.3990704343182916
cell 39.509706560622774 57.770822638108264 0.0 1.6431676725154984 0.6085806194501846 1 0 0 0.8076092783646004 -0.5897179440201981 4.403011749907994
cell 10.872052490275381 57.30065335942814 0.0 1.0 1.0 1 0 0 0.0 1.0 0
cell 35.11628974469572 25.477551381897598 0.0 1.0 1.0 1 0 0 0.0 1.0 0
cell 8.499002118207656 52.55269561931304 0.0 1.0 1.0 1 0 0 0.0 1.0 0
cell 15.517284103492976 21.862964819723476 0.0 1.6431676725154984 0.6085806194501846 1 0 0 0.9956565156065521 -0.09310264727825754 3.32806801067318
cell 41.84230424041976 57.39277300744694 0.0 1.6431676725154984 0.6085806194501846 1 0 0 0.8439950118291623 -0.5363510231252404 4.273808018021023
cell 7.924820779353709 20.174432236376887 0.0 1.0 1.0 1 0 0 0.0 1.0 0
cell 41.91549663590234 45.3689168447821 0.0 1.0 1.0 1 0 0 0.0 1.0 0
cell 0.955520559515592 56.74788970394633 0.0 1.0 1.0 1 0 0 0.0 1.0 0
cell 29.419901319729433 8.120683776647361 0.0 1.6431676725154984 0.6085806194501846 1 0 0 0.8895842455454642 0.4567711353372795 2.1928683164555522
cell 60.94995022532567 60.14247437534004 0.0 1.6431676725154984 0.6085806194501846 1 0 0 0.9338730728256158 -0.3576046474128126 3.8729959812552126
cell 39.73986273147148 34.34225880955181 0.0 1.6431676725154984 0.6085806194501846 1 0 0 0.6769872482914432 -0.7359947456679157 4.795862415820822
cell 57.36315884718285 41.727490621319326 0.0 1.6431676725154984 0.6085806194501846 1 0 0 0.5740668427764282 -0.818808439150882 5.06025722823896
cell 10.40112116620409 55.365559022392915 0.0 1.0 1.0 1 0 0 0.0 1.0 0
cell 16.222887916127274 13.88660964255036 0.0 1.0 1.0 1 0 0 0.0 1.0 0
cell 28.3749470951841 48.4846394962053 0.0 1.6431676725154984 0.6085806194501846 1 0 0 0.5452354442930635 0.8382829535941583 1.1533399080645583
cell 9.501777556469337 47.38114204850294 0.0 1.0 1.0 1 0 0 0.0 1.0 0
cell 6.314906509824475 45.78705542551458 0.0 1.6431676725154984 0.6085806194501846 1 0 0 0.08965014899579563 -0.9959733183097987 6.103643959148243
cell 36.21830885529053 44.65906521561466 0.0 1.6431676725154984 0.6085806194501846 1 0 0 0.5661807037275409 -0.8242811478655729 5.079455398702953
cell 38.12220223028703 55.26347517059526 0.0 1.6431676725154984 0.6085806194501846 1 0 0 0.7991918946241797 -0.6010759648888101 4.431286142261639
cell 22.681902081595823 35.08011249177178 0.0 1.6431676725154984 0.6085806194501846 1 0 0 0.6704005335086608 -0.7419994101556301 4.813688389359319
cell 12.816457470124005 3.35912646975138 0.0 1.0 1.0 1 0 0 0.0 1.0 0
cell 6.282957899111549 29.771128835979464 0.0 1.6431676725154984 0.6085806194501846 1 0 0 0.6268194626992613 -0.7791645276714086 4.928256324183746
cell 27.648149763882202 6.894958234199409 0.0 1.6431676725154984 0.6085806194501846 1 0 0 0.7744399937407656 0.6326473710486775 1.7716588712817343
cell 24.255993933443897 7.446376561720917 0.0 1.6431676725154984 0.6085806194501846 1 0 0 0.46688320055823074 0.8843189905438551 0.9715259319134903
cell 36.65635508728546 51.66375075863286 0.0 1.6431676725154984 0.6085806194501846 1 0 0 0.9086657765153564 -0.4175242586841444 4.0030306925264325
cell 37.018190107205044 16.617581038553283 0.0 1.0 1.0 1 0 0 0.0 1.0 0
cell 25.79835408552567 31.353888818571793 0.0 1.6431676725154984 0.6085806194501846 1 0 0 0.6795664381850208 -0.7336139693957063 4.788842350631765
cell 17.797854451141937 19.208336058649092 0.0 1.0 1.0 1 0 0 0.0 1.0 0
cell 25.48754222527685 10.36763230269963 0.0 1.6431676725154984 0.6085806194501846 1 0 0 0.5408435811039206 0.8411231900136191 1.1428794171486105
cell 60.886290801054685 16.42525122819538 0.0 1.0 1.0 1 0 0 0.0 1.0 0
cell 45.0336433139305 51.670100013262 0.0 1.0 1.0 1 0 0 0.0 1.0 0
cell 19.31301024583239 42.744120167264754 0.0 1.6431676725154984 0.6085806194501846 1 0 0 0.5450821399300367 0.8383826457705884 1.1529741717778292
cell 20.73266682236347 37.59905540329916 0.0 1.6431676725154984 0.6085806194501846 1 0 0 0.8745015824708372 0.48502266159015867 2.1288144911613687
cell 46.12750189683799 56.03025857936008 0.0 1.6431676725154984 0.6085806194501846 1 0 0 0.9995589925998343 -0.029695459464445944 3.2009923046706654
cell 54.481189442850976 58.91141231851025 0.0 1.0 1.0 1 0 0 0.0 1.0 0
cell 29.795397338392426 51.026093556029004 0.0 1.6431676725154984 0.6085806194501846 1 0 0 0.657267493569124 0.753657376993924 1.434374682453624
cell 18.631157793520313 52.619656142946916 0.0 1.6431676725154984 0.6085806194501846 1 0 0 0.4160185076075935 0.9093561465828175 0.858125095977882
cell 25.9986328709308 55.1914031141113 0.0 1.6431676725154984 0.6085806194501846 1 0 0 0.844185430178311 0.5360512657150059 2.0100875388442616
cell 7.025106055975128 10.588913881351926 0.0 1.0 1.0 1 0 0 0.0 1.0 0
cell 40.54788255013015 57.45523177736896 0.0 1.6431676725154984 0.6085806194501846 1 0 0 0.8480728099413339 -0.5298797118575216 4.258510097610907
cell 9.226733935737329 12.480408287653862 0.0 1.0 1.0 1 0 0 0.0 1.0 0
cell 27.510196573087356 33.06687222804798 0.0 1.6431676725154984 0.6085806194501846 1 0 0 0.9999998724893637 -0.0005049962933667237 3.142602646219455
cell 17.30184750886356 45.151549072973516 0.0 1.0 1.0 1 0 0 0.0 1.0 0
cell 1.974278989569063 9.763990328632651 0.0 1.0 1.0 1 0 0 0.0 1.0 0
cell 19.55335060668835 56.32123000179932 0.0 1.6431676725154984 0.6085806194501846 1 0 0 -0.4689981376864371 -0.8831991546908623 0.9763121597087876
cell 11.26568358752772 48.85574458478889 0.0 1.6431676725154984 0.6085806194501846 1 0 0 -0.5740119290230282 -0.8188469364534876 1.222793951201183
cell 56.6721149254854 32.57016367205528 0.0 1.0 1.0 1 0 0 0.0 1.0 0
cell 6.051638591027602 20.882099064689452 0.0 1.0 1.0 1 0 0 0.0 1.0 0
cell 4.449675496448708 47.10667166557216 0.0 1.0 1.0 1 0 0 0.0 1.0 0
cell 52.46356075070761 40.21034248199761 0.0 1.6431676725154984 0.6085806194501846 1 0 0 0.6437182918750651 -0.7652625436446294 4.8844908265595315
cell 59.71611474461726 36.75298151277861 0.0 1.0 1.0 1 0 0 0.0 1.0 0
cell 50.60897290003956 19.637498995281312 0.0 1.6431676725154984 0.6085806194501846 1 0 0 -0.24257767216228585 -0.970131987395698 0.490044009094154
cell 49.59769102066148 8.12219489293534 0.0 1.6431676725154984 0.6085806194501846 1 0 0 0.5751015524741985 0.8180820278809251 1.225456554927983
cell 23.415691405266678 23.327809681781094 0.0 1.6431676725154984 0.6085806194501846 1 0 0 0.7828250253431684 0.6222418980561077 1.7983860320648617
cell 31.475304720083418 54.225950796150556 0.0 1.0 1.0 1 0 0 0.0 1.0 0
cell 15.151479735206491 31.310722177412337 0.0 1.0 1.0 1 0 0 0.0 1.0 0
cell 40.50585705160957 31.90596985676164 0.0 1.0 1.0 1 0 0 0.0 1.0 0
cell 32.79357879598815 14.69477833622982 0.0 1.6431676725154984 0.6085806194501846 1 0 0 0.6236174207736784 -0.781729692737576 4.936461972950985
cell 36.898612376100395 24.69559574989478 0.0 1.0 1.0 1 0 0 0.0 1.0 0
cell 52.53993235780892 25.995446634064155 0.0 1.6431676725154984 0.6085806194501846 1 0 0 0.6073712876324545 0.7944181008509903 1.30549482027755
cell 31.983734092697294 40.1314218164088 0.0 1.0 1.0 1 0 0 0.0 1.0 0
cell 41.750203918143576 0.471607043721106 0.0 1.6431676725154984 0.6085806194501846 1 0 0 0.555328374276688 -0.8316311662769804 5.105669767640466
cell 59.28337625749119 60.094310524080434 0.0 1.0 1.0 1 0 0 0.0 1.0 0
cell 47.67785288715996 30.795432776511934 0.0 1.0 1.0 1 0 0 0.0 1.0 0
cell 3.3453852170271063 6.784749252463762 0.0 1.0 1.0 1 0 0 0.0 1.0 0
cell 0.027918135311428872 22.70673703962723 0.0 1.0 1.0 1 0 0 0.0 1.0 0
cell 17.02930714559516 9.337689420038187 0.0 1.0 1.0 1 0 0 0.0 1.0 0
cell 43.89246240454646 33.84224967481864 0.0 1.0 1.0 1 0 0 0.0 1.0 0
cell 13.987100449977705 46.204801058253736 0.0 1.6431676725154984 0.6085806194501846 1 0 0 -0.522921477655467 -0.8523808586580431 1.1005495876216553
cell 14.340058451113023 48.453884090899706 0.0 1.6431676725154984 0.6085806194501846 1 0 0 0.43937811367737334 0.8983022170858275 0.9098125306667824
cell 49.81157224903795 46.965647275600354 0.0 1.0 1.0 1 0 0 0.0 1.0 0
cell 8.5777872869099 16.162970473275657 0.0 1.0 1.0 1 0 0 0.0 1.0 0
cell 19.563097987595636 31.12002666925826 0.0 1.0 1.0 1 0 0 0.0 1.0 0
cell 19.92879077978714 33.161278752890134 0.0 1.6431676725154984 0.6085806194501846 1 0 0 0.5420196210531215 -0.8403658312862503 5.137508274958753
cell 0.017647257898323096 6.909357609464082 0.0 1.0 1.0 1 0 0 0.0 1.0 0
cell 17.828840690049915 15.020297689472056 0.0 1.0 1.0 1 0 0 0.0 1.0 0
cell 45.41520803884677 10.602503006867613 0.0 1.6431676725154984 0.6085806194501846 1 0 0 0.9338013313360888 -0.3577919417691629 3.873397109750212
cell 47.29244414406973 52.669325525836776 0.0 1.6431676725154984 0.6085806194501846 1 0 0 0.9647096265751225 -0.26331603899741424 3.674508539272971
cell 48.11056328592698 25.55741241388221 0.0 1.0 1.0 1 0 0 0.0 1.0 0
cell 1.8093351846899028 7.756208131487073 0.0 1.0 1.0 1 0 0 0.0 1.0 0
cell 19.57481722044425 6.5940549219037035 0.0 1.0 1.0 1 0 0 0.0 1.0 0
cell 56.06330445637296 19.191167025017727 0.0 1.6431676725154984 0.6085806194501846 1 0 0 0.01084958657364353 0.9999411415034292 0.02169959888421313
cell 6.898144178295781 40.04574639347529 0.0 1.6431676725154984 0.6085806194501846 1 0 0 -0.12980125725425398 -0.9915400312721696 0.2603370772466267
cell 0.7896690202832471 34.17037165806121 0.0 1.6431676725154984 0.6085806194501846 1 0 0 0.11616214953709098 0.993230262836832 0.23284998098848628
cell 3.362618431386974 16.707101983813654 0.0 1.0 1.0 1 0 0 0.0 1.0 0
cell 55.86873148585829 41.71305070850272 0.0 1.6431676725154984 0.6085806194501846 1 0 0 0.6354666187089143 0.7721283419915755 1.377225395545793
cell 58.32664696781702 38.93421168226594 0.0 1.6431676725154984 0.6085806194501846 1 0 0 0.3790031173962602 -0.9253953949549979 5.505747691033085
cell 11.33313973888189 29.885446563451037 0.0 1.6431676725154984 0.6085806194501846 1 0 0 0.8874897967202321 0.4608273654173341 2.18373820045736
cell 38.48096914292518 36.36292592910058 0.0 1.0 1.0 1 0 0 0.0 1.0 0
cell 31.210176577962837 31.264254958951273 0.0 1.6431676725154984 0.6085806194501846 1 0 0 0.8794008938200516 -0.4760819970850551 4.13398065821858
cell 53.18344803681107 3.6695148467081506 0.0 1.0 1.0 1 0 0 0.0 1.0 0
cell 20.29911843102302 2.1186215986976453 0.0 1.6431676725154984 0.6085806194501846 1 0 0 -0.17211849289361986 -0.9850762530911142 0.34595970920253016
cell 26.442324573983267 59.12125724203941 0.0 1.6431676725154984 0.6085806194501846 1 0 0 0.7011413613079356 0.7130222938052182 1.5539939532725482
cell 24.3009639915639 46.668257840106804 0.0 1.0 1.0 1 0 0 0.0 1.0 0
cell 29.021672031124123 13.165484056722114 0.0 1.0 1.0 1 0 0 0.0 1.0 0
cell 4.678922314283519 29.58656904701507 0.0 1.0 1.0 1 0 0 0.0 1.0 0
cell 44.793228758403416 57.39036743170062 0.0 1.6431676725154984 0.6085806194501846 1 0 0 0.9537171727062229 -0.30070509554254077 3.7524564155392217
cell 39.11300905946809 8.9502988658654 0.0 1.6431676725154984 0.6085806194501846 1 0 0 0.5024883763179044 -0.8645839644970268 5.230236314557436
cell 31.92374069132481 52.11548519841692 0.0 1.0 1.0 1 0 0 0.0 1.0 0
cell 51.672020607206996 30.58267892488161 0.0 1.0 1.0 1 0 0 0.0 1.0 0
cell 4.765667797190268 4.72383206849262 0.0 1.6431676725154984 0.6085806194501846 1 0 0 -0.9960287901229884 0.08903173168110365 3.3198922011386838
cell 15.632491009054576 0.8165864174164268 0.0 1.0 1.0 1 0 0 0.0 1.0 0
cell 49.178966628414116 40.30916062672083 0.0 1.0 1.0 1 0 0 0.0 1.0 0
cell 50.3395489514521 17.837968991381373 0.0 1.6431676725154984 0.6085806194501846 1 0 0 -0.44807785720622284 -0.8939945379483477 0.9292282332966009
cell 36.93756569648507 33.60065230542245 0.0 1.0 1.0 1 0 0 0.0 1.0 0
cell 15.752430628903648 19.46001465891495 0.0 1.0 1.0 1 0 0 0.0 1.0 0
cell 7.086373193136825 35.301277637673415 0.0 1.6431676725154984 0.6085806194501846 1 0 0 0.11689357380805139 0.9931444468970169 0.23432286369147104
cell 21.048790448089346 22.32782212751336 0.0 1.6431676725154984 0.6085806194501846 1 0 0 0.6550907480429798 0.7555502047041541 1.4286054455556783
cell 59.58326912789367 21.306925197478073 0.0 1.0 1.0 1 0 0 0.0 1.0 0
cell 6.659408301407075 25.702318055057642 0.0 1.6431676725154984 0.6085806194501846 1 0 0 0.7846987255675395 0.6198773347144412 1.8044199095019013
cell 10.0782357780293 45.23136435569518 0.0 1.6431676725154984 0.6085806194501846 1 0 0 -0.31831119753548287 -0.9479862770755317 0.6478949804681191
cell 35.93907016398944 49.01240932507676 0.0 1.6431676725154984 0.6085806194501846 1 0 0 0.6772159226268554 -0.7357843394233511 4.7952409249030925
cell 9.849725867968019 60.43941178077854 0.0 1.0 1.0 1 0 0 0.0 1.0 0
cell 21.034730262232294 44.98998300521147 0.0 1.6431676725154984 0.6085806194501846 1 0 0 0.5477420197569661 0.8366472851761125 1.159326004761967
cell 52.59720021125459 46.316876397334894 0.0 1.6431676725154984 0.6085806194501846 1 0 0 0.8876093079854296 -0.4605971302316448 4.09892829583716
cell 3.821105657970691 26.692814469156914 0.0 1.6431676725154984 0.6085806194501846 1 0 0 0.08277122194295 -0.9965685750705121 6.117453254193444
cell 26.834089146516398 15.999502140962084 0.0 1.6431676725154984 0.6085806194501846 1 0 0 0.7792204947585533 0.6267498867556623 1.7868422553276386
cell 33.13230602207286 53.102431836507435 0.0 1.6431676725154984 0.6085806194501846 1 0 0 0.6512406789531638 -0.7588712526355325 4.864748921964878
cell 42.235274562872505 48.87025376411893 0.0 1.0 1.0 1 0 0 0.0 1.0 0
cell 54.99763141768146 17.212939405986333 0.0 1.0 1.0 1 0 0 0.0 1.0 0
cell 54.569842893931536 22.43087405610378 0.0 1.6431676725154984 0.6085806194501846 1 0 0 0.5893580106181383 0.8078719795365046 1.2605278859885392
cell 8.580662867092185 50.56199249001951 0.0 1.0 1.0 1 0 0 0.0 1.0 0
cell 12.777184336392555 41.30468090163547 0.0 1.0 1.0 1 0 0 0.0 1.0 0
cell 42.668007030219734 23.56857361396863 0.0 1.0 1.0 1 0 0 0.0 1.0 0
cell 59.150690642339576 32.76087864341773 0.0 1.6431676725154984 0.6085806194501846 1 0 0 0.23763617335726372 0.9713542346189245 0.4798631732406792
cell 60.88993730232197 24.682583680846054 0.0 1.0 1.0 1 0 0 0.0 1.0 0
cell 13.64020635195885 32.04337019160542 0.0 1.6431676725154984 0.6085806194501846 1 0 0 0.9150099788840009 -0.40343120670406774 3.972119997122587
cell 14.686197781903891 42.404823858211394 0.0 1.0 1.0 1 0 0 0.0 1.0 0
cell 43.245968583735454 40.69120777132034 0.0 1.0 1.0 1 0 0 0.0 1.0 0
cell 14.860032438288258 40.60127449295101 0.0 1.6431676725154984 0.6085806194501846 1 0 0 0.9430405981365086 0.3326776672190906 2.463309541711452
cell 29.857671802876105 39.00757044556488 0.0 1.0 1.0 1 0 0 0.0 1.0 0
cell 38.34848068715741 34.65843850624542 0.0 1.0 1.0 1 0 0 0.0 1.0 0
cell 55.58346166977663 20.798092845590162 0.0 1.0 1.0 1 0 0 0.0 1.0 0
cell 6.665211521177507 41.13301826045903 0.0 1.6431676725154984 0.6085806194501846 1 0 0 0.10597206351705739 0.994369107401239 0.21234283675421115
cell 41.61842651741948 18.269194241837475 0.0 1.0 1.0 1 0 0 0.0 1.0 0
cell 24.610434240867324 18.4772789861269 0.0 1.6431676725154984 0.6085806194501846 1 0 0 0.5450068609620801 0.8384315842716445 1.1527945956111738
cell 51.20769813056294 16.53729498956452 0.0 1.0 1.0 1 0 0 0.0 1.0 0
cell 36.513736018841946 28.505773630969745 0.0 1.0 1.0 1 0 0 0.0 1.0 0
cell 3.564467451166074 8.750708598442039 0.0 1.0 1.0 1 0 0 0.0 1.0 0
cell 2.823655056643383 18.618566467307215 0.0 1.0 1.0 1 0 0 0.0 1.0 0
cell 3.5805339228626885 14.732742686597115 0.0 1.0 1.0 1 0 0 0.0 1.0 0
cell 43.25598928811584 60.36873003006435 0.0 1.6431676725154984 0.6085806194501846 1 0 0 0.6810792975758574 -0.7322096628791351 4.7847139989792
cell 44.49639169321845 32.27509115375423 0.0 1.0 1.0 1 0 0 0.0 1.0 0
cell 38.14375787395473 18.7042740499983 0.0 1.0 1.0 1 0 0 0.0 1.0 0
cell 40.286665285191674 26.69449904552232 0.0 1.0 1.0 1 0 0 0.0 1.0 0
cell 18.93252078391306 51.47152281705759 0.0 1.6431676725154984 0.6085806194501846 1 0 0 0.473223575814473 0.8809423632073575 0.9858928651224985
cell 36.03716841881233 59.27025065573461 0.0 1.6431676725154984 0.6085806194501846 1 0 0 0.5394639430213265 -0.8420087019620895 5.14358462957643
cell 29.594301414639276 21.615169750306514 0.0 1.6431676725154984 0.6085806194501846 1 0 0 0.5466191395061577 -0.8373813446247461 5.126542363059271
cell 3.2955863974674457 52.6329640505868 0.0 1.0 1.0 1 0 0 0.0 1.0 0
cell 22.763377178954368 44.97783603731873 0.0 1.0 1.0 1 0 0 0.0 1.0 0
cell 12.842056941198305 7.893922606151174 0.0 1.0 1.0 1 0 0 0.0 1.0 0
cell 29.189893726171498 18.158652865842267 0.0 1.0 1.0 1 0 0 0.0 1.0 0
cell 57.8021010311984 37.48586365371012 0.0 1.0 1.0 1 0 0 0.0 1.0 0
cell 49.67186858770877 30.787766694834392 0.0 1.0 1.0 1 0 0 0.0 1.0 0
cell 60.0780179853881 57.56753292024103 0.0 1.6431676725154984 0.6085806194501846 1 0 0 0.6598482378418128 -0.7513988974020753 4.8419517669217695
cell 6.831893600675454 1.8607614548345626 0.0 1.0 1.0 1 0 0 0.0 1.0 0
cell 27.245089374573805 4.021870606480636 0.0 1.6431676725154984 0.6085806194501846 1 0 0 0.7061362147762126 0.7080760172336884 1.5680530309909955
cell 18.680011812976907 59.93922824820713 0.0 1.6431676725154984 0.6085806194501846 1 0 0 -0.3766460383945742 -0.9263572538506258 0.7723460554994839
cell 29.18719566054944 5.459399821320361 0.0 1.6431676725154984 0.6085806194501846 1 0 0 0.8566249530102664 0.515939618444018 2.0573843102678833
cell 4.977578380884177 1.067528856411909 0.0 1.0 1.0 1 0 0 0.0 1.0 0
cell 36.35624648994671 52.875025521760165 0.0 1.6431676725154984 0.6085806194501846 1 0 0 0.9632511796394677 -0.2686022429600577 3.685475962881934
cell 40.8484766156742 28.286536963013486 0.0 1.0 1.0 1 0 0 0.0 1.0 0
cell 50.15270573475154 32.718154079380156 0.0 1.0 1.0 1 0 0 0.0 1.0 0
cell 24.463711642876497 48.698971733158594 0.0 1.0 1.0 1 0 0 0.0 1.0 0
cell 22.880221848881504 16.038683852982235 0.0 1.6431676725154984 0.6085806194501846 1 0 0 -0.5578019444659528 -0.8299740904088526 1.1834701869551028
cell 6.835408364343178 53.59825402377279 0.0 1.0 1.0 1 0 0 0.0 1.0 0
cell 2.902579796260673 35.206339322130546 0.0 1.6431676725154984 0.6085806194501846 1 0 0 -0.01454610800462508 -0.999894199774115 0.029093242040347356
cell 26.777024838907977 10.006700942355213 0.0 1.6431676725154984 0.6085806194501846 1 0 0 0.7664008646979313 0.6423626036673237 1.7464386057993915
cell 15.416330173871854 27.406060587150186 0.0 1.6431676725154984 0.6085806194501846 1 0 0 0.6176260872725958 0.7864718789126182 1.3314413591070737
cell 53.63522857550703 60.70461776076511 0.0 1.0 1.0 1 0 0 0.0 1.0 0
cell 51.743281999691035 32.58412642090988 0.0 1.0 1.0 1 0 0 0.0 1.0 0
cell 4.431491212248491 2.650706261789956 0.0 1.6431676725154984 0.6085806194501846 1 0 0 0.9997367013447765 -0.022946197599279378 3.187489077014586
cell 57.502132752933875 23.043138314289585 0.0 1.0 1.0 1 0 0 0.0 1.0 0
cell 13.272078457550755 29.169546267488883 0.0 1.6431676725154984 0.6085806194501846 1 0 0 0.927722719051198 0.37327008526836447 2.37652988563924
cell 44.552234684593735 28.972621155756794 0.0 1.0 1.0 1 0 0 0.0 1.0 0
cell 1.9122226463204202 13.579999510314392 0.0 1.0 1.0 1 0 0 0.0 1.0 0
cell 54.103765388201204 28.669160166082747 0.0 1.6431676725154984 0.6085806194501846 1 0 0 -0.4162406604200247 -0.9092544817668493 0.8586137169237036
cell 29.6233282907602 2.4822314451401133 0.0 1.6431676725154984 0.6085806194501846 1 0 0 0.746438844011641 0.665454019561506 1.685388852157048
cell 32.858693212677025 45.06139601440838 0.0 1.6431676725154984 0.6085806194501846 1 0 0 0.5565885601922546 -0.8307882851022353 5.102637595048546
cell 49.83278653447773 12.196620081130463 0.0 1.6431676725154984 0.6085806194501846 1 0 0 -0.4958113339506442 -0.8684302626728774 1.037537672336664
cell 25.49943563598959 41.854627763926494 0.0 1.6431676725154984 0.6085806194501846 1 0 0 0.9209160425256682 0.3897610070528627 2.3408485297848514
cell 5.8242250604712265 22.90024349614727 0.0 1.0 1.0 1 0 0 0.0 1.0 0
cell 7.434136695565967 6.2577058318624275 0.0 1.6431676725154984 0.6085806194501846 1 0 0 0.9577132131814877 -0.28772452328154124 3.7252927315960664
cell 35.78407587586502 21.376482317788938 0.0 1.0 1.0 1 0 0 0.0 1.0 0
cell 50.73528401768346 44.27141482484433 0.0 1.6431676725154984 0.6085806194501846 1 0 0 0.8362625911250813 0.5483291700108295 1.9808627471877633
cell 49.697857334874655 20.53247408086793 0.0 1.6431676725154984 0.6085806194501846 1 0 0 -0.2339235347967098 -0.9722549973480272 0.4722224726636908
cell 31.202457083523853 9.732727075983224 0.0 1.0 1.0 1 0 0 0.0 1.0 0
cell 47.62679446873827 50.00409849680584 0.0 1.6431676725154984 0.6085806194501846 1 0 0 0.9987110720403448 -0.050756227046788255 3.2431487442620726
cell 33.28176973936739 56.651642228985466 0.0 1.6431676725154984 0.6085806194501846 1 0 0 0.34967295805495974 -0.9368718281627932 5.568741302672522
cell 18.816410866070182 39.88228804801948 0.0 1.6431676725154984 0.6085806194501846 1 0 0 0.5902327900974231 0.8072330849846352 1.262694381315587
cell 15.796853918933685 25.320404430733404 0.0 1.6431676725154984 0.6085806194501846 1 0 0 0.9814728037190227 -0.19160150197720477 3.5271798953303906
cell 48.22799168050515 35.85385910728676 0.0 1.0 1.0 1 0 0 0.0 1.0 0
cell 21.4829289053586 8.182453601600178 0.0 1.6431676725154984 0.6085806194501846 1 0 0 -0.49547727257199337 -0.8686209025602704 1.0367684114623303
cell 48.95203485869473 2.10048251378049 0.0 1.6431676725154984 0.6085806194501846 1 0 0 0.9659346800722276 -0.25878600007296265 3.6651230080377117
cell 23.192227974628626 3.5632129002934914 0.0 1.6431676725154984 0.6085806194501846 1 0 0 -0.3316067620276539 -0.9434176993132655 0.6760123909663607
cell 40.65064627998474 42.79972469574416 0.0 1.0 1.0 1 0 0 0.0 1.0 0
cell 9.792757637836194 34.61905319243353 0.0 1.6431676725154984 0.6085806194501846 1 0 0 -0.0650657779475371 0.9978809771411027 6.15296175605659
cell 33.67104934494887 49.85058773924554 0.0 1.6431676725154984 0.6085806194501846 1 0 0 0.5877535785577158 -0.8090400057429786 5.026626546408605
cell 30.771809420413106 2.7971567745199652 0.0 1.6431676725154984 0.6085806194501846 1 0 0 0.6834792967981186 -0.7299698972206657 4.778148465901206
cell 43.09642613942335 25.3652118398909 0.0 1.0 1.0 1 0 0 0.0 1.0 0
cell 44.064553465263934 0.8752518742288794 0.0 1.6431676725154984 0.6085806194501846 1 0 0 0.512063217212944 -0.858947764172845 5.208015099275117
cell 23.8733842828477 28.035245515842288 0.0 1.6431676725154984 0.6085806194501846 1 0 0 0.8799093726120626 -0.4751415536337002 4.131842448990287
cell 41.44307959052849 39.9484127395065 0.0 1.0 1.0 1 0 0 0.0 1.0 0
cell 44.05187247099579 13.384319298541477 0.0 1.6431676725154984 0.6085806194501846 1 0 0 0.213743987261681 -0.9768897112312517 5.852373462490025
cell 12.397039702630574 43.26994396557487 0.0 1.6431676725154984 0.6085806194501846 1 0 0 -0.5127461828811919 -0.8585402447997224 1.0767608231022034
cell 39.18434056359675 47.27023933051929 0.0 1.0 1.0 1 0 0 0.0 1.0 0
cell 47.74744847221808 11.959726147215392 0.0 1.0 1.0 1 0 0 0.0 1.0 0
cell 47.281432028056855 37.471675622245115 0.0 1.0 1.0 1 0 0 0.0 1.0 0
cell 17.62174903258064 6.114261084267005 0.0 1.0 1.0 1 0 0 0.0 1.0 0
cell 7.2386155167764645 44.07551196289316 0.0 1.6431676725154984 0.6085806194501846 1 0 0 -0.2354036609076642 -0.9718976882528683 0.4752677598696824
cell 26.787081119097405 34.75961058959385 0.0 1.6431676725154984 0.6085806194501846 1 0 0 0.8771762076394373 -0.48016861699958574 4.1432865122873395
cell 55.67393322800178 54.734342740763864 0.0 1.6431676725154984 0.6085806194501846 1 0 0 0.18352186232503148 0.98301562858825 0.36913594793261517
cell 3.809230140066724 37.59830895724156 0.0 1.0 1.0 1 0 0 0.0 1.0 0
cell 2.824979490979724 3.3115057467138893 0.0 1.6431676725154984 0.6085806194501846 1 0 0 0.9792934561345116 -0.20244586133611972 3.549302366555238
cell 4.695444328873241 5.875245109605042 0.0 1.6431676725154984 0.6085806194501846 1 0 0 -0.9886861081487618 0.1499992651770495 3.442727712679492
cell 19.673118814036663 0.666260255521661 0.0 1.6431676725154984 0.6085806194501846 1 0 0 -0.23872181182489216 -0.9710879963005622 0.48209878846218945
cell 12.080139636147173 47.02713825495499 0.0 1.6431676725154984 0.6085806194501846 1 0 0 -0.08341724772296653 -0.996514707760164 0.16702858838525447
cell 40.064296548600595 44.55244866982033 0.0 1.0 1.0 1 0 0 0.0 1.0 0
cell 9.197284592911446 40.19621890060487 0.0 1.6431676725154984 0.6085806194501846 1 0 0 0.5168263552929183 0.8560902513605899 1.0862792930452658
cell 40.10371696345927 24.692691116259933 0.0 1.0 1.0 1 0 0 0.0 1.0 0
cell 21.866639096778293 48.2529351705067 0.0 1.0 1.0 1 0 0 0.0 1.0 0
cell 27.63153948718819 10.855367796277388 0.0 1.6431676725154984 0.6085806194501846 1 0 0 0.8365016029315986 0.547964477218064 1.9817348193860638
cell 8.78058320474014 4.050053594600967 0.0 1.0 1.0 1 0 0 0.0 1.0 0
cell 48.956927102856156 43.70686294027365 0.0 1.6431676725154984 0.6085806194501846 1 0 0 0.9075973560441459 0.41984168361618857 2.27505089673274
cell 54.034473204064895 26.678625299769415 0.0 1.6431676725154984 0.6085806194501846 1 0 0 -0.5293254501793606 -0.8484188634114739 1.115610601984348
cell 31.823147351134264 60.352041125310684 0.0 1.6431676725154984 0.6085806194501846 1 0 0 0.5269415040982299 -0.8499015538629725 5.173189533801458
cell 0.29365688676650925 35.71053662531117 0.0 1.0 1.0 1 0 0 0.0 1.0 0
cell 43.75611921212675 54.88303636313543 0.0 1.6431676725154984 0.6085806194501846 1 0 0 0.8383790895420306 -0.5450876096726799 4.294579873715585
cell 59.86348732274585 40.64203747313926 0.0 1.6431676725154984 0.6085806194501846 1 0 0 -0.12191244755576762 -0.992540858167039 0.24443295122133968
cell 25.02730722641405 0.6934714258358138 0.0 1.6431676725154984 0.6085806194501846 1 0 0 0.5884000435563213 0.808569965273828 1.2581573289691799
cell 41.09666591106434 8.023955423516501 0.0 1.6431676725154984 0.6085806194501846 1 0 0 0.43978113835309524 -0.8981049773544604 5.372475374920988
cell 39.840533197597566 52.315829890273 0.0 1.6431676725154984 0.6085806194501846 1 0 0 0.9295261190339712 -0.3687562799921427 3.896933953320364
cell 24.738768304498514 14.133669584867445 0.0 1.6431676725154984 0.6085806194501846 1 0 0 0.6544529195094346 0.7561027550178464 1.4269176812005298
cell 8.146290535069257 18.14626538737606 0.0 1.0 1.0 1 0 0 0.0 1.0 0
cell 59.270049890856434 25.173382072777088 0.0 1.0 1.0 1 0 0 0.0 1.0 0
cell 30.18936504553175 53.14312861072953 0.0 1.6431676725154984 0.6085806194501846 1 0 0 0.5458761130291766 -0.8378659016955862 5.128316492650924
cell 10.690881611124324 3.158607503579763 0.0 1.0 1.0 1 0 0 0.0 1.0 0
cell 46.65301387346144 23.737986981766642 0.0 1.0 1.0 1 0 0 0.0 1.0 0
cell 10.964703127732122 42.74079570142272 0.0 1.6431676725154984 0.6085806194501846 1 0 0 0.5166329268793131 0.8562069953370589 1.0858274359552529
cell 40.82358324943588 30.119797867139166 0.0 1.0 1.0 1 0 0 0.0 1.0 0
cell 0.23449058936804468 32.874509882478314 0.0 1.6431676725154984 0.6085806194501846 1 0 0 -0.24939492482522616 -0.968401864657137 0.504110773112636
cell 34.01849277841255 14.586468026632627 0.0 1.6431676725154984 0.6085806194501846 1 0 0 0.6508105879897546 -0.7592401323431408 4.8658821483042844
cell 42.44865707952103 2.2562533855516693 0.0 1.6431676725154984 0.6085806194501846 1 0 0 0.6542120970399751 -0.7563111344457109 4.856904548104943
cell 49.86020344655936 0.7486585550888752 0.0 1.6431676725154984 0.6085806194501846 1 0 0 0.9972935493967953 0.07352262462359442 2.994414603662913
cell 0.34558297991318004 58.56492393834119 0.0 1.0 1.0 1 0 0 0.0 1.0 0
cell 16.97338518259168 52.21448647058418 0.0 1.6431676725154984 0.6085806194501846 1 0 0 -0.3506748861873625 -0.9364972633155317 0.7165833117934506
cell 35.45049826855155 36.65377503320352 0.0 1.0 1.0 1 0 0 0.0 1.0 0
cell 6.288304294074211 47.937019037892746 0.0 1.0 1.0 1 0 0 0.0 1.0 0
cell 39.83091188876118 17.685973585328455 0.0 1.0 1.0 1 0 0 0.0 1.0 0
cell 24.614564402065614 44.6619143057324 0.0 1.0 1.0 1 0 0 0.0 1.0 0
cell 51.04873564122389 47.51921825905254 0.0 1.6431676725154984 0.6085806194501846 1 0 0 0.7459925008149205 0.6659543443269222 1.6840478866287982
cell 7.286920540686543 12.575843768709307 0.0 1.0 1.0 1 0 0 0.0 1.0 0
cell 51.18692437174195 27.03901720491638 0.0 1.0 1.0 1 0 0 0.0 1.0 0
cell 34.49035484997337 52.69522047295428 0.0 1.6431676725154984 0.6085806194501846 1 0 0 0.8756879871234886 -0.48287736456331526 4.149467813532768
cell 16.095232039727545 43.55635386288439 0.0 1.0 1.0 1 0 0 0.0 1.0 0
cell 60.84386842422595 28.968171759863207 0.0 1.6431676725154984 0.6085806194501846 1 0 0 0.5010554746012107 0.8654151670569193 1.049635924163585
cell 9.742573950954322 21.683783103790354 0.0 1.6431676725154984 0.6085806194501846 1 0 0 0.6264803349219094 -0.7794372264372111 4.929126662667855
cell 47.56553363874764 54.634601271263136 0.0 1.6431676725154984 0.6085806194501846 1 0 0 0.46144644115961125 0.8871680685986897 0.9592498223002338
cell 36.73287393469306 46.371168945209845 0.0 1.6431676725154984 0.6085806194501846 1 0 0 0.673153661410659 -0.7395026356473814 4.806255055762307
cell 55.74069296394133 27.429921191729036 0.0 1.6431676725154984 0.6085806194501846 1 0 0 -0.4542357085010639 -0.8908815415769576 0.9430282431329129
cell 6.120276782928269 36.78237179464448 0.0 1.0 1.0 1 0 0 0.0 1.0 0
cell 1.475725874842021 0.8693460167195975 0.0 1.6431676725154984 0.6085806194501846 1 0 0 0.9987768126102557 -0.049445713586702064 3.2405244214171165
cell 59.823056675420304 34.74756370121858 0.0 1.0 1.0 1 0 0 0.0 1.0 0
cell 36.24173948654272 19.45268691312032 0.0 1.0 1.0 1 0 0 0.0 1.0 0
cell 11.714654216277552 61.05359587081672 0.0 1.0 1.0 1 0 0 0.0 1.0 0
cell 23.989684168648363 15.648622017294533 0.0 1.6431676725154984 0.6085806194501846 1 0 0 0.616890565796273 0.7870489373803602 1.329571612192671
cell 24.429753782672297 52.83246670960969 0.0 1.6431676725154984 0.6085806194501846 1 0 0 0.7650974752168138 0.6439144767877617 1.7423853919006986
cell 9.099926340686517 56.51799088930813 0.0 1.0 1.0 1 0 0 0.0 1.0 0
cell 13.666082423352831 0.4018950583014638 0.0 1.0 1.0 1 0 0 0.0 1.0 0
cell 42.108482645438244 54.14622334940962 0.0 1.6431676725154984 0.6085806194501846 1 0 0 0.8903658230491456 -0.45524575906428555 4.08688908355632
cell 26.14273880639257 19.279210980940565 0.0 1.6431676725154984 0.6085806194501846 1 0 0 0.7899391231877289 0.6131852751472446 1.8214194228388112
cell 30.097288329207135 23.782010800780053 0.0 1.0 1.0 1 0 0 0.0 1.0 0
cell 0.17312405068358896 31.251773069847864 0.0 1.6431676725154984 0.6085806194501846 1 0 0 0.4537094494699385 0.8911496706287252 0.9418469865707999
cell 6.694450094320916 49.80434124470976 0.0 1.0 1.0 1 0 0 0.0 1.0 0
cell 35.85497965931653 30.580933541663747 0.0 1.0 1.0 1 0 0 0.0 1.0 0
cell 37.29456228562619 31.77088952953102 0.0 1.0 1.0 1 0 0 0.0 1.0 0
cell 35.89040821238313 42.28599836849922 0.0 1.6431676725154984 0.6085806194501846 1 0 0 0.4456219162196828 -0.8952212619150073 5.359447612127268
cell 17.943569552667107 57.90526488236389 0.0 1.6431676725154984 0.6085806194501846 1 0 0 -0.36781077429087145 -0.9299006583047189 0.7533073274735234
cell 20.83943670681106 56.654377667203214 0.0 1.6431676725154984 0.6085806194501846 1 0 0 0.5861424454841612 0.8102080187222582 1.2525788083053004
cell 16.387232674536666 46.87806207665285 0.0 1.6431676725154984 0.6085806194501846 1 0 0 0.6545635867931148 0.7560069515847936 1.4272104305506579
cell 6.574539758368915 61.012524162109756 0.0 1.0 1.0 1 0 0 0.0 1.0 0
cell 48.1480185725686 7.691789985202845 0.0 1.6431676725154984 0.6085806194501846 1 0 0 0.5040613147914715 0.8636678707296532 1.0565895223347683
cell 35.074862147783215 56.37423760298637 0.0 1.6431676725154984 0.6085806194501846 1 0 0 0.5986757450418692 -0.8009914807902534 4.999491675983425
cell 34.22298408979909 54.72930259503725 0.0 1.0 1.0 1 0 0 0.0 1.0 0
cell 41.02845275855372 6.20807480596977 0.0 1.6431676725154984 0.6085806194501846 1 0 0 0.48042647486438755 -0.8770350062850274 5.280903473987526
cell 19.257226276577736 54.46323121017822 0.0 1.6431676725154984 0.6085806194501846 1 0 0 -0.41346353623616244 -0.9105206775263742 0.8525093979065321
cell 3.0896992036624273 25.22229809330345 0.0 1.0 1.0 1 0 0 0.0 1.0 0
cell 45.222229825050036 40.31256160971306 0.0 1.0 1.0 1 0 0 0.0 1.0 0
cell 32.26533292159502 18.434225422280733 0.0 1.0 1.0 1 0 0 0.0 1.0 0
cell 37.20170795591784 22.649721018279724 0.0 1.0 1.0 1 0 0 0.0 1.0 0
cell 2.911155799666495 44.41110658416599 0.0 1.6431676725154984 0.6085806194501846 1 0 0 0.04158600708271237 -0.9991349278325309 6.199989301447326
cell 0.36929397600713787 53.75914869776712 0.0 1.6431676725154984 0.6085806194501846 1 0 0 -0.7499996407189565 0.6614382351523355 4.587062235580052
cell 2.5600441709580646 33.63213252225866 0.0 1.6431676725154984 0.6085806194501846 1 0 0 0.33973726161495743 0.9405203841865257 0.6932750583154674
cell 10.54744281848295 18.174987000848628 0.0 1.6431676725154984 0.6085806194501846 1 0 0 0.6822427713330189 -0.731125708044685 4.781533665789383
cell 34.024917407902194 7.503598825644212 0.0 1.6431676725154984 0.6085806194501846 1 0 0 0.4424627523730435 -0.8967868825771654 5.366499277787577
cell 51.57046363314193 1.938230395840114 0.0 1.0 1.0 1 0 0 0.0 1.0 0
cell 11.247045009639981 31.633914949142838 0.0 1.6431676725154984 0.6085806194501846 1 0 0 -0.9283078560865043 -0.3718124854386657 2.3796712121875583
cell 36.36336323394958 54.480239922935034 0.0 1.0 1.0 1 0 0 0.0 1.0 0
cell 20.987444581758528 59.226203991123114 0.0 1.6431676725154984 0.6085806194501846 1 0 0 0.5506967243475043 0.8347054077894361 1.1663974063275742
cell 18.32623273264473 2.8643009674824813 0.0 1.0 1.0 1 0 0 0.0 1.0 0
cell 19.26026459696508 45.07809852420321 0.0 1.0 1.0 1 0 0 0.0 1.0 0
cell 4.424294302375174 34.03345144933919 0.0 1.6431676725154984 0.6085806194501846 1 0 0 -0.49654668820913506 -0.8680100151660348 1.0392316072768208
cell 41.3633453209679 59.87504904967176 0.0 1.6431676725154984 0.6085806194501846 1 0 0 -0.2631737869687308 0.9647484427831625 5.750564327160719
cell 37.42957337562877 43.947940447059786 0.0 1.6431676725154984 0.6085806194501846 1 0 0 0.6986971324720574 -0.7154175823079303 4.736035818252371
cell 51.09760295635044 36.52532451955704 0.0 1.0 1.0 1 0 0 0.0 1.0 0
cell 57.37492507845839 8.206315981015926 0.0 1.0 1.0 1 0 0 0.0 1.0 0
cell 17.0239298266797 31.248177331422653 0.0 1.6431676725154984 0.6085806194501846 1 0 0 0.8763006149629231 0.4817647062784932 2.1362578255505933
cell 29.226703584816374 30.375749349990183 0.0 1.0 1.0 1 0 0 0.0 1.0 0
cell 53.82328345273585 51.67801681285322 0.0 1.6431676725154984 0.6085806194501846 1 0 0 0.9997764771597321 0.02114227324758929 3.0993049562922583
cell 5.315934225497629 27.74320169547774 0.0 1.0 1.0 1 0 0 0.0 1.0 0
cell 56.7338526156112 1.1375828249343876 0.0 1.0 1.0 1 0 0 0.0 1.0 0
cell 27.773713130814055 12.85706470511511 0.0 1.6431676725154984 0.6085806194501846 1 0 0 0.8227783174500274 0.5683624198819817 1.9325642967586878
cell 45.87851631278328 0.6815141790471754 0.0 1.6431676725154984 0.6085806194501846 1 0 0 0.8406426943687157 -0.5415901221445106 4.286247682905323
cell 57.34480487127574 4.719137447442466 0.0 1.6431676725154984 0.6085806194501846 1 0 0 -0.9999910845437483 -0.004222657104009052 3.1331473142837423
cell 43.8271977530215 11.71068689569099 0.0 1.6431676725154984 0.6085806194501846 1 0 0 0.9866580481036401 -0.1628063147187941 3.4686611583668583
cell 60.82818802562879 44.678396156045316 0.0 1.6431676725154984 0.6085806194501846 1 0 0 0.7961813923374281 -0.6050580058933477 4.441270094651374
cell 3.3765148329087955 59.481878574168995 0.0 1.0 1.0 1 0 0 0.0 1.0 0
cell 4.907855497800715 60.238845820491434 0.0 1.0 1.0 1 0 0 0.0 1.0 0
cell 8.352459421916434 0.573769444659876 0.0 1.0 1.0 1 0 0 0.0 1.0 0
cell 51.034443865042405 9.629012917175732 0.0 1.6431676725154984 0.6085806194501846 1 0 0 0.6532350515775392 0.7571551805214632 1.4236984873265564
cell 15.526427916021639 10.683923937088146 0.0 1.0 1.0 1 0 0 0.0 1.0 0
cell 45.448933146737616 27.475096129744554 0.0 1.0 1.0 1 0 0 0.0 1.0 0
cell 23.959767589579982 59.14689479864911 0.0 1.6431676725154984 0.6085806194501846 1 0 0 0.6106793123334572 0.7918780066954353 1.3138363143781042
cell 2.781162084198987 32.16003928080963 0.0 1.6431676725154984 0.6085806194501846 1 0 0 -0.5220910806013969 -0.8528897370448689 1.0986017513298068
cell 12.765582081278605 57.89049195467229 0.0 1.0 1.0 1 0 0 0.0 1.0 0
cell 35.96544516036099 0.31296302059532116 0.0 1.6431676725154984 0.6085806194501846 1 0 0 -0.33038774405362586 0.9438452937739086 5.609756589625917
cell 40.09080745320232 55.02015889561355 0.0 1.6431676725154984 0.6085806194501846 1 0 0 0.8753129653589592 -0.483556834999264 4.1510200009279385
cell 7.352881616435947 33.79591647389764 0.0 1.6431676725154984 0.6085806194501846 1 0 0 0.9439057498685673 0.3302149835562548 2.468530002308413
cell 57.438135956278096 6.326011990375622 0.0 1.0 1.0 1 0 0 0.0 1.0 0
cell 49.57805636839927 22.218976896489583 0.0 1.6431676725154984 0.6085806194501846 1 0 0 -0.46182407639028406 -0.8869715454659529 0.9601012439628267
cell 33.671306376315954 17.67367768985985 0.0 1.0 1.0 1 0 0 0.0 1.0 0
cell 15.459721612552423 8.741111557371092 0.0 1.0 1.0 1 0 0 0.0 1.0 0
cell 44.388497560808744 53.223704519529456 0.0 1.0 1.0 1 0 0 0.0 1.0 0
cell 0.7417683226457702 48.00952171764272 0.0 1.6431676725154984 0.6085806194501846 1 0 0 0.9775228088479815 0.21082968999159662 2.7167453533967
cell 32.890780596535585 28.24542467704565 0.0 1.0 1.0 1 0 0 0.0 1.0 0
cell 13.700206045765178 24.228161197772756 0.0 1.6431676725154984 0.6085806194501846 1 0 0 -0.5537775605807731 0.8326646464196785 5.1093970214981965
cell 56.50591765846796 9.984318984974879 0.0 1.0 1.0 1 0 0 0.0 1.0 0
cell 35.30360562651338 47.52184286315303 0.0 1.6431676725154984 0.6085806194501846 1 0 0 0.5657773487629171 -0.824558058372365 5.080433917299676
cell 12.716505032652098 33.27084578981076 0.0 1.0 1.0 1 0 0 0.0 1.0 0
cell 32.06829744134008 56.07543957219172 0.0 1.6431676725154984 0.6085806194501846 1 0 0 0.49907600441259425 -0.8665582160591175 5.2381209759655025
cell 14.67913880096604 3.98999180739193 0.0 1.0 1.0 1 0 0 0.0 1.0 0
cell 2.380550295638985 20.491398041472575 0.0 1.0 1.0 1 0 0 0.0 1.0 0
cell 10.938458926606433 44.68944990697555 0.0 1.6431676725154984 0.6085806194501846 1 0 0 -0.44905450184379575 -0.8935043672942066 0.9314137329073118
cell 20.009942424864647 25.47657504340521 0.0 1.6431676725154984 0.6085806194501846 1 0 0 0.8225440884501747 0.5687013474185473 1.9317403183565067
cell 46.32504738983497 41.958898752685855 0.0 1.0 1.0 1 0 0 0.0 1.0 0
cell 12.859920986594016 17.44766292916458 0.0 1.6431676725154984 0.6085806194501846 1 0 0 0.6960744357953195 -0.7179696231960149 4.743354688519537
cell 56.29319965471219 36.45780769384369 0.0 1.0 1.0 1 0 0 0.0 1.0 0
cell 37.737964203516846 7.139358821682574 0.0 1.6431676725154984 0.6085806194501846 1 0 0 0.40034353158880703 -0.9163651328564405 5.459401906315544
cell 58.328061469460344 19.170475632240393 0.0 1.0 1.0 1 0 0 0.0 1.0 0
cell 6.951047477747359 16.60912126643216 0.0 1.0 1.0 1 0 0 0.0 1.0 0
cell 61.13753073039863 3.2372056240194667 0.0 1.6431676725154984 0.6085806194501846 1 0 0 -0.9088311209441844 0.4171642285759138 4.0022383278098275
cell 29.30397156379946 9.820311173598416 0.0 1.6431676725154984 0.6085806194501846 1 0 0 0.9031231205179252 0.4293816824061842 2.2539766102409824
cell 17.23016157678552 49.85161917784006 0.0 1.6431676725154984 0.6085806194501846 1 0 0 0.5481737199312336 0.8363644975587817 1.160358155686763
cell 19.636872724421412 48.08984499386416 0.0 1.0 1.0 1 0 0 0.0 1.0 0
cell 5.305558092319516 17.037618275560934 0.0 1.0 1.0 1 0 0 0.0 1.0 0
cell 38.17324090703646 38.29906304415651 0.0 1.6431676725154984 0.6085806194501846 1 0 0 0.2813850492358858 -0.9595949427057846 5.712710961143575
cell 53.12194441760975 33.97126327315879 0.0 1.0 1.0 1 0 0 0.0 1.0 0
cell 25.84005712215047 15.795161746325677 0.0 1.6431676725154984 0.6085806194501846 1 0 0 0.6704905814447624 0.7419180414263186 1.4697396481308922
cell 32.649368830101295 21.197855947873016 0.0 1.0 1.0 1 0 0 0.0 1.0 0
cell 2.1157701721078195 38.586289638202814 0.0 1.0 1.0 1 0 0 0.0 1.0 0
cell 36.67476590549801 35.46825683147975 0.0 1.0 1.0 1 0 0 0.0 1.0 0
cell 49.96856757756129 53.182853118537366 0.0 1.6431676725154984 0.6085806194501846 1 0 0 0.9789994817698217 -0.20386273493314253 3.5521964654356646
cell 50.31977081147669 50.47081271665763 0.0 1.6431676725154984 0.6085806194501846 1 0 0 0.7224518749898626 0.6914212090496153 1.6146838375127266
cell 59.541294243593484 8.030071460323386 0.0 1.0 1.0 1 0 0 0.0 1.0 0
cell 15.121619515420655 51.4571548734777 0.0 1.6431676725154984 0.6085806194501846 1 0 0 -0.3941522554086912 -0.9190451564293465 0.8102904990677491
cell 57.4927927497067 26.520623147544754 0.0 1.6431676725154984 0.6085806194501846 1 0 0 -0.4505032170757636 -0.892774804418442 0.9346578280908062
cell 59.35123866157549 6.0535397061076655 0.0 1.0 1.0 1 0 0 0.0 1.0 0
cell 57.73568362104749 12.738719702706636 0.0 1.6431676725154984 0.6085806194501846 1 0 0 0.9498113357222325 0.31282331520132645 2.5052644850950516
cell 52.533568461806766 56.30418888666685 0.0 1.6431676725154984 0.6085806194501846 1 0 0 -0.31639046044998115 -0.9486290510712019 0.6438441085799456
cell 1.554310235394236 52.758187136437456 0.0 1.0 1.0 1 0 0 0.0 1.0 0
cell 43.41374662253843 18.92298198625985 0.0 1.0 1.0 1 0 0 0.0 1.0 0
cell 21.890404823154263 24.481271020839976 0.0 1.6431676725154984 0.6085806194501846 1 0 0 0.8153911068937093 0.5789104790886511 1.9068089303601212
cell 25.16972666950681 54.14121587142194 0.0 1.6431676725154984 0.6085806194501846 1 0 0 0.8556170859294763 0.51760931431491 2.053483704387008
cell 52.71542161135969 23.636691590538387 0.0 1.6431676725154984 0.6085806194501846 1 0 0 0.5504895472014391 0.8348420559734365 1.1659010391394624
cell 57.987325635140316 54.92407021768279 0.0 1.0 1.0 1 0 0 0.0 1.0 0
cell 5.628215094812795 33.27697104206753 0.0 1.0 1.0 1 0 0 0.0 1.0 0
cell 44.347717930809964 58.91586788385654 0.0 1.6431676725154984 0.6085806194501846 1 0 0 0.870295933017258 -0.492529175758777 4.171579615983661
cell 26.259317597408586 2.4292689159523135 0.0 1.6431676725154984 0.6085806194501846 1 0 0 0.6636019624459178 0.7480858476391107 1.4512468912448415
cell 42.630142973181464 56.5443973581464 0.0 1.6431676725154984 0.6085806194501846 1 0 0 0.8548484546732743 -0.5188777500940996 4.232667895925208
cell 42.58248088527936 29.153841297403904 0.0 1.0 1.0 1 0 0 0.0 1.0 0
cell 8.05457287796772 5.3421872686179235 0.0 1.6431676725154984 0.6085806194501846 1 0 0 0.9624754751502863 -0.2713686786168048 3.6912222275385806
cell 40.04175422795416 51.0991063740315 0.0 1.6431676725154984 0.6085806194501846 1 0 0 0.9028929761435145 -0.42986541339203715 4.030280073822076
cell 13.010385362063383 10.162382541658324 0.0 1.6431676725154984 0.6085806194501846 1 0 0 0.8172957957134067 -0.5762183460366298 4.369780793531867
cell 21.61725062022709 38.985326613831276 0.0 1.6431676725154984 0.6085806194501846 1 0 0 0.3639782237605767 -0.9314074578980435 5.538114219758114
cell 38.33037162707597 52.19737498404112 0.0 1.6431676725154984 0.6085806194501846 1 0 0 0.8754993881930141 -0.4832192269287906 4.150248683395014
cell 6.71323917711292 8.844620070852095 0.0 1.0 1.0 1 0 0 0.0 1.0 0
cell 60.24211494539222 19.42098773843076 0.0 1.0 1.0 1 0 0 0.0 1.0 0
cell 46.16021637455676 59.90475797877206 0.0 1.6431676725154984 0.6085806194501846 1 0 0 0.8683328435471426 -0.49598192791404566 4.179523226863244
cell 56.47686103189612 34.47667698042145 0.0 1.0 1.0 1 0 0 0.0 1.0 0
cell 21.573350050528106 32.57357839019844 0.0 1.0 1.0 1 0 0 0.0 1.0 0
cell 9.298329321887852 14.29514187083021 0.0 1.0 1.0 1 0 0 0.0 1.0 0
cell 45.456476106731934 49.19317792268696 0.0 1.0 1.0 1 0 0 0.0 1.0 0
cell 5.463796227349241 15.295125481192827 0.0 1.0 1.0 1 0 0 0.0 1.0 0
cell 0.14544253685815772 12.654731516708155 0.0 1.0 1.0 1 0 0 0.0 1.0 0
cell 6.06458862071948 44.61635159655886 0.0 1.6431676725154984 0.6085806194501846 1 0 0 -0.14300129965676434 -0.9897225006518121 0.28698644225855485
cell 21.253531699719932 0.23980138106559504 0.0 1.6431676725154984 0.6085806194501846 1 0 0 -0.30415271171505787 -0.9526232875362521 0.618097752909077
cell 54.806275136488765 1.1642450604664496 0.0 1.0 1.0 1 0 0 0.0 1.0 0
cell 39.16556454809509 29.411371740475705 0.0 1.0 1.0 1 0 0 0.0 1.0 0
cell 52.25293079893291 48.05249228853124 0.0 1.6431676725154984 0.6085806194501846 1 0 0 0.7979702479159253 -0.6026968420698724 4.435345533807268
cell 48.25557710819367 45.546927887761115 0.0 1.6431676725154984 0.6085806194501846 1 0 0 0.9633438193692047 0.26826980016981616 2.598399562609468
cell 31.244766677569906 19.983308631562355 0.0 1.0 1.0 1 0 0 0.0 1.0 0
cell 53.01607689047013 37.80229369232084 0.0 1.6431676725154984 0.6085806194501846 1 0 0 0.8597517630812416 -0.510712155601075 4.213618480962005
cell 50.467842777757795 28.947330328293802 0.0 1.0 1.0 1 0 0 0.0 1.0 0
cell 31.311418812948354 26.991907776504636 0.0 1.0 1.0 1 0 0 0.0 1.0 0
cell 13.550555287410408 14.935609804655275 0.0 1.6431676725154984 0.6085806194501846 1 0 0 0.7004904581969406 -0.7136617672084166 4.73101629352365
cell 35.72403559438222 9.267505182974567 0.0 1.6431676725154984 0.6085806194501846 1 0 0 0.5991247413699664 -0.8006556964628246 4.998370339592459
cell 0.3075857236075431 10.824071829082863 0.0 1.0 1.0 1 0 0 0.0 1.0 0
cell 15.854009895635205 33.19149596840368 0.0 1.0 1.0 1 0 0 0.0 1.0 0
cell 45.60675069704508 33.95832514961234 0.0 1.0 1.0 1 0 0 0.0 1.0 0
cell 21.439927661616434 6.445842622170488 0.0 1.6431676725154984 0.6085806194501846 1 0 0 -0.39968083961304046 -0.916654365857827 0.8223372799747466
cell 22.46754143111267 5.425596775012681 0.0 1.0 1.0 1 0 0 0.0 1.0 0
cell 58.4400742925172 58.851412282217254 0.0 1.0 1.0 1 0 0 0.0 1.0 0
cell 39.54861785742105 21.195922189330126 0.0 1.0 1.0 1 0 0 0.0 1.0 0
cell 25.620713850200236 60.661406436648065 0.0 1.6431676725154984 0.6085806194501846 1 0 0 0.5325476177723579 0.8464000441900902 1.1232153406295589
cell 30.845655188307823 18.0145127373056 0.0 1.6431676725154984 0.6085806194501846 1 0 0 0.49523060273586383 -0.8687615611396909 5.246984807134865
cell 19.7617644891577 20.045540939094817 0.0 1.6431676725154984 0.6085806194501846 1 0 0 0.6403480613001027 0.7680848653561662 1.3899026696371375
cell 13.445686617320012 54.70667025021842 0.0 1.0 1.0 1 0 0 0.0 1.0 0
cell 49.02118437146667 13.50460077270492 0.0 1.0 1.0 1 0 0 0.0 1.0 0
cell 6.330229214489597 18.902846926512627 0.0 1.0 1.0 1 0 0 0.0 1.0 0
cell 22.578503653191113 13.355374820782169 0.0 1.6431676725154984 0.6085806194501846 1 0 0 0.5665047126611309 0.8240584994602808 1.2045161758698681
cell 7.328429647760129 14.574344699682584 0.0 1.0 1.0 1 0 0 0.0 1.0 0
cell 22.12770084657279 17.369910781065773 0.0 1.6431676725154984 0.6085806194501846 1 0 0 0.6208181260984538 0.7839546251586276 1.3395717222197483
cell 22.93479667948027 49.96412009162875 0.0 1.0 1.0 1 0 0 0.0 1.0 0
cell 37.089225132661944 37.427535504999106 0.0 1.0 1.0 1 0 0 0.0 1.0 0
cell 14.205540840159157 2.1327934735318292 0.0 1.0 1.0 1 0 0 0.0 1.0 0
cell 11.790573302010017 9.401807281620018 0.0 1.6431676725154984 0.6085806194501846 1 0 0 0.7882644349545569 -0.6153366400481717 4.467218574032784
cell 10.259935754202708 5.159930739040508 0.0 1.0 1.0 1 0 0 0.0 1.0 0
cell 15.547399554843807 55.72648402489551 0.0 1.6431676725154984 0.6085806194501846 1 0 0 -0.3749441820830937 -0.9270473883907121 0.7686731266756617
cell 11.886572832907119 52.6532643016997 0.0 1.0 1.0 1 0 0 0.0 1.0 0
cell 44.75797575324603 46.09523718989459 0.0 1.6431676725154984 0.6085806194501846 1 0 0 0.9159398213399923 0.40131564096564054 2.3156870966219865
cell 43.76799654920505 50.12471292692002 0.0 1.0 1.0 1 0 0 0.0 1.0 0
cell 46.419909711080805 35.67083378015299 0.0 1.0 1.0 1 0 0 0.0 1.0 0
cell 58.07436459144442 25.627860534914205 0.0 1.6431676725154984 0.6085806194501846 1 0 0 0.48044698831625016 0.8770237690153243 1.0023286125865722
cell 53.560444001259405 30.136488593035068 0.0 1.0 1.0 1 0 0 0.0 1.0 0
cell 41.86312594307101 50.687527893368284 0.0 1.0 1.0 1 0 0 0.0 1.0 0
cell 4.279357904393213 57.995456769009884 0.0 1.0 1.0 1 0 0 0.0 1.0 0
cell 12.466284928830586 15.05353219090075 0.0 1.6431676725154984 0.6085806194501846 1 0 0 0.6351846111569858 -0.7723603496745213 4.906690269972618
cell 13.227568656819763 59.78677234438419 0.0 1.0 1.0 1 0 0 0.0 1.0 0
cell 10.330426444641633 29.389858558622 0.0 1.6431676725154984 0.6085806194501846 1 0 0 0.45092242610190575 -0.892563143782204 5.347588252946502
cell 54.87764080436974 8.822393559356517 0.0 1.6431676725154984 0.6085806194501846 1 0 0 0.9690020295317886 0.24705276109219007 2.6423175527890597
cell 21.88785037291494 55.93999620881296 0.0 1.6431676725154984 0.6085806194501846 1 0 0 0.5839116911613961 0.8118171819597306 1.2470776535380461
cell 22.849497711189194 58.560651844967765 0.0 1.6431676725154984 0.6085806194501846 1 0 0 0.6660401276629787 0.7459159123806671 1.4577747632133204
cell 9.468221355169446 58.473864378446045 0.0 1.0 1.0 1 0 0 0.0 1.0 0
cell 22.054595112250865 20.916986327041933 0.0 1.6431676725154984 0.6085806194501846 1 0 0 0.46251241728203013 0.8866128037987796 0.9616536727660474
cell 38.98501994657678 4.824686345390664 0.0 1.6431676725154984 0.6085806194501846 1 0 0 0.311262195578047 -0.9503240739894647 5.650143471362083
cell 18.011854617334123 17.061871571406556 0.0 1.0 1.0 1 0 0 0.0 1.0 0
cell 17.623217548080074 1.2542329304562871 0.0 1.0 1.0 1 0 0 0.0 1.0 0
cell 58.92286262972777 57.02599419453007 0.0 1.6431676725154984 0.6085806194501846 1 0 0 -0.3829966243093205 0.9237497419581048 5.497109103126345
cell 28.444182339054468 3.95762006945127 0.0 1.6431676725154984 0.6085806194501846 1 0 0 0.7484567988739773 0.663183549418499 1.6914641080666497
cell 17.1861029505433 39.05147100938617 0.0 1.6431676725154984 0.6085806194501846 1 0 0 0.7892876452083575 -0.6140236258658506 4.463889330210945
cell 4.66782701923952 35.98657738253511 0.0 1.6431676725154984 0.6085806194501846 1 0 0 -0.0675689666371499 0.9977146058606077 6.147944331888913
cell 35.37588021772706 38.28357795757328 0.0 1.0 1.0 1 0 0 0.0 1.0 0
cell 26.737662947879084 51.717108296110965 0.0 1.6431676725154984 0.6085806194501846 1 0 0 0.7645210905483315 0.6445987140126715 1.7405960904510815
cell 36.71808684082486 26.66344780722706 0.0 1.0 1.0 1 0 0 0.0 1.0 0
cell 54.582245856674 53.242047606103675 0.0 1.6431676725154984 0.6085806194501846 1 0 0 0.9992097696201659 0.039747154559978626 3.0620773982427183
cell 2.2827734248106357 58.20610016563311 0.0 1.0 1.0 1 0 0 0.0 1.0 0
cell 57.50619957050794 14.280916163268087 0.0 1.6431676725154984 0.6085806194501846 1 0 0 0.9816455123439363 0.19071467718823035 2.7578123833829906
cell 52.38050749300952 19.443087367771533 0.0 1.6431676725154984 0.6085806194501846 1 0 0 0.5121795520222268 0.858878400293261 1.075441096336632
cell 56.84462633916733 57.47176539707701 0.0 1.6431676725154984 0.6085806194501846 1 0 0 0.19407644418307735 -0.9809864085772304 5.892553495079006
cell 45.584418073211 22.089414118681553 0.0 1.0 1.0 1 0 0 0.0 1.0 0
cell 18.05806831984282 43.432882761068534 0.0 1.0 1.0 1 0 0 0.0 1.0 0
cell 11.787824049233828 54.29858116250968 0.0 1.0 1.0 1 0 0 0.0 1.0 0
cell 2.986808737124723 28.360570423431096 0.0 1.0 1.0 1 0 0 0.0 1.0 0
cell 59.36441624128048 23.258919298273366 0.0 1.0 1.0 1 0 0 0.0 1.0 0
cell 32.04574557019753 48.43065342608734 0.0 1.6431676725154984 0.6085806194501846 1 0 0 0.7277262478133041 -0.6858677046220863 4.653183414063981
cell 45.94519286264886 9.391890900180853 0.0 1.6431676725154984 0.6085806194501846 1 0 0 -0.2344366319089565 -0.9721314034734113 0.4732780182077656
cell 41.62017485945464 37.26799892129444 0.0 1.0 1.0 1 0 0 0.0 1.0 0
cell 53.69982877314066 7.546829085733605 0.0 1.0 1.0 1 0 0 0.0 1.0 0
cell 15.611970598312102 5.705624781999513 0.0 1.0 1.0 1 0 0 0.0 1.0 0
cell 28.618447420528224 27.344893805806446 0.0 1.6431676725154984 0.6085806194501846 1 0 0 0.9837148823021492 -0.17973600178391827 3.5030288056549623
cell 42.58698906517907 34.82719571121253 0.0 1.0 1.0 1 0 0 0.0 1.0 0
cell 58.38602985674524 53.53544712886409 0.0 1.0 1.0 1 0 0 0.0 1.0 0
cell 15.748885681890702 48.699297223330724 0.0 1.6431676725154984 0.6085806194501846 1 0 0 0.5208268083783509 0.8536623663219672 1.0956384149294485
cell 29.283483807423977 46.99875024304138 0.0 1.6431676725154984 0.6085806194501846 1 0 0 0.712258514043598 0.7019172381217075 1.585421229792534
cell 37.65538941982526 20.71096951855881 0.0 1.0 1.0 1 0 0 0.0 1.0 0
cell 31.879840229180374 36.36382196420618 0.0 1.0 1.0 1 0 0 0.0 1.0 0
cell 15.974589803590982 34.73144010433087 0.0 1.6431676725154984 0.6085806194501846 1 0 0 0.15668853743310643 0.9876480659815388 0.3146737547201404
cell 24.382610495202922 10.940380106715555 0.0 1.6431676725154984 0.6085806194501846 1 0 0 0.6279921560755999 0.7782196681577248 1.3579409389610884
cell 41.49881063045471 25.041893773774188 0.0 1.6431676725154984 0.6085806194501846 1 0 0 0.7509811470976209 -0.6603236454224106 4.5840919390003645
cell 45.280540937222725 43.86905268481781 0.0 1.0 1.0 1 0 0 0.0 1.0 0
cell 1.7345841387479417 40.99211441185997 0.0 1.6431676725154984 0.6085806194501846 1 0 0 0.15253326641989146 -0.9882983368574888 5.97692324800336
cell 47.56302901896825 21.919520155888637 0.0 1.0 1.0 1 0 0 0.0 1.0 0
cell 5.376898416233897 42.155051709417144 0.0 1.6431676725154984 0.6085806194501846 1 0 0 -0.007348834506481411 -0.9999729969511159 0.0146978013083503
cell 4.500153426196623 55.99814539685388 0.0 1.0 1.0 1 0 0 0.0 1.0 0
cell 1.9615512811213724 4.129528956437641 0.0 1.6431676725154984 0.6085806194501846 1 0 0 -0.9268076667966174 0.3755363481302577 3.91154347676145
cell 17.46363103772449 53.790014007162675 0.0 1.6431676725154984 0.6085806194501846 1 0 0 -0.3539497712405826 -0.9352644328951782 0.7235818131906502
cell 22.679319213744897 54.409551111921914 0.0 1.0 1.0 1 0 0 0.0 1.0 0
cell 57.705680552225644 28.16922320361683 0.0 1.6431676725154984 0.6085806194501846 1 0 0 -0.37635917008966435 -0.9264738393982958 0.7717267474499527
cell 38.80937471456702 14.828949395956226 0.0 1.6431676725154984 0.6085806194501846 1 0 0 -0.8758599038216671 -0.4825654658981515 2.134429774854725
cell 1.0346136775300858 42.45869754032006 0.0 1.6431676725154984 0.6085806194501846 1 0 0 0.1686639874616495 -0.9856736068970988 5.944237146147601
cell 43.32144312228441 21.757485097537984 0.0 1.0 1.0 1 0 0 0.0 1.0 0
cell 37.46333114890185 40.03932695019747 0.0 1.6431676725154984 0.6085806194501846 1 0 0 0.3719747443343359 -0.9282428505393432 5.520914273612315
cell 57.89228281101545 49.72385488182457 0.0 1.6431676725154984 0.6085806194501846 1 0 0 0.17791097690660418 -0.9840465864460574 5.925459003859831
cell 17.481400767116384 55.021095165735574 0.0 1.6431676725154984 0.6085806194501846 1 0 0 -0.3337962479801288 -0.9426452486669565 0.6806558944534071
cell 55.536646350098344 6.89201404839961 0.0 1.0 1.0 1 0 0 0.0 1.0 0
cell 19.257273146320617 49.99191656335277 0.0 1.6431676725154984 0.6085806194501846 1 0 0 0.5638279882266042 0.8258922446011588 1.198026958913796
cell 13.618208205788424 5.682314796955385 0.0 1.0 1.0 1 0 0 0.0 1.0 0
cell 6.145126022466735 59.06361779249226 0.0 1.0 1.0 1 0 0 0.0 1.0 0
cell 50.68407017518983 15.065421496377786 0.0 1.6431676725154984 0.6085806194501846 1 0 0 -0.1140330140546628 -0.9934769608328162 0.22856322017754582
cell 19.45379711411555 22.618662666593682 0.0 1.6431676725154984 0.6085806194501846 1 0 0 0.6123408547910331 0.790593876496515 1.3180361788171413
cell 51.97021456861712 50.524580429310575 0.0 1.0 1.0 1 0 0 0.0 1.0 0
cell 38.74556345241226 45.48210619016037 0.0 1.0 1.0 1 0 0 0.0 1.0 0
cell 31.005513574297986 49.943869003229935 0.0 1.6431676725154984 0.6085806194501846 1 0 0 0.6787903156706546 -0.7343321505638528 4.7909572032997065
cell 31.73463287446495 38.247698185319756 0.0 1.0 1.0 1 0 0 0.0 1.0 0
cell 2.714369191660379 48.69613625575532 0.0 1.0 1.0 1 0 0 0.0 1.0 0
cell 9.403000087577219 8.757667668473859 0.0 1.0 1.0 1 0 0 0.0 1.0 0
cell 58.1887734100635 33.74701345647401 0.0 1.0 1.0 1 0 0 0.0 1.0 0
cell 29.449517343460045 56.46806616130842 0.0 1.6431676725154984 0.6085806194501846 1 0 0 0.02571518133496231 0.9996693100465324 0.05143603258800507
cell 14.08084602313311 9.432927322975187 0.0 1.0 1.0 1 0 0 0.0 1.0 0
cell 8.232114895444498 31.16864289082426 0.0 1.6431676725154984 0.6085806194501846 1 0 0 0.7588399537818014 0.6512771487964502 1.7230601503702232
cell 56.88237124941973 17.707927261271138 0.0 1.0 1.0 1 0 0 0.0 1.0 0
cell 36.314087173728446 11.574414300903866 0.0 1.6431676725154984 0.6085806194501846 1 0 0 0.6993514060162589 -0.7147780151229344 4.734205932886384
cell 32.59320713098826 12.472287178058753 0.0 1.6431676725154984 0.6085806194501846 1 0 0 0.5007810100909947 -0.86557401759309 5.2341836203881345
cell 13.09444903345049 50.37834605225526 0.0 1.6431676725154984 0.6085806194501846 1 0 0 -0.4549853225521488 -0.8904989366990379 0.9447114635700515
cell 12.224011084273412 56.126232425365046 0.0 1.0 1.0 1 0 0 0.0 1.0 0
cell 52.25941438068243 28.687719490855887 0.0 1.0 1.0 1 0 0 0.0 1.0 0
cell 2.5122206438197936 1.838504233761277 0.0 1.6431676725154984 0.6085806194501846 1 0 0 0.9995854718843271 0.028790352512379536 3.0840039909718424
cell 21.866529638990233 58.59398068300484 0.0 1.6431676725154984 0.6085806194501846 1 0 0 0.6347280967607722 0.7727355583784453 1.3753131963113967
cell 13.46711029210486 49.0765034795854 0.0 1.6431676725154984 0.6085806194501846 1 0 0 -0.3862065927143011 -0.9224123089725169 0.793031097679429
cell 60.38471645676642 0.1624314171458994 0.0 1.6431676725154984 0.6085806194501846 1 0 0 0.9808942787118693 -0.19454154823667288 3.533172747709552
cell 41.7706018481556 43.7821804724713 0.0 1.0 1.0 1 0 0 0.0 1.0 0
cell 7.619807818589811 46.78333472065934 0.0 1.0 1.0 1 0 0 0.0 1.0 0
cell 18.939382768281796 4.678352096151637 0.0 1.0 1.0 1 0 0 0.0 1.0 0
cell 54.580617775042306 39.77004200983873 0.0 1.6431676725154984 0.6085806194501846 1 0 0 0.7142202397177905 -0.6999210306723623 4.692166500441666
cell 59.24701100997332 50.4672078538705 0.0 1.6431676725154984 0.6085806194501846 1 0 0 0.9699792936062466 0.24318752018787274 2.6502912980506745
cell 49.81017479586254 38.51543450857187 0.0 1.0 1.0 1 0 0 0.0 1.0 0
cell 27.103715656412525 45.03756993821289 0.0 1.0 1.0 1 0 0 0.0 1.0 0
cell 43.61078854653223 15.154513324167679 0.0 1.6431676725154984 0.6085806194501846 1 0 0 0.3548940800788552 -0.9349065150724873 5.557583766842503
cell 23.799034124081732 0.19602611129806555 0.0 1.6431676725154984 0.6085806194501846 1 0 0 0.5661692385122834 0.8242890229539764 1.2037020899088584
cell 49.38592749833526 34.512271781201264 0.0 1.0 1.0 1 0 0 0.0 1.0 0
cell 5.58831872509235 13.575471069506422 0.0 1.0 1.0 1 0 0 0.0 1.0 0
cell 10.49850034437477 23.96490595499789 0.0 1.6431676725154984 0.6085806194501846 1 0 0 0.6110585185926014 -0.7915854261262112 4.968391076769991
cell 33.12018162111527 47.609747533428916 0.0 1.6431676725154984 0.6085806194501846 1 0 0 0.6825941510369123 -0.7307976634953048 4.780572248237773
cell 38.857622312058254 48.820883868222445 0.0 1.0 1.0 1 0 0 0.0 1.0 0
cell 0.06346661680341381 1.8252957253287159 0.0 1.6431676725154984 0.6085806194501846 1 0 0 -0.9458820103494217 0.3245107432695205 3.8025815194800496
cell 48.15823104226208 9.988391438924324 0.0 1.6431676725154984 0.6085806194501846 1 0 0 0.5523402860662191 0.8336187428244924 1.1703380342598595
cell 47.7099957540358 59.20569625311865 0.0 1.0 1.0 1 0 0 0.0 1.0 0
cell 46.50085424123653 32.34938189881109 0.0 1.0 1.0 1 0 0 0.0 1.0 0
cell 44.685501986446184 25.819126888949366 0.0 1.0 1.0 1 0 0 0.0 1.0 0
cell 48.399495202636906 46.56936375467519 0.0 1.6431676725154984 0.6085806194501846 1 0 0 0.26652894219169226 -0.9638269154646895 5.7436055078981205
cell 54.6931997093821 10.571657626437327 0.0 1.0 1.0 1 0 0 0.0 1.0 0
cell 42.24400236423631 9.975921713242906 0.0 1.6431676725154984 0.6085806194501846 1 0 0 0.9792817653242994 -0.20250240517910809 3.549417846098435
cell 55.76785597181854 25.514770817510705 0.0 1.6431676725154984 0.6085806194501846 1 0 0 0.5358065693521571 0.8443407607353042 1.130925446245386
cell 13.790702846920158 19.963981446389223 0.0 1.0 1.0 1 0 0 0.0 1.0 0
cell 54.5420366702494 45.36856159431978 0.0 1.6431676725154984 0.6085806194501846 1 0 0 0.9718735117652543 -0.2355034546011419 3.617065774447207
cell 7.256807268277785 7.545111296057156 0.0 1.6431676725154984 0.6085806194501846 1 0 0 0.9284092873750145 -0.3715591408050915 3.902968304519001
cell 10.930339563125171 33.07101303866887 0.0 1.6431676725154984 0.6085806194501846 1 0 0 -0.24215223480597559 0.970238267220208 5.7940183211143745
cell 16.44576294860971 41.47643677519997 0.0 1.0 1.0 1 0 0 0.0 1.0 0
cell 46.50847962730298 16.075931284209375 0.0 1.6431676725154984 0.6085806194501846 1 0 0 -0.36788891269691754 -0.9298697478220699 0.7534753878012772
cell 12.63978772185525 39.360584673702824 0.0 1.0 1.0 1 0 0 0.0 1.0 0
cell 28.565613323489067 21.153289659470317 0.0 1.6431676725154984 0.6085806194501846 1 0 0 0.4242518766992589 -0.905544225931101 5.406914173577617
cell 34.56726340277793 46.721027511809545 0.0 1.6431676725154984 0.6085806194501846 1 0 0 0.5537351483732085 -0.8326928518103784 5.109498890814787
cell 3.9362108412050305 41.032993229222654 0.0 1.6431676725154984 0.6085806194501846 1 0 0 0.33003689108289636 -0.9439680346941502 5.610499995684979
cell 10.892238024374937 36.72604029418568 0.0 1.6431676725154984 0.6085806194501846 1 0 0 0.9954026326894239 0.0957789060021251 2.9497407468154124
cell 42.77185327248686 47.361621325328635 0.0 1.0 1.0 1 0 0 0.0 1.0 0
cell 12.534315181806036 45.441808201753226 0.0 1.6431676725154984 0.6085806194501846 1 0 0 -0.498359826089874 -0.866970289998262 1.0434117981764741
cell 51.512842965128456 38.49143414560185 0.0 1.0 1.0 1 0 0 0.0 1.0 0
cell 57.53484222219399 52.12245350176359 0.0 1.6431676725154984 0.6085806194501846 1 0 0 0.9940248575478149 0.1091539398145859 2.9228489251860204
cell 38.75465774962999 32.704535153876506 0.0 1.0 1.0 1 0 0 0.0 1.0 0
cell 4.669546019104107 49.02786504791096 0.0 1.0 1.0 1 0 0 0.0 1.0 0
cell 43.145325253086256 36.73073912797578 0.0 1.0 1.0 1 0 0 0.0 1.0 0
cell 26.673141507684885 7.057738439904159 0.0 1.6431676725154984 0.6085806194501846 1 0 0 0.7419851858492258 0.6704162766373516 1.672053301019913
cell 48.54686896014575 29.110442883283373 0.0 1.0 1.0 1 0 0 0.0 1.0 0
cell 25.1704560886242 3.0507330555016434 0.0 1.6431676725154984 0.6085806194501846 1 0 0 0.5799116075051266 0.8146794016549209 1.2372403735042496
cell 43.2612138568033 51.80362096061996 0.0 1.0 1.0 1 0 0 0.0 1.0 0
cell 17.123473533436364 55.98504231297483 0.0 1.6431676725154984 0.6085806194501846 1 0 0 -0.36343399249194924 -0.9316199510000641 0.7439025995064856
cell 27.664634162127456 17.332916312994033 0.0 1.0 1.0 1 0 0 0.0 1.0 0
cell 1.4798037007346876 24.098319482838694 0.0 1.0 1.0 1 0 0 0.0 1.0 0
cell 18.958723365614897 9.90776792279818 0.0 1.0 1.0 1 0 0 0.0 1.0 0
cell 7.41565903568571 38.64971821135269 0.0 1.0 1.0 1 0 0 0.0 1.0 0
cell 44.125176454228615 39.26354071080352 0.0 1.6431676725154984 0.6085806194501846 1 0 0 0.0982304086461253 -0.9951636985025204 6.086407161342171
cell 11.923715772171878 23.216680950201575 0.0 1.6431676725154984 0.6085806194501846 1 0 0 0.755631249445932 -0.6549972632467862 4.569950650910006
cell 17.198148981446824 60.66022945545221 0.0 1.0 1.0 1 0 0 0.0 1.0 0
cell 27.037230387096027 48.43558879590152 0.0 1.6431676725154984 0.6085806194501846 1 0 0 0.8338757940671776 -0.5519521356683332 4.310999589408757
cell 14.450591378039578 7.298738728123214 0.0 1.0 1.0 1 0 0 0.0 1.0 0
cell 11.67304374499738 17.657250543524558 0.0 1.6431676725154984 0.6085806194501846 1 0 0 0.6889775912447957 -0.7247826424263478 4.763030380546727
cell 40.08972156012447 19.558317125777343 0.0 1.0 1.0 1 0 0 0.0 1.0 0
cell 31.399642989752028 45.87366532807178 0.0 1.6431676725154984 0.6085806194501846 1 0 0 0.6249566923982877 -0.7806594216600425 4.933033195102386
cell 1.0212697249910532 28.068049993457095 0.0 1.0 1.0 1 0 0 0.0 1.0 0
cell 19.19685538989402 57.53452162821764 0.0 1.6431676725154984 0.6085806194501846 1 0 0 -0.4360134563702375 -0.8999401457119685 0.9023282149810674
cell 46.170413026339475 7.938874461724315 0.0 1.6431676725154984 0.6085806194501846 1 0 0 -0.4030998413857609 -0.9151560073969762 0.8298031134527468
cell 0.31502926911309237 37.692602295749616 0.0 1.0 1.0 1 0 0 0.0 1.0 0
cell 14.347063764908269 18.191232514576072 0.0 1.0 1.0 1 0 0 0.0 1.0 0
cell 37.475260719387364 41.68490874187065 0.0 1.6431676725154984 0.6085806194501846 1 0 0 0.4774307430109823 -0.8786693835726731 5.2877286068822205
cell 53.32439339853885 32.01550437586914 0.0 1.0 1.0 1 0 0 0.0 1.0 0
cell 19.45701960250752 28.013202440180073 0.0 1.6431676725154984 0.6085806194501846 1 0 0 0.8979851504720353 0.4400257600774255 2.2303379341425615
cell 6.021563717676102 55.20760571384181 0.0 1.0 1.0 1 0 0 0.0 1.0 0
cell 17.825310493467324 48.6267151761096 0.0 1.6431676725154984 0.6085806194501846 1 0 0 0.5607548117796101 0.8279819086586457 1.1905942944539665
cell 20.790300577510667 49.592389063552105 0.0 1.0 1.0 1 0 0 0.0 1.0 0
cell 54.10305291838758 15.262786424637307 0.0 1.6431676725154984 0.6085806194501846 1 0 0 0.9675503639350437 -0.25267824055340515 3.652487297774754
cell 37.52085956497028 13.185268727595798 0.0 1.6431676725154984 0.6085806194501846 1 0 0 0.7477821920481222 -0.663944119076075 4.5937544828241155
cell 29.0211964103264 36.89859537568296 0.0 1.6431676725154984 0.6085806194501846 1 0 0 0.9914702641164955 -0.13033309392769998 3.4030025173205467
cell 39.34738978896004 39.76750151695282 0.0 1.6431676725154984 0.6085806194501846 1 0 0 0.2691557550221559 -0.9630966615758011 5.738152647733704
cell 55.008213882887866 31.471599162840246 0.0 1.0 1.0 1 0 0 0.0 1.0 0
cell 7.743772033872453 22.2119291969454 0.0 1.0 1.0 1 0 0 0.0 1.0 0
cell 16.2974182497987 17.82636619433412 0.0 1.0 1.0 1 0 0 0.0 1.0 0
cell 41.95562562057116 20.24530023595248 0.0 1.0 1.0 1 0 0 0.0 1.0 0
cell 59.274988949393524 1.1776266087039373 0.0 1.6431676725154984 0.6085806194501846 1 0 0 0.8655242259913642 -0.5008670624248014 4.190793179087378
cell 2.8913498536647864 56.537812804297495 0.0 1.0 1.0 1 0 0 0.0 1.0 0
cell 29.695251689265927 11.260032875258334 0.0 1.0 1.0 1 0 0 0.0 1.0 0
cell 20.486400838592527 17.620533314535503 0.0 1.0 1.0 1 0 0 0.0 1.0 0
cell 34.83148326207122 50.449304004492014 0.0 1.6431676725154984 0.6085806194501846 1 0 0 0.7461384202752271 -0.6657908513859203 4.598699140134407
cell 52.95947163189184 12.894177570852898 0.0 1.6431676725154984 0.6085806194501846 1 0 0 0.8910845316866147 -0.45383736887661247 4.083726739142956
cell 44.622589052661816 23.808813889268183 0.0 1.0 1.0 1 0 0 0.0 1.0 0
cell 54.340200698073275 46.76866961733605 0.0 1.6431676725154984 0.6085806194501846 1 0 0 0.9249683103636956 -0.3800442406127607 3.921280904254557
cell 46.187538358324595 50.89300978039486 0.0 1.6431676725154984 0.6085806194501846 1 0 0 0.9642958721175737 -0.26482724749732217 3.677642191700133
cell 55.978063044526756 29.25643278958201 0.0 1.6431676725154984 0.6085806194501846 1 0 0 0.38040981901574883 0.9248180197186933 0.7804787817488854
cell 57.90640348393093 16.647716767944104 0.0 1.6431676725154984 0.6085806194501846 1 0 0 0.522511826569168 0.8526320373381191 1.0995885366422085
cell 35.45383878243426 23.520753624769945 0.0 1.0 1.0 1 0 0 0.0 1.0 0
cell 48.51684297245174 51.40359248754297 0.0 1.6431676725154984 0.6085806194501846 1 0 0 0.9727672066250717 -0.23178429997490166 3.609415723604305
cell 5.956898018564654 57.180193126485804 0.0 1.0 1.0 1 0 0 0.0 1.0 0
cell 26.09205061567974 43.30578977573675 0.0 1.0 1.0 1 0 0 0.0 1.0 0
cell 9.813301308959902 35.85120648954752 0.0 1.6431676725154984 0.6085806194501846 1 0 0 0.9932440426815372 0.11604426602653228 2.9089800449349794
cell 33.581547402579154 37.41763382975335 0.0 1.0 1.0 1 0 0 0.0 1.0 0
cell 15.19262308964807 60.27769165581639 0.0 1.0 1.0 1 0 0 0.0 1.0 0
cell 11.003697631601133 40.38634274040343 0.0 1.0 1.0 1 0 0 0.0 1.0 0
cell 1.7119618629646816 15.447639234123441 0.0 1.0 1.0 1 0 0 0.0 1.0 0
cell 34.20668205397857 20.138854920641013 0.0 1.0 1.0 1 0 0 0.0 1.0 0
cell 46.5626968384937 29.12917313187369 0.0 1.0 1.0 1 0 0 0.0 1.0 0
cell 36.98637576907813 49.515537589405746 0.0 1.6431676725154984 0.6085806194501846 1 0 0 0.7512116565656956 -0.6600613964168965 4.583393629163677
cell 47.45169028761829 34.10027128534702 0.0 1.0 1.0 1 0 0 0.0 1.0 0
cell 40.54458265566001 49.76356514426106 0.0 1.0 1.0 1 0 0 0.0 1.0 0
cell 23.860144801466436 39.129909816855594 0.0 1.6431676725154984 0.6085806194501846 1 0 0 0.6206696100124629 0.7840722130052673 1.3391928611392308
cell 22.75956460937874 47.07530161987463 0.0 1.6431676725154984 0.6085806194501846 1 0 0 0.4809919880446434 0.8767249896272272 1.0035716634127827
cell 12.001308901457024 4.668408273588954 0.0 1.0 1.0 1 0 0 0.0 1.0 0
cell 2.9742790566778163 30.27749118159429 0.0 1.0 1.0 1 0 0 0.0 1.0 0
cell 21.702410675004405 53.0761910974471 0.0 1.0 1.0 1 0 0 0.0 1.0 0
cell 58.54959993613659 31.26686083292376 0.0 1.6431676725154984 0.6085806194501846 1 0 0 0.28443938809028346 0.9586940254861428 0.5768432223084853
cell 56.08646558366782 23.61115179384113 0.0 1.6431676725154984 0.6085806194501846 1 0 0 0.5585383766141166 0.8294786807683892 1.1852453073143205
cell 45.74239537375408 30.67124287448591 0.0 1.0 1.0 1 0 0 0.0 1.0 0
cell 13.192143633958892 12.57278397843711 0.0 1.6431676725154984 0.6085806194501846 1 0 0 0.4692514798133844 -0.8830645778723937 5.30629941180372
cell 45.6425560350756 54.48638666468343 0.0 1.0 1.0 1 0 0 0.0 1.0 0
cell 27.136899725983522 0.5804277322733595 0.0 1.6431676725154984 0.6085806194501846 1 0 0 0.7241816907168381 0.6896092218282045 1.6196940524469339
cell 39.45055819417327 22.724513872623945 0.0 1.6431676725154984 0.6085806194501846 1 0 0 -0.962768484359695 0.27032729333853034 3.689058584491545
cell 52.77433230053007 16.941701068754345 0.0 1.6431676725154984 0.6085806194501846 1 0 0 -0.7256648511989615 -0.6880483440386941 1.6240003762994295
cell 23.66270423576989 12.530677568906889 0.0 1.6431676725154984 0.6085806194501846 1 0 0 0.6537230579890813 0.7567338788857046 1.4249878985726618
cell 38.37036292056792 42.87470094483466 0.0 1.6431676725154984 0.6085806194501846 1 0 0 0.6835709248807809 -0.729884093988651 4.777897404951019
cell 20.575824527787002 46.69477539310008 0.0 1.0 1.0 1 0 0 0.0 1.0 0
cell 60.91997833605619 4.924327265513994 0.0 1.0 1.0 1 0 0 0.0 1.0 0
cell 8.201081377320772 48.662937094370214 0.0 1.0 1.0 1 0 0 0.0 1.0 0
cell 18.335744581414136 7.984930587777498 0.0 1.0 1.0 1 0 0 0.0 1.0 0
cell 55.62671382318418 60.64250121724739 0.0 1.0 1.0 1 0 0 0.0 1.0 0
cell 16.095989362031162 50.610479784386634 0.0 1.6431676725154984 0.6085806194501846 1 0 0 0.2732492158147519 0.9619432759038462 0.5535383627159577
cell 26.12936667410207 5.345944630906537 0.0 1.6431676725154984 0.6085806194501846 1 0 0 0.7344235141254394 0.6786914629635771 1.6496337645543013
cell 9.417389881716709 32.43661456939198 0.0 1.6431676725154984 0.6085806194501846 1 0 0 0.8365756259872118 0.5478514597991911 1.9820050219009206
cell 14.141904831445856 56.54910270117785 0.0 1.0 1.0 1 0 0 0.0 1.0 0
cell 15.439075886423945 23.509843468448068 0.0 1.0 1.0 1 0 0 0.0 1.0 0
cell 34.08631910787548 44.87610644052585 0.0 1.6431676725154984 0.6085806194501846 1 0 0 0.587709720369764 -0.8090718661422444 5.026734964593288
cell 57.711802897991184 46.808129362773904 0.0 1.6431676725154984 0.6085806194501846 1 0 0 0.8943204641812879 -0.44742698549211996 4.0693650545870765
cell 10.369919892826397 49.816542555624416 0.0 1.6431676725154984 0.6085806194501846 1 0 0 -0.4479712781436121 -0.8940479483553321 0.9289898070549407
cell 23.586838194875256 8.14062866292007 0.0 1.6431676725154984 0.6085806194501846 1 0 0 0.4811646061958856 0.8766302651314055 1.0039654641561655
cell 27.56980667495929 53.067270919972486 0.0 1.6431676725154984 0.6085806194501846 1 0 0 0.7768523543896416 0.6296827927451017 1.7793030131437422
cell 51.00715727412611 24.979801297492767 0.0 1.6431676725154984 0.6085806194501846 1 0 0 -0.4715590442720194 -0.8818344900066336 0.9821157993079614
cell 10.261991803908444 1.2255708195966328 0.0 1.0 1.0 1 0 0 0.0 1.0 0
cell 33.52076761048526 33.04686833876185 0.0 1.0 1.0 1 0 0 0.0 1.0 0
cell 8.584818642926843 54.55645200198636 0.0 1.0 1.0 1 0 0 0.0 1.0 0
cell 20.09775115053046 29.36672580711995 0.0 1.6431676725154984 0.6085806194501846 1 0 0 0.9777506905015575 0.2097703201688161 2.7189125585871228
cell 43.41917335557197 27.365879104418205 0.0 1.0 1.0 1 0 0 0.0 1.0 0
cell 21.81363020137528 30.32505404070296 0.0 1.6431676725154984 0.6085806194501846 1 0 0 -0.0560247143068082 -0.9984293822733987 0.11210812776578916
cell 14.791550234014652 53.845573828294704 0.0 1.6431676725154984 0.6085806194501846 1 0 0 -0.2640411581948198 -0.9645114135038206 0.5344193301267026
cell 10.116964975011056 53.43546984365792 0.0 1.0 1.0 1 0 0 0.0 1.0 0
cell 53.15496460238506 5.6841282765564305 0.0 1.0 1.0 1 0 0 0.0 1.0 0
cell 51.585422718069196 52.45535747076414 0.0 1.6431676725154984 0.6085806194501846 1 0 0 0.9963661261121729 -0.08517360351788332 3.3121465011081273
cell 12.138906301296137 26.547298224384996 0.0 1.6431676725154984 0.6085806194501846 1 0 0 -0.5762934833181931 0.8172428164780547 5.054813293253869
cell 36.09412438547584 56.66598167206222 0.0 1.6431676725154984 0.6085806194501846 1 0 0 0.6214305243985933 -0.7834692740278264 4.942050770282082
cell 36.37613955606044 2.9904615516051183 0.0 1.6431676725154984 0.6085806194501846 1 0 0 0.3432627338495348 -0.9392394239756674 5.582408294442704
cell 34.713875553429574 59.1625455859258 0.0 1.6431676725154984 0.6085806194501846 1 0 0 0.5342401317916133 -0.8453327638174682 5.155968120758418
cell 37.895894075287266 3.143662578161803 0.0 1.6431676725154984 0.6085806194501846 1 0 0 0.3943367705222215 -0.9189660012286117 5.47249325426459
cell 33.96995048974633 31.251389745082616 0.0 1.0 1.0 1 0 0 0.0 1.0 0
cell 33.58375772356631 58.408237326212415 0.0 1.6431676725154984 0.6085806194501846 1 0 0 0.5594332535442453 -0.8288754036819407 5.09578152996632
cell 26.22843966370932 27.082263761959084 0.0 1.6431676725154984 0.6085806194501846 1 0 0 0.5046417691733194 0.8633288393223189 1.0579339472699447
cell 2.0200859233959894 11.744220433436563 0.0 1.0 1.0 1 0 0 0.0 1.0 0
cell 11.769025777166846 6.491569340191557 0.0 1.0 1.0 1 0 0 0.0 1.0 0
cell 26.392048077255826 37.43533902110625 0.0 1.6431676725154984 0.6085806194501846 1 0 0 0.8601425220028515 -0.5100537636784717 4.212087242917545
cell 38.740305831892584 60.444566783321356 0.0 1.6431676725154984 0.6085806194501846 1 0 0 0.22273509455823756 -0.974879006673204 5.833947009367309
cell 10.452092333888482 10.413107744945584 0.0 1.0 1.0 1 0 0 0.0 1.0 0
cell 32.52490778202776 34.6051215875225 0.0 1.0 1.0 1 0 0 0.0 1.0 0
cell 50.65714156268351 41.46920297417957 0.0 1.6431676725154984 0.6085806194501846 1 0 0 0.7365387816261076 0.6763953157442244 1.655877691705947
cell 13.337107944616369 22.348217303855748 0.0 1.0 1.0 1 0 0 0.0 1.0 0
cell 16.00466027033023 20.845707593966488 0.0 1.6431676725154984 0.6085806194501846 1 0 0 0.9998513910560338 -0.017239367833946632 3.1760730973087186
cell 55.276051519807154 56.9917595996508 0.0 1.6431676725154984 0.6085806194501846 1 0 0 -0.14279689297629639 0.9897520130599968 5.996611917331306
cell 49.11115114645459 37.15101140635465 0.0 1.6431676725154984 0.6085806194501846 1 0 0 0.8885902746519028 0.4587017808926143 2.188525334875819
cell 16.455330433035957 7.402758697876511 0.0 1.0 1.0 1 0 0 0.0 1.0 0
cell 27.916627244142227 58.11698206950829 0.0 1.0 1.0 1 0 0 0.0 1.0 0
cell 3.7768753201691907 12.713944149658575 0.0 1.0 1.0 1 0 0 0.0 1.0 0
cell 43.27229229150872 45.86340498863442 0.0 1.6431676725154984 0.6085806194501846 1 0 0 0.9583585178647815 0.28556776995315697 2.5623950216716667
cell 16.325265313587877 15.855657779212743 0.0 1.0 1.0 1 0 0 0.0 1.0 0
cell 52.918559779283164 11.088637019700629 0.0 1.0 1.0 1 0 0 0.0 1.0 0
cell 14.587283190453858 58.517189998129965 0.0 1.0 1.0 1 0 0 0.0 1.0 0
cell 3.9517650415190833 23.595548981771287 0.0 1.0 1.0 1 0 0 0.0 1.0 0
cell 37.68940888687245 47.05574394916793 0.0 1.6431676725154984 0.6085806194501846 1 0 0 0.6905878520470428 -0.7232485178726962 4.75858224384184
cell 11.394997937686679 15.053155528510475 0.0 1.6431676725154984 0.6085806194501846 1 0 0 0.5908705716987258 -0.8067663648792139 5.018910301860291
cell 29.73624485711365 25.75807677471686 0.0 1.0 1.0 1 0 0 0.0 1.0 0
cell 58.21869124692967 2.0537769014291003 0.0 1.0 1.0 1 0 0 0.0 1.0 0
cell 23.508628094183244 43.11538002011741 0.0 1.0 1.0 1 0 0 0.0 1.0 0
cell 44.14946846532926 48.22255326616876 0.0 1.0 1.0 1 0 0 0.0 1.0 0
cell 15.174941341771119 52.84610150467786 0.0 1.6431676725154984 0.6085806194501846 1 0 0 -0.33261390784403033 -0.9430630881911999 0.6781478926419906
cell 39.52230841462779 42.53948352359765 0.0 1.6431676725154984 0.6085806194501846 1 0 0 0.5572144358753846 -0.8303686364814588 5.1011305112917205
cell 9.298467152494078 42.00951999550704 0.0 1.6431676725154984 0.6085806194501846 1 0 0 -0.4194350798721549 -0.9077853346318385 0.8656458493675245
cell 31.337772230731353 43.591308989411296 0.0 1.6431676725154984 0.6085806194501846 1 0 0 0.4345236561329147 -0.9006604200590168 5.384166654409447
cell 30.927264969038387 21.974360895155154 0.0 1.0 1.0 1 0 0 0.0 1.0 0
cell 25.047500071461407 5.225521148434095 0.0 1.6431676725154984 0.6085806194501846 1 0 0 0.5665893481803413 0.824000309786699 1.2047215945567769
cell 16.543915498447433 29.498645684493273 0.0 1.6431676725154984 0.6085806194501846 1 0 0 0.7804247212749749 0.6252497536367989 1.7906896243083026
cell 23.162927119876286 52.42786506620386 0.0 1.0 1.0 1 0 0 0.0 1.0 0
cell 55.801789752757905 3.605983315503178 0.0 1.6431676725154984 0.6085806194501846 1 0 0 -0.9994795194205858 0.032259731226328706 3.2061233120824806
cell 26.551657757143882 13.29337172454677 0.0 1.6431676725154984 0.6085806194501846 1 0 0 0.7130937002173533 0.701068737507474 1.5878023970731983
cell 29.595599815991157 43.937322644462455 0.0 1.6431676725154984 0.6085806194501846 1 0 0 0.6424365025578678 0.7663389199180834 1.3953469021580605
cell 54.23242632647129 24.62934783718127 0.0 1.6431676725154984 0.6085806194501846 1 0 0 -0.5732144323271613 -0.8194054030648383 1.2208467624473265
cell 43.485562846599166 44.16951982703422 0.0 1.0 1.0 1 0 0 0.0 1.0 0
cell 32.66579535225824 10.320555716744693 0.0 1.6431676725154984 0.6085806194501846 1 0 0 0.49289784143935916 -0.8700871898289392 5.252351024054488
cell 49.0928689645614 48.70189167175722 0.0 1.0 1.0 1 0 0 0.0 1.0 0
cell 41.071782028570794 35.66157611297231 0.0 1.0 1.0 1 0 0 0.0 1.0 0
cell 10.335072936339714 7.37475150356214 0.0 1.6431676725154984 0.6085806194501846 1 0 0 0.8307132793275714 -0.5567005007621534 4.322409858262101
cell 34.84042188161774 27.453365029228287 0.0 1.0 1.0 1 0 0 0.0 1.0 0
cell 23.933873432408134 2.406480290610282 0.0 1.6431676725154984 0.6085806194501846 1 0 0 0.5342248514431974 0.8453424206204806 1.1271810343594215
cell 39.580091894370526 6.184579518572015 0.0 1.6431676725154984 0.6085806194501846 1 0 0 0.5393457148083511 -0.8420844375226684 5.1438654411539115
cell 7.710776325882551 57.84868811515694 0.0 1.0 1.0 1 0 0 0.0 1.0 0
cell 59.551728575053296 43.188518414715794 0.0 1.6431676725154984 0.6085806194501846 1 0 0 0.6546983206763956 -0.7558902757037608 4.855618413555931
cell 49.79843031830858 25.58378889470949 0.0 1.0 1.0 1 0 0 0.0 1.0 0
cell 30.38978453230695 60.54571001261008 0.0 1.6431676725154984 0.6085806194501846 1 0 0 0.8400519755676428 0.5425059247094914 1.9947580434361134
cell 28.245673801341695 14.991479329725362 0.0 1.0 1.0 1 0 0 0.0 1.0 0
cell 47.22038788094785 48.50132761748375 0.0 1.0 1.0 1 0 0 0.0 1.0 0
cell 3.8402226589214687 39.55578340880736 0.0 1.6431676725154984 0.6085806194501846 1 0 0 -0.11471181173480137 0.993398812284633 6.0532555241541495
cell 33.60877743294269 24.31475325446545 0.0 1.0 1.0 1 0 0 0.0 1.0 0
cell 5.080138332172057 50.78937447974285 0.0 1.0 1.0 1 0 0 0.0 1.0 0
cell 20.459858337354376 54.20827317692061 0.0 1.6431676725154984 0.6085806194501846 1 0 0 -0.5223318986025723 -0.8527422750762578 1.0991665108977884
cell 1.4287940850818017 17.28042883165561 0.0 1.0 1.0 1 0 0 0.0 1.0 0
cell 22.261796606985502 1.8839349164299473 0.0 1.6431676725154984 0.6085806194501846 1 0 0 0.3079265062732811 0.9514101464323003 0.6260257431414875
cell 40.1840479273475 38.5179713912066 0.0 1.6431676725154984 0.6085806194501846 1 0 0 0.14407852863063508 -0.9895662573004554 5.994021862978933
cell 6.909101840188635 51.616412313965974 0.0 1.0 1.0 1 0 0 0.0 1.0 0
cell 15.258231942690692 36.51479975773082 0.0 1.6431676725154984 0.6085806194501846 1 0 0 0.7653312080832086 -0.6436366536594201 4.540073783762088
cell 47.39031366497478 39.118401983871856 0.0 1.6431676725154984 0.6085806194501846 1 0 0 0.001760968498560209 -0.9999984494937715 6.279663368362203
cell 41.124382990425595 33.705598255984334 0.0 1.0 1.0 1 0 0 0.0 1.0 0
cell 29.93253956341107 58.19466380614307 0.0 1.0 1.0 1 0 0 0.0 1.0 0
cell 12.751321013233808 51.66337059726173 0.0 1.6431676725154984 0.6085806194501846 1 0 0 -0.3738915191357822 -0.927472442673278 0.7664026460550168
cell 58.09435042606086 35.60618415577208 0.0 1.0 1.0 1 0 0 0.0 1.0 0
cell 33.560216930660694 39.125051506487395 0.0 1.0 1.0 1 0 0 0.0 1.0 0
cell 16.353556785038677 12.17498817140293 0.0 1.0 1.0 1 0 0 0.0 1.0 0
cell 28.331074092196964 24.371879360063826 0.0 1.6431676725154984 0.6085806194501846 1 0 0 0.6736268294963851 -0.7390716437414224 4.804974990022846
cell 6.934265089158544 31.951546293159925 0.0 1.6431676725154984 0.6085806194501846 1 0 0 0.75127986370174 0.659983762221689 1.69999835923598
cell 28.38848696448857 19.34622825413825 0.0 1.6431676725154984 0.6085806194501846 1 0 0 0.25721234140492344 0.9663549096625924 0.5202727509738014
cell 9.55892871799276 38.5899643175399 0.0 1.6431676725154984 0.6085806194501846 1 0 0 0.5751554153811526 0.8180441602735966 1.2255882389199015
cell 23.067418960490638 20.29325316569737 0.0 1.6431676725154984 0.6085806194501846 1 0 0 0.46674881013755254 0.8843899299716041 0.9712220030558681
cell 50.17430819041277 57.60539675268346 0.0 1.6431676725154984 0.6085806194501846 1 0 0 0.8771494831929508 -0.4802174342257259 4.143397819387002
cell 16.142536447750558 2.646403351526613 0.0 1.0 1.0 1 0 0 0.0 1.0 0
cell 31.744205557034416 41.75319498940954 0.0 1.6431676725154984 0.6085806194501846 1 0 0 0.3283495855226254 -0.9445562713185065 5.614073802187615
cell 4.388934468762359 31.676402325015577 0.0 1.0 1.0 1 0 0 0.0 1.0 0
cell 38.37920337878093 27.780321153992404 0.0 1.0 1.0 1 0 0 0.0 1.0 0
cell 21.488752782831156 27.118148695706022 0.0 1.6431676725154984 0.6085806194501846 1 0 0 0.8926760799866299 0.45069880876224194 2.2064966354879276
cell 22.99042986536322 9.348474353663061 0.0 1.6431676725154984 0.6085806194501846 1 0 0 0.5750078838427787 0.8181478677590314 1.225227568447374
cell 53.00864871145905 35.86611680407995 0.0 1.0 1.0 1 0 0 0.0 1.0 0
cell 30.71624100897776 33.75314674682504 0.0 1.0 1.0 1 0 0 0.0 1.0 0
cell 2.0514617965124256 36.646990862825184 0.0 1.0 1.0 1 0 0 0.0 1.0 0
cell 11.339066100919993 59.15449723181802 0.0 1.0 1.0 1 0 0 0.0 1.0 0
cell 28.58308520631726 34.498057702517755 0.0 1.6431676725154984 0.6085806194501846 1 0 0 0.9754648010244809 -0.2201554495402509 3.585540307765804
cell 35.51529242483733 44.05977875045926 0.0 1.6431676725154984 0.6085806194501846 1 0 0 0.4892765323228687 -0.8721287031844032 5.260665272399526
cell 13.774491710643874 36.26056194288454 0.0 1.6431676725154984 0.6085806194501846 1 0 0 0.5080664717714015 -0.8613178625001108 5.217308404188729
cell 51.321419323454286 4.058758349105547 0.0 1.6431676725154984 0.6085806194501846 1 0 0 0.8415366457639991 -0.5402000313182863 4.282942231514641
cell 3.242958936596873 50.6278134663381 0.0 1.0 1.0 1 0 0 0.0 1.0 0
cell 40.58142724284432 54.11940006846299 0.0 1.6431676725154984 0.6085806194501846 1 0 0 0.9205690104326172 -0.3905799496020142 3.9441156514482545
cell 56.50306951971961 59.08289129782329 0.0 1.0 1.0 1 0 0 0.0 1.0 0
cell 47.41194948918873 27.426532487300268 0.0 1.0 1.0 1 0 0 0.0 1.0 0
cell 38.25008428210886 50.12641738534847 0.0 1.6431676725154984 0.6085806194501846 1 0 0 0.8607523978566701 -0.5090238791883861 4.2096934085113915
cell 5.52173797121483 38.346081515046485 0.0 1.0 1.0 1 0 0 0.0 1.0 0
cell 59.41027718951448 3.634712179482015 0.0 1.0 1.0 1 0 0 0.0 1.0 0
cell 21.968216307670634 3.8188831993411707 0.0 1.6431676725154984 0.6085806194501846 1 0 0 0.28184082050706016 0.9594611778992973 0.5714243365187524
cell 56.47636183225892 30.910740407896505 0.0 1.6431676725154984 0.6085806194501846 1 0 0 -0.306866248907652 -0.9517526492116253 0.6237973320809784
cell 3.165846961089633 54.54718390137368 0.0 1.0 1.0 1 0 0 0.0 1.0 0
cell 35.242002965750515 12.749392736368174 0.0 1.6431676725154984 0.6085806194501846 1 0 0 0.681456967636086 -0.7318581838445413 4.7836821614104785
cell 34.50909230551974 5.070002017099345 0.0 1.6431676725154984 0.6085806194501846 1 0 0 0.21449823379953384 -0.9767243765243502 5.850829152372474
