1000
 Lattice="59.74940712514713 0.0 0.0 0.0 59.74940712514713 0.0 0.0 0.0 1.0"Properties=species:S:1:pos:R:3:aspherical_shape:R:3:orientation:R:4:Color:R:1
cell 32.441031508651484 14.470597392012333 0.0 1.0 1.0 1 0 0 0.0 1.0 0
cell 53.59073521992892 32.282639308368495 0.0 1.6431676725154984 0.6085806194501846 1 0 0 0.014657160889016077 0.9998925780475988 0.02931537149036339
cell 2.604126699846397 48.163010062380316 0.0 1.0 1.0 1 0 0 0.0 1.0 0
cell 0.73085231414377 22.467142186694275 0.0 1.0 1.0 1 0 0 0.0 1.0 0
cell 43.08253666959228 58.510876317709176 0.0 1.0 1.0 1 0 0 0.0 1.0 0
cell 3.4243235039713875 11.342093333880598 0.0 1.6431676725154984 0.6085806194501846 1 0 0 0.7706064587266508 0.6373112942422805 1.7595843889381189
cell 15.60609988057496 35.580903138032184 0.0 1.6431676725154984 0.6085806194501846 1 0 0 0.9989618857940873 0.04555382235027922 3.0504534690786658
cell 37.556888513751204 40.45331069298964 0.0 1.0 1.0 1 0 0 0.0 1.0 0
cell 9.397622667590252 17.05511858237404 0.0 1.6431676725154984 0.6085806194501846 1 0 0 0.9885959253928126 0.15059248419734772 2.839257524924917
cell 7.432601946687606 16.435792857181916 0.0 1.0 1.0 1 0 0 0.0 1.0 0
cell 40.87146389927173 44.47713165146724 0.0 1.0 1.0 1 0 0 0.0 1.0 0
cell 49.18043174763251 9.044211146331543 0.0 1.6431676725154984 0.6085806194501846 1 0 0 0.5444798987655081 0.8387738907717038 1.151537833247651
cell 48.017104117280915 39.63262193644575 0.0 1.6431676725154984 0.6085806194501846 1 0 0 0.20711837369525243 0.9783158893107246 0.41725707949570723
cell 25.245454198312768 34.38204566349075 0.0 1.6431676725154984 0.6085806194501846 1 0 0 0.9988909512004094 0.047083623585503144 3.0473905789440043
cell 4.983613709388931 10.624523474300306 0.0 1.0 1.0 1 0 0 0.0 1.0 0
cell 50.66109384864123 36.32998595231894 0.0 1.0 1.0 1 0 0 0.0 1.0 0
cell 30.359223779310962 18.38316075043513 0.0 1.0 1.0 1 0 0 0.0 1.0 0
cell 34.39372986777732 41.71132515264529 0.0 1.0 1.0 1 0 0 0.0 1.0 0
cell 4.647975508797374 32.339958401389204 0.0 1.6431676725154984 0.6085806194501846 1 0 0 0.2555263383985223 -0.9668020947353413 5.766401155579932
cell 19.46018029176298 29.11280494244114 0.0 1.0 1.0 1 0 0 0.0 1.0 0
cell 15.731597570206713 52.28467941054236 0.0 1.0 1.0 1 0 0 0.0 1.0 0
cell 35.264646869183856 24.73579449690306 0.0 1.6431676725154984 0.6085806194501846 1 0 0 0.834845759559749 0.550483930505792 1.9757050701289187
cell 58.42504047463056 56.23319671952163 0.0 1.0 1.0 1 0 0 0.0 1.0 0
cell 51.870051454436776 20.399160574175703 0.0 1.6431676725154984 0.6085806194501846 1 0 0 0.9996149441614312 -0.027748214521637365 3.197096206805036
cell 33.102385922312344 21.69400416234212 0.0 1.0 1.0 1 0 0 0.0 1.0 0
cell 2.594648654053533 9.69550776987429 0.0 1.6431676725154984 0.6085806194501846 1 0 0 0.7259081089195875 0.6877916962313432 1.6247076030437344
cell 36.38588289690821 47.22351530919794 0.0 1.0 1.0 1 0 0 0.0 1.0 0
cell 20.98073738807364 25.19162991822779 0.0 1.6431676725154984 0.6085806194501846 1 0 0 0.5519227515393463 -0.8338952430211105 5.113848846571741
cell 42.5103569082123 56.95625649403274 0.0 1.6431676725154984 0.6085806194501846 1 0 0 0.23615711670422027 -0.9717148842278528 5.806366917787372
cell 3.84766702367702 31.56037370380526 0.0 1.6431676725154984 0.6085806194501846 1 0 0 0.24860584563469615 -0.9686047354397239 5.780704015653314
cell 31.61768556986363 55.373582852246436 0.0 1.6431676725154984 0.6085806194501846 1 0 0 -0.012841592096773687 0.999917543356661 6.2575014170463685
cell 56.830667400991395 16.944377720134504 0.0 1.0 1.0 1 0 0 0.0 1.0 0
cell 56.14804308200349 45.245254693255845 0.0 1.6431676725154984 0.6085806194501846 1 0 0 -0.04125983995736944 -0.9991484502348449 0.08254311110074575
cell 55.195819196217506 42.45805826519773 0.0 1.0 1.0 1 0 0 0.0 1.0 0
cell 58.29598256028283 2.893228853343324 0.0 1.6431676725154984 0.6085806194501846 1 0 0 0.8511368161213032 0.524943921045754 2.0362942043154977
cell 12.543858008906783 28.264959771373235 0.0 1.6431676725154984 0.6085806194501846 1 0 0 0.2384326250957026 -0.9711590411925186 5.801682090179668
cell 18.1629961888728 32.59561591705746 0.0 1.0 1.0 1 0 0 0.0 1.0 0
cell 45.857196944044624 50.92035755469743 0.0 1.0 1.0 1 0 0 0.0 1.0 0
cell 29.861723069610083 0.3229048444625222 0.0 1.0 1.0 1 0 0 0.0 1.0 0
cell 11.924547965992385 20.75268796433989 0.0 1.0 1.0 1 0 0 0.0 1.0 0
cell 3.7243702407188577 49.829616598595216 0.0 1.0 1.0 1 0 0 0.0 1.0 0
cell 49.97890199656634 1.2018707737003511 0.0 1.0 1.0 1 0 0 0.0 1.0 0
cell 40.50096780268713 7.0173152722691805 0.0 1.0 1.0 1 0 0 0.0 1.0 0
cell 35.75839747146658 14.621358250405729 0.0 1.0 1.0 1 0 0 0.0 1.0 0
cell 11.35353950773559 31.88347566762647 0.0 1.6431676725154984 0.6085806194501846 1 0 0 0.3266935724645002 -0.9451303136130924 5.617579172120183
cell 32.09268505671193 6.782532870775441 0.0 1.0 1.0 1 0 0 0.0 1.0 0
cell 9.384220753947325 7.580192956431824 0.0 1.0 1.0 1 0 0 0.0 1.0 0
cell 14.082723930605598 42.369696878985295 0.0 1.0 1.0 1 0 0 0.0 1.0 0
cell 53.35158544604274 43.24138987536473 0.0 1.0 1.0 1 0 0 0.0 1.0 0
cell 33.85892370154181 19.832655146006093 0.0 1.0 1.0 1 0 0 0.0 1.0 0
cell 56.064938729534255 53.95845977251872 0.0 1.0 1.0 1 0 0 0.0 1.0 0
cell 48.321489883399664 19.05272552744203 0.0 1.0 1.0 1 0 0 0.0 1.0 0
cell 16.474322582415642 54.07809719641623 0.0 1.0 1.0 1 0 0 0.0 1.0 0
cell 46.599397836661375 48.39212925902873 0.0 1.0 1.0 1 0 0 0.0 1.0 0
cell 44.75336557861353 32.91784275927857 0.0 1.0 1.0 1 0 0 0.0 1.0 0
cell 34.38171979993829 30.69804570665644 0.0 1.6431676725154984 0.6085806194501846 1 0 0 0.9528137494092841 0.3035555285884643 2.524748540859765
cell 27.947837026346264 56.66104420359919 0.0 1.0 1.0 1 0 0 0.0 1.0 0
cell 33.823237447880174 17.866944224101438 0.0 1.0 1.0 1 0 0 0.0 1.0 0
cell 21.08643183671545 53.65816850404217 0.0 1.0 1.0 1 0 0 0.0 1.0 0
cell 12.244056853888718 3.3823844002696983 0.0 1.0 1.0 1 0 0 0.0 1.0 0
cell 29.815167178456477 23.64459176261333 0.0 1.0 1.0 1 0 0 0.0 1.0 0
cell 27.77068642378845 28.101442519195242 0.0 1.6431676725154984 0.6085806194501846 1 0 0 0.9010591259688383 0.433696266421874 2.244410889706614
cell 42.94265453502876 11.36326455214382 0.0 1.0 1.0 1 0 0 0.0 1.0 0
cell 24.90565141872984 5.245425058852363 0.0 1.0 1.0 1 0 0 0.0 1.0 0
cell 42.48524752466103 17.178377645160914 0.0 1.0 1.0 1 0 0 0.0 1.0 0
cell 33.327401055225394 24.01995995021702 0.0 1.6431676725154984 0.6085806194501846 1 0 0 0.5971409751866554 -0.8021363074647164 5.00332111340586
cell 16.120840938182102 7.926915876335276 0.0 1.0 1.0 1 0 0 0.0 1.0 0
cell 2.9460012372199547 1.257128675730541 0.0 1.6431676725154984 0.6085806194501846 1 0 0 0.7339708126749298 -0.6791810113226835 4.634885103596024
cell 16.765009164976863 44.63015676165846 0.0 1.6431676725154984 0.6085806194501846 1 0 0 0.9999748852285941 0.007087235854682802 3.1274180632163633
cell 46.3325888267478 5.624549301167734 0.0 1.6431676725154984 0.6085806194501846 1 0 0 0.015273125341087419 -0.9998833590185985 6.252637868793778
cell 35.54462880182561 16.781208039970306 0.0 1.0 1.0 1 0 0 0.0 1.0 0
cell 15.495476107057664 9.829531537812862 0.0 1.0 1.0 1 0 0 0.0 1.0 0
cell 6.172442702056099 43.40028642055197 0.0 1.6431676725154984 0.6085806194501846 1 0 0 0.5876830851276225 0.8090912133096488 1.2563845018994668
cell 2.489646785657348 4.182076572740148 0.0 1.6431676725154984 0.6085806194501846 1 0 0 0.8855499739912024 -0.4645441244534051 4.107832149524469
cell 7.748120623729485 6.410189980639962 0.0 1.0 1.0 1 0 0 0.0 1.0 0
cell 50.230437923574016 13.122806560838871 0.0 1.6431676725154984 0.6085806194501846 1 0 0 0.2828567417108053 0.9591621675549692 0.5735423574658144
cell 58.42537090017069 8.392077495954048 0.0 1.6431676725154984 0.6085806194501846 1 0 0 0.5664485691076409 0.8240970929180046 1.204379917973519
cell 20.00073581386195 7.140945496025326 0.0 1.0 1.0 1 0 0 0.0 1.0 0
cell 26.159450527947154 41.15218573485749 0.0 1.6431676725154984 0.6085806194501846 1 0 0 0.5462385908972066 0.8376296328417674 1.1557341772942515
cell 29.045270020450044 11.41100761068792 0.0 1.0 1.0 1 0 0 0.0 1.0 0
cell 31.712429099444986 1.759208333974007 0.0 1.0 1.0 1 0 0 0.0 1.0 0
cell 54.07517187637826 26.334951055780994 0.0 1.0 1.0 1 0 0 0.0 1.0 0
cell 17.23261691848409 21.985230308151948 0.0 1.6431676725154984 0.6085806194501846 1 0 0 -0.23676528788109766 0.9715668780143655 5.805115074294908
cell 44.1275867471068 28.945210430747345 0.0 1.0 1.0 1 0 0 0.0 1.0 0
cell 7.386118657612611 46.85375446310896 0.0 1.6431676725154984 0.6085806194501846 1 0 0 -0.032315714857125095 0.9994777108936812 6.218542623016849
cell 5.068496736794427 55.74559717047743 0.0 1.6431676725154984 0.6085806194501846 1 0 0 0.9751965916770906 -0.22134047885867117 3.5879703126391718
cell 49.660660212600106 17.61153187513619 0.0 1.0 1.0 1 0 0 0.0 1.0 0
cell 35.663861497559765 1.9762061598935001 0.0 1.0 1.0 1 0 0 0.0 1.0 0
cell 34.670534268282815 58.04335965623388 0.0 1.6431676725154984 0.6085806194501846 1 0 0 0.23005268448465868 -0.9731781760609935 5.818921669096909
cell 16.594636876265294 28.92355157822398 0.0 1.6431676725154984 0.6085806194501846 1 0 0 0.5944580969514216 -0.804126588895613 5.0100021511026025
cell 13.723697695519826 52.510251531306245 0.0 1.0 1.0 1 0 0 0.0 1.0 0
cell 1.5634645634481306 0.3632817255411584 0.0 1.6431676725154984 0.6085806194501846 1 0 0 0.7204286199517397 -0.6935290935169425 4.674345011041707
cell 19.384160614548936 47.627818320223334 0.0 1.6431676725154984 0.6085806194501846 1 0 0 0.4149758073366714 0.9098324457422244 0.855832425143999
cell 54.9201898209293 9.120379084804886 0.0 1.6431676725154984 0.6085806194501846 1 0 0 0.17473214318568706 0.9846160054243159 0.3512674393756526
cell 46.26773739129807 29.400869100591443 0.0 1.0 1.0 1 0 0 0.0 1.0 0
cell 14.696647045667138 14.501788931981945 0.0 1.6431676725154984 0.6085806194501846 1 0 0 0.9698459727647096 0.24371866795974823 2.6491960493851177
cell 5.9277458918534025 27.950802237005888 0.0 1.6431676725154984 0.6085806194501846 1 0 0 -0.20951854482393137 0.9778046734265807 5.861020207248163
cell 8.58214672352725 27.989913791908325 0.0 1.6431676725154984 0.6085806194501846 1 0 0 -0.4802383865149184 0.8771380120126752 5.28133236748158
cell 42.25932031175027 29.613824679247198 0.0 1.0 1.0 1 0 0 0.0 1.0 0
cell 31.379174121474822 21.589032551670346 0.0 1.0 1.0 1 0 0 0.0 1.0 0
cell 22.65468068792233 41.02726828879463 0.0 1.0 1.0 1 0 0 0.0 1.0 0
cell 21.962921139066463 17.20404434868843 0.0 1.0 1.0 1 0 0 0.0 1.0 0
cell 52.198619852871715 25.861903841086523 0.0 1.0 1.0 1 0 0 0.0 1.0 0
cell 44.05027766721598 18.376128617728615 0.0 1.0 1.0 1 0 0 0.0 1.0 0
cell 12.42603364613457 32.08759451938331 0.0 1.6431676725154984 0.6085806194501846 1 0 0 0.4069689796724776 -0.913441979320166 5.44491858928075
cell 35.57759862518011 18.82503107117488 0.0 1.0 1.0 1 0 0 0.0 1.0 0
cell 21.44729837459352 42.82740066563476 0.0 1.0 1.0 1 0 0 0.0 1.0 0
cell 25.44915141151915 16.58014498619752 0.0 1.0 1.0 1 0 0 0.0 1.0 0
cell 36.82132515295465 27.804973830816873 0.0 1.6431676725154984 0.6085806194501846 1 0 0 0.997497365056945 0.07070365410961324 3.0000672635322307
cell 29.261624624802096 52.84716112378739 0.0 1.0 1.0 1 0 0 0.0 1.0 0
cell 15.943042648247138 23.68622796189482 0.0 1.0 1.0 1 0 0 0.0 1.0 0
cell 58.64700905693289 17.832280481763444 0.0 1.0 1.0 1 0 0 0.0 1.0 0
cell 19.66170251052037 45.473378908530336 0.0 1.0 1.0 1 0 0 0.0 1.0 0
cell 26.375115211617974 55.98083027472625 0.0 1.0 1.0 1 0 0 0.0 1.0 0
cell 12.058610259386331 17.061532399651835 0.0 1.0 1.0 1 0 0 0.0 1.0 0
cell 8.637706798718696 57.33217899698875 0.0 1.6431676725154984 0.6085806194501846 1 0 0 0.44051378636801763 -0.897745846005267 5.370843506695085
cell 28.454623789842966 51.274624897902605 0.0 1.0 1.0 1 0 0 0.0 1.0 0
cell 50.357950070413644 31.759173072055763 0.0 1.6431676725154984 0.6085806194501846 1 0 0 -0.11738774176018488 -0.9930861584396613 0.23531805113971505
cell 16.845430881276183 6.061899820711253 0.0 1.0 1.0 1 0 0 0.0 1.0 0
cell 54.853513356825225 19.964833281997947 0.0 1.6431676725154984 0.6085806194501846 1 0 0 0.9993876674123036 0.0349898588764656 3.0715986487168605
cell 57.98766182886778 33.01790105087771 0.0 1.6431676725154984 0.6085806194501846 1 0 0 0.18461786281341713 -0.9828103808620492 5.911819252676892
cell 12.118115352563876 39.632707019708675 0.0 1.6431676725154984 0.6085806194501846 1 0 0 -0.13289140444808453 0.991130604221167 6.016613922254509
cell 46.97993782551179 26.516096092990733 0.0 1.6431676725154984 0.6085806194501846 1 0 0 0.7432924727595315 0.6689665910484777 1.675957446807403
cell 55.97925576594628 25.676829654631213 0.0 1.0 1.0 1 0 0 0.0 1.0 0
cell 34.02850990504933 11.576210730888764 0.0 1.0 1.0 1 0 0 0.0 1.0 0
cell 20.990755796175645 8.623862419289988 0.0 1.0 1.0 1 0 0 0.0 1.0 0
cell 21.663603075005774 52.55117021590933 0.0 1.6431676725154984 0.6085806194501846 1 0 0 -0.282719722254907 -0.9592025639290734 0.5732566569346975
cell 49.61592764133136 45.49505061511178 0.0 1.0 1.0 1 0 0 0.0 1.0 0
cell 57.55298434032426 54.8318391082042 0.0 1.0 1.0 1 0 0 0.0 1.0 0
cell 46.26708520577968 46.441452277298445 0.0 1.0 1.0 1 0 0 0.0 1.0 0
cell 13.87236996065541 33.00882328281929 0.0 1.6431676725154984 0.6085806194501846 1 0 0 0.5588556545577025 -0.8292649500424348 5.097174895641025
cell 42.22068873045588 35.59321299998425 0.0 1.0 1.0 1 0 0 0.0 1.0 0
cell 47.53067913495247 28.151457470315624 0.0 1.0 1.0 1 0 0 0.0 1.0 0
cell 44.53334679260042 58.2973449923849 0.0 1.0 1.0 1 0 0 0.0 1.0 0
cell 34.621582185645906 55.95547609582668 0.0 1.6431676725154984 0.6085806194501846 1 0 0 0.043501636341997385 0.9990533557501163 0.0870307367997108
cell 9.029657985916705 22.609005079877747 0.0 1.0 1.0 1 0 0 0.0 1.0 0
cell 35.6165014083296 6.899343468274935 0.0 1.0 1.0 1 0 0 0.0 1.0 0
cell 27.070863206759515 44.17541727189128 0.0 1.6431676725154984 0.6085806194501846 1 0 0 0.5826299925895632 0.812737529424528 1.243921839093827
cell 32.20431744952976 51.840714379094024 0.0 1.0 1.0 1 0 0 0.0 1.0 0
cell 1.204613029738265 14.890461294356381 0.0 1.0 1.0 1 0 0 0.0 1.0 0
cell 42.696025056673356 44.980592371321784 0.0 1.0 1.0 1 0 0 0.0 1.0 0
cell 42.913696741815784 26.180225361011583 0.0 1.0 1.0 1 0 0 0.0 1.0 0
cell 13.875381182935662 56.11537206724815 0.0 1.0 1.0 1 0 0 0.0 1.0 0
cell 35.565356459835215 40.087160033179146 0.0 1.0 1.0 1 0 0 0.0 1.0 0
cell 27.053881091032586 18.890913221319234 0.0 1.6431676725154984 0.6085806194501846 1 0 0 0.5587804929497058 -0.8293155977665462 5.097356162949494
cell 48.150499953673716 1.7701148675734597 0.0 1.6431676725154984 0.6085806194501846 1 0 0 0.46157026659691247 -0.8871036517756283 5.323656327102833
cell 29.837054991728564 54.46197276781147 0.0 1.0 1.0 1 0 0 0.0 1.0 0
cell 51.58109496318326 31.035781985939565 0.0 1.6431676725154984 0.6085806194501846 1 0 0 0.11832199122293488 0.9929752798499264 0.23719966341177956
cell 27.716239133738934 21.67437207195712 0.0 1.6431676725154984 0.6085806194501846 1 0 0 0.5675146662422661 -0.8233632877411582 5.076216927599758
cell 28.444178074070994 3.270046646984944 0.0 1.0 1.0 1 0 0 0.0 1.0 0
cell 38.43586768229413 19.211106743459112 0.0 1.0 1.0 1 0 0 0.0 1.0 0
cell 17.03471848677406 18.68250914483613 0.0 1.0 1.0 1 0 0 0.0 1.0 0
cell 42.41451506791077 55.17715251253643 0.0 1.6431676725154984 0.6085806194501846 1 0 0 0.17820788588893482 -0.9839928604451337 5.9248555424189595
cell 12.927607212533783 11.891274418674053 0.0 1.0 1.0 1 0 0 0.0 1.0 0
cell 51.17303689662578 27.340003921397724 0.0 1.0 1.0 1 0 0 0.0 1.0 0
cell 13.766573466296705 24.498921186963475 0.0 1.6431676725154984 0.6085806194501846 1 0 0 0.5723028438394924 -0.8200423494754583 5.064562680005397
cell 5.894646863216751 25.686405587830734 0.0 1.6431676725154984 0.6085806194501846 1 0 0 -0.16899242908937842 0.9856173491322439 5.943570696329657
cell 56.263870696401554 11.750751519179527 0.0 1.0 1.0 1 0 0 0.0 1.0 0
cell 7.996132004606032 19.816362885068905 0.0 1.0 1.0 1 0 0 0.0 1.0 0
cell 21.85186181210648 19.610922113615942 0.0 1.6431676725154984 0.6085806194501846 1 0 0 0.2695267428851223 0.9629929048906525 0.5458031072274133
cell 6.788003249779064 14.8550825549191 0.0 1.0 1.0 1 0 0 0.0 1.0 0
cell 23.26343120820666 50.97502421083535 0.0 1.6431676725154984 0.6085806194501846 1 0 0 0.5273463639086653 0.8496504060331576 1.110948635808535
cell 54.848964057161126 21.118703712392332 0.0 1.0 1.0 1 0 0 0.0 1.0 0
cell 32.165660633084684 58.22348394615019 0.0 1.6431676725154984 0.6085806194501846 1 0 0 -0.12649469817056397 0.991967283399376 6.029516329407636
cell 28.85006496037405 37.85183103803772 0.0 1.0 1.0 1 0 0 0.0 1.0 0
cell 25.457421069973353 22.00203799119229 0.0 1.6431676725154984 0.6085806194501846 1 0 0 0.07169523746216472 -0.9974265852308348 6.139671704447054
cell 22.99252955948526 23.116479219678855 0.0 1.6431676725154984 0.6085806194501846 1 0 0 0.11171137930676191 -0.9937406944134777 6.0592952211914755
cell 13.000552454667718 0.1536544617078716 0.0 1.6431676725154984 0.6085806194501846 1 0 0 0.015895971799974606 0.9998736510582397 0.03179328262710011
cell 25.93165723656865 3.8812782730047157 0.0 1.0 1.0 1 0 0 0.0 1.0 0
cell 19.431482195615484 31.107842024003126 0.0 1.0 1.0 1 0 0 0.0 1.0 0
cell 20.815990535975953 12.108780850376439 0.0 1.0 1.0 1 0 0 0.0 1.0 0
cell 47.197727442054344 58.930334031531864 0.0 1.0 1.0 1 0 0 0.0 1.0 0
cell 9.77796571659792 23.774785322606796 0.0 1.6431676725154984 0.6085806194501846 1 0 0 -0.026616048452176258 0.9996457302288604 6.2299469232100355
cell 21.87555807852986 44.75097410957759 0.0 1.0 1.0 1 0 0 0.0 1.0 0
cell 44.256826042347264 31.355354813704004 0.0 1.6431676725154984 0.6085806194501846 1 0 0 -0.14205869376027142 -0.9898582360758158 0.2850817847565601
cell 20.973089510712935 37.62791298749328 0.0 1.6431676725154984 0.6085806194501846 1 0 0 0.017790313505132438 -0.9998417398495569 6.247602803052031
cell 23.392032848268716 16.192717806074043 0.0 1.0 1.0 1 0 0 0.0 1.0 0
cell 13.433959502552469 1.3071319017352272 0.0 1.6431676725154984 0.6085806194501846 1 0 0 -0.02043449685542614 -0.9997911938691326 0.04087183851394194
cell 54.9593298931263 16.08161541208056 0.0 1.0 1.0 1 0 0 0.0 1.0 0
cell 23.880871473644582 31.090825909128494 0.0 1.6431676725154984 0.6085806194501846 1 0 0 0.9996526654437756 0.026354287528879795 3.0888779751808877
cell 38.70756215394991 6.163804859443691 0.0 1.0 1.0 1 0 0 0.0 1.0 0
cell 23.65490036864362 14.176813629025578 0.0 1.0 1.0 1 0 0 0.0 1.0 0
cell 15.67544510764952 15.736218128085419 0.0 1.0 1.0 1 0 0 0.0 1.0 0
cell 42.894653889656105 37.28784426578177 0.0 1.6431676725154984 0.6085806194501846 1 0 0 -0.5299370335522309 0.8480369923947079 5.1661326792343925
cell 55.01179772602038 55.56646297518361 0.0 1.0 1.0 1 0 0 0.0 1.0 0
cell 37.31534686505458 23.378044519851855 0.0 1.0 1.0 1 0 0 0.0 1.0 0
cell 48.75184666564477 51.919793068981114 0.0 1.6431676725154984 0.6085806194501846 1 0 0 0.25678122064856557 0.9664695570592137 0.5193805421744389
cell 31.622342280139677 50.07278093173179 0.0 1.0 1.0 1 0 0 0.0 1.0 0
cell 57.26150243472794 27.15105271302596 0.0 1.0 1.0 1 0 0 0.0 1.0 0
cell 9.974206496486222 11.502576193685302 0.0 1.0 1.0 1 0 0 0.0 1.0 0
cell 3.745895050388691 29.05234451823412 0.0 1.6431676725154984 0.6085806194501846 1 0 0 -0.026313830977140785 0.9996537311986118 6.230551569944683
cell 27.36577697775616 38.052378531119466 0.0 1.6431676725154984 0.6085806194501846 1 0 0 0.6581390958870467 0.752896361038477 1.4366888441026249
cell 1.9826285500459153 56.39036496296307 0.0 1.6431676725154984 0.6085806194501846 1 0 0 0.9354081189833893 0.3535698671266507 2.4188231773489264
cell 47.19731822508195 13.81935260002419 0.0 1.6431676725154984 0.6085806194501846 1 0 0 0.0851228644382442 0.9963704622026028 0.17045199947695075
cell 3.9937415337333193 57.044124806212956 0.0 1.6431676725154984 0.6085806194501846 1 0 0 0.8065969768678755 -0.5911017821895007 4.406440897393463
cell 31.708406584291563 43.21346095267458 0.0 1.0 1.0 1 0 0 0.0 1.0 0
cell 47.590047068016965 8.564681918260051 0.0 1.6431676725154984 0.6085806194501846 1 0 0 0.4617464929086829 0.8870119369470355 0.9599263077645567
cell 19.70260535342594 1.6767220327892178 0.0 1.0 1.0 1 0 0 0.0 1.0 0
cell 37.42247727647027 9.5221873142258 0.0 1.0 1.0 1 0 0 0.0 1.0 0
cell 28.51368611451657 22.229629545825063 0.0 1.6431676725154984 0.6085806194501846 1 0 0 -0.6484054636260825 0.7612951823963192 4.872209189404906
cell 1.943816424542645 24.58258932247198 0.0 1.0 1.0 1 0 0 0.0 1.0 0
cell 1.0980944383995053 32.357049239606525 0.0 1.6431676725154984 0.6085806194501846 1 0 0 0.23678840941436521 -0.9715612431375672 5.8050674777766655
cell 20.14598134344687 56.44898317611514 0.0 1.0 1.0 1 0 0 0.0 1.0 0
cell 56.79560359843984 56.534770470507446 0.0 1.6431676725154984 0.6085806194501846 1 0 0 0.8465106682915895 -0.5323717577675647 4.264392473181263
cell 49.51929589750688 26.786604052624135 0.0 1.6431676725154984 0.6085806194501846 1 0 0 0.5616650521769283 0.8273647135109694 1.1927938103580928
cell 27.665863926596128 13.30490675327404 0.0 1.0 1.0 1 0 0 0.0 1.0 0
cell 0.6891677801888931 48.73361314270003 0.0 1.0 1.0 1 0 0 0.0 1.0 0
cell 50.087472658798916 49.7051193049792 0.0 1.0 1.0 1 0 0 0.0 1.0 0
cell 25.30721038113652 43.232816038858886 0.0 1.0 1.0 1 0 0 0.0 1.0 0
cell 42.859352683800424 13.369229363163058 0.0 1.0 1.0 1 0 0 0.0 1.0 0
cell 6.939142719554856 24.43955708939792 0.0 1.6431676725154984 0.6085806194501846 1 0 0 -0.09423151879134346 0.9955503105651048 6.094442237114693
cell 11.929219857177412 29.569525454587474 0.0 1.6431676725154984 0.6085806194501846 1 0 0 0.18306752792725237 -0.9831003408699464 5.914973688018518
cell 46.36408827883221 11.779726369221995 0.0 1.0 1.0 1 0 0 0.0 1.0 0
cell 22.133311789256073 56.86906390065221 0.0 1.0 1.0 1 0 0 0.0 1.0 0
cell 22.53178972788804 48.188743512764624 0.0 1.0 1.0 1 0 0 0.0 1.0 0
cell 58.62936053283402 25.978228023244963 0.0 1.0 1.0 1 0 0 0.0 1.0 0
cell 27.629219154925963 19.755369287616144 0.0 1.6431676725154984 0.6085806194501846 1 0 0 0.563705593413877 -0.8259757889635196 5.085454727419612
cell 14.650171615436394 58.93291553561081 0.0 1.6431676725154984 0.6085806194501846 1 0 0 -0.03336396014079872 0.9994432681066611 6.216445000952552
cell 17.310525974586 46.47247967223857 0.0 1.6431676725154984 0.6085806194501846 1 0 0 0.47692211200479323 -0.8789455609313284 5.288886155055286
cell 51.57643244230748 2.3380820428426503 0.0 1.0 1.0 1 0 0 0.0 1.0 0
cell 17.845548686608627 30.295694139761267 0.0 1.0 1.0 1 0 0 0.0 1.0 0
cell 58.45992640346898 19.373647089887807 0.0 1.6431676725154984 0.6085806194501846 1 0 0 0.9449080994712012 -0.3273357352226037 3.808557835595434
cell 41.53174417767312 58.71523014154861 0.0 1.0 1.0 1 0 0 0.0 1.0 0
cell 7.591879852303743 21.38689805412306 0.0 1.0 1.0 1 0 0 0.0 1.0 0
cell 23.602386634725374 0.30277280947819013 0.0 1.6431676725154984 0.6085806194501846 1 0 0 0.08345924985435693 0.9965111909124493 0.16711288660016885
cell 8.227707780643154 10.514862977601002 0.0 1.0 1.0 1 0 0 0.0 1.0 0
cell 51.85147369931557 56.950047892459594 0.0 1.6431676725154984 0.6085806194501846 1 0 0 0.35375658665032866 -0.9353375205782716 5.560016590081792
cell 15.958258552883287 59.70835524249604 0.0 1.6431676725154984 0.6085806194501846 1 0 0 -0.24865616184638348 0.968591819692808 5.78060012075108
cell 56.483491349998594 13.532635626652915 0.0 1.0 1.0 1 0 0 0.0 1.0 0
cell 11.627908280814978 15.698695135664 0.0 1.6431676725154984 0.6085806194501846 1 0 0 0.9896587192791925 0.14344204179622014 2.853715544838632
cell 42.11404095837909 18.95765682012282 0.0 1.0 1.0 1 0 0 0.0 1.0 0
cell 30.212037859325182 43.05310355794483 0.0 1.0 1.0 1 0 0 0.0 1.0 0
cell 9.1691298039753 28.70610096373118 0.0 1.6431676725154984 0.6085806194501846 1 0 0 0.4658746287170744 -0.8848507390050189 5.313939703071962
cell 40.39869030118389 18.000522713507387 0.0 1.0 1.0 1 0 0 0.0 1.0 0
cell 21.129033404816777 2.367200892560786 0.0 1.0 1.0 1 0 0 0.0 1.0 0
cell 21.897338197282462 3.913326767292053 0.0 1.0 1.0 1 0 0 0.0 1.0 0
cell 0.5258303144763513 50.76377188883849 0.0 1.0 1.0 1 0 0 0.0 1.0 0
cell 28.37419893576103 40.83316515235814 0.0 1.6431676725154984 0.6085806194501846 1 0 0 0.658117398891211 0.7529153267643491 1.43663120875284
cell 3.8822390082741536 59.55834810347223 0.0 1.6431676725154984 0.6085806194501846 1 0 0 0.8195146060396469 -0.5730582958894168 4.362058344510981
cell 59.278607526055254 7.221108126460837 0.0 1.6431676725154984 0.6085806194501846 1 0 0 0.3881156685807761 0.9216106704037759 0.797172206994828
cell 37.27822215103778 33.16419741948491 0.0 1.6431676725154984 0.6085806194501846 1 0 0 -0.24982602185766767 0.9682907408432512 5.77818415626699
cell 59.36241734483224 36.212691357041564 0.0 1.6431676725154984 0.6085806194501846 1 0 0 0.9924215135290044 0.12288018345038433 2.895209568034942
cell 49.91774543271974 22.42319714720762 0.0 1.0 1.0 1 0 0 0.0 1.0 0
cell 20.59716926253763 13.841957169121807 0.0 1.0 1.0 1 0 0 0.0 1.0 0
cell 41.048052224466595 14.186839351768626 0.0 1.0 1.0 1 0 0 0.0 1.0 0
cell 43.99379220798797 50.51907390547292 0.0 1.0 1.0 1 0 0 0.0 1.0 0
cell 45.78409619637848 19.44806669886553 0.0 1.6431676725154984 0.6085806194501846 1 0 0 0.6113655399159074 0.7913483282368966 1.315570059009143
cell 31.134135372697653 8.445263048733805 0.0 1.0 1.0 1 0 0 0.0 1.0 0
cell 18.608264188556277 39.72171504262121 0.0 1.0 1.0 1 0 0 0.0 1.0 0
cell 40.4394976521588 52.973686603277045 0.0 1.0 1.0 1 0 0 0.0 1.0 0
cell 8.34743859519447 51.88064809063662 0.0 1.0 1.0 1 0 0 0.0 1.0 0
cell 29.405051305996928 34.17544786249372 0.0 1.6431676725154984 0.6085806194501846 1 0 0 0.8363437013771933 0.5482054479542283 1.9811586256785476
cell 9.66978342716415 48.14094059122327 0.0 1.0 1.0 1 0 0 0.0 1.0 0
cell 30.483454193075364 44.79237057860331 0.0 1.0 1.0 1 0 0 0.0 1.0 0
cell 32.4382179743916 3.4238531915609673 0.0 1.0 1.0 1 0 0 0.0 1.0 0
cell 25.004210254066354 59.29741990058132 0.0 1.0 1.0 1 0 0 0.0 1.0 0
cell 45.21424248095803 21.360521777118873 0.0 1.6431676725154984 0.6085806194501846 1 0 0 0.6281446100251555 0.778096619255183 1.35833277177888
cell 47.071289588372906 56.144959433657725 0.0 1.6431676725154984 0.6085806194501846 1 0 0 0.134698067209429 0.9908866891274926 0.27021749289201263
cell 42.11532472919083 31.64255785052653 0.0 1.6431676725154984 0.6085806194501846 1 0 0 0.8944211170293445 -0.4472257432348676 4.068915034844667
cell 15.577535886517918 33.368410092640765 0.0 1.0 1.0 1 0 0 0.0 1.0 0
cell 48.20354691315367 55.616244503508824 0.0 1.6431676725154984 0.6085806194501846 1 0 0 -0.19891297086669946 -0.9800171580237682 0.40049720339172357
cell 4.153594249681182 2.929277057797055 0.0 1.6431676725154984 0.6085806194501846 1 0 0 0.7231876227522739 -0.6906516215125501 4.666372066131421
cell 2.9814525110241985 43.52191004805803 0.0 1.6431676725154984 0.6085806194501846 1 0 0 -0.2371533897532957 -0.971472217682277 0.4788691913161305
cell 40.34065503467562 19.802563668853626 0.0 1.0 1.0 1 0 0 0.0 1.0 0
cell 9.612001431760659 53.5544238568151 0.0 1.6431676725154984 0.6085806194501846 1 0 0 0.9754416328691511 -0.22025807786677046 3.585750729597711
cell 33.63823955896407 39.88209011267638 0.0 1.0 1.0 1 0 0 0.0 1.0 0
cell 15.439679617582495 17.47390956690929 0.0 1.0 1.0 1 0 0 0.0 1.0 0
cell 5.352766017350267 49.41291110028453 0.0 1.0 1.0 1 0 0 0.0 1.0 0
cell 30.45480987771107 41.308473476690054 0.0 1.0 1.0 1 0 0 0.0 1.0 0
cell 54.53065213781685 50.35009892227108 0.0 1.0 1.0 1 0 0 0.0 1.0 0
cell 53.06335669181347 41.598841506500946 0.0 1.6431676725154984 0.6085806194501846 1 0 0 -0.11708515789268056 0.9931218786237901 6.048476625973971
cell 4.934853630394035 51.44420158311429 0.0 1.0 1.0 1 0 0 0.0 1.0 0
cell 8.682931578496133 55.30798050553932 0.0 1.6431676725154984 0.6085806194501846 1 0 0 0.09023531275449312 0.9959204728953506 0.1807164382785189
cell 25.30466700063915 8.03355700041183 0.0 1.0 1.0 1 0 0 0.0 1.0 0
cell 13.857650908005878 21.522960588207958 0.0 1.0 1.0 1 0 0 0.0 1.0 0
cell 53.44844980125998 17.16817012345475 0.0 1.0 1.0 1 0 0 0.0 1.0 0
cell 39.1048112692414 10.551082001766716 0.0 1.0 1.0 1 0 0 0.0 1.0 0
cell 40.794954939098666 39.18755711985498 0.0 1.0 1.0 1 0 0 0.0 1.0 0
cell 40.25532787086106 35.409801482529474 0.0 1.0 1.0 1 0 0 0.0 1.0 0
cell 55.21402842614286 0.43811538530927924 0.0 1.6431676725154984 0.6085806194501846 1 0 0 0.7411929892086565 0.6712920025949486 1.6696915460519417
cell 17.780854035967224 38.25501831247024 0.0 1.6431676725154984 0.6085806194501846 1 0 0 0.3486621237742246 -0.9372484854323571 5.570898761135312
cell 1.8066819539920276 5.817648213852193 0.0 1.6431676725154984 0.6085806194501846 1 0 0 0.777771018640871 -0.6285477249679151 4.500961798705121
cell 14.709053807159737 11.695767490603068 0.0 1.0 1.0 1 0 0 0.0 1.0 0
cell 24.868574794716118 46.28242672310988 0.0 1.0 1.0 1 0 0 0.0 1.0 0
cell 42.69786351815489 15.291915890980688 0.0 1.0 1.0 1 0 0 0.0 1.0 0
cell 1.3345945910521368 7.891313519324294 0.0 1.6431676725154984 0.6085806194501846 1 0 0 0.585449827834049 0.8107086400730428 1.2508696085035709
cell 13.02039887404964 22.42517431679298 0.0 1.6431676725154984 0.6085806194501846 1 0 0 0.1338576993755263 0.9910005632278376 0.26852139684509785
cell 58.89392881717695 11.358266841662303 0.0 1.0 1.0 1 0 0 0.0 1.0 0
cell 15.472705961833984 4.561292895490147 0.0 1.0 1.0 1 0 0 0.0 1.0 0
cell 37.18041583892945 35.03935158399774 0.0 1.0 1.0 1 0 0 0.0 1.0 0
cell 32.43833035387162 12.53549332555812 0.0 1.0 1.0 1 0 0 0.0 1.0 0
cell 20.508545094346935 50.9843337133271 0.0 1.6431676725154984 0.6085806194501846 1 0 0 0.22977473423766892 0.9732438396958948 0.4636924356551457
cell 1.7814709304144474 11.748719299573043 0.0 1.0 1.0 1 0 0 0.0 1.0 0
cell 45.992416593266086 24.06119870141277 0.0 1.6431676725154984 0.6085806194501846 1 0 0 0.48115902230058366 0.8766333299953558 1.0039527247248161
cell 23.06897064674685 46.379217250671964 0.0 1.0 1.0 1 0 0 0.0 1.0 0
cell 59.289359341779594 12.751610042610238 0.0 1.0 1.0 1 0 0 0.0 1.0 0
cell 26.385494829895887 54.15173250259696 0.0 1.0 1.0 1 0 0 0.0 1.0 0
cell 23.270425725571315 24.187616942972827 0.0 1.6431676725154984 0.6085806194501846 1 0 0 0.17500524334058723 -0.9845675013950551 5.931363119803652
cell 24.33117665847931 56.48288303497193 0.0 1.6431676725154984 0.6085806194501846 1 0 0 0.20044682509883954 0.9797045831819892 0.4036279619819336
cell 39.09583088322059 14.680645926730367 0.0 1.0 1.0 1 0 0 0.0 1.0 0
cell 30.410759349729634 51.637719991946135 0.0 1.0 1.0 1 0 0 0.0 1.0 0
cell 57.696685261492334 5.299093026523574 0.0 1.6431676725154984 0.6085806194501846 1 0 0 0.9231137843816369 0.3845269055405782 2.3522021150246015
cell 10.498024617501136 26.150260469231135 0.0 1.6431676725154984 0.6085806194501846 1 0 0 0.3943811460817851 -0.9189469579987833 5.472396676112002
cell 49.677541728257076 4.971555302022661 0.0 1.6431676725154984 0.6085806194501846 1 0 0 0.9021778770809162 0.4313642058699021 2.2495839407207217
cell 2.639159551725704 13.575892883350413 0.0 1.0 1.0 1 0 0 0.0 1.0 0
cell 51.81815323845453 54.4885613939149 0.0 1.0 1.0 1 0 0 0.0 1.0 0
cell 32.865846297202665 8.619616675533763 0.0 1.0 1.0 1 0 0 0.0 1.0 0
cell 18.85104388918242 41.724361091955394 0.0 1.0 1.0 1 0 0 0.0 1.0 0
cell 45.6310933525706 25.480439379193417 0.0 1.6431676725154984 0.6085806194501846 1 0 0 0.5186865604877138 0.854964474097857 1.09062796625656
cell 27.435641911830338 57.762850675267664 0.0 1.6431676725154984 0.6085806194501846 1 0 0 0.17766627091773632 0.9840907967145032 0.35722896814447663
cell 40.956846024953514 51.70101987721525 0.0 1.0 1.0 1 0 0 0.0 1.0 0
cell 21.814954106193323 30.382136274600892 0.0 1.6431676725154984 0.6085806194501846 1 0 0 0.9898143003275035 0.14236450002432033 2.85589297621515
cell 16.138805170671535 36.759327513606344 0.0 1.6431676725154984 0.6085806194501846 1 0 0 0.991520169261693 0.12995289126165627 2.8809497177372285
cell 15.726009728293409 57.10870804989605 0.0 1.0 1.0 1 0 0 0.0 1.0 0
cell 13.828903050123627 16.267177843816143 0.0 1.0 1.0 1 0 0 0.0 1.0 0
cell 7.222893194626987 33.59790070424397 0.0 1.6431676725154984 0.6085806194501846 1 0 0 0.4755207898818198 -0.879704483556933 5.292073422086133
cell 44.62452988590768 36.22628500610645 0.0 1.0 1.0 1 0 0 0.0 1.0 0
cell 18.247729348462897 55.02104343661524 0.0 1.0 1.0 1 0 0 0.0 1.0 0
cell 30.847561286536795 48.40697806670102 0.0 1.0 1.0 1 0 0 0.0 1.0 0
cell 10.096531870843389 29.3529977263036 0.0 1.6431676725154984 0.6085806194501846 1 0 0 0.3556150639423809 -0.934632508688445 5.556041175179811
cell 55.690876090604704 51.993900276278865 0.0 1.0 1.0 1 0 0 0.0 1.0 0
cell 44.01572540444283 55.63028863782644 0.0 1.6431676725154984 0.6085806194501846 1 0 0 0.09429075372929195 -0.9955447020406276 6.094323237393322
cell 24.11281366406374 39.63438203289247 0.0 1.0 1.0 1 0 0 0.0 1.0 0
cell 42.38864166153304 4.172440432247194 0.0 1.6431676725154984 0.6085806194501846 1 0 0 0.9999479619542538 -0.010201636316500468 3.1619962801456394
cell 12.404532310748081 36.427729755479156 0.0 1.6431676725154984 0.6085806194501846 1 0 0 0.416282063841334 -0.909235526870788 5.42448051816617
cell 28.712181529402564 49.38687172185965 0.0 1.6431676725154984 0.6085806194501846 1 0 0 0.8961751469614455 0.4437004687496188 2.222145347250304
cell 55.59226742249282 44.118184744667005 0.0 1.6431676725154984 0.6085806194501846 1 0 0 0.9999466878300316 -0.01032576862753616 3.1622445578454466
cell 5.856172720619842 54.01979698345652 0.0 1.0 1.0 1 0 0 0.0 1.0 0
cell 33.598074568430675 33.39566928960322 0.0 1.6431676725154984 0.6085806194501846 1 0 0 0.998500457728606 0.05474336412538336 3.032051165832885
cell 25.85006474509058 29.51803545722352 0.0 1.6431676725154984 0.6085806194501846 1 0 0 0.7027482540022063 0.7114386069766319 1.5585062344078902
cell 41.03050657647244 10.772005965032935 0.0 1.0 1.0 1 0 0 0.0 1.0 0
cell 16.5260489394086 31.61219324766136 0.0 1.0 1.0 1 0 0 0.0 1.0 0
cell 24.66734598646801 15.399954998209497 0.0 1.0 1.0 1 0 0 0.0 1.0 0
cell 25.804178581608348 22.92054153230596 0.0 1.6431676725154984 0.6085806194501846 1 0 0 0.13887742576345813 -0.9903095781690264 6.004529776272681
cell 58.45350606984195 33.96829827515821 0.0 1.6431676725154984 0.6085806194501846 1 0 0 0.16342206218562164 -0.9865562475556063 5.954868590389877
cell 53.20800832993418 53.77077790324049 0.0 1.0 1.0 1 0 0 0.0 1.0 0
cell 0.25983717754349606 4.675400481798473 0.0 1.0 1.0 1 0 0 0.0 1.0 0
cell 16.03192787053592 1.1640025402449727 0.0 1.6431676725154984 0.6085806194501846 1 0 0 0.2377197129996606 -0.9713337933230569 5.803150125585237
cell 4.073266485566969 53.31654195242383 0.0 1.0 1.0 1 0 0 0.0 1.0 0
cell 45.467642451357854 27.649518521301736 0.0 1.0 1.0 1 0 0 0.0 1.0 0
cell 49.833734653270525 56.87131235052145 0.0 1.6431676725154984 0.6085806194501846 1 0 0 0.023155748019887366 -0.9997318697198961 6.2368696715243575
cell 50.82032430530564 19.212435073904544 0.0 1.0 1.0 1 0 0 0.0 1.0 0
cell 18.13331545464492 10.96258254425553 0.0 1.0 1.0 1 0 0 0.0 1.0 0
cell 25.380955784277653 26.707276063949074 0.0 1.0 1.0 1 0 0 0.0 1.0 0
cell 27.29112518923555 8.148369994287744 0.0 1.0 1.0 1 0 0 0.0 1.0 0
cell 42.92892587782801 39.702126360808755 0.0 1.0 1.0 1 0 0 0.0 1.0 0
cell 13.30677437852321 43.9943485698932 0.0 1.6431676725154984 0.6085806194501846 1 0 0 0.3583675254016215 0.9335805893105952 0.7330373771989415
cell 32.29152460363769 45.00500967684957 0.0 1.0 1.0 1 0 0 0.0 1.0 0
cell 3.295485453810193 26.713637555645036 0.0 1.6431676725154984 0.6085806194501846 1 0 0 0.05373678120461376 0.998555135355964 0.10752535392665453
cell 14.372554414303538 50.72983010886772 0.0 1.0 1.0 1 0 0 0.0 1.0 0
cell 55.78277292872944 39.367937843588685 0.0 1.6431676725154984 0.6085806194501846 1 0 0 0.6678089817080965 -0.7443326970851106 4.820662736913949
cell 33.48516215358645 50.33792978242131 0.0 1.0 1.0 1 0 0 0.0 1.0 0
cell 57.3517595229225 20.657257029713655 0.0 1.0 1.0 1 0 0 0.0 1.0 0
cell 16.340361692265454 50.3819313715578 0.0 1.0 1.0 1 0 0 0.0 1.0 0
cell 54.51752171587458 18.795962537833123 0.0 1.0 1.0 1 0 0 0.0 1.0 0
cell 47.68502088635876 4.469420047420812 0.0 1.6431676725154984 0.6085806194501846 1 0 0 0.2825775833957714 0.9592444471364981 0.5729602945998385
cell 16.508874025014798 55.734245867571126 0.0 1.0 1.0 1 0 0 0.0 1.0 0
cell 4.120250991483952 22.228793526471947 0.0 1.0 1.0 1 0 0 0.0 1.0 0
cell 23.925408521992924 49.53368828765393 0.0 1.0 1.0 1 0 0 0.0 1.0 0
cell 3.3422449387646793 30.54628435571079 0.0 1.6431676725154984 0.6085806194501846 1 0 0 0.23094519908337033 -0.9729667594632113 5.817087243469405
cell 49.021961768228316 43.57641520698209 0.0 1.0 1.0 1 0 0 0.0 1.0 0
cell 18.871469376220748 16.29689303925441 0.0 1.0 1.0 1 0 0 0.0 1.0 0
cell 25.311375110908532 11.03339063517811 0.0 1.0 1.0 1 0 0 0.0 1.0 0
cell 48.456184997829276 48.96416383442193 0.0 1.0 1.0 1 0 0 0.0 1.0 0
cell 5.786853650926803 29.45454392193691 0.0 1.6431676725154984 0.6085806194501846 1 0 0 0.3513516770440811 -0.9362435575416858 5.565156433203228
cell 33.051634865451696 34.52779735436499 0.0 1.6431676725154984 0.6085806194501846 1 0 0 0.9991880113434253 -0.040290420543488296 3.2221953120060705
cell 15.622082854135634 38.04601477442391 0.0 1.6431676725154984 0.6085806194501846 1 0 0 0.9941803561701286 0.10772845216300203 2.9257168130629694
cell 51.23276259247375 14.647655934779658 0.0 1.0 1.0 1 0 0 0.0 1.0 0
cell 10.060490005157787 13.59050329036672 0.0 1.0 1.0 1 0 0 0.0 1.0 0
cell 1.5630785547161594 52.60186307899279 0.0 1.0 1.0 1 0 0 0.0 1.0 0
cell 0.9906419868733459 46.74552287710129 0.0 1.0 1.0 1 0 0 0.0 1.0 0
cell 18.836575095321358 5.607632112205328 0.0 1.0 1.0 1 0 0 0.0 1.0 0
cell 21.68786089739517 28.749822411058453 0.0 1.0 1.0 1 0 0 0.0 1.0 0
cell 56.617422671462265 7.515376393604972 0.0 1.0 1.0 1 0 0 0.0 1.0 0
cell 4.238654944993115 20.543753366354508 0.0 1.0 1.0 1 0 0 0.0 1.0 0
cell 28.202577004868136 6.6262213835500985 0.0 1.0 1.0 1 0 0 0.0 1.0 0
cell 1.972016846171307 18.93805625152371 0.0 1.6431676725154984 0.6085806194501846 1 0 0 0.9875889561962692 0.1570606685302323 2.8261653060834813
cell 9.849504823074565 37.78886006560261 0.0 1.6431676725154984 0.6085806194501846 1 0 0 -0.11021125357783909 0.9939081846854876 6.0623141154436135
cell 42.91643535958154 0.7282447738955633 0.0 1.0 1.0 1 0 0 0.0 1.0 0
cell 31.835229867189074 17.70821535128888 0.0 1.0 1.0 1 0 0 0.0 1.0 0
cell 9.160349900598888 31.252187733592077 0.0 1.6431676725154984 0.6085806194501846 1 0 0 0.28949000186816787 -0.957181037640408 5.6957973428357125
cell 14.231513739957494 8.274306220159728 0.0 1.0 1.0 1 0 0 0.0 1.0 0
cell 14.793747251052816 48.73935885220621 0.0 1.6431676725154984 0.6085806194501846 1 0 0 0.4971748773077572 0.8676503566379815 1.0406793307632758
cell 24.87712058207195 38.076527980875845 0.0 1.6431676725154984 0.6085806194501846 1 0 0 -0.48083942456592166 -0.8768086722786866 1.0032236496126465
cell 14.03716532292961 36.71629540214737 0.0 1.0 1.0 1 0 0 0.0 1.0 0
cell 6.804296661489953 52.64891225031397 0.0 1.6431676725154984 0.6085806194501846 1 0 0 0.9020643863265843 -0.4316014862361376 4.034127416357329
cell 0.9040614537530951 27.324191350890903 0.0 1.6431676725154984 0.6085806194501846 1 0 0 0.0588464077932944 0.9982670485846086 0.11776084805816274
cell 9.820975704190236 25.446035379067848 0.0 1.6431676725154984 0.6085806194501846 1 0 0 -0.4015922189577231 0.9158185899361359 5.456675788492203
cell 43.47556664218498 2.6545503858024757 0.0 1.0 1.0 1 0 0 0.0 1.0 0
cell 53.73762521135179 23.096958885952898 0.0 1.0 1.0 1 0 0 0.0 1.0 0
cell 13.54799730138082 4.848221182859191 0.0 1.0 1.0 1 0 0 0.0 1.0 0
cell 41.829438256134566 20.898934181275354 0.0 1.0 1.0 1 0 0 0.0 1.0 0
cell 10.15659757380437 3.6715968776578127 0.0 1.0 1.0 1 0 0 0.0 1.0 0
cell 34.114184553847515 13.553250010049473 0.0 1.0 1.0 1 0 0 0.0 1.0 0
cell 15.180546541946768 31.482860096626393 0.0 1.6431676725154984 0.6085806194501846 1 0 0 0.565870017978731 -0.8244944649618641 5.080209135579494
cell 48.10469971266904 37.56149920931483 0.0 1.0 1.0 1 0 0 0.0 1.0 0
cell 19.954753489745777 36.20278899335231 0.0 1.0 1.0 1 0 0 0.0 1.0 0
cell 37.040939949743006 56.558186499186995 0.0 1.6431676725154984 0.6085806194501846 1 0 0 0.10277331646495369 -0.994704803156592 6.07727510076178
cell 12.917747293832504 6.697085899747151 0.0 1.0 1.0 1 0 0 0.0 1.0 0
cell 37.698943064962506 36.93106556954149 0.0 1.0 1.0 1 0 0 0.0 1.0 0
cell 28.05465470079759 54.297724511621496 0.0 1.0 1.0 1 0 0 0.0 1.0 0
cell 56.11650810677283 49.7557619424621 0.0 1.0 1.0 1 0 0 0.0 1.0 0
cell 0.9789197499963558 16.62656253367745 0.0 1.0 1.0 1 0 0 0.0 1.0 0
cell 39.20040128629368 12.591811220126608 0.0 1.0 1.0 1 0 0 0.0 1.0 0
cell 28.754174612642633 18.81250076061635 0.0 1.6431676725154984 0.6085806194501846 1 0 0 0.7008913450323618 -0.7132680579268404 4.729892519059588
cell 50.99564023645939 55.60909100882107 0.0 1.0 1.0 1 0 0 0.0 1.0 0
cell 38.93257891139469 16.702656425313695 0.0 1.0 1.0 1 0 0 0.0 1.0 0
cell 42.62000120235225 51.9874137623399 0.0 1.0 1.0 1 0 0 0.0 1.0 0
cell 53.60668238583811 21.74915998589061 0.0 1.6431676725154984 0.6085806194501846 1 0 0 0.9839229517263282 -0.17859346311147503 3.5007061454087047
cell 41.40482038143546 46.39082416129001 0.0 1.0 1.0 1 0 0 0.0 1.0 0
cell 54.777548949853234 7.883678653136188 0.0 1.6431676725154984 0.6085806194501846 1 0 0 0.2822642085159086 0.9593367065795448 0.5723069474605341
cell 28.98323805314842 43.5798398537067 0.0 1.6431676725154984 0.6085806194501846 1 0 0 0.69222002659198 0.7216865211329628 1.5291213947690763
cell 4.616134887615324 33.891382127685056 0.0 1.6431676725154984 0.6085806194501846 1 0 0 -0.3643874610805152 0.9312474312486967 5.537235393914984
cell 24.584821461329415 41.46259899407295 0.0 1.0 1.0 1 0 0 0.0 1.0 0
cell 30.02113525484938 20.099427207972578 0.0 1.0 1.0 1 0 0 0.0 1.0 0
cell 33.08849896931493 0.059162188351312275 0.0 1.0 1.0 1 0 0 0.0 1.0 0
cell 15.641176506224893 47.04742313645806 0.0 1.6431676725154984 0.6085806194501846 1 0 0 0.7027104821218666 0.7114759154855868 1.5584000526809216
cell 18.989974635906684 14.538180864624648 0.0 1.0 1.0 1 0 0 0.0 1.0 0
cell 19.82091213764404 10.653567083100471 0.0 1.0 1.0 1 0 0 0.0 1.0 0
cell 10.046716064121561 39.24247677007811 0.0 1.6431676725154984 0.6085806194501846 1 0 0 0.34474620117683497 -0.9386959341416906 5.579248511519784
cell 36.33892748042652 41.967815508517276 0.0 1.0 1.0 1 0 0 0.0 1.0 0
cell 34.95524892365192 0.1660274374625358 0.0 1.0 1.0 1 0 0 0.0 1.0 0
cell 53.012492083973136 27.595922636889433 0.0 1.0 1.0 1 0 0 0.0 1.0 0
cell 47.40322972494329 52.81254268132509 0.0 1.0 1.0 1 0 0 0.0 1.0 0
cell 9.43832064331398 21.04009082588698 0.0 1.0 1.0 1 0 0 0.0 1.0 0
cell 19.932224641790835 33.87800881254779 0.0 1.6431676725154984 0.6085806194501846 1 0 0 0.8535827375166757 0.5209573017182291 2.0456484985195047
cell 5.528243062581754 23.439425536433408 0.0 1.0 1.0 1 0 0 0.0 1.0 0
cell 32.25698105776483 30.101454350599596 0.0 1.6431676725154984 0.6085806194501846 1 0 0 0.5243839366272453 0.8514819358079848 1.1039828655062145
cell 20.301437627244738 39.17981512159047 0.0 1.0 1.0 1 0 0 0.0 1.0 0
cell 20.30071397022126 49.6897539425842 0.0 1.6431676725154984 0.6085806194501846 1 0 0 0.2829870391953766 0.9591237332312419 0.5738140531172655
cell 37.223542574383735 48.81261066651309 0.0 1.0 1.0 1 0 0 0.0 1.0 0
cell 58.31026143593392 22.614562234810524 0.0 1.0 1.0 1 0 0 0.0 1.0 0
cell 46.17876934013324 44.43159515277612 0.0 1.0 1.0 1 0 0 0.0 1.0 0
cell 11.349483994468285 35.721440066759634 0.0 1.6431676725154984 0.6085806194501846 1 0 0 0.38795378677421377 -0.9216788265592022 5.486364389130771
cell 12.615687775355354 54.86252230167786 0.0 1.6431676725154984 0.6085806194501846 1 0 0 0.6011458763387801 -0.7991393091075423 4.993316857398899
cell 39.48190499167296 37.22069461072897 0.0 1.0 1.0 1 0 0 0.0 1.0 0
cell 51.702609312330004 52.83414779545796 0.0 1.6431676725154984 0.6085806194501846 1 0 0 0.0826326369844975 0.9965800757114244 0.16545393031190048
cell 17.712201411431145 52.89400368028392 0.0 1.0 1.0 1 0 0 0.0 1.0 0
cell 2.3584420359495333 34.36743865017607 0.0 1.6431676725154984 0.6085806194501846 1 0 0 0.2833548337372626 -0.95901513971247 5.708604271978664
cell 41.48579900528174 2.716477867504742 0.0 1.0 1.0 1 0 0 0.0 1.0 0
cell 47.54707976740745 24.208737333988154 0.0 1.6431676725154984 0.6085806194501846 1 0 0 0.6792541410963276 0.7339031351639603 1.4934917308060331
cell 2.3285950160662185 54.33335392526576 0.0 1.0 1.0 1 0 0 0.0 1.0 0
cell 5.86735679858387 21.645213857545674 0.0 1.0 1.0 1 0 0 0.0 1.0 0
cell 43.66317066421866 20.208166406665942 0.0 1.0 1.0 1 0 0 0.0 1.0 0
cell 58.67128990831577 35.14061528194002 0.0 1.6431676725154984 0.6085806194501846 1 0 0 0.2111838483917904 -0.9774463576986889 5.85761337479816
cell 48.05794832410164 50.38187391326095 0.0 1.6431676725154984 0.6085806194501846 1 0 0 0.13342108465315583 0.9910594402809427 0.2676402636512786
cell 45.08294161269843 8.379569596201346 0.0 1.0 1.0 1 0 0 0.0 1.0 0
cell 6.821415183388792 50.75061709443454 0.0 1.0 1.0 1 0 0 0.0 1.0 0
cell 45.34632731828231 54.75248582111622 0.0 1.6431676725154984 0.6085806194501846 1 0 0 -0.1274519205960715 -0.9918447499162218 0.25559904440153947
cell 55.30535024744286 27.570957618515052 0.0 1.0 1.0 1 0 0 0.0 1.0 0
cell 0.5990244788333613 28.465314068642176 0.0 1.6431676725154984 0.6085806194501846 1 0 0 0.15874880291718443 0.9873190049686884 0.318846512366635
cell 49.28750356747296 29.668579425517862 0.0 1.6431676725154984 0.6085806194501846 1 0 0 0.18822859594527233 0.9821252443901803 0.3787163799206349
cell 17.417164303703135 4.381621304434859 0.0 1.0 1.0 1 0 0 0.0 1.0 0
cell 41.207127557963176 37.23936109509255 0.0 1.0 1.0 1 0 0 0.0 1.0 0
cell 34.12732125394439 15.538104202304709 0.0 1.0 1.0 1 0 0 0.0 1.0 0
cell 2.061905067903248 50.11215257641186 0.0 1.0 1.0 1 0 0 0.0 1.0 0
cell 47.95892034720336 30.556911143805156 0.0 1.0 1.0 1 0 0 0.0 1.0 0
cell 57.82710778285179 13.199155050255792 0.0 1.6431676725154984 0.6085806194501846 1 0 0 0.6400391028294676 0.7683423370147257 1.3890983140100206
cell 15.56981341734331 25.608858899903446 0.0 1.6431676725154984 0.6085806194501846 1 0 0 0.5539425459862422 -0.8325548965361262 5.10900071242141
cell 31.633404181996518 39.74696189832273 0.0 1.0 1.0 1 0 0 0.0 1.0 0
cell 46.614771350678076 54.08959981547774 0.0 1.6431676725154984 0.6085806194501846 1 0 0 0.15491508688933722 0.9879277887852275 0.31108300407775774
cell 44.761290159374354 10.542295654275573 0.0 1.0 1.0 1 0 0 0.0 1.0 0
cell 55.393318317384455 17.641444592753572 0.0 1.0 1.0 1 0 0 0.0 1.0 0
cell 50.84939952964095 34.46521764104699 0.0 1.0 1.0 1 0 0 0.0 1.0 0
cell 7.969924813888886 26.266137390189854 0.0 1.6431676725154984 0.6085806194501846 1 0 0 -0.3057014331842961 0.9521274251638104 5.66183522079165
cell 56.53038672506437 22.433500483032788 0.0 1.0 1.0 1 0 0 0.0 1.0 0
cell 37.37051324979354 30.7725018742979 0.0 1.6431676725154984 0.6085806194501846 1 0 0 0.8946331923200415 -0.4468013554134004 4.067966180891404
cell 14.542590256765932 25.484202819668422 0.0 1.6431676725154984 0.6085806194501846 1 0 0 0.6095552150308794 -0.7927436154449043 4.972186508327754
cell 30.850274406271243 11.877481427165948 0.0 1.0 1.0 1 0 0 0.0 1.0 0
cell 24.920799797617864 2.5227629909760734 0.0 1.0 1.0 1 0 0 0.0 1.0 0
cell 4.361391141418917 12.598468905686122 0.0 1.0 1.0 1 0 0 0.0 1.0 0
cell 17.74949129572981 1.3953278201324502 0.0 1.0 1.0 1 0 0 0.0 1.0 0
cell 55.41587312720558 33.68451810187867 0.0 1.6431676725154984 0.6085806194501846 1 0 0 0.6423800338290352 -0.7663862551858609 4.887985773198742
cell 22.970009440209097 19.307408012750205 0.0 1.6431676725154984 0.6085806194501846 1 0 0 -0.3503101449732618 -0.9366337610447385 0.7158044208248056
cell 16.517527942127863 11.835372690209145 0.0 1.0 1.0 1 0 0 0.0 1.0 0
cell 15.161697669622399 40.53918849900459 0.0 1.6431676725154984 0.6085806194501846 1 0 0 0.7550455215249812 0.6556723727785617 1.7114470879431036
cell 25.93811303799893 17.99136497050933 0.0 1.0 1.0 1 0 0 0.0 1.0 0
cell 38.859329893722844 8.15693917758473 0.0 1.0 1.0 1 0 0 0.0 1.0 0
cell 10.468202286763633 18.046693299061083 0.0 1.0 1.0 1 0 0 0.0 1.0 0
cell 38.351133109624634 47.468408852230354 0.0 1.0 1.0 1 0 0 0.0 1.0 0
cell 52.47928688542814 37.58003454666918 0.0 1.6431676725154984 0.6085806194501846 1 0 0 0.4788808952209932 -0.87787988255361 5.284426332568556
cell 20.85232350753809 5.485773603412915 0.0 1.0 1.0 1 0 0 0.0 1.0 0
cell 50.01436505869343 38.20501470803788 0.0 1.0 1.0 1 0 0 0.0 1.0 0
cell 43.433001924899855 53.43898148184959 0.0 1.6431676725154984 0.6085806194501846 1 0 0 0.09192123548096097 0.9957662810457351 0.1841023569134882
cell 50.319312607554664 51.504570192532455 0.0 1.6431676725154984 0.6085806194501846 1 0 0 0.1937481932371077 0.9810512920420401 0.3899626079506228
cell 25.74286798194152 24.035011804366924 0.0 1.6431676725154984 0.6085806194501846 1 0 0 0.187944906304897 -0.9821795722748684 5.905046616904665
cell 45.66800553203802 34.732252901572714 0.0 1.0 1.0 1 0 0 0.0 1.0 0
cell 55.574823281932254 23.724831688763167 0.0 1.0 1.0 1 0 0 0.0 1.0 0
cell 54.601536291140995 31.27663444395252 0.0 1.6431676725154984 0.6085806194501846 1 0 0 -0.11234798468908781 -0.9936689239058956 0.2251713625899452
cell 25.14906437092433 1.2419272707727091 0.0 1.6431676725154984 0.6085806194501846 1 0 0 0.011999903833201214 -0.9999279985618934 6.2591849234897055
cell 51.702757977028575 4.741201781223557 0.0 1.6431676725154984 0.6085806194501846 1 0 0 0.9744048456589134 0.22480034865726772 2.6881163822801373
cell 57.4596457748036 39.410443926205666 0.0 1.6431676725154984 0.6085806194501846 1 0 0 0.9094577628099092 0.4157963175219267 2.2839562059192815
cell 37.25188673700303 50.06869597223323 0.0 1.6431676725154984 0.6085806194501846 1 0 0 0.054284935450601486 0.9985254857954924 0.1086232650002817
cell 20.690674416264592 58.95075458802737 0.0 1.6431676725154984 0.6085806194501846 1 0 0 0.35858915193974694 0.933495484783474 0.7335121870691114
cell 8.317283468051412 12.614871854926772 0.0 1.0 1.0 1 0 0 0.0 1.0 0
cell 48.30301271160923 22.342690603753134 0.0 1.0 1.0 1 0 0 0.0 1.0 0
cell 6.799571457079378 11.405708082240405 0.0 1.0 1.0 1 0 0 0.0 1.0 0
cell 11.46467225340192 12.580041743434906 0.0 1.0 1.0 1 0 0 0.0 1.0 0
cell 19.911727229596185 3.901322457197638 0.0 1.0 1.0 1 0 0 0.0 1.0 0
cell 36.99188775043791 5.568701576704519 0.0 1.0 1.0 1 0 0 0.0 1.0 0
cell 42.141402193920186 54.20488527948737 0.0 1.6431676725154984 0.6085806194501846 1 0 0 0.03255249263542414 -0.9994700271760133 6.218068818179069
cell 17.57771162139741 26.004858185630916 0.0 1.6431676725154984 0.6085806194501846 1 0 0 0.5595209963134713 -0.8288161766546189 5.0955698071822155
cell 17.76886218313776 48.946619220893744 0.0 1.0 1.0 1 0 0 0.0 1.0 0
cell 41.465135197089644 22.61014406992273 0.0 1.0 1.0 1 0 0 0.0 1.0 0
cell 49.16545804467155 57.895647234158005 0.0 1.6431676725154984 0.6085806194501846 1 0 0 0.004290840492100816 -0.9999907943015632 6.274603599861832
cell 26.910467748988218 24.658881907480072 0.0 1.6431676725154984 0.6085806194501846 1 0 0 0.2641157071026362 -0.9644910021672958 5.748611391641951
cell 52.37592578099409 58.295599851314094 0.0 1.6431676725154984 0.6085806194501846 1 0 0 0.5618651065981108 -0.8272288691695264 5.0899078628407946
cell 47.351484020912906 20.715451879371557 0.0 1.0 1.0 1 0 0 0.0 1.0 0
cell 5.028801228931116 39.576166050787045 0.0 1.6431676725154984 0.6085806194501846 1 0 0 0.9928434340602098 0.11942326173543316 2.9021747204197776
cell 18.46721520113852 35.29947372536117 0.0 1.6431676725154984 0.6085806194501846 1 0 0 0.7748399444049684 0.63215746499943 1.7729237325139915
cell 10.699189052664348 34.74112503885335 0.0 1.6431676725154984 0.6085806194501846 1 0 0 0.40938013188619704 -0.912363911833891 5.439636207788302
cell 51.3827566550984 16.29747434948135 0.0 1.0 1.0 1 0 0 0.0 1.0 0
cell 19.586683547443027 43.53491407532368 0.0 1.0 1.0 1 0 0 0.0 1.0 0
cell 29.663198884460733 39.62955160831813 0.0 1.0 1.0 1 0 0 0.0 1.0 0
cell 5.394772925561663 2.9810447932727917 0.0 1.6431676725154984 0.6085806194501846 1 0 0 0.7482402315117214 0.6634278830040878 1.6908111139644153
cell 50.26090703246628 28.70613053643057 0.0 1.6431676725154984 0.6085806194501846 1 0 0 0.09851527288877464 0.9951355390134804 0.19735065118803735
cell 39.558098993568485 40.723349850752236 0.0 1.0 1.0 1 0 0 0.0 1.0 0
cell 22.111529455456626 36.35865707687626 0.0 1.6431676725154984 0.6085806194501846 1 0 0 0.9390835627801065 -0.343688903103114 3.843277218966496
cell 39.03392431775571 54.78983411569076 0.0 1.6431676725154984 0.6085806194501846 1 0 0 0.057140589689941526 -0.9983661417585663 6.168841847345906
cell 6.8830345896083465 40.702069915460214 0.0 1.6431676725154984 0.6085806194501846 1 0 0 0.6582478932403945 -0.7528012427225279 4.846207434648181
cell 54.131946894268324 35.13859928429957 0.0 1.6431676725154984 0.6085806194501846 1 0 0 0.6254648642413713 -0.7802523332868175 4.931730951529629
cell 35.77836604099808 36.43591386093828 0.0 1.0 1.0 1 0 0 0.0 1.0 0
cell 4.611588584515341 45.703226501838266 0.0 1.6431676725154984 0.6085806194501846 1 0 0 0.3780287383688213 0.9257938609470671 0.7753322043214286
cell 15.07113614028569 22.578210562253776 0.0 1.6431676725154984 0.6085806194501846 1 0 0 0.5535624122740264 -0.8328076943192593 5.109913747715228
cell 22.74438916212712 52.13478022685277 0.0 1.6431676725154984 0.6085806194501846 1 0 0 0.508662133822379 0.860966220949036 1.0672603263945841
cell 36.39488299543405 3.7853886284744247 0.0 1.0 1.0 1 0 0 0.0 1.0 0
cell 14.558486908122806 54.32535189962906 0.0 1.0 1.0 1 0 0 0.0 1.0 0
cell 21.98384224624904 6.993306555516617 0.0 1.0 1.0 1 0 0 0.0 1.0 0
cell 11.745647474635794 53.025522370512185 0.0 1.0 1.0 1 0 0 0.0 1.0 0
cell 10.36845606098855 41.3565642055716 0.0 1.6431676725154984 0.6085806194501846 1 0 0 0.9768055392767087 0.21412832236380672 2.7099939203677077
cell 11.586541073113208 10.40493762868948 0.0 1.0 1.0 1 0 0 0.0 1.0 0
cell 12.258607125067071 41.499689484079816 0.0 1.6431676725154984 0.6085806194501846 1 0 0 0.39269893147199697 -0.9196670860810187 5.476056420027929
cell 39.13011446328751 49.07654678042657 0.0 1.0 1.0 1 0 0 0.0 1.0 0
cell 40.345146306648125 47.73228076446902 0.0 1.0 1.0 1 0 0 0.0 1.0 0
cell 33.808098857276 36.31046697542156 0.0 1.0 1.0 1 0 0 0.0 1.0 0
cell 44.51134285607175 26.118514191078734 0.0 1.0 1.0 1 0 0 0.0 1.0 0
cell 37.30447954600447 15.634246520765286 0.0 1.0 1.0 1 0 0 0.0 1.0 0
cell 22.572007973881966 11.556254481078668 0.0 1.0 1.0 1 0 0 0.0 1.0 0
cell 58.701829428873346 58.832305301419446 0.0 1.6431676725154984 0.6085806194501846 1 0 0 0.9887194044342907 0.14977963578237652 2.8409018724033817
cell 42.25288578581263 27.934393079480394 0.0 1.6431676725154984 0.6085806194501846 1 0 0 0.9911725161945417 0.13257844146233144 2.875652782543556
cell 30.434785028538773 3.4490037466741996 0.0 1.0 1.0 1 0 0 0.0 1.0 0
cell 37.6800692749105 45.650558315229034 0.0 1.0 1.0 1 0 0 0.0 1.0 0
cell 12.781187548880736 33.088436412627196 0.0 1.6431676725154984 0.6085806194501846 1 0 0 0.4830754589625511 -0.875578723444169 5.274857687546273
cell 50.40431087034741 21.216558532858695 0.0 1.6431676725154984 0.6085806194501846 1 0 0 0.9999587577824322 -0.009082000562391742 3.1597569044265916
cell 17.156959233965903 14.604888639896386 0.0 1.0 1.0 1 0 0 0.0 1.0 0
cell 2.577307169218773 58.01960242510615 0.0 1.6431676725154984 0.6085806194501846 1 0 0 0.6859490606349701 -0.7276495627800529 4.771370945317478
cell 25.886639676947055 12.453717061489687 0.0 1.0 1.0 1 0 0 0.0 1.0 0
cell 13.955895365009583 34.85547438307649 0.0 1.6431676725154984 0.6085806194501846 1 0 0 0.9924008684304182 0.12304680547885781 2.8948737757149914
cell 8.64569337080308 18.48542168536047 0.0 1.0 1.0 1 0 0 0.0 1.0 0
cell 49.72188664850057 41.968514538396256 0.0 1.6431676725154984 0.6085806194501846 1 0 0 0.28570980998500584 0.9583161818931849 0.5794940620460074
cell 51.13000025725749 46.454934958092146 0.0 1.0 1.0 1 0 0 0.0 1.0 0
cell 39.47760433912424 56.60086874752018 0.0 1.6431676725154984 0.6085806194501846 1 0 0 0.21378793634856216 -0.9768800941117712 5.852283484465483
cell 31.913551600637827 19.648036264617556 0.0 1.0 1.0 1 0 0 0.0 1.0 0
cell 51.634605582711764 8.939859468345574 0.0 1.6431676725154984 0.6085806194501846 1 0 0 0.6855915761306002 0.7279863946110253 1.5108320159799045
cell 0.41811524969381647 18.353977054599067 0.0 1.0 1.0 1 0 0 0.0 1.0 0
cell 29.852178236888236 50.02527594448017 0.0 1.0 1.0 1 0 0 0.0 1.0 0
cell 57.23297556902569 10.49704582473113 0.0 1.6431676725154984 0.6085806194501846 1 0 0 0.11453107696257242 0.9934196658058433 0.22956591531688939
cell 44.32078875703027 16.41808122462099 0.0 1.0 1.0 1 0 0 0.0 1.0 0
cell 25.718777456804517 52.30935264048204 0.0 1.6431676725154984 0.6085806194501846 1 0 0 0.8037516927512024 0.5949648866946492 1.8671487311171688
cell 24.194787478599952 53.67000151020825 0.0 1.6431676725154984 0.6085806194501846 1 0 0 0.6812426099082766 0.7320577207060655 1.4989174352768286
cell 45.85895645741315 2.590274818348471 0.0 1.0 1.0 1 0 0 0.0 1.0 0
cell 37.239657695135904 7.525259493183221 0.0 1.0 1.0 1 0 0 0.0 1.0 0
cell 34.39232756797492 28.259053746063223 0.0 1.6431676725154984 0.6085806194501846 1 0 0 0.740570957130788 0.6719781673941413 1.6678392543914744
cell 21.50635570314552 10.246457802078679 0.0 1.0 1.0 1 0 0 0.0 1.0 0
cell 50.733463602359905 40.3111663908014 0.0 1.6431676725154984 0.6085806194501846 1 0 0 0.2665296429937428 0.9638267216702533 0.5395812534888755
cell 20.22906294110718 22.271161559065728 0.0 1.6431676725154984 0.6085806194501846 1 0 0 -0.4372576846245946 0.8993362648290897 5.378091029021699
cell 18.594148998026018 23.474025796305515 0.0 1.6431676725154984 0.6085806194501846 1 0 0 0.47178146454955544 -0.8817155151790608 5.300565024810294
cell 26.103609220272347 47.64212326632005 0.0 1.0 1.0 1 0 0 0.0 1.0 0
cell 28.166067866656793 48.442410312295706 0.0 1.6431676725154984 0.6085806194501846 1 0 0 0.8261629146882183 0.5634313076088936 1.9445261483457348
cell 11.6603763840159 30.671621625372065 0.0 1.6431676725154984 0.6085806194501846 1 0 0 0.23795997656906354 -0.971274960838202 5.802655402048831
cell 54.38119467681185 10.096229850580292 0.0 1.6431676725154984 0.6085806194501846 1 0 0 0.22821206193188723 0.9736114495982453 0.46048177695076165
cell 32.41229332834015 41.515268532599876 0.0 1.0 1.0 1 0 0 0.0 1.0 0
cell 38.11550075557115 58.294117629303216 0.0 1.6431676725154984 0.6085806194501846 1 0 0 0.23942636077122292 -0.9709145264995515 5.799635338490496
cell 26.796221169740175 39.835136255999174 0.0 1.6431676725154984 0.6085806194501846 1 0 0 0.5031273181992166 0.8642123012788375 1.0544273434605205
cell 39.60323804401131 2.556502185436613 0.0 1.0 1.0 1 0 0 0.0 1.0 0
cell 32.84076488463572 38.12538787562157 0.0 1.0 1.0 1 0 0 0.0 1.0 0
cell 51.656098502876006 17.813951421874915 0.0 1.0 1.0 1 0 0 0.0 1.0 0
cell 14.01443844746562 29.562430923155983 0.0 1.6431676725154984 0.6085806194501846 1 0 0 0.38928865672065494 -0.9211158134288153 5.483466899233635
cell 47.86583212734269 32.11692085171386 0.0 1.6431676725154984 0.6085806194501846 1 0 0 -0.07298893012093144 -0.9973327509311031 0.14610778530670743
cell 56.740606821184784 18.814362458329235 0.0 1.0 1.0 1 0 0 0.0 1.0 0
cell 25.95134479032541 45.12718676972364 0.0 1.0 1.0 1 0 0 0.0 1.0 0
cell 33.80320297596313 57.043228684599335 0.0 1.6431676725154984 0.6085806194501846 1 0 0 0.06371582854560005 -0.9979680822515056 6.155667269661885
cell 35.1006062381059 50.90728440397724 0.0 1.0 1.0 1 0 0 0.0 1.0 0
cell 59.229884842334876 21.2015812948147 0.0 1.0 1.0 1 0 0 0.0 1.0 0
cell 51.36745814597509 6.239294393491824 0.0 1.6431676725154984 0.6085806194501846 1 0 0 0.9992337701203063 -0.03913914474229985 3.2198909422588944
cell 43.83776128080016 41.46930109443421 0.0 1.0 1.0 1 0 0 0.0 1.0 0
cell 7.642302354789409 27.891452334422677 0.0 1.6431676725154984 0.6085806194501846 1 0 0 0.4628051078455074 -0.8864600567155343 5.320871333153875
cell 21.480197653777626 49.19446746243918 0.0 1.6431676725154984 0.6085806194501846 1 0 0 0.5012896775812249 0.8652795265984926 1.050177216580886
cell 47.840146713012416 45.164723384874705 0.0 1.0 1.0 1 0 0 0.0 1.0 0
cell 37.49026353175508 13.59743007219066 0.0 1.0 1.0 1 0 0 0.0 1.0 0
cell 37.78895753672035 29.43843935927223 0.0 1.6431676725154984 0.6085806194501846 1 0 0 0.9532040827877771 -0.3023275980732034 3.7558598117402013
cell 24.833658118073053 57.646666505512776 0.0 1.6431676725154984 0.6085806194501846 1 0 0 0.17950482802010853 0.9837570923340128 0.3609661605924039
cell 16.042934116408702 27.327125647018878 0.0 1.6431676725154984 0.6085806194501846 1 0 0 0.5589673967840673 -0.8291896341202313 5.096905386358678
cell 29.273266552279978 5.021246920039343 0.0 1.0 1.0 1 0 0 0.0 1.0 0
cell 40.24759761756358 4.885837798176647 0.0 1.0 1.0 1 0 0 0.0 1.0 0
cell 40.99781832964583 56.77359522106451 0.0 1.6431676725154984 0.6085806194501846 1 0 0 0.27468391406453757 -0.9615345793855704 5.726663394682119
cell 22.405328989894745 13.278400451222945 0.0 1.0 1.0 1 0 0 0.0 1.0 0
cell 26.108059315775552 13.80078662310685 0.0 1.6431676725154984 0.6085806194501846 1 0 0 -0.9607253315927233 0.2775010580809589 3.7039767119572278
cell 10.922406673120275 47.291530152149456 0.0 1.6431676725154984 0.6085806194501846 1 0 0 0.6199043035894873 0.7846774205947515 1.3372414819111589
cell 52.44373722733397 24.259570132243777 0.0 1.0 1.0 1 0 0 0.0 1.0 0
cell 59.309744338038854 16.05025075012254 0.0 1.0 1.0 1 0 0 0.0 1.0 0
cell 41.9581821345107 8.950739837919768 0.0 1.6431676725154984 0.6085806194501846 1 0 0 0.6699536805068637 0.7424029000315848 1.4682927887637913
cell 35.01796111516746 5.287174257013557 0.0 1.0 1.0 1 0 0 0.0 1.0 0
cell 14.398804132050367 27.949728107971417 0.0 1.6431676725154984 0.6085806194501846 1 0 0 0.4081809095345003 -0.9129010598589467 5.44226425839518
cell 42.104649272930594 5.7947407036703 0.0 1.0 1.0 1 0 0 0.0 1.0 0
cell 33.20915625333756 28.986939265599073 0.0 1.6431676725154984 0.6085806194501846 1 0 0 0.6732397196013674 0.7394242895327906 1.477163009883289
cell 44.78777501143089 47.717383142176075 0.0 1.0 1.0 1 0 0 0.0 1.0 0
cell 12.233026952432375 8.558594656457117 0.0 1.0 1.0 1 0 0 0.0 1.0 0
cell 6.138823140373206 20.00030828727248 0.0 1.0 1.0 1 0 0 0.0 1.0 0
cell 28.309858958489794 45.85182592683316 0.0 1.6431676725154984 0.6085806194501846 1 0 0 0.6800020755112127 0.7332101863043387 1.4955309307482476
cell 3.8816001493649517 24.104264174595414 0.0 1.0 1.0 1 0 0 0.0 1.0 0
cell 8.474794782181496 14.579412264839801 0.0 1.0 1.0 1 0 0 0.0 1.0 0
cell 11.249967032753226 57.909380374573026 0.0 1.6431676725154984 0.6085806194501846 1 0 0 0.5790714303990517 0.8152768109639794 1.2351785339893988
cell 26.83309780193658 2.3310050456288955 0.0 1.0 1.0 1 0 0 0.0 1.0 0
cell 8.27339035274227 45.62228888612482 0.0 1.6431676725154984 0.6085806194501846 1 0 0 0.2247525237374737 0.9744158778846106 0.4533781095460691
cell 52.83003184281463 19.042358451547116 0.0 1.0 1.0 1 0 0 0.0 1.0 0
cell 57.95181423570668 16.036162800058296 0.0 1.6431676725154984 0.6085806194501846 1 0 0 0.67988100164473 0.733322455405914 1.495200699118172
cell 28.79461516344327 31.650633863209663 0.0 1.6431676725154984 0.6085806194501846 1 0 0 0.5624412101669484 0.8268372784931377 1.1946706257332749
cell 34.29643349167267 54.00748596458174 0.0 1.6431676725154984 0.6085806194501846 1 0 0 0.1879221507219795 0.9821839263946573 0.37809235346825254
cell 55.24765529047744 4.132147032576322 0.0 1.6431676725154984 0.6085806194501846 1 0 0 0.7769852046536964 0.6295188573420605 1.7797250274050884
cell 34.586883622632314 47.14192799766298 0.0 1.0 1.0 1 0 0 0.0 1.0 0
cell 54.828576363091244 12.81387707769691 0.0 1.0 1.0 1 0 0 0.0 1.0 0
cell 45.969261381957764 16.27291775797788 0.0 1.6431676725154984 0.6085806194501846 1 0 0 0.8549704646974453 0.5186766858988694 2.0509877866655417
cell 29.580474855777233 16.721076803826538 0.0 1.0 1.0 1 0 0 0.0 1.0 0
cell 46.511293736381226 22.64583391361425 0.0 1.6431676725154984 0.6085806194501846 1 0 0 0.6327878857659015 0.7743251846788404 1.3702966900459044
cell 40.372428567782194 29.93634069103096 0.0 1.6431676725154984 0.6085806194501846 1 0 0 0.7008875034107223 0.7132718328678659 1.553282016261001
cell 49.25560299179464 20.159498856957338 0.0 1.0 1.0 1 0 0 0.0 1.0 0
cell 51.84807325130263 29.94532791495519 0.0 1.6431676725154984 0.6085806194501846 1 0 0 0.14678873932296047 0.989167865434364 0.29464211658298
cell 50.627445093112826 10.211410509985106 0.0 1.6431676725154984 0.6085806194501846 1 0 0 0.665042218366198 0.7468057630941035 1.4551006970038824
cell 5.490685085464974 13.906028117155355 0.0 1.0 1.0 1 0 0 0.0 1.0 0
cell 54.00306175472832 47.17631812446976 0.0 1.6431676725154984 0.6085806194501846 1 0 0 0.6637655200708834 -0.747940729179144 4.831501103852598
cell 54.41090037164431 29.931988317590122 0.0 1.6431676725154984 0.6085806194501846 1 0 0 -0.11039896932917309 0.9938873515499914 6.061936378906119
cell 31.25039013271046 5.050708837740756 0.0 1.0 1.0 1 0 0 0.0 1.0 0
cell 7.923538198708877 42.038860509980516 0.0 1.6431676725154984 0.6085806194501846 1 0 0 0.6917193097527032 -0.7221664603920925 4.755451080842784
cell 29.387252164029498 58.84967166825808 0.0 1.6431676725154984 0.6085806194501846 1 0 0 0.2905508018217452 -0.956859567314212 5.693580462290504
cell 57.4470468731091 24.397833058173745 0.0 1.0 1.0 1 0 0 0.0 1.0 0
cell 24.519693282152044 9.575261826985345 0.0 1.0 1.0 1 0 0 0.0 1.0 0
cell 58.215868895307146 43.523979183691374 0.0 1.0 1.0 1 0 0 0.0 1.0 0
cell 42.53205588964265 43.00265428120563 0.0 1.0 1.0 1 0 0 0.0 1.0 0
cell 21.713645761941088 55.235180870871666 0.0 1.0 1.0 1 0 0 0.0 1.0 0
cell 16.141371570133686 41.288848917473 0.0 1.6431676725154984 0.6085806194501846 1 0 0 0.6313088456695981 -0.775531521847642 4.916705846535824
cell 56.54031611310036 29.072723038837452 0.0 1.6431676725154984 0.6085806194501846 1 0 0 0.13054586387757217 0.9914422713524265 0.26183907065793705
cell 35.86387263174291 26.15586871287548 0.0 1.6431676725154984 0.6085806194501846 1 0 0 0.8455112667861927 0.5339575804664709 2.0150438938653474
cell 26.70997135614814 0.3221223899417791 0.0 1.0 1.0 1 0 0 0.0 1.0 0
cell 57.6370123375959 9.483920813720516 0.0 1.6431676725154984 0.6085806194501846 1 0 0 0.23307137692937788 0.972459630656329 0.47046970585560643
cell 10.850590812544967 27.115497295916768 0.0 1.6431676725154984 0.6085806194501846 1 0 0 0.4933682180062354 -0.8698205570468841 5.251269641305865
cell 37.019885560221205 43.841882738954084 0.0 1.0 1.0 1 0 0 0.0 1.0 0
cell 36.75948802514444 38.607143474252716 0.0 1.0 1.0 1 0 0 0.0 1.0 0
cell 14.19698501740967 2.97199516284225 0.0 1.0 1.0 1 0 0 0.0 1.0 0
cell 2.50779615411584 22.999200050354105 0.0 1.0 1.0 1 0 0 0.0 1.0 0
cell 37.478076940003035 21.17027796711908 0.0 1.6431676725154984 0.6085806194501846 1 0 0 -0.5224457519538014 -0.8526725258066118 1.0994335505669666
cell 17.064595954337822 24.419337869344577 0.0 1.6431676725154984 0.6085806194501846 1 0 0 0.5608275131420629 -0.8279326666480127 5.092415396510894
cell 33.21802641815723 5.1576264309266096 0.0 1.0 1.0 1 0 0 0.0 1.0 0
cell 37.676750082158215 2.296656826232924 0.0 1.0 1.0 1 0 0 0.0 1.0 0
cell 18.301742108755786 19.98291536005553 0.0 1.6431676725154984 0.6085806194501846 1 0 0 -0.0738594001579281 -0.9972686644070949 0.1478534372952014
cell 0.9009144577642217 10.428692541582507 0.0 1.0 1.0 1 0 0 0.0 1.0 0
cell 6.422443307875808 18.46704007331122 0.0 1.6431676725154984 0.6085806194501846 1 0 0 0.966042244675663 0.258384174248359 2.618894246591479
cell 12.010183190916617 26.754997625931015 0.0 1.6431676725154984 0.6085806194501846 1 0 0 0.5098315212526917 -0.8602742701819962 5.213207435488057
cell 43.432876864996096 22.09397897733083 0.0 1.0 1.0 1 0 0 0.0 1.0 0
cell 5.67443753485836 45.04957815977785 0.0 1.6431676725154984 0.6085806194501846 1 0 0 0.3997768071440602 0.9166125159900997 0.8225466712682505
cell 27.27465241491281 11.406058146727254 0.0 1.0 1.0 1 0 0 0.0 1.0 0
cell 24.803421778826007 51.149911234616376 0.0 1.0 1.0 1 0 0 0.0 1.0 0
cell 37.46724320870643 11.597467195754534 0.0 1.0 1.0 1 0 0 0.0 1.0 0
cell 7.888604201045007 8.478913028496152 0.0 1.0 1.0 1 0 0 0.0 1.0 0
cell 50.48671934795833 25.459259838895342 0.0 1.0 1.0 1 0 0 0.0 1.0 0
cell 43.94186000462663 23.575540521203266 0.0 1.6431676725154984 0.6085806194501846 1 0 0 0.2069861378581077 -0.9783438755031814 5.8661985574352675
cell 40.8324644520068 16.051123862461203 0.0 1.0 1.0 1 0 0 0.0 1.0 0
cell 24.374179088879583 47.90371565647195 0.0 1.0 1.0 1 0 0 0.0 1.0 0
cell 6.106522802843756 26.629223488729963 0.0 1.6431676725154984 0.6085806194501846 1 0 0 -0.24822152575302128 0.9687032952110993 5.7814975288593775
cell 23.867936103846443 17.866437873136718 0.0 1.0 1.0 1 0 0 0.0 1.0 0
cell 23.034736144698485 21.063266494400402 0.0 1.6431676725154984 0.6085806194501846 1 0 0 0.12068358845351304 0.9926910251825505 0.24195695039622517
cell 26.440273673699924 9.700555991087034 0.0 1.0 1.0 1 0 0 0.0 1.0 0
cell 41.65115699291763 41.17362765624749 0.0 1.0 1.0 1 0 0 0.0 1.0 0
cell 18.353721611908433 3.0203295753555377 0.0 1.0 1.0 1 0 0 0.0 1.0 0
cell 7.9792110269626315 2.608163231130541 0.0 1.6431676725154984 0.6085806194501846 1 0 0 0.27044122243786484 -0.9627364879375422 5.735482702572306
cell 40.75113840863249 49.50659870577961 0.0 1.0 1.0 1 0 0 0.0 1.0 0
cell 14.745416053288686 30.22126174279774 0.0 1.6431676725154984 0.6085806194501846 1 0 0 0.4418372208817918 -0.8970952403415452 5.367894088422917
cell 5.741490089157482 17.351548026798095 0.0 1.0 1.0 1 0 0 0.0 1.0 0
cell 1.6118601786355644 44.69437722657129 0.0 1.0 1.0 1 0 0 0.0 1.0 0
cell 53.42420798144302 58.9127597828633 0.0 1.6431676725154984 0.6085806194501846 1 0 0 0.6386318083501249 -0.7695124517273579 4.897747401413092
cell 45.94662389911069 52.54396407191196 0.0 1.0 1.0 1 0 0 0.0 1.0 0
cell 20.69691527083855 41.02885732423604 0.0 1.0 1.0 1 0 0 0.0 1.0 0
cell 35.61002436898912 8.683472038883425 0.0 1.0 1.0 1 0 0 0.0 1.0 0
cell 46.75608943642447 17.42468717061757 0.0 1.6431676725154984 0.6085806194501846 1 0 0 0.8132375117941656 0.5819319113185274 1.8993881378507487
cell 42.30535541169049 50.23289147759631 0.0 1.0 1.0 1 0 0 0.0 1.0 0
cell 40.356670876931965 8.968064722704174 0.0 1.0 1.0 1 0 0 0.0 1.0 0
cell 53.465318584320215 28.95657710425382 0.0 1.6431676725154984 0.6085806194501846 1 0 0 -0.02536832154543403 0.9996781723444638 6.232443220569663
cell 13.548167859473045 10.07603753392617 0.0 1.0 1.0 1 0 0 0.0 1.0 0
cell 53.36139702850211 33.442985104171406 0.0 1.6431676725154984 0.6085806194501846 1 0 0 0.1923193115871775 -0.9813324015799306 5.8961352415662285
cell 48.790050713068965 35.68093208907974 0.0 1.0 1.0 1 0 0 0.0 1.0 0
cell 50.64845852408114 32.88701264091649 0.0 1.6431676725154984 0.6085806194501846 1 0 0 0.997263658518538 -0.07392695988758537 3.289581580751676
cell 31.314385199654684 35.27254147900182 0.0 1.6431676725154984 0.6085806194501846 1 0 0 0.9996229873856795 -0.027456931549787143 3.196513418803282
cell 46.88173095570357 0.9197583001424389 0.0 1.0 1.0 1 0 0 0.0 1.0 0
cell 59.40734489839866 45.1278399146967 0.0 1.0 1.0 1 0 0 0.0 1.0 0
cell 48.37140089224788 26.655960196184907 0.0 1.6431676725154984 0.6085806194501846 1 0 0 0.6427620370196976 0.7660659004069356 1.3961966370391183
cell 47.39880292547339 42.80858378265226 0.0 1.0 1.0 1 0 0 0.0 1.0 0
cell 20.283199477547043 20.862167846879508 0.0 1.6431676725154984 0.6085806194501846 1 0 0 0.0760472038751458 -0.9971042186164755 6.130943918447114
cell 37.441240767003535 25.88980428851774 0.0 1.6431676725154984 0.6085806194501846 1 0 0 0.9099152399993679 0.4147942333457552 2.286159347492322
cell 35.77894262241058 12.58978657554143 0.0 1.0 1.0 1 0 0 0.0 1.0 0
cell 25.325633014772812 21.01323448287071 0.0 1.6431676725154984 0.6085806194501846 1 0 0 -0.09924681272587495 -0.9950628473437018 0.19882093638004505
cell 38.77268541232179 38.92325642362134 0.0 1.0 1.0 1 0 0 0.0 1.0 0
cell 36.70550044055516 54.194052101981626 0.0 1.6431676725154984 0.6085806194501846 1 0 0 -0.10921201892148792 -0.9940184781597838 0.21886058522644358
cell 36.97506321103716 51.3757374512862 0.0 1.0 1.0 1 0 0 0.0 1.0 0
cell 49.72827420581252 47.527026800587485 0.0 1.0 1.0 1 0 0 0.0 1.0 0
cell 18.44289830397992 22.27072982622654 0.0 1.6431676725154984 0.6085806194501846 1 0 0 0.2739052000079065 -0.9617566955361573 5.728282939312166
cell 23.924044852815342 44.63689801988413 0.0 1.0 1.0 1 0 0 0.0 1.0 0
cell 40.29636400442698 42.5982574476201 0.0 1.0 1.0 1 0 0 0.0 1.0 0
cell 43.07522057321241 46.945704213865255 0.0 1.0 1.0 1 0 0 0.0 1.0 0
cell 34.40249493432925 3.5128263717860415 0.0 1.0 1.0 1 0 0 0.0 1.0 0
cell 13.454551620438881 19.84923274548355 0.0 1.0 1.0 1 0 0 0.0 1.0 0
cell 30.164354908522572 6.695111337956879 0.0 1.0 1.0 1 0 0 0.0 1.0 0
cell 4.306778111108829 41.62519525965009 0.0 1.6431676725154984 0.6085806194501846 1 0 0 0.4704782875300143 0.882411571185932 0.9796654458553715
cell 22.049251442665884 15.195676280202225 0.0 1.0 1.0 1 0 0 0.0 1.0 0
cell 0.5297492660855303 31.331516952144476 0.0 1.6431676725154984 0.6085806194501846 1 0 0 0.21164626576120607 -0.9773463348216623 5.8566671519837215
cell 39.12427618217383 21.139033704146623 0.0 1.0 1.0 1 0 0 0.0 1.0 0
cell 59.551984560396626 37.66406557267038 0.0 1.6431676725154984 0.6085806194501846 1 0 0 0.9868936941462735 -0.1613717337526046 3.465753546303174
cell 55.66155023872172 46.34976368253577 0.0 1.6431676725154984 0.6085806194501846 1 0 0 -0.17068454954720952 -0.9853257251010278 0.3430487436043661
cell 22.223315906116003 39.02659810796831 0.0 1.0 1.0 1 0 0 0.0 1.0 0
cell 9.805971401540592 9.51366629114395 0.0 1.0 1.0 1 0 0 0.0 1.0 0
cell 49.323741410958846 55.18439916637332 0.0 1.6431676725154984 0.6085806194501846 1 0 0 0.2920894033229421 0.9563910186040266 0.5928215718162201
cell 3.1098323293422507 42.17322777238961 0.0 1.6431676725154984 0.6085806194501846 1 0 0 0.335781711218583 0.9419398295067049 0.684870005085779
cell 21.587754977019184 31.85014604070683 0.0 1.6431676725154984 0.6085806194501846 1 0 0 0.9966520971938456 -0.08175938575545566 3.3052941514755227
cell 23.38009945419786 58.357976523911496 0.0 1.0 1.0 1 0 0 0.0 1.0 0
cell 53.63912252022047 11.860578927943346 0.0 1.0 1.0 1 0 0 0.0 1.0 0
cell 35.794508583348744 10.64938109052628 0.0 1.0 1.0 1 0 0 0.0 1.0 0
cell 18.20540287229601 56.78783376471911 0.0 1.0 1.0 1 0 0 0.0 1.0 0
cell 0.06299692321143778 56.844778697386324 0.0 1.6431676725154984 0.6085806194501846 1 0 0 0.9224925161788918 0.3860149706862894 2.3489770180517393
cell 38.36749939665636 4.140037308553864 0.0 1.0 1.0 1 0 0 0.0 1.0 0
cell 57.68198399491896 31.164399694108504 0.0 1.6431676725154984 0.6085806194501846 1 0 0 0.03730323352839927 -0.9993039921707136 6.208561526407437
cell 5.136279562258187 15.845930400036178 0.0 1.0 1.0 1 0 0 0.0 1.0 0
cell 9.364147342441488 15.746652561179696 0.0 1.6431676725154984 0.6085806194501846 1 0 0 0.9358450700875103 0.3524116978661506 2.421298885327681
cell 29.238190417785113 8.312220994141692 0.0 1.0 1.0 1 0 0 0.0 1.0 0
cell 22.609086106942883 22.00112042121731 0.0 1.6431676725154984 0.6085806194501846 1 0 0 -0.0847238840173702 -0.9964044678126505 0.16965114553296878
cell 14.140247293774468 57.75983936475044 0.0 1.0 1.0 1 0 0 0.0 1.0 0
cell 22.768287802552432 9.526728911202465 0.0 1.6431676725154984 0.6085806194501846 1 0 0 0.8983949119854201 -0.43918854962158255 4.050983156409989
cell 41.81051719158096 25.162269212284677 0.0 1.6431676725154984 0.6085806194501846 1 0 0 0.21472932424617833 -0.9766735981425829 5.850355945276811
cell 35.15895254803089 43.5493174919496 0.0 1.0 1.0 1 0 0 0.0 1.0 0
cell 52.801575022192104 46.34344897710754 0.0 1.0 1.0 1 0 0 0.0 1.0 0
cell 44.530880124867224 45.76376647837179 0.0 1.0 1.0 1 0 0 0.0 1.0 0
cell 44.61028909512536 56.61502694461736 0.0 1.6431676725154984 0.6085806194501846 1 0 0 0.25282375104515015 -0.967512351811314 5.771989875861916
cell 26.95085873947936 50.286671197990714 0.0 1.6431676725154984 0.6085806194501846 1 0 0 0.7296630872733022 0.6838068287687638 1.6356582388292369
cell 27.14174579329571 16.767022584020026 0.0 1.6431676725154984 0.6085806194501846 1 0 0 0.877712096330087 -0.47918835123137554 4.14105214634157
cell 50.83943911729103 23.76682507431008 0.0 1.0 1.0 1 0 0 0.0 1.0 0
cell 34.6562337043555 22.503285269870684 0.0 1.6431676725154984 0.6085806194501846 1 0 0 0.7064323884831152 -0.7077805313104063 4.714295542543824
cell 48.01883737137727 47.06563178631642 0.0 1.0 1.0 1 0 0 0.0 1.0 0
cell 28.333727306811976 9.78108575430137 0.0 1.0 1.0 1 0 0 0.0 1.0 0
cell 11.931921242136537 18.95223065125652 0.0 1.0 1.0 1 0 0 0.0 1.0 0
cell 45.18449878689678 39.76795172474304 0.0 1.0 1.0 1 0 0 0.0 1.0 0
cell 53.418327051812916 2.3254750148822394 0.0 1.6431676725154984 0.6085806194501846 1 0 0 0.8339301563733009 0.5518699976364015 1.9723827143862775
cell 34.81837703291525 38.245384938988046 0.0 1.0 1.0 1 0 0 0.0 1.0 0
cell 35.53014757638055 52.72792297248373 0.0 1.0 1.0 1 0 0 0.0 1.0 0
cell 34.09370363318667 9.768575690675236 0.0 1.0 1.0 1 0 0 0.0 1.0 0
cell 41.19928368799867 12.454647917316477 0.0 1.0 1.0 1 0 0 0.0 1.0 0
cell 19.73536715417394 54.46265380687019 0.0 1.0 1.0 1 0 0 0.0 1.0 0
cell 27.287354867084442 52.61107672165318 0.0 1.0 1.0 1 0 0 0.0 1.0 0
cell 57.149825888555085 32.21461803714435 0.0 1.6431676725154984 0.6085806194501846 1 0 0 0.08291707784107667 -0.9965564500831334 6.117160536183233
cell 29.240155105375596 25.673679764347735 0.0 1.6431676725154984 0.6085806194501846 1 0 0 0.46511350435052856 0.8852510536965041 0.9675256480626652
cell 48.99768161486545 3.3293583643425304 0.0 1.0 1.0 1 0 0 0.0 1.0 0
cell 35.813463040246184 45.4391221828497 0.0 1.0 1.0 1 0 0 0.0 1.0 0
cell 56.36197286923743 47.77145074786897 0.0 1.0 1.0 1 0 0 0.0 1.0 0
cell 48.73226637002531 53.56397692789866 0.0 1.0 1.0 1 0 0 0.0 1.0 0
cell 11.820135652256216 24.19898139869743 0.0 1.6431676725154984 0.6085806194501846 1 0 0 -0.3025129474351441 0.9531452757235392 5.668529239492678
cell 29.873184359504712 1.9337165644437415 0.0 1.0 1.0 1 0 0 0.0 1.0 0
cell 45.02562065204863 49.28997667115225 0.0 1.6431676725154984 0.6085806194501846 1 0 0 -0.13950876259255707 -0.990220836561165 0.2799306172232159
cell 59.18403659557351 30.231986665133693 0.0 1.6431676725154984 0.6085806194501846 1 0 0 -0.072524464006353 -0.997366633751396 0.14517638459590199
cell 55.829535742975395 5.8655691942024735 0.0 1.6431676725154984 0.6085806194501846 1 0 0 0.8908762169806644 0.45424615135212765 2.1985409665268323
cell 57.43591633544621 52.95865243442608 0.0 1.0 1.0 1 0 0 0.0 1.0 0
cell 7.272380091349875 4.42153685566801 0.0 1.6431676725154984 0.6085806194501846 1 0 0 0.9991647307015522 -0.04086368708394492 3.2233427901517846
cell 54.6246315731111 53.63813258418148 0.0 1.0 1.0 1 0 0 0.0 1.0 0
cell 39.71689282134454 58.58370643536371 0.0 1.6431676725154984 0.6085806194501846 1 0 0 0.2523455862908889 -0.9676371763628698 5.772978253736738
cell 11.751431946668644 14.205121925696163 0.0 1.6431676725154984 0.6085806194501846 1 0 0 0.9393260025555389 0.3430257438196611 2.441320260016597
cell 19.32254652371708 0.10482760638036724 0.0 1.0 1.0 1 0 0 0.0 1.0 0
cell 21.61144540935712 26.79140888570629 0.0 1.0 1.0 1 0 0 0.0 1.0 0
cell 3.9630268703045246 17.367393894761143 0.0 1.0 1.0 1 0 0 0.0 1.0 0
cell 53.39651560045786 55.64829440813408 0.0 1.6431676725154984 0.6085806194501846 1 0 0 0.7494383363308675 -0.6620741499542339 4.588758643897051
cell 46.691818004658685 33.26808321023303 0.0 1.0 1.0 1 0 0 0.0 1.0 0
cell 23.31904625187414 8.20575398394486 0.0 1.0 1.0 1 0 0 0.0 1.0 0
cell 27.952551422749522 35.16362962337911 0.0 1.6431676725154984 0.6085806194501846 1 0 0 0.7446423207613471 0.6674637174642193 1.6799976052329881
cell 3.3670298253879714 27.944818584318668 0.0 1.6431676725154984 0.6085806194501846 1 0 0 -0.08152781305747862 0.9966710669514114 6.119948506039674
cell 25.06491833579353 54.91845279747137 0.0 1.6431676725154984 0.6085806194501846 1 0 0 0.6833712394642709 0.73007105755061 1.5047408020931854
cell 53.119557710763864 15.40180765307949 0.0 1.0 1.0 1 0 0 0.0 1.0 0
cell 18.17309230987848 50.93500357801367 0.0 1.0 1.0 1 0 0 0.0 1.0 0
cell 30.836006554209934 38.04337342869398 0.0 1.0 1.0 1 0 0 0.0 1.0 0
cell 1.7303360889859813 29.84619356217769 0.0 1.6431676725154984 0.6085806194501846 1 0 0 0.027275666640256047 0.999627949793987 0.054558099565743694
cell 23.31593337700499 42.90156165982307 0.0 1.0 1.0 1 0 0 0.0 1.0 0
cell 56.86824421751674 37.33867900001372 0.0 1.6431676725154984 0.6085806194501846 1 0 0 0.6969882676497388 -0.7170825299493889 4.740807514944291
cell 33.693784908106686 1.814284695315263 0.0 1.0 1.0 1 0 0 0.0 1.0 0
cell 6.4178610818371515 9.468133187372299 0.0 1.0 1.0 1 0 0 0.0 1.0 0
cell 8.868890651400406 49.97235811261465 0.0 1.0 1.0 1 0 0 0.0 1.0 0
cell 31.81933154261707 36.62326635315332 0.0 1.0 1.0 1 0 0 0.0 1.0 0
cell 2.2337700808378007 17.50157060187965 0.0 1.0 1.0 1 0 0 0.0 1.0 0
cell 32.88843498445873 48.53956532770252 0.0 1.0 1.0 1 0 0 0.0 1.0 0
cell 12.953159018979315 38.08955714679119 0.0 1.0 1.0 1 0 0 0.0 1.0 0
cell 30.933897459967472 33.73793258783591 0.0 1.6431676725154984 0.6085806194501846 1 0 0 0.9101591383254413 0.41425878738137856 2.2873361036849396
cell 9.198034226873386 32.72832067377321 0.0 1.6431676725154984 0.6085806194501846 1 0 0 0.3999177353697824 -0.9165510378242472 5.460331127669311
cell 39.34664116033137 53.81476325085902 0.0 1.6431676725154984 0.6085806194501846 1 0 0 0.04490235421354136 0.9989913806365307 0.08983491353623393
cell 29.278705082823734 13.035207362051816 0.0 1.0 1.0 1 0 0 0.0 1.0 0
cell 51.71201001180395 49.61471516574487 0.0 1.0 1.0 1 0 0 0.0 1.0 0
cell 21.212436638648562 34.30571090120599 0.0 1.6431676725154984 0.6085806194501846 1 0 0 0.9415673789219192 0.33682468874788096 2.45450767970957
cell 51.814237359707825 47.96732208953016 0.0 1.6431676725154984 0.6085806194501846 1 0 0 0.19338317537570454 -0.981123309009428 5.893966808049854
cell 37.22807521025275 17.63713319947011 0.0 1.0 1.0 1 0 0 0.0 1.0 0
cell 31.656708819973193 31.377959230961547 0.0 1.6431676725154984 0.6085806194501846 1 0 0 0.3839051671627476 0.9233725264625013 0.7880436813463054
cell 15.31260326328959 19.204855776821045 0.0 1.0 1.0 1 0 0 0.0 1.0 0
cell 34.94204563891583 48.95678385333294 0.0 1.0 1.0 1 0 0 0.0 1.0 0
cell 53.796682619603935 51.93915012449414 0.0 1.0 1.0 1 0 0 0.0 1.0 0
cell 3.9364854836627874 14.538340680118853 0.0 1.0 1.0 1 0 0 0.0 1.0 0
cell 24.03297338777417 11.92802489318296 0.0 1.6431676725154984 0.6085806194501846 1 0 0 0.821009207238951 -0.570914951309623 4.3568323469535555
cell 38.945177963830176 44.105506551744 0.0 1.0 1.0 1 0 0 0.0 1.0 0
cell 17.31474113918696 9.331949294167137 0.0 1.0 1.0 1 0 0 0.0 1.0 0
cell 43.373998554499764 9.367053341428281 0.0 1.0 1.0 1 0 0 0.0 1.0 0
cell 58.562419860911795 28.84389555460932 0.0 1.6431676725154984 0.6085806194501846 1 0 0 0.1774005410159915 0.9841387341463771 0.3566889297069596
cell 27.758162153298688 42.74922436968589 0.0 1.6431676725154984 0.6085806194501846 1 0 0 0.6041292694777186 0.796886331769041 1.29734549673465
cell 44.56150911462756 14.47528858965623 0.0 1.0 1.0 1 0 0 0.0 1.0 0
cell 53.13720649878368 49.44555480843125 0.0 1.6431676725154984 0.6085806194501846 1 0 0 0.695785864495776 -0.718249281773303 4.744158385768366
cell 54.18280600319004 24.774463905264312 0.0 1.0 1.0 1 0 0 0.0 1.0 0
cell 54.91712280360403 48.40722201301655 0.0 1.0 1.0 1 0 0 0.0 1.0 0
cell 53.55161367695089 38.08351978061466 0.0 1.6431676725154984 0.6085806194501846 1 0 0 0.5229673199345108 -0.8523527334856825 5.182528154882151
cell 29.129142110079144 55.88755988788448 0.0 1.6431676725154984 0.6085806194501846 1 0 0 0.20073106394406115 0.9796463851655276 0.4042082334040922
cell 59.43813049469785 24.14887712632759 0.0 1.0 1.0 1 0 0 0.0 1.0 0
cell 52.968807845650325 13.618182557459624 0.0 1.0 1.0 1 0 0 0.0 1.0 0
cell 50.86643781702909 43.91137117135351 0.0 1.0 1.0 1 0 0 0.0 1.0 0
cell 13.144302489961362 49.20994630469335 0.0 1.0 1.0 1 0 0 0.0 1.0 0
cell 45.87209253651783 58.554578946689695 0.0 1.0 1.0 1 0 0 0.0 1.0 0
cell 54.619897000713436 57.219078832220895 0.0 1.0 1.0 1 0 0 0.0 1.0 0
cell 52.64422155552417 35.45652605664626 0.0 1.6431676725154984 0.6085806194501846 1 0 0 0.48417970416004347 -0.874968578909833 5.272334487974243
cell 11.106846507344564 2.0383180428810532 0.0 1.6431676725154984 0.6085806194501846 1 0 0 0.008782855859494522 0.9999614299776524 0.017565937559104496
cell 3.926495123419086 25.42052181277526 0.0 1.6431676725154984 0.6085806194501846 1 0 0 -0.1148989136632949 0.9933771890067713 6.052878829594081
cell 21.142644695403085 46.75838545425899 0.0 1.0 1.0 1 0 0 0.0 1.0 0
cell 57.82720359521669 46.33737588905653 0.0 1.0 1.0 1 0 0 0.0 1.0 0
cell 2.8981006681017014 46.23041803289627 0.0 1.0 1.0 1 0 0 0.0 1.0 0
cell 31.78029198510961 23.54255637961244 0.0 1.0 1.0 1 0 0 0.0 1.0 0
cell 51.69343119364417 12.281866628707093 0.0 1.0 1.0 1 0 0 0.0 1.0 0
cell 39.76315279175456 50.68606930745448 0.0 1.6431676725154984 0.6085806194501846 1 0 0 0.009999615291748531 0.9999500025971384 0.01999956389335906
cell 20.171839558112673 19.661305455124765 0.0 1.6431676725154984 0.6085806194501846 1 0 0 0.18781584651676478 0.9822042597124038 0.3778758907428854
cell 12.511146156244324 45.25052677614784 0.0 1.6431676725154984 0.6085806194501846 1 0 0 0.9594704502486783 -0.28180925304112814 3.7129511879393258
cell 43.35075459038337 7.38434966992088 0.0 1.0 1.0 1 0 0 0.0 1.0 0
cell 59.209747570363426 14.419695363168362 0.0 1.0 1.0 1 0 0 0.0 1.0 0
cell 30.32943722512559 9.99793933309809 0.0 1.0 1.0 1 0 0 0.0 1.0 0
cell 6.03126338009041 7.503583565705168 0.0 1.0 1.0 1 0 0 0.0 1.0 0
cell 32.280255253643645 10.538932964953625 0.0 1.0 1.0 1 0 0 0.0 1.0 0
cell 21.783550144904947 58.483852996969425 0.0 1.6431676725154984 0.6085806194501846 1 0 0 0.3316977219907869 0.9433857223989149 0.6762052249670111
cell 39.942802302098286 55.423948986905465 0.0 1.6431676725154984 0.6085806194501846 1 0 0 0.14709632605802608 -0.9891221718575672 5.9879212661531955
cell 52.87010111871446 10.751529954029953 0.0 1.6431676725154984 0.6085806194501846 1 0 0 -0.020273937063243142 0.9997944626151696 6.242634654790014
cell 19.509271177916165 26.470431609929463 0.0 1.6431676725154984 0.6085806194501846 1 0 0 0.5973000811733813 -0.802017838349168 5.0029243784995066
cell 58.79420826750092 49.78102714374803 0.0 1.0 1.0 1 0 0 0.0 1.0 0
cell 4.834845888238598 5.799354506519882 0.0 1.6431676725154984 0.6085806194501846 1 0 0 0.9952632798633341 0.09721627310115699 2.9468525337000475
cell 5.205563128355149 35.193651223155 0.0 1.6431676725154984 0.6085806194501846 1 0 0 0.8542292414217674 0.5198965311482582 2.0481330119124017
cell 46.62441572624432 40.97489538871368 0.0 1.0 1.0 1 0 0 0.0 1.0 0
cell 18.245459164392003 59.03185563213349 0.0 1.6431676725154984 0.6085806194501846 1 0 0 0.32838414615482886 -0.9445442565354807 5.614000623165769
cell 2.7849076173743432 15.749243158713744 0.0 1.0 1.0 1 0 0 0.0 1.0 0
cell 52.33747648381881 44.831345731485385 0.0 1.0 1.0 1 0 0 0.0 1.0 0
cell 28.21917722256231 1.2481104679867454 0.0 1.0 1.0 1 0 0 0.0 1.0 0
cell 25.576171999517552 19.388411212695075 0.0 1.6431676725154984 0.6085806194501846 1 0 0 0.3942273410020714 0.9190129507283542 0.8104539010691243
cell 17.528043221797695 58.075409141313095 0.0 1.6431676725154984 0.6085806194501846 1 0 0 -0.0993211226434642 0.9950554329266496 6.084215013008516
cell 38.890463086143576 0.7263000865963607 0.0 1.0 1.0 1 0 0 0.0 1.0 0
cell 0.9995055681555214 13.15623045028922 0.0 1.0 1.0 1 0 0 0.0 1.0 0
cell 18.62983371788721 18.131893436514083 0.0 1.0 1.0 1 0 0 0.0 1.0 0
cell 30.37352694106997 57.39936599710688 0.0 1.6431676725154984 0.6085806194501846 1 0 0 0.02343075404184141 -0.9997254621970127 6.236319510206424
cell 23.869053453537997 33.4447520165946 0.0 1.6431676725154984 0.6085806194501846 1 0 0 0.9775364387696859 0.21076648423665503 2.716874670715337
cell 33.95194804342371 7.002715023003863 0.0 1.0 1.0 1 0 0 0.0 1.0 0
cell 11.015480899773475 7.065311553175053 0.0 1.0 1.0 1 0 0 0.0 1.0 0
cell 36.743618144870396 55.38715629028177 0.0 1.6431676725154984 0.6085806194501846 1 0 0 -0.09466502058295788 -0.9955091832213444 0.18961396676309317
cell 30.771805854824187 13.864818580912571 0.0 1.0 1.0 1 0 0 0.0 1.0 0
cell 29.761052157771825 21.73332310394061 0.0 1.0 1.0 1 0 0 0.0 1.0 0
cell 11.677372698242081 23.072012586197182 0.0 1.6431676725154984 0.6085806194501846 1 0 0 0.004675078369294843 0.9999890717614073 0.00935019079898648
cell 30.879512582702347 15.682532196811303 0.0 1.0 1.0 1 0 0 0.0 1.0 0
cell 23.82026247691495 25.393345477536013 0.0 1.6431676725154984 0.6085806194501846 1 0 0 0.01834363902480045 -0.9998317412981685 6.246495971340229
cell 57.88258397012243 40.778648667541155 0.0 1.6431676725154984 0.6085806194501846 1 0 0 0.46475455677430183 -0.8854395529665039 5.316470523691363
cell 23.392290762354143 27.017555388892706 0.0 1.0 1.0 1 0 0 0.0 1.0 0
cell 27.322941881424125 26.271019835439244 0.0 1.0 1.0 1 0 0 0.0 1.0 0
cell 21.914710220720465 0.9584958960863367 0.0 1.6431676725154984 0.6085806194501846 1 0 0 -0.11016672504902959 -0.9939131212998304 0.22078158905656142
cell 0.9750552653466333 20.065269062531797 0.0 1.6431676725154984 0.6085806194501846 1 0 0 0.9954335209985483 -0.09545734792268577 3.332798483938352
cell 48.00124666074526 11.650893643434829 0.0 1.6431676725154984 0.6085806194501846 1 0 0 0.7938859197261859 -0.6080667286248342 4.4488388789860815
cell 34.045120495811624 45.21143178365795 0.0 1.0 1.0 1 0 0 0.0 1.0 0
cell 49.62198374360639 7.44263567503018 0.0 1.6431676725154984 0.6085806194501846 1 0 0 0.33126972543019517 0.9435360984156372 0.6752979344825182
cell 38.870412270499834 51.99525110982686 0.0 1.0 1.0 1 0 0 0.0 1.0 0
cell 36.93275949365788 0.41641331200724063 0.0 1.0 1.0 1 0 0 0.0 1.0 0
cell 4.4903884760728605 47.62075646179579 0.0 1.0 1.0 1 0 0 0.0 1.0 0
cell 27.146780874643582 58.812049936859246 0.0 1.6431676725154984 0.6085806194501846 1 0 0 0.1446555928345922 0.989482066265818 0.29032979103661716
cell 36.535305016426015 58.00520501162828 0.0 1.6431676725154984 0.6085806194501846 1 0 0 0.26680297735194564 -0.9637510940466616 5.743036845759302
cell 49.3949314422399 11.192861698246698 0.0 1.6431676725154984 0.6085806194501846 1 0 0 -0.3617020649451147 -0.932293739233746 0.7401858457587869
cell 51.910096575797525 22.392849589681813 0.0 1.0 1.0 1 0 0 0.0 1.0 0
cell 18.045476356011196 7.456516993235622 0.0 1.0 1.0 1 0 0 0.0 1.0 0
cell 57.21583994806985 50.98279745019633 0.0 1.0 1.0 1 0 0 0.0 1.0 0
cell 23.03214727619632 2.319676081882003 0.0 1.0 1.0 1 0 0 0.0 1.0 0
cell 18.94799575128076 12.664132033542078 0.0 1.0 1.0 1 0 0 0.0 1.0 0
cell 8.028630726652331 48.19089543843305 0.0 1.0 1.0 1 0 0 0.0 1.0 0
cell 25.932926942435934 36.99684555875 0.0 1.6431676725154984 0.6085806194501846 1 0 0 0.5626617687557242 0.8266872044374947 1.1952041735331278
cell 37.44848790062046 52.94194165335771 0.0 1.0 1.0 1 0 0 0.0 1.0 0
cell 27.297284431025734 4.896438288517313 0.0 1.0 1.0 1 0 0 0.0 1.0 0
cell 6.3187104070880125 12.75329497521596 0.0 1.6431676725154984 0.6085806194501846 1 0 0 0.9376982775663244 -0.34745062994495846 3.8512946064401237
cell 3.694379885620989 19.238165146173003 0.0 1.6431676725154984 0.6085806194501846 1 0 0 0.9713080492338987 0.2378248798873621 2.661340927936122
cell 59.748467543196696 2.5649818045186055 0.0 1.6431676725154984 0.6085806194501846 1 0 0 0.8567533626885551 0.5157263572107337 2.057882183341749
cell 45.455632002863645 42.58834311563108 0.0 1.0 1.0 1 0 0 0.0 1.0 0
cell 19.181252595928356 8.969621313146988 0.0 1.0 1.0 1 0 0 0.0 1.0 0
cell 11.572898989203889 5.210555060628014 0.0 1.0 1.0 1 0 0 0.0 1.0 0
cell 56.32927177110083 30.356224962179308 0.0 1.6431676725154984 0.6085806194501846 1 0 0 -0.07542052185597214 0.9971518163664813 6.13220089245156
cell 33.778266859846184 52.34705687077893 0.0 1.0 1.0 1 0 0 0.0 1.0 0
cell 19.08667045494886 24.797414655327227 0.0 1.6431676725154984 0.6085806194501846 1 0 0 0.5337004975678621 -0.8456735652104873 5.157244601386951
cell 7.2735170545643655 23.069982549635323 0.0 1.0 1.0 1 0 0 0.0 1.0 0
cell 44.595826905102 12.497824209283989 0.0 1.0 1.0 1 0 0 0.0 1.0 0
cell 59.57597890825643 41.431985820914896 0.0 1.6431676725154984 0.6085806194501846 1 0 0 0.807493628498038 -0.5898762920605239 4.403403918206734
cell 56.353425763022145 58.72013460861046 0.0 1.6431676725154984 0.6085806194501846 1 0 0 0.7599374756687839 -0.6499961792765835 4.556751471656334
cell 41.41965966856809 33.72683773104216 0.0 1.0 1.0 1 0 0 0.0 1.0 0
cell 10.308362241764684 51.71839615902031 0.0 1.0 1.0 1 0 0 0.0 1.0 0
cell 20.702279108038827 23.459686063645016 0.0 1.6431676725154984 0.6085806194501846 1 0 0 0.5176559204066925 -0.8555888896356123 5.194967414711206
cell 10.777875641019152 49.80224495519541 0.0 1.0 1.0 1 0 0 0.0 1.0 0
cell 46.51750857354969 9.75190613412845 0.0 1.0 1.0 1 0 0 0.0 1.0 0
cell 38.30821368911748 42.2699178919799 0.0 1.0 1.0 1 0 0 0.0 1.0 0
cell 55.870154165855 35.71324188570693 0.0 1.6431676725154984 0.6085806194501846 1 0 0 0.3183983572838346 -0.9479570064506911 5.635106439885216
cell 46.124028017544205 37.59431518727031 0.0 1.0 1.0 1 0 0 0.0 1.0 0
cell 31.115837529385324 46.62891956280306 0.0 1.0 1.0 1 0 0 0.0 1.0 0
cell 35.64630549399707 20.788735920918256 0.0 1.0 1.0 1 0 0 0.0 1.0 0
cell 49.03978589149688 24.210317747953464 0.0 1.0 1.0 1 0 0 0.0 1.0 0
cell 47.34092084878994 34.86503357141374 0.0 1.6431676725154984 0.6085806194501846 1 0 0 0.5554075059535966 -0.831578320021876 5.105479456852797
cell 7.422195981483549 31.19676566786983 0.0 1.6431676725154984 0.6085806194501846 1 0 0 -0.30758491242084046 0.9515206364819756 5.657877601397814
cell 17.244790418123017 16.709654185557042 0.0 1.0 1.0 1 0 0 0.0 1.0 0
cell 56.95447519198184 2.936373116195483 0.0 1.6431676725154984 0.6085806194501846 1 0 0 -0.8130999857798938 -0.5821240530374401 1.8989155625868683
cell 56.53249915961085 15.136152561882986 0.0 1.0 1.0 1 0 0 0.0 1.0 0
cell 47.79437717582274 17.7250126028146 0.0 1.6431676725154984 0.6085806194501846 1 0 0 0.8735928105994647 0.48665758112756025 2.1250734596308276
cell 13.680737311275792 18.11091673754138 0.0 1.0 1.0 1 0 0 0.0 1.0 0
cell 25.6848786785364 49.42428734984309 0.0 1.0 1.0 1 0 0 0.0 1.0 0
cell 44.251617826369184 43.92764626117909 0.0 1.0 1.0 1 0 0 0.0 1.0 0
cell 14.87760277106498 6.37744671152274 0.0 1.0 1.0 1 0 0 0.0 1.0 0
cell 42.26024087774108 48.453301398003006 0.0 1.0 1.0 1 0 0 0.0 1.0 0
cell 29.50016999000337 46.705147882838745 0.0 1.6431676725154984 0.6085806194501846 1 0 0 0.6663684691363219 0.7456226011467966 1.4586553076043944
cell 22.85156685499768 5.396241626343906 0.0 1.0 1.0 1 0 0 0.0 1.0 0
cell 33.488797614713384 54.750207263941896 0.0 1.6431676725154984 0.6085806194501846 1 0 0 -0.13531852482743442 -0.9908021481802142 0.27146987436795467
cell 41.02867225618275 24.237185403665872 0.0 1.6431676725154984 0.6085806194501846 1 0 0 0.18462966854727333 -0.9828081631183799 5.9117952282111235
cell 39.222663945660685 26.84534042036954 0.0 1.6431676725154984 0.6085806194501846 1 0 0 0.9999165915552434 -0.012915491959062874 3.1674243557059456
cell 12.329023459996291 51.05172036477128 0.0 1.0 1.0 1 0 0 0.0 1.0 0
cell 44.21445466464526 38.1754206550768 0.0 1.0 1.0 1 0 0 0.0 1.0 0
cell 59.53980872208915 52.9912916546197 0.0 1.6431676725154984 0.6085806194501846 1 0 0 0.39488032754221125 -0.9187325655054119 5.471310128774963
cell 29.9553577631434 31.22441657027786 0.0 1.6431676725154984 0.6085806194501846 1 0 0 0.5546136584445023 0.8321079796918216 1.1757972033685682
cell 46.79906225127864 57.224159771737796 0.0 1.6431676725154984 0.6085806194501846 1 0 0 -0.005345777124151733 -0.999985711231385 0.010691605171643026
cell 27.270335394515836 47.10331889225378 0.0 1.6431676725154984 0.6085806194501846 1 0 0 0.6785066446947664 0.7345942642745382 1.4914556459282864
cell 8.626147847920798 24.916681411820463 0.0 1.6431676725154984 0.6085806194501846 1 0 0 -0.19013116109358888 0.9817586982457572 5.90059382137961
cell 23.347286464456 54.734200840212736 0.0 1.6431676725154984 0.6085806194501846 1 0 0 0.3929823851160325 0.9195459993869335 0.8077453543658831
cell 26.20611064549377 6.483590695231326 0.0 1.0 1.0 1 0 0 0.0 1.0 0
cell 24.889234213270814 19.901027967037614 0.0 1.6431676725154984 0.6085806194501846 1 0 0 0.2867987642898331 0.9579908500616406 0.5817670885901994
cell 13.188893360166654 26.853911905992213 0.0 1.0 1.0 1 0 0 0.0 1.0 0
cell 16.247485460225285 2.753512606302448 0.0 1.0 1.0 1 0 0 0.0 1.0 0
cell 14.046886251115259 40.12165317744182 0.0 1.6431676725154984 0.6085806194501846 1 0 0 0.8011448774948216 0.5984704547960638 1.858411563647989
cell 1.602176108843603 33.403750429842695 0.0 1.6431676725154984 0.6085806194501846 1 0 0 0.24201987573966674 -0.9702712918287113 5.794291154743019
cell 31.32550084113609 53.44220557145292 0.0 1.0 1.0 1 0 0 0.0 1.0 0
cell 50.605810626209674 59.09793574886629 0.0 1.0 1.0 1 0 0 0.0 1.0 0
cell 29.02789950922771 14.841232470330532 0.0 1.0 1.0 1 0 0 0.0 1.0 0
cell 58.72425261245171 51.77333739470774 0.0 1.0 1.0 1 0 0 0.0 1.0 0
cell 23.888126340912635 3.9163717245686183 0.0 1.0 1.0 1 0 0 0.0 1.0 0
cell 39.25906072149983 34.0190920403355 0.0 1.6431676725154984 0.6085806194501846 1 0 0 0.8968816897550341 0.4422705445563323 2.225335260388305
cell 15.635256342688669 20.461386722933092 0.0 1.6431676725154984 0.6085806194501846 1 0 0 -0.09017023983742556 0.9959263666796161 6.10259954745677
cell 44.88529596820154 0.7817860694908874 0.0 1.0 1.0 1 0 0 0.0 1.0 0
cell 31.42148854214782 59.737657752256744 0.0 1.0 1.0 1 0 0 0.0 1.0 0
cell 3.679002617617207 7.429074604092754 0.0 1.6431676725154984 0.6085806194501846 1 0 0 0.902180778348713 -0.4313581379528041 4.033587914771575
cell 32.84095423666172 46.80032451840053 0.0 1.0 1.0 1 0 0 0.0 1.0 0
cell 27.819346682992993 15.792748019947597 0.0 1.6431676725154984 0.6085806194501846 1 0 0 0.8388832224235954 -0.5443114357940725 4.292728824377233
cell 43.65842774703615 34.447612355598544 0.0 1.0 1.0 1 0 0 0.0 1.0 0
cell 49.509167622307274 15.630244842987226 0.0 1.0 1.0 1 0 0 0.0 1.0 0
cell 3.0632272332295276 51.692914885731426 0.0 1.0 1.0 1 0 0 0.0 1.0 0
cell 50.21950700846146 53.870106045474145 0.0 1.0 1.0 1 0 0 0.0 1.0 0
cell 20.514116784034364 15.834840358183861 0.0 1.0 1.0 1 0 0 0.0 1.0 0
cell 25.67541902686245 14.622939723245757 0.0 1.6431676725154984 0.6085806194501846 1 0 0 0.9349282788338534 -0.35483674194870024 3.8670715346837734
cell 48.69299594530452 59.4357815492071 0.0 1.0 1.0 1 0 0 0.0 1.0 0
cell 0.07100941134592659 9.113990201713193 0.0 1.0 1.0 1 0 0 0.0 1.0 0
cell 52.09964471518267 51.4378848041888 0.0 1.0 1.0 1 0 0 0.0 1.0 0
cell 45.72947632207742 30.735815716222604 0.0 1.6431676725154984 0.6085806194501846 1 0 0 -0.19003027937052214 -0.9817782300104038 0.3823859755872041
cell 0.7965872353459528 25.808536390572684 0.0 1.0 1.0 1 0 0 0.0 1.0 0
cell 59.04747524739885 47.5455945496585 0.0 1.0 1.0 1 0 0 0.0 1.0 0
cell 33.361916683341846 43.3447832111865 0.0 1.0 1.0 1 0 0 0.0 1.0 0
cell 23.880272323073335 28.918675779063054 0.0 1.0 1.0 1 0 0 0.0 1.0 0
cell 19.477992740076562 52.44507568842891 0.0 1.0 1.0 1 0 0 0.0 1.0 0
cell 10.181391517561545 19.730495221737414 0.0 1.0 1.0 1 0 0 0.0 1.0 0
cell 17.139022759291564 34.19454087871767 0.0 1.0 1.0 1 0 0 0.0 1.0 0
cell 32.620862673238356 16.29117379817309 0.0 1.0 1.0 1 0 0 0.0 1.0 0
cell 2.377725288288899 21.2849916298142 0.0 1.0 1.0 1 0 0 0.0 1.0 0
cell 48.97508787669056 33.76427496117636 0.0 1.0 1.0 1 0 0 0.0 1.0 0
cell 10.762915717043906 21.852670706076978 0.0 1.0 1.0 1 0 0 0.0 1.0 0
cell 18.068114398502075 27.748305897091168 0.0 1.6431676725154984 0.6085806194501846 1 0 0 0.5739113950425397 -0.8189174015981867 5.060636895530161
cell 12.128147393431037 47.85843012621306 0.0 1.6431676725154984 0.6085806194501846 1 0 0 0.7556854764693289 0.6549346995337194 1.7134002435669569
cell 6.897948483594002 48.99205917505911 0.0 1.6431676725154984 0.6085806194501846 1 0 0 0.4496211318591058 0.8932193671129934 0.9326822670078048
cell 54.855341795020514 38.20762418365396 0.0 1.6431676725154984 0.6085806194501846 1 0 0 0.5327314226220387 -0.8462843678995251 5.159535615414883
cell 17.167776722296843 21.04849635776226 0.0 1.6431676725154984 0.6085806194501846 1 0 0 -0.1150196301685072 0.9933632189063071 6.052635785249519
cell 31.885089737675642 56.390522015923416 0.0 1.6431676725154984 0.6085806194501846 1 0 0 -0.014341143958512376 0.999897160507 6.254502035998131
cell 6.663130579748615 30.29345777745922 0.0 1.6431676725154984 0.6085806194501846 1 0 0 0.3000416711508899 -0.9539260954460682 5.673712632077433
cell 39.53086260335168 23.07812377963876 0.0 1.0 1.0 1 0 0 0.0 1.0 0
cell 13.696451068624357 13.796319660476703 0.0 1.6431676725154984 0.6085806194501846 1 0 0 0.9455718225199151 0.32541347307136226 2.478694717083883
cell 54.71812096425505 14.460894037244342 0.0 1.0 1.0 1 0 0 0.0 1.0 0
cell 44.39564524013529 52.32179686790494 0.0 1.0 1.0 1 0 0 0.0 1.0 0
cell 39.550933736162925 45.96423954946679 0.0 1.0 1.0 1 0 0 0.0 1.0 0
cell 20.269871638025474 17.733313779314578 0.0 1.0 1.0 1 0 0 0.0 1.0 0
cell 12.70819618327907 24.607640969247225 0.0 1.6431676725154984 0.6085806194501846 1 0 0 -0.45021733321330226 0.8929190068949716 5.349167866277687
cell 29.83539601032939 36.3293472438221 0.0 1.0 1.0 1 0 0 0.0 1.0 0
cell 33.99852709336618 32.16211401722684 0.0 1.6431676725154984 0.6085806194501846 1 0 0 0.9869687156435524 0.16091225665224115 2.8183628837141246
cell 9.694396004115987 33.980134511499195 0.0 1.6431676725154984 0.6085806194501846 1 0 0 0.30635978582681966 -0.9519157954504932 5.660452158455334
cell 24.05887596263098 6.707822135809775 0.0 1.0 1.0 1 0 0 0.0 1.0 0
cell 57.610018365088585 48.706408797890084 0.0 1.0 1.0 1 0 0 0.0 1.0 0
cell 0.323381132936279 54.71897145053393 0.0 1.0 1.0 1 0 0 0.0 1.0 0
cell 40.86761114101237 0.8349227274768295 0.0 1.0 1.0 1 0 0 0.0 1.0 0
cell 9.617713964222295 5.596854814084867 0.0 1.0 1.0 1 0 0 0.0 1.0 0
cell 17.28785625181993 41.028024943723814 0.0 1.6431676725154984 0.6085806194501846 1 0 0 0.6882095176984953 -0.7255119983495825 4.765148773466062
