1000
 Lattice="66.99245856906788 0.0 0.0 0.0 66.99245856906788 0.0 0.0 0.0 1.0"Properties=species:S:1:pos:R:3:aspherical_shape:R:3:orientation:R:4:Color:R:1
cell 19.64922346896793 58.34379261001861 0.0 1.6431676725154984 0.6085806194501846 1 0 0 0.928503596267682 -0.3713234058310646 3.9024605047727943
cell 52.53642130772794 42.16859385443575 0.0 1.0 1.0 1 0 0 0.0 1.0 0
cell 25.23758860869562 54.26386173777483 0.0 1.6431676725154984 0.6085806194501846 1 0 0 -0.5749163205068375 -0.8182122123354548 1.225003746473324
cell 17.377265831850035 19.68243297688345 0.0 1.0 1.0 1 0 0 0.0 1.0 0
cell 54.98795212232965 22.009973278026138 0.0 1.6431676725154984 0.6085806194501846 1 0 0 0.5697813179815138 0.8217963553577304 1.2124794564276786
cell 20.36236944836089 33.87324574818947 0.0 1.0 1.0 1 0 0 0.0 1.0 0
cell 20.75052330609732 2.545390835601713 0.0 1.6431676725154984 0.6085806194501846 1 0 0 0.9952944434377418 0.09689670201795277 2.9474947076530413
cell 41.52209566002971 58.8740002854565 0.0 1.6431676725154984 0.6085806194501846 1 0 0 0.2749965287665869 -0.9614452190147537 5.726013123265736
cell 35.336875675652145 15.33531003092637 0.0 1.6431676725154984 0.6085806194501846 1 0 0 0.6618601300827746 0.7496273528939648 1.4465949149460011
cell 3.7585813884482526 11.689798042596207 0.0 1.6431676725154984 0.6085806194501846 1 0 0 0.6563997079978481 0.7544132974307516 1.4320729720889493
cell 39.60161281594713 64.73961946012388 0.0 1.6431676725154984 0.6085806194501846 1 0 0 -0.1421253425298218 -0.989848668742238 0.2852164486694111
cell 51.445758771056845 26.62855426240296 0.0 1.6431676725154984 0.6085806194501846 1 0 0 0.31367117633205677 0.9495316704241432 0.6381137566095134
cell 32.328766561596254 22.61826391385532 0.0 1.6431676725154984 0.6085806194501846 1 0 0 -0.9674991934827059 -0.2528741003153818 2.6302931417143753
cell 25.470613584693737 58.801881396182885 0.0 1.6431676725154984 0.6085806194501846 1 0 0 0.47492961185168786 0.8800237859208154 0.9897680912404011
cell 40.19778695447988 32.741661097428256 0.0 1.0 1.0 1 0 0 0.0 1.0 0
cell 52.57246701691904 65.37568441878405 0.0 1.6431676725154984 0.6085806194501846 1 0 0 0.7044227078930615 0.7097807045874145 1.5632189570748434
cell 50.95368390080518 43.15561844569393 0.0 1.6431676725154984 0.6085806194501846 1 0 0 -0.6108591386073098 0.7917392959680197 4.968894776311735
cell 5.398496674851502 23.622573933112403 0.0 1.6431676725154984 0.6085806194501846 1 0 0 0.005153046321242657 0.9999867229686658 0.010306138254165865
cell 18.41360091207729 11.409209716118713 0.0 1.6431676725154984 0.6085806194501846 1 0 0 0.3111493236871142 -0.9503610358011588 5.650381010742422
cell 39.440272347738855 61.22281792269326 0.0 1.6431676725154984 0.6085806194501846 1 0 0 0.07509874494784541 -0.997176102053824 6.132846276597993
cell 22.037692691441354 8.94487374777562 0.0 1.6431676725154984 0.6085806194501846 1 0 0 -0.5799897996927463 0.8146237366124117 5.045752968937227
cell 56.76379929007525 5.283170912876636 0.0 1.6431676725154984 0.6085806194501846 1 0 0 0.8388600142241153 0.5443472021935238 1.9903712101607132
cell 52.42279872367107 24.635238338712764 0.0 1.6431676725154984 0.6085806194501846 1 0 0 0.32089859706959195 0.94711355728802 0.6533562187195162
cell 40.797654176855424 39.017901337330755 0.0 1.6431676725154984 0.6085806194501846 1 0 0 0.9979818459145219 -0.06349988366165318 3.2686779249743227
cell 47.99865850077874 28.05113461553689 0.0 1.6431676725154984 0.6085806194501846 1 0 0 0.16433452226517753 -0.9864046658404835 5.953018660148877
cell 1.1073555458178286 64.53725450821766 0.0 1.6431676725154984 0.6085806194501846 1 0 0 0.863535546834305 -0.5042879726441806 4.19870708885399
cell 8.623096063148845 34.69082966637204 0.0 1.6431676725154984 0.6085806194501846 1 0 0 0.9212370980722536 0.38900155415552373 2.34249758455142
cell 13.95923734599398 21.454114883269906 0.0 1.0 1.0 1 0 0 0.0 1.0 0
cell 43.613383066906955 41.46398168382503 0.0 1.6431676725154984 0.6085806194501846 1 0 0 0.2012069670225217 -0.9795487514266954 5.878005444027723
cell 25.43684719997182 32.44656445254403 0.0 1.6431676725154984 0.6085806194501846 1 0 0 0.9852130214062513 0.17133389171896318 2.7972258092388143
cell 54.05111954610709 35.4410449225289 0.0 1.6431676725154984 0.6085806194501846 1 0 0 0.4094472316335013 0.9123338010331865 0.843696191694411
cell 18.957958964744144 64.51161137185744 0.0 1.6431676725154984 0.6085806194501846 1 0 0 0.6664784852644909 -0.7455242643130737 4.824234881420119
cell 53.194193691811925 56.41772974081809 0.0 1.6431676725154984 0.6085806194501846 1 0 0 -0.1525148587119206 -0.9883011777146089 0.30622480791144646
cell 39.20476107324272 31.290400006526525 0.0 1.0 1.0 1 0 0 0.0 1.0 0
cell 22.081022076683723 4.01221611613873 0.0 1.6431676725154984 0.6085806194501846 1 0 0 -0.5494672905323961 0.8355152282484068 5.119732262971683
cell 43.21070088816262 57.0913557804043 0.0 1.6431676725154984 0.6085806194501846 1 0 0 0.10905008096137847 -0.9940362568047088 6.064650543887325
cell 61.37921694124007 62.42458098502203 0.0 1.6431676725154984 0.6085806194501846 1 0 0 0.7937453263192138 -0.6082502420438523 4.449301236775166
cell 12.286339364576454 22.53786086034001 0.0 1.0 1.0 1 0 0 0.0 1.0 0
cell 27.331696690945257 45.981663312335556 0.0 1.6431676725154984 0.6085806194501846 1 0 0 0.758258276440301 0.6519542823003651 1.7212748118984993
cell 15.706869800994845 54.1026033466304 0.0 1.6431676725154984 0.6085806194501846 1 0 0 0.8449448453772705 -0.534853445600176 4.270261231849345
cell 18.20708588797724 62.18070546745809 0.0 1.6431676725154984 0.6085806194501846 1 0 0 0.7114034982463688 -0.7027837951196859 4.70019880384173
cell 17.531497846991527 13.738302777611022 0.0 1.6431676725154984 0.6085806194501846 1 0 0 0.9118339338245525 -0.410559224870227 3.9877272024105546
cell 47.30972760140984 9.97914239886274 0.0 1.6431676725154984 0.6085806194501846 1 0 0 0.6477656671265059 0.7618396422424819 1.4092959081134018
cell 37.37971964136122 63.416990815232424 0.0 1.6431676725154984 0.6085806194501846 1 0 0 -0.059222642255470644 -0.9982447989567892 0.11851463162961728
cell 37.78559529122774 23.247080062030093 0.0 1.6431676725154984 0.6085806194501846 1 0 0 0.9830828391226937 0.1831614900094014 2.773189878115247
cell 14.664638739817278 33.804850816482364 0.0 1.6431676725154984 0.6085806194501846 1 0 0 0.7809450892398246 -0.6245996858726414 4.490830304887879
cell 55.85053447917922 49.49272091390601 0.0 1.6431676725154984 0.6085806194501846 1 0 0 0.2914151094343023 0.9565966934886372 0.591411643552799
cell 66.58960367322516 32.33788996147876 0.0 1.6431676725154984 0.6085806194501846 1 0 0 -0.12587280932528513 0.9920463879640712 6.030770128882686
cell 59.01547924195596 54.5632500291642 0.0 1.6431676725154984 0.6085806194501846 1 0 0 -0.01817525986680626 0.9998348163215632 6.246832785809531
cell 32.727174462106646 10.825483807912985 0.0 1.6431676725154984 0.6085806194501846 1 0 0 0.7558371877556478 -0.6547596090212298 4.569321714922331
cell 32.476028368316236 48.625674113126216 0.0 1.6431676725154984 0.6085806194501846 1 0 0 0.9241391994343111 0.38205593840288693 2.357552688412396
cell 21.04974639902126 63.27910812454925 0.0 1.6431676725154984 0.6085806194501846 1 0 0 0.7784445796945125 -0.6277133393072301 4.498817145787816
cell 50.00125451536853 57.548100991814145 0.0 1.6431676725154984 0.6085806194501846 1 0 0 -0.02804264932350362 -0.9996067275778605 0.05609265207086178
cell 14.900053344249676 27.215122518787368 0.0 1.0 1.0 1 0 0 0.0 1.0 0
cell 30.136123932204153 39.1282096899951 0.0 1.6431676725154984 0.6085806194501846 1 0 0 -0.02311293946849667 -0.9997328603327619 0.04622999563219565
cell 23.147470999318692 9.227568515166608 0.0 1.6431676725154984 0.6085806194501846 1 0 0 0.5873316381615292 -0.8093463701126327 5.027669413286184
cell 34.57204100933108 26.06502555076916 0.0 1.6431676725154984 0.6085806194501846 1 0 0 0.9997678272161205 -0.02154742823534942 3.184690845521188
cell 37.923566866973225 51.16400253258188 0.0 1.6431676725154984 0.6085806194501846 1 0 0 0.2674856698750294 -0.9635618383951841 5.741619966366154
cell 41.261615711107915 27.217667953312645 0.0 1.0 1.0 1 0 0 0.0 1.0 0
cell 8.151583919305835 29.945016557003196 0.0 1.6431676725154984 0.6085806194501846 1 0 0 0.9058529565154348 0.42359228176661307 2.266778063941595
cell 52.518925941831185 19.6089539126331 0.0 1.6431676725154984 0.6085806194501846 1 0 0 0.7081519502299803 0.706060064998351 1.5737547003392118
cell 48.2566083221205 24.714836923171813 0.0 1.0 1.0 1 0 0 0.0 1.0 0
cell 32.016060853098274 37.15065805514834 0.0 1.0 1.0 1 0 0 0.0 1.0 0
cell 43.50319821398923 25.06902627336993 0.0 1.6431676725154984 0.6085806194501846 1 0 0 0.9910082425560133 0.13380083402595813 2.8731860198060635
cell 48.1200115687608 14.552800789234809 0.0 1.6431676725154984 0.6085806194501846 1 0 0 -0.5499635297387119 -0.8351886708746336 1.164641140295985
cell 3.964458685122058 48.97689227649086 0.0 1.6431676725154984 0.6085806194501846 1 0 0 0.9083055659747494 -0.41830730189573556 4.004754535153561
cell 7.994623427403348 43.41757373733211 0.0 1.6431676725154984 0.6085806194501846 1 0 0 0.8154000882588162 -0.5788978286947661 4.376345347969365
cell 17.740416769637957 6.2388847952538695 0.0 1.6431676725154984 0.6085806194501846 1 0 0 -0.15347638069970135 0.9881523164812803 5.975014545235324
cell 0.07510782521041925 1.2408756013271638 0.0 1.6431676725154984 0.6085806194501846 1 0 0 -0.051167442104531675 0.998690088500171 6.180805716331063
cell 44.591679325234146 16.561649123066832 0.0 1.6431676725154984 0.6085806194501846 1 0 0 0.917720134630305 0.3972275852633284 2.3246048873298184
cell 0.6880785263977646 12.114505457451996 0.0 1.6431676725154984 0.6085806194501846 1 0 0 0.856000896848857 0.5169743364945232 2.0549676284813927
cell 2.2209351066325587 63.58270190901049 0.0 1.6431676725154984 0.6085806194501846 1 0 0 0.9635554757288401 -0.26750858900784574 3.6832055662508703
cell 59.63117205254683 4.217274354015829 0.0 1.6431676725154984 0.6085806194501846 1 0 0 0.7273940396293482 0.6862200165484086 1.6290334180761792
cell 20.82853548081623 42.23940040775601 0.0 1.0 1.0 1 0 0 0.0 1.0 0
cell 56.883195894852 9.999079127988917 0.0 1.6431676725154984 0.6085806194501846 1 0 0 0.7804778760810258 0.6251834010496847 1.7908596607658922
cell 37.38067610555873 17.555288765624184 0.0 1.6431676725154984 0.6085806194501846 1 0 0 0.9142308649258403 0.405193689014217 2.307211292100384
cell 12.149724875939853 58.27666766303882 0.0 1.6431676725154984 0.6085806194501846 1 0 0 -0.6887831358755219 0.7249674418437578 4.763566901620855
cell 40.2445009150732 56.799037273406945 0.0 1.6431676725154984 0.6085806194501846 1 0 0 0.02113275699748111 0.9997766783545641 0.04226866054408454
cell 2.1755481362522633 35.803726106037104 0.0 1.6431676725154984 0.6085806194501846 1 0 0 0.897508961812299 -0.44099621706609815 4.0550093559419675
cell 4.265184660720484 34.51428200246807 0.0 1.6431676725154984 0.6085806194501846 1 0 0 0.8053843766672399 -0.5927529045228891 4.410538021103589
cell 49.30723018181155 9.815382841996088 0.0 1.6431676725154984 0.6085806194501846 1 0 0 0.7056449790097771 0.7085655676070431 1.5666659878546003
cell 26.035119945370845 48.80338913893956 0.0 1.6431676725154984 0.6085806194501846 1 0 0 0.8394001035511023 0.5435139981255301 1.9923570858678514
cell 4.763143174371979 47.97352601518152 0.0 1.6431676725154984 0.6085806194501846 1 0 0 -0.8508870692483174 0.5253486417475628 4.247842254484603
cell 31.118190299477128 20.934237169078003 0.0 1.6431676725154984 0.6085806194501846 1 0 0 0.92259254322717 0.38577584058831677 2.349495433385308
cell 39.82111313469543 37.97954496287882 0.0 1.6431676725154984 0.6085806194501846 1 0 0 -0.9995969884493674 -0.028387685410319635 3.084809654496016
cell 28.17636395300979 39.826018842239336 0.0 1.6431676725154984 0.6085806194501846 1 0 0 0.44516473284132196 0.8954486923516692 0.922716438472148
cell 23.46374951549183 23.781074731983853 0.0 1.0 1.0 1 0 0 0.0 1.0 0
cell 47.05222553627889 59.979086403524455 0.0 1.6431676725154984 0.6085806194501846 1 0 0 -0.09712183929838614 -0.9952724995353275 0.19455035429260903
cell 63.98000000948548 53.07853670559351 0.0 1.6431676725154984 0.6085806194501846 1 0 0 0.3409346644551739 0.9400869930877875 0.6958219007725948
cell 37.223588606105864 31.491998081110296 0.0 1.0 1.0 1 0 0 0.0 1.0 0
cell 19.53866567735481 26.69528026820098 0.0 1.6431676725154984 0.6085806194501846 1 0 0 0.8525449843163723 0.5226538526759337 2.0416709524617076
cell 4.79230412596874 45.17419525828932 0.0 1.6431676725154984 0.6085806194501846 1 0 0 0.41367745480036466 -0.9104235077094024 5.430206002364424
cell 37.300187879257216 27.11392412127708 0.0 1.0 1.0 1 0 0 0.0 1.0 0
cell 11.734929856017681 44.6569951390261 0.0 1.6431676725154984 0.6085806194501846 1 0 0 0.9122017776541336 -0.4097412803765795 3.9859334997244185
cell 30.92116356416415 46.38801872662143 0.0 1.6431676725154984 0.6085806194501846 1 0 0 0.9679088925918929 0.25130136418558374 2.6335435896068584
cell 55.32093952651096 15.717216736950675 0.0 1.6431676725154984 0.6085806194501846 1 0 0 0.8536831479688338 0.5207927446441839 2.0460340437938163
cell 53.23010198815895 5.6763296130208465 0.0 1.6431676725154984 0.6085806194501846 1 0 0 0.7215598486346155 0.6923520671149835 1.612105304606936
cell 15.40468076603455 19.682999563157328 0.0 1.6431676725154984 0.6085806194501846 1 0 0 0.200240054359752 -0.9797468655882516 5.879979444430476
cell 60.57916035228853 1.3798224004029636 0.0 1.6431676725154984 0.6085806194501846 1 0 0 0.7707476041812736 0.6371405893904631 1.7600273886491584
cell 28.292077914512976 29.4579370888446 0.0 1.6431676725154984 0.6085806194501846 1 0 0 0.9624795048578402 0.2713543858658023 2.59199277955846
cell 6.028875285713185 45.52980214560685 0.0 1.6431676725154984 0.6085806194501846 1 0 0 0.49928383096452955 -0.8664384895290508 5.237641283072218
cell 16.31852621359886 11.751639492602834 0.0 1.6431676725154984 0.6085806194501846 1 0 0 0.36465689073927327 -0.9311419612692609 5.536656718675615
cell 27.955433801873404 21.577963987177895 0.0 1.6431676725154984 0.6085806194501846 1 0 0 0.8792465314859346 0.4763670190829267 2.148556373493679
cell 18.755503915744367 21.014609114904104 0.0 1.0 1.0 1 0 0 0.0 1.0 0
cell 26.36405061407154 30.179887299767483 0.0 1.6431676725154984 0.6085806194501846 1 0 0 0.8843350054997661 0.4668528655237415 2.1701353275982167
cell 31.082387932553573 28.802394111721814 0.0 1.0 1.0 1 0 0 0.0 1.0 0
cell 45.34481560222883 20.642693934643514 0.0 1.6431676725154984 0.6085806194501846 1 0 0 0.9394353146403316 0.3427262604566818 2.4419578787661456
cell 38.30869217036766 41.52359471304026 0.0 1.0 1.0 1 0 0 0.0 1.0 0
cell 9.178913850837148 54.42783255715631 0.0 1.6431676725154984 0.6085806194501846 1 0 0 0.5961055464064157 -0.8029060826419916 5.0059015527587025
cell 48.95159130922284 2.7921457381844945 0.0 1.0 1.0 1 0 0 0.0 1.0 0
cell 13.390590657885209 47.47822923088636 0.0 1.6431676725154984 0.6085806194501846 1 0 0 0.8835534398057677 -0.4683303524302004 4.116392920288736
cell 9.313774935585293 12.181509162639848 0.0 1.6431676725154984 0.6085806194501846 1 0 0 0.2211392458810738 -0.9752422437175032 5.83722034084988
cell 59.56548890063664 16.080497637391453 0.0 1.6431676725154984 0.6085806194501846 1 0 0 0.894328677497173 0.4474105682772339 2.2138569668133217
cell 40.4285510912424 42.04410746439546 0.0 1.0 1.0 1 0 0 0.0 1.0 0
cell 49.29530319297411 23.434509804995077 0.0 1.6431676725154984 0.6085806194501846 1 0 0 0.3404508701446801 0.9402623064962937 0.6947927424137188
cell 45.72365855663083 52.99870681751608 0.0 1.6431676725154984 0.6085806194501846 1 0 0 -0.04835861929676068 0.9988300375638044 6.186430332413484
cell 51.41221880826676 14.67750472400337 0.0 1.6431676725154984 0.6085806194501846 1 0 0 0.7649294956180759 0.6441140168739352 1.7418637276716469
cell 22.684634367725085 12.37868674942463 0.0 1.6431676725154984 0.6085806194501846 1 0 0 0.16356865724753733 0.9865319530386422 0.328613905859315
cell 10.49331196584044 9.835056872590455 0.0 1.0 1.0 1 0 0 0.0 1.0 0
cell 28.858447225165733 51.67661353704492 0.0 1.0 1.0 1 0 0 0.0 1.0 0
cell 51.720581369881685 17.494609659303208 0.0 1.6431676725154984 0.6085806194501846 1 0 0 0.7402691023923919 0.6723106841655594 1.6669410702460872
cell 27.365662673486145 24.878823809966388 0.0 1.6431676725154984 0.6085806194501846 1 0 0 0.9052904441800896 0.4247931398648242 2.26412590967976
cell 34.946249641899705 21.5648827628787 0.0 1.6431676725154984 0.6085806194501846 1 0 0 0.9609926307514894 0.2765739749892089 2.5811382915419956
cell 21.689355135057415 44.899117349500685 0.0 1.6431676725154984 0.6085806194501846 1 0 0 0.8634786701842158 0.5043853548001749 2.084252667997333
cell 64.44501421646193 33.65036509296283 0.0 1.0 1.0 1 0 0 0.0 1.0 0
cell 0.21773422317722796 4.826713396705156 0.0 1.0 1.0 1 0 0 0.0 1.0 0
cell 20.819758275931843 36.79444634997571 0.0 1.0 1.0 1 0 0 0.0 1.0 0
cell 19.222464812555675 50.33079647941716 0.0 1.6431676725154984 0.6085806194501846 1 0 0 0.8776249309880706 -0.4793479743445094 4.141415889851129
cell 59.59137594880725 43.93178878183705 0.0 1.0 1.0 1 0 0 0.0 1.0 0
cell 38.260884674199986 28.48135232642271 0.0 1.0 1.0 1 0 0 0.0 1.0 0
cell 30.45485129863071 37.75997837482715 0.0 1.0 1.0 1 0 0 0.0 1.0 0
cell 13.086724485187323 39.59269504532031 0.0 1.6431676725154984 0.6085806194501846 1 0 0 0.707813002353075 -0.7063998539778487 4.7103904864542185
cell 29.585815844259468 33.374620503625 0.0 1.6431676725154984 0.6085806194501846 1 0 0 0.3653500121691492 0.9308702211414879 0.7480175613569084
cell 32.81595936517079 31.414929123683716 0.0 1.0 1.0 1 0 0 0.0 1.0 0
cell 55.81923844197623 54.132768577112664 0.0 1.6431676725154984 0.6085806194501846 1 0 0 0.15540304940133437 0.9878511488259587 0.31207089294080226
cell 5.352590638408236 51.75977082547591 0.0 1.6431676725154984 0.6085806194501846 1 0 0 0.8520880484238755 -0.5233984693645857 4.243261631995721
cell 13.487215037173534 54.23018611188417 0.0 1.6431676725154984 0.6085806194501846 1 0 0 -0.7713439038724136 0.6364185587794127 4.521285058056151
cell 55.34485575709178 2.907335684097083 0.0 1.6431676725154984 0.6085806194501846 1 0 0 0.7532917627793159 0.6576864907604769 1.706105797753546
cell 56.74793505161773 23.758679111042685 0.0 1.6431676725154984 0.6085806194501846 1 0 0 0.516334011217625 0.8563872890578874 1.0851292772345882
cell 13.006226599877277 26.917383845070585 0.0 1.0 1.0 1 0 0 0.0 1.0 0
cell 36.310199627042394 28.826704147403564 0.0 1.0 1.0 1 0 0 0.0 1.0 0
cell 30.22595812051414 27.80268567403728 0.0 1.6431676725154984 0.6085806194501846 1 0 0 0.9860717918986889 0.1663202369578303 2.8073991620022474
cell 5.169964968558354 43.258673190481346 0.0 1.6431676725154984 0.6085806194501846 1 0 0 0.9685318828347708 -0.24888951752240174 3.644659700158847
cell 58.47603500449118 25.292400601502976 0.0 1.6431676725154984 0.6085806194501846 1 0 0 0.6955338205927578 0.7184933572494887 1.5383252121597872
cell 28.04478875453609 60.46127472452605 0.0 1.6431676725154984 0.6085806194501846 1 0 0 0.7187787268731866 -0.6952389098680835 4.67909711448392
cell 23.512648348854686 33.70476825659595 0.0 1.6431676725154984 0.6085806194501846 1 0 0 -0.3198302430603474 -0.9474748627926542 0.6511006282499823
cell 22.22696070941717 24.69052155809847 0.0 1.0 1.0 1 0 0 0.0 1.0 0
cell 42.788878555429875 55.9560581224487 0.0 1.6431676725154984 0.6085806194501846 1 0 0 -0.03542744060302758 0.9993722511918764 6.212315595893896
cell 16.014446877953223 35.2584657512059 0.0 1.6431676725154984 0.6085806194501846 1 0 0 0.7911687070183682 -0.6115979701036324 4.457750207534853
cell 14.172616478740153 51.26576947033331 0.0 1.6431676725154984 0.6085806194501846 1 0 0 0.8303519981536311 -0.5572392297409364 4.32370716780724
cell 7.734736719308582 27.464483485978942 0.0 1.6431676725154984 0.6085806194501846 1 0 0 0.969940941481835 0.24334044061218335 2.6499759852430076
cell 46.59323458532413 26.89969284587253 0.0 1.6431676725154984 0.6085806194501846 1 0 0 0.3390778728341877 -0.9407583091072024 5.59131225007982
cell 41.09795243052187 63.74497027105871 0.0 1.6431676725154984 0.6085806194501846 1 0 0 0.047715293178034385 -0.9988609767114411 6.187718471754133
cell 3.203501634285539 56.43888246308787 0.0 1.6431676725154984 0.6085806194501846 1 0 0 0.7211493696903577 -0.6927796089631968 4.6722653885957435
cell 3.8156041822822546 39.93952623580959 0.0 1.6431676725154984 0.6085806194501846 1 0 0 0.9491819720421585 -0.31472779341862883 3.7819323740389676
cell 12.596611571939201 36.34637278436385 0.0 1.6431676725154984 0.6085806194501846 1 0 0 0.7812588267766741 -0.6242072136586814 4.489825385615359
cell 24.62648661117838 29.246290252893434 0.0 1.6431676725154984 0.6085806194501846 1 0 0 0.8795970393717708 0.47571950593644524 2.1500289617964867
cell 55.36122183757283 30.616805367971697 0.0 1.6431676725154984 0.6085806194501846 1 0 0 0.4559639155564871 0.8899982627569544 0.946909934662507
cell 58.20336076204123 55.9432228301029 0.0 1.6431676725154984 0.6085806194501846 1 0 0 0.09756970092852747 0.9952286940501252 0.19545035198972543
cell 51.814384466286526 46.60837172761037 0.0 1.6431676725154984 0.6085806194501846 1 0 0 0.9968272524734836 0.07959540643884999 2.9822332693396545
cell 55.7589555152757 33.35497315206331 0.0 1.6431676725154984 0.6085806194501846 1 0 0 -0.24339066143685567 -0.9699283406135373 0.49172022341644883
cell 50.07275083426983 19.87388777948258 0.0 1.6431676725154984 0.6085806194501846 1 0 0 0.5807239165294324 0.8141005667426578 1.239235262863696
cell 29.616188374227246 36.448951669286004 0.0 1.0 1.0 1 0 0 0.0 1.0 0
cell 26.134474824640776 35.66925812084023 0.0 1.0 1.0 1 0 0 0.0 1.0 0
cell 9.649818388035802 0.6729962187625422 0.0 1.6431676725154984 0.6085806194501846 1 0 0 0.6183106094720775 -0.7859338332291518 4.950002610831231
cell 37.04165665236501 19.445595672635097 0.0 1.6431676725154984 0.6085806194501846 1 0 0 0.921001521874896 0.3895589771833341 2.3412872679186814
cell 15.120311751232467 17.85209935884021 0.0 1.6431676725154984 0.6085806194501846 1 0 0 -0.3095618660463151 -0.9508793041653201 0.6294644614073119
cell 52.58722119563191 14.49309397287056 0.0 1.6431676725154984 0.6085806194501846 1 0 0 0.7849495956882103 0.619559627662193 1.8052295355655419
cell 4.96441569211193 33.44506697923114 0.0 1.6431676725154984 0.6085806194501846 1 0 0 0.8707492810785717 -0.49172725112723864 4.169737217938312
cell 8.015407936095318 17.138612119216532 0.0 1.6431676725154984 0.6085806194501846 1 0 0 0.489154439450195 -0.8721971877770334 5.260945249605866
cell 65.46566880209338 14.776324916966416 0.0 1.6431676725154984 0.6085806194501846 1 0 0 0.9281932380694354 0.37209852566514745 2.3790549125794
cell 5.061667264047892 39.46035512567971 0.0 1.6431676725154984 0.6085806194501846 1 0 0 0.9735792310463155 -0.22834947093274585 3.6023567018188563
cell 3.133244623191743 34.32460803773546 0.0 1.6431676725154984 0.6085806194501846 1 0 0 0.7359566941210544 -0.6770286141503982 4.629027955882305
cell 39.25693692811741 26.98350243838902 0.0 1.0 1.0 1 0 0 0.0 1.0 0
cell 55.93508581988581 47.75511441298273 0.0 1.0 1.0 1 0 0 0.0 1.0 0
cell 61.61336094469854 2.9732296020170637 0.0 1.0 1.0 1 0 0 0.0 1.0 0
cell 39.28384492127989 13.134801960676437 0.0 1.6431676725154984 0.6085806194501846 1 0 0 0.8630737965489627 0.5050778372791266 2.0826483554608477
cell 60.27185971516012 6.799144780670753 0.0 1.0 1.0 1 0 0 0.0 1.0 0
cell 43.9600682936531 31.592917810989857 0.0 1.6431676725154984 0.6085806194501846 1 0 0 0.22750802355571725 -0.9737762059209351 5.8241496487630595
cell 39.21980314977877 62.5870051128203 0.0 1.6431676725154984 0.6085806194501846 1 0 0 -0.1219283459380031 -0.9925389052610596 0.24446498697633157
cell 36.30904605795287 37.77105233450218 0.0 1.6431676725154984 0.6085806194501846 1 0 0 0.8531384397743151 0.5216845815044251 2.043943991065441
cell 6.309226728995479 48.4445051683507 0.0 1.6431676725154984 0.6085806194501846 1 0 0 -0.8105369642726531 0.5856874845407505 4.393048617928315
cell 35.18422339863365 42.58854865289988 0.0 1.6431676725154984 0.6085806194501846 1 0 0 -0.9544172367146463 -0.2984756912413117 2.535402363856537
cell 34.90809140655925 24.320876714904294 0.0 1.6431676725154984 0.6085806194501846 1 0 0 0.986875765233402 0.1614813425600221 2.8172096299547205
cell 3.27220559857826 42.81943918991837 0.0 1.6431676725154984 0.6085806194501846 1 0 0 0.8281888061247776 -0.5604491961004275 4.331448822020915
cell 8.736731869240861 10.84331601085539 0.0 1.0 1.0 1 0 0 0.0 1.0 0
cell 37.67755398249897 21.712033496511836 0.0 1.6431676725154984 0.6085806194501846 1 0 0 0.902670511754605 0.4303323683023152 2.251870753201045
cell 61.23527059901384 35.06170493492773 0.0 1.6431676725154984 0.6085806194501846 1 0 0 0.5748502018343447 0.8182586665908361 1.224842133643403
cell 4.35977839773819 38.02917577694535 0.0 1.6431676725154984 0.6085806194501846 1 0 0 0.971967100210498 -0.23511689881502723 3.6162703269632157
cell 32.2587393230341 38.63123528847632 0.0 1.0 1.0 1 0 0 0.0 1.0 0
cell 22.48486910086163 29.55903347813162 0.0 1.6431676725154984 0.6085806194501846 1 0 0 0.7597760426599292 0.6501848698639622 1.7259371877429088
cell 50.03763498514881 51.47180753766768 0.0 1.6431676725154984 0.6085806194501846 1 0 0 0.22488667704368123 0.9743849252160314 0.4536534651509769
cell 8.497212351642975 53.107321210270044 0.0 1.6431676725154984 0.6085806194501846 1 0 0 0.5151054285070592 -0.8571268269763577 5.200924013321472
cell 55.48691914027041 20.07903417458489 0.0 1.6431676725154984 0.6085806194501846 1 0 0 0.7122835301451815 0.7018918525555901 1.5854925104296154
cell 46.886535204487174 45.17092137281942 0.0 1.6431676725154984 0.6085806194501846 1 0 0 -0.22180366483693142 0.975091346626 5.83585766333985
cell 17.11174176157852 63.76377104223368 0.0 1.6431676725154984 0.6085806194501846 1 0 0 0.7294239847960895 -0.6840618761517077 4.648226265499659
cell 52.09428884311014 3.034784276741366 0.0 1.6431676725154984 0.6085806194501846 1 0 0 0.7981447785067578 0.602465694079255 1.8484190498910533
cell 25.171141187709004 17.210118004022497 0.0 1.0 1.0 1 0 0 0.0 1.0 0
cell 1.2146669481468575 51.69178363764279 0.0 1.6431676725154984 0.6085806194501846 1 0 0 0.8381398499122893 -0.5454553987165267 4.295457380147016
cell 49.40838575348546 60.82758428875422 0.0 1.6431676725154984 0.6085806194501846 1 0 0 0.08873755772897869 -0.9960550415756633 6.105476445515106
cell 6.4885324491697425 16.475011588850425 0.0 1.6431676725154984 0.6085806194501846 1 0 0 -0.17835078655533537 0.9839669694329649 5.924565087981872
cell 26.32511496540544 10.39453772583964 0.0 1.6431676725154984 0.6085806194501846 1 0 0 0.6826863145182006 -0.7307115682467032 4.780320006297279
cell 37.183069849030254 46.38749310717747 0.0 1.6431676725154984 0.6085806194501846 1 0 0 0.4730927119258767 0.8810126479924221 0.9855957772002217
cell 35.731321741122144 27.26413799776961 0.0 1.0 1.0 1 0 0 0.0 1.0 0
cell 57.4949547851138 40.43849812193767 0.0 1.6431676725154984 0.6085806194501846 1 0 0 0.28752113783611327 0.9577742924600904 0.5832753601335341
cell 48.95520586501888 6.518815927082124 0.0 1.6431676725154984 0.6085806194501846 1 0 0 0.6674842763483045 0.7446238921951002 1.4616502671857965
cell 66.63628007424688 54.7021663321404 0.0 1.6431676725154984 0.6085806194501846 1 0 0 0.3713160925227302 0.9285065209429879 0.7608520983160315
cell 29.940723502381513 63.2856991047607 0.0 1.6431676725154984 0.6085806194501846 1 0 0 0.5833873655258317 0.8121940542412445 1.2457862200660148
cell 15.83108643824173 9.128952916289814 0.0 1.6431676725154984 0.6085806194501846 1 0 0 -0.16300269530279912 0.9866256236911866 5.955718723634296
cell 52.89744599143699 31.719960819066674 0.0 1.6431676725154984 0.6085806194501846 1 0 0 -0.274866073478848 -0.9614825228002434 0.5569008158645952
cell 44.68022331491418 23.239421558651138 0.0 1.6431676725154984 0.6085806194501846 1 0 0 0.942804345984072 0.333346614192414 2.461890661654845
cell 39.30194849520486 36.76603960811444 0.0 1.6431676725154984 0.6085806194501846 1 0 0 -0.9570070266336195 -0.29006473583301823 2.5530036913746934
cell 49.565439492374416 48.83993284264288 0.0 1.0 1.0 1 0 0 0.0 1.0 0
cell 2.091286360191017 40.37852508257874 0.0 1.6431676725154984 0.6085806194501846 1 0 0 0.6748185227679999 -0.7379837134579694 4.801747777157096
cell 58.28468788454315 46.046893554948696 0.0 1.6431676725154984 0.6085806194501846 1 0 0 0.9981482970878762 -0.06082743641296077 3.2633226716380737
cell 49.46937896674366 16.71941281469664 0.0 1.6431676725154984 0.6085806194501846 1 0 0 0.6903832854611615 0.7234437912898641 1.5240374514706696
cell 47.698040046634844 39.65165688785905 0.0 1.6431676725154984 0.6085806194501846 1 0 0 0.6596724397954439 0.7515532397470763 1.4407656662883888
cell 29.9594338505411 48.007932389009476 0.0 1.6431676725154984 0.6085806194501846 1 0 0 0.9853000314527108 0.17083280721011154 2.798242974788312
cell 65.12099640651947 16.4632858964442 0.0 1.6431676725154984 0.6085806194501846 1 0 0 0.9680088377581959 0.25091610155991734 2.6343396205838787
cell 60.54290465807568 36.59342330662058 0.0 1.6431676725154984 0.6085806194501846 1 0 0 -0.2875579583733781 -0.957763238267232 0.5833522482898239
cell 8.475225902029974 0.16929573470599074 0.0 1.6431676725154984 0.6085806194501846 1 0 0 0.4684633776355266 -0.8834829165379 5.308083914350222
cell 54.80166683192579 10.051525077591805 0.0 1.6431676725154984 0.6085806194501846 1 0 0 0.7644522723784527 0.644680326406367 1.7403825814506062
cell 44.82313897575778 19.470754950125755 0.0 1.6431676725154984 0.6085806194501846 1 0 0 0.933672144842699 0.3581289236362152 2.4090664054088866
cell 16.98568762985341 5.09789192605345 0.0 1.6431676725154984 0.6085806194501846 1 0 0 -0.029801216395715015 0.9995558451138864 6.2235740485828766
cell 21.63517579437596 26.287550148025918 0.0 1.0 1.0 1 0 0 0.0 1.0 0
cell 12.984819987303487 56.225276879029984 0.0 1.6431676725154984 0.6085806194501846 1 0 0 0.7876628451443932 -0.6161065186954603 4.469172670762412
cell 36.687183608194985 21.268233345415503 0.0 1.6431676725154984 0.6085806194501846 1 0 0 0.9071585332026135 0.4207890155858192 2.272962832130345
cell 45.24065111757759 43.07412664678808 0.0 1.6431676725154984 0.6085806194501846 1 0 0 -0.1959516755173624 -0.9806135532726122 0.3944556921974627
cell 62.037339526606075 13.036969001788064 0.0 1.0 1.0 1 0 0 0.0 1.0 0
cell 17.525109130352966 55.944492626766795 0.0 1.6431676725154984 0.6085806194501846 1 0 0 0.8696721856794885 -0.49362970884607554 4.1741096231227885
cell 50.71144191788607 55.05567496325128 0.0 1.6431676725154984 0.6085806194501846 1 0 0 0.22393381312299465 0.9746043542587913 0.45169785902260656
cell 11.485059356070854 15.359050386172365 0.0 1.6431676725154984 0.6085806194501846 1 0 0 0.46970499155288054 -0.8828234369964973 5.305272140027238
cell 27.104122670962287 58.581327745768895 0.0 1.6431676725154984 0.6085806194501846 1 0 0 0.6596503348060473 -0.7515726417255153 4.842478464944905
cell 42.752541499943014 2.9350924168533354 0.0 1.6431676725154984 0.6085806194501846 1 0 0 0.8570096203954708 0.5153004080627251 2.058876367819864
cell 23.48488967288827 27.680018271791948 0.0 1.6431676725154984 0.6085806194501846 1 0 0 0.8159314250037734 0.5781486916800139 1.9086768316202793
cell 38.87950627166707 34.227909021625905 0.0 1.0 1.0 1 0 0 0.0 1.0 0
cell 19.47629583096471 61.88963363171982 0.0 1.6431676725154984 0.6085806194501846 1 0 0 0.8418062078758555 -0.5397798703005439 4.281943834763537
cell 48.14227370829995 16.733158802655865 0.0 1.6431676725154984 0.6085806194501846 1 0 0 0.5127770530574931 0.8585218074444428 1.0768327370467399
cell 19.307801467741875 19.09515653350184 0.0 1.0 1.0 1 0 0 0.0 1.0 0
cell 4.811035978453841 3.9772058092503526 0.0 1.6431676725154984 0.6085806194501846 1 0 0 0.4099851318803159 -0.9120922056662254 5.438309785154971
cell 25.305873434633344 4.796271607839105 0.0 1.6431676725154984 0.6085806194501846 1 0 0 0.8834587239462147 -0.46850900000248236 4.116797326269268
cell 41.64811968549907 62.43466531225858 0.0 1.6431676725154984 0.6085806194501846 1 0 0 -0.16972963899409202 -0.9854906644138924 0.34111064225008203
cell 24.380385963804933 56.29490054905379 0.0 1.6431676725154984 0.6085806194501846 1 0 0 -0.3766780185383323 -0.9263442504544602 0.7724151009310996
cell 27.856467957299085 25.852023958118007 0.0 1.6431676725154984 0.6085806194501846 1 0 0 0.909750819362756 0.41515472617904037 2.2853669101619354
cell 9.210778088469205 42.83962469139657 0.0 1.6431676725154984 0.6085806194501846 1 0 0 -0.9330521068429892 0.35974124856048834 3.8775737763123046
cell 34.523145768764635 32.50041760177238 0.0 1.0 1.0 1 0 0 0.0 1.0 0
cell 57.743028297735655 47.12086696388333 0.0 1.6431676725154984 0.6085806194501846 1 0 0 0.9819513556025187 -0.1891336438351885 3.5221522362161903
cell 64.94365202952933 27.85343100958606 0.0 1.6431676725154984 0.6085806194501846 1 0 0 -0.06655358697170931 0.9977828521583236 6.149979673149265
cell 63.43207025872252 5.792324928306338 0.0 1.0 1.0 1 0 0 0.0 1.0 0
cell 9.979469466630317 40.70032033460312 0.0 1.6431676725154984 0.6085806194501846 1 0 0 0.9698219597326497 -0.24381420471400497 3.634186274515896
cell 12.13998643617784 31.926905007809236 0.0 1.6431676725154984 0.6085806194501846 1 0 0 0.7827311117438728 0.622360029812488 1.7980842051207937
cell 39.62781789992706 43.491019273849766 0.0 1.6431676725154984 0.6085806194501846 1 0 0 0.25044107530347504 0.9681318442241424 0.5062716451319207
cell 2.519427350292476 28.985567297818637 0.0 1.6431676725154984 0.6085806194501846 1 0 0 0.9180987596512725 -0.39635169676285603 3.9566719779294024
cell 33.17984885217432 43.02748565232788 0.0 1.6431676725154984 0.6085806194501846 1 0 0 0.8678787297079841 0.49677611709949987 2.1018323744387954
cell 62.94635406255461 34.44349378482683 0.0 1.6431676725154984 0.6085806194501846 1 0 0 0.9311869822010433 -0.3645419100450781 3.8878742810089313
cell 53.45548123783495 47.46204153776652 0.0 1.6431676725154984 0.6085806194501846 1 0 0 0.9979780882235827 0.06355891303037717 3.014389084502595
cell 19.257914885443718 29.41987521767432 0.0 1.6431676725154984 0.6085806194501846 1 0 0 0.7529029594910219 0.6581315473289976 1.7049238614501254
cell 19.439454991296085 39.18095625792215 0.0 1.0 1.0 1 0 0 0.0 1.0 0
cell 32.76411495021183 46.42269487812024 0.0 1.6431676725154984 0.6085806194501846 1 0 0 0.9325551799584364 0.36102747309960814 2.4028537707654065
cell 57.476660786813326 63.466143958243805 0.0 1.6431676725154984 0.6085806194501846 1 0 0 0.9122349095353357 0.4096675113125983 2.2974135429967935
cell 40.558753102754764 53.191045008826556 0.0 1.6431676725154984 0.6085806194501846 1 0 0 0.404893013127138 0.9143640674921709 0.8337236414464655
cell 26.78709222657693 31.071497793310048 0.0 1.6431676725154984 0.6085806194501846 1 0 0 0.9671493358910708 0.25420889458368845 2.6275333762350246
cell 30.585966082480624 50.65916208750298 0.0 1.0 1.0 1 0 0 0.0 1.0 0
cell 54.55186654235676 18.846312914548104 0.0 1.6431676725154984 0.6085806194501846 1 0 0 0.7513383416134367 0.6599171890635753 1.7001755783268562
cell 28.512796231487194 19.122577224663303 0.0 1.0 1.0 1 0 0 0.0 1.0 0
cell 66.0061611624974 39.97350537135826 0.0 1.6431676725154984 0.6085806194501846 1 0 0 -0.3491196862844553 -0.9370781422318224 0.7132630300666172
cell 65.16518929591201 9.347460738881649 0.0 1.0 1.0 1 0 0 0.0 1.0 0
cell 31.346915786178307 30.416104826271646 0.0 1.0 1.0 1 0 0 0.0 1.0 0
cell 44.49115187538106 65.3831411408337 0.0 1.6431676725154984 0.6085806194501846 1 0 0 0.5614935229642529 -0.8274811319112914 5.090806107554053
cell 26.42295987009015 2.598135800110183 0.0 1.6431676725154984 0.6085806194501846 1 0 0 0.915023830815308 -0.4033997881011819 3.9720513238495223
cell 60.639636970818536 19.339540085331304 0.0 1.6431676725154984 0.6085806194501846 1 0 0 0.8274645901104682 0.5615179000827265 1.9491545345250365
cell 16.621360910051433 40.263771198901125 0.0 1.6431676725154984 0.6085806194501846 1 0 0 0.9151132117612054 -0.4031969861743652 3.971608074144678
cell 45.19843069017363 62.788493994924494 0.0 1.6431676725154984 0.6085806194501846 1 0 0 0.4189079851789204 -0.908028688948393 5.418700578216652
cell 59.61944299237936 29.27203033792112 0.0 1.6431676725154984 0.6085806194501846 1 0 0 -0.8981672568009405 0.43965393073492876 4.052019315605641
cell 54.26642552252327 31.319999887370056 0.0 1.6431676725154984 0.6085806194501846 1 0 0 0.3265959963795432 0.9451640361063541 0.6653996569838913
cell 13.72996854964104 23.23372276443391 0.0 1.0 1.0 1 0 0 0.0 1.0 0
cell 24.68367880204438 50.290670273841606 0.0 1.6431676725154984 0.6085806194501846 1 0 0 0.7099117382316376 0.7042906530126144 1.5787457626782493
cell 53.9119339152075 28.00278948600145 0.0 1.6431676725154984 0.6085806194501846 1 0 0 0.420461334656891 0.907310457373079 0.8679074482977844
cell 27.11645104603332 20.51254348049531 0.0 1.0 1.0 1 0 0 0.0 1.0 0
cell 44.05638407597122 11.156941052343 0.0 1.0 1.0 1 0 0 0.0 1.0 0
cell 32.122110891345 26.66356441132584 0.0 1.6431676725154984 0.6085806194501846 1 0 0 0.9971673423422357 0.0752149677000693 2.9910205182189142
cell 54.33924050081919 23.41426996311902 0.0 1.6431676725154984 0.6085806194501846 1 0 0 0.5622073423995402 0.8269963144730732 1.1941049877710421
cell 29.987597845137387 12.189724817570717 0.0 1.6431676725154984 0.6085806194501846 1 0 0 0.5394915290412793 -0.8419910273231553 5.143519104577891
cell 11.44079927483048 28.129552121043993 0.0 1.6431676725154984 0.6085806194501846 1 0 0 0.7391235185878743 0.6735699104549433 1.6635363595089336
cell 26.661111939332176 13.338131911750217 0.0 1.6431676725154984 0.6085806194501846 1 0 0 0.8811835278521455 0.4727743544673793 2.156719514332833
cell 18.586457392965638 33.73634032987424 0.0 1.0 1.0 1 0 0 0.0 1.0 0
cell 54.53872066706649 0.9904352609379198 0.0 1.6431676725154984 0.6085806194501846 1 0 0 0.7442722562577719 0.6678763422707571 1.6788890801306269
cell 49.3278429107969 52.76117853343135 0.0 1.6431676725154984 0.6085806194501846 1 0 0 -0.10199676512361223 0.9947847304338354 6.078836408401338
cell 57.606858908656726 48.78363317600084 0.0 1.0 1.0 1 0 0 0.0 1.0 0
cell 35.49087606507671 23.171496639052645 0.0 1.6431676725154984 0.6085806194501846 1 0 0 0.9816609148356897 0.19063538046217104 2.757973940896211
cell 58.37948028955033 4.503772371170011 0.0 1.6431676725154984 0.6085806194501846 1 0 0 0.8049400782984839 -0.5933561075347844 4.412036360104335
cell 58.33832344276452 52.98329592533334 0.0 1.6431676725154984 0.6085806194501846 1 0 0 0.21411797421228815 0.9768078076670077 0.4315775455054175
cell 26.503375148892015 18.739937169294887 0.0 1.0 1.0 1 0 0 0.0 1.0 0
cell 5.9259764696853 7.196496696844396 0.0 1.0 1.0 1 0 0 0.0 1.0 0
cell 23.173531188029447 45.032256016256696 0.0 1.6431676725154984 0.6085806194501846 1 0 0 0.9206971091664051 0.390277892241701 2.3397258506276337
cell 19.150902546843323 53.96276048276032 0.0 1.6431676725154984 0.6085806194501846 1 0 0 0.8527975836702452 -0.5222415928343809 4.240547370508932
cell 58.99632390797921 1.7711038856397754 0.0 1.6431676725154984 0.6085806194501846 1 0 0 0.661746871655876 -0.7497273356718839 4.836892544693032
cell 55.95364408708592 16.81792877374623 0.0 1.6431676725154984 0.6085806194501846 1 0 0 0.8481854429372049 0.5296994000274284 2.0251004085715034
cell 24.957002321531977 33.664321583843524 0.0 1.0 1.0 1 0 0 0.0 1.0 0
cell 12.224844882173267 20.249468303594863 0.0 1.6431676725154984 0.6085806194501846 1 0 0 0.00422258389769843 0.9999910848528736 0.008445192892124156
cell 46.2466047089973 48.19224789401832 0.0 1.6431676725154984 0.6085806194501846 1 0 0 0.3540301311722097 -0.9352340168226282 5.559431646893121
cell 27.858301429490886 14.746655950554372 0.0 1.6431676725154984 0.6085806194501846 1 0 0 0.809721255780262 0.5868146964226745 1.8873538940495744
cell 10.201094052279606 25.395798457546256 0.0 1.6431676725154984 0.6085806194501846 1 0 0 0.9476146043753165 0.3194159695046764 2.4913664400970017
cell 57.27817910016605 13.841851814236119 0.0 1.6431676725154984 0.6085806194501846 1 0 0 0.8584682714698784 0.5128666755400659 2.0645511267926824
cell 55.727300039088384 62.680514314525986 0.0 1.6431676725154984 0.6085806194501846 1 0 0 0.913541346994954 0.40674587561602266 2.3038144000400997
cell 11.455713344737216 36.988540655037234 0.0 1.6431676725154984 0.6085806194501846 1 0 0 0.713896343296402 -0.7002513913074545 4.693091804812832
cell 66.86939473288011 10.718818332170509 0.0 1.6431676725154984 0.6085806194501846 1 0 0 0.7696842641071053 0.6384247282067822 1.7566928990289579
cell 64.32193301298251 40.23364294027224 0.0 1.6431676725154984 0.6085806194501846 1 0 0 0.26027139704208396 0.9655354990272299 0.5266065534850148
cell 39.70912379731399 29.854139803540306 0.0 1.0 1.0 1 0 0 0.0 1.0 0
cell 4.989374139271899 30.414808881006707 0.0 1.6431676725154984 0.6085806194501846 1 0 0 0.9535562493826751 -0.30121500504331683 3.7535258154117765
cell 37.81951064706915 39.86792836206426 0.0 1.6431676725154984 0.6085806194501846 1 0 0 -0.9405498721242104 -0.33965561683436274 2.4484912087377664
cell 26.965085599563167 53.161641005422155 0.0 1.0 1.0 1 0 0 0.0 1.0 0
cell 25.572977546147367 51.80347444205883 0.0 1.6431676725154984 0.6085806194501846 1 0 0 0.77699572431407 0.6295058732034624 1.779758449021418
cell 45.79247656597299 8.450718174368147 0.0 1.0 1.0 1 0 0 0.0 1.0 0
cell 61.05891730524768 53.78299191581487 0.0 1.6431676725154984 0.6085806194501846 1 0 0 0.30591391570146104 0.9520591768268396 0.6217964344844121
cell 13.541447217130147 59.378057303736306 0.0 1.6431676725154984 0.6085806194501846 1 0 0 -0.7908659525664538 0.6119894158162833 4.458739934788402
cell 63.1629056549679 36.11733377077186 0.0 1.6431676725154984 0.6085806194501846 1 0 0 0.9340983504878 -0.3570157862279637 3.8717350172854363
cell 0.85183947217 33.594635455389486 0.0 1.0 1.0 1 0 0 0.0 1.0 0
cell 15.450067485083464 21.916811427403907 0.0 1.6431676725154984 0.6085806194501846 1 0 0 -0.7915356272335564 -0.6111230242921473 1.8266354395615458
cell 16.970916408259335 21.616019493749537 0.0 1.0 1.0 1 0 0 0.0 1.0 0
cell 54.73126847593609 54.8133872145413 0.0 1.6431676725154984 0.6085806194501846 1 0 0 0.9894174750613184 -0.14509672650782096 3.4328141193308794
cell 26.683521520418918 37.53442520341757 0.0 1.0 1.0 1 0 0 0.0 1.0 0
cell 45.0519073328168 58.563337988082914 0.0 1.6431676725154984 0.6085806194501846 1 0 0 -0.42740011793808036 0.9040625748179796 5.399955229653939
cell 56.631089375134174 27.74843166220118 0.0 1.6431676725154984 0.6085806194501846 1 0 0 0.592383762851951 0.8056559299784017 1.2680288375847675
cell 58.89502425609797 38.95870395263105 0.0 1.6431676725154984 0.6085806194501846 1 0 0 0.3665252341885688 0.9304081108325608 0.7505431844043688
cell 0.6590052735022873 57.75080166175152 0.0 1.6431676725154984 0.6085806194501846 1 0 0 0.6206382530629666 -0.7840970340684558 4.944072429625165
cell 13.729154770065035 15.642062558818532 0.0 1.0 1.0 1 0 0 0.0 1.0 0
cell 42.033855969167966 60.24622493316665 0.0 1.6431676725154984 0.6085806194501846 1 0 0 0.01981976963015011 -0.9998035690733494 6.243543172238193
cell 0.9765029586982694 30.679610400237802 0.0 1.0 1.0 1 0 0 0.0 1.0 0
cell 45.635185436319304 40.22194416892345 0.0 1.6431676725154984 0.6085806194501846 1 0 0 0.16966039997057414 0.9855025868468458 0.340970126246904
cell 19.424459399313626 24.97880583555989 0.0 1.6431676725154984 0.6085806194501846 1 0 0 0.40973500039481187 -0.9122045984599417 5.438858229867193
cell 51.31712154896644 11.732852758548894 0.0 1.6431676725154984 0.6085806194501846 1 0 0 0.7486235209403781 0.6629953422874336 1.691966972549157
cell 11.02330447297758 45.55014934698647 0.0 1.6431676725154984 0.6085806194501846 1 0 0 -0.8867643913302279 0.4622217154880658 4.102590624247662
cell 60.89479525942964 55.46644848172046 0.0 1.6431676725154984 0.6085806194501846 1 0 0 -0.021934751989237347 -0.9997594043844602 0.04387302258720638
cell 40.06714768892939 34.809161116506196 0.0 1.6431676725154984 0.6085806194501846 1 0 0 0.9115690401030122 0.4111470358955211 2.2941686234786385
cell 12.94816348860666 19.196856761795456 0.0 1.6431676725154984 0.6085806194501846 1 0 0 -0.03676632767686819 -0.9993238900122208 0.07354923189108575
cell 3.834664443725041 54.342741602538155 0.0 1.6431676725154984 0.6085806194501846 1 0 0 0.8903507354066645 -0.4552752661421568 4.086955364914189
cell 3.2857394745225537 31.696719631558896 0.0 1.6431676725154984 0.6085806194501846 1 0 0 0.8072048453046518 -0.5902714102145667 4.404382721748242
cell 16.767800674879826 43.49377378095993 0.0 1.6431676725154984 0.6085806194501846 1 0 0 0.940241289477604 -0.3405089096653604 3.8365088512753576
cell 14.859790286456038 59.49573843146447 0.0 1.6431676725154984 0.6085806194501846 1 0 0 -0.6876674371627971 0.7260258231398871 4.7666425836926285
cell 42.85060066179167 21.8193866724881 0.0 1.6431676725154984 0.6085806194501846 1 0 0 0.9383970093055317 0.3455590440524365 2.435923726705201
cell 37.11118659367667 38.928802256443326 0.0 1.6431676725154984 0.6085806194501846 1 0 0 -0.9554466992796915 -0.2951636915942453 2.5423389759671733
cell 51.16084291165942 8.68292596761548 0.0 1.6431676725154984 0.6085806194501846 1 0 0 0.7471774462085752 0.6646246037254653 1.6876100806110141
cell 27.847750216145517 35.95835527123538 0.0 1.0 1.0 1 0 0 0.0 1.0 0
cell 21.26143116435734 30.088388071419846 0.0 1.0 1.0 1 0 0 0.0 1.0 0
cell 59.96084996982673 25.89235466455438 0.0 1.6431676725154984 0.6085806194501846 1 0 0 0.5838430420616507 0.8118665544510363 1.2469085341506556
cell 18.065596893746104 30.492873454756 0.0 1.0 1.0 1 0 0 0.0 1.0 0
cell 10.337776332708001 23.480836425013564 0.0 1.6431676725154984 0.6085806194501846 1 0 0 0.4248325250541194 -0.9052719622611434 5.405631551213744
cell 38.552933935879835 59.13214562566761 0.0 1.6431676725154984 0.6085806194501846 1 0 0 -0.18717410577289623 -0.9823267552744945 0.37656923645003637
cell 7.465585982082026 21.485808246457903 0.0 1.6431676725154984 0.6085806194501846 1 0 0 0.3590349788830189 -0.9333241044452191 5.5487178549367675
cell 15.503449553583815 56.67810436989166 0.0 1.6431676725154984 0.6085806194501846 1 0 0 -0.7331382805217108 0.6800795994835231 4.637335059233653
cell 15.499082248176705 40.829074251903826 0.0 1.6431676725154984 0.6085806194501846 1 0 0 0.8447942792773981 -0.5350912311935054 4.270824124874168
cell 64.81665363623921 26.13040450462855 0.0 1.6431676725154984 0.6085806194501846 1 0 0 0.9412594912227148 -0.33768412782237206 3.830503475673967
cell 66.6255745573852 45.05208379731887 0.0 1.6431676725154984 0.6085806194501846 1 0 0 0.1007169338129289 0.9949151216276302 0.20177598581783257
cell 1.2685478953255414 25.940882549980426 0.0 1.6431676725154984 0.6085806194501846 1 0 0 0.9654699234956992 -0.26051454244477185 3.668702872985979
cell 9.085298269118086 32.83756749660142 0.0 1.6431676725154984 0.6085806194501846 1 0 0 0.9830742013972377 0.18320784521188904 2.773095571909743
cell 24.234637379309927 28.086220973285396 0.0 1.6431676725154984 0.6085806194501846 1 0 0 0.8499751495049189 0.5268227835089241 2.031876243035751
cell 13.809269918637215 42.892198430737295 0.0 1.6431676725154984 0.6085806194501846 1 0 0 0.8321371812273166 -0.5545698437699763 4.317284548736845
cell 22.77796837699022 19.422850013152107 0.0 1.0 1.0 1 0 0 0.0 1.0 0
cell 57.9658450429899 19.15162849745513 0.0 1.6431676725154984 0.6085806194501846 1 0 0 0.5506970880506744 -0.8347051678362294 5.1167870293991164
cell 9.784442337857557 16.068571730236428 0.0 1.6431676725154984 0.6085806194501846 1 0 0 0.535696055165187 -0.8444108813133905 5.152521626333115
cell 36.60213213660663 14.647848087457449 0.0 1.6431676725154984 0.6085806194501846 1 0 0 0.7591580096677899 0.6509063806395201 1.7240371428523857
cell 12.343433269102663 53.01434731951403 0.0 1.6431676725154984 0.6085806194501846 1 0 0 -0.7504179416724557 0.6609636244273015 4.585796959260247
cell 7.1294182257716265 52.23667150623871 0.0 1.6431676725154984 0.6085806194501846 1 0 0 0.8406307977388529 0.5416085873515485 1.9968936927970262
cell 31.688349195593055 23.96792167735834 0.0 1.6431676725154984 0.6085806194501846 1 0 0 0.9650888416322175 0.26192275150697486 2.611564711432954
cell 53.59022572660581 61.65222907704302 0.0 1.6431676725154984 0.6085806194501846 1 0 0 0.139231987257272 -0.9902597910267744 6.0038136963503295
cell 48.51745734859254 19.039001508513703 0.0 1.6431676725154984 0.6085806194501846 1 0 0 -0.4919267751675031 -0.8706365762321847 1.028602875270372
cell 65.71469575555935 43.52429298173043 0.0 1.6431676725154984 0.6085806194501846 1 0 0 0.24210161298035313 0.9702509000213869 0.48906263747833917
cell 45.142589436883796 3.5510370790972896 0.0 1.6431676725154984 0.6085806194501846 1 0 0 0.3705747643497992 0.9288026399763788 0.7592555345362111
cell 2.494553210248487 43.87054125455635 0.0 1.6431676725154984 0.6085806194501846 1 0 0 0.8532028262619242 -0.5215792722670876 4.238994450520961
cell 1.3265086731530882 44.40251952011621 0.0 1.6431676725154984 0.6085806194501846 1 0 0 0.35872715439807273 0.9334424613748087 0.7338078636519532
cell 4.326996238295218 36.765658970332744 0.0 1.6431676725154984 0.6085806194501846 1 0 0 0.9524892912464619 -0.3045720769552141 3.7605709113846246
cell 10.895952473931953 57.503748572323644 0.0 1.6431676725154984 0.6085806194501846 1 0 0 0.7178319788600122 -0.6962163816845444 4.681818719332669
cell 55.56550516234447 11.667468022866881 0.0 1.6431676725154984 0.6085806194501846 1 0 0 0.7716413270018166 0.636057908104974 1.7628351917545237
cell 46.67047012083306 12.234162851897498 0.0 1.0 1.0 1 0 0 0.0 1.0 0
cell 23.847542984504027 48.134549493794786 0.0 1.6431676725154984 0.6085806194501846 1 0 0 0.708378776423945 0.7058324936641232 1.5743973163530767
cell 60.10929568045151 13.672049518230507 0.0 1.6431676725154984 0.6085806194501846 1 0 0 0.4730812682900287 -0.8810187929851995 5.297615508257803
cell 52.40639876389279 59.75151873841663 0.0 1.6431676725154984 0.6085806194501846 1 0 0 0.1901215542888051 -0.9817605586877123 5.9006133919639066
cell 37.51922512181598 57.17361701815776 0.0 1.6431676725154984 0.6085806194501846 1 0 0 0.1119653271390711 0.9937121140041721 0.22440118809801088
cell 25.09305171073876 25.310971178899003 0.0 1.6431676725154984 0.6085806194501846 1 0 0 0.8615234450673493 0.507717789327187 2.0765253026753157
cell 7.954710612173496 40.71503540563561 0.0 1.6431676725154984 0.6085806194501846 1 0 0 0.9605717688251794 -0.27803215090357114 3.7050824083307243
cell 3.3070889153557017 66.81001890000647 0.0 1.6431676725154984 0.6085806194501846 1 0 0 0.9638934415535546 -0.2662882523320248 3.680673023879828
cell 53.42066652565879 45.37972140376068 0.0 1.6431676725154984 0.6085806194501846 1 0 0 0.9921474531619635 0.12507370300838425 2.890788419258415
cell 28.177865915783183 47.631383028064576 0.0 1.6431676725154984 0.6085806194501846 1 0 0 0.9403647918399692 0.3401676913931881 2.447402218246099
cell 40.98562923607672 19.593947057107812 0.0 1.6431676725154984 0.6085806194501846 1 0 0 0.88193239993088 0.4713759030244953 2.1598921954426413
cell 32.195810504863395 25.64537887486222 0.0 1.6431676725154984 0.6085806194501846 1 0 0 0.9934641867060474 0.11414424966896819 2.912805500027352
cell 24.8126406447159 37.17047356279638 0.0 1.0 1.0 1 0 0 0.0 1.0 0
cell 17.45844594566901 38.83655220659494 0.0 1.0 1.0 1 0 0 0.0 1.0 0
cell 49.23459489492425 45.844561562571414 0.0 1.6431676725154984 0.6085806194501846 1 0 0 -0.34518083246995956 0.9385361969020405 5.578322400618162
cell 39.141493816228746 16.88749724943304 0.0 1.6431676725154984 0.6085806194501846 1 0 0 0.8878330166848644 0.4601657684837643 2.1852288519556615
cell 57.740471052915964 1.6548630252662604 0.0 1.6431676725154984 0.6085806194501846 1 0 0 0.798468461996796 0.6020366394136417 1.849493961821885
cell 37.46629844019891 15.85320727968059 0.0 1.6431676725154984 0.6085806194501846 1 0 0 0.8697443359383343 0.4935025735527484 2.1093680471372234
cell 3.6125877593146076 50.75742843852392 0.0 1.6431676725154984 0.6085806194501846 1 0 0 0.8405345495797674 -0.5417579449927223 4.286646981309482
cell 25.535763136200874 7.496901289522035 0.0 1.6431676725154984 0.6085806194501846 1 0 0 0.7753041837852928 -0.631588016514738 4.508792166889322
cell 34.09183450217874 20.975074818946624 0.0 1.6431676725154984 0.6085806194501846 1 0 0 0.9738753285394064 0.22708334254687912 2.683429186105974
cell 36.910603240939096 66.25308090932107 0.0 1.6431676725154984 0.6085806194501846 1 0 0 -0.08334635976761987 -0.9965206391808884 0.16688631703933865
cell 22.975258145475614 17.27215225990869 0.0 1.6431676725154984 0.6085806194501846 1 0 0 -0.20065481797008408 -0.9796620049922281 0.4040525744494907
cell 12.208425177585365 16.97056779294771 0.0 1.6431676725154984 0.6085806194501846 1 0 0 0.07178474168508826 -0.9974201476114292 6.139492233570641
cell 14.534347627257343 6.989577737546207 0.0 1.6431676725154984 0.6085806194501846 1 0 0 0.1287114416416868 -0.9916820885699805 6.025046300420308
cell 58.28424211483657 50.29035041008745 0.0 1.0 1.0 1 0 0 0.0 1.0 0
cell 54.347738000900215 60.30323139099967 0.0 1.6431676725154984 0.6085806194501846 1 0 0 0.07186640480283267 -0.9974142669225838 6.139328484405088
cell 6.273639149693592 24.87830647999907 0.0 1.6431676725154984 0.6085806194501846 1 0 0 0.028783433850224204 -0.9995856711336901 6.225610487622905
cell 25.586451464405144 47.31312936576959 0.0 1.6431676725154984 0.6085806194501846 1 0 0 0.8841038807486564 0.46729041082089995 2.1691456518075913
cell 47.843348411603436 33.9513524241433 0.0 1.6431676725154984 0.6085806194501846 1 0 0 0.2593091559767789 0.9657943681895285 0.5246136448638218
cell 22.883786434106288 36.975304797750255 0.0 1.0 1.0 1 0 0 0.0 1.0 0
cell 29.765297368950982 26.76875811736268 0.0 1.6431676725154984 0.6085806194501846 1 0 0 0.9749516171841074 0.22241705004359213 2.6930068114481434
cell 40.32363897241787 54.62101277205919 0.0 1.6431676725154984 0.6085806194501846 1 0 0 0.2499208794557101 0.9682662619404253 0.505197081314501
cell 47.5649117062116 51.85968816958799 0.0 1.6431676725154984 0.6085806194501846 1 0 0 -0.010545949598871248 0.999944389927289 6.262093016999131
cell 4.589882948655198 31.47096237741148 0.0 1.6431676725154984 0.6085806194501846 1 0 0 0.9302024368012539 -0.36704689968587006 3.893257331117579
cell 49.26585954170541 13.479295550214033 0.0 1.6431676725154984 0.6085806194501846 1 0 0 0.729393807556805 0.6840940531080404 1.6348708141946413
cell 12.684161855902664 61.17041959344326 0.0 1.6431676725154984 0.6085806194501846 1 0 0 -0.7254251582691168 0.6883010531375257 4.6598815357623575
cell 0.8083034660470806 24.390914700193285 0.0 1.6431676725154984 0.6085806194501846 1 0 0 0.9761099809639685 -0.2172770237796002 3.579640613426701
cell 29.865364141054346 24.34873780632258 0.0 1.6431676725154984 0.6085806194501846 1 0 0 0.928736488388872 0.37074052265041996 2.3819801773393547
cell 51.52310777362722 22.61692608402725 0.0 1.6431676725154984 0.6085806194501846 1 0 0 -0.4642042875820595 -0.8857281633720544 0.9654720571908513
cell 35.83543997354063 12.512168326227048 0.0 1.6431676725154984 0.6085806194501846 1 0 0 0.7134950784088534 0.7006602408345605 1.5889477773477922
cell 51.512284722262656 20.41027480504017 0.0 1.6431676725154984 0.6085806194501846 1 0 0 0.5857255661099964 0.8105094454755751 1.2515499322076955
cell 27.04318547353797 5.179252699239876 0.0 1.6431676725154984 0.6085806194501846 1 0 0 0.8364760364553308 -0.5480035040362244 4.301543798827058
cell 12.762559082270293 48.34847690724619 0.0 1.6431676725154984 0.6085806194501846 1 0 0 -0.8569630900073304 0.5153777860609519 4.224489520993734
cell 25.17280925484698 39.330891861753315 0.0 1.6431676725154984 0.6085806194501846 1 0 0 -0.4064994702669657 -0.9136510168946764 0.8372388350354028
cell 19.378456456112215 32.055317681537225 0.0 1.0 1.0 1 0 0 0.0 1.0 0
cell 22.621450234863794 34.43061085693998 0.0 1.0 1.0 1 0 0 0.0 1.0 0
cell 15.276844832419508 36.83400335032858 0.0 1.6431676725154984 0.6085806194501846 1 0 0 0.8320532967733537 -0.5546956925455554 4.317587035205799
cell 2.0099742795068813 15.17711678731183 0.0 1.6431676725154984 0.6085806194501846 1 0 0 0.9065844835927338 0.4220243762022475 2.270238387897715
cell 31.204266978023977 35.9335845475857 0.0 1.0 1.0 1 0 0 0.0 1.0 0
cell 55.50224188682079 43.56706644788179 0.0 1.0 1.0 1 0 0 0.0 1.0 0
cell 34.55798836505908 40.47530887898425 0.0 1.6431676725154984 0.6085806194501846 1 0 0 0.9093175771815132 0.4161028043990366 2.283282154831234
cell 17.269674675868018 49.42698748874947 0.0 1.6431676725154984 0.6085806194501846 1 0 0 0.9137861771181703 -0.4061955471294088 3.9781662441270527
cell 42.03031868530055 1.064096300822853 0.0 1.6431676725154984 0.6085806194501846 1 0 0 0.018506861217221 -0.9998287333778153 6.246169471528636
cell 0.9254333383089942 28.547032461436476 0.0 1.6431676725154984 0.6085806194501846 1 0 0 0.8969708784829378 -0.4420896324881945 4.057446642251293
cell 44.356694699626075 54.53680174025404 0.0 1.0 1.0 1 0 0 0.0 1.0 0
cell 15.69391661477137 45.68617297915531 0.0 1.6431676725154984 0.6085806194501846 1 0 0 0.927341886454886 -0.37421521298083715 3.9086933616269404
cell 8.211731613200808 13.7771427426857 0.0 1.6431676725154984 0.6085806194501846 1 0 0 0.14804192810429392 -0.9889810855234609 5.986009127399648
cell 57.933706740196484 35.42071039265435 0.0 1.6431676725154984 0.6085806194501846 1 0 0 0.3421237087303416 0.9396549195979322 0.698352129222688
cell 59.088800754231045 34.716814090119975 0.0 1.6431676725154984 0.6085806194501846 1 0 0 0.2509607853702723 0.9679972542349158 0.5073453546376114
cell 48.964824856803716 0.7764610736811304 0.0 1.0 1.0 1 0 0 0.0 1.0 0
cell 10.930565282115094 18.23576604060764 0.0 1.6431676725154984 0.6085806194501846 1 0 0 -0.003190750110582778 -0.9999949095439096 0.006381511049436739
cell 43.88155540939186 45.875640943337906 0.0 1.6431676725154984 0.6085806194501846 1 0 0 -0.1405941625600901 0.9900673115773628 6.001062282028538
cell 4.717342085828126 27.509097788944032 0.0 1.6431676725154984 0.6085806194501846 1 0 0 0.9766625837445513 -0.21477941594439937 3.5745245921993836
cell 34.513488487161084 17.756037966735384 0.0 1.6431676725154984 0.6085806194501846 1 0 0 0.75190759228479 0.6592685133270738 1.7019016450511661
cell 43.82474634698766 28.573943132916465 0.0 1.0 1.0 1 0 0 0.0 1.0 0
cell 20.95020067218338 55.06035115724351 0.0 1.6431676725154984 0.6085806194501846 1 0 0 0.8493967574402438 -0.52775481850003 4.253502897980543
cell 2.680347527178465 27.70026341198398 0.0 1.6431676725154984 0.6085806194501846 1 0 0 0.9789013663178229 -0.2043333429010048 3.5531579195547716
cell 26.805530801549644 39.79754031117954 0.0 1.6431676725154984 0.6085806194501846 1 0 0 -0.49114518243744126 -0.8710777288901908 1.026807878983556
cell 58.770101557269385 7.363425206520789 0.0 1.6431676725154984 0.6085806194501846 1 0 0 0.8084701169004519 -0.5885372291359058 4.40008933241373
cell 18.316002613951746 27.235177758192993 0.0 1.6431676725154984 0.6085806194501846 1 0 0 0.6634315519296979 -0.7482369784394196 4.832393960720972
cell 59.759719637412225 9.762071058576941 0.0 1.6431676725154984 0.6085806194501846 1 0 0 0.8760176826059694 0.4822789854033319 2.1350838856087764
cell 14.51413407996864 41.64328189007542 0.0 1.6431676725154984 0.6085806194501846 1 0 0 0.8408136256107906 -0.5413247149237111 4.285616308267893
cell 19.022416474144105 1.551928443609503 0.0 1.6431676725154984 0.6085806194501846 1 0 0 0.9999839672625281 -0.0056626158173618425 3.152917945749727
cell 31.590153612448006 16.613709429330857 0.0 1.0 1.0 1 0 0 0.0 1.0 0
cell 29.324464478972846 23.44286552167967 0.0 1.6431676725154984 0.6085806194501846 1 0 0 0.9157231225118083 0.4018098591339237 2.314607819109825
cell 35.7563580961871 17.743829905018597 0.0 1.6431676725154984 0.6085806194501846 1 0 0 0.863048295644357 0.5051214105394569 2.0825473816988684
cell 48.30622201371535 62.14697176563314 0.0 1.6431676725154984 0.6085806194501846 1 0 0 -0.038550282292264905 -0.9992566615915986 0.07711967420360466
cell 6.492610268706503 41.162150109582235 0.0 1.6431676725154984 0.6085806194501846 1 0 0 0.9618551668049609 -0.27355920399540734 3.6957755498932428
cell 17.433067669172267 15.749056511391435 0.0 1.0 1.0 1 0 0 0.0 1.0 0
cell 62.239270942745485 14.659457873020607 0.0 1.6431676725154984 0.6085806194501846 1 0 0 0.9984133634402899 0.05630946371479369 3.0289141265641395
cell 63.07693308602194 9.212254450393377 0.0 1.0 1.0 1 0 0 0.0 1.0 0
cell 31.66652488072651 41.80568245167009 0.0 1.0 1.0 1 0 0 0.0 1.0 0
cell 28.387776295452007 5.2129659490556355 0.0 1.6431676725154984 0.6085806194501846 1 0 0 0.8722463494369548 -0.4890667703840712 4.163631686448916
cell 24.276059120744282 5.553025403357533 0.0 1.6431676725154984 0.6085806194501846 1 0 0 0.7518823649687663 -0.6592972844240865 4.581360191691264
cell 60.9413169852637 39.39563468781261 0.0 1.6431676725154984 0.6085806194501846 1 0 0 0.3452370639995244 0.9385155137987802 0.7049827360349066
cell 39.36144170640471 14.993604961531757 0.0 1.6431676725154984 0.6085806194501846 1 0 0 0.9025690307979587 0.4305451714331883 2.251399229893758
cell 29.260119451857467 59.483821338468125 0.0 1.6431676725154984 0.6085806194501846 1 0 0 0.48104670735853505 0.8766949671005941 1.0036964921822147
cell 7.257750916786515 45.64566121424117 0.0 1.6431676725154984 0.6085806194501846 1 0 0 0.618778276607084 -0.7855656843314677 4.948812239174162
cell 57.90674735261097 15.012477350010897 0.0 1.6431676725154984 0.6085806194501846 1 0 0 0.8886003343114083 0.458682292945404 2.188569197244011
cell 16.245279442484478 65.74122103566211 0.0 1.6431676725154984 0.6085806194501846 1 0 0 0.7591127292251777 -0.6509591879129614 4.559287289114545
cell 54.056100496039065 13.248946374237766 0.0 1.6431676725154984 0.6085806194501846 1 0 0 0.822933093149198 0.5681382967199916 1.93310904150351
cell 33.098751717439306 40.435253065265584 0.0 1.0 1.0 1 0 0 0.0 1.0 0
cell 45.545067857477875 29.662983734898994 0.0 1.6431676725154984 0.6085806194501846 1 0 0 0.15157882328804106 -0.988445173153581 5.97885459226294
cell 17.490816705727116 51.806157069487924 0.0 1.6431676725154984 0.6085806194501846 1 0 0 0.8094572675607432 -0.5871787904830141 4.396730866893645
cell 17.73819248839633 24.778944944801697 0.0 1.0 1.0 1 0 0 0.0 1.0 0
cell 53.19409699699193 40.35412677283687 0.0 1.6431676725154984 0.6085806194501846 1 0 0 0.10825391802835221 0.9941232766772493 0.21693295442921973
cell 16.325005038764743 23.55926490251224 0.0 1.0 1.0 1 0 0 0.0 1.0 0
cell 48.37967521475643 11.922066850331136 0.0 1.6431676725154984 0.6085806194501846 1 0 0 0.7230767949596112 0.6907676516680094 1.6164923311127777
cell 36.10931514200584 6.313443293240471 0.0 1.6431676725154984 0.6085806194501846 1 0 0 0.34162803757388843 -0.9398352429779455 5.585888083494222
cell 49.67639705233244 42.199108274460905 0.0 1.0 1.0 1 0 0 0.0 1.0 0
cell 35.3447502080178 34.27796651072173 0.0 1.0 1.0 1 0 0 0.0 1.0 0
cell 46.34260597377439 42.325968557157665 0.0 1.6431676725154984 0.6085806194501846 1 0 0 0.26813658547608166 0.9633809067701248 0.5429165290164599
cell 12.981631068838979 24.985803217278118 0.0 1.0 1.0 1 0 0 0.0 1.0 0
cell 50.349128316913415 14.389957141761098 0.0 1.6431676725154984 0.6085806194501846 1 0 0 0.7396629708396837 0.6729774807291944 1.6651388347771088
cell 9.053564694096169 47.577595591287604 0.0 1.6431676725154984 0.6085806194501846 1 0 0 0.6665222892352249 -0.7454851024350756 4.824117366475684
cell 24.524399622667815 42.6993317053801 0.0 1.0 1.0 1 0 0 0.0 1.0 0
cell 58.14658836448704 64.63998519520673 0.0 1.6431676725154984 0.6085806194501846 1 0 0 -0.9739621667621413 -0.22671060344852587 2.684194627976156
cell 4.094766455788968 18.202440949686675 0.0 1.6431676725154984 0.6085806194501846 1 0 0 0.255008741133295 -0.966938747773411 5.767471820772471
cell 13.311223139029234 32.88245865781295 0.0 1.6431676725154984 0.6085806194501846 1 0 0 0.5452609603478693 -0.8382663569060369 5.129784521562202
cell 22.107900799958035 6.292774177918487 0.0 1.6431676725154984 0.6085806194501846 1 0 0 -0.5747575948509653 0.8183237178287903 5.058569515904676
cell 56.828362406039695 0.7302017664497144 0.0 1.6431676725154984 0.6085806194501846 1 0 0 0.8300975151283528 0.5576182523713997 1.9585650790935525
cell 25.477474251180908 20.625629614072217 0.0 1.0 1.0 1 0 0 0.0 1.0 0
cell 62.94617510522847 3.82826601268334 0.0 1.6431676725154984 0.6085806194501846 1 0 0 0.5305440120903212 -0.8476573902439034 5.164700868128852
cell 40.53016835178354 16.93829643289561 0.0 1.6431676725154984 0.6085806194501846 1 0 0 0.8503545377805902 0.526210186214557 2.0333173688890307
cell 15.460814189106511 50.92077029843656 0.0 1.0 1.0 1 0 0 0.0 1.0 0
cell 21.448734515905862 48.416180098714655 0.0 1.6431676725154984 0.6085806194501846 1 0 0 0.7321604368263167 0.6811322153196816 1.6429767979315968
cell 53.78869060091833 66.25332394862706 0.0 1.6431676725154984 0.6085806194501846 1 0 0 0.8369529621485087 0.5472748296339208 1.9833832598265562
cell 48.180820653337925 43.69278195258406 0.0 1.6431676725154984 0.6085806194501846 1 0 0 -0.06935240790614777 0.9975922230639227 6.144369060620939
cell 23.4776654784126 3.155688165009337 0.0 1.6431676725154984 0.6085806194501846 1 0 0 -0.6162803090898644 0.7875268761306506 4.9551639707389405
cell 47.57440918236436 6.097790146708973 0.0 1.0 1.0 1 0 0 0.0 1.0 0
cell 21.371719446779835 28.483925532141466 0.0 1.0 1.0 1 0 0 0.0 1.0 0
cell 31.321026760638862 32.280098400604125 0.0 1.0 1.0 1 0 0 0.0 1.0 0
cell 41.27984717583399 31.04637647576817 0.0 1.0 1.0 1 0 0 0.0 1.0 0
cell 16.243637696524356 52.495886700858264 0.0 1.0 1.0 1 0 0 0.0 1.0 0
cell 55.247429169056375 6.437776148316796 0.0 1.6431676725154984 0.6085806194501846 1 0 0 0.7084464728123606 0.7057645465448977 1.5745891455690226
cell 65.61654553404857 55.47010578996078 0.0 1.6431676725154984 0.6085806194501846 1 0 0 0.3589819061445153 0.9333445189536661 0.7343537250652706
cell 29.672142951145933 29.909127959773752 0.0 1.0 1.0 1 0 0 0.0 1.0 0
cell 63.824123096975796 43.61407931372601 0.0 1.6431676725154984 0.6085806194501846 1 0 0 0.2712687231482365 0.9625036518587997 0.5494218720218916
cell 31.558635950191853 18.930044040188704 0.0 1.6431676725154984 0.6085806194501846 1 0 0 -0.8641509014468381 -0.5032327687349235 2.0869212629627754
cell 52.113343161909974 5.899679673406013 0.0 1.6431676725154984 0.6085806194501846 1 0 0 0.7601865035234506 0.6497049175285583 1.7272002512852505
cell 33.25197907356367 20.049404440514014 0.0 1.6431676725154984 0.6085806194501846 1 0 0 0.9188134528568014 0.3946920810573256 2.330127253187671
cell 26.783419408429474 7.566485952757539 0.0 1.6431676725154984 0.6085806194501846 1 0 0 0.7844003929435738 -0.6202548053421005 4.479727658419342
cell 9.792544310016593 19.574613628528517 0.0 1.6431676725154984 0.6085806194501846 1 0 0 0.14528999463417577 -0.9893891132710129 5.991573165306978
cell 2.6147802726595373 2.8824707817473674 0.0 1.6431676725154984 0.6085806194501846 1 0 0 0.4295753940195204 0.9030309966180418 0.8880450468557776
cell 48.53563036722555 65.81008983231685 0.0 1.0 1.0 1 0 0 0.0 1.0 0
cell 37.53971786567018 25.85692940001479 0.0 1.6431676725154984 0.6085806194501846 1 0 0 0.9998907335969348 -0.014782451318491171 3.171158633090698
cell 22.716234014159305 49.244298012653594 0.0 1.6431676725154984 0.6085806194501846 1 0 0 0.6531945563097452 0.7571901158938322 1.423591522903369
cell 23.092467538660415 57.35453488213442 0.0 1.6431676725154984 0.6085806194501846 1 0 0 0.6508459748029143 0.7592097978048257 1.4173963771301836
cell 14.233990980006444 38.29440941168655 0.0 1.6431676725154984 0.6085806194501846 1 0 0 0.6954507459045952 -0.7185737679742714 4.745091329000765
cell 23.061999836114428 30.546434836023234 0.0 1.6431676725154984 0.6085806194501846 1 0 0 0.8117755943987136 0.5839695063431096 1.8943725624096708
cell 31.104536550669405 33.989159637341785 0.0 1.6431676725154984 0.6085806194501846 1 0 0 0.48023722175860706 0.8771386497228214 1.001850283888152
cell 22.065204851700617 54.37650147372908 0.0 1.6431676725154984 0.6085806194501846 1 0 0 0.6181089886749643 0.7860924106739696 1.3326696748977538
cell 0.6515878130432502 46.487904162281545 0.0 1.0 1.0 1 0 0 0.0 1.0 0
cell 32.77228729006662 33.1160876705546 0.0 1.0 1.0 1 0 0 0.0 1.0 0
cell 45.785632658827055 2.0744686975091176 0.0 1.6431676725154984 0.6085806194501846 1 0 0 0.6289785331658994 0.7774226680618939 1.3604771953617971
cell 61.620487474161536 41.459905504747944 0.0 1.6431676725154984 0.6085806194501846 1 0 0 0.3744021770270088 0.9272664179390065 0.7675039501559175
cell 1.173528756276578 39.308492497537486 0.0 1.6431676725154984 0.6085806194501846 1 0 0 0.633881653193923 -0.7734300548492663 4.910061898236499
cell 43.12876014557688 65.63990201714495 0.0 1.6431676725154984 0.6085806194501846 1 0 0 0.46650184617366314 -0.8845202244813648 5.312521758631231
cell 39.49846283661778 55.58297205944735 0.0 1.6431676725154984 0.6085806194501846 1 0 0 0.12825225339440863 0.991741578990846 0.2572129550103066
cell 37.63037311470028 60.17684339918343 0.0 1.6431676725154984 0.6085806194501846 1 0 0 -0.04421507107849602 -0.9990220355375168 0.08845898061731727
cell 50.966346787298406 45.68562453881201 0.0 1.6431676725154984 0.6085806194501846 1 0 0 0.29225498984326326 -0.9563404314948282 5.690017452522879
cell 41.79179838903792 24.48997745976751 0.0 1.6431676725154984 0.6085806194501846 1 0 0 0.9834652256620424 0.18109707317764112 2.777388943696999
cell 53.35078806408746 2.363403746947692 0.0 1.6431676725154984 0.6085806194501846 1 0 0 -0.7380949730215584 -0.6746968288055792 1.6604848999220723
cell 15.062460066780716 29.082567816018255 0.0 1.0 1.0 1 0 0 0.0 1.0 0
cell 11.14737572044216 52.02799317094809 0.0 1.6431676725154984 0.6085806194501846 1 0 0 -0.7557009287447221 0.6549168697585707 4.569737875745684
cell 43.68488010654405 58.32274433310704 0.0 1.6431676725154984 0.6085806194501846 1 0 0 0.35484866577149243 -0.93492375325488 5.557680918563968
cell 42.68692491933843 12.127486445229627 0.0 1.6431676725154984 0.6085806194501846 1 0 0 0.5605575267195909 0.8281154866551013 1.1901177885198488
cell 2.015588806107735 8.26378691980077 0.0 1.0 1.0 1 0 0 0.0 1.0 0
cell 50.31008769419132 65.27658640160875 0.0 1.6431676725154984 0.6085806194501846 1 0 0 0.784308622331359 0.6203708446862132 1.803161763818497
cell 17.12466665047241 29.426247763284305 0.0 1.6431676725154984 0.6085806194501846 1 0 0 0.287373349068068 -0.9578186458017 5.700218548659266
cell 15.932672824186659 44.372284264143595 0.0 1.6431676725154984 0.6085806194501846 1 0 0 0.9347781900596832 -0.3552319459011855 3.8679170234343867
cell 53.00936742098146 16.39442911405188 0.0 1.6431676725154984 0.6085806194501846 1 0 0 0.8045373812083764 0.5939020140043033 1.8697922174227548
cell 18.622635988961022 8.331141776477963 0.0 1.6431676725154984 0.6085806194501846 1 0 0 0.29718086919254627 -0.95482120367426 5.6797077678767875
cell 19.645701595170163 35.419695814396036 0.0 1.0 1.0 1 0 0 0.0 1.0 0
cell 66.30537359839857 63.733948507826675 0.0 1.6431676725154984 0.6085806194501846 1 0 0 0.41324711615652987 -0.9106189219362354 5.431151260154838
cell 38.19478990591661 32.78289360883492 0.0 1.0 1.0 1 0 0 0.0 1.0 0
cell 30.204145780412905 42.73284109876556 0.0 1.0 1.0 1 0 0 0.0 1.0 0
cell 56.47999419319295 41.83225234043975 0.0 1.0 1.0 1 0 0 0.0 1.0 0
cell 58.60265596979367 42.191095384479944 0.0 1.0 1.0 1 0 0 0.0 1.0 0
cell 1.9150691338898567 31.511982337114112 0.0 1.6431676725154984 0.6085806194501846 1 0 0 -0.4537735496491701 0.891117032515254 5.341194458460453
cell 27.719712062520287 43.064811304097056 0.0 1.0 1.0 1 0 0 0.0 1.0 0
cell 64.62870725934289 30.886078670808423 0.0 1.6431676725154984 0.6085806194501846 1 0 0 -0.20903122501764607 0.9779089666055948 5.862016917167702
cell 28.490653695887907 37.838587551836426 0.0 1.0 1.0 1 0 0 0.0 1.0 0
cell 15.98810870257819 62.633396756776506 0.0 1.6431676725154984 0.6085806194501846 1 0 0 0.607772786921129 -0.7941109742838993 4.976679490537136
cell 56.716915528602726 58.722453141900864 0.0 1.6431676725154984 0.6085806194501846 1 0 0 -0.301525975971025 -0.9534579622692974 0.6125854294832349
cell 31.54699577851368 55.57310667279076 0.0 1.6431676725154984 0.6085806194501846 1 0 0 0.33128931126163746 0.9435292217222474 0.67533945044115
cell 28.838649962803977 64.32304587262226 0.0 1.6431676725154984 0.6085806194501846 1 0 0 0.7076881255587922 -0.7065249584714494 4.710744013528999
cell 42.553196386164835 20.637827939857377 0.0 1.6431676725154984 0.6085806194501846 1 0 0 0.9151955106585296 0.4030101453691622 2.311985559351153
cell 4.992637859881947 12.903810526696649 0.0 1.6431676725154984 0.6085806194501846 1 0 0 0.7437869176412003 0.6684168019625197 1.6774362893344597
cell 11.115580266773447 12.312813178751359 0.0 1.6431676725154984 0.6085806194501846 1 0 0 -0.3774341927306372 0.9260364086566857 5.509137336359499
cell 24.821987968327054 45.639232759158894 0.0 1.0 1.0 1 0 0 0.0 1.0 0
cell 36.024614360565515 62.053539303236185 0.0 1.6431676725154984 0.6085806194501846 1 0 0 -0.10568145044588838 -0.9944000357158347 0.21175832835089814
cell 6.933137565314712 32.3801243227577 0.0 1.6431676725154984 0.6085806194501846 1 0 0 0.925417235993492 0.3789497847026246 2.3642703007448906
cell 66.72919462222497 26.274487477635585 0.0 1.6431676725154984 0.6085806194501846 1 0 0 0.9510121632132778 -0.30915346580687375 3.7701981801100852
cell 59.698356887071185 22.505253563066518 0.0 1.6431676725154984 0.6085806194501846 1 0 0 0.8486080835185742 0.5290220416834563 2.0266972046399223
cell 35.05648629237429 38.26265093632697 0.0 1.6431676725154984 0.6085806194501846 1 0 0 0.8299166607783223 0.5578873866315307 1.9579165683478512
cell 52.48126458962129 54.47595310460773 0.0 1.0 1.0 1 0 0 0.0 1.0 0
cell 59.34107635278513 18.802880571225458 0.0 1.0 1.0 1 0 0 0.0 1.0 0
cell 26.062612110720895 22.49281885752977 0.0 1.0 1.0 1 0 0 0.0 1.0 0
cell 56.41940399690033 20.866953213262 0.0 1.6431676725154984 0.6085806194501846 1 0 0 0.7439020046799453 0.6682887156260823 1.6777806794396735
cell 46.034170985231434 63.5993595871582 0.0 1.6431676725154984 0.6085806194501846 1 0 0 0.5828522480227264 -0.8125781543795367 5.038716484053076
cell 27.851620135339775 27.19310277938004 0.0 1.6431676725154984 0.6085806194501846 1 0 0 0.9197807837604796 0.39243255449179787 2.3350430206430617
cell 26.159495486804794 28.523753174740598 0.0 1.6431676725154984 0.6085806194501846 1 0 0 0.8995484679117055 0.43682096318480784 2.2374694691840697
cell 38.62606664589585 19.19703974260172 0.0 1.6431676725154984 0.6085806194501846 1 0 0 0.8739490969970479 0.4860174645607342 2.126538641176208
cell 40.517485815389136 21.505134406889187 0.0 1.6431676725154984 0.6085806194501846 1 0 0 0.9290633214940581 0.3699207275274371 2.383745265408395
cell 14.684457126821286 24.69556164174699 0.0 1.6431676725154984 0.6085806194501846 1 0 0 -0.7729513855118015 -0.6344652517162672 1.766959659807144
cell 11.560042465578617 48.100548068576266 0.0 1.6431676725154984 0.6085806194501846 1 0 0 0.8344340554612961 -0.5511077998780407 4.3089751795704005
cell 2.0529050442100676 0.43898952372533295 0.0 1.6431676725154984 0.6085806194501846 1 0 0 0.39138021452354965 0.9202290626140321 0.80426194985507
cell 16.333876292034027 10.198575146031573 0.0 1.6431676725154984 0.6085806194501846 1 0 0 -0.2005163327839878 0.9796903593926303 5.879415448975285
cell 38.737771940700576 49.52315977705788 0.0 1.6431676725154984 0.6085806194501846 1 0 0 -0.0880918568742284 0.9961123554862927 6.106772924582259
cell 30.054814708554446 45.096945622995364 0.0 1.6431676725154984 0.6085806194501846 1 0 0 0.840994007788168 0.5410444333549648 1.9982356187095478
cell 54.52122114079618 26.87752604898863 0.0 1.6431676725154984 0.6085806194501846 1 0 0 0.31751520476426237 0.9482531807188987 0.6462158829866389
cell 37.48498829446476 65.11779284695011 0.0 1.6431676725154984 0.6085806194501846 1 0 0 -0.20052216891997227 -0.9796891648740584 0.40378177245758806
cell 20.699440549991476 9.275442606349674 0.0 1.6431676725154984 0.6085806194501846 1 0 0 0.5352752520725935 -0.8446776926843881 5.1535181473927345
cell 60.416933885751625 17.13058953319343 0.0 1.6431676725154984 0.6085806194501846 1 0 0 0.9724415572697592 0.23314677285942764 2.670967883959266
cell 9.32830239970218 21.314777258521048 0.0 1.6431676725154984 0.6085806194501846 1 0 0 -0.3538101483209762 0.9353172611178994 5.5599020597661895
cell 2.1289177444205984 55.299415838179065 0.0 1.6431676725154984 0.6085806194501846 1 0 0 0.5590386039520111 -0.8291416280053646 5.096733630161285
cell 13.775814904619793 35.30944151273343 0.0 1.6431676725154984 0.6085806194501846 1 0 0 0.7032158471112142 -0.7109764218113407 4.723364145460888
cell 17.749073324282847 35.5646027247465 0.0 1.0 1.0 1 0 0 0.0 1.0 0
cell 58.479412578085714 37.2328409400505 0.0 1.6431676725154984 0.6085806194501846 1 0 0 0.2861490809596785 0.9581851091860755 0.5804108805611319
cell 26.96530493279468 23.724290295366366 0.0 1.6431676725154984 0.6085806194501846 1 0 0 0.9156772770709298 0.4019143245219901 2.314379654066338
cell 64.65044368863424 48.88797195199873 0.0 1.6431676725154984 0.6085806194501846 1 0 0 0.963186140352376 -0.26883537533794366 3.6859600323594686
cell 48.639392512158445 58.74723017522828 0.0 1.6431676725154984 0.6085806194501846 1 0 0 0.10238418789872085 -0.9947449311599026 6.078057485065456
cell 43.812497139379246 5.714846410766792 0.0 1.6431676725154984 0.6085806194501846 1 0 0 0.20240934055924012 0.979301005235047 0.4076351272814849
cell 24.584122439828263 59.89195020983052 0.0 1.6431676725154984 0.6085806194501846 1 0 0 0.5731337470150074 0.8194618404981024 1.2206498329830133
cell 21.110755042764772 40.24438375289176 0.0 1.0 1.0 1 0 0 0.0 1.0 0
cell 57.38690921460786 6.92632364456124 0.0 1.6431676725154984 0.6085806194501846 1 0 0 0.7823716962516383 0.6228117925218937 1.7969296159281827
cell 21.281785680411783 18.806410600699298 0.0 1.0 1.0 1 0 0 0.0 1.0 0
cell 29.858840997780987 31.611955718797006 0.0 1.0 1.0 1 0 0 0.0 1.0 0
cell 24.179753158692982 35.51468324104075 0.0 1.0 1.0 1 0 0 0.0 1.0 0
cell 54.31445320408951 4.278916899270902 0.0 1.6431676725154984 0.6085806194501846 1 0 0 0.6875609721627371 0.7261266484289306 1.516249462271063
cell 50.811992530703925 40.7851587617254 0.0 1.6431676725154984 0.6085806194501846 1 0 0 0.06818557076001511 0.9976726557043302 0.13647703430561445
cell 27.98315722859863 28.412634910571917 0.0 1.6431676725154984 0.6085806194501846 1 0 0 0.9586204992081497 0.28468708874467363 2.5642326654615704
cell 10.103884101129246 51.039806229287876 0.0 1.6431676725154984 0.6085806194501846 1 0 0 0.6506678000864928 -0.7593625049543886 4.8662582517018
cell 18.067180434037137 22.854365438326806 0.0 1.0 1.0 1 0 0 0.0 1.0 0
cell 27.317871839705102 32.7257671732283 0.0 1.0 1.0 1 0 0 0.0 1.0 0
cell 63.37957138673958 44.96791984129396 0.0 1.6431676725154984 0.6085806194501846 1 0 0 0.027988198681637516 0.9996082536346712 0.0559837080255951
cell 44.73471018437868 26.369899989256673 0.0 1.0 1.0 1 0 0 0.0 1.0 0
cell 15.900998337398997 25.50046803114548 0.0 1.0 1.0 1 0 0 0.0 1.0 0
cell 43.634200009091145 22.673264115497144 0.0 1.6431676725154984 0.6085806194501846 1 0 0 0.959164822450841 0.28284773885051073 2.5680690684403595
cell 50.67349585697658 29.825557010178017 0.0 1.6431676725154984 0.6085806194501846 1 0 0 0.24809379153080605 0.9687360169849518 0.5014240606982406
cell 17.519091963540564 32.04598471960206 0.0 1.0 1.0 1 0 0 0.0 1.0 0
cell 1.0201636766139486 53.66123448793551 0.0 1.6431676725154984 0.6085806194501846 1 0 0 0.19328199251177164 0.9811432471207655 0.3890122420062498
cell 43.56025436940692 15.919604200240355 0.0 1.6431676725154984 0.6085806194501846 1 0 0 0.8523296833350144 0.5230048861206118 2.0408473530584716
cell 5.952261659977897 18.321509075679668 0.0 1.6431676725154984 0.6085806194501846 1 0 0 0.3911311327989832 -0.9203349591074894 5.479464673399603
cell 40.50997074074521 66.1180763649072 0.0 1.6431676725154984 0.6085806194501846 1 0 0 -0.04465050218921932 -0.9990026689925561 0.08933070378038455
cell 53.72103573449049 57.767580409841194 0.0 1.6431676725154984 0.6085806194501846 1 0 0 0.09787168095481136 0.9951990424367779 0.19605721657150604
cell 29.978089873742253 25.55946451565276 0.0 1.6431676725154984 0.6085806194501846 1 0 0 0.9717922436160926 0.23583857879405742 2.665429858206465
cell 9.512100947355764 45.03692114665747 0.0 1.6431676725154984 0.6085806194501846 1 0 0 0.8120908805973367 -0.5835309774559035 4.387732535569718
cell 65.36363797216272 35.9057170327287 0.0 1.0 1.0 1 0 0 0.0 1.0 0
cell 32.76738242402252 14.58876494481943 0.0 1.6431676725154984 0.6085806194501846 1 0 0 0.750031299675175 -0.6614023355776482 4.586966505355525
cell 7.575777698994021 6.279932998725816 0.0 1.6431676725154984 0.6085806194501846 1 0 0 0.8457208493933808 -0.5336255661991268 4.267356153242833
cell 56.04368640706337 8.421298859005992 0.0 1.6431676725154984 0.6085806194501846 1 0 0 0.7625651800481569 0.6469113897421517 1.734538347660888
cell 35.3981987355874 25.14694054338602 0.0 1.6431676725154984 0.6085806194501846 1 0 0 0.9992511865082894 0.038691940527401845 3.064189451382965
cell 20.304488150314352 17.10303333382822 0.0 1.0 1.0 1 0 0 0.0 1.0 0
cell 56.23447434012785 36.67585080560218 0.0 1.6431676725154984 0.6085806194501846 1 0 0 0.44813270875138234 0.8939670437701541 0.9293509463251202
cell 11.380076271659055 49.923515039287324 0.0 1.6431676725154984 0.6085806194501846 1 0 0 0.8380012211084017 -0.5456683547914681 4.29596558575686
cell 51.6184651086612 1.3173907304826142 0.0 1.6431676725154984 0.6085806194501846 1 0 0 0.8299566453952915 0.5578279006684718 1.958059918958557
cell 19.47932776333186 23.35963330957377 0.0 1.0 1.0 1 0 0 0.0 1.0 0
cell 8.288391679412275 8.971644072260464 0.0 1.0 1.0 1 0 0 0.0 1.0 0
cell 37.68979887164677 13.071170256458247 0.0 1.6431676725154984 0.6085806194501846 1 0 0 0.6449563539327795 0.7642194066639079 1.4019323397842198
cell 43.729008508996706 7.672392506430816 0.0 1.6431676725154984 0.6085806194501846 1 0 0 0.39635155437948283 0.9180988211194739 0.8150790141695605
cell 25.65822993812584 26.216558022970723 0.0 1.6431676725154984 0.6085806194501846 1 0 0 0.8684474499825656 0.4957812285865401 2.104124313397544
cell 12.71689361884174 10.134266862912234 0.0 1.6431676725154984 0.6085806194501846 1 0 0 0.24448871714507125 -0.9696521372063063 5.789200561917384
cell 22.684478113212098 41.457173339323916 0.0 1.0 1.0 1 0 0 0.0 1.0 0
cell 18.23875779145371 58.943851146834675 0.0 1.6431676725154984 0.6085806194501846 1 0 0 0.7654579069420034 -0.6434859693108835 4.5396800408315405
cell 8.861352054249272 23.51193625103924 0.0 1.6431676725154984 0.6085806194501846 1 0 0 -0.49302678289702034 0.8700141328428029 5.252054624170768
cell 51.3658436881024 61.40432631004251 0.0 1.6431676725154984 0.6085806194501846 1 0 0 0.2131778503817458 -0.9770134104026506 5.853532449049438
cell 12.877484744558103 43.956526318588296 0.0 1.6431676725154984 0.6085806194501846 1 0 0 0.6096386808949228 0.7926794300073003 1.3112093820503188
cell 36.01613874456665 8.095591336630875 0.0 1.6431676725154984 0.6085806194501846 1 0 0 0.4505335743640364 -0.8927594851754672 5.34845947190808
cell 39.57498066449606 0.17269270174494802 0.0 1.6431676725154984 0.6085806194501846 1 0 0 -0.008039238863252992 -0.9999676847971136 0.016078650921834914
cell 57.40737570523265 32.88365520527086 0.0 1.6431676725154984 0.6085806194501846 1 0 0 0.2223129362914474 0.9749753629489695 0.44837226747325143
cell 40.152398404821525 28.384313950810373 0.0 1.0 1.0 1 0 0 0.0 1.0 0
cell 66.75853785650979 29.199134351385023 0.0 1.0 1.0 1 0 0 0.0 1.0 0
cell 59.03213591170866 58.960980566812175 0.0 1.6431676725154984 0.6085806194501846 1 0 0 0.8466978820406775 0.5320739577801481 2.0194963503709227
cell 20.180939282778247 30.416306066678736 0.0 1.6431676725154984 0.6085806194501846 1 0 0 0.695460110558112 0.7185647045482395 1.5381200429003377
cell 48.975421380171674 55.36149445060785 0.0 1.6431676725154984 0.6085806194501846 1 0 0 0.15808521629741143 0.9874254728272918 0.3175023656129526
cell 55.230556180642765 40.00141607628007 0.0 1.6431676725154984 0.6085806194501846 1 0 0 0.266663448671773 0.9637897100210588 0.5398589138690536
cell 33.39087446748815 51.27751519056824 0.0 1.6431676725154984 0.6085806194501846 1 0 0 0.7509771470685914 0.6603281945977464 1.699081252861897
cell 4.067154763356625 2.0460062896212996 0.0 1.0 1.0 1 0 0 0.0 1.0 0
cell 17.577123774067108 42.561075109436395 0.0 1.6431676725154984 0.6085806194501846 1 0 0 0.9183237742276763 -0.39583007173310586 3.955535801464349
cell 57.552873229191945 22.11576000798671 0.0 1.6431676725154984 0.6085806194501846 1 0 0 0.7371661494173081 -0.6757115273200976 4.625451644551233
cell 7.972210386990189 19.153222803597586 0.0 1.6431676725154984 0.6085806194501846 1 0 0 0.36180575947760296 -0.9322535022239579 5.542777006274423
cell 23.619655687099456 20.85525257785567 0.0 1.0 1.0 1 0 0 0.0 1.0 0
cell 45.96159227726424 56.49065092528691 0.0 1.6431676725154984 0.6085806194501846 1 0 0 -0.1405593826786661 -0.9900722498590657 0.28205276771647547
cell 50.065730102255245 4.329373778176599 0.0 1.6431676725154984 0.6085806194501846 1 0 0 0.813968339170337 0.5809092380297315 1.9019020746179753
cell 66.6597396080063 48.16299420949214 0.0 1.6431676725154984 0.6085806194501846 1 0 0 0.7961632571323642 -0.6050818688346106 4.441330038813008
cell 55.897718091608425 24.890553603861814 0.0 1.6431676725154984 0.6085806194501846 1 0 0 0.5854256028850741 0.8107261334671824 1.2508098467435087
cell 30.493658615885177 9.310772473743485 0.0 1.6431676725154984 0.6085806194501846 1 0 0 0.7409256291145658 0.6715870845401845 1.6688951673068428
cell 43.032167188921996 37.63401238888852 0.0 1.6431676725154984 0.6085806194501846 1 0 0 0.995808277381383 0.09146515565351997 2.9584063152457096
cell 62.49780754281422 26.676956905198114 0.0 1.6431676725154984 0.6085806194501846 1 0 0 0.3856680611217468 0.9226376030872536 0.7918635811288115
cell 62.21950940158336 7.384841645946363 0.0 1.0 1.0 1 0 0 0.0 1.0 0
cell 11.22082931616549 65.27522497464588 0.0 1.6431676725154984 0.6085806194501846 1 0 0 -0.1537963923082155 0.9881025603210314 5.974366832008708
cell 56.014311026391745 29.193160648456104 0.0 1.6431676725154984 0.6085806194501846 1 0 0 0.4241567863834148 0.9055887701185865 0.876061120718401
cell 36.28096852378211 35.806501353561934 0.0 1.0 1.0 1 0 0 0.0 1.0 0
cell 6.986329962485051 34.312328161444626 0.0 1.0 1.0 1 0 0 0.0 1.0 0
cell 65.2447048428666 29.19865742348297 0.0 1.0 1.0 1 0 0 0.0 1.0 0
cell 66.0838115116758 61.36981044090504 0.0 1.6431676725154984 0.6085806194501846 1 0 0 0.4942583831434553 -0.8693150468572468 5.249222267754348
cell 62.3265199555831 65.96723047454898 0.0 1.6431676725154984 0.6085806194501846 1 0 0 0.9602151258852125 -0.27926136865174417 3.707642229170303
cell 17.045439534154575 26.525999386276986 0.0 1.0 1.0 1 0 0 0.0 1.0 0
cell 29.454971906717482 49.34928597238759 0.0 1.6431676725154984 0.6085806194501846 1 0 0 0.9822258223958612 0.18770304690860562 2.763946446985962
cell 33.81269819274577 34.34843820586824 0.0 1.0 1.0 1 0 0 0.0 1.0 0
cell 23.74787207870299 54.19106218375179 0.0 1.6431676725154984 0.6085806194501846 1 0 0 -0.42023532479076636 -0.9074151595592831 0.8674092796207189
cell 45.83817246734871 10.398192015254066 0.0 1.0 1.0 1 0 0 0.0 1.0 0
cell 29.628253771935956 20.48234704359239 0.0 1.6431676725154984 0.6085806194501846 1 0 0 0.8936781679895085 0.4487085156969008 2.2109532929376754
cell 24.209666919001453 14.608301047887672 0.0 1.6431676725154984 0.6085806194501846 1 0 0 0.16731102447817423 -0.9859041642513048 5.946982080262596
cell 41.31489968524306 13.824551850025335 0.0 1.6431676725154984 0.6085806194501846 1 0 0 0.7516555637831885 0.6595558455762309 1.701137241522123
cell 62.3797792506745 1.1221671598725418 0.0 1.0 1.0 1 0 0 0.0 1.0 0
cell 55.97150562578279 50.980184848574325 0.0 1.6431676725154984 0.6085806194501846 1 0 0 -0.3491753553675977 -0.9370574001649589 0.7133818455564613
cell 66.08587496097287 31.18541539384536 0.0 1.6431676725154984 0.6085806194501846 1 0 0 -0.2928249163508175 0.9561660778150084 5.68882545346215
cell 34.93448605140183 49.850416907598216 0.0 1.6431676725154984 0.6085806194501846 1 0 0 0.830438886284196 0.5571097343854836 1.9597900277778137
cell 28.747844999866512 45.19057683589675 0.0 1.6431676725154984 0.6085806194501846 1 0 0 -0.8212357760848292 -0.5705889940038698 1.9271468912284888
cell 4.548169991581622 9.386065419106828 0.0 1.6431676725154984 0.6085806194501846 1 0 0 0.5928038333997222 0.8053468911634256 1.269071841439852
cell 6.53111534076163 12.465570790374567 0.0 1.6431676725154984 0.6085806194501846 1 0 0 0.7986391449985669 0.6018101993784736 1.8500610871242982
cell 3.417090157248452 15.576773255361198 0.0 1.6431676725154984 0.6085806194501846 1 0 0 0.9426984158084859 0.3336460652130804 2.4612553912660307
cell 14.219968883822332 12.09857720939405 0.0 1.6431676725154984 0.6085806194501846 1 0 0 0.2944454425270544 -0.9556682904517901 5.685434938436304
cell 49.86582671442901 21.977412906148373 0.0 1.6431676725154984 0.6085806194501846 1 0 0 0.5270365832222488 0.8498425971586843 1.110219522637951
cell 46.2608207398751 23.382354836708192 0.0 1.6431676725154984 0.6085806194501846 1 0 0 0.9415216885250893 0.33695238541500894 2.454236430369027
cell 36.696799918138204 43.45008432627367 0.0 1.0 1.0 1 0 0 0.0 1.0 0
cell 15.515209451006102 16.259793025674252 0.0 1.0 1.0 1 0 0 0.0 1.0 0
cell 10.42346486684593 34.50600250074499 0.0 1.6431676725154984 0.6085806194501846 1 0 0 0.940571790244686 0.3395949166225939 2.4486202811161504
cell 14.480047142375696 8.28803524635574 0.0 1.6431676725154984 0.6085806194501846 1 0 0 0.19629119931261088 -0.9805456466031639 5.888037118846414
cell 50.62046165973153 17.469311178142963 0.0 1.6431676725154984 0.6085806194501846 1 0 0 0.7104997658117737 0.7036974369581112 1.5804163096101065
cell 0.6887621047898858 14.378288550600471 0.0 1.6431676725154984 0.6085806194501846 1 0 0 0.9027136528465689 0.4302418633331772 2.252071275551549
cell 53.425325956957444 49.266464152213494 0.0 1.6431676725154984 0.6085806194501846 1 0 0 0.3525525017513884 0.9357920353950643 0.7205946895989669
cell 39.6938361075405 19.58399319491852 0.0 1.6431676725154984 0.6085806194501846 1 0 0 0.8846287395652713 0.46629603594193186 2.171394436644339
cell 10.234709354629581 47.720208209730856 0.0 1.6431676725154984 0.6085806194501846 1 0 0 0.6673775377003837 -0.7447195594134567 4.8218217130177266
cell 1.7485183350961424 59.96646692475413 0.0 1.6431676725154984 0.6085806194501846 1 0 0 0.8075534042389608 -0.5897944551299762 4.403201232021579
cell 29.56542927257421 35.08575464625611 0.0 1.6431676725154984 0.6085806194501846 1 0 0 -0.019502049871023396 -0.999809816940616 0.03900657256983653
cell 23.775664294234854 32.28952301457576 0.0 1.6431676725154984 0.6085806194501846 1 0 0 0.9787411699611537 0.2050992984460749 2.7284623306917144
cell 51.246133800725346 50.89564648840045 0.0 1.6431676725154984 0.6085806194501846 1 0 0 0.37253291622776163 0.9280189795078759 0.7634738205180506
cell 20.391333393185274 3.9590515607694323 0.0 1.6431676725154984 0.6085806194501846 1 0 0 -0.27347352807556924 0.9618795295887634 5.729180555856194
cell 2.7439707875190518 46.52686772371652 0.0 1.6431676725154984 0.6085806194501846 1 0 0 -0.911962646421916 0.41027324008657373 3.9870999728512784
cell 21.62524974373628 35.37591813219955 0.0 1.0 1.0 1 0 0 0.0 1.0 0
cell 47.38208895643334 63.97001258052092 0.0 1.0 1.0 1 0 0 0.0 1.0 0
cell 61.51617130778815 43.31228802690575 0.0 1.6431676725154984 0.6085806194501846 1 0 0 0.30275325345942644 0.9530689731177552 0.6151603258481418
cell 13.994484363913955 45.730422796728256 0.0 1.0 1.0 1 0 0 0.0 1.0 0
cell 66.45394783592526 17.160255985402774 0.0 1.6431676725154984 0.6085806194501846 1 0 0 0.9686664638218703 0.24836521871396028 2.6396081988917155
cell 49.15765810093741 63.720530059700636 0.0 1.0 1.0 1 0 0 0.0 1.0 0
cell 16.829818299315498 33.72806501227698 0.0 1.0 1.0 1 0 0 0.0 1.0 0
cell 51.40223658901625 65.72477196155509 0.0 1.6431676725154984 0.6085806194501846 1 0 0 0.7429136483408586 0.6693872654217998 1.6748252367966516
cell 54.2043419530847 52.28354252540817 0.0 1.6431676725154984 0.6085806194501846 1 0 0 0.18271212450368854 0.9831664556723589 0.36748861774474273
cell 16.106299092308127 59.55804269025861 0.0 1.6431676725154984 0.6085806194501846 1 0 0 -0.6755271745242133 0.7373350910402495 4.799826425108843
cell 7.365976646883563 39.239879552992505 0.0 1.6431676725154984 0.6085806194501846 1 0 0 0.9949059385068951 -0.10080760647745848 3.343550912409522
cell 3.848010706093889 41.314787011951346 0.0 1.6431676725154984 0.6085806194501846 1 0 0 0.9271008569700938 -0.3748119541921225 3.909980521756966
cell 31.583188762570032 44.13512245991017 0.0 1.6431676725154984 0.6085806194501846 1 0 0 0.8384052366496849 0.5450473916627671 1.9887013742699284
cell 6.371000770716084 1.190439472708912 0.0 1.6431676725154984 0.6085806194501846 1 0 0 0.4273060292815117 -0.9041070497124043 5.400163370870796
cell 20.932743814731793 24.147323041622723 0.0 1.6431676725154984 0.6085806194501846 1 0 0 0.7384018757926619 0.6743609343859401 1.661394876571502
cell 45.37958503735024 60.65024177232404 0.0 1.6431676725154984 0.6085806194501846 1 0 0 0.14958069744114247 0.9887495208357986 0.3002883711398704
cell 47.55554851521401 50.308613096114414 0.0 1.6431676725154984 0.6085806194501846 1 0 0 -0.11697946516953332 0.9931343336772976 6.0486894740897235
cell 41.43571238704408 44.93052293768031 0.0 1.6431676725154984 0.6085806194501846 1 0 0 0.13685777562588575 -0.990590707230153 6.008608021811129
cell 56.17935303029418 56.92740276384397 0.0 1.6431676725154984 0.6085806194501846 1 0 0 -0.08545539717137535 0.9963419970543661 6.11206581003432
cell 60.61496804161893 51.69606049011748 0.0 1.6431676725154984 0.6085806194501846 1 0 0 0.2398199100183786 0.9708173931068482 0.4843606866626538
cell 43.02115223334984 61.32012414294764 0.0 1.6431676725154984 0.6085806194501846 1 0 0 0.032436664569142744 -0.9994737929488842 6.218300596711283
cell 53.284242490794384 8.945821640002325 0.0 1.6431676725154984 0.6085806194501846 1 0 0 0.7242011909248287 0.6895887434283275 1.6197506076579493
cell 59.718363474389385 40.97451573564121 0.0 1.6431676725154984 0.6085806194501846 1 0 0 0.3632025538429263 0.9317102043457376 0.7434057715081432
cell 14.877811566308202 31.09804611966596 0.0 1.6431676725154984 0.6085806194501846 1 0 0 0.6183188478580057 -0.7859273518484697 4.949981646165887
cell 53.70689742923819 17.644386318253876 0.0 1.6431676725154984 0.6085806194501846 1 0 0 0.8072818198788522 0.5901661319434457 1.8790634194741205
cell 61.236210925469194 22.12975615133927 0.0 1.6431676725154984 0.6085806194501846 1 0 0 0.8687745867629159 0.495207751751651 2.105444759032996
cell 33.06995306009352 18.356783467762646 0.0 1.6431676725154984 0.6085806194501846 1 0 0 0.8365218827490575 0.5479335175748716 1.9818088402075378
cell 65.10967466412524 46.0736801202903 0.0 1.6431676725154984 0.6085806194501846 1 0 0 0.00948068768552468 0.9999550572705803 0.01896165943481025
cell 52.900989250480364 22.853041577134068 0.0 1.6431676725154984 0.6085806194501846 1 0 0 0.6001209836026284 0.7999092480024305 1.287304693749011
cell 33.7994144052792 38.66379595747135 0.0 1.0 1.0 1 0 0 0.0 1.0 0
cell 66.20764921868367 34.07107947898837 0.0 1.0 1.0 1 0 0 0.0 1.0 0
cell 51.028412213763936 47.972055085116274 0.0 1.0 1.0 1 0 0 0.0 1.0 0
cell 19.91963462856371 60.25515265547706 0.0 1.6431676725154984 0.6085806194501846 1 0 0 0.874487855052244 -0.48504741146214303 4.1544274198408635
cell 39.789676166332896 40.1776739489598 0.0 1.0 1.0 1 0 0 0.0 1.0 0
cell 26.269447165027866 41.65909207335064 0.0 1.0 1.0 1 0 0 0.0 1.0 0
cell 21.773392965182317 31.555185519611854 0.0 1.0 1.0 1 0 0 0.0 1.0 0
cell 2.406684991432276 37.79797067800518 0.0 1.6431676725154984 0.6085806194501846 1 0 0 0.8979933041198505 -0.4400091200826567 4.052810312470456
cell 48.20425702897503 8.724063637402752 0.0 1.6431676725154984 0.6085806194501846 1 0 0 0.6825185967567461 0.7308682268926473 1.5024062968340137
cell 18.8869896259463 37.23846980904819 0.0 1.0 1.0 1 0 0 0.0 1.0 0
cell 40.717031664209834 23.80844844771717 0.0 1.6431676725154984 0.6085806194501846 1 0 0 -0.9816368774830213 -0.19075911712257398 2.7577218412693014
cell 29.378503887361173 16.777446578361165 0.0 1.6431676725154984 0.6085806194501846 1 0 0 0.8751298354396275 0.48388818039234077 2.1314081369480453
cell 21.270565358911373 15.435354378374505 0.0 1.6431676725154984 0.6085806194501846 1 0 0 0.25585375465290705 0.9667154991154379 0.5174614999771328
cell 36.2007257316009 32.78559221243051 0.0 1.0 1.0 1 0 0 0.0 1.0 0
cell 56.9450416870159 38.821841350668066 0.0 1.6431676725154984 0.6085806194501846 1 0 0 0.2751189404807964 0.9614101978805529 0.5574268296099717
cell 21.584811961433356 61.22428390624164 0.0 1.6431676725154984 0.6085806194501846 1 0 0 0.8158105861930877 -0.5783191916712522 4.374926433764582
cell 38.33457850599097 45.686833228192214 0.0 1.6431676725154984 0.6085806194501846 1 0 0 0.6283773197058189 0.7779086990639269 1.3589309951298894
cell 54.65300191167109 14.621105216112095 0.0 1.6431676725154984 0.6085806194501846 1 0 0 0.853614497782213 0.5209052593092339 2.0457704350079267
cell 20.734769988662485 7.008514201575039 0.0 1.6431676725154984 0.6085806194501846 1 0 0 -0.5361655522626176 0.8441128482418226 5.1514094190786635
cell 21.377409468194262 38.34877484321726 0.0 1.0 1.0 1 0 0 0.0 1.0 0
cell 54.45598568387365 41.84769916038444 0.0 1.0 1.0 1 0 0 0.0 1.0 0
cell 55.49159166979051 64.8871673210669 0.0 1.6431676725154984 0.6085806194501846 1 0 0 0.8486223562256376 0.5289991460428335 2.026751164644611
cell 44.417461438860485 46.9470034041744 0.0 1.6431676725154984 0.6085806194501846 1 0 0 0.2566051569543557 -0.9665163182401166 5.7641691001945
cell 35.17811790429264 55.0657701966506 0.0 1.6431676725154984 0.6085806194501846 1 0 0 0.8925936197303141 0.4508620964516038 2.2061307799784045
cell 34.69308003435018 47.293736351119655 0.0 1.6431676725154984 0.6085806194501846 1 0 0 0.8000990883793746 0.5998678594278024 1.8549207669754921
cell 0.8530843107424813 36.95415847235737 0.0 1.6431676725154984 0.6085806194501846 1 0 0 0.6235707862469537 -0.7817668927112198 4.936581281242784
cell 17.549133853304664 7.491333770822908 0.0 1.6431676725154984 0.6085806194501846 1 0 0 -0.17486711419790454 0.9845920436262406 5.931643704772615
cell 59.90932464667014 27.989899229918656 0.0 1.6431676725154984 0.6085806194501846 1 0 0 0.3815810913843201 0.9243353670059105 0.7830124216737044
cell 46.013604075443936 7.0757087429859 0.0 1.6431676725154984 0.6085806194501846 1 0 0 0.09528943791390986 0.9954496084795308 0.19086847250792685
cell 50.116443740210265 59.570479987711295 0.0 1.6431676725154984 0.6085806194501846 1 0 0 0.10081673450958609 -0.9949050135780921 6.081208698813398
cell 19.448283201412586 56.522288465988076 0.0 1.6431676725154984 0.6085806194501846 1 0 0 0.9294180016808601 -0.3690286955665599 3.8975201260179326
cell 56.48736421209581 12.77366871699015 0.0 1.6431676725154984 0.6085806194501846 1 0 0 0.8657628554326311 0.500454471608694 2.093345386076337
cell 54.24712324496024 7.497221013138927 0.0 1.6431676725154984 0.6085806194501846 1 0 0 0.6931323894261523 0.7208103014860379 1.5316513489380004
cell 8.825142752546563 36.29013136339041 0.0 1.6431676725154984 0.6085806194501846 1 0 0 0.9993633862470163 0.035676634214805165 3.0702242398127506
cell 57.55601488859202 17.871802268728484 0.0 1.6431676725154984 0.6085806194501846 1 0 0 0.868032943699386 0.4965066048428546 2.1024534020143535
cell 44.56678066760942 0.813561301554978 0.0 1.6431676725154984 0.6085806194501846 1 0 0 0.8236239245819439 0.5671363423871163 1.9355431004481183
cell 10.733872247145204 30.90609192164488 0.0 1.6431676725154984 0.6085806194501846 1 0 0 0.9480253092831393 0.3181949291843101 2.4939429635025214
cell 30.254892537906585 18.11118356264307 0.0 1.0 1.0 1 0 0 0.0 1.0 0
cell 46.46392291178035 14.865006215690109 0.0 1.6431676725154984 0.6085806194501846 1 0 0 0.6279534366689894 0.7782509115803241 1.3578414333048774
cell 9.25278957418506 4.172637574692296 0.0 1.6431676725154984 0.6085806194501846 1 0 0 0.34024614188224944 -0.9403364094483655 5.5888280181348104
cell 37.82306204280828 36.678251234368915 0.0 1.6431676725154984 0.6085806194501846 1 0 0 -0.8787800897156551 -0.4772269417366807 2.146599810208909
cell 11.291007642172984 8.324100850600182 0.0 1.6431676725154984 0.6085806194501846 1 0 0 0.3654254622131068 0.9308406048117676 0.7481796704081413
cell 46.83438261515768 46.54804285339878 0.0 1.6431676725154984 0.6085806194501846 1 0 0 0.26401958393751584 -0.9645173193351486 5.748810713052791
cell 0.18549641818450113 35.646506128567445 0.0 1.0 1.0 1 0 0 0.0 1.0 0
cell 42.681021478485015 53.60994490005722 0.0 1.6431676725154984 0.6085806194501846 1 0 0 0.5333544470973275 -0.8458918570133561 5.158062897767714
cell 21.518345272723028 66.36288059594465 0.0 1.6431676725154984 0.6085806194501846 1 0 0 0.83240493220633 -0.554167870629988 4.31631858187081
cell 28.75034046763745 34.10179088204712 0.0 1.0 1.0 1 0 0 0.0 1.0 0
cell 2.2278976211030113 48.984701307122265 0.0 1.6431676725154984 0.6085806194501846 1 0 0 0.6465465352565047 -0.7628745491545836 4.87708772073741
cell 19.119310487508816 51.965456596749924 0.0 1.6431676725154984 0.6085806194501846 1 0 0 0.9098795242293063 -0.4148725724704529 3.9971981530053005
cell 42.50295793005748 18.885911455345028 0.0 1.6431676725154984 0.6085806194501846 1 0 0 0.8569621295284805 0.5153793831285958 2.0586920589108795
cell 2.8225278093665227 51.873112347645474 0.0 1.6431676725154984 0.6085806194501846 1 0 0 0.911241061476083 -0.4118734367253387 3.9906107077646413
cell 20.124664380154133 5.801872394373628 0.0 1.6431676725154984 0.6085806194501846 1 0 0 -0.44629042217563564 0.8948881824419702 5.357953835471358
cell 41.56387091547849 34.60522482144784 0.0 1.6431676725154984 0.6085806194501846 1 0 0 0.9279691413247287 0.3726570444108706 2.3778513137238964
cell 24.48358217112379 40.72437476008324 0.0 1.0 1.0 1 0 0 0.0 1.0 0
cell 53.012756249731645 52.97719985049831 0.0 1.6431676725154984 0.6085806194501846 1 0 0 0.1603745311939705 0.9870562343373929 0.32214016775088145
cell 27.173568756288976 49.618855008165944 0.0 1.6431676725154984 0.6085806194501846 1 0 0 0.9479090109989688 0.3185412169044327 2.493212373391741
cell 54.84846833165815 55.85774420041226 0.0 1.6431676725154984 0.6085806194501846 1 0 0 0.09618773949106492 0.995363209472602 0.19267336648507852
cell 44.49149957642602 18.242332290595755 0.0 1.6431676725154984 0.6085806194501846 1 0 0 0.9419563932781743 0.3357352426576237 2.4568213133038856
cell 63.244327188211805 41.41726716064771 0.0 1.6431676725154984 0.6085806194501846 1 0 0 0.5015125274639277 0.8651503827640274 1.050692348410878
cell 28.336567056442824 31.306099852780527 0.0 1.0 1.0 1 0 0 0.0 1.0 0
cell 37.66386147604776 24.252773572836624 0.0 1.6431676725154984 0.6085806194501846 1 0 0 0.9938912921751825 0.11036348734226364 2.9204151255942548
cell 32.10100390299309 8.273017077845271 0.0 1.6431676725154984 0.6085806194501846 1 0 0 0.5389596158118009 -0.8423316048469249 5.14478231437306
cell 17.328124036697478 47.86840133719898 0.0 1.6431676725154984 0.6085806194501846 1 0 0 0.9626273725600648 -0.2708293588186227 3.6901016229231667
cell 51.594301607626385 28.85664265375191 0.0 1.6431676725154984 0.6085806194501846 1 0 0 -0.4045785106446569 -0.9145032688430104 0.8330357785859235
cell 40.819048091163125 2.382638995949428 0.0 1.6431676725154984 0.6085806194501846 1 0 0 0.11398571390832683 -0.9934823888850819 6.054717308167655
cell 52.400076834319215 11.739007050230974 0.0 1.6431676725154984 0.6085806194501846 1 0 0 0.7612986613610696 0.648401378938882 1.730627266679991
cell 22.835077553467226 26.667235796287095 0.0 1.6431676725154984 0.6085806194501846 1 0 0 -0.8262725695593057 -0.563270486350796 1.9449154434416656
cell 0.45579285004171816 2.8484417156894386 0.0 1.0 1.0 1 0 0 0.0 1.0 0
cell 28.970189190863913 22.352669073560385 0.0 1.6431676725154984 0.6085806194501846 1 0 0 -0.9215651798510766 -0.38822367172295524 2.34418606170534
cell 7.142978257622335 38.17066761512292 0.0 1.6431676725154984 0.6085806194501846 1 0 0 0.9982552812244695 -0.05904568999897721 3.2597527603029595
cell 16.6538236655734 28.087063791043366 0.0 1.0 1.0 1 0 0 0.0 1.0 0
cell 52.37112163190533 39.02893761936509 0.0 1.6431676725154984 0.6085806194501846 1 0 0 -0.11412250157524005 0.9934666852160717 6.054441935902749
cell 65.53309584760737 42.04447325099953 0.0 1.6431676725154984 0.6085806194501846 1 0 0 0.25436829317499826 0.9671074249674843 0.5143889100988274
cell 50.082140474542676 7.4505671838268706 0.0 1.6431676725154984 0.6085806194501846 1 0 0 0.6818033025500183 0.7315355470733381 1.5004498080381856
cell 11.694119856159567 55.23469062276919 0.0 1.6431676725154984 0.6085806194501846 1 0 0 0.7336025073942251 -0.6795788115773667 4.635969343107606
cell 47.79222849370842 53.95344259055556 0.0 1.6431676725154984 0.6085806194501846 1 0 0 0.004368532236532852 0.9999904579175235 0.008737092263101709
cell 42.602702053069386 35.37898173838058 0.0 1.6431676725154984 0.6085806194501846 1 0 0 0.9805846375352573 0.19609632487593484 2.746841938973917
cell 50.22885552043299 11.24087954253122 0.0 1.6431676725154984 0.6085806194501846 1 0 0 0.7272520215690391 0.68637052466124 1.6286195493934554
cell 31.500996705534043 11.434179089329515 0.0 1.6431676725154984 0.6085806194501846 1 0 0 0.6619540837569318 -0.7495443889440577 4.836339710683467
cell 41.69636118625287 17.183611099435463 0.0 1.6431676725154984 0.6085806194501846 1 0 0 0.8742832423178996 0.48541612272575047 2.127914526515346
cell 6.012456553942173 35.905656818164005 0.0 1.6431676725154984 0.6085806194501846 1 0 0 0.9973931253352902 0.07215922348461058 2.997148669005466
cell 53.56427333966777 11.508055297056675 0.0 1.6431676725154984 0.6085806194501846 1 0 0 0.7809368678119815 0.6246099650918258 1.7923286770777234
cell 19.116603945117912 41.198376734859785 0.0 1.0 1.0 1 0 0 0.0 1.0 0
cell 56.28181083457971 3.7230257313763575 0.0 1.6431676725154984 0.6085806194501846 1 0 0 0.8140545276019561 0.5807884520983145 1.9021988417793232
cell 53.76068710873369 43.67304165546044 0.0 1.0 1.0 1 0 0 0.0 1.0 0
cell 57.858019941292746 28.98676017883418 0.0 1.6431676725154984 0.6085806194501846 1 0 0 0.8083859533537485 0.5886528267326602 1.8828099935986171
cell 26.0913363607388 27.24236928071428 0.0 1.6431676725154984 0.6085806194501846 1 0 0 0.9067731175213585 0.4216189195714497 2.271132765540143
cell 22.426038160693874 51.43434783718373 0.0 1.6431676725154984 0.6085806194501846 1 0 0 -0.5009098428352832 -0.8654994681400631 1.0492993812454712
cell 12.925383734439402 50.9753684810706 0.0 1.6431676725154984 0.6085806194501846 1 0 0 -0.7970129580870009 0.6039622046464569 4.438518889630338
cell 50.97799827331755 5.630017506001594 0.0 1.6431676725154984 0.6085806194501846 1 0 0 0.730550521884474 0.6828586493369786 1.6382556103167323
cell 40.64317852894473 25.78643246176353 0.0 1.6431676725154984 0.6085806194501846 1 0 0 0.999993456936017 0.003617469440682754 3.1343576989288304
cell 61.807663213981044 19.59051474330642 0.0 1.6431676725154984 0.6085806194501846 1 0 0 0.8603570376125301 0.509691836142773 2.0719395118017103
cell 25.26209675209401 12.020991240212311 0.0 1.6431676725154984 0.6085806194501846 1 0 0 0.7304409953410008 -0.6829758065446009 4.6452504576776565
cell 52.1976340239745 8.880472448114054 0.0 1.6431676725154984 0.6085806194501846 1 0 0 0.7607776390700863 0.6490126222893862 1.729020925874415
cell 55.19933973949329 59.19805045891127 0.0 1.6431676725154984 0.6085806194501846 1 0 0 -0.16358476288339205 -0.9865292825620456 0.32864655692064826
cell 17.68107932211377 2.615020848343011 0.0 1.6431676725154984 0.6085806194501846 1 0 0 0.9752966527320337 -0.2208991606360035 3.5870652734314703
cell 23.135072540573738 39.249397282702894 0.0 1.0 1.0 1 0 0 0.0 1.0 0
cell 51.8434482638208 25.528763742008536 0.0 1.6431676725154984 0.6085806194501846 1 0 0 0.31465085073378074 0.9492074810769814 0.6401775984258361
cell 58.61181532518701 51.8580930550491 0.0 1.6431676725154984 0.6085806194501846 1 0 0 -0.21851412666325554 -0.9758337852567899 0.4405830794226775
cell 52.38362339605933 50.262002732074684 0.0 1.6431676725154984 0.6085806194501846 1 0 0 -0.5650233084383791 -0.8250749426090629 1.2009230067872494
cell 9.09524046180156 14.736330108635336 0.0 1.6431676725154984 0.6085806194501846 1 0 0 0.30309787012511924 -0.9529594330954578 5.667301767216032
cell 23.221785520343396 6.275206609639486 0.0 1.6431676725154984 0.6085806194501846 1 0 0 0.6655321258319112 -0.7463692045399898 4.826772218905416
cell 57.4433042064964 26.56113121919902 0.0 1.6431676725154984 0.6085806194501846 1 0 0 0.5548622264497952 0.8319422513967999 1.1763947045708765
cell 18.868607206515428 9.671475857532343 0.0 1.6431676725154984 0.6085806194501846 1 0 0 0.34857424173043955 -0.9372811733957154 5.571086289869908
cell 64.51532255283192 7.454825230400751 0.0 1.0 1.0 1 0 0 0.0 1.0 0
cell 38.87396381569571 11.179576510513803 0.0 1.6431676725154984 0.6085806194501846 1 0 0 0.7751670622447283 0.631756302391102 1.773958986155168
cell 2.2558937411932902 33.30829709853436 0.0 1.6431676725154984 0.6085806194501846 1 0 0 0.6593681024008062 -0.7518202614563936 4.84322938614808
cell 41.92156409728132 29.14298495175421 0.0 1.0 1.0 1 0 0 0.0 1.0 0
cell 34.51646883292009 6.047577600358244 0.0 1.6431676725154984 0.6085806194501846 1 0 0 0.9454119479759868 0.3258776589830148 2.4777128241463093
cell 56.70867336706246 53.3253860617915 0.0 1.6431676725154984 0.6085806194501846 1 0 0 0.1716810125071204 0.9851525922132723 0.345071527344159
cell 57.494106742061106 43.5762428997178 0.0 1.0 1.0 1 0 0 0.0 1.0 0
cell 15.600506119644026 49.27544226748541 0.0 1.6431676725154984 0.6085806194501846 1 0 0 0.9240809487790098 -0.38219680807626466 3.9259374951602783
cell 61.607125385512525 11.308248593076012 0.0 1.6431676725154984 0.6085806194501846 1 0 0 0.9494370332161854 0.3139575129816898 2.5028757556079886
cell 20.530365443441028 27.394624835369836 0.0 1.0 1.0 1 0 0 0.0 1.0 0
cell 64.57660028670351 1.3108454388600257 0.0 1.6431676725154984 0.6085806194501846 1 0 0 -0.5718343936824571 0.8203690792575111 5.065704954769145
cell 24.49367034594111 19.01879174038513 0.0 1.0 1.0 1 0 0 0.0 1.0 0
cell 56.708727023649175 60.61429463473569 0.0 1.6431676725154984 0.6085806194501846 1 0 0 0.1821716513714081 -0.9832667437865547 5.916796087306726
cell 21.237040419278802 32.798765686648984 0.0 1.0 1.0 1 0 0 0.0 1.0 0
cell 41.50387691831654 36.8456939837753 0.0 1.6431676725154984 0.6085806194501846 1 0 0 -0.9937863291612071 -0.11130468081932997 2.9185210691403913
cell 32.7342483125618 24.48353730189077 0.0 1.6431676725154984 0.6085806194501846 1 0 0 0.9782028436869807 0.2076516231641454 2.7232453735318414
cell 66.61152452939528 38.43613961637427 0.0 1.6431676725154984 0.6085806194501846 1 0 0 0.8364104313817301 -0.5481036309639155 4.3017832099992965
cell 34.64877735659018 36.16329583284277 0.0 1.0 1.0 1 0 0 0.0 1.0 0
cell 13.908985062173569 18.317180158850118 0.0 1.6431676725154984 0.6085806194501846 1 0 0 -0.18601388339797847 -0.9825471160118497 0.37420730929119284
cell 7.030800185161271 37.09938779251649 0.0 1.6431676725154984 0.6085806194501846 1 0 0 0.9975887675263062 -0.06940209582819012 3.28050851601741
cell 45.250265487942066 44.534978534303235 0.0 1.6431676725154984 0.6085806194501846 1 0 0 -0.07481606219216652 0.9971973509983156 6.133413237120563
cell 39.68358792567891 5.255315557403221 0.0 1.6431676725154984 0.6085806194501846 1 0 0 0.8954163735700335 0.4452297361393221 2.218731026517547
cell 31.39745741565993 40.18091048415987 0.0 1.0 1.0 1 0 0 0.0 1.0 0
cell 29.8708705414807 40.743224049324404 0.0 1.0 1.0 1 0 0 0.0 1.0 0
cell 31.397678696114063 22.082931487072795 0.0 1.6431676725154984 0.6085806194501846 1 0 0 0.938686168207155 0.3447727912938732 2.4375992043228143
cell 40.17153919089106 58.018794206441655 0.0 1.6431676725154984 0.6085806194501846 1 0 0 -0.08080621314791013 0.9967298309555577 6.121396483471222
cell 1.2882264455892678 48.0457399168746 0.0 1.6431676725154984 0.6085806194501846 1 0 0 0.5628927279420638 -0.8265299612415401 5.087422322161478
cell 2.2002247780243906 4.792650687534866 0.0 1.0 1.0 1 0 0 0.0 1.0 0
cell 18.436117106519777 17.50643668863741 0.0 1.0 1.0 1 0 0 0.0 1.0 0
cell 43.181244655269175 9.343442855761527 0.0 1.6431676725154984 0.6085806194501846 1 0 0 0.9989026905922193 -0.04683390574813359 3.2352947409879604
cell 19.95990335384361 65.54404317176132 0.0 1.6431676725154984 0.6085806194501846 1 0 0 0.6340699953032504 -0.7732756565779993 4.909574818872907
cell 23.86182651867339 51.75776213115293 0.0 1.6431676725154984 0.6085806194501846 1 0 0 0.6423504717239962 0.7664110329816237 1.3951223884763122
cell 37.228549492789526 34.48560946429405 0.0 1.0 1.0 1 0 0 0.0 1.0 0
cell 24.661321875970554 8.668949725942555 0.0 1.6431676725154984 0.6085806194501846 1 0 0 0.8215155927372133 -0.5701860493642624 4.355057270199711
cell 8.959492315537377 50.4229086302775 0.0 1.6431676725154984 0.6085806194501846 1 0 0 0.5384330189366406 -0.8426683120414432 5.146032395996776
cell 8.162584597621823 46.570628395793975 0.0 1.6431676725154984 0.6085806194501846 1 0 0 0.5900783082649473 -0.807346016349358 5.020873643147722
cell 63.680772417409585 11.557378647526159 0.0 1.6431676725154984 0.6085806194501846 1 0 0 0.9932302212334924 0.11616250526081079 2.9087419563047128
cell 17.18361237146562 60.48000307994325 0.0 1.6431676725154984 0.6085806194501846 1 0 0 -0.6910659536939487 0.7227917041894387 4.757259731169812
cell 20.24044997597747 20.856124082685913 0.0 1.6431676725154984 0.6085806194501846 1 0 0 0.6669444660031631 -0.7451074280046842 4.822984456581053
cell 53.21899471451131 28.989493118191614 0.0 1.6431676725154984 0.6085806194501846 1 0 0 0.42832442233399465 0.9036250268956973 0.8852753519734804
cell 6.012610579939447 42.276173331994286 0.0 1.6431676725154984 0.6085806194501846 1 0 0 0.9197960225426103 -0.39239683601526903 3.9480646198114346
cell 6.838041535542872 2.965711380072374 0.0 1.6431676725154984 0.6085806194501846 1 0 0 0.4640725008442345 -0.8857972194357905 5.318010816682074
cell 11.681583476407548 13.425147403181287 0.0 1.6431676725154984 0.6085806194501846 1 0 0 0.39143766035521177 -0.9202046283602565 5.4787985045098235
cell 14.955452705241383 47.389743959117126 0.0 1.6431676725154984 0.6085806194501846 1 0 0 -0.9555812889526059 0.2947276712554769 3.739933690824334
cell 64.82021428078505 66.01703875114983 0.0 1.6431676725154984 0.6085806194501846 1 0 0 0.9888934670875388 -0.1486260769568616 3.4399502001754514
cell 47.410754437475646 19.43533342956405 0.0 1.6431676725154984 0.6085806194501846 1 0 0 0.8576674141150271 -0.5142048295817948 4.2217531733238065
cell 59.5187140441112 33.050558733928895 0.0 1.6431676725154984 0.6085806194501846 1 0 0 0.5333807086801826 0.8458752979061549 1.125184502076993
cell 51.93771939496089 58.516680602928204 0.0 1.6431676725154984 0.6085806194501846 1 0 0 -0.012271731945377307 -0.9999246994624449 0.024544079954652354
cell 54.91748856724422 46.16191205157858 0.0 1.6431676725154984 0.6085806194501846 1 0 0 0.9980156021861181 0.0629671167601012 3.015575052686319
cell 49.462043785966756 26.65697347533998 0.0 1.6431676725154984 0.6085806194501846 1 0 0 0.21081248883285697 0.9775265185927676 0.42481210689439186
cell 35.30239792958245 19.521731215648554 0.0 1.6431676725154984 0.6085806194501846 1 0 0 0.9574981867382595 0.2884392871870008 2.556399761010037
cell 27.73221011178812 17.213687599773834 0.0 1.0 1.0 1 0 0 0.0 1.0 0
cell 3.061079304695428 6.606247881980811 0.0 1.6431676725154984 0.6085806194501846 1 0 0 0.08173011231463918 0.9966544981793021 0.16364275440716516
cell 30.990752709976267 56.844193009445576 0.0 1.6431676725154984 0.6085806194501846 1 0 0 0.35414316896233317 0.9351912188837727 0.7239953973798874
cell 52.091001234421405 44.109594634287504 0.0 1.0 1.0 1 0 0 0.0 1.0 0
cell 63.44210922957468 29.472323326256422 0.0 1.6431676725154984 0.6085806194501846 1 0 0 0.21377296739337784 0.9768833699126165 0.43087117631199895
cell 33.9570133497725 10.52961415794186 0.0 1.6431676725154984 0.6085806194501846 1 0 0 0.589982119142191 0.8074163108907879 1.2620733896529797
cell 6.324687596154138 15.250509302117916 0.0 1.6431676725154984 0.6085806194501846 1 0 0 -0.12240836143645434 0.9924798199713898 6.037753043707586
cell 37.700690405763766 29.98442927669682 0.0 1.0 1.0 1 0 0 0.0 1.0 0
cell 44.04242415552934 62.38615528195106 0.0 1.6431676725154984 0.6085806194501846 1 0 0 0.3134820783760344 -0.9495941167346403 5.645469834784159
cell 11.2361849260052 3.0219835621778532 0.0 1.6431676725154984 0.6085806194501846 1 0 0 0.7922221335642616 -0.6102328171205553 4.45430152611058
cell 14.353218649967133 56.839268322468655 0.0 1.6431676725154984 0.6085806194501846 1 0 0 -0.6645322552561089 0.7472595812194245 4.829449913486502
cell 25.113463430144634 2.8337377214849924 0.0 1.6431676725154984 0.6085806194501846 1 0 0 0.8788414465343197 -0.477113940116472 4.1363283275682265
cell 50.88052273111338 31.911583082460606 0.0 1.6431676725154984 0.6085806194501846 1 0 0 -0.18940681921012129 -0.9818986998854334 0.3811159904283219
cell 53.9314388800765 63.73178485249988 0.0 1.6431676725154984 0.6085806194501846 1 0 0 0.8099906672990046 0.5864427669334096 1.8882724017852481
cell 42.5898173628875 64.46491927775261 0.0 1.6431676725154984 0.6085806194501846 1 0 0 -0.2805449597894177 0.9598408855309061 5.714461661803565
cell 65.31533033467599 3.275126186522033 0.0 1.0 1.0 1 0 0 0.0 1.0 0
cell 48.03471164715422 48.03945461500643 0.0 1.0 1.0 1 0 0 0.0 1.0 0
cell 34.655062996838296 29.036729448662307 0.0 1.0 1.0 1 0 0 0.0 1.0 0
cell 58.15905703292175 9.595000881377537 0.0 1.6431676725154984 0.6085806194501846 1 0 0 0.731854310443195 -0.6814611274942362 4.6411071673240345
cell 25.83265929331359 62.0520621891083 0.0 1.6431676725154984 0.6085806194501846 1 0 0 0.7286386277306389 0.6848983502526572 1.6326642869773609
cell 24.056739750263013 10.767023452838783 0.0 1.6431676725154984 0.6085806194501846 1 0 0 0.7225988176894804 -0.6912676389603125 4.668076377067679
cell 63.824644057112295 55.62804795911541 0.0 1.6431676725154984 0.6085806194501846 1 0 0 0.25252812980982947 0.9675895532997191 0.5105843601751325
cell 20.741645559125345 50.61442691689381 0.0 1.6431676725154984 0.6085806194501846 1 0 0 0.5266196995707072 0.8501009893089515 1.1092385873963273
cell 56.62523222923817 17.67140173272838 0.0 1.6431676725154984 0.6085806194501846 1 0 0 0.8659094094697558 0.5002008542493094 2.0939312183096335
cell 0.7159382883916876 61.015981471758614 0.0 1.6431676725154984 0.6085806194501846 1 0 0 0.746586043997988 -0.6652888687686231 4.597353995439887
cell 2.295248830523998 58.26970563405635 0.0 1.6431676725154984 0.6085806194501846 1 0 0 0.8541422015093902 -0.5200395173452612 4.23538708474698
cell 16.85213759977549 57.255552013141674 0.0 1.6431676725154984 0.6085806194501846 1 0 0 0.7983608534355847 -0.602179331845261 4.434048784765559
cell 13.585199076836954 10.985929896080938 0.0 1.6431676725154984 0.6085806194501846 1 0 0 0.3340207307853191 -0.942565727896809 5.602053109952814
cell 24.3598493426541 22.324274606992113 0.0 1.0 1.0 1 0 0 0.0 1.0 0
cell 33.53576749443291 44.55810357552758 0.0 1.6431676725154984 0.6085806194501846 1 0 0 -0.9704671955869836 -0.24123312850754006 2.654320043043863
cell 34.0808034303299 22.907655137589966 0.0 1.6431676725154984 0.6085806194501846 1 0 0 -0.9741000478732647 -0.22611744013521703 2.6854125835229983
cell 26.207577220616663 44.200473084040404 0.0 1.0 1.0 1 0 0 0.0 1.0 0
cell 43.1961639954287 43.64652632207161 0.0 1.6431676725154984 0.6085806194501846 1 0 0 0.03940090870747801 0.9992234827069593 0.07882222074382698
cell 62.94206137177345 25.127859189912876 0.0 1.6431676725154984 0.6085806194501846 1 0 0 0.5507408998365056 0.834676261341651 1.1665032550733894
cell 11.185870955777393 21.53710924269006 0.0 1.6431676725154984 0.6085806194501846 1 0 0 -0.18634848358799078 0.9824837111445952 5.908296888600632
cell 10.088807792576512 29.07790447393618 0.0 1.6431676725154984 0.6085806194501846 1 0 0 0.589612733192516 -0.8076860930195907 5.022026747304187
cell 32.87054118124479 29.558696656770625 0.0 1.0 1.0 1 0 0 0.0 1.0 0
cell 10.666539778421653 42.44516870448425 0.0 1.6431676725154984 0.6085806194501846 1 0 0 0.9486708363481093 -0.3162651486689273 3.7851725724510703
cell 22.899735988637637 13.759568434454138 0.0 1.6431676725154984 0.6085806194501846 1 0 0 -0.06550321921138422 0.9978523579532923 6.152085003137452
cell 61.60326348447527 38.42819073892287 0.0 1.6431676725154984 0.6085806194501846 1 0 0 0.2752653902131444 0.961368277483091 0.557731492334131
cell 34.06620509288426 14.974977024564296 0.0 1.6431676725154984 0.6085806194501846 1 0 0 0.709197293539519 0.7050100700246922 1.5767179637302002
cell 58.646121789926625 30.486786452882924 0.0 1.0 1.0 1 0 0 0.0 1.0 0
cell 19.854673570694153 45.6866435433631 0.0 1.6431676725154984 0.6085806194501846 1 0 0 0.8717694492653001 0.48991634727540523 2.117605067684847
cell 61.081184000221654 4.921021182052427 0.0 1.0 1.0 1 0 0 0.0 1.0 0
cell 62.972687571857115 37.80395471762155 0.0 1.6431676725154984 0.6085806194501846 1 0 0 0.47147351186514297 0.8818802229382111 0.9819218168998504
cell 9.74630244208231 56.68370527669268 0.0 1.6431676725154984 0.6085806194501846 1 0 0 0.6662186488472935 -0.7457564695851365 4.82493182977776
cell 24.419716025541536 24.661942932259915 0.0 1.6431676725154984 0.6085806194501846 1 0 0 0.8579762766538226 0.5136893114512344 2.062634057350312
cell 25.23177866394237 30.61331015509221 0.0 1.6431676725154984 0.6085806194501846 1 0 0 0.8563170601565283 0.5164504743776317 2.056191378073936
cell 65.30866271428849 5.350180734611993 0.0 1.0 1.0 1 0 0 0.0 1.0 0
cell 34.26503706410553 30.749042552174632 0.0 1.0 1.0 1 0 0 0.0 1.0 0
cell 43.67214706697513 49.01882993954804 0.0 1.6431676725154984 0.6085806194501846 1 0 0 -0.41137436089119145 0.9114664750836224 5.435262493599654
cell 42.90911395199061 26.768341967217452 0.0 1.0 1.0 1 0 0 0.0 1.0 0
cell 57.34749896064821 31.475650630365298 0.0 1.6431676725154984 0.6085806194501846 1 0 0 0.3556957889517107 0.9346017899201885 0.7273168765494338
cell 24.644171978047247 15.678378148466736 0.0 1.6431676725154984 0.6085806194501846 1 0 0 0.2110164455767807 -0.9774825111970759 5.8579558994132785
cell 50.414939555278735 1.2235323895263215 0.0 1.6431676725154984 0.6085806194501846 1 0 0 0.7459689887090416 0.6659806813147134 1.6839772762599023
cell 13.455049018275508 29.877972086880842 0.0 1.6431676725154984 0.6085806194501846 1 0 0 0.6774837756665736 -0.735537717393584 4.7945127280123625
cell 5.251834488525439 29.181847258030995 0.0 1.6431676725154984 0.6085806194501846 1 0 0 0.9895383217668036 -0.14427026635775597 3.4311436219840625
cell 17.62345069036191 54.27852868024854 0.0 1.6431676725154984 0.6085806194501846 1 0 0 0.9528080000593495 -0.3035735743158527 3.758474645248088
cell 38.95216514135963 1.4270803878687002 0.0 1.6431676725154984 0.6085806194501846 1 0 0 -0.06306586813676869 -0.9980093668278649 0.1262154969781628
cell 47.39211756640056 1.6073176061077397 0.0 1.0 1.0 1 0 0 0.0 1.0 0
cell 53.55235673541255 20.675574734936085 0.0 1.6431676725154984 0.6085806194501846 1 0 0 0.7129301340626204 0.7012350703904178 1.587335832971839
cell 32.18815763784237 51.69146057183252 0.0 1.6431676725154984 0.6085806194501846 1 0 0 0.6890338389569307 0.7247291692572299 1.5203101449943885
cell 35.411968274661334 41.07868875708423 0.0 1.6431676725154984 0.6085806194501846 1 0 0 0.9334077454839467 0.35881747542528614 2.4075912639081434
cell 46.2749938964114 25.124009302288762 0.0 1.0 1.0 1 0 0 0.0 1.0 0
cell 34.18374002597461 27.493006069734047 0.0 1.0 1.0 1 0 0 0.0 1.0 0
cell 64.14546202891643 47.20872582314876 0.0 1.6431676725154984 0.6085806194501846 1 0 0 0.9993759047235055 0.03532422763592959 3.0709294975255816
cell 46.17438152733198 5.3623118373228635 0.0 1.0 1.0 1 0 0 0.0 1.0 0
cell 66.54863361671586 7.040597322526541 0.0 1.0 1.0 1 0 0 0.0 1.0 0
cell 42.690207688515365 14.771590633353421 0.0 1.6431676725154984 0.6085806194501846 1 0 0 0.932394707102503 0.3614417106080005 2.401965301848458
cell 44.4661322718633 4.581905533123285 0.0 1.6431676725154984 0.6085806194501846 1 0 0 0.45645822866967606 0.8897448429070784 0.9480209109576927
cell 63.70660203332411 18.660935398173518 0.0 1.6431676725154984 0.6085806194501846 1 0 0 0.9206984035920075 0.39027483857293294 2.3397324840070395
cell 33.45620645234117 36.85739822482498 0.0 1.6431676725154984 0.6085806194501846 1 0 0 0.6811427583741954 0.7321506284326966 1.4986446556987443
cell 40.29552099737303 22.900640403929167 0.0 1.6431676725154984 0.6085806194501846 1 0 0 0.9634046724504483 0.26805118373296627 2.598853418287757
cell 61.430335886708384 27.735536807715388 0.0 1.6431676725154984 0.6085806194501846 1 0 0 0.6222144066220403 0.7828468765933618 1.3431363860329857
cell 59.47581105462108 12.226787348804562 0.0 1.6431676725154984 0.6085806194501846 1 0 0 0.8402323706846524 0.5422264870454494 1.9954232586113645
cell 13.770788712638698 13.750841037821946 0.0 1.6431676725154984 0.6085806194501846 1 0 0 0.35450157671497345 -0.9350554165965768 5.558423363310154
cell 14.930546675585553 65.35495532059743 0.0 1.6431676725154984 0.6085806194501846 1 0 0 0.7303196043300805 -0.6831056108180892 4.6456059006521615
cell 6.259763470816496 9.194160170720483 0.0 1.0 1.0 1 0 0 0.0 1.0 0
cell 56.62558294917052 45.029130770857044 0.0 1.6431676725154984 0.6085806194501846 1 0 0 0.999806561323668 0.019668246849748397 3.1022536232942675
cell 47.2434323980572 3.632785943879677 0.0 1.0 1.0 1 0 0 0.0 1.0 0
cell 50.87544747397692 53.50366481177716 0.0 1.0 1.0 1 0 0 0.0 1.0 0
cell 23.93122317131384 31.064807315211137 0.0 1.6431676725154984 0.6085806194501846 1 0 0 0.9064329075653695 0.4223498361342054 2.269520336476809
cell 54.69415089186718 25.49318109131211 0.0 1.6431676725154984 0.6085806194501846 1 0 0 0.39133576617973403 0.9202479655552195 0.80416534806515
cell 57.89465924617751 57.65596184573952 0.0 1.0 1.0 1 0 0 0.0 1.0 0
cell 32.67551435450485 27.966820724474527 0.0 1.0 1.0 1 0 0 0.0 1.0 0
cell 26.450436007587133 16.134526589263388 0.0 1.6431676725154984 0.6085806194501846 1 0 0 0.7399118189595862 0.6727038725649767 1.6658785288107871
cell 39.00084114684379 21.659670468502785 0.0 1.6431676725154984 0.6085806194501846 1 0 0 0.9235159897936686 0.3835599256901333 2.3542966978707884
cell 54.66772331218397 51.35138949263941 0.0 1.6431676725154984 0.6085806194501846 1 0 0 0.2769892973947311 0.9608730036424029 0.5613187771070489
cell 38.66751476988791 24.975794000725518 0.0 1.6431676725154984 0.6085806194501846 1 0 0 0.9989983556799332 0.04474690323127981 3.052068954829336
cell 46.74404640126541 66.6267908473078 0.0 1.6431676725154984 0.6085806194501846 1 0 0 0.8129793308095633 0.5822925447542967 1.8985010890380454
cell 22.385117207701715 22.556186836500597 0.0 1.0 1.0 1 0 0 0.0 1.0 0
cell 14.46610367060318 53.80851404530652 0.0 1.6431676725154984 0.6085806194501846 1 0 0 0.8295920941389509 -0.558369910849564 4.326431791941291
cell 58.856955303749686 20.749168570925182 0.0 1.0 1.0 1 0 0 0.0 1.0 0
cell 49.270686975202125 44.46132532800432 0.0 1.6431676725154984 0.6085806194501846 1 0 0 -0.3552873403761887 0.9347571373187873 5.556742417028528
cell 21.646018184737695 20.989339127017274 0.0 1.0 1.0 1 0 0 0.0 1.0 0
cell 26.334662252781186 56.66428595080282 0.0 1.6431676725154984 0.6085806194501846 1 0 0 0.7599759581270321 0.649951185143084 1.726552247881446
cell 27.07826878368011 51.26230064888818 0.0 1.6431676725154984 0.6085806194501846 1 0 0 0.9117775519627178 0.4106844235381631 2.2951834877933983
cell 47.84695482809208 56.11121892510635 0.0 1.6431676725154984 0.6085806194501846 1 0 0 -0.21611709084617944 -0.9763674528804124 0.4356716295872376
cell 47.878051139362 42.10770268477641 0.0 1.6431676725154984 0.6085806194501846 1 0 0 0.3356926939219528 0.9419715575575635 0.6846809998126536
cell 10.456311653752792 54.11364437197637 0.0 1.6431676725154984 0.6085806194501846 1 0 0 0.7426429548380833 -0.669687570161908 4.60916866895232
cell 40.974364508642275 46.42073226866363 0.0 1.6431676725154984 0.6085806194501846 1 0 0 0.23492575804848692 -0.9720133168868335 5.808900931525098
cell 26.381771088173505 34.06465931457055 0.0 1.0 1.0 1 0 0 0.0 1.0 0
cell 55.9146709546375 66.6840140765021 0.0 1.6431676725154984 0.6085806194501846 1 0 0 0.8107724218391436 0.5853614951336394 1.8909409513014648
cell 50.911011819488984 56.65224626785472 0.0 1.6431676725154984 0.6085806194501846 1 0 0 0.10447839678935834 0.9945271562930423 0.20933882598873713
cell 15.445215770378713 14.285027974919924 0.0 1.0 1.0 1 0 0 0.0 1.0 0
cell 47.077193179390186 58.07781338236458 0.0 1.6431676725154984 0.6085806194501846 1 0 0 0.32696935979394537 -0.9450349399656806 5.616995546266378
cell 37.556052442526386 9.981878912990405 0.0 1.6431676725154984 0.6085806194501846 1 0 0 0.6245112647765234 0.7810158002033166 1.3490112151648355
cell 8.269284065662228 65.4175685705422 0.0 1.6431676725154984 0.6085806194501846 1 0 0 -0.1783137394438695 0.9839736837566052 5.924640389259685
cell 59.741927393149886 66.07001472798567 0.0 1.6431676725154984 0.6085806194501846 1 0 0 0.7239170121092936 -0.6898870629159187 4.664258719225957
cell 61.89503964622194 30.487058555464518 0.0 1.6431676725154984 0.6085806194501846 1 0 0 0.393428156233639 0.9193553643083828 0.8087150009552555
cell 16.7913351600563 17.737886568809483 0.0 1.0 1.0 1 0 0 0.0 1.0 0
cell 16.015361770939244 31.779685283510766 0.0 1.6431676725154984 0.6085806194501846 1 0 0 0.5765627884944885 -0.8170528446333565 5.054154158728175
cell 28.606738471235314 41.929404097237466 0.0 1.6431676725154984 0.6085806194501846 1 0 0 -0.48482596837309216 -0.8746106450250268 1.012328349744835
cell 62.92295203112695 53.77569849583067 0.0 1.6431676725154984 0.6085806194501846 1 0 0 0.31553715328740595 0.948913223058505 0.6420453457978144
cell 36.02882222301009 51.01424572885877 0.0 1.6431676725154984 0.6085806194501846 1 0 0 -0.26418198573803814 0.9644728500126414 5.748473952808556
cell 35.819569132013676 30.701915396612513 0.0 1.0 1.0 1 0 0 0.0 1.0 0
cell 29.073991986285627 53.487582410429795 0.0 1.6431676725154984 0.6085806194501846 1 0 0 0.9446447088376587 0.3280950686386722 2.473020036487648
cell 32.46185094348861 35.03711969246875 0.0 1.6431676725154984 0.6085806194501846 1 0 0 0.5859814978223845 0.8103244314531278 1.252181537244841
