1000
 Lattice="61.15546790168123 0.0 0.0 0.0 61.15546790168123 0.0 0.0 0.0 1.0"Properties=species:S:1:pos:R:3:aspherical_shape:R:3:orientation:R:4:Color:R:1
cell 10.210176732475718 28.933895303784908 0.0 1.0 1.0 1 0 0 0.0 1.0 0
cell 52.112190664131205 0.4579694560383127 0.0 1.6431676725154984 0.6085806194501846 1 0 0 0.9999861640374278 -0.005260392923584276 3.1521134879589634
cell 38.46523176204619 3.2183226359288324 0.0 1.6431676725154984 0.6085806194501846 1 0 0 0.9066074686719978 -0.42197499659121085 4.012837985175998
cell 60.25570318385988 17.217248306069354 0.0 1.0 1.0 1 0 0 0.0 1.0 0
cell 12.113711270086048 25.8593731184674 0.0 1.0 1.0 1 0 0 0.0 1.0 0
cell 30.06563807609288 24.01961648389631 0.0 1.0 1.0 1 0 0 0.0 1.0 0
cell 10.645058181551441 59.48660834173739 0.0 1.0 1.0 1 0 0 0.0 1.0 0
cell 40.751980214694434 3.7381776949907297 0.0 1.0 1.0 1 0 0 0.0 1.0 0
cell 11.192289636621725 45.08461351488537 0.0 1.0 1.0 1 0 0 0.0 1.0 0
cell 26.16767616335255 35.94758075570254 0.0 1.0 1.0 1 0 0 0.0 1.0 0
cell 24.380154632666226 52.33692692616121 0.0 1.0 1.0 1 0 0 0.0 1.0 0
cell 26.578771912553496 10.526056655143675 0.0 1.6431676725154984 0.6085806194501846 1 0 0 0.9039900639768108 -0.42755346359397156 4.025161981538207
cell 48.16458442193485 11.963787077664438 0.0 1.0 1.0 1 0 0 0.0 1.0 0
cell 3.4452359082427226 33.885584094311035 0.0 1.6431676725154984 0.6085806194501846 1 0 0 0.6606589932166457 0.7506861492541128 1.4433925532854863
cell 38.41502627554578 45.495234055842566 0.0 1.0 1.0 1 0 0 0.0 1.0 0
cell 49.507541263832934 31.71444885576133 0.0 1.6431676725154984 0.6085806194501846 1 0 0 -0.056560348362531994 -0.9983991821877205 0.1131810972783649
cell 23.74546616478358 4.179303084452658 0.0 1.6431676725154984 0.6085806194501846 1 0 0 0.9115611278833566 -0.4111645779150032 3.9890551713959894
cell 45.47147225166802 7.731725823526986 0.0 1.0 1.0 1 0 0 0.0 1.0 0
cell 6.416109582995943 57.618054462057025 0.0 1.0 1.0 1 0 0 0.0 1.0 0
cell 59.64992873729077 23.72425555957013 0.0 1.0 1.0 1 0 0 0.0 1.0 0
cell 46.904693468152516 51.31755725059526 0.0 1.6431676725154984 0.6085806194501846 1 0 0 0.6499439161382793 0.7599821747086161 1.415021276221429
cell 3.1922579711109833 26.928853090358352 0.0 1.0 1.0 1 0 0 0.0 1.0 0
cell 25.648209828586985 5.095123912266517 0.0 1.6431676725154984 0.6085806194501846 1 0 0 0.8810078313927687 -0.4731016814857148 4.127208792777728
cell 2.0468006295603614 58.35437335368698 0.0 1.6431676725154984 0.6085806194501846 1 0 0 0.679877864018563 0.7333253643626111 1.4951921418459364
cell 38.24364068451105 1.5759836653941677 0.0 1.6431676725154984 0.6085806194501846 1 0 0 0.9883711710451785 -0.1520606071498553 3.4468982367154952
cell 34.337224656281236 1.4146161634876533 0.0 1.6431676725154984 0.6085806194501846 1 0 0 0.5199349605856992 0.854205851513994 1.0935496174396395
cell 11.377170712624125 18.616935176685942 0.0 1.0 1.0 1 0 0 0.0 1.0 0
cell 51.580647708862195 10.403830991195228 0.0 1.6431676725154984 0.6085806194501846 1 0 0 0.8147440329987801 0.5798208005003639 1.9045751982116426
cell 12.687866320032613 40.62204569593327 0.0 1.0 1.0 1 0 0 0.0 1.0 0
cell 10.643777774517535 7.755524680208365 0.0 1.6431676725154984 0.6085806194501846 1 0 0 0.9379548578057745 0.34675738596106254 2.433369106185023
cell 12.507603229201584 57.37867332175235 0.0 1.6431676725154984 0.6085806194501846 1 0 0 0.8815788613243158 -0.4720367689768698 4.12479208922795
cell 17.29773333870336 26.288236369648036 0.0 1.0 1.0 1 0 0 0.0 1.0 0
cell 20.43485399699567 36.16819374259351 0.0 1.0 1.0 1 0 0 0.0 1.0 0
cell 53.355588119011564 26.525032557525748 0.0 1.0 1.0 1 0 0 0.0 1.0 0
cell 50.04898074489889 34.84381171521492 0.0 1.0 1.0 1 0 0 0.0 1.0 0
cell 44.9928861163734 32.90709283612221 0.0 1.6431676725154984 0.6085806194501846 1 0 0 -0.30766829578218263 -0.9514936782609159 0.625482971644236
cell 27.952010635985925 6.448241141949495 0.0 1.0 1.0 1 0 0 0.0 1.0 0
cell 13.774721416437446 47.691233090369245 0.0 1.0 1.0 1 0 0 0.0 1.0 0
cell 30.463494174501037 52.665431376730645 0.0 1.0 1.0 1 0 0 0.0 1.0 0
cell 18.84462179655345 11.102539357874559 0.0 1.0 1.0 1 0 0 0.0 1.0 0
cell 17.738758405326095 9.117992998033952 0.0 1.0 1.0 1 0 0 0.0 1.0 0
cell 25.81696355577682 31.10663962826563 0.0 1.0 1.0 1 0 0 0.0 1.0 0
cell 39.88860964262492 22.53464162978178 0.0 1.6431676725154984 0.6085806194501846 1 0 0 0.905579878356421 0.42417577007175905 2.2654896070388983
cell 25.731826064714834 54.50264491628951 0.0 1.0 1.0 1 0 0 0.0 1.0 0
cell 16.441900805694832 19.151494765163513 0.0 1.0 1.0 1 0 0 0.0 1.0 0
cell 42.06023609212984 8.519578793377605 0.0 1.6431676725154984 0.6085806194501846 1 0 0 0.9626255645434414 -0.2708357850938843 3.6901149744680732
cell 35.362592257047304 44.15502348575256 0.0 1.0 1.0 1 0 0 0.0 1.0 0
cell 55.92938444539651 25.86697556483033 0.0 1.0 1.0 1 0 0 0.0 1.0 0
cell 56.03222106440016 20.31092442389373 0.0 1.0 1.0 1 0 0 0.0 1.0 0
cell 34.10505998102524 49.77286971987576 0.0 1.6431676725154984 0.6085806194501846 1 0 0 0.9867402758135685 -0.16230720282033925 3.4676494783998426
cell 11.742964342984777 29.878526006791688 0.0 1.0 1.0 1 0 0 0.0 1.0 0
cell 5.246459426002057 40.806678163613554 0.0 1.6431676725154984 0.6085806194501846 1 0 0 0.7801394867433056 0.6256056115668175 1.7897774979836767
cell 13.123496392062847 34.06212431952464 0.0 1.0 1.0 1 0 0 0.0 1.0 0
cell 23.29611217523272 24.375593600325402 0.0 1.0 1.0 1 0 0 0.0 1.0 0
cell 9.58033506226497 30.851952674228155 0.0 1.0 1.0 1 0 0 0.0 1.0 0
cell 41.57505839089799 54.44453555256644 0.0 1.6431676725154984 0.6085806194501846 1 0 0 0.9091323479940666 -0.41650735147269047 4.000793024676161
cell 34.381241354475826 27.030195128836006 0.0 1.6431676725154984 0.6085806194501846 1 0 0 0.6150427654064751 0.7884937518593002 1.3248804043816151
cell 20.42760795920101 41.828612608074266 0.0 1.6431676725154984 0.6085806194501846 1 0 0 0.7679953477729408 -0.6404554206181097 4.531774890184215
cell 36.45290823355467 36.29773295835914 0.0 1.6431676725154984 0.6085806194501846 1 0 0 0.3620070565233463 0.9321753542265011 0.740840169451426
cell 44.83812215656537 47.90462669344543 0.0 1.6431676725154984 0.6085806194501846 1 0 0 0.5036652843972856 0.8638988837201964 1.0556725554245672
cell 57.640054951938936 30.253894944058732 0.0 1.0 1.0 1 0 0 0.0 1.0 0
cell 36.56153059100259 14.35829513822415 0.0 1.6431676725154984 0.6085806194501846 1 0 0 0.8198430731400204 -0.5725882774073595 4.360911508832232
cell 17.540570873420187 43.74369083718916 0.0 1.0 1.0 1 0 0 0.0 1.0 0
cell 15.011050051412328 31.524261813319722 0.0 1.0 1.0 1 0 0 0.0 1.0 0
cell 34.89084690438752 40.52618029163578 0.0 1.0 1.0 1 0 0 0.0 1.0 0
cell 4.9108777342296825 54.59845839561001 0.0 1.6431676725154984 0.6085806194501846 1 0 0 0.8414828335485818 0.5402838521028089 2.000043860420004
cell 22.330253044732103 36.80272973257462 0.0 1.0 1.0 1 0 0 0.0 1.0 0
cell 17.574862359975402 40.04042009570401 0.0 1.0 1.0 1 0 0 0.0 1.0 0
cell 5.719619987066109 60.408678013790905 0.0 1.0 1.0 1 0 0 0.0 1.0 0
cell 47.57931175381542 10.072365291966303 0.0 1.0 1.0 1 0 0 0.0 1.0 0
cell 37.18812427654245 47.18507895936709 0.0 1.0 1.0 1 0 0 0.0 1.0 0
cell 56.19916454990377 51.2714555602361 0.0 1.6431676725154984 0.6085806194501846 1 0 0 0.8105329271986266 -0.5856930714348821 4.393062403624197
cell 17.145712318444797 60.16542445368031 0.0 1.6431676725154984 0.6085806194501846 1 0 0 0.862507177563426 -0.5060448286975896 4.202778495481096
cell 30.475534301901778 27.857663458705993 0.0 1.0 1.0 1 0 0 0.0 1.0 0
cell 8.183043656815668 45.33601709492248 0.0 1.6431676725154984 0.6085806194501846 1 0 0 0.9362159706220914 0.35142517888184294 2.4234067629482015
cell 22.60301373635043 22.74324060519745 0.0 1.0 1.0 1 0 0 0.0 1.0 0
cell 19.891680790987216 60.76204249760092 0.0 1.6431676725154984 0.6085806194501846 1 0 0 0.903211304377874 -0.42919615520647364 4.028797860060336
cell 40.40120697283792 41.38909211242796 0.0 1.6431676725154984 0.6085806194501846 1 0 0 0.06032020933523444 0.9981790782949488 0.12071369763296959
cell 24.124329252296388 30.698025444662957 0.0 1.0 1.0 1 0 0 0.0 1.0 0
cell 40.474370697909535 1.1567656655016765 0.0 1.6431676725154984 0.6085806194501846 1 0 0 0.8756653784170134 -0.48291836270925614 4.1495614511657894
cell 24.828233353366745 7.927337490201238 0.0 1.6431676725154984 0.6085806194501846 1 0 0 0.8171617133098132 -0.5764084786855329 4.37024610424688
cell 47.016959436592536 19.514039133724783 0.0 1.6431676725154984 0.6085806194501846 1 0 0 0.3938283121577641 -0.9191840188683476 5.473599710964924
cell 8.010464735876596 29.585767643342617 0.0 1.0 1.0 1 0 0 0.0 1.0 0
cell 7.7641633124237925 51.02181638290513 0.0 1.0 1.0 1 0 0 0.0 1.0 0
cell 50.514537140865066 37.65943066379537 0.0 1.6431676725154984 0.6085806194501846 1 0 0 0.5244446072710696 -0.851444568897056 5.179059932543046
cell 54.35317734779257 40.78344514643982 0.0 1.6431676725154984 0.6085806194501846 1 0 0 0.999756984304027 -0.022044780228374493 3.1856857858788223
cell 6.027633867196933 9.057593228648667 0.0 1.6431676725154984 0.6085806194501846 1 0 0 0.06186129928384706 -0.9980847557451793 6.159383661718901
cell 30.92020190342497 37.174292947155756 0.0 1.0 1.0 1 0 0 0.0 1.0 0
cell 18.750502510652893 25.26390328437264 0.0 1.0 1.0 1 0 0 0.0 1.0 0
cell 55.445395493463735 4.775091799086532 0.0 1.6431676725154984 0.6085806194501846 1 0 0 0.7686635359053051 -0.6396533190483371 4.529686979834182
cell 31.8753244426658 42.611874119713974 0.0 1.0 1.0 1 0 0 0.0 1.0 0
cell 19.802018428336176 23.866140347048958 0.0 1.6431676725154984 0.6085806194501846 1 0 0 0.9978444177247748 -0.06562406582577066 3.272935172011811
cell 19.465647949575498 43.7587948825279 0.0 1.0 1.0 1 0 0 0.0 1.0 0
cell 51.50731418260962 34.65548328344976 0.0 1.6431676725154984 0.6085806194501846 1 0 0 0.5718533853209579 -0.8203558408989114 5.065658654165634
cell 2.9957445061009924 54.03071534942816 0.0 1.6431676725154984 0.6085806194501846 1 0 0 0.7304934470560558 0.6829197052422499 1.638088453389128
cell 10.790851220951609 43.18246748572215 0.0 1.6431676725154984 0.6085806194501846 1 0 0 0.465312479794507 -0.8851464828758495 5.315210098068557
cell 26.61005423458422 13.954286010944433 0.0 1.6431676725154984 0.6085806194501846 1 0 0 0.8552446257058878 -0.5182244978782805 4.231139903814043
cell 56.98524851645032 14.98894882151224 0.0 1.0 1.0 1 0 0 0.0 1.0 0
cell 25.39303880554018 15.14414795382278 0.0 1.0 1.0 1 0 0 0.0 1.0 0
cell 39.19795806710577 43.610669474850695 0.0 1.0 1.0 1 0 0 0.0 1.0 0
cell 43.46589845181639 60.76828069018165 0.0 1.0 1.0 1 0 0 0.0 1.0 0
cell 54.58170972909023 30.996957373087604 0.0 1.0 1.0 1 0 0 0.0 1.0 0
cell 26.400023453402966 57.52966696733638 0.0 1.0 1.0 1 0 0 0.0 1.0 0
cell 9.83863215593556 1.6066781839689974 0.0 1.6431676725154984 0.6085806194501846 1 0 0 0.3222510763415707 -0.9466542366654782 5.626972393893069
cell 22.27221493918537 49.45957997405371 0.0 1.0 1.0 1 0 0 0.0 1.0 0
cell 6.03901251059635 6.147924535606951 0.0 1.6431676725154984 0.6085806194501846 1 0 0 0.7255409548488183 -0.6881789904066129 4.659545035193471
cell 52.95696506179535 37.57159906462491 0.0 1.0 1.0 1 0 0 0.0 1.0 0
cell 0.3464438688916797 0.494741435528394 0.0 1.6431676725154984 0.6085806194501846 1 0 0 -0.47107537416604656 -0.8820929610048588 0.9810189966167311
cell 60.28336347206523 48.3416105201784 0.0 1.6431676725154984 0.6085806194501846 1 0 0 0.7376185149719156 0.6752176881351866 1.659073083028844
cell 30.573706565116176 40.765529404171694 0.0 1.0 1.0 1 0 0 0.0 1.0 0
cell 59.11056298336285 40.63678214272555 0.0 1.6431676725154984 0.6085806194501846 1 0 0 0.360714226282941 0.9326763891924675 0.7380671232018218
cell 23.3073763442284 47.84243153086878 0.0 1.6431676725154984 0.6085806194501846 1 0 0 0.7854338441426834 -0.6189456167348203 4.4763917946119705
cell 59.823802974417525 38.67113497150771 0.0 1.6431676725154984 0.6085806194501846 1 0 0 0.23436578630085347 0.9721484856808567 0.47313226633640804
cell 56.39671316839072 44.180511149030636 0.0 1.6431676725154984 0.6085806194501846 1 0 0 0.6246763763838772 -0.7808837460133926 4.933751243804983
cell 31.87957717466333 32.897047395671315 0.0 1.6431676725154984 0.6085806194501846 1 0 0 0.3759992408123507 0.9266199711362452 0.7709498212722462
cell 42.823026472541876 32.66781115985511 0.0 1.6431676725154984 0.6085806194501846 1 0 0 -0.24038252940465443 -0.9706782368823463 0.48551983296581636
cell 22.048070091957044 45.00210458370982 0.0 1.6431676725154984 0.6085806194501846 1 0 0 0.7957119602654362 -0.6056752234411912 4.442820996326804
cell 28.665575430789197 40.207532027187746 0.0 1.0 1.0 1 0 0 0.0 1.0 0
cell 56.28915664181194 48.76750519753028 0.0 1.6431676725154984 0.6085806194501846 1 0 0 0.8061782394011544 -0.5916727527240502 4.407857016651584
cell 46.29071099895203 11.59611972731504 0.0 1.0 1.0 1 0 0 0.0 1.0 0
cell 24.80505648356763 56.29118720590636 0.0 1.0 1.0 1 0 0 0.0 1.0 0
cell 47.68800913730004 45.94722300026454 0.0 1.6431676725154984 0.6085806194501846 1 0 0 0.42223102257813067 0.9064882589270674 0.8718101688009657
cell 54.450568386982475 9.706184347297793 0.0 1.6431676725154984 0.6085806194501846 1 0 0 0.9703863418345255 0.24155816604082625 2.653650157297246
cell 57.23295367050709 47.40959837228808 0.0 1.6431676725154984 0.6085806194501846 1 0 0 0.4858053768651704 0.8740670087635671 1.0145686903531665
cell 13.534047724938516 39.57448553752246 0.0 1.6431676725154984 0.6085806194501846 1 0 0 0.9277126561272337 -0.37329509461196114 3.906709337389812
cell 1.5642358565350496 53.46015354352184 0.0 1.0 1.0 1 0 0 0.0 1.0 0
cell 2.4887120567887013 48.46206697575252 0.0 1.0 1.0 1 0 0 0.0 1.0 0
cell 40.69174406218052 26.17776578340409 0.0 1.0 1.0 1 0 0 0.0 1.0 0
cell 35.20626229860779 55.85029410156082 0.0 1.0 1.0 1 0 0 0.0 1.0 0
cell 28.65016530411488 8.303813656773771 0.0 1.0 1.0 1 0 0 0.0 1.0 0
cell 3.247795146930337 59.697170837021 0.0 1.6431676725154984 0.6085806194501846 1 0 0 0.8859007559073806 0.4638748222125572 2.176864466319147
cell 33.331123343217534 11.203785276847205 0.0 1.6431676725154984 0.6085806194501846 1 0 0 0.8904976620999557 0.4549878171935081 2.196875587221037
cell 17.605560031246114 58.92286443042909 0.0 1.6431676725154984 0.6085806194501846 1 0 0 0.9216070456893871 -0.3881242756330501 3.938783538903951
cell 4.863388257079173 56.991834126459466 0.0 1.0 1.0 1 0 0 0.0 1.0 0
cell 39.37520947410244 21.573959454421832 0.0 1.6431676725154984 0.6085806194501846 1 0 0 0.9042108680043254 0.4270862982850942 2.2590567623357654
cell 35.522604891901665 26.110934925891073 0.0 1.6431676725154984 0.6085806194501846 1 0 0 0.7764009794047139 0.6302392555049242 1.7778699880887596
cell 54.99498752385335 37.559950774230614 0.0 1.0 1.0 1 0 0 0.0 1.0 0
cell 33.226095053470395 46.6029222471678 0.0 1.6431676725154984 0.6085806194501846 1 0 0 0.8081809005713861 -0.5889343188774308 4.401071831986607
cell 47.43097856518501 8.101655966867343 0.0 1.0 1.0 1 0 0 0.0 1.0 0
cell 16.407443250661004 0.8371005070552163 0.0 1.6431676725154984 0.6085806194501846 1 0 0 -0.09865445949295351 0.9951217501502785 6.085554920090648
cell 10.88484102773819 14.55324811258461 0.0 1.0 1.0 1 0 0 0.0 1.0 0
cell 40.25852620838169 15.857480063584621 0.0 1.6431676725154984 0.6085806194501846 1 0 0 0.8167931303613918 0.5769306563135976 1.9116608870421283
cell 18.768404237997107 45.60458400718492 0.0 1.0 1.0 1 0 0 0.0 1.0 0
cell 10.412425807029507 24.841543511846123 0.0 1.0 1.0 1 0 0 0.0 1.0 0
cell 20.306919522644847 48.774030183902276 0.0 1.0 1.0 1 0 0 0.0 1.0 0
cell 56.20854989838059 22.30458737300368 0.0 1.0 1.0 1 0 0 0.0 1.0 0
cell 51.56740224077625 18.63438617997803 0.0 1.0 1.0 1 0 0 0.0 1.0 0
cell 35.85612215696021 42.25700337538849 0.0 1.0 1.0 1 0 0 0.0 1.0 0
cell 44.16446611952843 4.0794898964762645 0.0 1.0 1.0 1 0 0 0.0 1.0 0
cell 53.60732338514082 36.09982622723058 0.0 1.0 1.0 1 0 0 0.0 1.0 0
cell 0.8126610672362783 16.72281122551837 0.0 1.0 1.0 1 0 0 0.0 1.0 0
cell 18.086464684993093 56.04206425270685 0.0 1.6431676725154984 0.6085806194501846 1 0 0 0.9884188045673764 -0.1517506730713196 3.446271090524307
cell 47.48032031583889 15.415913872634832 0.0 1.0 1.0 1 0 0 0.0 1.0 0
cell 45.64368118304171 9.696042977121222 0.0 1.0 1.0 1 0 0 0.0 1.0 0
cell 56.09194827685256 11.214424961094716 0.0 1.0 1.0 1 0 0 0.0 1.0 0
cell 54.860636167515764 23.570277093753567 0.0 1.0 1.0 1 0 0 0.0 1.0 0
cell 36.723367502124525 0.2964916859509371 0.0 1.6431676725154984 0.6085806194501846 1 0 0 0.9922718769452761 -0.12408272330787552 3.3903993673304442
cell 59.80135942862088 9.623822203128732 0.0 1.0 1.0 1 0 0 0.0 1.0 0
cell 46.668388245685804 59.65410565492735 0.0 1.6431676725154984 0.6085806194501846 1 0 0 0.9777974646960685 0.20955218451245167 2.719358746843607
cell 40.66442715918689 56.64423410918956 0.0 1.6431676725154984 0.6085806194501846 1 0 0 0.9135758319045495 -0.4066684145097948 3.9792013261031394
cell 21.565184983069642 0.17658426705729247 0.0 1.6431676725154984 0.6085806194501846 1 0 0 0.8833186875150834 -0.46877296880966857 4.1173949540259045
cell 46.163074159165866 4.484015231457741 0.0 1.0 1.0 1 0 0 0.0 1.0 0
cell 58.73412634020047 14.001835611460542 0.0 1.0 1.0 1 0 0 0.0 1.0 0
cell 28.835020266411917 2.5777283138281413 0.0 1.0 1.0 1 0 0 0.0 1.0 0
cell 41.684462364921195 15.158687981357634 0.0 1.6431676725154984 0.6085806194501846 1 0 0 0.7953773267650254 0.6061145997813632 1.8392597183384969
cell 5.914382643323837 17.251261078994084 0.0 1.0 1.0 1 0 0 0.0 1.0 0
cell 25.86058793062424 27.11674448955627 0.0 1.0 1.0 1 0 0 0.0 1.0 0
cell 46.12885829688921 28.85562564670417 0.0 1.0 1.0 1 0 0 0.0 1.0 0
cell 25.395400954182268 50.77384581468405 0.0 1.0 1.0 1 0 0 0.0 1.0 0
cell 7.290929075326034 55.91300362182628 0.0 1.0 1.0 1 0 0 0.0 1.0 0
cell 11.613790765695654 9.961717580016222 0.0 1.6431676725154984 0.6085806194501846 1 0 0 0.838573423649972 -0.5447885949136275 4.293866640028808
cell 9.845074348965172 61.02421783269922 0.0 1.0 1.0 1 0 0 0.0 1.0 0
cell 33.58476658565668 54.950203859995604 0.0 1.0 1.0 1 0 0 0.0 1.0 0
cell 5.833882471848924 51.72916546031436 0.0 1.6431676725154984 0.6085806194501846 1 0 0 0.8727928797856861 0.48809075897358367 2.1217908456419963
cell 44.34771994423252 11.232119909017868 0.0 1.0 1.0 1 0 0 0.0 1.0 0
cell 11.297385682300805 31.832484898593442 0.0 1.0 1.0 1 0 0 0.0 1.0 0
cell 54.515104674207464 45.59779207120226 0.0 1.6431676725154984 0.6085806194501846 1 0 0 0.40875124821146136 -0.9126458333250486 5.441014575551021
cell 30.250629357053718 16.132649901576578 0.0 1.6431676725154984 0.6085806194501846 1 0 0 0.32856904542286025 0.944479953408176 0.669576207354742
cell 53.78634263228275 34.28845337833344 0.0 1.0 1.0 1 0 0 0.0 1.0 0
cell 49.20615899078216 8.775579724320265 0.0 1.0 1.0 1 0 0 0.0 1.0 0
cell 22.970772794128973 57.81464114661559 0.0 1.0 1.0 1 0 0 0.0 1.0 0
cell 7.192963775745513 18.79382341879967 0.0 1.0 1.0 1 0 0 0.0 1.0 0
cell 21.538351484517523 18.13998294112123 0.0 1.6431676725154984 0.6085806194501846 1 0 0 0.8691271110529306 0.49458878356952934 2.1068693923289477
cell 1.0593647702556073 40.520869705837214 0.0 1.6431676725154984 0.6085806194501846 1 0 0 0.5465683283474895 0.8374145105307352 1.1565215892495202
cell 15.400906364332657 48.58432451687312 0.0 1.0 1.0 1 0 0 0.0 1.0 0
cell 21.932766019457645 30.96159571527573 0.0 1.0 1.0 1 0 0 0.0 1.0 0
cell 16.94968113697408 45.61996745397635 0.0 1.0 1.0 1 0 0 0.0 1.0 0
cell 18.451734509914512 35.46335932687458 0.0 1.0 1.0 1 0 0 0.0 1.0 0
cell 9.0072741209114 13.740234633000844 0.0 1.0 1.0 1 0 0 0.0 1.0 0
cell 20.73888526261739 16.538436078607084 0.0 1.0 1.0 1 0 0 0.0 1.0 0
cell 52.85905086443474 32.3858261624492 0.0 1.6431676725154984 0.6085806194501846 1 0 0 0.6276644352333074 -0.7784840118738812 4.926086457414161
cell 23.941153908785832 11.739918005196722 0.0 1.0 1.0 1 0 0 0.0 1.0 0
cell 43.478113661625294 7.471124869791152 0.0 1.0 1.0 1 0 0 0.0 1.0 0
cell 35.31332040800997 3.7417208615177153 0.0 1.0 1.0 1 0 0 0.0 1.0 0
cell 59.94375986800588 3.0032376361471043 0.0 1.6431676725154984 0.6085806194501846 1 0 0 0.8353356925561684 -0.5497401938567951 4.305699025556803
cell 60.5864735257299 15.26615869951566 0.0 1.0 1.0 1 0 0 0.0 1.0 0
cell 49.80675016692085 55.1897118094971 0.0 1.6431676725154984 0.6085806194501846 1 0 0 0.5648834948511534 0.8251706715854285 1.200584115204836
cell 0.18704560395077127 59.77747682192817 0.0 1.6431676725154984 0.6085806194501846 1 0 0 -0.4808142772644737 -0.8768224625194326 1.0031662890858009
cell 33.932014265798294 23.775749961824765 0.0 1.6431676725154984 0.6085806194501846 1 0 0 0.7162248227508972 0.697869617676143 1.5967552356122272
cell 44.30983116734391 1.2273577110296263 0.0 1.6431676725154984 0.6085806194501846 1 0 0 0.9674914197953733 -0.2529038406634679 3.6529536445191755
cell 16.88159210387952 30.237805800117954 0.0 1.0 1.0 1 0 0 0.0 1.0 0
cell 37.71396378802561 34.563463675166815 0.0 1.6431676725154984 0.6085806194501846 1 0 0 0.8284295490636171 0.560093279943843 1.9525958651117996
cell 52.266953324535656 39.546621807309414 0.0 1.6431676725154984 0.6085806194501846 1 0 0 0.6819554215748965 -0.7313937400501902 4.78231956919682
cell 51.24611714977473 38.69274309304691 0.0 1.6431676725154984 0.6085806194501846 1 0 0 0.5883598137835188 -0.8085992391318602 5.025127484861126
cell 28.972433571263583 4.72093147702973 0.0 1.0 1.0 1 0 0 0.0 1.0 0
cell 21.812057376854135 42.35420297933577 0.0 1.6431676725154984 0.6085806194501846 1 0 0 0.852758039119663 -0.5223061618598687 4.240698802745077
cell 33.00891933048237 25.063040408846636 0.0 1.6431676725154984 0.6085806194501846 1 0 0 0.611152741070127 0.7915126828310904 1.3150323015105114
cell 44.13552728502595 26.825957314511196 0.0 1.6431676725154984 0.6085806194501846 1 0 0 0.409750741161032 -0.9121975280157171 5.438823718251598
cell 21.733447830548673 38.14459754870024 0.0 1.6431676725154984 0.6085806194501846 1 0 0 0.9263629542311979 -0.3766320180601321 3.9139084393607324
cell 17.30200576073658 49.17166603174366 0.0 1.0 1.0 1 0 0 0.0 1.0 0
cell 10.835518574206223 22.900806588085945 0.0 1.0 1.0 1 0 0 0.0 1.0 0
cell 50.97915382006126 30.03320915626939 0.0 1.6431676725154984 0.6085806194501846 1 0 0 -0.6903194015526356 0.7235047503921526 4.759324458833753
cell 58.175029937057836 45.35362151846712 0.0 1.6431676725154984 0.6085806194501846 1 0 0 0.48388990306642404 0.875128882914035 1.0101884536004735
cell 5.261460952480528 19.16917820686252 0.0 1.0 1.0 1 0 0 0.0 1.0 0
cell 34.10054848525149 33.89741148796473 0.0 1.6431676725154984 0.6085806194501846 1 0 0 -0.3947164896602204 -0.9188029673386526 0.8115185314094973
cell 38.13613872408814 49.639334271381266 0.0 1.6431676725154984 0.6085806194501846 1 0 0 0.9998974673138769 -0.014319736704788385 3.1702331058668958
cell 19.9702847691473 4.276088415953754 0.0 1.0 1.0 1 0 0 0.0 1.0 0
cell 42.78487772062168 5.531398669306573 0.0 1.0 1.0 1 0 0 0.0 1.0 0
cell 49.35171389394217 27.488431151602676 0.0 1.0 1.0 1 0 0 0.0 1.0 0
cell 5.940899290996065 42.02977387470581 0.0 1.6431676725154984 0.6085806194501846 1 0 0 0.8385620074715361 0.5448061670220955 1.989276757336839
cell 48.653789912101736 1.7321117691872445 0.0 1.6431676725154984 0.6085806194501846 1 0 0 0.9948547883494382 -0.10131115485569496 3.344563191646297
cell 43.53193240229548 38.336866141808535 0.0 1.0 1.0 1 0 0 0.0 1.0 0
cell 60.66967655762368 42.45091524527262 0.0 1.6431676725154984 0.6085806194501846 1 0 0 0.06296766050138772 -0.9980155678800717 6.1571666166312315
cell 23.76305673935892 59.80098693774624 0.0 1.0 1.0 1 0 0 0.0 1.0 0
cell 1.4395853002786265 20.13285238093564 0.0 1.0 1.0 1 0 0 0.0 1.0 0
cell 36.82823064017371 60.54222490423391 0.0 1.6431676725154984 0.6085806194501846 1 0 0 0.9882412307581577 -0.1529028117125437 3.448602575939418
cell 5.816092022499273 30.486828796162946 0.0 1.6431676725154984 0.6085806194501846 1 0 0 0.9810626138176542 -0.19369085618395127 3.5314383732130485
cell 21.86112409063741 47.542867157600405 0.0 1.0 1.0 1 0 0 0.0 1.0 0
cell 14.28129814490552 52.64666163227157 0.0 1.0 1.0 1 0 0 0.0 1.0 0
cell 59.579861527255915 51.24016375890168 0.0 1.6431676725154984 0.6085806194501846 1 0 0 0.7210028655397765 0.6929320802816326 1.6104970192140178
cell 16.758480747797556 38.21422613030295 0.0 1.0 1.0 1 0 0 0.0 1.0 0
cell 17.21614655812755 28.281548700969086 0.0 1.0 1.0 1 0 0 0.0 1.0 0
cell 5.286913033510896 24.331184764520618 0.0 1.0 1.0 1 0 0 0.0 1.0 0
cell 58.78076258595248 12.015638444450127 0.0 1.0 1.0 1 0 0 0.0 1.0 0
cell 8.322609073677388 54.594893642564855 0.0 1.0 1.0 1 0 0 0.0 1.0 0
cell 42.20317940194532 53.06130537077021 0.0 1.6431676725154984 0.6085806194501846 1 0 0 0.9542183411219944 -0.29911094507956254 3.749114268846204
cell 36.557373074652055 11.843214749269194 0.0 1.6431676725154984 0.6085806194501846 1 0 0 0.836473229515072 -0.5480077885437631 4.301554043029022
cell 37.97420698452707 19.273369509408916 0.0 1.0 1.0 1 0 0 0.0 1.0 0
cell 25.20096764546365 24.702945973051385 0.0 1.0 1.0 1 0 0 0.0 1.0 0
cell 26.588793363469385 46.1645037560365 0.0 1.0 1.0 1 0 0 0.0 1.0 0
cell 12.458086018111509 54.15882244173548 0.0 1.6431676725154984 0.6085806194501846 1 0 0 0.8742088468754478 -0.4855500922095473 4.155577260709218
cell 28.768048130528925 36.70893579872967 0.0 1.6431676725154984 0.6085806194501846 1 0 0 0.11048926739176017 -0.9938773172737329 6.061754671153806
cell 39.89807836632395 52.296315937721346 0.0 1.6431676725154984 0.6085806194501846 1 0 0 0.9399357041273663 -0.3413515374311241 3.8383015074182962
cell 49.40787783636153 15.483090254084045 0.0 1.0 1.0 1 0 0 0.0 1.0 0
cell 14.457725769730944 16.36542828242295 0.0 1.0 1.0 1 0 0 0.0 1.0 0
cell 15.657034549926571 59.67259034534713 0.0 1.6431676725154984 0.6085806194501846 1 0 0 0.8504823196649808 -0.5260036349088031 4.249382174347155
cell 36.51436281600948 54.81805778335278 0.0 1.0 1.0 1 0 0 0.0 1.0 0
cell 48.19925334379457 17.254526540000374 0.0 1.0 1.0 1 0 0 0.0 1.0 0
cell 2.482470642484514 8.840945787652654 0.0 1.6431676725154984 0.6085806194501846 1 0 0 -0.009210924139218833 0.9999575785384606 6.264763198402819
cell 0.7424143674394755 2.8607088817011386 0.0 1.0 1.0 1 0 0 0.0 1.0 0
cell 60.463031228443164 1.2672709079387177 0.0 1.0 1.0 1 0 0 0.0 1.0 0
cell 36.333497076920054 2.3798797014460567 0.0 1.0 1.0 1 0 0 0.0 1.0 0
cell 20.038314509181397 31.59425273419095 0.0 1.0 1.0 1 0 0 0.0 1.0 0
cell 52.85795035878879 23.52276871611669 0.0 1.0 1.0 1 0 0 0.0 1.0 0
cell 36.62614165254889 26.01444951355267 0.0 1.6431676725154984 0.6085806194501846 1 0 0 0.731146599823118 0.6822203819639907 1.6400022576157989
cell 38.2192386173746 6.168040084888905 0.0 1.6431676725154984 0.6085806194501846 1 0 0 0.7647495057548636 -0.6443277065652943 4.54188036259845
cell 58.72290917429239 15.974355035678547 0.0 1.0 1.0 1 0 0 0.0 1.0 0
cell 39.471268281225655 5.993645638840823 0.0 1.6431676725154984 0.6085806194501846 1 0 0 0.8378185614668314 -0.5459487687152058 4.296634903362574
cell 39.940520654680135 39.44487027705314 0.0 1.6431676725154984 0.6085806194501846 1 0 0 0.8812030302797267 0.47273800294225027 2.156802019558389
cell 29.558947160178203 38.45880686080007 0.0 1.0 1.0 1 0 0 0.0 1.0 0
cell 25.19472814567578 41.521932092113374 0.0 1.0 1.0 1 0 0 0.0 1.0 0
cell 11.11570565444546 35.71879466102247 0.0 1.6431676725154984 0.6085806194501846 1 0 0 0.9362226906747614 -0.3514072757723012 3.859740298685806
cell 40.894455181094635 33.20760999280937 0.0 1.0 1.0 1 0 0 0.0 1.0 0
cell 13.70928352896984 26.684931894703997 0.0 1.0 1.0 1 0 0 0.0 1.0 0
cell 59.51610169884921 21.785706487513544 0.0 1.0 1.0 1 0 0 0.0 1.0 0
cell 18.103708980406157 18.790830115153188 0.0 1.0 1.0 1 0 0 0.0 1.0 0
cell 37.659057147348534 48.627266020464006 0.0 1.6431676725154984 0.6085806194501846 1 0 0 0.999950573879707 0.009942323553609297 3.121707678869111
cell 28.172708467933386 24.63695953771147 0.0 1.0 1.0 1 0 0 0.0 1.0 0
cell 35.90003660734017 34.5474972930356 0.0 1.6431676725154984 0.6085806194501846 1 0 0 0.39771519527044064 0.91750892281819 0.8180505436689509
cell 40.67218409454216 10.563213531853359 0.0 1.6431676725154984 0.6085806194501846 1 0 0 0.963225756735437 0.2686933969442585 2.597520078633659
cell 3.337376306767411 19.66914178822466 0.0 1.0 1.0 1 0 0 0.0 1.0 0
cell 15.584955590123133 44.20215397987207 0.0 1.0 1.0 1 0 0 0.0 1.0 0
cell 49.458962749699026 10.809666826406287 0.0 1.0 1.0 1 0 0 0.0 1.0 0
cell 1.7118640024422254 60.42180417170197 0.0 1.6431676725154984 0.6085806194501846 1 0 0 0.6415494350078368 0.7670816921561389 1.3930329448678198
cell 15.364251371471502 22.356225595414525 0.0 1.0 1.0 1 0 0 0.0 1.0 0
cell 15.916537654872501 52.17231948118564 0.0 1.0 1.0 1 0 0 0.0 1.0 0
cell 31.879300816180614 7.18679718075074 0.0 1.0 1.0 1 0 0 0.0 1.0 0
cell 27.88654355454078 30.714838612550437 0.0 1.6431676725154984 0.6085806194501846 1 0 0 0.9813233553694259 -0.19236546521268144 3.528736782821454
cell 7.839904974741246 16.9487537759769 0.0 1.0 1.0 1 0 0 0.0 1.0 0
cell 28.12473169485509 47.4608128589408 0.0 1.0 1.0 1 0 0 0.0 1.0 0
cell 15.669572017072623 57.63850400434846 0.0 1.6431676725154984 0.6085806194501846 1 0 0 0.8666075795126877 -0.4989902836039602 4.186459148431193
cell 23.813525337104924 9.77331089773463 0.0 1.6431676725154984 0.6085806194501846 1 0 0 0.9932579899759985 -0.11592482628341204 3.3739647596103026
cell 29.92889003879182 6.808514057016542 0.0 1.0 1.0 1 0 0 0.0 1.0 0
cell 54.07875290015537 42.97701817595317 0.0 1.6431676725154984 0.6085806194501846 1 0 0 0.3928377407747671 -0.919607801958518 5.475754541709665
cell 39.132109439424354 47.31697982606042 0.0 1.0 1.0 1 0 0 0.0 1.0 0
cell 51.00609396447455 60.48918951175274 0.0 1.6431676725154984 0.6085806194501846 1 0 0 0.984762366789067 0.17390537931874028 2.7920044523535297
cell 54.99480952987259 47.14788752175306 0.0 1.6431676725154984 0.6085806194501846 1 0 0 0.5664900739894164 -0.8240685627248897 5.078704659327066
cell 25.75583168199047 37.97206736166888 0.0 1.0 1.0 1 0 0 0.0 1.0 0
cell 7.576903475777238 8.075324828901644 0.0 1.6431676725154984 0.6085806194501846 1 0 0 0.9996811161062497 0.02525205141296581 3.091083181764034
cell 0.3153906910605222 26.737098681545962 0.0 1.6431676725154984 0.6085806194501846 1 0 0 0.481906848967789 0.8762224540137833 1.0056592578661172
cell 27.5574483267595 27.966795056213805 0.0 1.6431676725154984 0.6085806194501846 1 0 0 0.9992426992310542 0.038910513147950944 3.0637519767001806
cell 41.98278744657782 40.518478023908294 0.0 1.6431676725154984 0.6085806194501846 1 0 0 0.09264534209100675 0.995699171732527 0.18555677647597585
cell 13.340408106150814 30.61748836125176 0.0 1.0 1.0 1 0 0 0.0 1.0 0
cell 40.14720675569576 57.561688977055276 0.0 1.6431676725154984 0.6085806194501846 1 0 0 0.9029033517891718 -0.4298436196198322 4.030231798671957
cell 5.18445893797803 58.8503754555427 0.0 1.0 1.0 1 0 0 0.0 1.0 0
cell 50.592418027285326 43.777853147828225 0.0 1.6431676725154984 0.6085806194501846 1 0 0 0.32037132734030105 0.9472920418847683 0.6522428991307107
cell 17.377922098197576 20.96483662395877 0.0 1.0 1.0 1 0 0 0.0 1.0 0
cell 54.187195920494204 32.56156322120345 0.0 1.0 1.0 1 0 0 0.0 1.0 0
cell 54.078849147833026 11.403698252956413 0.0 1.0 1.0 1 0 0 0.0 1.0 0
cell 2.011901991098011 18.23137383028629 0.0 1.0 1.0 1 0 0 0.0 1.0 0
cell 24.942357548476576 20.56352917195729 0.0 1.0 1.0 1 0 0 0.0 1.0 0
cell 39.53099924385456 53.520589313641935 0.0 1.6431676725154984 0.6085806194501846 1 0 0 0.9409009491294388 -0.33868186241267956 3.832623878325006
cell 37.62751273816937 32.75181179325373 0.0 1.6431676725154984 0.6085806194501846 1 0 0 0.8712526834206356 0.49083476000823517 2.1154974349001248
cell 28.081617062008966 55.66782276990914 0.0 1.6431676725154984 0.6085806194501846 1 0 0 0.8358310698258681 0.5489867236224796 1.9792897406197463
cell 43.21078587793833 50.925212747650484 0.0 1.0 1.0 1 0 0 0.0 1.0 0
cell 18.176643149355918 6.812455648329974 0.0 1.0 1.0 1 0 0 0.0 1.0 0
cell 58.15464406176538 50.81506526156121 0.0 1.6431676725154984 0.6085806194501846 1 0 0 0.556649514368653 0.830747445468924 1.180694453907939
cell 9.69112165588301 38.94788352811728 0.0 1.0 1.0 1 0 0 0.0 1.0 0
cell 8.546360812779874 43.70602207623375 0.0 1.6431676725154984 0.6085806194501846 1 0 0 0.9204822260671716 0.3907844309775204 2.338625384826511
cell 57.86026172512951 10.193686251613101 0.0 1.0 1.0 1 0 0 0.0 1.0 0
cell 37.13817325631697 50.47498325745043 0.0 1.6431676725154984 0.6085806194501846 1 0 0 0.9881391097153545 -0.15356138789079352 3.4499354694931283
cell 12.471084641570632 13.352487779644827 0.0 1.0 1.0 1 0 0 0.0 1.0 0
cell 22.789154927858444 53.33669649327591 0.0 1.0 1.0 1 0 0 0.0 1.0 0
cell 36.349481551927454 31.520145355172325 0.0 1.6431676725154984 0.6085806194501846 1 0 0 0.6338977092512741 0.7734168954748708 1.3731649283897194
cell 46.37523690266301 58.50335974374389 0.0 1.6431676725154984 0.6085806194501846 1 0 0 0.989173899073461 0.14674807457614727 2.847032756868997
cell 16.27492039411722 17.158814748583836 0.0 1.0 1.0 1 0 0 0.0 1.0 0
cell 54.39552321470734 17.293700436619908 0.0 1.0 1.0 1 0 0 0.0 1.0 0
cell 52.92113655240629 41.94943287227172 0.0 1.0 1.0 1 0 0 0.0 1.0 0
cell 27.701133963042047 38.39559172435637 0.0 1.0 1.0 1 0 0 0.0 1.0 0
cell 44.966135173871464 13.142538886398809 0.0 1.0 1.0 1 0 0 0.0 1.0 0
cell 17.861712181488258 14.816600044986554 0.0 1.0 1.0 1 0 0 0.0 1.0 0
cell 13.11095294629454 22.81578933264168 0.0 1.6431676725154984 0.6085806194501846 1 0 0 0.9773815736274998 -0.21148347342861645 3.5677776834816
cell 20.217734961491704 1.889489673966262 0.0 1.6431676725154984 0.6085806194501846 1 0 0 -0.8052636543707805 0.5929168971697604 4.410945292321495
cell 23.540217902017552 7.326107433975627 0.0 1.6431676725154984 0.6085806194501846 1 0 0 -0.8051827704047158 0.5930267331608136 4.411218101125794
cell 37.177253039333266 4.126033456072471 0.0 1.6431676725154984 0.6085806194501846 1 0 0 0.7020820544324502 -0.7120960531023256 4.726551031466635
cell 29.610979955002097 54.816243799351824 0.0 1.6431676725154984 0.6085806194501846 1 0 0 0.9060642758091385 0.42314008094537847 2.267776345328358
cell 27.26057744445847 59.06475434431002 0.0 1.0 1.0 1 0 0 0.0 1.0 0
cell 46.46699326571032 27.27153539512609 0.0 1.6431676725154984 0.6085806194501846 1 0 0 -0.009099095914758453 -0.9999586023698851 0.018198442954346916
cell 37.66600358971766 22.60871224684236 0.0 1.6431676725154984 0.6085806194501846 1 0 0 0.82322043905743 0.5677218585875413 1.9341209474173127
cell 21.32140295577711 9.231847712860322 0.0 1.0 1.0 1 0 0 0.0 1.0 0
cell 24.794913582105554 13.386135243103809 0.0 1.0 1.0 1 0 0 0.0 1.0 0
cell 8.35509654040363 49.409778355160846 0.0 1.0 1.0 1 0 0 0.0 1.0 0
cell 60.854504883076224 28.240004288204876 0.0 1.0 1.0 1 0 0 0.0 1.0 0
cell 35.19945947239116 18.221825314193023 0.0 1.6431676725154984 0.6085806194501846 1 0 0 0.7292088046351706 0.6842912532266839 1.6343300223002797
cell 44.14813981724756 59.408250804213786 0.0 1.6431676725154984 0.6085806194501846 1 0 0 0.9449601546845356 -0.3271854306942448 3.8082397085985678
cell 23.285279578014244 45.12187424772189 0.0 1.6431676725154984 0.6085806194501846 1 0 0 0.8007135499015149 -0.5990474196623455 4.426214482192302
cell 40.8925526660469 43.66070528449259 0.0 1.6431676725154984 0.6085806194501846 1 0 0 0.6036666530580972 -0.797236835567471 4.987000615120795
cell 13.09031718597596 19.557526984842845 0.0 1.0 1.0 1 0 0 0.0 1.0 0
cell 50.50875624693357 27.99294977710759 0.0 1.6431676725154984 0.6085806194501846 1 0 0 -0.6619561108438593 0.7495425987337025 4.836334301826092
cell 4.170746961675545 60.57068265144845 0.0 1.0 1.0 1 0 0 0.0 1.0 0
cell 34.078319691943314 32.28893868384029 0.0 1.6431676725154984 0.6085806194501846 1 0 0 0.4140374593315328 0.9102598432702002 0.8537702265891932
cell 45.32001409526242 2.751524218551208 0.0 1.6431676725154984 0.6085806194501846 1 0 0 0.9927099749367809 -0.12052761368672239 3.3832353606337477
cell 21.31769921855387 20.37824498776196 0.0 1.0 1.0 1 0 0 0.0 1.0 0
cell 61.0099828258648 40.94629079486313 0.0 1.0 1.0 1 0 0 0.0 1.0 0
cell 55.63008341256197 54.07641029303769 0.0 1.6431676725154984 0.6085806194501846 1 0 0 0.4366206768507992 -0.8996456994541517 5.3795074028593906
cell 34.8060458052185 13.622316679054084 0.0 1.6431676725154984 0.6085806194501846 1 0 0 0.8541992592135466 0.519945790981164 2.048017678240846
cell 35.99668261224159 53.061382931053316 0.0 1.6431676725154984 0.6085806194501846 1 0 0 0.9762153598487657 -0.21680307007822733 3.578669558690783
cell 19.437222186481115 59.11760975799836 0.0 1.6431676725154984 0.6085806194501846 1 0 0 0.9495412483452719 -0.3136421809816128 3.7796453375566395
cell 33.98379972790803 51.27027163978887 0.0 1.6431676725154984 0.6085806194501846 1 0 0 0.9132529977289625 -0.40739288425187736 3.9807876152887527
cell 48.34223319703046 60.414047463125144 0.0 1.6431676725154984 0.6085806194501846 1 0 0 0.9971034738356617 0.07605696854894954 2.9893316787854376
cell 43.23514529117759 20.413519260093402 0.0 1.6431676725154984 0.6085806194501846 1 0 0 0.9772708006621461 0.21199476921180813 2.714361308192978
cell 8.70924432911586 34.58120634150875 0.0 1.6431676725154984 0.6085806194501846 1 0 0 0.6520524792530598 -0.7581738351459631 4.8626084444564714
cell 55.102648657680085 27.51689723767006 0.0 1.0 1.0 1 0 0 0.0 1.0 0
cell 23.167129959892094 20.961871213546914 0.0 1.0 1.0 1 0 0 0.0 1.0 0
cell 18.46464798048479 33.355661165064376 0.0 1.0 1.0 1 0 0 0.0 1.0 0
cell 38.800916064682845 54.16827376968619 0.0 1.6431676725154984 0.6085806194501846 1 0 0 0.9368515322582395 -0.3497273316533738 3.8561527341399864
cell 6.179760209939036 1.885756375958135 0.0 1.0 1.0 1 0 0 0.0 1.0 0
cell 41.98697910946739 34.465422039223114 0.0 1.6431676725154984 0.6085806194501846 1 0 0 -0.2569451728677551 0.966425981718186 5.763465476687683
cell 10.375548720733585 26.79711119231346 0.0 1.0 1.0 1 0 0 0.0 1.0 0
cell 32.67517263478284 0.6827413531059777 0.0 1.0 1.0 1 0 0 0.0 1.0 0
cell 52.00761130005139 2.2663535764302347 0.0 1.6431676725154984 0.6085806194501846 1 0 0 0.9679338250181163 0.2512053152021242 2.6337420540430587
cell 30.430129253624504 25.892151526248202 0.0 1.0 1.0 1 0 0 0.0 1.0 0
cell 4.4535122360286215 39.34146181050414 0.0 1.6431676725154984 0.6085806194501846 1 0 0 0.776096344748399 0.6306143541564642 1.776903548692297
cell 25.54816552847549 16.941590225262484 0.0 1.0 1.0 1 0 0 0.0 1.0 0
cell 50.554770694452834 33.45571610723358 0.0 1.6431676725154984 0.6085806194501846 1 0 0 -0.21430051938557276 0.9767677755695433 5.8512339953877355
cell 26.488647844553892 39.893813340469364 0.0 1.0 1.0 1 0 0 0.0 1.0 0
cell 29.78053193164466 45.10030399932792 0.0 1.0 1.0 1 0 0 0.0 1.0 0
cell 34.478391653388904 38.528070845209015 0.0 1.0 1.0 1 0 0 0.0 1.0 0
cell 36.77426944017447 20.861800953534463 0.0 1.0 1.0 1 0 0 0.0 1.0 0
cell 20.97118568255322 27.720604865759185 0.0 1.0 1.0 1 0 0 0.0 1.0 0
cell 0.7893230702154042 47.96434369102221 0.0 1.0 1.0 1 0 0 0.0 1.0 0
cell 45.91404087473899 53.78838351425676 0.0 1.6431676725154984 0.6085806194501846 1 0 0 0.9968042587419628 -0.07988285018629623 3.3015287617607516
cell 50.71200969460835 20.22385159803578 0.0 1.0 1.0 1 0 0 0.0 1.0 0
cell 54.09743791686082 25.101499892966196 0.0 1.0 1.0 1 0 0 0.0 1.0 0
cell 24.298232840700415 36.47126340900345 0.0 1.0 1.0 1 0 0 0.0 1.0 0
cell 7.880016749401663 60.42274724870534 0.0 1.6431676725154984 0.6085806194501846 1 0 0 0.2747172117507847 0.9615250665312239 0.5565911723070929
cell 2.1370083611561776 27.92981276099955 0.0 1.6431676725154984 0.6085806194501846 1 0 0 0.4613191436739233 0.8872342687700685 0.9589628581032449
cell 43.47514159483983 30.764654307314114 0.0 1.0 1.0 1 0 0 0.0 1.0 0
cell 55.32908549116132 35.57452233357392 0.0 1.0 1.0 1 0 0 0.0 1.0 0
cell 5.511061489856855 50.41826343160059 0.0 1.6431676725154984 0.6085806194501846 1 0 0 0.8775214100588292 0.4795374593171675 2.141337578757529
cell 60.5616689882599 13.342050844372867 0.0 1.0 1.0 1 0 0 0.0 1.0 0
cell 45.51656665112085 18.78732936425412 0.0 1.6431676725154984 0.6085806194501846 1 0 0 0.9915160171696804 0.12998456714538867 2.8808858240292943
cell 58.42897295040878 56.236427065839806 0.0 1.0 1.0 1 0 0 0.0 1.0 0
cell 42.63447222780847 1.171125057514276 0.0 1.6431676725154984 0.6085806194501846 1 0 0 0.8988014309772105 -0.4383560056316312 4.049130172602944
cell 11.925666145617926 27.886270214511 0.0 1.0 1.0 1 0 0 0.0 1.0 0
cell 14.819357222384571 3.768714926055499 0.0 1.6431676725154984 0.6085806194501846 1 0 0 0.5047138621769943 -0.8632866947465263 5.225084344144498
cell 58.92836592208911 48.732450244367165 0.0 1.6431676725154984 0.6085806194501846 1 0 0 0.7139039847693395 0.7002436008493463 1.5901153274299789
cell 48.02610862408168 35.43544893318839 0.0 1.0 1.0 1 0 0 0.0 1.0 0
cell 17.975642315153188 54.69069156112486 0.0 1.0 1.0 1 0 0 0.0 1.0 0
cell 30.8742459751835 19.353386051289178 0.0 1.6431676725154984 0.6085806194501846 1 0 0 0.6503591556174382 0.7596268614948873 1.4161142928038029
cell 32.13982567154721 3.844175953076695 0.0 1.0 1.0 1 0 0 0.0 1.0 0
cell 21.791134347597083 59.77531300734584 0.0 1.6431676725154984 0.6085806194501846 1 0 0 0.9591329636271323 -0.28295575287283703 3.7153414676332934
cell 14.265371670494844 14.324308878174316 0.0 1.0 1.0 1 0 0 0.0 1.0 0
cell 33.706713188894284 43.500906433451426 0.0 1.0 1.0 1 0 0 0.0 1.0 0
cell 9.708739539560531 4.601746554379954 0.0 1.6431676725154984 0.6085806194501846 1 0 0 0.955245147609416 0.2958153274741946 2.540974787690041
cell 49.414025180548876 6.765493799727083 0.0 1.0 1.0 1 0 0 0.0 1.0 0
cell 7.373153877829645 47.36583168714639 0.0 1.6431676725154984 0.6085806194501846 1 0 0 0.9079719635557609 0.41903092176675444 2.27683713928881
cell 16.67099136942551 47.30826908276034 0.0 1.0 1.0 1 0 0 0.0 1.0 0
cell 15.022292687292211 46.142179934435674 0.0 1.0 1.0 1 0 0 0.0 1.0 0
cell 10.817808038660607 41.36452764202445 0.0 1.6431676725154984 0.6085806194501846 1 0 0 -0.4210095361390924 0.907056211312147 5.414069279656927
cell 7.326909676203795 27.479717089234637 0.0 1.0 1.0 1 0 0 0.0 1.0 0
cell 26.757497700702725 25.45361618337681 0.0 1.6431676725154984 0.6085806194501846 1 0 0 0.8375000397997431 -0.5464372638605723 4.297801237052544
cell 36.42048426577948 45.66914108245857 0.0 1.0 1.0 1 0 0 0.0 1.0 0
cell 32.98722085529129 21.950721257037603 0.0 1.6431676725154984 0.6085806194501846 1 0 0 0.7137681470793328 0.7003820616027626 1.5897273931139875
cell 8.36990093492919 32.35244865470157 0.0 1.6431676725154984 0.6085806194501846 1 0 0 0.9996202410269281 -0.027556736549636595 3.1967131043609935
cell 15.684489967283133 40.381976620818826 0.0 1.0 1.0 1 0 0 0.0 1.0 0
cell 22.532603246893444 7.335343958949076 0.0 1.6431676725154984 0.6085806194501846 1 0 0 0.7413319791107565 -0.6711385078713102 4.61307961707916
cell 11.235444091387746 39.652361674808795 0.0 1.6431676725154984 0.6085806194501846 1 0 0 -0.3498501244768952 0.9368056844423506 5.5683630808702835
cell 18.452117288459124 37.880014508763715 0.0 1.0 1.0 1 0 0 0.0 1.0 0
cell 60.65576966864722 50.93206960740643 0.0 1.6431676725154984 0.6085806194501846 1 0 0 0.7871703357513586 0.6167356504314416 1.8124146723657564
cell 4.293331232880065 53.30598121886148 0.0 1.6431676725154984 0.6085806194501846 1 0 0 0.8249126149884662 0.5652602742391247 1.940095179927263
cell 41.91067250490414 27.704718993302567 0.0 1.0 1.0 1 0 0 0.0 1.0 0
cell 55.73046348252176 16.306794671016764 0.0 1.0 1.0 1 0 0 0.0 1.0 0
cell 7.10942919383699 13.21105105391192 0.0 1.0 1.0 1 0 0 0.0 1.0 0
cell 12.425590585169086 51.352233483175574 0.0 1.0 1.0 1 0 0 0.0 1.0 0
cell 31.974254181048828 10.205166606357874 0.0 1.0 1.0 1 0 0 0.0 1.0 0
cell 22.930774247894743 27.548879916608335 0.0 1.0 1.0 1 0 0 0.0 1.0 0
cell 13.555253524331231 28.694415643219987 0.0 1.0 1.0 1 0 0 0.0 1.0 0
cell 8.306934727911969 52.88240331975214 0.0 1.0 1.0 1 0 0 0.0 1.0 0
cell 31.10009050368977 50.703391542903034 0.0 1.0 1.0 1 0 0 0.0 1.0 0
cell 34.69280582153333 6.584863593421742 0.0 1.6431676725154984 0.6085806194501846 1 0 0 0.9871982019028269 0.15949830770207343 2.821227785756247
cell 3.9070224196982095 5.178972997770378 0.0 1.6431676725154984 0.6085806194501846 1 0 0 0.6729131300280812 -0.7397215147849971 4.806905481542302
cell 1.9777613816122748 1.6641656195605556 0.0 1.6431676725154984 0.6085806194501846 1 0 0 0.5290873339566466 0.8485673768456149 1.115049333506142
cell 3.1031555407999596 0.6080690046658166 0.0 1.0 1.0 1 0 0 0.0 1.0 0
cell 53.921113367854836 6.614138425221628 0.0 1.6431676725154984 0.6085806194501846 1 0 0 0.8533508931483225 0.5213369861835628 2.04475875224642
cell 55.80236976415427 1.0884134127084217 0.0 1.6431676725154984 0.6085806194501846 1 0 0 -0.5527150352925863 -0.8333703197027809 1.1712372584442967
cell 24.155879148513247 26.223438842327212 0.0 1.0 1.0 1 0 0 0.0 1.0 0
cell 2.9072899804656895 10.96152296230844 0.0 1.6431676725154984 0.6085806194501846 1 0 0 0.5964715426126553 -0.8026342248205462 5.004989719656291
cell 46.90082687312728 13.489685697036451 0.0 1.0 1.0 1 0 0 0.0 1.0 0
cell 20.335014664859795 46.81292026976499 0.0 1.0 1.0 1 0 0 0.0 1.0 0
cell 55.8215350869418 29.75318742851963 0.0 1.0 1.0 1 0 0 0.0 1.0 0
cell 22.183378870475863 25.858058901763513 0.0 1.0 1.0 1 0 0 0.0 1.0 0
cell 60.89692057923153 55.42823517322484 0.0 1.6431676725154984 0.6085806194501846 1 0 0 -0.4831456565116671 -0.8755399902882279 1.0084879686685397
cell 57.95909933479926 23.039768167479505 0.0 1.0 1.0 1 0 0 0.0 1.0 0
cell 20.608715532962297 58.31804042512641 0.0 1.6431676725154984 0.6085806194501846 1 0 0 0.9944597867230628 -0.10511770826421457 3.352217182242561
cell 18.861432674992802 22.25623274306466 0.0 1.0 1.0 1 0 0 0.0 1.0 0
cell 37.542141137466096 40.47582085815287 0.0 1.6431676725154984 0.6085806194501846 1 0 0 -0.1768399877860644 0.9842396144841076 5.927635494279441
cell 7.179865380483366 37.49115170174021 0.0 1.6431676725154984 0.6085806194501846 1 0 0 0.6344481328984172 0.772965436912746 1.3745886995034204
cell 10.39954145684064 57.40538397926474 0.0 1.0 1.0 1 0 0 0.0 1.0 0
cell 2.5704788664508773 38.40630821822941 0.0 1.6431676725154984 0.6085806194501846 1 0 0 -0.41248302865728115 -0.9109652853263491 0.8503561944140623
cell 41.840102168328 38.799824086752075 0.0 1.0 1.0 1 0 0 0.0 1.0 0
cell 30.24982926434615 32.60452952550249 0.0 1.6431676725154984 0.6085806194501846 1 0 0 0.879402455527985 -0.47607911234515465 4.133974097530823
cell 1.453057654719896 29.283035866657706 0.0 1.0 1.0 1 0 0 0.0 1.0 0
cell 11.838941925871856 61.060201678961384 0.0 1.0 1.0 1 0 0 0.0 1.0 0
cell 30.601159922766417 8.704702953519583 0.0 1.0 1.0 1 0 0 0.0 1.0 0
cell 51.73602601384018 21.865118016774616 0.0 1.0 1.0 1 0 0 0.0 1.0 0
cell 33.631250624969326 52.984763757135084 0.0 1.0 1.0 1 0 0 0.0 1.0 0
cell 48.909564793898696 26.29274187139851 0.0 1.6431676725154984 0.6085806194501846 1 0 0 -0.08921965705058711 0.9960119742230892 6.104508407174281
cell 0.7353430045738698 58.34640140618694 0.0 1.6431676725154984 0.6085806194501846 1 0 0 -0.5844127666347523 -0.8114565411618262 1.2483123817303508
cell 29.2324046673223 18.93560628735592 0.0 1.0 1.0 1 0 0 0.0 1.0 0
cell 0.1753823477862718 24.42098610242271 0.0 1.0 1.0 1 0 0 0.0 1.0 0
cell 6.9380815290963325 0.34741164067690905 0.0 1.0 1.0 1 0 0 0.0 1.0 0
cell 54.250311084415856 29.02933178271377 0.0 1.0 1.0 1 0 0 0.0 1.0 0
cell 30.370406835508764 3.4133593764799017 0.0 1.0 1.0 1 0 0 0.0 1.0 0
cell 21.364980798307407 56.59448484956046 0.0 1.0 1.0 1 0 0 0.0 1.0 0
cell 32.56283828826734 58.1025271681688 0.0 1.0 1.0 1 0 0 0.0 1.0 0
cell 8.619001161612326 25.757128668410445 0.0 1.0 1.0 1 0 0 0.0 1.0 0
cell 35.06051431687682 46.871261941985466 0.0 1.0 1.0 1 0 0 0.0 1.0 0
cell 12.468872161866683 44.358899531300054 0.0 1.6431676725154984 0.6085806194501846 1 0 0 0.8474327395922572 -0.5309027706342863 4.260923675444105
cell 6.485278919709191 20.628030621783495 0.0 1.0 1.0 1 0 0 0.0 1.0 0
cell 42.74424914402044 25.90004704411896 0.0 1.0 1.0 1 0 0 0.0 1.0 0
cell 3.297828209811858 14.24256124560962 0.0 1.0 1.0 1 0 0 0.0 1.0 0
cell 3.928747055860515 42.51075564998285 0.0 1.6431676725154984 0.6085806194501846 1 0 0 0.7962688288054174 0.6049429330712517 1.8422042584785798
cell 24.800238184496607 58.2676659164888 0.0 1.0 1.0 1 0 0 0.0 1.0 0
cell 24.18001605172833 54.32021630112047 0.0 1.0 1.0 1 0 0 0.0 1.0 0
cell 22.3704149469526 12.995141262081454 0.0 1.0 1.0 1 0 0 0.0 1.0 0
cell 38.32208595489095 59.85902900833511 0.0 1.0 1.0 1 0 0 0.0 1.0 0
cell 1.619781386899631 33.14422645916776 0.0 1.0 1.0 1 0 0 0.0 1.0 0
cell 27.594564914592258 60.718615693134545 0.0 1.0 1.0 1 0 0 0.0 1.0 0
cell 6.099594067031325 45.92727792644464 0.0 1.6431676725154984 0.6085806194501846 1 0 0 0.9324815945659527 0.36121749098810013 2.4024462337335795
cell 20.730063501693312 22.300888314927306 0.0 1.0 1.0 1 0 0 0.0 1.0 0
cell 9.030605408829476 23.656376865339855 0.0 1.0 1.0 1 0 0 0.0 1.0 0
cell 43.91855594760918 15.114104613942768 0.0 1.6431676725154984 0.6085806194501846 1 0 0 0.7315681520545467 -0.681768317611999 4.6419468158086605
cell 37.954339685050165 24.5805158937684 0.0 1.6431676725154984 0.6085806194501846 1 0 0 0.8223008385366986 0.5690530124178611 1.9308851252907389
cell 28.381917236935546 57.79948627642518 0.0 1.0 1.0 1 0 0 0.0 1.0 0
cell 59.592448922191 26.832110683514447 0.0 1.0 1.0 1 0 0 0.0 1.0 0
cell 34.9640552340313 30.193405743837843 0.0 1.6431676725154984 0.6085806194501846 1 0 0 0.6078605164400995 0.7940438228165846 1.3067267762593375
cell 6.945843353999959 34.85068506786608 0.0 1.6431676725154984 0.6085806194501846 1 0 0 0.9178998718773188 -0.39681207795076207 3.957674987779957
cell 15.34594240327017 27.81738461092763 0.0 1.0 1.0 1 0 0 0.0 1.0 0
cell 32.46163683542291 47.93082583975564 0.0 1.6431676725154984 0.6085806194501846 1 0 0 0.8147162676658766 -0.5798598134037086 4.378705877863501
cell 48.711646664256435 20.060810579187677 0.0 1.0 1.0 1 0 0 0.0 1.0 0
cell 26.93200830479793 49.51413716201512 0.0 1.0 1.0 1 0 0 0.0 1.0 0
cell 56.250651000600456 31.688662039022038 0.0 1.0 1.0 1 0 0 0.0 1.0 0
cell 43.23211288214679 45.39132842495898 0.0 1.6431676725154984 0.6085806194501846 1 0 0 0.11104589890097853 -0.9938152787803545 6.060634515057692
cell 31.405955827268123 39.09162859087328 0.0 1.0 1.0 1 0 0 0.0 1.0 0
cell 33.57020726221954 2.7324916210814707 0.0 1.0 1.0 1 0 0 0.0 1.0 0
cell 35.01160304335478 53.94576193135069 0.0 1.0 1.0 1 0 0 0.0 1.0 0
cell 37.62189993059867 27.785998808212984 0.0 1.6431676725154984 0.6085806194501846 1 0 0 0.6916805533996103 0.7222035807504756 1.5276268955227323
cell 26.706169907448217 55.87289200319193 0.0 1.0 1.0 1 0 0 0.0 1.0 0
cell 44.763072476901485 5.928803387370669 0.0 1.0 1.0 1 0 0 0.0 1.0 0
cell 38.588914602230716 17.14805936464225 0.0 1.0 1.0 1 0 0 0.0 1.0 0
cell 31.963948992242322 31.495703361524257 0.0 1.6431676725154984 0.6085806194501846 1 0 0 0.35812527235441116 0.9336735453578402 0.7325184268507198
cell 8.388432840102144 20.14975877977608 0.0 1.0 1.0 1 0 0 0.0 1.0 0
cell 49.118952782529476 29.173424931842067 0.0 1.0 1.0 1 0 0 0.0 1.0 0
cell 26.87980847077908 21.80582794543749 0.0 1.6431676725154984 0.6085806194501846 1 0 0 0.0007685897068381109 0.9999997046348876 0.0015371795650192964
cell 33.5596313272081 18.770524206681483 0.0 1.6431676725154984 0.6085806194501846 1 0 0 0.837095445098204 0.5470568670584802 1.9839040633427876
cell 30.164821882779535 1.3654838264831242 0.0 1.0 1.0 1 0 0 0.0 1.0 0
cell 1.972893556206037 23.483842958135476 0.0 1.0 1.0 1 0 0 0.0 1.0 0
cell 35.513354793305 1.0482046646126546 0.0 1.0 1.0 1 0 0 0.0 1.0 0
cell 18.99616868613745 27.342147651880598 0.0 1.0 1.0 1 0 0 0.0 1.0 0
cell 3.26497863829681 58.144818209020585 0.0 1.6431676725154984 0.6085806194501846 1 0 0 0.8608166105022618 0.5089152808507497 2.073744222767816
cell 39.34330796521031 33.84228446702786 0.0 1.6431676725154984 0.6085806194501846 1 0 0 0.5283106159776186 0.849051172218347 1.1132191981668278
cell 4.251578491990591 48.446123577727946 0.0 1.6431676725154984 0.6085806194501846 1 0 0 0.8128077761198073 0.582531989747493 1.8979119713351322
cell 59.262908605869285 19.81257879526782 0.0 1.0 1.0 1 0 0 0.0 1.0 0
cell 17.054169186066126 3.0832178731973845 0.0 1.6431676725154984 0.6085806194501846 1 0 0 0.2936460759523545 -0.95591421271879 5.687107618588544
cell 58.73265316284509 0.658077060505511 0.0 1.6431676725154984 0.6085806194501846 1 0 0 0.6570025435004295 -0.7538883589988415 4.849513621814915
cell 36.193591556618195 22.784794355463617 0.0 1.0 1.0 1 0 0 0.0 1.0 0
cell 26.42721277692115 33.86725537095181 0.0 1.0 1.0 1 0 0 0.0 1.0 0
cell 57.23181558987149 17.10393385640542 0.0 1.0 1.0 1 0 0 0.0 1.0 0
cell 16.602937017656657 24.54837269272626 0.0 1.6431676725154984 0.6085806194501846 1 0 0 0.996199090806834 0.08710551920307542 2.967160558948761
cell 42.2046829574321 59.25464820536079 0.0 1.0 1.0 1 0 0 0.0 1.0 0
cell 23.361633061305987 14.738515568281922 0.0 1.0 1.0 1 0 0 0.0 1.0 0
cell 53.6754359865686 56.599021861960615 0.0 1.6431676725154984 0.6085806194501846 1 0 0 0.9610680851182695 -0.2763116641893765 3.7015011207113004
cell 2.029366441800915 31.166040400947846 0.0 1.0 1.0 1 0 0 0.0 1.0 0
cell 43.85295474342644 22.45866253345793 0.0 1.6431676725154984 0.6085806194501846 1 0 0 0.9361563522935529 -0.351583964452916 3.86011776217164
cell 44.17736945646693 34.55333816392656 0.0 1.0 1.0 1 0 0 0.0 1.0 0
cell 25.008821196964803 32.51502805801568 0.0 1.0 1.0 1 0 0 0.0 1.0 0
cell 1.3583434287405611 14.770871237317147 0.0 1.0 1.0 1 0 0 0.0 1.0 0
cell 5.74587397160609 55.6677040118543 0.0 1.0 1.0 1 0 0 0.0 1.0 0
cell 35.40528913463782 50.985964374876254 0.0 1.6431676725154984 0.6085806194501846 1 0 0 0.9839603397168865 -0.17838735903709518 3.5002872098457627
cell 58.98677669278076 25.232391229150572 0.0 1.6431676725154984 0.6085806194501846 1 0 0 -0.006162622778477215 0.9999810108599514 6.270859983606768
cell 27.539557861382598 29.38419771306904 0.0 1.0 1.0 1 0 0 0.0 1.0 0
cell 50.82827821235323 23.36129101204883 0.0 1.0 1.0 1 0 0 0.0 1.0 0
cell 13.680051375660996 21.420832297414627 0.0 1.0 1.0 1 0 0 0.0 1.0 0
cell 13.880443788645245 43.11751449567302 0.0 1.6431676725154984 0.6085806194501846 1 0 0 0.7835119230203026 -0.6213767508404442 4.482589923854541
cell 53.35425327135666 9.047287008321137 0.0 1.6431676725154984 0.6085806194501846 1 0 0 0.900166560830973 0.4355458216556991 2.240303565238984
cell 12.002834238595833 48.69343962344115 0.0 1.6431676725154984 0.6085806194501846 1 0 0 0.8045517164769439 -0.5938825940486917 4.413344814106618
cell 26.577971543200793 18.521197202675353 0.0 1.0 1.0 1 0 0 0.0 1.0 0
cell 59.22297624981943 54.02201681045171 0.0 1.6431676725154984 0.6085806194501846 1 0 0 -0.6614980745202733 -0.7499468630549574 1.445629159329199
cell 20.817097354018017 50.71157757888416 0.0 1.0 1.0 1 0 0 0.0 1.0 0
cell 6.107967589557244 29.056944871462548 0.0 1.0 1.0 1 0 0 0.0 1.0 0
cell 28.53498871433867 20.654513694960684 0.0 1.0 1.0 1 0 0 0.0 1.0 0
cell 60.739864615498796 7.68264199516903 0.0 1.6431676725154984 0.6085806194501846 1 0 0 0.19477308128298246 -0.9808483301752278 5.891133116375613
cell 41.23090738975384 24.75190681834968 0.0 1.6431676725154984 0.6085806194501846 1 0 0 0.9928274278942308 0.11955625630190082 2.901906811837712
cell 22.35010334141513 10.942751067455804 0.0 1.0 1.0 1 0 0 0.0 1.0 0
cell 28.417356283957453 50.06622279352168 0.0 1.6431676725154984 0.6085806194501846 1 0 0 0.7328329877359521 0.6804085626195469 1.6449526501890743
cell 12.86554429406606 7.019671155258918 0.0 1.6431676725154984 0.6085806194501846 1 0 0 -0.4222288190059619 0.9064892853204779 5.411380000153496
cell 28.63722975701393 26.5504399402647 0.0 1.0 1.0 1 0 0 0.0 1.0 0
cell 9.656966518657551 53.968147029394096 0.0 1.6431676725154984 0.6085806194501846 1 0 0 0.7888825443120995 -0.6145440027204467 4.46520826739324
cell 16.72313316457162 32.35944828678875 0.0 1.0 1.0 1 0 0 0.0 1.0 0
cell 7.217980872763381 23.970459153697036 0.0 1.0 1.0 1 0 0 0.0 1.0 0
cell 50.26085404651201 4.20635054713573 0.0 1.6431676725154984 0.6085806194501846 1 0 0 0.9915494828504481 -0.1297290370696128 3.4017840587745285
cell 8.529484519532229 41.46370569027217 0.0 1.6431676725154984 0.6085806194501846 1 0 0 0.7980895255597401 0.6025388860412488 1.8482356383160583
cell 45.034758527977424 36.36299301979157 0.0 1.0 1.0 1 0 0 0.0 1.0 0
cell 47.93028731429381 39.18006042506428 0.0 1.6431676725154984 0.6085806194501846 1 0 0 0.45005544783742 -0.8930006124700359 5.349530447826562
cell 58.81073567777035 17.98080569312877 0.0 1.0 1.0 1 0 0 0.0 1.0 0
cell 23.539859798100284 16.75703126253488 0.0 1.0 1.0 1 0 0 0.0 1.0 0
cell 45.099969418335455 54.77624473713768 0.0 1.6431676725154984 0.6085806194501846 1 0 0 0.9770107762739012 -0.21318992247446616 3.57127022398871
cell 32.74236250932078 37.505496358325196 0.0 1.0 1.0 1 0 0 0.0 1.0 0
cell 38.67213851562517 10.927294033083802 0.0 1.6431676725154984 0.6085806194501846 1 0 0 0.7165047367325986 -0.6975822261495411 4.685627710728651
cell 28.587519330952073 16.28833703804509 0.0 1.6431676725154984 0.6085806194501846 1 0 0 0.8828539269995059 -0.4696476802684657 4.119375986638667
cell 46.39200000126098 31.771131176414176 0.0 1.6431676725154984 0.6085806194501846 1 0 0 0.03049244856268221 -0.9995349971765132 6.2221909555792045
cell 51.17184683891543 16.15851481969879 0.0 1.6431676725154984 0.6085806194501846 1 0 0 0.6010235809232816 0.7992312901620879 1.2895623995685135
cell 17.286307173257143 57.46127556540162 0.0 1.6431676725154984 0.6085806194501846 1 0 0 0.9769486588789733 -0.21347439639117227 3.5718525777665384
cell 38.8587276902412 25.256408340357112 0.0 1.6431676725154984 0.6085806194501846 1 0 0 0.8560145260565276 0.5169517687175647 2.0550203564572165
cell 24.653752362282983 34.6131902447668 0.0 1.0 1.0 1 0 0 0.0 1.0 0
cell 36.642044754258734 52.29355569896279 0.0 1.6431676725154984 0.6085806194501846 1 0 0 0.9818273070017391 -0.18977655077936456 3.523461766528236
cell 13.973733744886314 8.170203549056641 0.0 1.6431676725154984 0.6085806194501846 1 0 0 0.6767916118254562 -0.7361746492257806 4.7963939754783285
cell 32.43619599090424 14.193084831653444 0.0 1.6431676725154984 0.6085806194501846 1 0 0 0.7062224057389332 0.7079900519303315 1.5682964969266353
cell 12.853998713374322 17.50492550680319 0.0 1.0 1.0 1 0 0 0.0 1.0 0
cell 30.912971145902073 60.862393458045496 0.0 1.0 1.0 1 0 0 0.0 1.0 0
cell 52.40604549635949 17.00863042492277 0.0 1.6431676725154984 0.6085806194501846 1 0 0 0.7019717551458631 0.712204784438743 1.556324511698329
cell 5.41345405959999 27.426702845206936 0.0 1.0 1.0 1 0 0 0.0 1.0 0
cell 39.475153860055926 31.56888671054691 0.0 1.6431676725154984 0.6085806194501846 1 0 0 0.6016822950909891 0.798735510525255 1.2912112802088709
cell 18.21103055928798 16.804703740139583 0.0 1.0 1.0 1 0 0 0.0 1.0 0
cell 53.93401658607767 39.23446513437873 0.0 1.0 1.0 1 0 0 0.0 1.0 0
cell 38.284124920829825 55.013685264449705 0.0 1.6431676725154984 0.6085806194501846 1 0 0 0.9211381964847395 -0.3892356907798173 3.941196059064776
cell 3.674094296927445 47.00211309223038 0.0 1.6431676725154984 0.6085806194501846 1 0 0 0.7814649151156421 0.6239491857862324 1.794020378337711
cell 35.122470110357646 21.340264239695756 0.0 1.6431676725154984 0.6085806194501846 1 0 0 0.7944541597905813 0.6073241210354168 1.8362165756383377
cell 12.654496989048804 15.470785192769059 0.0 1.0 1.0 1 0 0 0.0 1.0 0
cell 0.7481495836460029 10.002268984711485 0.0 1.6431676725154984 0.6085806194501846 1 0 0 0.9101301779806865 -0.4143224096387304 3.9959890104072207
cell 51.74124797934738 14.526163077475402 0.0 1.6431676725154984 0.6085806194501846 1 0 0 0.6433300982019766 0.7655889136785061 1.3976801596997308
cell 46.74905634000402 36.8043870591382 0.0 1.0 1.0 1 0 0 0.0 1.0 0
cell 23.022277841156743 55.78614176137522 0.0 1.0 1.0 1 0 0 0.0 1.0 0
cell 5.294509477453067 14.004842873848647 0.0 1.0 1.0 1 0 0 0.0 1.0 0
cell 36.91429149203351 56.53209159990615 0.0 1.0 1.0 1 0 0 0.0 1.0 0
cell 46.696695206371025 0.19000057406645487 0.0 1.6431676725154984 0.6085806194501846 1 0 0 0.9804157902093594 -0.19693876791570858 3.5380617625028434
cell 51.90041362634216 43.362315938467624 0.0 1.6431676725154984 0.6085806194501846 1 0 0 0.5262843517213941 0.8503086387501846 1.108449723726229
cell 48.361715825720054 2.900422320256968 0.0 1.6431676725154984 0.6085806194501846 1 0 0 0.995874733199518 -0.09073872257635526 3.3233200588785805
cell 50.074190916408234 24.852723620717708 0.0 1.0 1.0 1 0 0 0.0 1.0 0
cell 49.82433034387957 36.85609564375913 0.0 1.6431676725154984 0.6085806194501846 1 0 0 0.5267692519440283 -0.8500083265511749 5.173594854473093
cell 47.53011332059475 48.60191892570165 0.0 1.6431676725154984 0.6085806194501846 1 0 0 0.6338680778392353 0.7734411806313348 1.3730883049101827
cell 49.93030522347401 32.724890492201475 0.0 1.6431676725154984 0.6085806194501846 1 0 0 -0.1497007412555223 0.9887313528292441 5.982654114345041
cell 60.94607693438862 29.92932215282859 0.0 1.0 1.0 1 0 0 0.0 1.0 0
cell 16.752597936292425 34.394837536561624 0.0 1.0 1.0 1 0 0 0.0 1.0 0
cell 16.16611419187661 56.10902632435413 0.0 1.6431676725154984 0.6085806194501846 1 0 0 0.9769242316263983 -0.21358615512521248 3.5720813720437126
cell 30.19258137939331 21.465592708765403 0.0 1.0 1.0 1 0 0 0.0 1.0 0
cell 13.21267334236636 32.42348714067396 0.0 1.0 1.0 1 0 0 0.0 1.0 0
cell 46.25081723780521 25.691514952513927 0.0 1.0 1.0 1 0 0 0.0 1.0 0
cell 15.805123890912547 7.907804801812483 0.0 1.6431676725154984 0.6085806194501846 1 0 0 0.6961455822838709 -0.7179006395502446 4.743156490979441
cell 54.78298660288182 58.797639886276414 0.0 1.6431676725154984 0.6085806194501846 1 0 0 0.9050277750635317 -0.4253524730897347 4.020295275703264
cell 11.149290748197652 37.38505944042265 0.0 1.6431676725154984 0.6085806194501846 1 0 0 0.8897672483779642 -0.4564145524782335 4.089515388892153
cell 48.8683384252833 13.705236692940032 0.0 1.0 1.0 1 0 0 0.0 1.0 0
cell 51.89268824695489 31.20938208658844 0.0 1.6431676725154984 0.6085806194501846 1 0 0 0.6750368416316797 -0.7377840215401298 4.801156034006979
cell 30.163958383249618 43.58191105789601 0.0 1.0 1.0 1 0 0 0.0 1.0 0
cell 54.99470874766753 12.896183918082809 0.0 1.0 1.0 1 0 0 0.0 1.0 0
cell 21.49973730400075 4.555212849644293 0.0 1.6431676725154984 0.6085806194501846 1 0 0 0.775204081160825 -0.6317108773415265 4.5091091231527844
cell 2.0087093327256165 36.1478252946447 0.0 1.6431676725154984 0.6085806194501846 1 0 0 -0.4702561229180674 -0.8825299875120773 0.9791619399807923
cell 43.91229299524178 56.61654554814336 0.0 1.6431676725154984 0.6085806194501846 1 0 0 0.9720545162040107 -0.2347552289670811 3.615526158604758
cell 37.88957638555374 42.05955094388082 0.0 1.0 1.0 1 0 0 0.0 1.0 0
cell 32.2030819508157 29.873090236381028 0.0 1.6431676725154984 0.6085806194501846 1 0 0 0.5149670294905736 0.8572099850897997 1.0819383724456813
cell 37.724659852492266 8.964048890942438 0.0 1.6431676725154984 0.6085806194501846 1 0 0 0.6752033612902703 -0.7376316295430401 4.800704582491574
cell 31.896123120917306 35.56663229729805 0.0 1.0 1.0 1 0 0 0.0 1.0 0
cell 24.96075340674084 49.08045481377564 0.0 1.0 1.0 1 0 0 0.0 1.0 0
cell 24.884826182174866 0.5026323783542377 0.0 1.0 1.0 1 0 0 0.0 1.0 0
cell 12.345396717474248 46.659291519261735 0.0 1.0 1.0 1 0 0 0.0 1.0 0
cell 6.627454608945515 25.80726161004108 0.0 1.0 1.0 1 0 0 0.0 1.0 0
cell 26.541904983622725 44.483034106063656 0.0 1.0 1.0 1 0 0 0.0 1.0 0
cell 21.14993866583269 14.601158504312775 0.0 1.0 1.0 1 0 0 0.0 1.0 0
cell 58.73903516202735 59.45651797854861 0.0 1.6431676725154984 0.6085806194501846 1 0 0 0.9731625231925776 -0.23011888982318687 3.6059923528225624
cell 31.257103968543746 12.105009043080702 0.0 1.0 1.0 1 0 0 0.0 1.0 0
cell 22.29258909909448 29.205472663964116 0.0 1.0 1.0 1 0 0 0.0 1.0 0
cell 28.675852728434865 22.744890342094937 0.0 1.0 1.0 1 0 0 0.0 1.0 0
cell 31.90468818684235 54.04146822740153 0.0 1.0 1.0 1 0 0 0.0 1.0 0
cell 32.43627973899669 44.34770591505893 0.0 1.0 1.0 1 0 0 0.0 1.0 0
cell 54.605431609700545 21.021359348357333 0.0 1.6431676725154984 0.6085806194501846 1 0 0 0.4576102345144216 0.889152896451255 0.9506112918620353
cell 11.887356452094728 1.9089989956267126 0.0 1.0 1.0 1 0 0 0.0 1.0 0
cell 21.31518702139981 32.87864628373102 0.0 1.0 1.0 1 0 0 0.0 1.0 0
cell 56.66682129369758 24.274993972005703 0.0 1.0 1.0 1 0 0 0.0 1.0 0
cell 16.571962856450746 5.671277694375728 0.0 1.6431676725154984 0.6085806194501846 1 0 0 0.7393391206919534 -0.6733332493011533 4.619008657830434
cell 57.734756181940384 21.0463102744845 0.0 1.0 1.0 1 0 0 0.0 1.0 0
cell 27.239794884060057 3.008248771749418 0.0 1.0 1.0 1 0 0 0.0 1.0 0
cell 34.56787580664481 60.456427120253785 0.0 1.0 1.0 1 0 0 0.0 1.0 0
cell 4.540264989760904 15.807000403835865 0.0 1.0 1.0 1 0 0 0.0 1.0 0
cell 20.61470801495382 10.962112535023314 0.0 1.6431676725154984 0.6085806194501846 1 0 0 0.47522957235716956 0.8798618377661471 0.9904498639614
cell 6.805998992595408 52.511485909585886 0.0 1.0 1.0 1 0 0 0.0 1.0 0
cell 43.74741560301707 49.20737892394297 0.0 1.0 1.0 1 0 0 0.0 1.0 0
cell 34.90257684249755 48.11426905203259 0.0 1.6431676725154984 0.6085806194501846 1 0 0 0.999988171550017 -0.0048638215483257875 3.1513203350409396
cell 27.25024328209548 41.557466880994916 0.0 1.0 1.0 1 0 0 0.0 1.0 0
cell 43.330727213587295 54.92092838934373 0.0 1.6431676725154984 0.6085806194501846 1 0 0 0.9446861924422694 -0.32797560550889704 3.8099123491321736
cell 57.7106211009589 26.71965621424302 0.0 1.0 1.0 1 0 0 0.0 1.0 0
cell 17.145018268147325 22.933560880314072 0.0 1.0 1.0 1 0 0 0.0 1.0 0
cell 51.40561840399198 26.347153459774447 0.0 1.0 1.0 1 0 0 0.0 1.0 0
cell 34.16581591712884 45.432159326721326 0.0 1.0 1.0 1 0 0 0.0 1.0 0
cell 57.155453166216745 34.93331061033555 0.0 1.0 1.0 1 0 0 0.0 1.0 0
cell 5.740888392247841 35.48519490798676 0.0 1.6431676725154984 0.6085806194501846 1 0 0 0.5820503180831417 0.8131527699143093 1.2424957293935694
cell 60.393028173528684 56.88657408427968 0.0 1.6431676725154984 0.6085806194501846 1 0 0 -0.5392028684911663 -0.8421759119156152 1.1389806160590297
cell 11.7753174389656 58.45735124773596 0.0 1.0 1.0 1 0 0 0.0 1.0 0
cell 5.833263542047192 47.46264334529773 0.0 1.6431676725154984 0.6085806194501846 1 0 0 0.9192343586545383 0.3937107997870769 2.3322627388281973
cell 18.899632047960285 2.8613328081147547 0.0 1.0 1.0 1 0 0 0.0 1.0 0
cell 3.6703170841917925 37.14150168104394 0.0 1.6431676725154984 0.6085806194501846 1 0 0 0.67056061589601 0.7418547434701511 1.4699284491438465
cell 41.22018338190428 22.526883512514615 0.0 1.6431676725154984 0.6085806194501846 1 0 0 0.9410869852731774 0.3381645844103762 2.4516608577718895
cell 32.36603215960732 40.85140398209847 0.0 1.0 1.0 1 0 0 0.0 1.0 0
cell 34.873459078504006 15.776023088425935 0.0 1.6431676725154984 0.6085806194501846 1 0 0 0.8550094775318214 0.5186123729055852 2.0511382281804758
cell 46.92086473188519 6.275751842339437 0.0 1.0 1.0 1 0 0 0.0 1.0 0
cell 28.933479561500423 32.75035727196473 0.0 1.6431676725154984 0.6085806194501846 1 0 0 0.9051232865822126 -0.4251491927389888 4.019846074851029
cell 9.209341437872943 46.184415637306685 0.0 1.6431676725154984 0.6085806194501846 1 0 0 0.6036659020242797 -0.7972374042487047 4.987002499212237
cell 27.261109592365358 16.681195154299914 0.0 1.6431676725154984 0.6085806194501846 1 0 0 0.8605806954333614 -0.509314113929147 4.210367850289434
cell 7.599783525502539 58.925504386271676 0.0 1.0 1.0 1 0 0 0.0 1.0 0
cell 15.492982400879292 25.995165453651957 0.0 1.0 1.0 1 0 0 0.0 1.0 0
cell 14.280078727764197 57.03726335613212 0.0 1.6431676725154984 0.6085806194501846 1 0 0 0.8412566363404246 -0.5406359882704763 4.283978501262263
cell 43.05475625449998 52.363521042027614 0.0 1.6431676725154984 0.6085806194501846 1 0 0 0.961078390105132 -0.2762758188349602 3.701426526282886
cell 23.168581344412303 5.089449201961857 0.0 1.6431676725154984 0.6085806194501846 1 0 0 0.9077079172028799 -0.4196025941855098 4.007607580204419
cell 55.64987374018706 56.25519818548446 0.0 1.6431676725154984 0.6085806194501846 1 0 0 0.9900160540158393 -0.1409546479932704 3.4244439014721895
cell 4.81491431306308 36.440435508414026 0.0 1.6431676725154984 0.6085806194501846 1 0 0 0.5558606067891092 0.8312755173948306 1.1787957857476983
cell 6.32949918920548 10.543688940852421 0.0 1.6431676725154984 0.6085806194501846 1 0 0 0.9769390886071725 -0.21351818927526336 3.571942230581323
cell 18.77426900563984 0.17639184478362196 0.0 1.6431676725154984 0.6085806194501846 1 0 0 0.8204903130451775 -0.5716604291002017 4.358648924369792
cell 1.8456899314884803 43.028964464876914 0.0 1.0 1.0 1 0 0 0.0 1.0 0
cell 42.884415881196226 47.403714603146625 0.0 1.0 1.0 1 0 0 0.0 1.0 0
cell 2.446305977944841 4.111282814374587 0.0 1.0 1.0 1 0 0 0.0 1.0 0
cell 26.11450892661244 52.64752069190241 0.0 1.0 1.0 1 0 0 0.0 1.0 0
cell 42.44612637939992 3.099507767650413 0.0 1.0 1.0 1 0 0 0.0 1.0 0
cell 18.671761865896556 29.326643387463026 0.0 1.0 1.0 1 0 0 0.0 1.0 0
cell 40.11231349843761 51.14719212246677 0.0 1.6431676725154984 0.6085806194501846 1 0 0 0.9768331338121234 -0.21400240346030278 3.5729335727031306
cell 15.904449287460919 36.45883866117584 0.0 1.6431676725154984 0.6085806194501846 1 0 0 0.9986564070926138 -0.05182065778115407 3.245280411358328
cell 48.427970816927065 5.012919612904348 0.0 1.0 1.0 1 0 0 0.0 1.0 0
cell 55.68277836633077 18.358984524818105 0.0 1.0 1.0 1 0 0 0.0 1.0 0
cell 33.302736815932725 8.63776701780752 0.0 1.0 1.0 1 0 0 0.0 1.0 0
cell 8.263972545806158 1.2085775868626865 0.0 1.0 1.0 1 0 0 0.0 1.0 0
cell 6.909943110651687 15.234714239246147 0.0 1.0 1.0 1 0 0 0.0 1.0 0
cell 3.0612983062003747 44.90935754445985 0.0 1.6431676725154984 0.6085806194501846 1 0 0 0.6964627807629672 0.717592917336783 1.540912689129876
cell 31.859424712599186 25.10907654881388 0.0 1.6431676725154984 0.6085806194501846 1 0 0 0.5443017612286729 0.8388894997098038 1.151113105528905
cell 20.18289803324458 12.847252409483303 0.0 1.0 1.0 1 0 0 0.0 1.0 0
cell 29.117005533919457 14.17086108786168 0.0 1.6431676725154984 0.6085806194501846 1 0 0 0.9821328719035083 0.1881887933075902 2.762957327451951
cell 32.098224603107134 52.20105075279241 0.0 1.0 1.0 1 0 0 0.0 1.0 0
cell 44.51472856455783 24.62423799233946 0.0 1.0 1.0 1 0 0 0.0 1.0 0
cell 18.049959792070105 4.706741264258481 0.0 1.0 1.0 1 0 0 0.0 1.0 0
cell 22.722922959499062 51.34782704614962 0.0 1.0 1.0 1 0 0 0.0 1.0 0
cell 30.89532820973954 59.115855292334274 0.0 1.0 1.0 1 0 0 0.0 1.0 0
cell 3.8288736907071934 30.840368843375202 0.0 1.0 1.0 1 0 0 0.0 1.0 0
cell 6.790048618438101 44.09671724427054 0.0 1.6431676725154984 0.6085806194501846 1 0 0 0.9143694169717987 0.4048809322586738 2.3078954367012345
cell 4.9952360809764915 45.32751692228752 0.0 1.6431676725154984 0.6085806194501846 1 0 0 0.808726961666161 0.5881842410964611 1.883969060770073
cell 45.4620799887489 30.456240822878744 0.0 1.0 1.0 1 0 0 0.0 1.0 0
cell 15.101387236403 29.68272727741676 0.0 1.0 1.0 1 0 0 0.0 1.0 0
cell 10.507697631609062 46.43112977732715 0.0 1.6431676725154984 0.6085806194501846 1 0 0 0.8329783337848103 -0.5533056076392874 4.314247556104527
cell 32.42277167405065 50.31139538870275 0.0 1.6431676725154984 0.6085806194501846 1 0 0 0.8476453988012744 -0.5305631705000154 4.260122296151823
cell 43.02859918375392 12.818713369961475 0.0 1.6431676725154984 0.6085806194501846 1 0 0 0.6940941143618417 -0.7198842687600908 4.748863788414618
cell 10.229743973062732 52.446184362988994 0.0 1.6431676725154984 0.6085806194501846 1 0 0 0.8012780332033247 -0.5982921640016787 4.424328690499819
cell 2.038193375718233 46.5750343243773 0.0 1.0 1.0 1 0 0 0.0 1.0 0
cell 37.8025673233095 38.58150763880702 0.0 1.6431676725154984 0.6085806194501846 1 0 0 0.3432563410062376 0.9392417603359688 0.7007633999451216
cell 9.602835534570195 36.194377014726314 0.0 1.6431676725154984 0.6085806194501846 1 0 0 0.7164300595261309 -0.697658920825488 4.685841801910117
cell 32.950270883499215 5.703026312879783 0.0 1.0 1.0 1 0 0 0.0 1.0 0
cell 35.86454819778257 33.01950591773506 0.0 1.6431676725154984 0.6085806194501846 1 0 0 0.466968222474598 0.8842740973244181 0.9717182246842468
cell 28.675192592975048 52.7813250853633 0.0 1.0 1.0 1 0 0 0.0 1.0 0
cell 34.21155219460055 4.710544861673921 0.0 1.6431676725154984 0.6085806194501846 1 0 0 0.9560230983869122 -0.2932913830147218 3.7369282824249987
cell 26.491996869420845 47.87474099794841 0.0 1.0 1.0 1 0 0 0.0 1.0 0
cell 7.784412075699787 22.07507889413991 0.0 1.0 1.0 1 0 0 0.0 1.0 0
cell 18.968134801292027 49.91722899078159 0.0 1.0 1.0 1 0 0 0.0 1.0 0
cell 0.7963225483546985 38.33832679037212 0.0 1.6431676725154984 0.6085806194501846 1 0 0 0.2956406177811242 0.9552992332866154 0.6002520859799967
cell 15.02013797989779 33.34980646595711 0.0 1.0 1.0 1 0 0 0.0 1.0 0
cell 44.86026514716223 43.72032470447668 0.0 1.6431676725154984 0.6085806194501846 1 0 0 0.1333797184092654 -0.991065008320375 6.015628522129086
cell 15.086644690890544 38.534432438960486 0.0 1.0 1.0 1 0 0 0.0 1.0 0
cell 4.41290093556393 43.98714660035225 0.0 1.6431676725154984 0.6085806194501846 1 0 0 0.8130214110752603 0.5822337890686117 1.8986456294042233
cell 60.3737853281014 36.41847404995203 0.0 1.6431676725154984 0.6085806194501846 1 0 0 0.129637536801941 0.9915614499625958 0.26000684613442115
cell 54.1896165542325 19.110400899185496 0.0 1.6431676725154984 0.6085806194501846 1 0 0 0.3570114124839487 0.9341000221369314 0.7301329990712454
cell 23.76134455610733 38.191896609284264 0.0 1.0 1.0 1 0 0 0.0 1.0 0
cell 13.055417044635808 59.86211520350152 0.0 1.0 1.0 1 0 0 0.0 1.0 0
cell 4.765429752746241 0.9093174898944725 0.0 1.6431676725154984 0.6085806194501846 1 0 0 0.24391063688238696 -0.9697977114922619 5.790392818053221
cell 59.10859938699049 34.553192370369665 0.0 1.0 1.0 1 0 0 0.0 1.0 0
cell 46.18642612817908 16.965302585154916 0.0 1.0 1.0 1 0 0 0.0 1.0 0
cell 36.803392753787264 29.261604854689125 0.0 1.6431676725154984 0.6085806194501846 1 0 0 0.6765914013153435 0.7363586596667007 1.4862474784446422
cell 51.88746796146409 6.192462480816132 0.0 1.6431676725154984 0.6085806194501846 1 0 0 0.22322402121480342 0.9747671703297629 0.4502414062779747
cell 16.83980044017363 41.91013119140928 0.0 1.0 1.0 1 0 0 0.0 1.0 0
cell 42.61978042155572 10.574607671672466 0.0 1.6431676725154984 0.6085806194501846 1 0 0 0.30426169636162004 -0.952588484145777 5.664858740554233
cell 60.87534767504968 20.645347675994465 0.0 1.0 1.0 1 0 0 0.0 1.0 0
cell 53.0079372396868 45.49355231354971 0.0 1.6431676725154984 0.6085806194501846 1 0 0 0.4662812553658207 -0.8846365303866184 5.313020506537186
cell 45.861199452684836 22.330356665026926 0.0 1.0 1.0 1 0 0 0.0 1.0 0
cell 41.39322568988138 55.86310098402155 0.0 1.6431676725154984 0.6085806194501846 1 0 0 0.938086995241978 -0.3463997536919984 3.8490536758640053
cell 8.892104215365082 27.7803008457685 0.0 1.0 1.0 1 0 0 0.0 1.0 0
cell 47.741083542111326 21.624508264235864 0.0 1.0 1.0 1 0 0 0.0 1.0 0
cell 43.43445399857966 57.81902867171184 0.0 1.6431676725154984 0.6085806194501846 1 0 0 0.9910083915622461 -0.13379973039289003 3.409997060080272
cell 18.76883094174049 41.89554664794722 0.0 1.0 1.0 1 0 0 0.0 1.0 0
cell 27.26629886533568 51.37163920918924 0.0 1.0 1.0 1 0 0 0.0 1.0 0
cell 49.76113852314712 21.740878854806244 0.0 1.0 1.0 1 0 0 0.0 1.0 0
cell 38.29187510370222 13.577507010102691 0.0 1.6431676725154984 0.6085806194501846 1 0 0 0.8228284550346703 -0.568289832378917 4.3504445709355215
cell 38.81182547894769 27.531091044879993 0.0 1.6431676725154984 0.6085806194501846 1 0 0 0.8265671180199042 0.5628381644915967 1.94596169578565
cell 22.954798491354644 40.17764111645304 0.0 1.6431676725154984 0.6085806194501846 1 0 0 0.32412079544852007 -0.9460157028072096 5.6230208998480915
cell 1.594550443408168 44.84828272256146 0.0 1.0 1.0 1 0 0 0.0 1.0 0
cell 14.423640897121253 59.550507669711166 0.0 1.6431676725154984 0.6085806194501846 1 0 0 0.8177418873029573 -0.5755850986172223 4.368231600154068
cell 52.25671811354032 35.55597022116217 0.0 1.6431676725154984 0.6085806194501846 1 0 0 0.5924774450354215 -0.8055870388259105 5.014923898380722
cell 24.826448061593492 47.10320132302284 0.0 1.0 1.0 1 0 0 0.0 1.0 0
cell 25.558666674088617 29.20536532118941 0.0 1.0 1.0 1 0 0 0.0 1.0 0
cell 19.301824738580567 51.85411364853421 0.0 1.0 1.0 1 0 0 0.0 1.0 0
cell 60.70706269681479 11.368717010935919 0.0 1.0 1.0 1 0 0 0.0 1.0 0
cell 12.570275333020247 42.433759636504846 0.0 1.6431676725154984 0.6085806194501846 1 0 0 0.8297532639894414 -0.5581303798386793 4.325854381077307
cell 16.827421343244584 10.934027151422411 0.0 1.0 1.0 1 0 0 0.0 1.0 0
cell 29.97973845851041 49.04325657508182 0.0 1.0 1.0 1 0 0 0.0 1.0 0
cell 34.35144864499918 58.77375959880325 0.0 1.0 1.0 1 0 0 0.0 1.0 0
cell 49.66164868805664 47.83119269313332 0.0 1.6431676725154984 0.6085806194501846 1 0 0 0.3591612865469278 -0.9332755060784332 5.548447185934151
cell 15.255583661001642 5.602383557062979 0.0 1.6431676725154984 0.6085806194501846 1 0 0 0.5758316709392113 -0.8175682765025536 5.0559432399949475
cell 25.950335736312013 11.59762490954122 0.0 1.6431676725154984 0.6085806194501846 1 0 0 0.9390403987996343 -0.34380681991813905 3.843528356414891
cell 24.607787348201647 22.786975181366394 0.0 1.0 1.0 1 0 0 0.0 1.0 0
cell 10.818755411733475 51.38286291591937 0.0 1.6431676725154984 0.6085806194501846 1 0 0 0.8512914500845831 -0.5246931169863847 4.246301817400417
cell 58.91217997515303 28.73934560086981 0.0 1.0 1.0 1 0 0 0.0 1.0 0
cell 8.063829448151214 9.506971006775863 0.0 1.6431676725154984 0.6085806194501846 1 0 0 0.9902292729650746 0.13944886863312994 2.8617830067644094
cell 35.8230590208366 57.69016305197909 0.0 1.0 1.0 1 0 0 0.0 1.0 0
cell 3.241329450382825 41.33992088955605 0.0 1.6431676725154984 0.6085806194501846 1 0 0 0.7572651642538797 0.6531075493420242 1.7182309346793603
cell 8.275814950177722 57.31405880575932 0.0 1.0 1.0 1 0 0 0.0 1.0 0
cell 45.57593859067839 15.045931977258684 0.0 1.0 1.0 1 0 0 0.0 1.0 0
cell 5.847420259129963 22.521088228501533 0.0 1.0 1.0 1 0 0 0.0 1.0 0
cell 33.680823584958375 34.97759768057011 0.0 1.6431676725154984 0.6085806194501846 1 0 0 -0.22965894858525152 -0.9732711684493263 0.4634545013945903
cell 40.37046578993756 29.745504710747323 0.0 1.0 1.0 1 0 0 0.0 1.0 0
cell 50.72501699142648 9.478028091192943 0.0 1.6431676725154984 0.6085806194501846 1 0 0 0.7597799490059373 0.6501803050604774 1.7259492038937052
cell 56.94731889643041 28.405197389311912 0.0 1.0 1.0 1 0 0 0.0 1.0 0
cell 34.13075920420639 20.504615606623698 0.0 1.6431676725154984 0.6085806194501846 1 0 0 0.7695548174423861 0.6385807567968328 1.7562874296216735
cell 15.729724877835855 50.33308630513397 0.0 1.0 1.0 1 0 0 0.0 1.0 0
cell 12.471788677699994 35.290679242025085 0.0 1.6431676725154984 0.6085806194501846 1 0 0 0.9774838039724796 -0.21101045701929336 3.5668098083419375
cell 25.553289921656965 6.806979370711816 0.0 1.6431676725154984 0.6085806194501846 1 0 0 0.9098344920283137 -0.4149713208350432 3.99741521648585
cell 52.99207079464096 28.106271316199862 0.0 1.0 1.0 1 0 0 0.0 1.0 0
cell 4.5218742856630625 21.068672436155975 0.0 1.0 1.0 1 0 0 0.0 1.0 0
cell 20.118506263985704 34.33619088831792 0.0 1.0 1.0 1 0 0 0.0 1.0 0
cell 36.21280684317552 39.37895197374729 0.0 1.6431676725154984 0.6085806194501846 1 0 0 0.999267755703521 -0.038261631058387674 3.2181345990864134
cell 57.23777843277314 54.61308531674806 0.0 1.0 1.0 1 0 0 0.0 1.0 0
cell 51.77604120507723 28.346416657493723 0.0 1.6431676725154984 0.6085806194501846 1 0 0 0.7235005482474735 -0.6903238056778901 4.665465676390713
cell 10.167703253826724 6.540409703569055 0.0 1.6431676725154984 0.6085806194501846 1 0 0 0.9205221326655874 0.39069041871128446 2.3388296478217794
cell 9.255692350908891 50.77377556448737 0.0 1.6431676725154984 0.6085806194501846 1 0 0 0.7187177846470608 -0.6953019099873242 4.679272419588859
cell 3.989716687333293 2.2762068899041767 0.0 1.6431676725154984 0.6085806194501846 1 0 0 0.20614612467585156 -0.9785212186156865 5.867915616282471
cell 29.600591080325273 29.314044426650966 0.0 1.6431676725154984 0.6085806194501846 1 0 0 0.9801750617794794 -0.1981334102709427 3.5404990730843413
cell 35.73813289212305 28.59176130147577 0.0 1.6431676725154984 0.6085806194501846 1 0 0 0.7222795998764819 0.6916011709086886 1.6141855806081786
cell 27.97154189757957 9.771015897112113 0.0 1.6431676725154984 0.6085806194501846 1 0 0 0.984299462485234 -0.17650656687862723 3.496464967306611
cell 24.83699877586858 45.27836529746757 0.0 1.0 1.0 1 0 0 0.0 1.0 0
cell 14.850101354225256 35.11070731253045 0.0 1.0 1.0 1 0 0 0.0 1.0 0
cell 29.20240402255856 34.683010987556116 0.0 1.6431676725154984 0.6085806194501846 1 0 0 0.8946914551151737 -0.44668467641491044 4.067705347289203
cell 0.015493800985878426 53.829261796228025 0.0 1.6431676725154984 0.6085806194501846 1 0 0 0.42702194423757084 0.9042412615776638 0.8823935506381088
cell 28.13514915746383 43.343214196203085 0.0 1.0 1.0 1 0 0 0.0 1.0 0
cell 36.2588027076481 59.21400532764316 0.0 1.0 1.0 1 0 0 0.0 1.0 0
cell 45.75896968260412 0.9458606008599332 0.0 1.6431676725154984 0.6085806194501846 1 0 0 0.9399178995397485 -0.34140055964334215 3.838405818120175
cell 29.215932160866117 59.61368174812179 0.0 1.0 1.0 1 0 0 0.0 1.0 0
cell 17.44802367318772 51.1265253132925 0.0 1.0 1.0 1 0 0 0.0 1.0 0
cell 3.922880770213296 51.57135988292248 0.0 1.6431676725154984 0.6085806194501846 1 0 0 0.8258002312699286 0.5639627452540925 1.9432393457238577
cell 19.57112102425558 8.256518658673071 0.0 1.0 1.0 1 0 0 0.0 1.0 0
cell 22.72422557433754 35.20893936656891 0.0 1.0 1.0 1 0 0 0.0 1.0 0
cell 0.20638336088733192 44.26065639685188 0.0 1.6431676725154984 0.6085806194501846 1 0 0 0.6130601394652415 -0.7900362430919601 4.963328880562168
cell 17.77673256077718 52.92476312358443 0.0 1.0 1.0 1 0 0 0.0 1.0 0
cell 19.331685632539852 20.349860953013316 0.0 1.0 1.0 1 0 0 0.0 1.0 0
cell 52.12250401067076 11.912278050861428 0.0 1.6431676725154984 0.6085806194501846 1 0 0 0.8673403404045823 0.4977155150353095 2.099666889145979
cell 13.969124993684721 24.703219443933367 0.0 1.0 1.0 1 0 0 0.0 1.0 0
cell 46.899674219277955 23.864912489831543 0.0 1.0 1.0 1 0 0 0.0 1.0 0
cell 10.57637603787241 33.6716440219556 0.0 1.0 1.0 1 0 0 0.0 1.0 0
cell 56.729023209191446 57.759913254296805 0.0 1.6431676725154984 0.6085806194501846 1 0 0 0.9872136239810589 -0.15940282502573244 3.461764081179486
cell 1.13365469240469 5.975677605406074 0.0 1.6431676725154984 0.6085806194501846 1 0 0 0.6363485974710593 0.7714016220469178 1.379511010173832
cell 9.448041472548846 18.09831662414742 0.0 1.0 1.0 1 0 0 0.0 1.0 0
cell 19.270924100130415 39.917834458535395 0.0 1.0 1.0 1 0 0 0.0 1.0 0
cell 5.2393114780243755 49.2174773312924 0.0 1.6431676725154984 0.6085806194501846 1 0 0 0.9253622588674092 0.3790840142551594 2.3639801969206973
cell 9.999871840416146 2.851175866088265 0.0 1.6431676725154984 0.6085806194501846 1 0 0 0.398589662900314 -0.917129369625144 5.463228191371043
cell 28.65414336164133 0.7334479923672048 0.0 1.6431676725154984 0.6085806194501846 1 0 0 0.9092138417654506 0.4163294247853617 2.282783685829729
cell 11.743918790862978 21.040215865926434 0.0 1.0 1.0 1 0 0 0.0 1.0 0
cell 2.326616764792087 56.02044322024096 0.0 1.6431676725154984 0.6085806194501846 1 0 0 0.6444087288434798 0.7646812343652292 1.4004996107992624
cell 9.588955313817612 21.745021293101566 0.0 1.0 1.0 1 0 0 0.0 1.0 0
cell 57.00342486489378 12.980872386778783 0.0 1.0 1.0 1 0 0 0.0 1.0 0
cell 32.368288847811286 56.13808713886643 0.0 1.0 1.0 1 0 0 0.0 1.0 0
cell 31.719015293807317 2.054291885316967 0.0 1.0 1.0 1 0 0 0.0 1.0 0
cell 3.8983490380939054 22.936436960569527 0.0 1.0 1.0 1 0 0 0.0 1.0 0
cell 30.929219193081742 55.465389463364225 0.0 1.0 1.0 1 0 0 0.0 1.0 0
cell 45.65209731829388 40.757710427221134 0.0 1.6431676725154984 0.6085806194501846 1 0 0 0.7717711018393729 0.6359004374630043 1.763243302091024
cell 4.890127443617809 6.243889784572445 0.0 1.6431676725154984 0.6085806194501846 1 0 0 0.7007014098755082 -0.7134546476115178 4.730425026616927
cell 10.805963020118584 55.346497135072234 0.0 1.6431676725154984 0.6085806194501846 1 0 0 0.8029634293781314 -0.5960282972152503 4.418683990904486
cell 41.40885873091898 23.658218396474044 0.0 1.6431676725154984 0.6085806194501846 1 0 0 0.986182651134373 0.1656616388956102 2.80873488831295
cell 19.24395822294542 57.20611693936764 0.0 1.6431676725154984 0.6085806194501846 1 0 0 0.9952567162095858 -0.09728344586676624 3.3364677588415876
cell 6.515601173252681 33.172083156988315 0.0 1.6431676725154984 0.6085806194501846 1 0 0 0.9939660380492943 -0.10968826375045237 3.3614114853538144
cell 50.91327929384637 45.86773807619149 0.0 1.6431676725154984 0.6085806194501846 1 0 0 0.2235044908637851 -0.9747028996385104 5.832368422157173
cell 26.149410053140866 42.95254965725239 0.0 1.0 1.0 1 0 0 0.0 1.0 0
cell 17.875046514336507 12.860991447158677 0.0 1.0 1.0 1 0 0 0.0 1.0 0
cell 10.23068040897069 19.968004359680705 0.0 1.0 1.0 1 0 0 0.0 1.0 0
cell 6.684863290537 42.737917772274216 0.0 1.6431676725154984 0.6085806194501846 1 0 0 0.8957706633471041 0.4445164999037595 2.220323794180926
cell 19.822224019696904 18.34644021543317 0.0 1.0 1.0 1 0 0 0.0 1.0 0
cell 37.19921341136601 43.8610907467842 0.0 1.0 1.0 1 0 0 0.0 1.0 0
cell 39.452155043685785 19.911979011126988 0.0 1.6431676725154984 0.6085806194501846 1 0 0 0.9293516531521994 0.36919575401577165 2.3853056778776884
cell 26.71597163517135 1.0932650727849136 0.0 1.0 1.0 1 0 0 0.0 1.0 0
cell 28.46157864481028 12.838678162115029 0.0 1.6431676725154984 0.6085806194501846 1 0 0 0.8927223113902553 0.4506072289101009 2.2067018106522003
cell 3.3509885385425817 24.84803398388967 0.0 1.0 1.0 1 0 0 0.0 1.0 0
cell 9.27898832791396 56.00788271574778 0.0 1.0 1.0 1 0 0 0.0 1.0 0
cell 38.28068990827438 56.4442512063495 0.0 1.6431676725154984 0.6085806194501846 1 0 0 0.8761750898055 -0.48199295845927465 4.147448463868849
cell 48.8674334311717 23.28502408487782 0.0 1.0 1.0 1 0 0 0.0 1.0 0
cell 0.5787261343416864 51.900043811320295 0.0 1.0 1.0 1 0 0 0.0 1.0 0
cell 3.000927884241517 50.075473381897375 0.0 1.0 1.0 1 0 0 0.0 1.0 0
cell 49.71555330284226 44.864960476566 0.0 1.6431676725154984 0.6085806194501846 1 0 0 0.014691621966147992 0.9998920722978074 0.029384301066600612
cell 14.51591416558587 10.721358131049946 0.0 1.6431676725154984 0.6085806194501846 1 0 0 0.6160083324156527 -0.7877396361707889 4.955854588280507
cell 46.16415614416411 47.866446361075845 0.0 1.6431676725154984 0.6085806194501846 1 0 0 -0.5936482009696806 -0.8047246817921404 1.2711695556203493
cell 54.08114644987794 2.751278172556465 0.0 1.6431676725154984 0.6085806194501846 1 0 0 0.9956517501401964 0.09315359597333912 2.955014954350856
cell 26.653570421292912 23.334147560564613 0.0 1.0 1.0 1 0 0 0.0 1.0 0
cell 14.664669980559413 18.343310062279553 0.0 1.0 1.0 1 0 0 0.0 1.0 0
cell 56.32752623607629 38.7734379747682 0.0 1.6431676725154984 0.6085806194501846 1 0 0 0.7730231448598374 0.6343778192142336 1.7671858795804265
cell 5.051424826156956 3.6647649241052553 0.0 1.6431676725154984 0.6085806194501846 1 0 0 0.9082863317815946 -0.4183490641781516 4.004846492587611
cell 16.036307716725958 15.15816011430266 0.0 1.0 1.0 1 0 0 0.0 1.0 0
cell 9.85221954016174 49.03543799778144 0.0 1.6431676725154984 0.6085806194501846 1 0 0 0.8963951061380028 -0.4432559234706725 4.060047987047741
cell 32.13980645888186 27.657729747475553 0.0 1.6431676725154984 0.6085806194501846 1 0 0 0.5504841871301143 0.8348455903457221 1.165888198243534
cell 31.80649703399734 22.424572474993948 0.0 1.6431676725154984 0.6085806194501846 1 0 0 0.6356362016003925 0.7719887429328391 1.37766469614664
cell 39.79700726141764 35.963115688755806 0.0 1.6431676725154984 0.6085806194501846 1 0 0 0.29184144084287256 0.9564667131723696 0.5923030544700286
cell 26.76664692788462 20.246042483041805 0.0 1.0 1.0 1 0 0 0.0 1.0 0
cell 45.42844615608173 52.30513960063427 0.0 1.0 1.0 1 0 0 0.0 1.0 0
cell 8.282558933182393 6.613981881902791 0.0 1.6431676725154984 0.6085806194501846 1 0 0 0.9694298125956922 0.24536878051349803 2.645792485708469
cell 37.94947896925982 30.45935419805247 0.0 1.6431676725154984 0.6085806194501846 1 0 0 0.8589325262119376 0.5120887768885187 2.0663629312343668
cell 27.022900229943133 4.690719909005683 0.0 1.0 1.0 1 0 0 0.0 1.0 0
cell 23.105228684505082 32.21932731763579 0.0 1.0 1.0 1 0 0 0.0 1.0 0
cell 49.47085936551574 30.539101451345246 0.0 1.0 1.0 1 0 0 0.0 1.0 0
cell 7.377327888208508 5.296926020676569 0.0 1.0 1.0 1 0 0 0.0 1.0 0
cell 57.70390197103961 42.20888459593293 0.0 1.6431676725154984 0.6085806194501846 1 0 0 0.18633517687997847 0.982486234945359 0.37486133071832073
cell 20.634996808982827 45.016935880638194 0.0 1.0 1.0 1 0 0 0.0 1.0 0
cell 52.70244950840978 20.23746178363753 0.0 1.0 1.0 1 0 0 0.0 1.0 0
cell 24.588954912109685 18.592435397210686 0.0 1.0 1.0 1 0 0 0.0 1.0 0
cell 33.506275195140084 28.061003955108866 0.0 1.6431676725154984 0.6085806194501846 1 0 0 0.5611378809222461 0.8277223439016801 1.191519747499602
cell 3.957997321032465 17.763249585811106 0.0 1.0 1.0 1 0 0 0.0 1.0 0
cell 53.01075965304322 13.95762042110518 0.0 1.6431676725154984 0.6085806194501846 1 0 0 0.7432785424105247 0.6689820688120764 1.6759157999208694
cell 34.954203427392414 49.07192198103251 0.0 1.6431676725154984 0.6085806194501846 1 0 0 0.9942314987379889 -0.10725542838109571 3.356516933157421
cell 52.10344364361332 24.966291293960854 0.0 1.0 1.0 1 0 0 0.0 1.0 0
cell 1.1917068556768333 49.9447036019302 0.0 1.0 1.0 1 0 0 0.0 1.0 0
cell 31.340066941504197 47.97836312221412 0.0 1.6431676725154984 0.6085806194501846 1 0 0 0.7139411130963415 -0.7002057462137519 4.692963932852385
cell 20.012578820941705 6.06041753056909 0.0 1.0 1.0 1 0 0 0.0 1.0 0
cell 28.282266633178367 45.34633921060874 0.0 1.0 1.0 1 0 0 0.0 1.0 0
cell 23.273443785968507 33.67791967856929 0.0 1.6431676725154984 0.6085806194501846 1 0 0 0.12081261968846023 -0.9926753300671934 6.040968392199144
cell 50.18700818922598 17.200357641436355 0.0 1.0 1.0 1 0 0 0.0 1.0 0
cell 7.276113938832862 48.96766720530023 0.0 1.6431676725154984 0.6085806194501846 1 0 0 0.8909766523022143 0.4540491218495406 2.198983269042782
cell 32.27393585679396 17.044280563572237 0.0 1.6431676725154984 0.6085806194501846 1 0 0 0.5833730086125877 0.8122043664142035 1.245750866884034
cell 23.27426643777933 0.7877103046542211 0.0 1.6431676725154984 0.6085806194501846 1 0 0 0.9071479190641898 -0.42081189733360685 4.0102729224204845
cell 29.543938235668588 42.026217190599354 0.0 1.0 1.0 1 0 0 0.0 1.0 0
cell 33.87664433758005 41.933865866214475 0.0 1.0 1.0 1 0 0 0.0 1.0 0
cell 47.5109533338031 30.3321004337186 0.0 1.0 1.0 1 0 0 0.0 1.0 0
cell 30.87711461436181 57.42529244656572 0.0 1.0 1.0 1 0 0 0.0 1.0 0
cell 27.45783835317276 54.014975228583374 0.0 1.0 1.0 1 0 0 0.0 1.0 0
cell 8.765716317976132 11.609190436776164 0.0 1.6431676725154984 0.6085806194501846 1 0 0 0.9803087740309776 0.1974707764654852 2.744038214189384
cell 40.96077107490359 46.910595825803306 0.0 1.0 1.0 1 0 0 0.0 1.0 0
cell 18.38927783766938 31.345817113324568 0.0 1.0 1.0 1 0 0 0.0 1.0 0
cell 30.94752507875877 5.302129370336339 0.0 1.0 1.0 1 0 0 0.0 1.0 0
cell 11.527707652450367 54.41184467535494 0.0 1.6431676725154984 0.6085806194501846 1 0 0 0.8098172169338832 -0.5866822608170968 4.395504318448376
cell 18.624477568483517 47.71385681251876 0.0 1.0 1.0 1 0 0 0.0 1.0 0
cell 14.22122860606928 51.12275609199009 0.0 1.0 1.0 1 0 0 0.0 1.0 0
cell 37.78958988186947 58.17248550130375 0.0 1.0 1.0 1 0 0 0.0 1.0 0
cell 5.436647597317131 31.915301617792693 0.0 1.6431676725154984 0.6085806194501846 1 0 0 0.9975123003964391 0.07049262768406567 3.000490372108424
cell 6.876056131723122 3.4907070342352275 0.0 1.0 1.0 1 0 0 0.0 1.0 0
cell 36.73769160340323 17.79829273835757 0.0 1.0 1.0 1 0 0 0.0 1.0 0
cell 44.97451351689821 50.74797798898616 0.0 1.6431676725154984 0.6085806194501846 1 0 0 0.8878587326625937 0.4601161492870826 2.1853406263031787
cell 20.45704847283344 29.65464507287448 0.0 1.0 1.0 1 0 0 0.0 1.0 0
cell 21.691214215750474 2.2758999796661232 0.0 1.6431676725154984 0.6085806194501846 1 0 0 0.8592222845237253 -0.5116024489560526 4.215690166166591
cell 9.26508703527213 15.751577454813297 0.0 1.0 1.0 1 0 0 0.0 1.0 0
cell 48.38498529561461 37.02843156279442 0.0 1.6431676725154984 0.6085806194501846 1 0 0 -0.4318328470694004 0.901953653017679 5.390137554348873
cell 27.828580593195895 35.2773788842158 0.0 1.0 1.0 1 0 0 0.0 1.0 0
cell 16.205477808566123 53.74222443876681 0.0 1.0 1.0 1 0 0 0.0 1.0 0
cell 38.30402573481224 36.84017705945338 0.0 1.6431676725154984 0.6085806194501846 1 0 0 0.6394987043239394 0.7687921742369668 1.3876920649685507
cell 49.505653160460916 0.761265610416417 0.0 1.6431676725154984 0.6085806194501846 1 0 0 0.9792537902807051 -0.20263764265524017 3.549694047315268
cell 23.306722787932596 41.868206890497895 0.0 1.0 1.0 1 0 0 0.0 1.0 0
cell 9.214779300899416 58.767442665639024 0.0 1.0 1.0 1 0 0 0.0 1.0 0
cell 39.685757166899535 37.53373972814902 0.0 1.0 1.0 1 0 0 0.0 1.0 0
cell 33.43438914975131 16.044237044986666 0.0 1.6431676725154984 0.6085806194501846 1 0 0 0.7261814341353454 0.6875031088781585 1.6255025604918216
cell 59.360118216851276 57.971900326542674 0.0 1.0 1.0 1 0 0 0.0 1.0 0
cell 29.553744051608575 50.98168480581878 0.0 1.0 1.0 1 0 0 0.0 1.0 0
cell 40.09116239615616 27.98791167056399 0.0 1.0 1.0 1 0 0 0.0 1.0 0
cell 23.504476121693514 2.643243875205491 0.0 1.6431676725154984 0.6085806194501846 1 0 0 0.9418346891146301 -0.3360765067367073 3.827088626407493
cell 19.64747174243262 53.70643460146795 0.0 1.0 1.0 1 0 0 0.0 1.0 0
cell 2.572016269640388 21.57679384068677 0.0 1.0 1.0 1 0 0 0.0 1.0 0
cell 12.226292598136485 24.06570967574586 0.0 1.0 1.0 1 0 0 0.0 1.0 0
cell 10.998060335934872 16.64691211643103 0.0 1.0 1.0 1 0 0 0.0 1.0 0
cell 55.2770910523993 43.37850872335785 0.0 1.6431676725154984 0.6085806194501846 1 0 0 0.40822215341565515 -0.9128826175695784 5.442173899648615
cell 43.60837682759149 36.34705331751208 0.0 1.6431676725154984 0.6085806194501846 1 0 0 0.45691764054896994 0.8895090048758149 0.9490537301243489
cell 1.2336804239504666 56.3294115740972 0.0 1.6431676725154984 0.6085806194501846 1 0 0 -0.6850160281001163 -0.7285279961991444 1.509251398571224
cell 25.393962372060482 2.4639628294358134 0.0 1.0 1.0 1 0 0 0.0 1.0 0
cell 27.28988134817745 32.26445056233202 0.0 1.6431676725154984 0.6085806194501846 1 0 0 -0.8404483414837075 0.541891673028185 4.2869651952208585
cell 2.2519358494491923 40.70332513993483 0.0 1.6431676725154984 0.6085806194501846 1 0 0 0.6861978059816786 0.7274149923296402 1.51249816752121
cell 10.602381028797788 48.42963849317129 0.0 1.6431676725154984 0.6085806194501846 1 0 0 0.8773780249937334 -0.47979975120678814 4.142445578948255
cell 33.216757380738564 39.447417985174404 0.0 1.0 1.0 1 0 0 0.0 1.0 0
cell 17.441704439326866 1.7031386166007771 0.0 1.6431676725154984 0.6085806194501846 1 0 0 0.16116472091858378 -0.9869275215187967 5.959443931353792
cell 15.122390376039588 20.334699934830372 0.0 1.0 1.0 1 0 0 0.0 1.0 0
cell 42.391331660945205 29.470982452651374 0.0 1.6431676725154984 0.6085806194501846 1 0 0 0.4461122994155995 -0.8949769920562911 5.358351905140484
cell 46.11638712468327 34.88720902237662 0.0 1.0 1.0 1 0 0 0.0 1.0 0
cell 20.116374044762875 38.17379283343719 0.0 1.0 1.0 1 0 0 0.0 1.0 0
cell 1.3447696134949898 12.76927767590835 0.0 1.0 1.0 1 0 0 0.0 1.0 0
cell 57.321893789830696 2.1483373144308158 0.0 1.6431676725154984 0.6085806194501846 1 0 0 0.7391860313721771 0.6735013073664006 1.6637219852826297
cell 53.67766016154179 22.00582013699768 0.0 1.0 1.0 1 0 0 0.0 1.0 0
cell 4.119643499889679 12.385862085438054 0.0 1.0 1.0 1 0 0 0.0 1.0 0
cell 21.169866203441842 52.60153672565872 0.0 1.0 1.0 1 0 0 0.0 1.0 0
cell 15.371344095778294 54.70560886090683 0.0 1.6431676725154984 0.6085806194501846 1 0 0 0.9816607359295794 -0.1906363017218826 3.525213243224347
cell 53.44969885110214 16.31247499548869 0.0 1.6431676725154984 0.6085806194501846 1 0 0 0.7832952084462225 0.6216499146828453 1.7998980062601917
cell 0.14518649377298634 31.697845162486754 0.0 1.0 1.0 1 0 0 0.0 1.0 0
cell 40.341298092411094 17.84558349081526 0.0 1.6431676725154984 0.6085806194501846 1 0 0 0.9516076213892338 0.30731569259301506 2.5168507947495846
cell 34.43557870670043 37.109335905289086 0.0 1.6431676725154984 0.6085806194501846 1 0 0 0.9618665675370975 -0.2735191149707863 3.695692192671874
cell 14.021700823010486 55.114996384576564 0.0 1.6431676725154984 0.6085806194501846 1 0 0 0.91051923814716 -0.41346670599204893 3.9941090140145197
cell 57.613764589387706 32.985088389057154 0.0 1.0 1.0 1 0 0 0.0 1.0 0
cell 2.3308429556804384 51.64052976571023 0.0 1.0 1.0 1 0 0 0.0 1.0 0
cell 49.61407839113898 18.650883694532244 0.0 1.0 1.0 1 0 0 0.0 1.0 0
cell 14.845596806950203 41.94158018298972 0.0 1.6431676725154984 0.6085806194501846 1 0 0 0.9240590164182458 -0.3822498321466527 3.926052257183441
cell 13.109512200916972 56.544400199929484 0.0 1.6431676725154984 0.6085806194501846 1 0 0 0.8490259483753633 -0.5283511512103622 4.25490733677846
cell 59.937656240875846 44.84146312428176 0.0 1.6431676725154984 0.6085806194501846 1 0 0 0.831654919372281 0.5552928012174161 1.964162662915834
cell 13.660848645399929 49.58976234193037 0.0 1.0 1.0 1 0 0 0.0 1.0 0
cell 6.684158882172675 54.05206818618185 0.0 1.0 1.0 1 0 0 0.0 1.0 0
cell 60.907842581521244 33.878946823022595 0.0 1.6431676725154984 0.6085806194501846 1 0 0 0.7100485130173053 -0.7041527598198516 4.704051102100339
cell 13.74293511073489 36.86808503325754 0.0 1.6431676725154984 0.6085806194501846 1 0 0 0.9873701644642183 -0.15843029484887844 3.459793984789743
cell 22.800786400447745 19.00527310626605 0.0 1.0 1.0 1 0 0 0.0 1.0 0
cell 2.529411025914172 6.320244699839936 0.0 1.6431676725154984 0.6085806194501846 1 0 0 0.5792324076898969 -0.815162448768198 5.047611843322396
cell 20.411384103649873 25.830192158610167 0.0 1.0 1.0 1 0 0 0.0 1.0 0
cell 34.93251034009412 24.362706937475753 0.0 1.6431676725154984 0.6085806194501846 1 0 0 0.7521285199518315 0.6590164561489095 1.7025719937848274
cell 21.23269538339893 39.78470582821773 0.0 1.0 1.0 1 0 0 0.0 1.0 0
cell 49.82390377479392 59.14207213240832 0.0 1.6431676725154984 0.6085806194501846 1 0 0 0.9995612602607655 0.029619030806394987 3.082345927092431
cell 3.448322703742799 56.10517350901827 0.0 1.6431676725154984 0.6085806194501846 1 0 0 0.8256570895068209 0.5641722879999738 1.9427318115790255
cell 32.0521031060837 19.617378501266504 0.0 1.6431676725154984 0.6085806194501846 1 0 0 -0.6656809186079611 -0.7462365004482567 1.4568118346411714
cell 23.997533311311734 28.839635547085763 0.0 1.6431676725154984 0.6085806194501846 1 0 0 0.8601260780333163 0.5100814933782889 2.0710335866570575
cell 13.100678161572093 53.20430179292031 0.0 1.6431676725154984 0.6085806194501846 1 0 0 0.9647922602930382 -0.26301310704725434 3.67388053895904
cell 7.750691677489669 40.023087378831555 0.0 1.6431676725154984 0.6085806194501846 1 0 0 0.8594221713197103 0.5112665952750233 2.068276812115735
cell 48.143177552448826 25.11738499913531 0.0 1.0 1.0 1 0 0 0.0 1.0 0
cell 47.74538796048478 28.385422831686807 0.0 1.0 1.0 1 0 0 0.0 1.0 0
cell 31.803482065912487 45.52014541555626 0.0 1.6431676725154984 0.6085806194501846 1 0 0 0.8409125513194524 -0.5411710275258732 4.285250761487404
cell 30.805573225289763 45.961903448696106 0.0 1.6431676725154984 0.6085806194501846 1 0 0 0.684316105246166 -0.7291854826453406 4.775854513199924
cell 32.70299572856794 59.95255595997442 0.0 1.0 1.0 1 0 0 0.0 1.0 0
cell 4.6796363206886475 25.99392283370679 0.0 1.0 1.0 1 0 0 0.0 1.0 0
cell 19.49175595970983 15.322329380195725 0.0 1.6431676725154984 0.6085806194501846 1 0 0 -0.7131625909424033 -0.7009986582585721 1.5879989374826042
cell 40.682822908145695 5.573433206553972 0.0 1.6431676725154984 0.6085806194501846 1 0 0 0.9189328875318965 -0.39441393004341363 3.952452636354726
cell 19.805225338987267 55.489757553189406 0.0 1.0 1.0 1 0 0 0.0 1.0 0
cell 40.89098767626366 60.32634043383203 0.0 1.6431676725154984 0.6085806194501846 1 0 0 0.7898543516856994 -0.6132944668942999 4.462042355281105
cell 42.146937676208374 36.52781741535778 0.0 1.6431676725154984 0.6085806194501846 1 0 0 -0.308885997912928 -0.9510990696522286 0.6280430612184498
cell 50.49347012695381 13.228843073040625 0.0 1.6431676725154984 0.6085806194501846 1 0 0 0.7268578952439222 0.6867878858290786 1.6274714624392248
cell 1.6704891227796417 25.607019869936043 0.0 1.0 1.0 1 0 0 0.0 1.0 0
cell 45.21124757789274 38.54925943555231 0.0 1.6431676725154984 0.6085806194501846 1 0 0 0.5099075873905087 -0.8602291859275589 5.213030589257386
cell 54.67545176529728 50.87214563053423 0.0 1.6431676725154984 0.6085806194501846 1 0 0 0.5745086515192196 -0.8184985090576329 5.059177873552164
cell 4.036986695581132 28.81461894132561 0.0 1.0 1.0 1 0 0 0.0 1.0 0
cell 57.410318544587675 19.100387629928157 0.0 1.0 1.0 1 0 0 0.0 1.0 0
cell 4.63280067932041 10.629793042050188 0.0 1.6431676725154984 0.6085806194501846 1 0 0 0.9027530687661113 -0.43015915291130175 4.030930787216324
cell 12.870396978563104 3.7641787820452213 0.0 1.6431676725154984 0.6085806194501846 1 0 0 0.7742809119352807 0.6328420572407227 1.7711560403576958
cell 10.638329980995717 12.541472284858491 0.0 1.0 1.0 1 0 0 0.0 1.0 0
cell 47.56744389235682 32.62690602989526 0.0 1.6431676725154984 0.6085806194501846 1 0 0 0.06941308703546269 -0.9975880028088786 6.144247409196152
cell 33.83439965405208 30.492267355155644 0.0 1.6431676725154984 0.6085806194501846 1 0 0 0.47137876910398896 0.8819308680605347 0.981706957697419
cell 34.004036960284765 56.92955058808293 0.0 1.0 1.0 1 0 0 0.0 1.0 0
cell 56.64755352420253 59.37630870246828 0.0 1.6431676725154984 0.6085806194501846 1 0 0 0.9246968828831581 -0.3807041827799781 3.9227080644598167
cell 40.75660725363886 50.19941765206686 0.0 1.6431676725154984 0.6085806194501846 1 0 0 0.9990574359947874 -0.04340782859717022 3.2284355975100585
cell 29.614088054479573 47.09081507646115 0.0 1.0 1.0 1 0 0 0.0 1.0 0
cell 53.03922495261166 30.13703608737157 0.0 1.0 1.0 1 0 0 0.0 1.0 0
cell 59.497561159183505 32.58649407923393 0.0 1.0 1.0 1 0 0 0.0 1.0 0
cell 41.47470325098512 48.83643798012494 0.0 1.0 1.0 1 0 0 0.0 1.0 0
cell 29.481860480253918 56.619514370798164 0.0 1.0 1.0 1 0 0 0.0 1.0 0
cell 44.290540074412725 28.80692841216731 0.0 1.0 1.0 1 0 0 0.0 1.0 0
cell 0.06904007900347317 18.733926060041618 0.0 1.0 1.0 1 0 0 0.0 1.0 0
cell 35.943908647827676 8.731814023819538 0.0 1.6431676725154984 0.6085806194501846 1 0 0 0.4188614907311341 0.9080501371523998 0.8643823227301041
cell 21.412228096158227 54.587955209573316 0.0 1.0 1.0 1 0 0 0.0 1.0 0
cell 56.819553674426764 8.787158166517855 0.0 1.6431676725154984 0.6085806194501846 1 0 0 0.8594952690893185 0.5111437003554675 2.0685627942495066
cell 39.57232283327393 59.27225961067891 0.0 1.6431676725154984 0.6085806194501846 1 0 0 0.792944678535976 -0.6092936375685188 4.451931606591768
cell 15.880226900825411 13.148572290293961 0.0 1.0 1.0 1 0 0 0.0 1.0 0
cell 13.079791131821487 37.973329677411606 0.0 1.6431676725154984 0.6085806194501846 1 0 0 0.9352246576163015 -0.35405485420549115 3.865399184401799
cell 33.91961660559293 12.68713576072979 0.0 1.6431676725154984 0.6085806194501846 1 0 0 0.833692143989045 0.5522294894796451 1.9715204283935877
cell 0.3368352597734035 22.41312771403648 0.0 1.0 1.0 1 0 0 0.0 1.0 0
cell 21.19196547743463 7.248652907685127 0.0 1.0 1.0 1 0 0 0.0 1.0 0
cell 55.66672984079554 33.59256205220253 0.0 1.0 1.0 1 0 0 0.0 1.0 0
cell 37.94088308983384 51.786932049618486 0.0 1.6431676725154984 0.6085806194501846 1 0 0 0.965302029663146 -0.26113596368216063 3.66999027767386
cell 25.735614495942244 60.02206310323668 0.0 1.0 1.0 1 0 0 0.0 1.0 0
cell 54.97218003758148 14.681013840903287 0.0 1.0 1.0 1 0 0 0.0 1.0 0
cell 6.36416813451584 38.92408435352235 0.0 1.6431676725154984 0.6085806194501846 1 0 0 0.6121561037456312 0.7907369377023993 1.3175688482803494
cell 57.7623946149693 52.63928399912534 0.0 1.6431676725154984 0.6085806194501846 1 0 0 -0.5727883644749588 -0.8197032935898828 1.2198070075037384
cell 35.32929797879903 36.62437813657744 0.0 1.6431676725154984 0.6085806194501846 1 0 0 0.27640241572426666 0.9610419889795605 0.5600973252645359
cell 59.368731959257865 30.685077319320932 0.0 1.0 1.0 1 0 0 0.0 1.0 0
cell 47.92910535494347 33.930481443048386 0.0 1.0 1.0 1 0 0 0.0 1.0 0
cell 24.267152280377623 43.47275596380061 0.0 1.0 1.0 1 0 0 0.0 1.0 0
cell 24.812161776227576 39.721863124797956 0.0 1.0 1.0 1 0 0 0.0 1.0 0
cell 2.6480633525642414 16.28679421477414 0.0 1.0 1.0 1 0 0 0.0 1.0 0
